<?xml version="1.0" encoding="UTF-8"?>
<gpx xmlns="http://www.topografix.com/GPX/1/1" xmlns:xsi="http://www.w3.org/2001/XMLSchema-instance" version="1.1" creator="Trace de Trail" xsi:schemaLocation="http://www.topografix.com/GPX/1/1 http://www.topografix.com/GPX/1/1/gpx.xsd">
  <metadata>
    <name>Trail des Hauts Forts 2026 - Trail du Fornet</name>
    <desc>Parcours créé sur Trace de Trail</desc>
    <link href="https://tracedetrail.fr/fr/trace/323537">
      <text>Cartographie du parcours</text>
    </link>
    <time>2026-07-02T18:15:08+00:00</time>
  </metadata>
  <trk>
    <name>Trail des Hauts Forts 2026 - Trail du Fornet sur TraceDeTrail.fr</name>
    <src>Trace de Trail</src>
    <trkseg>
      <trkpt lat="46.18129" lon="6.70354">
        <ele>972</ele>
        <time>2026-07-02T18:15:08+00:00</time>
      </trkpt>
      <trkpt lat="46.18127" lon="6.70354">
        <ele>972</ele>
        <time>2026-07-02T18:15:11+00:00</time>
      </trkpt>
      <trkpt lat="46.18127" lon="6.70354">
        <ele>972</ele>
        <time>2026-07-02T18:15:14+00:00</time>
      </trkpt>
      <trkpt lat="46.18127" lon="6.70344">
        <ele>972</ele>
        <time>2026-07-02T18:15:17+00:00</time>
      </trkpt>
      <trkpt lat="46.18124" lon="6.70342">
        <ele>972</ele>
        <time>2026-07-02T18:15:20+00:00</time>
      </trkpt>
      <trkpt lat="46.18121" lon="6.70337">
        <ele>972</ele>
        <time>2026-07-02T18:15:23+00:00</time>
      </trkpt>
      <trkpt lat="46.1812" lon="6.70336">
        <ele>972</ele>
        <time>2026-07-02T18:15:26+00:00</time>
      </trkpt>
      <trkpt lat="46.18108" lon="6.70319">
        <ele>973</ele>
        <time>2026-07-02T18:15:29+00:00</time>
      </trkpt>
      <trkpt lat="46.18089" lon="6.70288">
        <ele>974</ele>
        <time>2026-07-02T18:15:32+00:00</time>
      </trkpt>
      <trkpt lat="46.18085" lon="6.70281">
        <ele>974</ele>
        <time>2026-07-02T18:15:35+00:00</time>
      </trkpt>
      <trkpt lat="46.18069" lon="6.70254">
        <ele>976</ele>
        <time>2026-07-02T18:15:38+00:00</time>
      </trkpt>
      <trkpt lat="46.18055" lon="6.70232">
        <ele>977</ele>
        <time>2026-07-02T18:15:41+00:00</time>
      </trkpt>
      <trkpt lat="46.18046" lon="6.7022">
        <ele>978</ele>
        <time>2026-07-02T18:15:44+00:00</time>
      </trkpt>
      <trkpt lat="46.18032" lon="6.70206">
        <ele>979</ele>
        <time>2026-07-02T18:15:47+00:00</time>
      </trkpt>
      <trkpt lat="46.18019" lon="6.70193">
        <ele>981</ele>
        <time>2026-07-02T18:15:50+00:00</time>
      </trkpt>
      <trkpt lat="46.18018" lon="6.70191">
        <ele>981</ele>
        <time>2026-07-02T18:15:53+00:00</time>
      </trkpt>
      <trkpt lat="46.18014" lon="6.70188">
        <ele>981</ele>
        <time>2026-07-02T18:15:56+00:00</time>
      </trkpt>
      <trkpt lat="46.18011" lon="6.70188">
        <ele>981</ele>
        <time>2026-07-02T18:15:59+00:00</time>
      </trkpt>
      <trkpt lat="46.18009" lon="6.70189">
        <ele>983</ele>
        <time>2026-07-02T18:16:02+00:00</time>
      </trkpt>
      <trkpt lat="46.18001" lon="6.70175">
        <ele>983</ele>
        <time>2026-07-02T18:16:05+00:00</time>
      </trkpt>
      <trkpt lat="46.17996" lon="6.70169">
        <ele>984</ele>
        <time>2026-07-02T18:16:08+00:00</time>
      </trkpt>
      <trkpt lat="46.17995" lon="6.70166">
        <ele>984</ele>
        <time>2026-07-02T18:16:11+00:00</time>
      </trkpt>
      <trkpt lat="46.17989" lon="6.70143">
        <ele>986</ele>
        <time>2026-07-02T18:16:14+00:00</time>
      </trkpt>
      <trkpt lat="46.17989" lon="6.70138">
        <ele>986</ele>
        <time>2026-07-02T18:16:17+00:00</time>
      </trkpt>
      <trkpt lat="46.17992" lon="6.7012">
        <ele>985</ele>
        <time>2026-07-02T18:16:20+00:00</time>
      </trkpt>
      <trkpt lat="46.17997" lon="6.70098">
        <ele>986</ele>
        <time>2026-07-02T18:16:23+00:00</time>
      </trkpt>
      <trkpt lat="46.17998" lon="6.70095">
        <ele>987</ele>
        <time>2026-07-02T18:16:26+00:00</time>
      </trkpt>
      <trkpt lat="46.18011" lon="6.70078">
        <ele>986</ele>
        <time>2026-07-02T18:16:29+00:00</time>
      </trkpt>
      <trkpt lat="46.18012" lon="6.70076">
        <ele>986</ele>
        <time>2026-07-02T18:16:32+00:00</time>
      </trkpt>
      <trkpt lat="46.18016" lon="6.70072">
        <ele>986</ele>
        <time>2026-07-02T18:16:35+00:00</time>
      </trkpt>
      <trkpt lat="46.18017" lon="6.7007">
        <ele>986</ele>
        <time>2026-07-02T18:16:38+00:00</time>
      </trkpt>
      <trkpt lat="46.18018" lon="6.7007">
        <ele>987</ele>
        <time>2026-07-02T18:16:41+00:00</time>
      </trkpt>
      <trkpt lat="46.1802" lon="6.70067">
        <ele>986</ele>
        <time>2026-07-02T18:16:44+00:00</time>
      </trkpt>
      <trkpt lat="46.18022" lon="6.70065">
        <ele>986</ele>
        <time>2026-07-02T18:16:47+00:00</time>
      </trkpt>
      <trkpt lat="46.18024" lon="6.70061">
        <ele>986</ele>
        <time>2026-07-02T18:16:50+00:00</time>
      </trkpt>
      <trkpt lat="46.18026" lon="6.70053">
        <ele>987</ele>
        <time>2026-07-02T18:16:53+00:00</time>
      </trkpt>
      <trkpt lat="46.18027" lon="6.7005">
        <ele>988</ele>
        <time>2026-07-02T18:16:56+00:00</time>
      </trkpt>
      <trkpt lat="46.18027" lon="6.7005">
        <ele>988</ele>
        <time>2026-07-02T18:16:59+00:00</time>
      </trkpt>
      <trkpt lat="46.18028" lon="6.70045">
        <ele>988</ele>
        <time>2026-07-02T18:17:02+00:00</time>
      </trkpt>
      <trkpt lat="46.18029" lon="6.70035">
        <ele>989</ele>
        <time>2026-07-02T18:17:05+00:00</time>
      </trkpt>
      <trkpt lat="46.18029" lon="6.70026">
        <ele>990</ele>
        <time>2026-07-02T18:17:08+00:00</time>
      </trkpt>
      <trkpt lat="46.18031" lon="6.70017">
        <ele>990</ele>
        <time>2026-07-02T18:17:11+00:00</time>
      </trkpt>
      <trkpt lat="46.18029" lon="6.70011">
        <ele>991</ele>
        <time>2026-07-02T18:17:14+00:00</time>
      </trkpt>
      <trkpt lat="46.18027" lon="6.6999">
        <ele>994</ele>
        <time>2026-07-02T18:17:17+00:00</time>
      </trkpt>
      <trkpt lat="46.18016" lon="6.69947">
        <ele>1002</ele>
        <time>2026-07-02T18:17:20+00:00</time>
      </trkpt>
      <trkpt lat="46.18014" lon="6.69935">
        <ele>1003</ele>
        <time>2026-07-02T18:17:23+00:00</time>
      </trkpt>
      <trkpt lat="46.18017" lon="6.69919">
        <ele>1007</ele>
        <time>2026-07-02T18:17:26+00:00</time>
      </trkpt>
      <trkpt lat="46.18019" lon="6.69913">
        <ele>1007</ele>
        <time>2026-07-02T18:17:29+00:00</time>
      </trkpt>
      <trkpt lat="46.1802" lon="6.69904">
        <ele>1008</ele>
        <time>2026-07-02T18:17:32+00:00</time>
      </trkpt>
      <trkpt lat="46.18024" lon="6.6989">
        <ele>1008</ele>
        <time>2026-07-02T18:17:35+00:00</time>
      </trkpt>
      <trkpt lat="46.18039" lon="6.69841">
        <ele>1014</ele>
        <time>2026-07-02T18:17:38+00:00</time>
      </trkpt>
      <trkpt lat="46.18044" lon="6.69833">
        <ele>1014</ele>
        <time>2026-07-02T18:17:41+00:00</time>
      </trkpt>
      <trkpt lat="46.18049" lon="6.69826">
        <ele>1017</ele>
        <time>2026-07-02T18:17:44+00:00</time>
      </trkpt>
      <trkpt lat="46.18049" lon="6.69825">
        <ele>1017</ele>
        <time>2026-07-02T18:17:47+00:00</time>
      </trkpt>
      <trkpt lat="46.1805" lon="6.69821">
        <ele>1017</ele>
        <time>2026-07-02T18:17:50+00:00</time>
      </trkpt>
      <trkpt lat="46.18061" lon="6.69803">
        <ele>1016</ele>
        <time>2026-07-02T18:17:53+00:00</time>
      </trkpt>
      <trkpt lat="46.18078" lon="6.69776">
        <ele>1017</ele>
        <time>2026-07-02T18:17:56+00:00</time>
      </trkpt>
      <trkpt lat="46.18093" lon="6.69759">
        <ele>1021</ele>
        <time>2026-07-02T18:17:59+00:00</time>
      </trkpt>
      <trkpt lat="46.18105" lon="6.69746">
        <ele>1021</ele>
        <time>2026-07-02T18:18:02+00:00</time>
      </trkpt>
      <trkpt lat="46.1812" lon="6.69723">
        <ele>1022</ele>
        <time>2026-07-02T18:18:05+00:00</time>
      </trkpt>
      <trkpt lat="46.18127" lon="6.69708">
        <ele>1027</ele>
        <time>2026-07-02T18:18:08+00:00</time>
      </trkpt>
      <trkpt lat="46.18134" lon="6.69693">
        <ele>1023</ele>
        <time>2026-07-02T18:18:11+00:00</time>
      </trkpt>
      <trkpt lat="46.18147" lon="6.69673">
        <ele>1026</ele>
        <time>2026-07-02T18:18:14+00:00</time>
      </trkpt>
      <trkpt lat="46.18165" lon="6.69644">
        <ele>1026</ele>
        <time>2026-07-02T18:18:17+00:00</time>
      </trkpt>
      <trkpt lat="46.18176" lon="6.69626">
        <ele>1029</ele>
        <time>2026-07-02T18:18:20+00:00</time>
      </trkpt>
      <trkpt lat="46.18182" lon="6.69613">
        <ele>1028</ele>
        <time>2026-07-02T18:18:23+00:00</time>
      </trkpt>
      <trkpt lat="46.18192" lon="6.69594">
        <ele>1028</ele>
        <time>2026-07-02T18:18:26+00:00</time>
      </trkpt>
      <trkpt lat="46.18206" lon="6.69568">
        <ele>1035</ele>
        <time>2026-07-02T18:18:29+00:00</time>
      </trkpt>
      <trkpt lat="46.18218" lon="6.69546">
        <ele>1034</ele>
        <time>2026-07-02T18:18:32+00:00</time>
      </trkpt>
      <trkpt lat="46.18227" lon="6.69532">
        <ele>1034</ele>
        <time>2026-07-02T18:18:35+00:00</time>
      </trkpt>
      <trkpt lat="46.18234" lon="6.69524">
        <ele>1034</ele>
        <time>2026-07-02T18:18:38+00:00</time>
      </trkpt>
      <trkpt lat="46.18242" lon="6.69515">
        <ele>1033</ele>
        <time>2026-07-02T18:18:41+00:00</time>
      </trkpt>
      <trkpt lat="46.18247" lon="6.69509">
        <ele>1039</ele>
        <time>2026-07-02T18:18:44+00:00</time>
      </trkpt>
      <trkpt lat="46.18251" lon="6.69501">
        <ele>1034</ele>
        <time>2026-07-02T18:18:47+00:00</time>
      </trkpt>
      <trkpt lat="46.18255" lon="6.69489">
        <ele>1037</ele>
        <time>2026-07-02T18:18:50+00:00</time>
      </trkpt>
      <trkpt lat="46.1826" lon="6.69474">
        <ele>1038</ele>
        <time>2026-07-02T18:18:53+00:00</time>
      </trkpt>
      <trkpt lat="46.18263" lon="6.69466">
        <ele>1037</ele>
        <time>2026-07-02T18:18:56+00:00</time>
      </trkpt>
      <trkpt lat="46.18269" lon="6.69457">
        <ele>1040</ele>
        <time>2026-07-02T18:18:59+00:00</time>
      </trkpt>
      <trkpt lat="46.18275" lon="6.69451">
        <ele>1038</ele>
        <time>2026-07-02T18:19:02+00:00</time>
      </trkpt>
      <trkpt lat="46.18285" lon="6.69446">
        <ele>1040</ele>
        <time>2026-07-02T18:19:05+00:00</time>
      </trkpt>
      <trkpt lat="46.18292" lon="6.69441">
        <ele>1039</ele>
        <time>2026-07-02T18:19:08+00:00</time>
      </trkpt>
      <trkpt lat="46.18301" lon="6.69431">
        <ele>1040</ele>
        <time>2026-07-02T18:19:11+00:00</time>
      </trkpt>
      <trkpt lat="46.18313" lon="6.69412">
        <ele>1042</ele>
        <time>2026-07-02T18:19:14+00:00</time>
      </trkpt>
      <trkpt lat="46.18319" lon="6.69402">
        <ele>1045</ele>
        <time>2026-07-02T18:19:17+00:00</time>
      </trkpt>
      <trkpt lat="46.18325" lon="6.69392">
        <ele>1044</ele>
        <time>2026-07-02T18:19:20+00:00</time>
      </trkpt>
      <trkpt lat="46.18328" lon="6.69383">
        <ele>1047</ele>
        <time>2026-07-02T18:19:23+00:00</time>
      </trkpt>
      <trkpt lat="46.1833" lon="6.69378">
        <ele>1047</ele>
        <time>2026-07-02T18:19:26+00:00</time>
      </trkpt>
      <trkpt lat="46.18332" lon="6.69375">
        <ele>1047</ele>
        <time>2026-07-02T18:19:29+00:00</time>
      </trkpt>
      <trkpt lat="46.18336" lon="6.69372">
        <ele>1047</ele>
        <time>2026-07-02T18:19:32+00:00</time>
      </trkpt>
      <trkpt lat="46.18341" lon="6.69368">
        <ele>1048</ele>
        <time>2026-07-02T18:19:35+00:00</time>
      </trkpt>
      <trkpt lat="46.18344" lon="6.69366">
        <ele>1048</ele>
        <time>2026-07-02T18:19:38+00:00</time>
      </trkpt>
      <trkpt lat="46.1835" lon="6.6936">
        <ele>1048</ele>
        <time>2026-07-02T18:19:41+00:00</time>
      </trkpt>
      <trkpt lat="46.18354" lon="6.69356">
        <ele>1053</ele>
        <time>2026-07-02T18:19:44+00:00</time>
      </trkpt>
      <trkpt lat="46.18364" lon="6.6935">
        <ele>1056</ele>
        <time>2026-07-02T18:19:47+00:00</time>
      </trkpt>
      <trkpt lat="46.18379" lon="6.69341">
        <ele>1053</ele>
        <time>2026-07-02T18:19:50+00:00</time>
      </trkpt>
      <trkpt lat="46.18389" lon="6.69332">
        <ele>1055</ele>
        <time>2026-07-02T18:19:53+00:00</time>
      </trkpt>
      <trkpt lat="46.18403" lon="6.69319">
        <ele>1060</ele>
        <time>2026-07-02T18:19:56+00:00</time>
      </trkpt>
      <trkpt lat="46.1841" lon="6.69313">
        <ele>1060</ele>
        <time>2026-07-02T18:19:59+00:00</time>
      </trkpt>
      <trkpt lat="46.18413" lon="6.6931">
        <ele>1059</ele>
        <time>2026-07-02T18:20:02+00:00</time>
      </trkpt>
      <trkpt lat="46.18419" lon="6.69307">
        <ele>1063</ele>
        <time>2026-07-02T18:20:05+00:00</time>
      </trkpt>
      <trkpt lat="46.18426" lon="6.69302">
        <ele>1061</ele>
        <time>2026-07-02T18:20:08+00:00</time>
      </trkpt>
      <trkpt lat="46.18433" lon="6.69296">
        <ele>1065</ele>
        <time>2026-07-02T18:20:11+00:00</time>
      </trkpt>
      <trkpt lat="46.18442" lon="6.69291">
        <ele>1064</ele>
        <time>2026-07-02T18:20:14+00:00</time>
      </trkpt>
      <trkpt lat="46.1845" lon="6.69286">
        <ele>1067</ele>
        <time>2026-07-02T18:20:17+00:00</time>
      </trkpt>
      <trkpt lat="46.18459" lon="6.69278">
        <ele>1070</ele>
        <time>2026-07-02T18:20:20+00:00</time>
      </trkpt>
      <trkpt lat="46.18468" lon="6.69269">
        <ele>1073</ele>
        <time>2026-07-02T18:20:23+00:00</time>
      </trkpt>
      <trkpt lat="46.18476" lon="6.69261">
        <ele>1070</ele>
        <time>2026-07-02T18:20:26+00:00</time>
      </trkpt>
      <trkpt lat="46.18478" lon="6.69259">
        <ele>1073</ele>
        <time>2026-07-02T18:20:29+00:00</time>
      </trkpt>
      <trkpt lat="46.1849" lon="6.69238">
        <ele>1075</ele>
        <time>2026-07-02T18:20:32+00:00</time>
      </trkpt>
      <trkpt lat="46.18504" lon="6.69214">
        <ele>1077</ele>
        <time>2026-07-02T18:20:35+00:00</time>
      </trkpt>
      <trkpt lat="46.18524" lon="6.69183">
        <ele>1081</ele>
        <time>2026-07-02T18:20:38+00:00</time>
      </trkpt>
      <trkpt lat="46.18543" lon="6.69147">
        <ele>1084</ele>
        <time>2026-07-02T18:20:41+00:00</time>
      </trkpt>
      <trkpt lat="46.18552" lon="6.69122">
        <ele>1088</ele>
        <time>2026-07-02T18:20:44+00:00</time>
      </trkpt>
      <trkpt lat="46.18554" lon="6.69108">
        <ele>1091</ele>
        <time>2026-07-02T18:20:47+00:00</time>
      </trkpt>
      <trkpt lat="46.18554" lon="6.69088">
        <ele>1094</ele>
        <time>2026-07-02T18:20:50+00:00</time>
      </trkpt>
      <trkpt lat="46.18557" lon="6.69077">
        <ele>1095</ele>
        <time>2026-07-02T18:20:53+00:00</time>
      </trkpt>
      <trkpt lat="46.18562" lon="6.69059">
        <ele>1098</ele>
        <time>2026-07-02T18:20:56+00:00</time>
      </trkpt>
      <trkpt lat="46.18564" lon="6.69028">
        <ele>1104</ele>
        <time>2026-07-02T18:20:59+00:00</time>
      </trkpt>
      <trkpt lat="46.18563" lon="6.69012">
        <ele>1106</ele>
        <time>2026-07-02T18:21:02+00:00</time>
      </trkpt>
      <trkpt lat="46.18553" lon="6.68986">
        <ele>1112</ele>
        <time>2026-07-02T18:21:05+00:00</time>
      </trkpt>
      <trkpt lat="46.18533" lon="6.68953">
        <ele>1119</ele>
        <time>2026-07-02T18:21:08+00:00</time>
      </trkpt>
      <trkpt lat="46.18521" lon="6.68944">
        <ele>1122</ele>
        <time>2026-07-02T18:21:11+00:00</time>
      </trkpt>
      <trkpt lat="46.18513" lon="6.68938">
        <ele>1125</ele>
        <time>2026-07-02T18:21:14+00:00</time>
      </trkpt>
      <trkpt lat="46.18503" lon="6.68934">
        <ele>1127</ele>
        <time>2026-07-02T18:21:17+00:00</time>
      </trkpt>
      <trkpt lat="46.18483" lon="6.68932">
        <ele>1132</ele>
        <time>2026-07-02T18:21:20+00:00</time>
      </trkpt>
      <trkpt lat="46.18468" lon="6.68931">
        <ele>1136</ele>
        <time>2026-07-02T18:21:23+00:00</time>
      </trkpt>
      <trkpt lat="46.18448" lon="6.68925">
        <ele>1142</ele>
        <time>2026-07-02T18:21:26+00:00</time>
      </trkpt>
      <trkpt lat="46.18436" lon="6.68922">
        <ele>1144</ele>
        <time>2026-07-02T18:21:29+00:00</time>
      </trkpt>
      <trkpt lat="46.18425" lon="6.68916">
        <ele>1146</ele>
        <time>2026-07-02T18:21:32+00:00</time>
      </trkpt>
      <trkpt lat="46.18416" lon="6.68904">
        <ele>1148</ele>
        <time>2026-07-02T18:21:35+00:00</time>
      </trkpt>
      <trkpt lat="46.18412" lon="6.68899">
        <ele>1150</ele>
        <time>2026-07-02T18:21:38+00:00</time>
      </trkpt>
      <trkpt lat="46.18392" lon="6.68872">
        <ele>1155</ele>
        <time>2026-07-02T18:21:41+00:00</time>
      </trkpt>
      <trkpt lat="46.18384" lon="6.6886">
        <ele>1158</ele>
        <time>2026-07-02T18:21:44+00:00</time>
      </trkpt>
      <trkpt lat="46.18378" lon="6.68854">
        <ele>1160</ele>
        <time>2026-07-02T18:21:47+00:00</time>
      </trkpt>
      <trkpt lat="46.18372" lon="6.68852">
        <ele>1160</ele>
        <time>2026-07-02T18:21:50+00:00</time>
      </trkpt>
      <trkpt lat="46.18346" lon="6.68854">
        <ele>1163</ele>
        <time>2026-07-02T18:21:53+00:00</time>
      </trkpt>
      <trkpt lat="46.18319" lon="6.68858">
        <ele>1165</ele>
        <time>2026-07-02T18:21:56+00:00</time>
      </trkpt>
      <trkpt lat="46.18295" lon="6.68861">
        <ele>1168</ele>
        <time>2026-07-02T18:21:59+00:00</time>
      </trkpt>
      <trkpt lat="46.18275" lon="6.68864">
        <ele>1170</ele>
        <time>2026-07-02T18:22:02+00:00</time>
      </trkpt>
      <trkpt lat="46.18261" lon="6.68864">
        <ele>1170</ele>
        <time>2026-07-02T18:22:05+00:00</time>
      </trkpt>
      <trkpt lat="46.18249" lon="6.68861">
        <ele>1171</ele>
        <time>2026-07-02T18:22:08+00:00</time>
      </trkpt>
      <trkpt lat="46.18235" lon="6.68854">
        <ele>1171</ele>
        <time>2026-07-02T18:22:11+00:00</time>
      </trkpt>
      <trkpt lat="46.18229" lon="6.68856">
        <ele>1172</ele>
        <time>2026-07-02T18:22:14+00:00</time>
      </trkpt>
      <trkpt lat="46.18218" lon="6.68864">
        <ele>1174</ele>
        <time>2026-07-02T18:22:17+00:00</time>
      </trkpt>
      <trkpt lat="46.18203" lon="6.68875">
        <ele>1177</ele>
        <time>2026-07-02T18:22:20+00:00</time>
      </trkpt>
      <trkpt lat="46.18191" lon="6.68889">
        <ele>1179</ele>
        <time>2026-07-02T18:22:23+00:00</time>
      </trkpt>
      <trkpt lat="46.18183" lon="6.68896">
        <ele>1183</ele>
        <time>2026-07-02T18:22:26+00:00</time>
      </trkpt>
      <trkpt lat="46.18176" lon="6.68901">
        <ele>1185</ele>
        <time>2026-07-02T18:22:29+00:00</time>
      </trkpt>
      <trkpt lat="46.18153" lon="6.68941">
        <ele>1195</ele>
        <time>2026-07-02T18:22:32+00:00</time>
      </trkpt>
      <trkpt lat="46.1813" lon="6.6897">
        <ele>1205</ele>
        <time>2026-07-02T18:22:35+00:00</time>
      </trkpt>
      <trkpt lat="46.1812" lon="6.68984">
        <ele>1205</ele>
        <time>2026-07-02T18:22:38+00:00</time>
      </trkpt>
      <trkpt lat="46.18106" lon="6.68998">
        <ele>1208</ele>
        <time>2026-07-02T18:22:41+00:00</time>
      </trkpt>
      <trkpt lat="46.18104" lon="6.68996">
        <ele>1208</ele>
        <time>2026-07-02T18:22:44+00:00</time>
      </trkpt>
      <trkpt lat="46.18102" lon="6.68995">
        <ele>1208</ele>
        <time>2026-07-02T18:22:47+00:00</time>
      </trkpt>
      <trkpt lat="46.18098" lon="6.68994">
        <ele>1209</ele>
        <time>2026-07-02T18:22:50+00:00</time>
      </trkpt>
      <trkpt lat="46.18096" lon="6.68995">
        <ele>1209</ele>
        <time>2026-07-02T18:22:53+00:00</time>
      </trkpt>
      <trkpt lat="46.18094" lon="6.68997">
        <ele>1209</ele>
        <time>2026-07-02T18:22:56+00:00</time>
      </trkpt>
      <trkpt lat="46.1809" lon="6.69001">
        <ele>1209</ele>
        <time>2026-07-02T18:22:59+00:00</time>
      </trkpt>
      <trkpt lat="46.18083" lon="6.6901">
        <ele>1210</ele>
        <time>2026-07-02T18:23:02+00:00</time>
      </trkpt>
      <trkpt lat="46.18075" lon="6.69019">
        <ele>1211</ele>
        <time>2026-07-02T18:23:05+00:00</time>
      </trkpt>
      <trkpt lat="46.18059" lon="6.69034">
        <ele>1213</ele>
        <time>2026-07-02T18:23:08+00:00</time>
      </trkpt>
      <trkpt lat="46.1804" lon="6.69051">
        <ele>1216</ele>
        <time>2026-07-02T18:23:11+00:00</time>
      </trkpt>
      <trkpt lat="46.18027" lon="6.69062">
        <ele>1218</ele>
        <time>2026-07-02T18:23:14+00:00</time>
      </trkpt>
      <trkpt lat="46.1802" lon="6.69069">
        <ele>1219</ele>
        <time>2026-07-02T18:23:17+00:00</time>
      </trkpt>
      <trkpt lat="46.18017" lon="6.69073">
        <ele>1219</ele>
        <time>2026-07-02T18:23:20+00:00</time>
      </trkpt>
      <trkpt lat="46.18017" lon="6.69073">
        <ele>1219</ele>
        <time>2026-07-02T18:23:23+00:00</time>
      </trkpt>
      <trkpt lat="46.17999" lon="6.69071">
        <ele>1222</ele>
        <time>2026-07-02T18:23:26+00:00</time>
      </trkpt>
      <trkpt lat="46.17967" lon="6.6907">
        <ele>1227</ele>
        <time>2026-07-02T18:23:29+00:00</time>
      </trkpt>
      <trkpt lat="46.17955" lon="6.69063">
        <ele>1229</ele>
        <time>2026-07-02T18:23:32+00:00</time>
      </trkpt>
      <trkpt lat="46.1795" lon="6.69059">
        <ele>1232</ele>
        <time>2026-07-02T18:23:35+00:00</time>
      </trkpt>
      <trkpt lat="46.1793" lon="6.69047">
        <ele>1235</ele>
        <time>2026-07-02T18:23:38+00:00</time>
      </trkpt>
      <trkpt lat="46.17924" lon="6.69047">
        <ele>1236</ele>
        <time>2026-07-02T18:23:41+00:00</time>
      </trkpt>
      <trkpt lat="46.1792" lon="6.69048">
        <ele>1236</ele>
        <time>2026-07-02T18:23:44+00:00</time>
      </trkpt>
      <trkpt lat="46.17912" lon="6.69054">
        <ele>1238</ele>
        <time>2026-07-02T18:23:47+00:00</time>
      </trkpt>
      <trkpt lat="46.17897" lon="6.69069">
        <ele>1245</ele>
        <time>2026-07-02T18:23:50+00:00</time>
      </trkpt>
      <trkpt lat="46.17887" lon="6.69077">
        <ele>1248</ele>
        <time>2026-07-02T18:23:53+00:00</time>
      </trkpt>
      <trkpt lat="46.17881" lon="6.69079">
        <ele>1248</ele>
        <time>2026-07-02T18:23:56+00:00</time>
      </trkpt>
      <trkpt lat="46.17878" lon="6.69078">
        <ele>1251</ele>
        <time>2026-07-02T18:23:59+00:00</time>
      </trkpt>
      <trkpt lat="46.17862" lon="6.69079">
        <ele>1253</ele>
        <time>2026-07-02T18:24:02+00:00</time>
      </trkpt>
      <trkpt lat="46.1785" lon="6.69084">
        <ele>1256</ele>
        <time>2026-07-02T18:24:05+00:00</time>
      </trkpt>
      <trkpt lat="46.1784" lon="6.6909">
        <ele>1259</ele>
        <time>2026-07-02T18:24:08+00:00</time>
      </trkpt>
      <trkpt lat="46.17835" lon="6.69095">
        <ele>1261</ele>
        <time>2026-07-02T18:24:11+00:00</time>
      </trkpt>
      <trkpt lat="46.17826" lon="6.69098">
        <ele>1262</ele>
        <time>2026-07-02T18:24:14+00:00</time>
      </trkpt>
      <trkpt lat="46.17822" lon="6.69107">
        <ele>1263</ele>
        <time>2026-07-02T18:24:17+00:00</time>
      </trkpt>
      <trkpt lat="46.17812" lon="6.69111">
        <ele>1264</ele>
        <time>2026-07-02T18:24:20+00:00</time>
      </trkpt>
      <trkpt lat="46.17801" lon="6.69119">
        <ele>1266</ele>
        <time>2026-07-02T18:24:23+00:00</time>
      </trkpt>
      <trkpt lat="46.17792" lon="6.69122">
        <ele>1267</ele>
        <time>2026-07-02T18:24:26+00:00</time>
      </trkpt>
      <trkpt lat="46.17785" lon="6.69124">
        <ele>1268</ele>
        <time>2026-07-02T18:24:29+00:00</time>
      </trkpt>
      <trkpt lat="46.1778" lon="6.69124">
        <ele>1268</ele>
        <time>2026-07-02T18:24:32+00:00</time>
      </trkpt>
      <trkpt lat="46.17777" lon="6.69128">
        <ele>1268</ele>
        <time>2026-07-02T18:24:35+00:00</time>
      </trkpt>
      <trkpt lat="46.17776" lon="6.69134">
        <ele>1268</ele>
        <time>2026-07-02T18:24:38+00:00</time>
      </trkpt>
      <trkpt lat="46.17775" lon="6.6914">
        <ele>1268</ele>
        <time>2026-07-02T18:24:41+00:00</time>
      </trkpt>
      <trkpt lat="46.17775" lon="6.69146">
        <ele>1268</ele>
        <time>2026-07-02T18:24:44+00:00</time>
      </trkpt>
      <trkpt lat="46.17771" lon="6.69153">
        <ele>1269</ele>
        <time>2026-07-02T18:24:47+00:00</time>
      </trkpt>
      <trkpt lat="46.17753" lon="6.69169">
        <ele>1270</ele>
        <time>2026-07-02T18:24:50+00:00</time>
      </trkpt>
      <trkpt lat="46.17746" lon="6.69176">
        <ele>1271</ele>
        <time>2026-07-02T18:24:53+00:00</time>
      </trkpt>
      <trkpt lat="46.17736" lon="6.69187">
        <ele>1272</ele>
        <time>2026-07-02T18:24:56+00:00</time>
      </trkpt>
      <trkpt lat="46.17719" lon="6.69208">
        <ele>1273</ele>
        <time>2026-07-02T18:24:59+00:00</time>
      </trkpt>
      <trkpt lat="46.17707" lon="6.69221">
        <ele>1276</ele>
        <time>2026-07-02T18:25:02+00:00</time>
      </trkpt>
      <trkpt lat="46.17693" lon="6.69231">
        <ele>1277</ele>
        <time>2026-07-02T18:25:05+00:00</time>
      </trkpt>
      <trkpt lat="46.17688" lon="6.69237">
        <ele>1278</ele>
        <time>2026-07-02T18:25:08+00:00</time>
      </trkpt>
      <trkpt lat="46.17683" lon="6.69241">
        <ele>1278</ele>
        <time>2026-07-02T18:25:11+00:00</time>
      </trkpt>
      <trkpt lat="46.1768" lon="6.69236">
        <ele>1279</ele>
        <time>2026-07-02T18:25:14+00:00</time>
      </trkpt>
      <trkpt lat="46.17671" lon="6.69231">
        <ele>1279</ele>
        <time>2026-07-02T18:25:17+00:00</time>
      </trkpt>
      <trkpt lat="46.17662" lon="6.69232">
        <ele>1280</ele>
        <time>2026-07-02T18:25:20+00:00</time>
      </trkpt>
      <trkpt lat="46.17655" lon="6.69236">
        <ele>1280</ele>
        <time>2026-07-02T18:25:23+00:00</time>
      </trkpt>
      <trkpt lat="46.17649" lon="6.69243">
        <ele>1282</ele>
        <time>2026-07-02T18:25:26+00:00</time>
      </trkpt>
      <trkpt lat="46.17647" lon="6.69249">
        <ele>1282</ele>
        <time>2026-07-02T18:25:29+00:00</time>
      </trkpt>
      <trkpt lat="46.17646" lon="6.69255">
        <ele>1282</ele>
        <time>2026-07-02T18:25:32+00:00</time>
      </trkpt>
      <trkpt lat="46.17644" lon="6.69266">
        <ele>1283</ele>
        <time>2026-07-02T18:25:35+00:00</time>
      </trkpt>
      <trkpt lat="46.17646" lon="6.69282">
        <ele>1285</ele>
        <time>2026-07-02T18:25:38+00:00</time>
      </trkpt>
      <trkpt lat="46.17646" lon="6.69299">
        <ele>1286</ele>
        <time>2026-07-02T18:25:41+00:00</time>
      </trkpt>
      <trkpt lat="46.17643" lon="6.69312">
        <ele>1285</ele>
        <time>2026-07-02T18:25:44+00:00</time>
      </trkpt>
      <trkpt lat="46.17636" lon="6.69325">
        <ele>1287</ele>
        <time>2026-07-02T18:25:47+00:00</time>
      </trkpt>
      <trkpt lat="46.17626" lon="6.69337">
        <ele>1290</ele>
        <time>2026-07-02T18:25:50+00:00</time>
      </trkpt>
      <trkpt lat="46.17611" lon="6.69349">
        <ele>1290</ele>
        <time>2026-07-02T18:25:53+00:00</time>
      </trkpt>
      <trkpt lat="46.17595" lon="6.69359">
        <ele>1292</ele>
        <time>2026-07-02T18:25:56+00:00</time>
      </trkpt>
      <trkpt lat="46.17584" lon="6.69363">
        <ele>1291</ele>
        <time>2026-07-02T18:25:59+00:00</time>
      </trkpt>
      <trkpt lat="46.17574" lon="6.69366">
        <ele>1292</ele>
        <time>2026-07-02T18:26:02+00:00</time>
      </trkpt>
      <trkpt lat="46.17564" lon="6.69369">
        <ele>1293</ele>
        <time>2026-07-02T18:26:05+00:00</time>
      </trkpt>
      <trkpt lat="46.17563" lon="6.69369">
        <ele>1293</ele>
        <time>2026-07-02T18:26:08+00:00</time>
      </trkpt>
      <trkpt lat="46.17549" lon="6.69372">
        <ele>1293</ele>
        <time>2026-07-02T18:26:11+00:00</time>
      </trkpt>
      <trkpt lat="46.17543" lon="6.69372">
        <ele>1293</ele>
        <time>2026-07-02T18:26:14+00:00</time>
      </trkpt>
      <trkpt lat="46.17528" lon="6.6937">
        <ele>1294</ele>
        <time>2026-07-02T18:26:17+00:00</time>
      </trkpt>
      <trkpt lat="46.17527" lon="6.69369">
        <ele>1294</ele>
        <time>2026-07-02T18:26:20+00:00</time>
      </trkpt>
      <trkpt lat="46.17527" lon="6.69369">
        <ele>1294</ele>
        <time>2026-07-02T18:26:23+00:00</time>
      </trkpt>
      <trkpt lat="46.17506" lon="6.69364">
        <ele>1294</ele>
        <time>2026-07-02T18:26:26+00:00</time>
      </trkpt>
      <trkpt lat="46.17484" lon="6.69361">
        <ele>1295</ele>
        <time>2026-07-02T18:26:29+00:00</time>
      </trkpt>
      <trkpt lat="46.17475" lon="6.69363">
        <ele>1295</ele>
        <time>2026-07-02T18:26:32+00:00</time>
      </trkpt>
      <trkpt lat="46.17459" lon="6.69368">
        <ele>1298</ele>
        <time>2026-07-02T18:26:35+00:00</time>
      </trkpt>
      <trkpt lat="46.17449" lon="6.69373">
        <ele>1298</ele>
        <time>2026-07-02T18:26:38+00:00</time>
      </trkpt>
      <trkpt lat="46.17447" lon="6.69374">
        <ele>1298</ele>
        <time>2026-07-02T18:26:41+00:00</time>
      </trkpt>
      <trkpt lat="46.17443" lon="6.69371">
        <ele>1298</ele>
        <time>2026-07-02T18:26:44+00:00</time>
      </trkpt>
      <trkpt lat="46.17441" lon="6.6937">
        <ele>1299</ele>
        <time>2026-07-02T18:26:47+00:00</time>
      </trkpt>
      <trkpt lat="46.17439" lon="6.69363">
        <ele>1299</ele>
        <time>2026-07-02T18:26:50+00:00</time>
      </trkpt>
      <trkpt lat="46.17438" lon="6.69354">
        <ele>1302</ele>
        <time>2026-07-02T18:26:53+00:00</time>
      </trkpt>
      <trkpt lat="46.1744" lon="6.69345">
        <ele>1304</ele>
        <time>2026-07-02T18:26:56+00:00</time>
      </trkpt>
      <trkpt lat="46.17444" lon="6.69335">
        <ele>1304</ele>
        <time>2026-07-02T18:26:59+00:00</time>
      </trkpt>
      <trkpt lat="46.1745" lon="6.69321">
        <ele>1305</ele>
        <time>2026-07-02T18:27:02+00:00</time>
      </trkpt>
      <trkpt lat="46.17461" lon="6.69299">
        <ele>1310</ele>
        <time>2026-07-02T18:27:05+00:00</time>
      </trkpt>
      <trkpt lat="46.17466" lon="6.69293">
        <ele>1310</ele>
        <time>2026-07-02T18:27:08+00:00</time>
      </trkpt>
      <trkpt lat="46.17472" lon="6.69283">
        <ele>1312</ele>
        <time>2026-07-02T18:27:11+00:00</time>
      </trkpt>
      <trkpt lat="46.17484" lon="6.69263">
        <ele>1316</ele>
        <time>2026-07-02T18:27:14+00:00</time>
      </trkpt>
      <trkpt lat="46.17491" lon="6.69249">
        <ele>1319</ele>
        <time>2026-07-02T18:27:17+00:00</time>
      </trkpt>
      <trkpt lat="46.17496" lon="6.6924">
        <ele>1319</ele>
        <time>2026-07-02T18:27:20+00:00</time>
      </trkpt>
      <trkpt lat="46.17509" lon="6.69218">
        <ele>1321</ele>
        <time>2026-07-02T18:27:23+00:00</time>
      </trkpt>
      <trkpt lat="46.17521" lon="6.69197">
        <ele>1324</ele>
        <time>2026-07-02T18:27:26+00:00</time>
      </trkpt>
      <trkpt lat="46.17532" lon="6.69176">
        <ele>1327</ele>
        <time>2026-07-02T18:27:29+00:00</time>
      </trkpt>
      <trkpt lat="46.17551" lon="6.69148">
        <ele>1330</ele>
        <time>2026-07-02T18:27:32+00:00</time>
      </trkpt>
      <trkpt lat="46.17562" lon="6.69128">
        <ele>1332</ele>
        <time>2026-07-02T18:27:35+00:00</time>
      </trkpt>
      <trkpt lat="46.1757" lon="6.69112">
        <ele>1334</ele>
        <time>2026-07-02T18:27:38+00:00</time>
      </trkpt>
      <trkpt lat="46.17573" lon="6.69096">
        <ele>1333</ele>
        <time>2026-07-02T18:27:41+00:00</time>
      </trkpt>
      <trkpt lat="46.17575" lon="6.69084">
        <ele>1335</ele>
        <time>2026-07-02T18:27:44+00:00</time>
      </trkpt>
      <trkpt lat="46.17574" lon="6.6907">
        <ele>1336</ele>
        <time>2026-07-02T18:27:47+00:00</time>
      </trkpt>
      <trkpt lat="46.17569" lon="6.69056">
        <ele>1338</ele>
        <time>2026-07-02T18:27:50+00:00</time>
      </trkpt>
      <trkpt lat="46.17562" lon="6.69037">
        <ele>1340</ele>
        <time>2026-07-02T18:27:53+00:00</time>
      </trkpt>
      <trkpt lat="46.17556" lon="6.69024">
        <ele>1342</ele>
        <time>2026-07-02T18:27:56+00:00</time>
      </trkpt>
      <trkpt lat="46.17547" lon="6.69009">
        <ele>1346</ele>
        <time>2026-07-02T18:27:59+00:00</time>
      </trkpt>
      <trkpt lat="46.17538" lon="6.68999">
        <ele>1349</ele>
        <time>2026-07-02T18:28:02+00:00</time>
      </trkpt>
      <trkpt lat="46.17521" lon="6.68989">
        <ele>1351</ele>
        <time>2026-07-02T18:28:05+00:00</time>
      </trkpt>
      <trkpt lat="46.17504" lon="6.68982">
        <ele>1357</ele>
        <time>2026-07-02T18:28:08+00:00</time>
      </trkpt>
      <trkpt lat="46.17489" lon="6.68977">
        <ele>1361</ele>
        <time>2026-07-02T18:28:11+00:00</time>
      </trkpt>
      <trkpt lat="46.17483" lon="6.68973">
        <ele>1361</ele>
        <time>2026-07-02T18:28:14+00:00</time>
      </trkpt>
      <trkpt lat="46.17478" lon="6.68971">
        <ele>1362</ele>
        <time>2026-07-02T18:28:17+00:00</time>
      </trkpt>
      <trkpt lat="46.17457" lon="6.68965">
        <ele>1367</ele>
        <time>2026-07-02T18:28:20+00:00</time>
      </trkpt>
      <trkpt lat="46.17429" lon="6.68957">
        <ele>1374</ele>
        <time>2026-07-02T18:28:23+00:00</time>
      </trkpt>
      <trkpt lat="46.17388" lon="6.68942">
        <ele>1383</ele>
        <time>2026-07-02T18:28:26+00:00</time>
      </trkpt>
      <trkpt lat="46.17369" lon="6.68936">
        <ele>1388</ele>
        <time>2026-07-02T18:28:29+00:00</time>
      </trkpt>
      <trkpt lat="46.17347" lon="6.68924">
        <ele>1392</ele>
        <time>2026-07-02T18:28:32+00:00</time>
      </trkpt>
      <trkpt lat="46.17332" lon="6.68912">
        <ele>1396</ele>
        <time>2026-07-02T18:28:35+00:00</time>
      </trkpt>
      <trkpt lat="46.17319" lon="6.68901">
        <ele>1400</ele>
        <time>2026-07-02T18:28:38+00:00</time>
      </trkpt>
      <trkpt lat="46.17311" lon="6.68892">
        <ele>1400</ele>
        <time>2026-07-02T18:28:41+00:00</time>
      </trkpt>
      <trkpt lat="46.17303" lon="6.68884">
        <ele>1403</ele>
        <time>2026-07-02T18:28:44+00:00</time>
      </trkpt>
      <trkpt lat="46.17295" lon="6.68873">
        <ele>1405</ele>
        <time>2026-07-02T18:28:47+00:00</time>
      </trkpt>
      <trkpt lat="46.17287" lon="6.68863">
        <ele>1408</ele>
        <time>2026-07-02T18:28:50+00:00</time>
      </trkpt>
      <trkpt lat="46.1728" lon="6.68854">
        <ele>1409</ele>
        <time>2026-07-02T18:28:53+00:00</time>
      </trkpt>
      <trkpt lat="46.17274" lon="6.68847">
        <ele>1412</ele>
        <time>2026-07-02T18:28:56+00:00</time>
      </trkpt>
      <trkpt lat="46.17268" lon="6.68842">
        <ele>1414</ele>
        <time>2026-07-02T18:28:59+00:00</time>
      </trkpt>
      <trkpt lat="46.17259" lon="6.68834">
        <ele>1417</ele>
        <time>2026-07-02T18:29:02+00:00</time>
      </trkpt>
      <trkpt lat="46.17252" lon="6.68831">
        <ele>1417</ele>
        <time>2026-07-02T18:29:05+00:00</time>
      </trkpt>
      <trkpt lat="46.17242" lon="6.68829">
        <ele>1420</ele>
        <time>2026-07-02T18:29:08+00:00</time>
      </trkpt>
      <trkpt lat="46.17221" lon="6.68827">
        <ele>1426</ele>
        <time>2026-07-02T18:29:11+00:00</time>
      </trkpt>
      <trkpt lat="46.17201" lon="6.68827">
        <ele>1431</ele>
        <time>2026-07-02T18:29:14+00:00</time>
      </trkpt>
      <trkpt lat="46.1718" lon="6.68829">
        <ele>1436</ele>
        <time>2026-07-02T18:29:17+00:00</time>
      </trkpt>
      <trkpt lat="46.17182" lon="6.68843">
        <ele>1436</ele>
        <time>2026-07-02T18:29:20+00:00</time>
      </trkpt>
      <trkpt lat="46.17184" lon="6.68858">
        <ele>1436</ele>
        <time>2026-07-02T18:29:23+00:00</time>
      </trkpt>
      <trkpt lat="46.17187" lon="6.68876">
        <ele>1434</ele>
        <time>2026-07-02T18:29:26+00:00</time>
      </trkpt>
      <trkpt lat="46.17187" lon="6.68877">
        <ele>1434</ele>
        <time>2026-07-02T18:29:29+00:00</time>
      </trkpt>
      <trkpt lat="46.17192" lon="6.68888">
        <ele>1437</ele>
        <time>2026-07-02T18:29:32+00:00</time>
      </trkpt>
      <trkpt lat="46.17203" lon="6.68903">
        <ele>1434</ele>
        <time>2026-07-02T18:29:35+00:00</time>
      </trkpt>
      <trkpt lat="46.17218" lon="6.68923">
        <ele>1438</ele>
        <time>2026-07-02T18:29:38+00:00</time>
      </trkpt>
      <trkpt lat="46.17223" lon="6.68932">
        <ele>1437</ele>
        <time>2026-07-02T18:29:41+00:00</time>
      </trkpt>
      <trkpt lat="46.17226" lon="6.68943">
        <ele>1438</ele>
        <time>2026-07-02T18:29:44+00:00</time>
      </trkpt>
      <trkpt lat="46.17226" lon="6.68943">
        <ele>1438</ele>
        <time>2026-07-02T18:29:47+00:00</time>
      </trkpt>
      <trkpt lat="46.17226" lon="6.68953">
        <ele>1439</ele>
        <time>2026-07-02T18:29:50+00:00</time>
      </trkpt>
      <trkpt lat="46.17223" lon="6.68964">
        <ele>1439</ele>
        <time>2026-07-02T18:29:53+00:00</time>
      </trkpt>
      <trkpt lat="46.17218" lon="6.68977">
        <ele>1443</ele>
        <time>2026-07-02T18:29:56+00:00</time>
      </trkpt>
      <trkpt lat="46.17213" lon="6.68989">
        <ele>1444</ele>
        <time>2026-07-02T18:29:59+00:00</time>
      </trkpt>
      <trkpt lat="46.1721" lon="6.69001">
        <ele>1446</ele>
        <time>2026-07-02T18:30:02+00:00</time>
      </trkpt>
      <trkpt lat="46.17211" lon="6.69011">
        <ele>1447</ele>
        <time>2026-07-02T18:30:05+00:00</time>
      </trkpt>
      <trkpt lat="46.17211" lon="6.69027">
        <ele>1449</ele>
        <time>2026-07-02T18:30:08+00:00</time>
      </trkpt>
      <trkpt lat="46.17212" lon="6.6905">
        <ele>1455</ele>
        <time>2026-07-02T18:30:11+00:00</time>
      </trkpt>
      <trkpt lat="46.17213" lon="6.69071">
        <ele>1458</ele>
        <time>2026-07-02T18:30:14+00:00</time>
      </trkpt>
      <trkpt lat="46.17212" lon="6.69083">
        <ele>1458</ele>
        <time>2026-07-02T18:30:17+00:00</time>
      </trkpt>
      <trkpt lat="46.17204" lon="6.69095">
        <ele>1461</ele>
        <time>2026-07-02T18:30:20+00:00</time>
      </trkpt>
      <trkpt lat="46.17189" lon="6.69105">
        <ele>1466</ele>
        <time>2026-07-02T18:30:23+00:00</time>
      </trkpt>
      <trkpt lat="46.17181" lon="6.69106">
        <ele>1466</ele>
        <time>2026-07-02T18:30:26+00:00</time>
      </trkpt>
      <trkpt lat="46.17172" lon="6.69102">
        <ele>1468</ele>
        <time>2026-07-02T18:30:29+00:00</time>
      </trkpt>
      <trkpt lat="46.1715" lon="6.69091">
        <ele>1472</ele>
        <time>2026-07-02T18:30:32+00:00</time>
      </trkpt>
      <trkpt lat="46.1714" lon="6.69088">
        <ele>1473</ele>
        <time>2026-07-02T18:30:35+00:00</time>
      </trkpt>
      <trkpt lat="46.17131" lon="6.69086">
        <ele>1473</ele>
        <time>2026-07-02T18:30:38+00:00</time>
      </trkpt>
      <trkpt lat="46.17113" lon="6.69086">
        <ele>1475</ele>
        <time>2026-07-02T18:30:41+00:00</time>
      </trkpt>
      <trkpt lat="46.17104" lon="6.69088">
        <ele>1476</ele>
        <time>2026-07-02T18:30:44+00:00</time>
      </trkpt>
      <trkpt lat="46.17094" lon="6.6909">
        <ele>1477</ele>
        <time>2026-07-02T18:30:47+00:00</time>
      </trkpt>
      <trkpt lat="46.17084" lon="6.69093">
        <ele>1478</ele>
        <time>2026-07-02T18:30:50+00:00</time>
      </trkpt>
      <trkpt lat="46.17074" lon="6.69097">
        <ele>1479</ele>
        <time>2026-07-02T18:30:53+00:00</time>
      </trkpt>
      <trkpt lat="46.17067" lon="6.69102">
        <ele>1481</ele>
        <time>2026-07-02T18:30:56+00:00</time>
      </trkpt>
      <trkpt lat="46.17064" lon="6.69105">
        <ele>1481</ele>
        <time>2026-07-02T18:30:59+00:00</time>
      </trkpt>
      <trkpt lat="46.1706" lon="6.69109">
        <ele>1483</ele>
        <time>2026-07-02T18:31:02+00:00</time>
      </trkpt>
      <trkpt lat="46.17051" lon="6.69119">
        <ele>1483</ele>
        <time>2026-07-02T18:31:05+00:00</time>
      </trkpt>
      <trkpt lat="46.17041" lon="6.69133">
        <ele>1485</ele>
        <time>2026-07-02T18:31:08+00:00</time>
      </trkpt>
      <trkpt lat="46.17031" lon="6.69146">
        <ele>1487</ele>
        <time>2026-07-02T18:31:11+00:00</time>
      </trkpt>
      <trkpt lat="46.17027" lon="6.69151">
        <ele>1489</ele>
        <time>2026-07-02T18:31:14+00:00</time>
      </trkpt>
      <trkpt lat="46.17022" lon="6.69157">
        <ele>1489</ele>
        <time>2026-07-02T18:31:17+00:00</time>
      </trkpt>
      <trkpt lat="46.17013" lon="6.69164">
        <ele>1490</ele>
        <time>2026-07-02T18:31:20+00:00</time>
      </trkpt>
      <trkpt lat="46.16997" lon="6.69178">
        <ele>1493</ele>
        <time>2026-07-02T18:31:23+00:00</time>
      </trkpt>
      <trkpt lat="46.16985" lon="6.69188">
        <ele>1494</ele>
        <time>2026-07-02T18:31:26+00:00</time>
      </trkpt>
      <trkpt lat="46.1697" lon="6.69201">
        <ele>1495</ele>
        <time>2026-07-02T18:31:29+00:00</time>
      </trkpt>
      <trkpt lat="46.16967" lon="6.69203">
        <ele>1495</ele>
        <time>2026-07-02T18:31:32+00:00</time>
      </trkpt>
      <trkpt lat="46.16967" lon="6.69204">
        <ele>1495</ele>
        <time>2026-07-02T18:31:35+00:00</time>
      </trkpt>
      <trkpt lat="46.16954" lon="6.69213">
        <ele>1496</ele>
        <time>2026-07-02T18:31:38+00:00</time>
      </trkpt>
      <trkpt lat="46.16944" lon="6.69215">
        <ele>1499</ele>
        <time>2026-07-02T18:31:41+00:00</time>
      </trkpt>
      <trkpt lat="46.16933" lon="6.69216">
        <ele>1501</ele>
        <time>2026-07-02T18:31:44+00:00</time>
      </trkpt>
      <trkpt lat="46.16921" lon="6.69215">
        <ele>1502</ele>
        <time>2026-07-02T18:31:47+00:00</time>
      </trkpt>
      <trkpt lat="46.16918" lon="6.69215">
        <ele>1504</ele>
        <time>2026-07-02T18:31:50+00:00</time>
      </trkpt>
      <trkpt lat="46.16909" lon="6.69217">
        <ele>1506</ele>
        <time>2026-07-02T18:31:53+00:00</time>
      </trkpt>
      <trkpt lat="46.16895" lon="6.69226">
        <ele>1508</ele>
        <time>2026-07-02T18:31:56+00:00</time>
      </trkpt>
      <trkpt lat="46.16885" lon="6.69241">
        <ele>1509</ele>
        <time>2026-07-02T18:31:59+00:00</time>
      </trkpt>
      <trkpt lat="46.16877" lon="6.69249">
        <ele>1511</ele>
        <time>2026-07-02T18:32:02+00:00</time>
      </trkpt>
      <trkpt lat="46.16867" lon="6.69249">
        <ele>1511</ele>
        <time>2026-07-02T18:32:05+00:00</time>
      </trkpt>
      <trkpt lat="46.16845" lon="6.69252">
        <ele>1512</ele>
        <time>2026-07-02T18:32:08+00:00</time>
      </trkpt>
      <trkpt lat="46.16824" lon="6.69258">
        <ele>1514</ele>
        <time>2026-07-02T18:32:11+00:00</time>
      </trkpt>
      <trkpt lat="46.16801" lon="6.69265">
        <ele>1517</ele>
        <time>2026-07-02T18:32:14+00:00</time>
      </trkpt>
      <trkpt lat="46.16786" lon="6.69268">
        <ele>1520</ele>
        <time>2026-07-02T18:32:17+00:00</time>
      </trkpt>
      <trkpt lat="46.16766" lon="6.69273">
        <ele>1522</ele>
        <time>2026-07-02T18:32:20+00:00</time>
      </trkpt>
      <trkpt lat="46.1675" lon="6.69284">
        <ele>1524</ele>
        <time>2026-07-02T18:32:23+00:00</time>
      </trkpt>
      <trkpt lat="46.16721" lon="6.69288">
        <ele>1527</ele>
        <time>2026-07-02T18:32:26+00:00</time>
      </trkpt>
      <trkpt lat="46.16706" lon="6.69288">
        <ele>1528</ele>
        <time>2026-07-02T18:32:29+00:00</time>
      </trkpt>
      <trkpt lat="46.16688" lon="6.69284">
        <ele>1530</ele>
        <time>2026-07-02T18:32:32+00:00</time>
      </trkpt>
      <trkpt lat="46.16666" lon="6.6928">
        <ele>1532</ele>
        <time>2026-07-02T18:32:35+00:00</time>
      </trkpt>
      <trkpt lat="46.16666" lon="6.6928">
        <ele>1532</ele>
        <time>2026-07-02T18:32:38+00:00</time>
      </trkpt>
      <trkpt lat="46.16655" lon="6.69278">
        <ele>1533</ele>
        <time>2026-07-02T18:32:41+00:00</time>
      </trkpt>
      <trkpt lat="46.16628" lon="6.69296">
        <ele>1532</ele>
        <time>2026-07-02T18:32:44+00:00</time>
      </trkpt>
      <trkpt lat="46.16617" lon="6.69299">
        <ele>1539</ele>
        <time>2026-07-02T18:32:47+00:00</time>
      </trkpt>
      <trkpt lat="46.16608" lon="6.69301">
        <ele>1533</ele>
        <time>2026-07-02T18:32:50+00:00</time>
      </trkpt>
      <trkpt lat="46.16583" lon="6.69302">
        <ele>1533</ele>
        <time>2026-07-02T18:32:53+00:00</time>
      </trkpt>
      <trkpt lat="46.16552" lon="6.69304">
        <ele>1534</ele>
        <time>2026-07-02T18:32:56+00:00</time>
      </trkpt>
      <trkpt lat="46.16531" lon="6.69307">
        <ele>1535</ele>
        <time>2026-07-02T18:32:59+00:00</time>
      </trkpt>
      <trkpt lat="46.16525" lon="6.69307">
        <ele>1536</ele>
        <time>2026-07-02T18:33:02+00:00</time>
      </trkpt>
      <trkpt lat="46.1651" lon="6.69303">
        <ele>1535</ele>
        <time>2026-07-02T18:33:05+00:00</time>
      </trkpt>
      <trkpt lat="46.16501" lon="6.69301">
        <ele>1536</ele>
        <time>2026-07-02T18:33:08+00:00</time>
      </trkpt>
      <trkpt lat="46.16497" lon="6.69299">
        <ele>1535</ele>
        <time>2026-07-02T18:33:11+00:00</time>
      </trkpt>
      <trkpt lat="46.16496" lon="6.69299">
        <ele>1535</ele>
        <time>2026-07-02T18:33:14+00:00</time>
      </trkpt>
      <trkpt lat="46.1649" lon="6.693">
        <ele>1535</ele>
        <time>2026-07-02T18:33:17+00:00</time>
      </trkpt>
      <trkpt lat="46.16479" lon="6.69303">
        <ele>1536</ele>
        <time>2026-07-02T18:33:20+00:00</time>
      </trkpt>
      <trkpt lat="46.16471" lon="6.69304">
        <ele>1536</ele>
        <time>2026-07-02T18:33:23+00:00</time>
      </trkpt>
      <trkpt lat="46.16461" lon="6.69306">
        <ele>1536</ele>
        <time>2026-07-02T18:33:26+00:00</time>
      </trkpt>
      <trkpt lat="46.1645" lon="6.69308">
        <ele>1536</ele>
        <time>2026-07-02T18:33:29+00:00</time>
      </trkpt>
      <trkpt lat="46.16437" lon="6.6931">
        <ele>1537</ele>
        <time>2026-07-02T18:33:32+00:00</time>
      </trkpt>
      <trkpt lat="46.16425" lon="6.69314">
        <ele>1537</ele>
        <time>2026-07-02T18:33:35+00:00</time>
      </trkpt>
      <trkpt lat="46.16416" lon="6.69317">
        <ele>1538</ele>
        <time>2026-07-02T18:33:38+00:00</time>
      </trkpt>
      <trkpt lat="46.16407" lon="6.69322">
        <ele>1538</ele>
        <time>2026-07-02T18:33:41+00:00</time>
      </trkpt>
      <trkpt lat="46.16403" lon="6.69324">
        <ele>1538</ele>
        <time>2026-07-02T18:33:44+00:00</time>
      </trkpt>
      <trkpt lat="46.16395" lon="6.69329">
        <ele>1539</ele>
        <time>2026-07-02T18:33:47+00:00</time>
      </trkpt>
      <trkpt lat="46.16388" lon="6.69333">
        <ele>1540</ele>
        <time>2026-07-02T18:33:50+00:00</time>
      </trkpt>
      <trkpt lat="46.16376" lon="6.6934">
        <ele>1541</ele>
        <time>2026-07-02T18:33:53+00:00</time>
      </trkpt>
      <trkpt lat="46.16363" lon="6.6935">
        <ele>1543</ele>
        <time>2026-07-02T18:33:56+00:00</time>
      </trkpt>
      <trkpt lat="46.16356" lon="6.69355">
        <ele>1546</ele>
        <time>2026-07-02T18:33:59+00:00</time>
      </trkpt>
      <trkpt lat="46.16349" lon="6.69358">
        <ele>1544</ele>
        <time>2026-07-02T18:34:02+00:00</time>
      </trkpt>
      <trkpt lat="46.16343" lon="6.6936">
        <ele>1544</ele>
        <time>2026-07-02T18:34:05+00:00</time>
      </trkpt>
      <trkpt lat="46.16337" lon="6.69361">
        <ele>1543</ele>
        <time>2026-07-02T18:34:08+00:00</time>
      </trkpt>
      <trkpt lat="46.16332" lon="6.69364">
        <ele>1543</ele>
        <time>2026-07-02T18:34:11+00:00</time>
      </trkpt>
      <trkpt lat="46.16329" lon="6.69369">
        <ele>1545</ele>
        <time>2026-07-02T18:34:14+00:00</time>
      </trkpt>
      <trkpt lat="46.16322" lon="6.69376">
        <ele>1545</ele>
        <time>2026-07-02T18:34:17+00:00</time>
      </trkpt>
      <trkpt lat="46.16313" lon="6.69384">
        <ele>1545</ele>
        <time>2026-07-02T18:34:20+00:00</time>
      </trkpt>
      <trkpt lat="46.16309" lon="6.6939">
        <ele>1546</ele>
        <time>2026-07-02T18:34:23+00:00</time>
      </trkpt>
      <trkpt lat="46.16302" lon="6.69402">
        <ele>1545</ele>
        <time>2026-07-02T18:34:26+00:00</time>
      </trkpt>
      <trkpt lat="46.16297" lon="6.69409">
        <ele>1548</ele>
        <time>2026-07-02T18:34:29+00:00</time>
      </trkpt>
      <trkpt lat="46.16295" lon="6.69412">
        <ele>1546</ele>
        <time>2026-07-02T18:34:32+00:00</time>
      </trkpt>
      <trkpt lat="46.16288" lon="6.6942">
        <ele>1545</ele>
        <time>2026-07-02T18:34:35+00:00</time>
      </trkpt>
      <trkpt lat="46.16279" lon="6.69433">
        <ele>1546</ele>
        <time>2026-07-02T18:34:38+00:00</time>
      </trkpt>
      <trkpt lat="46.16271" lon="6.69442">
        <ele>1547</ele>
        <time>2026-07-02T18:34:41+00:00</time>
      </trkpt>
      <trkpt lat="46.16257" lon="6.69455">
        <ele>1547</ele>
        <time>2026-07-02T18:34:44+00:00</time>
      </trkpt>
      <trkpt lat="46.1625" lon="6.69462">
        <ele>1547</ele>
        <time>2026-07-02T18:34:47+00:00</time>
      </trkpt>
      <trkpt lat="46.16247" lon="6.69466">
        <ele>1547</ele>
        <time>2026-07-02T18:34:50+00:00</time>
      </trkpt>
      <trkpt lat="46.16243" lon="6.69469">
        <ele>1547</ele>
        <time>2026-07-02T18:34:53+00:00</time>
      </trkpt>
      <trkpt lat="46.16236" lon="6.69471">
        <ele>1548</ele>
        <time>2026-07-02T18:34:56+00:00</time>
      </trkpt>
      <trkpt lat="46.16226" lon="6.69476">
        <ele>1548</ele>
        <time>2026-07-02T18:34:59+00:00</time>
      </trkpt>
      <trkpt lat="46.16219" lon="6.69481">
        <ele>1548</ele>
        <time>2026-07-02T18:35:02+00:00</time>
      </trkpt>
      <trkpt lat="46.16213" lon="6.69485">
        <ele>1548</ele>
        <time>2026-07-02T18:35:05+00:00</time>
      </trkpt>
      <trkpt lat="46.16204" lon="6.69489">
        <ele>1548</ele>
        <time>2026-07-02T18:35:08+00:00</time>
      </trkpt>
      <trkpt lat="46.16196" lon="6.69492">
        <ele>1549</ele>
        <time>2026-07-02T18:35:11+00:00</time>
      </trkpt>
      <trkpt lat="46.16183" lon="6.69491">
        <ele>1548</ele>
        <time>2026-07-02T18:35:14+00:00</time>
      </trkpt>
      <trkpt lat="46.16174" lon="6.6949">
        <ele>1547</ele>
        <time>2026-07-02T18:35:17+00:00</time>
      </trkpt>
      <trkpt lat="46.1617" lon="6.69487">
        <ele>1547</ele>
        <time>2026-07-02T18:35:20+00:00</time>
      </trkpt>
      <trkpt lat="46.16166" lon="6.69482">
        <ele>1545</ele>
        <time>2026-07-02T18:35:23+00:00</time>
      </trkpt>
      <trkpt lat="46.16161" lon="6.69471">
        <ele>1545</ele>
        <time>2026-07-02T18:35:26+00:00</time>
      </trkpt>
      <trkpt lat="46.16158" lon="6.6947">
        <ele>1542</ele>
        <time>2026-07-02T18:35:29+00:00</time>
      </trkpt>
      <trkpt lat="46.16152" lon="6.69469">
        <ele>1543</ele>
        <time>2026-07-02T18:35:32+00:00</time>
      </trkpt>
      <trkpt lat="46.16145" lon="6.69469">
        <ele>1541</ele>
        <time>2026-07-02T18:35:35+00:00</time>
      </trkpt>
      <trkpt lat="46.16138" lon="6.69469">
        <ele>1539</ele>
        <time>2026-07-02T18:35:38+00:00</time>
      </trkpt>
      <trkpt lat="46.16131" lon="6.6947">
        <ele>1539</ele>
        <time>2026-07-02T18:35:41+00:00</time>
      </trkpt>
      <trkpt lat="46.16128" lon="6.69468">
        <ele>1537</ele>
        <time>2026-07-02T18:35:44+00:00</time>
      </trkpt>
      <trkpt lat="46.16124" lon="6.69462">
        <ele>1537</ele>
        <time>2026-07-02T18:35:47+00:00</time>
      </trkpt>
      <trkpt lat="46.16121" lon="6.69462">
        <ele>1537</ele>
        <time>2026-07-02T18:35:50+00:00</time>
      </trkpt>
      <trkpt lat="46.16116" lon="6.69463">
        <ele>1535</ele>
        <time>2026-07-02T18:35:53+00:00</time>
      </trkpt>
      <trkpt lat="46.16112" lon="6.69463">
        <ele>1535</ele>
        <time>2026-07-02T18:35:56+00:00</time>
      </trkpt>
      <trkpt lat="46.16108" lon="6.6946">
        <ele>1533</ele>
        <time>2026-07-02T18:35:59+00:00</time>
      </trkpt>
      <trkpt lat="46.16105" lon="6.6946">
        <ele>1534</ele>
        <time>2026-07-02T18:36:02+00:00</time>
      </trkpt>
      <trkpt lat="46.16099" lon="6.69461">
        <ele>1532</ele>
        <time>2026-07-02T18:36:05+00:00</time>
      </trkpt>
      <trkpt lat="46.16093" lon="6.69462">
        <ele>1532</ele>
        <time>2026-07-02T18:36:08+00:00</time>
      </trkpt>
      <trkpt lat="46.16088" lon="6.69461">
        <ele>1529</ele>
        <time>2026-07-02T18:36:11+00:00</time>
      </trkpt>
      <trkpt lat="46.16086" lon="6.69454">
        <ele>1529</ele>
        <time>2026-07-02T18:36:14+00:00</time>
      </trkpt>
      <trkpt lat="46.16082" lon="6.6945">
        <ele>1529</ele>
        <time>2026-07-02T18:36:17+00:00</time>
      </trkpt>
      <trkpt lat="46.16077" lon="6.69449">
        <ele>1528</ele>
        <time>2026-07-02T18:36:20+00:00</time>
      </trkpt>
      <trkpt lat="46.16075" lon="6.69448">
        <ele>1528</ele>
        <time>2026-07-02T18:36:23+00:00</time>
      </trkpt>
      <trkpt lat="46.16074" lon="6.69445">
        <ele>1528</ele>
        <time>2026-07-02T18:36:26+00:00</time>
      </trkpt>
      <trkpt lat="46.16071" lon="6.6944">
        <ele>1529</ele>
        <time>2026-07-02T18:36:29+00:00</time>
      </trkpt>
      <trkpt lat="46.16065" lon="6.69427">
        <ele>1522</ele>
        <time>2026-07-02T18:36:32+00:00</time>
      </trkpt>
      <trkpt lat="46.16057" lon="6.69414">
        <ele>1519</ele>
        <time>2026-07-02T18:36:35+00:00</time>
      </trkpt>
      <trkpt lat="46.16048" lon="6.694">
        <ele>1515</ele>
        <time>2026-07-02T18:36:38+00:00</time>
      </trkpt>
      <trkpt lat="46.16041" lon="6.69391">
        <ele>1515</ele>
        <time>2026-07-02T18:36:41+00:00</time>
      </trkpt>
      <trkpt lat="46.16038" lon="6.69387">
        <ele>1511</ele>
        <time>2026-07-02T18:36:44+00:00</time>
      </trkpt>
      <trkpt lat="46.16031" lon="6.69384">
        <ele>1511</ele>
        <time>2026-07-02T18:36:47+00:00</time>
      </trkpt>
      <trkpt lat="46.16025" lon="6.6938">
        <ele>1508</ele>
        <time>2026-07-02T18:36:50+00:00</time>
      </trkpt>
      <trkpt lat="46.1602" lon="6.69377">
        <ele>1508</ele>
        <time>2026-07-02T18:36:53+00:00</time>
      </trkpt>
      <trkpt lat="46.16016" lon="6.69371">
        <ele>1504</ele>
        <time>2026-07-02T18:36:56+00:00</time>
      </trkpt>
      <trkpt lat="46.16015" lon="6.69369">
        <ele>1504</ele>
        <time>2026-07-02T18:36:59+00:00</time>
      </trkpt>
      <trkpt lat="46.16011" lon="6.69365">
        <ele>1504</ele>
        <time>2026-07-02T18:37:02+00:00</time>
      </trkpt>
      <trkpt lat="46.16007" lon="6.69361">
        <ele>1502</ele>
        <time>2026-07-02T18:37:05+00:00</time>
      </trkpt>
      <trkpt lat="46.16004" lon="6.69358">
        <ele>1507</ele>
        <time>2026-07-02T18:37:08+00:00</time>
      </trkpt>
      <trkpt lat="46.16003" lon="6.69358">
        <ele>1504</ele>
        <time>2026-07-02T18:37:11+00:00</time>
      </trkpt>
      <trkpt lat="46.15998" lon="6.69355">
        <ele>1503</ele>
        <time>2026-07-02T18:37:14+00:00</time>
      </trkpt>
      <trkpt lat="46.15988" lon="6.69351">
        <ele>1503</ele>
        <time>2026-07-02T18:37:17+00:00</time>
      </trkpt>
      <trkpt lat="46.15978" lon="6.69349">
        <ele>1507</ele>
        <time>2026-07-02T18:37:20+00:00</time>
      </trkpt>
      <trkpt lat="46.15968" lon="6.69348">
        <ele>1507</ele>
        <time>2026-07-02T18:37:23+00:00</time>
      </trkpt>
      <trkpt lat="46.15958" lon="6.69346">
        <ele>1504</ele>
        <time>2026-07-02T18:37:26+00:00</time>
      </trkpt>
      <trkpt lat="46.15951" lon="6.69343">
        <ele>1504</ele>
        <time>2026-07-02T18:37:29+00:00</time>
      </trkpt>
      <trkpt lat="46.15945" lon="6.69342">
        <ele>1499</ele>
        <time>2026-07-02T18:37:32+00:00</time>
      </trkpt>
      <trkpt lat="46.1594" lon="6.69338">
        <ele>1499</ele>
        <time>2026-07-02T18:37:35+00:00</time>
      </trkpt>
      <trkpt lat="46.15935" lon="6.6933">
        <ele>1497</ele>
        <time>2026-07-02T18:37:38+00:00</time>
      </trkpt>
      <trkpt lat="46.15928" lon="6.6932">
        <ele>1492</ele>
        <time>2026-07-02T18:37:41+00:00</time>
      </trkpt>
      <trkpt lat="46.15922" lon="6.69312">
        <ele>1492</ele>
        <time>2026-07-02T18:37:44+00:00</time>
      </trkpt>
      <trkpt lat="46.15916" lon="6.69303">
        <ele>1489</ele>
        <time>2026-07-02T18:37:47+00:00</time>
      </trkpt>
      <trkpt lat="46.15912" lon="6.69299">
        <ele>1492</ele>
        <time>2026-07-02T18:37:50+00:00</time>
      </trkpt>
      <trkpt lat="46.15908" lon="6.69294">
        <ele>1492</ele>
        <time>2026-07-02T18:37:53+00:00</time>
      </trkpt>
      <trkpt lat="46.15901" lon="6.69286">
        <ele>1489</ele>
        <time>2026-07-02T18:37:56+00:00</time>
      </trkpt>
      <trkpt lat="46.15898" lon="6.69282">
        <ele>1490</ele>
        <time>2026-07-02T18:37:59+00:00</time>
      </trkpt>
      <trkpt lat="46.15893" lon="6.69281">
        <ele>1490</ele>
        <time>2026-07-02T18:38:02+00:00</time>
      </trkpt>
      <trkpt lat="46.15885" lon="6.69279">
        <ele>1492</ele>
        <time>2026-07-02T18:38:05+00:00</time>
      </trkpt>
      <trkpt lat="46.15878" lon="6.69277">
        <ele>1490</ele>
        <time>2026-07-02T18:38:08+00:00</time>
      </trkpt>
      <trkpt lat="46.15871" lon="6.69274">
        <ele>1490</ele>
        <time>2026-07-02T18:38:11+00:00</time>
      </trkpt>
      <trkpt lat="46.15867" lon="6.69272">
        <ele>1492</ele>
        <time>2026-07-02T18:38:14+00:00</time>
      </trkpt>
      <trkpt lat="46.15863" lon="6.69266">
        <ele>1491</ele>
        <time>2026-07-02T18:38:17+00:00</time>
      </trkpt>
      <trkpt lat="46.15861" lon="6.69263">
        <ele>1491</ele>
        <time>2026-07-02T18:38:20+00:00</time>
      </trkpt>
      <trkpt lat="46.15854" lon="6.69261">
        <ele>1492</ele>
        <time>2026-07-02T18:38:23+00:00</time>
      </trkpt>
      <trkpt lat="46.15849" lon="6.69261">
        <ele>1493</ele>
        <time>2026-07-02T18:38:26+00:00</time>
      </trkpt>
      <trkpt lat="46.15843" lon="6.69261">
        <ele>1493</ele>
        <time>2026-07-02T18:38:29+00:00</time>
      </trkpt>
      <trkpt lat="46.15838" lon="6.69262">
        <ele>1493</ele>
        <time>2026-07-02T18:38:32+00:00</time>
      </trkpt>
      <trkpt lat="46.15827" lon="6.69264">
        <ele>1493</ele>
        <time>2026-07-02T18:38:35+00:00</time>
      </trkpt>
      <trkpt lat="46.15823" lon="6.69263">
        <ele>1493</ele>
        <time>2026-07-02T18:38:38+00:00</time>
      </trkpt>
      <trkpt lat="46.15819" lon="6.69262">
        <ele>1492</ele>
        <time>2026-07-02T18:38:41+00:00</time>
      </trkpt>
      <trkpt lat="46.15814" lon="6.6926">
        <ele>1492</ele>
        <time>2026-07-02T18:38:44+00:00</time>
      </trkpt>
      <trkpt lat="46.15809" lon="6.69257">
        <ele>1496</ele>
        <time>2026-07-02T18:38:47+00:00</time>
      </trkpt>
      <trkpt lat="46.15805" lon="6.69255">
        <ele>1496</ele>
        <time>2026-07-02T18:38:50+00:00</time>
      </trkpt>
      <trkpt lat="46.15801" lon="6.69255">
        <ele>1496</ele>
        <time>2026-07-02T18:38:53+00:00</time>
      </trkpt>
      <trkpt lat="46.15794" lon="6.69258">
        <ele>1498</ele>
        <time>2026-07-02T18:38:56+00:00</time>
      </trkpt>
      <trkpt lat="46.15788" lon="6.69261">
        <ele>1500</ele>
        <time>2026-07-02T18:38:59+00:00</time>
      </trkpt>
      <trkpt lat="46.15777" lon="6.6927">
        <ele>1502</ele>
        <time>2026-07-02T18:39:02+00:00</time>
      </trkpt>
      <trkpt lat="46.15767" lon="6.69275">
        <ele>1503</ele>
        <time>2026-07-02T18:39:05+00:00</time>
      </trkpt>
      <trkpt lat="46.15752" lon="6.69281">
        <ele>1503</ele>
        <time>2026-07-02T18:39:08+00:00</time>
      </trkpt>
      <trkpt lat="46.1574" lon="6.69284">
        <ele>1505</ele>
        <time>2026-07-02T18:39:11+00:00</time>
      </trkpt>
      <trkpt lat="46.15735" lon="6.69286">
        <ele>1507</ele>
        <time>2026-07-02T18:39:14+00:00</time>
      </trkpt>
      <trkpt lat="46.15726" lon="6.69291">
        <ele>1509</ele>
        <time>2026-07-02T18:39:17+00:00</time>
      </trkpt>
      <trkpt lat="46.15716" lon="6.69297">
        <ele>1512</ele>
        <time>2026-07-02T18:39:20+00:00</time>
      </trkpt>
      <trkpt lat="46.15712" lon="6.69301">
        <ele>1511</ele>
        <time>2026-07-02T18:39:23+00:00</time>
      </trkpt>
      <trkpt lat="46.15709" lon="6.69308">
        <ele>1519</ele>
        <time>2026-07-02T18:39:26+00:00</time>
      </trkpt>
      <trkpt lat="46.15706" lon="6.69327">
        <ele>1519</ele>
        <time>2026-07-02T18:39:29+00:00</time>
      </trkpt>
      <trkpt lat="46.15704" lon="6.69337">
        <ele>1519</ele>
        <time>2026-07-02T18:39:32+00:00</time>
      </trkpt>
      <trkpt lat="46.15702" lon="6.69343">
        <ele>1517</ele>
        <time>2026-07-02T18:39:35+00:00</time>
      </trkpt>
      <trkpt lat="46.15698" lon="6.69348">
        <ele>1526</ele>
        <time>2026-07-02T18:39:38+00:00</time>
      </trkpt>
      <trkpt lat="46.1569" lon="6.6935">
        <ele>1522</ele>
        <time>2026-07-02T18:39:41+00:00</time>
      </trkpt>
      <trkpt lat="46.15679" lon="6.69352">
        <ele>1527</ele>
        <time>2026-07-02T18:39:44+00:00</time>
      </trkpt>
      <trkpt lat="46.15667" lon="6.6935">
        <ele>1532</ele>
        <time>2026-07-02T18:39:47+00:00</time>
      </trkpt>
      <trkpt lat="46.15656" lon="6.6935">
        <ele>1527</ele>
        <time>2026-07-02T18:39:50+00:00</time>
      </trkpt>
      <trkpt lat="46.15647" lon="6.69349">
        <ele>1531</ele>
        <time>2026-07-02T18:39:53+00:00</time>
      </trkpt>
      <trkpt lat="46.15632" lon="6.69353">
        <ele>1526</ele>
        <time>2026-07-02T18:39:56+00:00</time>
      </trkpt>
      <trkpt lat="46.15613" lon="6.69357">
        <ele>1526</ele>
        <time>2026-07-02T18:39:59+00:00</time>
      </trkpt>
      <trkpt lat="46.15603" lon="6.69359">
        <ele>1525</ele>
        <time>2026-07-02T18:40:02+00:00</time>
      </trkpt>
      <trkpt lat="46.15597" lon="6.69365">
        <ele>1524</ele>
        <time>2026-07-02T18:40:05+00:00</time>
      </trkpt>
      <trkpt lat="46.15586" lon="6.69375">
        <ele>1523</ele>
        <time>2026-07-02T18:40:08+00:00</time>
      </trkpt>
      <trkpt lat="46.15576" lon="6.69385">
        <ele>1522</ele>
        <time>2026-07-02T18:40:11+00:00</time>
      </trkpt>
      <trkpt lat="46.15566" lon="6.69394">
        <ele>1521</ele>
        <time>2026-07-02T18:40:14+00:00</time>
      </trkpt>
      <trkpt lat="46.15557" lon="6.69402">
        <ele>1519</ele>
        <time>2026-07-02T18:40:17+00:00</time>
      </trkpt>
      <trkpt lat="46.15553" lon="6.69405">
        <ele>1519</ele>
        <time>2026-07-02T18:40:20+00:00</time>
      </trkpt>
      <trkpt lat="46.15545" lon="6.69408">
        <ele>1521</ele>
        <time>2026-07-02T18:40:23+00:00</time>
      </trkpt>
      <trkpt lat="46.15537" lon="6.69413">
        <ele>1520</ele>
        <time>2026-07-02T18:40:26+00:00</time>
      </trkpt>
      <trkpt lat="46.1553" lon="6.69417">
        <ele>1522</ele>
        <time>2026-07-02T18:40:29+00:00</time>
      </trkpt>
      <trkpt lat="46.15519" lon="6.69423">
        <ele>1521</ele>
        <time>2026-07-02T18:40:32+00:00</time>
      </trkpt>
      <trkpt lat="46.15508" lon="6.69427">
        <ele>1521</ele>
        <time>2026-07-02T18:40:35+00:00</time>
      </trkpt>
      <trkpt lat="46.15499" lon="6.69428">
        <ele>1522</ele>
        <time>2026-07-02T18:40:38+00:00</time>
      </trkpt>
      <trkpt lat="46.15486" lon="6.69427">
        <ele>1523</ele>
        <time>2026-07-02T18:40:41+00:00</time>
      </trkpt>
      <trkpt lat="46.15476" lon="6.69426">
        <ele>1523</ele>
        <time>2026-07-02T18:40:44+00:00</time>
      </trkpt>
      <trkpt lat="46.15462" lon="6.69425">
        <ele>1524</ele>
        <time>2026-07-02T18:40:47+00:00</time>
      </trkpt>
      <trkpt lat="46.15455" lon="6.69424">
        <ele>1523</ele>
        <time>2026-07-02T18:40:50+00:00</time>
      </trkpt>
      <trkpt lat="46.15448" lon="6.69426">
        <ele>1522</ele>
        <time>2026-07-02T18:40:53+00:00</time>
      </trkpt>
      <trkpt lat="46.15437" lon="6.69429">
        <ele>1523</ele>
        <time>2026-07-02T18:40:56+00:00</time>
      </trkpt>
      <trkpt lat="46.15427" lon="6.69432">
        <ele>1522</ele>
        <time>2026-07-02T18:40:59+00:00</time>
      </trkpt>
      <trkpt lat="46.15421" lon="6.69433">
        <ele>1522</ele>
        <time>2026-07-02T18:41:02+00:00</time>
      </trkpt>
      <trkpt lat="46.15416" lon="6.69435">
        <ele>1523</ele>
        <time>2026-07-02T18:41:05+00:00</time>
      </trkpt>
      <trkpt lat="46.15406" lon="6.69437">
        <ele>1522</ele>
        <time>2026-07-02T18:41:08+00:00</time>
      </trkpt>
      <trkpt lat="46.15387" lon="6.69439">
        <ele>1521</ele>
        <time>2026-07-02T18:41:11+00:00</time>
      </trkpt>
      <trkpt lat="46.15371" lon="6.69437">
        <ele>1519</ele>
        <time>2026-07-02T18:41:14+00:00</time>
      </trkpt>
      <trkpt lat="46.15354" lon="6.69434">
        <ele>1514</ele>
        <time>2026-07-02T18:41:17+00:00</time>
      </trkpt>
      <trkpt lat="46.15331" lon="6.69429">
        <ele>1513</ele>
        <time>2026-07-02T18:41:20+00:00</time>
      </trkpt>
      <trkpt lat="46.15313" lon="6.69424">
        <ele>1512</ele>
        <time>2026-07-02T18:41:23+00:00</time>
      </trkpt>
      <trkpt lat="46.1531" lon="6.69424">
        <ele>1514</ele>
        <time>2026-07-02T18:41:26+00:00</time>
      </trkpt>
      <trkpt lat="46.153" lon="6.69421">
        <ele>1512</ele>
        <time>2026-07-02T18:41:29+00:00</time>
      </trkpt>
      <trkpt lat="46.15295" lon="6.69417">
        <ele>1514</ele>
        <time>2026-07-02T18:41:32+00:00</time>
      </trkpt>
      <trkpt lat="46.1529" lon="6.6941">
        <ele>1515</ele>
        <time>2026-07-02T18:41:35+00:00</time>
      </trkpt>
      <trkpt lat="46.15285" lon="6.69414">
        <ele>1515</ele>
        <time>2026-07-02T18:41:38+00:00</time>
      </trkpt>
      <trkpt lat="46.15275" lon="6.69413">
        <ele>1517</ele>
        <time>2026-07-02T18:41:41+00:00</time>
      </trkpt>
      <trkpt lat="46.15265" lon="6.69413">
        <ele>1518</ele>
        <time>2026-07-02T18:41:44+00:00</time>
      </trkpt>
      <trkpt lat="46.15257" lon="6.69412">
        <ele>1520</ele>
        <time>2026-07-02T18:41:47+00:00</time>
      </trkpt>
      <trkpt lat="46.15244" lon="6.69402">
        <ele>1519</ele>
        <time>2026-07-02T18:41:50+00:00</time>
      </trkpt>
      <trkpt lat="46.15232" lon="6.69386">
        <ele>1520</ele>
        <time>2026-07-02T18:41:53+00:00</time>
      </trkpt>
      <trkpt lat="46.15224" lon="6.6938">
        <ele>1521</ele>
        <time>2026-07-02T18:41:56+00:00</time>
      </trkpt>
      <trkpt lat="46.15217" lon="6.69377">
        <ele>1521</ele>
        <time>2026-07-02T18:41:59+00:00</time>
      </trkpt>
      <trkpt lat="46.15208" lon="6.69375">
        <ele>1522</ele>
        <time>2026-07-02T18:42:02+00:00</time>
      </trkpt>
      <trkpt lat="46.15202" lon="6.69376">
        <ele>1522</ele>
        <time>2026-07-02T18:42:05+00:00</time>
      </trkpt>
      <trkpt lat="46.15195" lon="6.6938">
        <ele>1525</ele>
        <time>2026-07-02T18:42:08+00:00</time>
      </trkpt>
      <trkpt lat="46.15185" lon="6.69385">
        <ele>1527</ele>
        <time>2026-07-02T18:42:11+00:00</time>
      </trkpt>
      <trkpt lat="46.15161" lon="6.69395">
        <ele>1531</ele>
        <time>2026-07-02T18:42:14+00:00</time>
      </trkpt>
      <trkpt lat="46.15152" lon="6.69399">
        <ele>1533</ele>
        <time>2026-07-02T18:42:17+00:00</time>
      </trkpt>
      <trkpt lat="46.15147" lon="6.69403">
        <ele>1535</ele>
        <time>2026-07-02T18:42:20+00:00</time>
      </trkpt>
      <trkpt lat="46.15136" lon="6.69412">
        <ele>1537</ele>
        <time>2026-07-02T18:42:23+00:00</time>
      </trkpt>
      <trkpt lat="46.15127" lon="6.69422">
        <ele>1540</ele>
        <time>2026-07-02T18:42:26+00:00</time>
      </trkpt>
      <trkpt lat="46.15121" lon="6.69429">
        <ele>1540</ele>
        <time>2026-07-02T18:42:29+00:00</time>
      </trkpt>
      <trkpt lat="46.15118" lon="6.69435">
        <ele>1542</ele>
        <time>2026-07-02T18:42:32+00:00</time>
      </trkpt>
      <trkpt lat="46.15111" lon="6.69443">
        <ele>1543</ele>
        <time>2026-07-02T18:42:35+00:00</time>
      </trkpt>
      <trkpt lat="46.15102" lon="6.69451">
        <ele>1544</ele>
        <time>2026-07-02T18:42:38+00:00</time>
      </trkpt>
      <trkpt lat="46.15095" lon="6.69455">
        <ele>1545</ele>
        <time>2026-07-02T18:42:41+00:00</time>
      </trkpt>
      <trkpt lat="46.15091" lon="6.69456">
        <ele>1545</ele>
        <time>2026-07-02T18:42:44+00:00</time>
      </trkpt>
      <trkpt lat="46.15087" lon="6.69457">
        <ele>1546</ele>
        <time>2026-07-02T18:42:47+00:00</time>
      </trkpt>
      <trkpt lat="46.15078" lon="6.69458">
        <ele>1546</ele>
        <time>2026-07-02T18:42:50+00:00</time>
      </trkpt>
      <trkpt lat="46.1506" lon="6.69459">
        <ele>1547</ele>
        <time>2026-07-02T18:42:53+00:00</time>
      </trkpt>
      <trkpt lat="46.15045" lon="6.69459">
        <ele>1548</ele>
        <time>2026-07-02T18:42:56+00:00</time>
      </trkpt>
      <trkpt lat="46.15033" lon="6.69455">
        <ele>1548</ele>
        <time>2026-07-02T18:42:59+00:00</time>
      </trkpt>
      <trkpt lat="46.15022" lon="6.69452">
        <ele>1548</ele>
        <time>2026-07-02T18:43:02+00:00</time>
      </trkpt>
      <trkpt lat="46.15012" lon="6.69448">
        <ele>1549</ele>
        <time>2026-07-02T18:43:05+00:00</time>
      </trkpt>
      <trkpt lat="46.15004" lon="6.69444">
        <ele>1550</ele>
        <time>2026-07-02T18:43:08+00:00</time>
      </trkpt>
      <trkpt lat="46.14998" lon="6.6944">
        <ele>1551</ele>
        <time>2026-07-02T18:43:11+00:00</time>
      </trkpt>
      <trkpt lat="46.14984" lon="6.69431">
        <ele>1552</ele>
        <time>2026-07-02T18:43:14+00:00</time>
      </trkpt>
      <trkpt lat="46.14973" lon="6.69421">
        <ele>1554</ele>
        <time>2026-07-02T18:43:17+00:00</time>
      </trkpt>
      <trkpt lat="46.14957" lon="6.69411">
        <ele>1557</ele>
        <time>2026-07-02T18:43:20+00:00</time>
      </trkpt>
      <trkpt lat="46.14952" lon="6.69406">
        <ele>1557</ele>
        <time>2026-07-02T18:43:23+00:00</time>
      </trkpt>
      <trkpt lat="46.14946" lon="6.69399">
        <ele>1560</ele>
        <time>2026-07-02T18:43:26+00:00</time>
      </trkpt>
      <trkpt lat="46.14939" lon="6.69394">
        <ele>1561</ele>
        <time>2026-07-02T18:43:29+00:00</time>
      </trkpt>
      <trkpt lat="46.14928" lon="6.69383">
        <ele>1564</ele>
        <time>2026-07-02T18:43:32+00:00</time>
      </trkpt>
      <trkpt lat="46.14917" lon="6.69373">
        <ele>1567</ele>
        <time>2026-07-02T18:43:35+00:00</time>
      </trkpt>
      <trkpt lat="46.14907" lon="6.69357">
        <ele>1571</ele>
        <time>2026-07-02T18:43:38+00:00</time>
      </trkpt>
      <trkpt lat="46.14881" lon="6.69328">
        <ele>1578</ele>
        <time>2026-07-02T18:43:41+00:00</time>
      </trkpt>
      <trkpt lat="46.14874" lon="6.69323">
        <ele>1579</ele>
        <time>2026-07-02T18:43:44+00:00</time>
      </trkpt>
      <trkpt lat="46.1486" lon="6.69311">
        <ele>1585</ele>
        <time>2026-07-02T18:43:47+00:00</time>
      </trkpt>
      <trkpt lat="46.14841" lon="6.693">
        <ele>1586</ele>
        <time>2026-07-02T18:43:50+00:00</time>
      </trkpt>
      <trkpt lat="46.14832" lon="6.69298">
        <ele>1587</ele>
        <time>2026-07-02T18:43:53+00:00</time>
      </trkpt>
      <trkpt lat="46.14826" lon="6.69296">
        <ele>1589</ele>
        <time>2026-07-02T18:43:56+00:00</time>
      </trkpt>
      <trkpt lat="46.14817" lon="6.69295">
        <ele>1590</ele>
        <time>2026-07-02T18:43:59+00:00</time>
      </trkpt>
      <trkpt lat="46.1481" lon="6.69296">
        <ele>1590</ele>
        <time>2026-07-02T18:44:02+00:00</time>
      </trkpt>
      <trkpt lat="46.14803" lon="6.69299">
        <ele>1591</ele>
        <time>2026-07-02T18:44:05+00:00</time>
      </trkpt>
      <trkpt lat="46.14796" lon="6.69301">
        <ele>1592</ele>
        <time>2026-07-02T18:44:08+00:00</time>
      </trkpt>
      <trkpt lat="46.14787" lon="6.69302">
        <ele>1593</ele>
        <time>2026-07-02T18:44:11+00:00</time>
      </trkpt>
      <trkpt lat="46.14781" lon="6.69304">
        <ele>1593</ele>
        <time>2026-07-02T18:44:14+00:00</time>
      </trkpt>
      <trkpt lat="46.14767" lon="6.69311">
        <ele>1596</ele>
        <time>2026-07-02T18:44:17+00:00</time>
      </trkpt>
      <trkpt lat="46.14758" lon="6.69314">
        <ele>1598</ele>
        <time>2026-07-02T18:44:20+00:00</time>
      </trkpt>
      <trkpt lat="46.14747" lon="6.69315">
        <ele>1598</ele>
        <time>2026-07-02T18:44:23+00:00</time>
      </trkpt>
      <trkpt lat="46.14746" lon="6.69315">
        <ele>1598</ele>
        <time>2026-07-02T18:44:26+00:00</time>
      </trkpt>
      <trkpt lat="46.14729" lon="6.69314">
        <ele>1599</ele>
        <time>2026-07-02T18:44:29+00:00</time>
      </trkpt>
      <trkpt lat="46.14711" lon="6.69314">
        <ele>1599</ele>
        <time>2026-07-02T18:44:32+00:00</time>
      </trkpt>
      <trkpt lat="46.14702" lon="6.69313">
        <ele>1600</ele>
        <time>2026-07-02T18:44:35+00:00</time>
      </trkpt>
      <trkpt lat="46.14697" lon="6.69312">
        <ele>1600</ele>
        <time>2026-07-02T18:44:38+00:00</time>
      </trkpt>
      <trkpt lat="46.1469" lon="6.69313">
        <ele>1600</ele>
        <time>2026-07-02T18:44:41+00:00</time>
      </trkpt>
      <trkpt lat="46.14681" lon="6.69315">
        <ele>1600</ele>
        <time>2026-07-02T18:44:44+00:00</time>
      </trkpt>
      <trkpt lat="46.14669" lon="6.69317">
        <ele>1600</ele>
        <time>2026-07-02T18:44:47+00:00</time>
      </trkpt>
      <trkpt lat="46.14661" lon="6.69318">
        <ele>1600</ele>
        <time>2026-07-02T18:44:50+00:00</time>
      </trkpt>
      <trkpt lat="46.14654" lon="6.69319">
        <ele>1599</ele>
        <time>2026-07-02T18:44:53+00:00</time>
      </trkpt>
      <trkpt lat="46.14647" lon="6.69321">
        <ele>1600</ele>
        <time>2026-07-02T18:44:56+00:00</time>
      </trkpt>
      <trkpt lat="46.14643" lon="6.69324">
        <ele>1600</ele>
        <time>2026-07-02T18:44:59+00:00</time>
      </trkpt>
      <trkpt lat="46.14637" lon="6.69331">
        <ele>1601</ele>
        <time>2026-07-02T18:45:02+00:00</time>
      </trkpt>
      <trkpt lat="46.14631" lon="6.6934">
        <ele>1601</ele>
        <time>2026-07-02T18:45:05+00:00</time>
      </trkpt>
      <trkpt lat="46.14618" lon="6.69357">
        <ele>1603</ele>
        <time>2026-07-02T18:45:08+00:00</time>
      </trkpt>
      <trkpt lat="46.14614" lon="6.69363">
        <ele>1604</ele>
        <time>2026-07-02T18:45:11+00:00</time>
      </trkpt>
      <trkpt lat="46.14609" lon="6.69368">
        <ele>1605</ele>
        <time>2026-07-02T18:45:14+00:00</time>
      </trkpt>
      <trkpt lat="46.14606" lon="6.69371">
        <ele>1605</ele>
        <time>2026-07-02T18:45:17+00:00</time>
      </trkpt>
      <trkpt lat="46.14602" lon="6.69381">
        <ele>1606</ele>
        <time>2026-07-02T18:45:20+00:00</time>
      </trkpt>
      <trkpt lat="46.14593" lon="6.69397">
        <ele>1607</ele>
        <time>2026-07-02T18:45:23+00:00</time>
      </trkpt>
      <trkpt lat="46.14588" lon="6.69405">
        <ele>1608</ele>
        <time>2026-07-02T18:45:26+00:00</time>
      </trkpt>
      <trkpt lat="46.14581" lon="6.69413">
        <ele>1608</ele>
        <time>2026-07-02T18:45:29+00:00</time>
      </trkpt>
      <trkpt lat="46.14577" lon="6.69416">
        <ele>1609</ele>
        <time>2026-07-02T18:45:32+00:00</time>
      </trkpt>
      <trkpt lat="46.14572" lon="6.69419">
        <ele>1609</ele>
        <time>2026-07-02T18:45:35+00:00</time>
      </trkpt>
      <trkpt lat="46.14559" lon="6.69424">
        <ele>1610</ele>
        <time>2026-07-02T18:45:38+00:00</time>
      </trkpt>
      <trkpt lat="46.14538" lon="6.69434">
        <ele>1610</ele>
        <time>2026-07-02T18:45:41+00:00</time>
      </trkpt>
      <trkpt lat="46.14523" lon="6.69439">
        <ele>1610</ele>
        <time>2026-07-02T18:45:44+00:00</time>
      </trkpt>
      <trkpt lat="46.14511" lon="6.6944">
        <ele>1612</ele>
        <time>2026-07-02T18:45:47+00:00</time>
      </trkpt>
      <trkpt lat="46.145" lon="6.69441">
        <ele>1613</ele>
        <time>2026-07-02T18:45:50+00:00</time>
      </trkpt>
      <trkpt lat="46.14489" lon="6.69442">
        <ele>1614</ele>
        <time>2026-07-02T18:45:53+00:00</time>
      </trkpt>
      <trkpt lat="46.14483" lon="6.69439">
        <ele>1613</ele>
        <time>2026-07-02T18:45:56+00:00</time>
      </trkpt>
      <trkpt lat="46.14481" lon="6.69431">
        <ele>1613</ele>
        <time>2026-07-02T18:45:59+00:00</time>
      </trkpt>
      <trkpt lat="46.14461" lon="6.69452">
        <ele>1615</ele>
        <time>2026-07-02T18:46:02+00:00</time>
      </trkpt>
      <trkpt lat="46.14453" lon="6.69457">
        <ele>1615</ele>
        <time>2026-07-02T18:46:05+00:00</time>
      </trkpt>
      <trkpt lat="46.14445" lon="6.6946">
        <ele>1615</ele>
        <time>2026-07-02T18:46:08+00:00</time>
      </trkpt>
      <trkpt lat="46.14439" lon="6.6946">
        <ele>1613</ele>
        <time>2026-07-02T18:46:11+00:00</time>
      </trkpt>
      <trkpt lat="46.14434" lon="6.69459">
        <ele>1615</ele>
        <time>2026-07-02T18:46:14+00:00</time>
      </trkpt>
      <trkpt lat="46.14424" lon="6.69454">
        <ele>1614</ele>
        <time>2026-07-02T18:46:17+00:00</time>
      </trkpt>
      <trkpt lat="46.14411" lon="6.69447">
        <ele>1612</ele>
        <time>2026-07-02T18:46:20+00:00</time>
      </trkpt>
      <trkpt lat="46.14405" lon="6.69442">
        <ele>1610</ele>
        <time>2026-07-02T18:46:23+00:00</time>
      </trkpt>
      <trkpt lat="46.14404" lon="6.69443">
        <ele>1610</ele>
        <time>2026-07-02T18:46:26+00:00</time>
      </trkpt>
      <trkpt lat="46.14391" lon="6.69457">
        <ele>1612</ele>
        <time>2026-07-02T18:46:29+00:00</time>
      </trkpt>
      <trkpt lat="46.14378" lon="6.69472">
        <ele>1613</ele>
        <time>2026-07-02T18:46:32+00:00</time>
      </trkpt>
      <trkpt lat="46.14367" lon="6.69481">
        <ele>1614</ele>
        <time>2026-07-02T18:46:35+00:00</time>
      </trkpt>
      <trkpt lat="46.14357" lon="6.69487">
        <ele>1614</ele>
        <time>2026-07-02T18:46:38+00:00</time>
      </trkpt>
      <trkpt lat="46.14339" lon="6.69493">
        <ele>1617</ele>
        <time>2026-07-02T18:46:41+00:00</time>
      </trkpt>
      <trkpt lat="46.14329" lon="6.69497">
        <ele>1617</ele>
        <time>2026-07-02T18:46:44+00:00</time>
      </trkpt>
      <trkpt lat="46.14315" lon="6.69502">
        <ele>1619</ele>
        <time>2026-07-02T18:46:47+00:00</time>
      </trkpt>
      <trkpt lat="46.14298" lon="6.69508">
        <ele>1620</ele>
        <time>2026-07-02T18:46:50+00:00</time>
      </trkpt>
      <trkpt lat="46.14285" lon="6.69511">
        <ele>1623</ele>
        <time>2026-07-02T18:46:53+00:00</time>
      </trkpt>
      <trkpt lat="46.14267" lon="6.69515">
        <ele>1625</ele>
        <time>2026-07-02T18:46:56+00:00</time>
      </trkpt>
      <trkpt lat="46.1425" lon="6.69518">
        <ele>1626</ele>
        <time>2026-07-02T18:46:59+00:00</time>
      </trkpt>
      <trkpt lat="46.1423" lon="6.69521">
        <ele>1629</ele>
        <time>2026-07-02T18:47:02+00:00</time>
      </trkpt>
      <trkpt lat="46.14211" lon="6.69525">
        <ele>1630</ele>
        <time>2026-07-02T18:47:05+00:00</time>
      </trkpt>
      <trkpt lat="46.14189" lon="6.6953">
        <ele>1632</ele>
        <time>2026-07-02T18:47:08+00:00</time>
      </trkpt>
      <trkpt lat="46.1417" lon="6.69533">
        <ele>1636</ele>
        <time>2026-07-02T18:47:11+00:00</time>
      </trkpt>
      <trkpt lat="46.14154" lon="6.69535">
        <ele>1639</ele>
        <time>2026-07-02T18:47:14+00:00</time>
      </trkpt>
      <trkpt lat="46.14141" lon="6.69534">
        <ele>1641</ele>
        <time>2026-07-02T18:47:17+00:00</time>
      </trkpt>
      <trkpt lat="46.14125" lon="6.69532">
        <ele>1647</ele>
        <time>2026-07-02T18:47:20+00:00</time>
      </trkpt>
      <trkpt lat="46.14108" lon="6.6953">
        <ele>1651</ele>
        <time>2026-07-02T18:47:23+00:00</time>
      </trkpt>
      <trkpt lat="46.14093" lon="6.69528">
        <ele>1652</ele>
        <time>2026-07-02T18:47:26+00:00</time>
      </trkpt>
      <trkpt lat="46.1408" lon="6.69531">
        <ele>1656</ele>
        <time>2026-07-02T18:47:29+00:00</time>
      </trkpt>
      <trkpt lat="46.14068" lon="6.69534">
        <ele>1657</ele>
        <time>2026-07-02T18:47:32+00:00</time>
      </trkpt>
      <trkpt lat="46.14057" lon="6.69536">
        <ele>1658</ele>
        <time>2026-07-02T18:47:35+00:00</time>
      </trkpt>
      <trkpt lat="46.14044" lon="6.69534">
        <ele>1658</ele>
        <time>2026-07-02T18:47:38+00:00</time>
      </trkpt>
      <trkpt lat="46.14034" lon="6.69533">
        <ele>1657</ele>
        <time>2026-07-02T18:47:41+00:00</time>
      </trkpt>
      <trkpt lat="46.1403" lon="6.69533">
        <ele>1659</ele>
        <time>2026-07-02T18:47:44+00:00</time>
      </trkpt>
      <trkpt lat="46.14017" lon="6.69531">
        <ele>1658</ele>
        <time>2026-07-02T18:47:47+00:00</time>
      </trkpt>
      <trkpt lat="46.14003" lon="6.69531">
        <ele>1657</ele>
        <time>2026-07-02T18:47:50+00:00</time>
      </trkpt>
      <trkpt lat="46.13989" lon="6.69533">
        <ele>1655</ele>
        <time>2026-07-02T18:47:53+00:00</time>
      </trkpt>
      <trkpt lat="46.13976" lon="6.69538">
        <ele>1654</ele>
        <time>2026-07-02T18:47:56+00:00</time>
      </trkpt>
      <trkpt lat="46.13958" lon="6.69544">
        <ele>1654</ele>
        <time>2026-07-02T18:47:59+00:00</time>
      </trkpt>
      <trkpt lat="46.13946" lon="6.69549">
        <ele>1653</ele>
        <time>2026-07-02T18:48:02+00:00</time>
      </trkpt>
      <trkpt lat="46.13939" lon="6.69556">
        <ele>1652</ele>
        <time>2026-07-02T18:48:05+00:00</time>
      </trkpt>
      <trkpt lat="46.13937" lon="6.69559">
        <ele>1652</ele>
        <time>2026-07-02T18:48:08+00:00</time>
      </trkpt>
      <trkpt lat="46.13931" lon="6.6957">
        <ele>1653</ele>
        <time>2026-07-02T18:48:11+00:00</time>
      </trkpt>
      <trkpt lat="46.13929" lon="6.69578">
        <ele>1653</ele>
        <time>2026-07-02T18:48:14+00:00</time>
      </trkpt>
      <trkpt lat="46.13927" lon="6.69586">
        <ele>1653</ele>
        <time>2026-07-02T18:48:17+00:00</time>
      </trkpt>
      <trkpt lat="46.13923" lon="6.6959">
        <ele>1652</ele>
        <time>2026-07-02T18:48:20+00:00</time>
      </trkpt>
      <trkpt lat="46.13914" lon="6.69598">
        <ele>1654</ele>
        <time>2026-07-02T18:48:23+00:00</time>
      </trkpt>
      <trkpt lat="46.13905" lon="6.69603">
        <ele>1655</ele>
        <time>2026-07-02T18:48:26+00:00</time>
      </trkpt>
      <trkpt lat="46.13897" lon="6.69607">
        <ele>1657</ele>
        <time>2026-07-02T18:48:29+00:00</time>
      </trkpt>
      <trkpt lat="46.13889" lon="6.69611">
        <ele>1659</ele>
        <time>2026-07-02T18:48:32+00:00</time>
      </trkpt>
      <trkpt lat="46.13883" lon="6.69613">
        <ele>1659</ele>
        <time>2026-07-02T18:48:35+00:00</time>
      </trkpt>
      <trkpt lat="46.13879" lon="6.69613">
        <ele>1660</ele>
        <time>2026-07-02T18:48:38+00:00</time>
      </trkpt>
      <trkpt lat="46.1387" lon="6.6961">
        <ele>1660</ele>
        <time>2026-07-02T18:48:41+00:00</time>
      </trkpt>
      <trkpt lat="46.13859" lon="6.69606">
        <ele>1663</ele>
        <time>2026-07-02T18:48:44+00:00</time>
      </trkpt>
      <trkpt lat="46.13843" lon="6.69602">
        <ele>1665</ele>
        <time>2026-07-02T18:48:47+00:00</time>
      </trkpt>
      <trkpt lat="46.13832" lon="6.69599">
        <ele>1664</ele>
        <time>2026-07-02T18:48:50+00:00</time>
      </trkpt>
      <trkpt lat="46.13824" lon="6.69598">
        <ele>1665</ele>
        <time>2026-07-02T18:48:53+00:00</time>
      </trkpt>
      <trkpt lat="46.13815" lon="6.69598">
        <ele>1665</ele>
        <time>2026-07-02T18:48:56+00:00</time>
      </trkpt>
      <trkpt lat="46.13807" lon="6.696">
        <ele>1667</ele>
        <time>2026-07-02T18:48:59+00:00</time>
      </trkpt>
      <trkpt lat="46.13802" lon="6.69603">
        <ele>1667</ele>
        <time>2026-07-02T18:49:02+00:00</time>
      </trkpt>
      <trkpt lat="46.13796" lon="6.69613">
        <ele>1667</ele>
        <time>2026-07-02T18:49:05+00:00</time>
      </trkpt>
      <trkpt lat="46.13785" lon="6.69635">
        <ele>1669</ele>
        <time>2026-07-02T18:49:08+00:00</time>
      </trkpt>
      <trkpt lat="46.13775" lon="6.69653">
        <ele>1670</ele>
        <time>2026-07-02T18:49:11+00:00</time>
      </trkpt>
      <trkpt lat="46.13766" lon="6.69667">
        <ele>1669</ele>
        <time>2026-07-02T18:49:14+00:00</time>
      </trkpt>
      <trkpt lat="46.13757" lon="6.69684">
        <ele>1669</ele>
        <time>2026-07-02T18:49:17+00:00</time>
      </trkpt>
      <trkpt lat="46.13743" lon="6.69706">
        <ele>1669</ele>
        <time>2026-07-02T18:49:20+00:00</time>
      </trkpt>
      <trkpt lat="46.13736" lon="6.69719">
        <ele>1669</ele>
        <time>2026-07-02T18:49:23+00:00</time>
      </trkpt>
      <trkpt lat="46.13731" lon="6.69725">
        <ele>1670</ele>
        <time>2026-07-02T18:49:26+00:00</time>
      </trkpt>
      <trkpt lat="46.13725" lon="6.69732">
        <ele>1670</ele>
        <time>2026-07-02T18:49:29+00:00</time>
      </trkpt>
      <trkpt lat="46.13721" lon="6.69739">
        <ele>1670</ele>
        <time>2026-07-02T18:49:32+00:00</time>
      </trkpt>
      <trkpt lat="46.13716" lon="6.69749">
        <ele>1669</ele>
        <time>2026-07-02T18:49:35+00:00</time>
      </trkpt>
      <trkpt lat="46.1371" lon="6.6976">
        <ele>1670</ele>
        <time>2026-07-02T18:49:38+00:00</time>
      </trkpt>
      <trkpt lat="46.13706" lon="6.69768">
        <ele>1670</ele>
        <time>2026-07-02T18:49:41+00:00</time>
      </trkpt>
      <trkpt lat="46.137" lon="6.69777">
        <ele>1671</ele>
        <time>2026-07-02T18:49:44+00:00</time>
      </trkpt>
      <trkpt lat="46.13691" lon="6.69792">
        <ele>1675</ele>
        <time>2026-07-02T18:49:47+00:00</time>
      </trkpt>
      <trkpt lat="46.13684" lon="6.69804">
        <ele>1677</ele>
        <time>2026-07-02T18:49:50+00:00</time>
      </trkpt>
      <trkpt lat="46.13682" lon="6.69809">
        <ele>1677</ele>
        <time>2026-07-02T18:49:53+00:00</time>
      </trkpt>
      <trkpt lat="46.13678" lon="6.69824">
        <ele>1684</ele>
        <time>2026-07-02T18:49:56+00:00</time>
      </trkpt>
      <trkpt lat="46.13674" lon="6.69838">
        <ele>1685</ele>
        <time>2026-07-02T18:49:59+00:00</time>
      </trkpt>
      <trkpt lat="46.1367" lon="6.69854">
        <ele>1684</ele>
        <time>2026-07-02T18:50:02+00:00</time>
      </trkpt>
      <trkpt lat="46.13667" lon="6.69862">
        <ele>1689</ele>
        <time>2026-07-02T18:50:05+00:00</time>
      </trkpt>
      <trkpt lat="46.13663" lon="6.69868">
        <ele>1689</ele>
        <time>2026-07-02T18:50:08+00:00</time>
      </trkpt>
      <trkpt lat="46.13655" lon="6.69875">
        <ele>1691</ele>
        <time>2026-07-02T18:50:11+00:00</time>
      </trkpt>
      <trkpt lat="46.13647" lon="6.69879">
        <ele>1694</ele>
        <time>2026-07-02T18:50:14+00:00</time>
      </trkpt>
      <trkpt lat="46.13638" lon="6.69882">
        <ele>1695</ele>
        <time>2026-07-02T18:50:17+00:00</time>
      </trkpt>
      <trkpt lat="46.13628" lon="6.69884">
        <ele>1697</ele>
        <time>2026-07-02T18:50:20+00:00</time>
      </trkpt>
      <trkpt lat="46.13615" lon="6.69887">
        <ele>1699</ele>
        <time>2026-07-02T18:50:23+00:00</time>
      </trkpt>
      <trkpt lat="46.13605" lon="6.69889">
        <ele>1702</ele>
        <time>2026-07-02T18:50:26+00:00</time>
      </trkpt>
      <trkpt lat="46.13598" lon="6.6989">
        <ele>1703</ele>
        <time>2026-07-02T18:50:29+00:00</time>
      </trkpt>
      <trkpt lat="46.1359" lon="6.6989">
        <ele>1704</ele>
        <time>2026-07-02T18:50:32+00:00</time>
      </trkpt>
      <trkpt lat="46.13582" lon="6.69888">
        <ele>1704</ele>
        <time>2026-07-02T18:50:35+00:00</time>
      </trkpt>
      <trkpt lat="46.1357" lon="6.69886">
        <ele>1705</ele>
        <time>2026-07-02T18:50:38+00:00</time>
      </trkpt>
      <trkpt lat="46.13555" lon="6.69883">
        <ele>1705</ele>
        <time>2026-07-02T18:50:41+00:00</time>
      </trkpt>
      <trkpt lat="46.13544" lon="6.6988">
        <ele>1706</ele>
        <time>2026-07-02T18:50:44+00:00</time>
      </trkpt>
      <trkpt lat="46.13533" lon="6.69879">
        <ele>1707</ele>
        <time>2026-07-02T18:50:47+00:00</time>
      </trkpt>
      <trkpt lat="46.13506" lon="6.69881">
        <ele>1708</ele>
        <time>2026-07-02T18:50:50+00:00</time>
      </trkpt>
      <trkpt lat="46.13486" lon="6.699">
        <ele>1710</ele>
        <time>2026-07-02T18:50:53+00:00</time>
      </trkpt>
      <trkpt lat="46.13481" lon="6.69905">
        <ele>1710</ele>
        <time>2026-07-02T18:50:56+00:00</time>
      </trkpt>
      <trkpt lat="46.13476" lon="6.6991">
        <ele>1712</ele>
        <time>2026-07-02T18:50:59+00:00</time>
      </trkpt>
      <trkpt lat="46.13473" lon="6.69916">
        <ele>1712</ele>
        <time>2026-07-02T18:51:02+00:00</time>
      </trkpt>
      <trkpt lat="46.13467" lon="6.69926">
        <ele>1715</ele>
        <time>2026-07-02T18:51:05+00:00</time>
      </trkpt>
      <trkpt lat="46.13463" lon="6.69935">
        <ele>1716</ele>
        <time>2026-07-02T18:51:08+00:00</time>
      </trkpt>
      <trkpt lat="46.1346" lon="6.69944">
        <ele>1722</ele>
        <time>2026-07-02T18:51:11+00:00</time>
      </trkpt>
      <trkpt lat="46.13454" lon="6.69962">
        <ele>1722</ele>
        <time>2026-07-02T18:51:14+00:00</time>
      </trkpt>
      <trkpt lat="46.13451" lon="6.69974">
        <ele>1720</ele>
        <time>2026-07-02T18:51:17+00:00</time>
      </trkpt>
      <trkpt lat="46.13447" lon="6.69983">
        <ele>1724</ele>
        <time>2026-07-02T18:51:20+00:00</time>
      </trkpt>
      <trkpt lat="46.13442" lon="6.6999">
        <ele>1722</ele>
        <time>2026-07-02T18:51:23+00:00</time>
      </trkpt>
      <trkpt lat="46.13438" lon="6.69996">
        <ele>1728</ele>
        <time>2026-07-02T18:51:26+00:00</time>
      </trkpt>
      <trkpt lat="46.13433" lon="6.70002">
        <ele>1725</ele>
        <time>2026-07-02T18:51:29+00:00</time>
      </trkpt>
      <trkpt lat="46.13425" lon="6.70015">
        <ele>1726</ele>
        <time>2026-07-02T18:51:32+00:00</time>
      </trkpt>
      <trkpt lat="46.13417" lon="6.70028">
        <ele>1734</ele>
        <time>2026-07-02T18:51:35+00:00</time>
      </trkpt>
      <trkpt lat="46.1341" lon="6.70039">
        <ele>1730</ele>
        <time>2026-07-02T18:51:38+00:00</time>
      </trkpt>
      <trkpt lat="46.13405" lon="6.70045">
        <ele>1732</ele>
        <time>2026-07-02T18:51:41+00:00</time>
      </trkpt>
      <trkpt lat="46.13397" lon="6.70051">
        <ele>1735</ele>
        <time>2026-07-02T18:51:44+00:00</time>
      </trkpt>
      <trkpt lat="46.13389" lon="6.70058">
        <ele>1739</ele>
        <time>2026-07-02T18:51:47+00:00</time>
      </trkpt>
      <trkpt lat="46.13383" lon="6.70065">
        <ele>1734</ele>
        <time>2026-07-02T18:51:50+00:00</time>
      </trkpt>
      <trkpt lat="46.1337" lon="6.70075">
        <ele>1740</ele>
        <time>2026-07-02T18:51:53+00:00</time>
      </trkpt>
      <trkpt lat="46.1336" lon="6.7008">
        <ele>1740</ele>
        <time>2026-07-02T18:51:56+00:00</time>
      </trkpt>
      <trkpt lat="46.1335" lon="6.70087">
        <ele>1743</ele>
        <time>2026-07-02T18:51:59+00:00</time>
      </trkpt>
      <trkpt lat="46.13342" lon="6.70091">
        <ele>1736</ele>
        <time>2026-07-02T18:52:02+00:00</time>
      </trkpt>
      <trkpt lat="46.13335" lon="6.70093">
        <ele>1740</ele>
        <time>2026-07-02T18:52:05+00:00</time>
      </trkpt>
      <trkpt lat="46.13325" lon="6.70092">
        <ele>1743</ele>
        <time>2026-07-02T18:52:08+00:00</time>
      </trkpt>
      <trkpt lat="46.13314" lon="6.70092">
        <ele>1744</ele>
        <time>2026-07-02T18:52:11+00:00</time>
      </trkpt>
      <trkpt lat="46.13303" lon="6.70095">
        <ele>1746</ele>
        <time>2026-07-02T18:52:14+00:00</time>
      </trkpt>
      <trkpt lat="46.13294" lon="6.70099">
        <ele>1748</ele>
        <time>2026-07-02T18:52:17+00:00</time>
      </trkpt>
      <trkpt lat="46.13283" lon="6.70106">
        <ele>1747</ele>
        <time>2026-07-02T18:52:20+00:00</time>
      </trkpt>
      <trkpt lat="46.13274" lon="6.70112">
        <ele>1747</ele>
        <time>2026-07-02T18:52:23+00:00</time>
      </trkpt>
      <trkpt lat="46.13265" lon="6.70117">
        <ele>1748</ele>
        <time>2026-07-02T18:52:26+00:00</time>
      </trkpt>
      <trkpt lat="46.13255" lon="6.70122">
        <ele>1747</ele>
        <time>2026-07-02T18:52:29+00:00</time>
      </trkpt>
      <trkpt lat="46.13245" lon="6.70127">
        <ele>1749</ele>
        <time>2026-07-02T18:52:32+00:00</time>
      </trkpt>
      <trkpt lat="46.13238" lon="6.70131">
        <ele>1749</ele>
        <time>2026-07-02T18:52:35+00:00</time>
      </trkpt>
      <trkpt lat="46.13232" lon="6.70136">
        <ele>1749</ele>
        <time>2026-07-02T18:52:38+00:00</time>
      </trkpt>
      <trkpt lat="46.13227" lon="6.70142">
        <ele>1750</ele>
        <time>2026-07-02T18:52:41+00:00</time>
      </trkpt>
      <trkpt lat="46.13221" lon="6.70149">
        <ele>1750</ele>
        <time>2026-07-02T18:52:44+00:00</time>
      </trkpt>
      <trkpt lat="46.13217" lon="6.70156">
        <ele>1751</ele>
        <time>2026-07-02T18:52:47+00:00</time>
      </trkpt>
      <trkpt lat="46.13208" lon="6.70167">
        <ele>1752</ele>
        <time>2026-07-02T18:52:50+00:00</time>
      </trkpt>
      <trkpt lat="46.13196" lon="6.70182">
        <ele>1753</ele>
        <time>2026-07-02T18:52:53+00:00</time>
      </trkpt>
      <trkpt lat="46.13184" lon="6.70197">
        <ele>1755</ele>
        <time>2026-07-02T18:52:56+00:00</time>
      </trkpt>
      <trkpt lat="46.13176" lon="6.70208">
        <ele>1757</ele>
        <time>2026-07-02T18:52:59+00:00</time>
      </trkpt>
      <trkpt lat="46.13168" lon="6.70217">
        <ele>1759</ele>
        <time>2026-07-02T18:53:02+00:00</time>
      </trkpt>
      <trkpt lat="46.13162" lon="6.70221">
        <ele>1759</ele>
        <time>2026-07-02T18:53:05+00:00</time>
      </trkpt>
      <trkpt lat="46.13158" lon="6.70226">
        <ele>1761</ele>
        <time>2026-07-02T18:53:08+00:00</time>
      </trkpt>
      <trkpt lat="46.13153" lon="6.70228">
        <ele>1761</ele>
        <time>2026-07-02T18:53:11+00:00</time>
      </trkpt>
      <trkpt lat="46.1315" lon="6.7023">
        <ele>1763</ele>
        <time>2026-07-02T18:53:14+00:00</time>
      </trkpt>
      <trkpt lat="46.13145" lon="6.70236">
        <ele>1763</ele>
        <time>2026-07-02T18:53:17+00:00</time>
      </trkpt>
      <trkpt lat="46.13143" lon="6.70242">
        <ele>1764</ele>
        <time>2026-07-02T18:53:20+00:00</time>
      </trkpt>
      <trkpt lat="46.13138" lon="6.70255">
        <ele>1767</ele>
        <time>2026-07-02T18:53:23+00:00</time>
      </trkpt>
      <trkpt lat="46.13133" lon="6.70269">
        <ele>1768</ele>
        <time>2026-07-02T18:53:26+00:00</time>
      </trkpt>
      <trkpt lat="46.13132" lon="6.70279">
        <ele>1769</ele>
        <time>2026-07-02T18:53:29+00:00</time>
      </trkpt>
      <trkpt lat="46.13131" lon="6.70301">
        <ele>1773</ele>
        <time>2026-07-02T18:53:32+00:00</time>
      </trkpt>
      <trkpt lat="46.13131" lon="6.7032">
        <ele>1774</ele>
        <time>2026-07-02T18:53:35+00:00</time>
      </trkpt>
      <trkpt lat="46.13131" lon="6.7034">
        <ele>1779</ele>
        <time>2026-07-02T18:53:38+00:00</time>
      </trkpt>
      <trkpt lat="46.13132" lon="6.70359">
        <ele>1781</ele>
        <time>2026-07-02T18:53:41+00:00</time>
      </trkpt>
      <trkpt lat="46.13132" lon="6.70372">
        <ele>1786</ele>
        <time>2026-07-02T18:53:44+00:00</time>
      </trkpt>
      <trkpt lat="46.13133" lon="6.70384">
        <ele>1789</ele>
        <time>2026-07-02T18:53:47+00:00</time>
      </trkpt>
      <trkpt lat="46.13134" lon="6.70394">
        <ele>1794</ele>
        <time>2026-07-02T18:53:50+00:00</time>
      </trkpt>
      <trkpt lat="46.13136" lon="6.70413">
        <ele>1799</ele>
        <time>2026-07-02T18:53:53+00:00</time>
      </trkpt>
      <trkpt lat="46.13135" lon="6.70423">
        <ele>1803</ele>
        <time>2026-07-02T18:53:56+00:00</time>
      </trkpt>
      <trkpt lat="46.13134" lon="6.7043">
        <ele>1805</ele>
        <time>2026-07-02T18:53:59+00:00</time>
      </trkpt>
      <trkpt lat="46.13131" lon="6.70437">
        <ele>1805</ele>
        <time>2026-07-02T18:54:02+00:00</time>
      </trkpt>
      <trkpt lat="46.13128" lon="6.70442">
        <ele>1810</ele>
        <time>2026-07-02T18:54:05+00:00</time>
      </trkpt>
      <trkpt lat="46.13125" lon="6.70451">
        <ele>1811</ele>
        <time>2026-07-02T18:54:08+00:00</time>
      </trkpt>
      <trkpt lat="46.13121" lon="6.70456">
        <ele>1811</ele>
        <time>2026-07-02T18:54:11+00:00</time>
      </trkpt>
      <trkpt lat="46.13115" lon="6.70459">
        <ele>1811</ele>
        <time>2026-07-02T18:54:14+00:00</time>
      </trkpt>
      <trkpt lat="46.13112" lon="6.7046">
        <ele>1810</ele>
        <time>2026-07-02T18:54:17+00:00</time>
      </trkpt>
      <trkpt lat="46.13108" lon="6.70462">
        <ele>1809</ele>
        <time>2026-07-02T18:54:20+00:00</time>
      </trkpt>
      <trkpt lat="46.13105" lon="6.70461">
        <ele>1809</ele>
        <time>2026-07-02T18:54:23+00:00</time>
      </trkpt>
      <trkpt lat="46.1311" lon="6.70465">
        <ele>1809</ele>
        <time>2026-07-02T18:54:26+00:00</time>
      </trkpt>
      <trkpt lat="46.13117" lon="6.7047">
        <ele>1810</ele>
        <time>2026-07-02T18:54:29+00:00</time>
      </trkpt>
      <trkpt lat="46.1312" lon="6.70473">
        <ele>1810</ele>
        <time>2026-07-02T18:54:32+00:00</time>
      </trkpt>
      <trkpt lat="46.13123" lon="6.70474">
        <ele>1810</ele>
        <time>2026-07-02T18:54:35+00:00</time>
      </trkpt>
      <trkpt lat="46.13125" lon="6.70474">
        <ele>1810</ele>
        <time>2026-07-02T18:54:38+00:00</time>
      </trkpt>
      <trkpt lat="46.13129" lon="6.70472">
        <ele>1810</ele>
        <time>2026-07-02T18:54:41+00:00</time>
      </trkpt>
      <trkpt lat="46.13132" lon="6.70472">
        <ele>1811</ele>
        <time>2026-07-02T18:54:44+00:00</time>
      </trkpt>
      <trkpt lat="46.13135" lon="6.70475">
        <ele>1811</ele>
        <time>2026-07-02T18:54:47+00:00</time>
      </trkpt>
      <trkpt lat="46.13137" lon="6.7048">
        <ele>1811</ele>
        <time>2026-07-02T18:54:50+00:00</time>
      </trkpt>
      <trkpt lat="46.1314" lon="6.70482">
        <ele>1813</ele>
        <time>2026-07-02T18:54:53+00:00</time>
      </trkpt>
      <trkpt lat="46.13143" lon="6.70484">
        <ele>1813</ele>
        <time>2026-07-02T18:54:56+00:00</time>
      </trkpt>
      <trkpt lat="46.13144" lon="6.70486">
        <ele>1813</ele>
        <time>2026-07-02T18:54:59+00:00</time>
      </trkpt>
      <trkpt lat="46.13146" lon="6.7049">
        <ele>1813</ele>
        <time>2026-07-02T18:55:02+00:00</time>
      </trkpt>
      <trkpt lat="46.13148" lon="6.70494">
        <ele>1813</ele>
        <time>2026-07-02T18:55:05+00:00</time>
      </trkpt>
      <trkpt lat="46.13149" lon="6.70499">
        <ele>1813</ele>
        <time>2026-07-02T18:55:08+00:00</time>
      </trkpt>
      <trkpt lat="46.1315" lon="6.70503">
        <ele>1815</ele>
        <time>2026-07-02T18:55:11+00:00</time>
      </trkpt>
      <trkpt lat="46.13152" lon="6.70508">
        <ele>1816</ele>
        <time>2026-07-02T18:55:14+00:00</time>
      </trkpt>
      <trkpt lat="46.13154" lon="6.7051">
        <ele>1818</ele>
        <time>2026-07-02T18:55:17+00:00</time>
      </trkpt>
      <trkpt lat="46.13156" lon="6.70513">
        <ele>1818</ele>
        <time>2026-07-02T18:55:20+00:00</time>
      </trkpt>
      <trkpt lat="46.13158" lon="6.70515">
        <ele>1818</ele>
        <time>2026-07-02T18:55:23+00:00</time>
      </trkpt>
      <trkpt lat="46.13159" lon="6.70519">
        <ele>1818</ele>
        <time>2026-07-02T18:55:26+00:00</time>
      </trkpt>
      <trkpt lat="46.13161" lon="6.70521">
        <ele>1822</ele>
        <time>2026-07-02T18:55:29+00:00</time>
      </trkpt>
      <trkpt lat="46.13163" lon="6.70526">
        <ele>1822</ele>
        <time>2026-07-02T18:55:32+00:00</time>
      </trkpt>
      <trkpt lat="46.13164" lon="6.70531">
        <ele>1822</ele>
        <time>2026-07-02T18:55:35+00:00</time>
      </trkpt>
      <trkpt lat="46.13166" lon="6.70536">
        <ele>1822</ele>
        <time>2026-07-02T18:55:38+00:00</time>
      </trkpt>
      <trkpt lat="46.13167" lon="6.70538">
        <ele>1822</ele>
        <time>2026-07-02T18:55:41+00:00</time>
      </trkpt>
      <trkpt lat="46.13168" lon="6.7054">
        <ele>1822</ele>
        <time>2026-07-02T18:55:44+00:00</time>
      </trkpt>
      <trkpt lat="46.13168" lon="6.70543">
        <ele>1819</ele>
        <time>2026-07-02T18:55:47+00:00</time>
      </trkpt>
      <trkpt lat="46.13168" lon="6.70546">
        <ele>1821</ele>
        <time>2026-07-02T18:55:50+00:00</time>
      </trkpt>
      <trkpt lat="46.13169" lon="6.70551">
        <ele>1821</ele>
        <time>2026-07-02T18:55:53+00:00</time>
      </trkpt>
      <trkpt lat="46.1317" lon="6.70553">
        <ele>1821</ele>
        <time>2026-07-02T18:55:56+00:00</time>
      </trkpt>
      <trkpt lat="46.1317" lon="6.70555">
        <ele>1821</ele>
        <time>2026-07-02T18:55:59+00:00</time>
      </trkpt>
      <trkpt lat="46.1317" lon="6.70559">
        <ele>1821</ele>
        <time>2026-07-02T18:56:02+00:00</time>
      </trkpt>
      <trkpt lat="46.1317" lon="6.70563">
        <ele>1821</ele>
        <time>2026-07-02T18:56:05+00:00</time>
      </trkpt>
      <trkpt lat="46.13171" lon="6.70567">
        <ele>1821</ele>
        <time>2026-07-02T18:56:08+00:00</time>
      </trkpt>
      <trkpt lat="46.13172" lon="6.70571">
        <ele>1818</ele>
        <time>2026-07-02T18:56:11+00:00</time>
      </trkpt>
      <trkpt lat="46.13173" lon="6.70577">
        <ele>1820</ele>
        <time>2026-07-02T18:56:14+00:00</time>
      </trkpt>
      <trkpt lat="46.13173" lon="6.70583">
        <ele>1819</ele>
        <time>2026-07-02T18:56:17+00:00</time>
      </trkpt>
      <trkpt lat="46.13175" lon="6.70589">
        <ele>1819</ele>
        <time>2026-07-02T18:56:20+00:00</time>
      </trkpt>
      <trkpt lat="46.13174" lon="6.70594">
        <ele>1817</ele>
        <time>2026-07-02T18:56:23+00:00</time>
      </trkpt>
      <trkpt lat="46.13173" lon="6.70597">
        <ele>1817</ele>
        <time>2026-07-02T18:56:26+00:00</time>
      </trkpt>
      <trkpt lat="46.13172" lon="6.70599">
        <ele>1817</ele>
        <time>2026-07-02T18:56:29+00:00</time>
      </trkpt>
      <trkpt lat="46.13172" lon="6.706">
        <ele>1817</ele>
        <time>2026-07-02T18:56:32+00:00</time>
      </trkpt>
      <trkpt lat="46.13171" lon="6.70605">
        <ele>1815</ele>
        <time>2026-07-02T18:56:35+00:00</time>
      </trkpt>
      <trkpt lat="46.13172" lon="6.70612">
        <ele>1813</ele>
        <time>2026-07-02T18:56:38+00:00</time>
      </trkpt>
      <trkpt lat="46.13174" lon="6.7062">
        <ele>1812</ele>
        <time>2026-07-02T18:56:41+00:00</time>
      </trkpt>
      <trkpt lat="46.13179" lon="6.70634">
        <ele>1808</ele>
        <time>2026-07-02T18:56:44+00:00</time>
      </trkpt>
      <trkpt lat="46.1318" lon="6.70638">
        <ele>1808</ele>
        <time>2026-07-02T18:56:47+00:00</time>
      </trkpt>
      <trkpt lat="46.13182" lon="6.70641">
        <ele>1811</ele>
        <time>2026-07-02T18:56:50+00:00</time>
      </trkpt>
      <trkpt lat="46.13184" lon="6.70644">
        <ele>1811</ele>
        <time>2026-07-02T18:56:53+00:00</time>
      </trkpt>
      <trkpt lat="46.13185" lon="6.7065">
        <ele>1808</ele>
        <time>2026-07-02T18:56:56+00:00</time>
      </trkpt>
      <trkpt lat="46.13186" lon="6.70654">
        <ele>1808</ele>
        <time>2026-07-02T18:56:59+00:00</time>
      </trkpt>
      <trkpt lat="46.13187" lon="6.70659">
        <ele>1808</ele>
        <time>2026-07-02T18:57:02+00:00</time>
      </trkpt>
      <trkpt lat="46.13189" lon="6.70664">
        <ele>1803</ele>
        <time>2026-07-02T18:57:05+00:00</time>
      </trkpt>
      <trkpt lat="46.13189" lon="6.7067">
        <ele>1803</ele>
        <time>2026-07-02T18:57:08+00:00</time>
      </trkpt>
      <trkpt lat="46.13191" lon="6.70673">
        <ele>1808</ele>
        <time>2026-07-02T18:57:11+00:00</time>
      </trkpt>
      <trkpt lat="46.13193" lon="6.70678">
        <ele>1808</ele>
        <time>2026-07-02T18:57:14+00:00</time>
      </trkpt>
      <trkpt lat="46.13194" lon="6.70681">
        <ele>1806</ele>
        <time>2026-07-02T18:57:17+00:00</time>
      </trkpt>
      <trkpt lat="46.13196" lon="6.70684">
        <ele>1806</ele>
        <time>2026-07-02T18:57:20+00:00</time>
      </trkpt>
      <trkpt lat="46.13198" lon="6.70686">
        <ele>1806</ele>
        <time>2026-07-02T18:57:23+00:00</time>
      </trkpt>
      <trkpt lat="46.13199" lon="6.70691">
        <ele>1802</ele>
        <time>2026-07-02T18:57:26+00:00</time>
      </trkpt>
      <trkpt lat="46.13202" lon="6.70695">
        <ele>1806</ele>
        <time>2026-07-02T18:57:29+00:00</time>
      </trkpt>
      <trkpt lat="46.13203" lon="6.70698">
        <ele>1806</ele>
        <time>2026-07-02T18:57:32+00:00</time>
      </trkpt>
      <trkpt lat="46.13203" lon="6.70701">
        <ele>1804</ele>
        <time>2026-07-02T18:57:35+00:00</time>
      </trkpt>
      <trkpt lat="46.13203" lon="6.70706">
        <ele>1804</ele>
        <time>2026-07-02T18:57:38+00:00</time>
      </trkpt>
      <trkpt lat="46.13204" lon="6.70709">
        <ele>1804</ele>
        <time>2026-07-02T18:57:41+00:00</time>
      </trkpt>
      <trkpt lat="46.13204" lon="6.70713">
        <ele>1801</ele>
        <time>2026-07-02T18:57:44+00:00</time>
      </trkpt>
      <trkpt lat="46.13206" lon="6.70715">
        <ele>1801</ele>
        <time>2026-07-02T18:57:47+00:00</time>
      </trkpt>
      <trkpt lat="46.13206" lon="6.70717">
        <ele>1801</ele>
        <time>2026-07-02T18:57:50+00:00</time>
      </trkpt>
      <trkpt lat="46.13208" lon="6.70718">
        <ele>1801</ele>
        <time>2026-07-02T18:57:53+00:00</time>
      </trkpt>
      <trkpt lat="46.13209" lon="6.70721">
        <ele>1797</ele>
        <time>2026-07-02T18:57:56+00:00</time>
      </trkpt>
      <trkpt lat="46.13211" lon="6.70721">
        <ele>1801</ele>
        <time>2026-07-02T18:57:59+00:00</time>
      </trkpt>
      <trkpt lat="46.13212" lon="6.70731">
        <ele>1799</ele>
        <time>2026-07-02T18:58:02+00:00</time>
      </trkpt>
      <trkpt lat="46.13214" lon="6.70732">
        <ele>1799</ele>
        <time>2026-07-02T18:58:05+00:00</time>
      </trkpt>
      <trkpt lat="46.13215" lon="6.70734">
        <ele>1799</ele>
        <time>2026-07-02T18:58:08+00:00</time>
      </trkpt>
      <trkpt lat="46.13215" lon="6.70737">
        <ele>1799</ele>
        <time>2026-07-02T18:58:11+00:00</time>
      </trkpt>
      <trkpt lat="46.13217" lon="6.70741">
        <ele>1797</ele>
        <time>2026-07-02T18:58:14+00:00</time>
      </trkpt>
      <trkpt lat="46.13219" lon="6.70744">
        <ele>1797</ele>
        <time>2026-07-02T18:58:17+00:00</time>
      </trkpt>
      <trkpt lat="46.13221" lon="6.70748">
        <ele>1798</ele>
        <time>2026-07-02T18:58:20+00:00</time>
      </trkpt>
      <trkpt lat="46.1322" lon="6.70754">
        <ele>1795</ele>
        <time>2026-07-02T18:58:23+00:00</time>
      </trkpt>
      <trkpt lat="46.13219" lon="6.70758">
        <ele>1793</ele>
        <time>2026-07-02T18:58:26+00:00</time>
      </trkpt>
      <trkpt lat="46.13218" lon="6.70762">
        <ele>1790</ele>
        <time>2026-07-02T18:58:29+00:00</time>
      </trkpt>
      <trkpt lat="46.13218" lon="6.70766">
        <ele>1790</ele>
        <time>2026-07-02T18:58:32+00:00</time>
      </trkpt>
      <trkpt lat="46.13219" lon="6.70769">
        <ele>1790</ele>
        <time>2026-07-02T18:58:35+00:00</time>
      </trkpt>
      <trkpt lat="46.13221" lon="6.70769">
        <ele>1793</ele>
        <time>2026-07-02T18:58:38+00:00</time>
      </trkpt>
      <trkpt lat="46.13221" lon="6.70771">
        <ele>1790</ele>
        <time>2026-07-02T18:58:41+00:00</time>
      </trkpt>
      <trkpt lat="46.13221" lon="6.70775">
        <ele>1790</ele>
        <time>2026-07-02T18:58:44+00:00</time>
      </trkpt>
      <trkpt lat="46.1322" lon="6.70779">
        <ele>1787</ele>
        <time>2026-07-02T18:58:47+00:00</time>
      </trkpt>
      <trkpt lat="46.13219" lon="6.70785">
        <ele>1782</ele>
        <time>2026-07-02T18:58:50+00:00</time>
      </trkpt>
      <trkpt lat="46.13217" lon="6.70792">
        <ele>1779</ele>
        <time>2026-07-02T18:58:53+00:00</time>
      </trkpt>
      <trkpt lat="46.13216" lon="6.70797">
        <ele>1779</ele>
        <time>2026-07-02T18:58:56+00:00</time>
      </trkpt>
      <trkpt lat="46.13216" lon="6.70801">
        <ele>1776</ele>
        <time>2026-07-02T18:58:59+00:00</time>
      </trkpt>
      <trkpt lat="46.13217" lon="6.70803">
        <ele>1776</ele>
        <time>2026-07-02T18:59:02+00:00</time>
      </trkpt>
      <trkpt lat="46.13217" lon="6.70808">
        <ele>1776</ele>
        <time>2026-07-02T18:59:05+00:00</time>
      </trkpt>
      <trkpt lat="46.13217" lon="6.70811">
        <ele>1771</ele>
        <time>2026-07-02T18:59:08+00:00</time>
      </trkpt>
      <trkpt lat="46.13215" lon="6.7081">
        <ele>1776</ele>
        <time>2026-07-02T18:59:11+00:00</time>
      </trkpt>
      <trkpt lat="46.13212" lon="6.70807">
        <ele>1776</ele>
        <time>2026-07-02T18:59:14+00:00</time>
      </trkpt>
      <trkpt lat="46.13211" lon="6.70805">
        <ele>1776</ele>
        <time>2026-07-02T18:59:17+00:00</time>
      </trkpt>
      <trkpt lat="46.1321" lon="6.70802">
        <ele>1776</ele>
        <time>2026-07-02T18:59:20+00:00</time>
      </trkpt>
      <trkpt lat="46.13209" lon="6.70802">
        <ele>1768</ele>
        <time>2026-07-02T18:59:23+00:00</time>
      </trkpt>
      <trkpt lat="46.13208" lon="6.70803">
        <ele>1768</ele>
        <time>2026-07-02T18:59:26+00:00</time>
      </trkpt>
      <trkpt lat="46.13207" lon="6.70802">
        <ele>1768</ele>
        <time>2026-07-02T18:59:29+00:00</time>
      </trkpt>
      <trkpt lat="46.13205" lon="6.70798">
        <ele>1771</ele>
        <time>2026-07-02T18:59:32+00:00</time>
      </trkpt>
      <trkpt lat="46.13204" lon="6.70796">
        <ele>1771</ele>
        <time>2026-07-02T18:59:35+00:00</time>
      </trkpt>
      <trkpt lat="46.13202" lon="6.70793">
        <ele>1771</ele>
        <time>2026-07-02T18:59:38+00:00</time>
      </trkpt>
      <trkpt lat="46.13201" lon="6.70793">
        <ele>1771</ele>
        <time>2026-07-02T18:59:41+00:00</time>
      </trkpt>
      <trkpt lat="46.13201" lon="6.70795">
        <ele>1771</ele>
        <time>2026-07-02T18:59:44+00:00</time>
      </trkpt>
      <trkpt lat="46.13201" lon="6.70795">
        <ele>1771</ele>
        <time>2026-07-02T18:59:47+00:00</time>
      </trkpt>
      <trkpt lat="46.132" lon="6.70794">
        <ele>1771</ele>
        <time>2026-07-02T18:59:50+00:00</time>
      </trkpt>
      <trkpt lat="46.132" lon="6.70793">
        <ele>1762</ele>
        <time>2026-07-02T18:59:53+00:00</time>
      </trkpt>
      <trkpt lat="46.13199" lon="6.70792">
        <ele>1762</ele>
        <time>2026-07-02T18:59:56+00:00</time>
      </trkpt>
      <trkpt lat="46.13197" lon="6.70794">
        <ele>1762</ele>
        <time>2026-07-02T18:59:59+00:00</time>
      </trkpt>
      <trkpt lat="46.13196" lon="6.70794">
        <ele>1762</ele>
        <time>2026-07-02T19:00:02+00:00</time>
      </trkpt>
      <trkpt lat="46.13197" lon="6.70792">
        <ele>1762</ele>
        <time>2026-07-02T19:00:05+00:00</time>
      </trkpt>
      <trkpt lat="46.13197" lon="6.7079">
        <ele>1762</ele>
        <time>2026-07-02T19:00:08+00:00</time>
      </trkpt>
      <trkpt lat="46.13196" lon="6.7079">
        <ele>1762</ele>
        <time>2026-07-02T19:00:11+00:00</time>
      </trkpt>
      <trkpt lat="46.13194" lon="6.7079">
        <ele>1766</ele>
        <time>2026-07-02T19:00:14+00:00</time>
      </trkpt>
      <trkpt lat="46.13193" lon="6.70787">
        <ele>1766</ele>
        <time>2026-07-02T19:00:17+00:00</time>
      </trkpt>
      <trkpt lat="46.13193" lon="6.70784">
        <ele>1766</ele>
        <time>2026-07-02T19:00:20+00:00</time>
      </trkpt>
      <trkpt lat="46.13191" lon="6.70782">
        <ele>1766</ele>
        <time>2026-07-02T19:00:23+00:00</time>
      </trkpt>
      <trkpt lat="46.1319" lon="6.70783">
        <ele>1766</ele>
        <time>2026-07-02T19:00:26+00:00</time>
      </trkpt>
      <trkpt lat="46.13189" lon="6.70781">
        <ele>1754</ele>
        <time>2026-07-02T19:00:29+00:00</time>
      </trkpt>
      <trkpt lat="46.13188" lon="6.70779">
        <ele>1758</ele>
        <time>2026-07-02T19:00:32+00:00</time>
      </trkpt>
      <trkpt lat="46.13186" lon="6.70778">
        <ele>1758</ele>
        <time>2026-07-02T19:00:35+00:00</time>
      </trkpt>
      <trkpt lat="46.13185" lon="6.70777">
        <ele>1758</ele>
        <time>2026-07-02T19:00:38+00:00</time>
      </trkpt>
      <trkpt lat="46.13184" lon="6.70776">
        <ele>1758</ele>
        <time>2026-07-02T19:00:41+00:00</time>
      </trkpt>
      <trkpt lat="46.13183" lon="6.70778">
        <ele>1758</ele>
        <time>2026-07-02T19:00:44+00:00</time>
      </trkpt>
      <trkpt lat="46.13184" lon="6.70781">
        <ele>1754</ele>
        <time>2026-07-02T19:00:47+00:00</time>
      </trkpt>
      <trkpt lat="46.13186" lon="6.70786">
        <ele>1767</ele>
        <time>2026-07-02T19:00:50+00:00</time>
      </trkpt>
      <trkpt lat="46.13186" lon="6.70789">
        <ele>1754</ele>
        <time>2026-07-02T19:00:53+00:00</time>
      </trkpt>
      <trkpt lat="46.1319" lon="6.70794">
        <ele>1751</ele>
        <time>2026-07-02T19:00:56+00:00</time>
      </trkpt>
      <trkpt lat="46.13192" lon="6.70796">
        <ele>1762</ele>
        <time>2026-07-02T19:00:59+00:00</time>
      </trkpt>
      <trkpt lat="46.13194" lon="6.70797">
        <ele>1762</ele>
        <time>2026-07-02T19:01:02+00:00</time>
      </trkpt>
      <trkpt lat="46.13195" lon="6.708">
        <ele>1759</ele>
        <time>2026-07-02T19:01:05+00:00</time>
      </trkpt>
      <trkpt lat="46.13197" lon="6.70801">
        <ele>1759</ele>
        <time>2026-07-02T19:01:08+00:00</time>
      </trkpt>
      <trkpt lat="46.13198" lon="6.70803">
        <ele>1759</ele>
        <time>2026-07-02T19:01:11+00:00</time>
      </trkpt>
      <trkpt lat="46.132" lon="6.70808">
        <ele>1768</ele>
        <time>2026-07-02T19:01:14+00:00</time>
      </trkpt>
      <trkpt lat="46.13202" lon="6.7081">
        <ele>1764</ele>
        <time>2026-07-02T19:01:17+00:00</time>
      </trkpt>
      <trkpt lat="46.13203" lon="6.70812">
        <ele>1764</ele>
        <time>2026-07-02T19:01:20+00:00</time>
      </trkpt>
      <trkpt lat="46.13205" lon="6.70817">
        <ele>1764</ele>
        <time>2026-07-02T19:01:23+00:00</time>
      </trkpt>
      <trkpt lat="46.13207" lon="6.70823">
        <ele>1762</ele>
        <time>2026-07-02T19:01:26+00:00</time>
      </trkpt>
      <trkpt lat="46.13209" lon="6.70828">
        <ele>1762</ele>
        <time>2026-07-02T19:01:29+00:00</time>
      </trkpt>
      <trkpt lat="46.13211" lon="6.70835">
        <ele>1768</ele>
        <time>2026-07-02T19:01:32+00:00</time>
      </trkpt>
      <trkpt lat="46.13213" lon="6.7084">
        <ele>1765</ele>
        <time>2026-07-02T19:01:35+00:00</time>
      </trkpt>
      <trkpt lat="46.13216" lon="6.70844">
        <ele>1765</ele>
        <time>2026-07-02T19:01:38+00:00</time>
      </trkpt>
      <trkpt lat="46.13218" lon="6.70849">
        <ele>1765</ele>
        <time>2026-07-02T19:01:41+00:00</time>
      </trkpt>
      <trkpt lat="46.13219" lon="6.70854">
        <ele>1763</ele>
        <time>2026-07-02T19:01:44+00:00</time>
      </trkpt>
      <trkpt lat="46.13221" lon="6.70857">
        <ele>1768</ele>
        <time>2026-07-02T19:01:47+00:00</time>
      </trkpt>
      <trkpt lat="46.1322" lon="6.70862">
        <ele>1767</ele>
        <time>2026-07-02T19:01:50+00:00</time>
      </trkpt>
      <trkpt lat="46.1322" lon="6.70868">
        <ele>1767</ele>
        <time>2026-07-02T19:01:53+00:00</time>
      </trkpt>
      <trkpt lat="46.13221" lon="6.70874">
        <ele>1765</ele>
        <time>2026-07-02T19:01:56+00:00</time>
      </trkpt>
      <trkpt lat="46.13221" lon="6.70877">
        <ele>1765</ele>
        <time>2026-07-02T19:01:59+00:00</time>
      </trkpt>
      <trkpt lat="46.13222" lon="6.70881">
        <ele>1765</ele>
        <time>2026-07-02T19:02:02+00:00</time>
      </trkpt>
      <trkpt lat="46.13223" lon="6.70884">
        <ele>1765</ele>
        <time>2026-07-02T19:02:05+00:00</time>
      </trkpt>
      <trkpt lat="46.13223" lon="6.70888">
        <ele>1767</ele>
        <time>2026-07-02T19:02:08+00:00</time>
      </trkpt>
      <trkpt lat="46.13224" lon="6.70892">
        <ele>1766</ele>
        <time>2026-07-02T19:02:11+00:00</time>
      </trkpt>
      <trkpt lat="46.13223" lon="6.70895">
        <ele>1766</ele>
        <time>2026-07-02T19:02:14+00:00</time>
      </trkpt>
      <trkpt lat="46.13223" lon="6.70902">
        <ele>1766</ele>
        <time>2026-07-02T19:02:17+00:00</time>
      </trkpt>
      <trkpt lat="46.13223" lon="6.70906">
        <ele>1766</ele>
        <time>2026-07-02T19:02:20+00:00</time>
      </trkpt>
      <trkpt lat="46.13224" lon="6.70912">
        <ele>1767</ele>
        <time>2026-07-02T19:02:23+00:00</time>
      </trkpt>
      <trkpt lat="46.13226" lon="6.70917">
        <ele>1767</ele>
        <time>2026-07-02T19:02:26+00:00</time>
      </trkpt>
      <trkpt lat="46.13226" lon="6.70923">
        <ele>1767</ele>
        <time>2026-07-02T19:02:29+00:00</time>
      </trkpt>
      <trkpt lat="46.13226" lon="6.70929">
        <ele>1767</ele>
        <time>2026-07-02T19:02:32+00:00</time>
      </trkpt>
      <trkpt lat="46.13226" lon="6.70936">
        <ele>1765</ele>
        <time>2026-07-02T19:02:35+00:00</time>
      </trkpt>
      <trkpt lat="46.13225" lon="6.70944">
        <ele>1766</ele>
        <time>2026-07-02T19:02:38+00:00</time>
      </trkpt>
      <trkpt lat="46.13225" lon="6.70949">
        <ele>1763</ele>
        <time>2026-07-02T19:02:41+00:00</time>
      </trkpt>
      <trkpt lat="46.13226" lon="6.70953">
        <ele>1763</ele>
        <time>2026-07-02T19:02:44+00:00</time>
      </trkpt>
      <trkpt lat="46.13227" lon="6.70957">
        <ele>1763</ele>
        <time>2026-07-02T19:02:47+00:00</time>
      </trkpt>
      <trkpt lat="46.13226" lon="6.70961">
        <ele>1764</ele>
        <time>2026-07-02T19:02:50+00:00</time>
      </trkpt>
      <trkpt lat="46.13226" lon="6.70965">
        <ele>1764</ele>
        <time>2026-07-02T19:02:53+00:00</time>
      </trkpt>
      <trkpt lat="46.13227" lon="6.70966">
        <ele>1764</ele>
        <time>2026-07-02T19:02:56+00:00</time>
      </trkpt>
      <trkpt lat="46.13229" lon="6.70965">
        <ele>1764</ele>
        <time>2026-07-02T19:02:59+00:00</time>
      </trkpt>
      <trkpt lat="46.13231" lon="6.70965">
        <ele>1765</ele>
        <time>2026-07-02T19:03:02+00:00</time>
      </trkpt>
      <trkpt lat="46.13232" lon="6.70967">
        <ele>1765</ele>
        <time>2026-07-02T19:03:05+00:00</time>
      </trkpt>
      <trkpt lat="46.13231" lon="6.70969">
        <ele>1765</ele>
        <time>2026-07-02T19:03:08+00:00</time>
      </trkpt>
      <trkpt lat="46.13231" lon="6.70971">
        <ele>1765</ele>
        <time>2026-07-02T19:03:11+00:00</time>
      </trkpt>
      <trkpt lat="46.13231" lon="6.70973">
        <ele>1765</ele>
        <time>2026-07-02T19:03:14+00:00</time>
      </trkpt>
      <trkpt lat="46.13229" lon="6.70976">
        <ele>1764</ele>
        <time>2026-07-02T19:03:17+00:00</time>
      </trkpt>
      <trkpt lat="46.13228" lon="6.70977">
        <ele>1764</ele>
        <time>2026-07-02T19:03:20+00:00</time>
      </trkpt>
      <trkpt lat="46.13228" lon="6.7098">
        <ele>1763</ele>
        <time>2026-07-02T19:03:23+00:00</time>
      </trkpt>
      <trkpt lat="46.13229" lon="6.70983">
        <ele>1763</ele>
        <time>2026-07-02T19:03:26+00:00</time>
      </trkpt>
      <trkpt lat="46.13228" lon="6.70985">
        <ele>1763</ele>
        <time>2026-07-02T19:03:29+00:00</time>
      </trkpt>
      <trkpt lat="46.13226" lon="6.70984">
        <ele>1763</ele>
        <time>2026-07-02T19:03:32+00:00</time>
      </trkpt>
      <trkpt lat="46.13225" lon="6.70982">
        <ele>1763</ele>
        <time>2026-07-02T19:03:35+00:00</time>
      </trkpt>
      <trkpt lat="46.13224" lon="6.70981">
        <ele>1763</ele>
        <time>2026-07-02T19:03:38+00:00</time>
      </trkpt>
      <trkpt lat="46.13224" lon="6.70983">
        <ele>1763</ele>
        <time>2026-07-02T19:03:41+00:00</time>
      </trkpt>
      <trkpt lat="46.13224" lon="6.70986">
        <ele>1763</ele>
        <time>2026-07-02T19:03:44+00:00</time>
      </trkpt>
      <trkpt lat="46.13225" lon="6.70987">
        <ele>1763</ele>
        <time>2026-07-02T19:03:47+00:00</time>
      </trkpt>
      <trkpt lat="46.13226" lon="6.70989">
        <ele>1763</ele>
        <time>2026-07-02T19:03:50+00:00</time>
      </trkpt>
      <trkpt lat="46.13225" lon="6.7099">
        <ele>1763</ele>
        <time>2026-07-02T19:03:53+00:00</time>
      </trkpt>
      <trkpt lat="46.13224" lon="6.70989">
        <ele>1763</ele>
        <time>2026-07-02T19:03:56+00:00</time>
      </trkpt>
      <trkpt lat="46.13223" lon="6.70988">
        <ele>1763</ele>
        <time>2026-07-02T19:03:59+00:00</time>
      </trkpt>
      <trkpt lat="46.13222" lon="6.70987">
        <ele>1763</ele>
        <time>2026-07-02T19:04:02+00:00</time>
      </trkpt>
      <trkpt lat="46.13222" lon="6.70989">
        <ele>1763</ele>
        <time>2026-07-02T19:04:05+00:00</time>
      </trkpt>
      <trkpt lat="46.13222" lon="6.70991">
        <ele>1760</ele>
        <time>2026-07-02T19:04:08+00:00</time>
      </trkpt>
      <trkpt lat="46.13223" lon="6.70994">
        <ele>1760</ele>
        <time>2026-07-02T19:04:11+00:00</time>
      </trkpt>
      <trkpt lat="46.13223" lon="6.70996">
        <ele>1760</ele>
        <time>2026-07-02T19:04:14+00:00</time>
      </trkpt>
      <trkpt lat="46.13224" lon="6.70998">
        <ele>1760</ele>
        <time>2026-07-02T19:04:17+00:00</time>
      </trkpt>
      <trkpt lat="46.13223" lon="6.70999">
        <ele>1760</ele>
        <time>2026-07-02T19:04:20+00:00</time>
      </trkpt>
      <trkpt lat="46.13222" lon="6.70998">
        <ele>1760</ele>
        <time>2026-07-02T19:04:23+00:00</time>
      </trkpt>
      <trkpt lat="46.13221" lon="6.70998">
        <ele>1760</ele>
        <time>2026-07-02T19:04:26+00:00</time>
      </trkpt>
      <trkpt lat="46.13222" lon="6.71001">
        <ele>1757</ele>
        <time>2026-07-02T19:04:29+00:00</time>
      </trkpt>
      <trkpt lat="46.13222" lon="6.71002">
        <ele>1757</ele>
        <time>2026-07-02T19:04:32+00:00</time>
      </trkpt>
      <trkpt lat="46.13223" lon="6.71004">
        <ele>1757</ele>
        <time>2026-07-02T19:04:35+00:00</time>
      </trkpt>
      <trkpt lat="46.13223" lon="6.71006">
        <ele>1757</ele>
        <time>2026-07-02T19:04:38+00:00</time>
      </trkpt>
      <trkpt lat="46.13222" lon="6.71006">
        <ele>1757</ele>
        <time>2026-07-02T19:04:41+00:00</time>
      </trkpt>
      <trkpt lat="46.13221" lon="6.71006">
        <ele>1757</ele>
        <time>2026-07-02T19:04:44+00:00</time>
      </trkpt>
      <trkpt lat="46.13218" lon="6.71006">
        <ele>1751</ele>
        <time>2026-07-02T19:04:47+00:00</time>
      </trkpt>
      <trkpt lat="46.13218" lon="6.71008">
        <ele>1751</ele>
        <time>2026-07-02T19:04:50+00:00</time>
      </trkpt>
      <trkpt lat="46.13219" lon="6.7101">
        <ele>1749</ele>
        <time>2026-07-02T19:04:53+00:00</time>
      </trkpt>
      <trkpt lat="46.1322" lon="6.71013">
        <ele>1754</ele>
        <time>2026-07-02T19:04:56+00:00</time>
      </trkpt>
      <trkpt lat="46.13222" lon="6.71015">
        <ele>1754</ele>
        <time>2026-07-02T19:04:59+00:00</time>
      </trkpt>
      <trkpt lat="46.13225" lon="6.71018">
        <ele>1754</ele>
        <time>2026-07-02T19:05:02+00:00</time>
      </trkpt>
      <trkpt lat="46.13227" lon="6.71019">
        <ele>1754</ele>
        <time>2026-07-02T19:05:05+00:00</time>
      </trkpt>
      <trkpt lat="46.13229" lon="6.7102">
        <ele>1754</ele>
        <time>2026-07-02T19:05:08+00:00</time>
      </trkpt>
      <trkpt lat="46.13229" lon="6.71021">
        <ele>1751</ele>
        <time>2026-07-02T19:05:11+00:00</time>
      </trkpt>
      <trkpt lat="46.13226" lon="6.71023">
        <ele>1751</ele>
        <time>2026-07-02T19:05:14+00:00</time>
      </trkpt>
      <trkpt lat="46.13224" lon="6.71023">
        <ele>1751</ele>
        <time>2026-07-02T19:05:17+00:00</time>
      </trkpt>
      <trkpt lat="46.13222" lon="6.71024">
        <ele>1751</ele>
        <time>2026-07-02T19:05:20+00:00</time>
      </trkpt>
      <trkpt lat="46.13223" lon="6.71026">
        <ele>1751</ele>
        <time>2026-07-02T19:05:23+00:00</time>
      </trkpt>
      <trkpt lat="46.13226" lon="6.71027">
        <ele>1751</ele>
        <time>2026-07-02T19:05:26+00:00</time>
      </trkpt>
      <trkpt lat="46.13229" lon="6.71027">
        <ele>1751</ele>
        <time>2026-07-02T19:05:29+00:00</time>
      </trkpt>
      <trkpt lat="46.13232" lon="6.71028">
        <ele>1752</ele>
        <time>2026-07-02T19:05:32+00:00</time>
      </trkpt>
      <trkpt lat="46.13234" lon="6.71029">
        <ele>1752</ele>
        <time>2026-07-02T19:05:35+00:00</time>
      </trkpt>
      <trkpt lat="46.13235" lon="6.7103">
        <ele>1752</ele>
        <time>2026-07-02T19:05:38+00:00</time>
      </trkpt>
      <trkpt lat="46.13233" lon="6.71031">
        <ele>1746</ele>
        <time>2026-07-02T19:05:41+00:00</time>
      </trkpt>
      <trkpt lat="46.1323" lon="6.71034">
        <ele>1746</ele>
        <time>2026-07-02T19:05:44+00:00</time>
      </trkpt>
      <trkpt lat="46.13228" lon="6.71036">
        <ele>1745</ele>
        <time>2026-07-02T19:05:47+00:00</time>
      </trkpt>
      <trkpt lat="46.13226" lon="6.71038">
        <ele>1745</ele>
        <time>2026-07-02T19:05:50+00:00</time>
      </trkpt>
      <trkpt lat="46.13226" lon="6.71039">
        <ele>1745</ele>
        <time>2026-07-02T19:05:53+00:00</time>
      </trkpt>
      <trkpt lat="46.13229" lon="6.71039">
        <ele>1745</ele>
        <time>2026-07-02T19:05:56+00:00</time>
      </trkpt>
      <trkpt lat="46.13232" lon="6.7104">
        <ele>1746</ele>
        <time>2026-07-02T19:05:59+00:00</time>
      </trkpt>
      <trkpt lat="46.13236" lon="6.7104">
        <ele>1743</ele>
        <time>2026-07-02T19:06:02+00:00</time>
      </trkpt>
      <trkpt lat="46.13237" lon="6.71041">
        <ele>1743</ele>
        <time>2026-07-02T19:06:05+00:00</time>
      </trkpt>
      <trkpt lat="46.13236" lon="6.71043">
        <ele>1743</ele>
        <time>2026-07-02T19:06:08+00:00</time>
      </trkpt>
      <trkpt lat="46.13233" lon="6.71046">
        <ele>1743</ele>
        <time>2026-07-02T19:06:11+00:00</time>
      </trkpt>
      <trkpt lat="46.1323" lon="6.71049">
        <ele>1742</ele>
        <time>2026-07-02T19:06:14+00:00</time>
      </trkpt>
      <trkpt lat="46.13227" lon="6.7105">
        <ele>1738</ele>
        <time>2026-07-02T19:06:17+00:00</time>
      </trkpt>
      <trkpt lat="46.13227" lon="6.71052">
        <ele>1738</ele>
        <time>2026-07-02T19:06:20+00:00</time>
      </trkpt>
      <trkpt lat="46.1323" lon="6.71052">
        <ele>1739</ele>
        <time>2026-07-02T19:06:23+00:00</time>
      </trkpt>
      <trkpt lat="46.13234" lon="6.71053">
        <ele>1739</ele>
        <time>2026-07-02T19:06:26+00:00</time>
      </trkpt>
      <trkpt lat="46.13238" lon="6.71054">
        <ele>1739</ele>
        <time>2026-07-02T19:06:29+00:00</time>
      </trkpt>
      <trkpt lat="46.13239" lon="6.71054">
        <ele>1739</ele>
        <time>2026-07-02T19:06:32+00:00</time>
      </trkpt>
      <trkpt lat="46.13239" lon="6.71057">
        <ele>1739</ele>
        <time>2026-07-02T19:06:35+00:00</time>
      </trkpt>
      <trkpt lat="46.13237" lon="6.71061">
        <ele>1734</ele>
        <time>2026-07-02T19:06:38+00:00</time>
      </trkpt>
      <trkpt lat="46.13235" lon="6.71066">
        <ele>1734</ele>
        <time>2026-07-02T19:06:41+00:00</time>
      </trkpt>
      <trkpt lat="46.13235" lon="6.71067">
        <ele>1734</ele>
        <time>2026-07-02T19:06:44+00:00</time>
      </trkpt>
      <trkpt lat="46.13237" lon="6.71068">
        <ele>1734</ele>
        <time>2026-07-02T19:06:47+00:00</time>
      </trkpt>
      <trkpt lat="46.13239" lon="6.71066">
        <ele>1734</ele>
        <time>2026-07-02T19:06:50+00:00</time>
      </trkpt>
      <trkpt lat="46.13241" lon="6.71065">
        <ele>1733</ele>
        <time>2026-07-02T19:06:53+00:00</time>
      </trkpt>
      <trkpt lat="46.13243" lon="6.71064">
        <ele>1733</ele>
        <time>2026-07-02T19:06:56+00:00</time>
      </trkpt>
      <trkpt lat="46.13243" lon="6.71065">
        <ele>1733</ele>
        <time>2026-07-02T19:06:59+00:00</time>
      </trkpt>
      <trkpt lat="46.13241" lon="6.71068">
        <ele>1733</ele>
        <time>2026-07-02T19:07:02+00:00</time>
      </trkpt>
      <trkpt lat="46.13238" lon="6.71072">
        <ele>1731</ele>
        <time>2026-07-02T19:07:05+00:00</time>
      </trkpt>
      <trkpt lat="46.13236" lon="6.71075">
        <ele>1731</ele>
        <time>2026-07-02T19:07:08+00:00</time>
      </trkpt>
      <trkpt lat="46.13233" lon="6.71078">
        <ele>1731</ele>
        <time>2026-07-02T19:07:11+00:00</time>
      </trkpt>
      <trkpt lat="46.13234" lon="6.7108">
        <ele>1731</ele>
        <time>2026-07-02T19:07:14+00:00</time>
      </trkpt>
      <trkpt lat="46.13236" lon="6.71079">
        <ele>1731</ele>
        <time>2026-07-02T19:07:17+00:00</time>
      </trkpt>
      <trkpt lat="46.13238" lon="6.71079">
        <ele>1731</ele>
        <time>2026-07-02T19:07:20+00:00</time>
      </trkpt>
      <trkpt lat="46.13237" lon="6.71081">
        <ele>1728</ele>
        <time>2026-07-02T19:07:23+00:00</time>
      </trkpt>
      <trkpt lat="46.13234" lon="6.71083">
        <ele>1728</ele>
        <time>2026-07-02T19:07:26+00:00</time>
      </trkpt>
      <trkpt lat="46.13231" lon="6.71085">
        <ele>1728</ele>
        <time>2026-07-02T19:07:29+00:00</time>
      </trkpt>
      <trkpt lat="46.13227" lon="6.71087">
        <ele>1728</ele>
        <time>2026-07-02T19:07:32+00:00</time>
      </trkpt>
      <trkpt lat="46.13223" lon="6.71089">
        <ele>1728</ele>
        <time>2026-07-02T19:07:35+00:00</time>
      </trkpt>
      <trkpt lat="46.13223" lon="6.7109">
        <ele>1728</ele>
        <time>2026-07-02T19:07:38+00:00</time>
      </trkpt>
      <trkpt lat="46.13226" lon="6.7109">
        <ele>1728</ele>
        <time>2026-07-02T19:07:41+00:00</time>
      </trkpt>
      <trkpt lat="46.13232" lon="6.7109">
        <ele>1722</ele>
        <time>2026-07-02T19:07:44+00:00</time>
      </trkpt>
      <trkpt lat="46.13234" lon="6.7109">
        <ele>1722</ele>
        <time>2026-07-02T19:07:47+00:00</time>
      </trkpt>
      <trkpt lat="46.1324" lon="6.71088">
        <ele>1726</ele>
        <time>2026-07-02T19:07:50+00:00</time>
      </trkpt>
      <trkpt lat="46.13244" lon="6.71086">
        <ele>1726</ele>
        <time>2026-07-02T19:07:53+00:00</time>
      </trkpt>
      <trkpt lat="46.13249" lon="6.71086">
        <ele>1726</ele>
        <time>2026-07-02T19:07:56+00:00</time>
      </trkpt>
      <trkpt lat="46.1325" lon="6.71086">
        <ele>1726</ele>
        <time>2026-07-02T19:07:59+00:00</time>
      </trkpt>
      <trkpt lat="46.13249" lon="6.71088">
        <ele>1726</ele>
        <time>2026-07-02T19:08:02+00:00</time>
      </trkpt>
      <trkpt lat="46.13246" lon="6.71092">
        <ele>1720</ele>
        <time>2026-07-02T19:08:05+00:00</time>
      </trkpt>
      <trkpt lat="46.13243" lon="6.71097">
        <ele>1720</ele>
        <time>2026-07-02T19:08:08+00:00</time>
      </trkpt>
      <trkpt lat="46.13241" lon="6.71103">
        <ele>1717</ele>
        <time>2026-07-02T19:08:11+00:00</time>
      </trkpt>
      <trkpt lat="46.13241" lon="6.71104">
        <ele>1717</ele>
        <time>2026-07-02T19:08:14+00:00</time>
      </trkpt>
      <trkpt lat="46.13246" lon="6.71102">
        <ele>1717</ele>
        <time>2026-07-02T19:08:17+00:00</time>
      </trkpt>
      <trkpt lat="46.13253" lon="6.71102">
        <ele>1714</ele>
        <time>2026-07-02T19:08:20+00:00</time>
      </trkpt>
      <trkpt lat="46.1326" lon="6.71102">
        <ele>1714</ele>
        <time>2026-07-02T19:08:23+00:00</time>
      </trkpt>
      <trkpt lat="46.13264" lon="6.71104">
        <ele>1713</ele>
        <time>2026-07-02T19:08:26+00:00</time>
      </trkpt>
      <trkpt lat="46.13268" lon="6.71103">
        <ele>1713</ele>
        <time>2026-07-02T19:08:29+00:00</time>
      </trkpt>
      <trkpt lat="46.13272" lon="6.71102">
        <ele>1711</ele>
        <time>2026-07-02T19:08:32+00:00</time>
      </trkpt>
      <trkpt lat="46.13274" lon="6.71104">
        <ele>1711</ele>
        <time>2026-07-02T19:08:35+00:00</time>
      </trkpt>
      <trkpt lat="46.13277" lon="6.71107">
        <ele>1711</ele>
        <time>2026-07-02T19:08:38+00:00</time>
      </trkpt>
      <trkpt lat="46.1328" lon="6.71108">
        <ele>1709</ele>
        <time>2026-07-02T19:08:41+00:00</time>
      </trkpt>
      <trkpt lat="46.13285" lon="6.71108">
        <ele>1709</ele>
        <time>2026-07-02T19:08:44+00:00</time>
      </trkpt>
      <trkpt lat="46.13287" lon="6.7111">
        <ele>1709</ele>
        <time>2026-07-02T19:08:47+00:00</time>
      </trkpt>
      <trkpt lat="46.13289" lon="6.71114">
        <ele>1708</ele>
        <time>2026-07-02T19:08:50+00:00</time>
      </trkpt>
      <trkpt lat="46.13291" lon="6.71118">
        <ele>1705</ele>
        <time>2026-07-02T19:08:53+00:00</time>
      </trkpt>
      <trkpt lat="46.13292" lon="6.71123">
        <ele>1704</ele>
        <time>2026-07-02T19:08:56+00:00</time>
      </trkpt>
      <trkpt lat="46.13292" lon="6.7113">
        <ele>1704</ele>
        <time>2026-07-02T19:08:59+00:00</time>
      </trkpt>
      <trkpt lat="46.13292" lon="6.71137">
        <ele>1703</ele>
        <time>2026-07-02T19:09:02+00:00</time>
      </trkpt>
      <trkpt lat="46.13292" lon="6.71148">
        <ele>1701</ele>
        <time>2026-07-02T19:09:05+00:00</time>
      </trkpt>
      <trkpt lat="46.13293" lon="6.71154">
        <ele>1700</ele>
        <time>2026-07-02T19:09:08+00:00</time>
      </trkpt>
      <trkpt lat="46.13294" lon="6.71159">
        <ele>1700</ele>
        <time>2026-07-02T19:09:11+00:00</time>
      </trkpt>
      <trkpt lat="46.13295" lon="6.71169">
        <ele>1700</ele>
        <time>2026-07-02T19:09:14+00:00</time>
      </trkpt>
      <trkpt lat="46.13299" lon="6.71188">
        <ele>1701</ele>
        <time>2026-07-02T19:09:17+00:00</time>
      </trkpt>
      <trkpt lat="46.13307" lon="6.71215">
        <ele>1698</ele>
        <time>2026-07-02T19:09:20+00:00</time>
      </trkpt>
      <trkpt lat="46.13315" lon="6.71238">
        <ele>1686</ele>
        <time>2026-07-02T19:09:23+00:00</time>
      </trkpt>
      <trkpt lat="46.13321" lon="6.71257">
        <ele>1694</ele>
        <time>2026-07-02T19:09:26+00:00</time>
      </trkpt>
      <trkpt lat="46.13324" lon="6.71266">
        <ele>1688</ele>
        <time>2026-07-02T19:09:29+00:00</time>
      </trkpt>
      <trkpt lat="46.13329" lon="6.71285">
        <ele>1690</ele>
        <time>2026-07-02T19:09:32+00:00</time>
      </trkpt>
      <trkpt lat="46.13333" lon="6.71296">
        <ele>1683</ele>
        <time>2026-07-02T19:09:35+00:00</time>
      </trkpt>
      <trkpt lat="46.13337" lon="6.71305">
        <ele>1685</ele>
        <time>2026-07-02T19:09:38+00:00</time>
      </trkpt>
      <trkpt lat="46.13341" lon="6.71313">
        <ele>1676</ele>
        <time>2026-07-02T19:09:41+00:00</time>
      </trkpt>
      <trkpt lat="46.13344" lon="6.71318">
        <ele>1676</ele>
        <time>2026-07-02T19:09:44+00:00</time>
      </trkpt>
      <trkpt lat="46.13347" lon="6.71322">
        <ele>1677</ele>
        <time>2026-07-02T19:09:47+00:00</time>
      </trkpt>
      <trkpt lat="46.1335" lon="6.71329">
        <ele>1677</ele>
        <time>2026-07-02T19:09:50+00:00</time>
      </trkpt>
      <trkpt lat="46.13351" lon="6.71339">
        <ele>1673</ele>
        <time>2026-07-02T19:09:53+00:00</time>
      </trkpt>
      <trkpt lat="46.13351" lon="6.71349">
        <ele>1671</ele>
        <time>2026-07-02T19:09:56+00:00</time>
      </trkpt>
      <trkpt lat="46.13352" lon="6.71359">
        <ele>1668</ele>
        <time>2026-07-02T19:09:59+00:00</time>
      </trkpt>
      <trkpt lat="46.13354" lon="6.71367">
        <ele>1668</ele>
        <time>2026-07-02T19:10:02+00:00</time>
      </trkpt>
      <trkpt lat="46.13358" lon="6.7137">
        <ele>1668</ele>
        <time>2026-07-02T19:10:05+00:00</time>
      </trkpt>
      <trkpt lat="46.13364" lon="6.71371">
        <ele>1662</ele>
        <time>2026-07-02T19:10:08+00:00</time>
      </trkpt>
      <trkpt lat="46.13371" lon="6.71368">
        <ele>1657</ele>
        <time>2026-07-02T19:10:11+00:00</time>
      </trkpt>
      <trkpt lat="46.13378" lon="6.71363">
        <ele>1657</ele>
        <time>2026-07-02T19:10:14+00:00</time>
      </trkpt>
      <trkpt lat="46.1339" lon="6.71351">
        <ele>1653</ele>
        <time>2026-07-02T19:10:17+00:00</time>
      </trkpt>
      <trkpt lat="46.13401" lon="6.71341">
        <ele>1648</ele>
        <time>2026-07-02T19:10:20+00:00</time>
      </trkpt>
      <trkpt lat="46.13406" lon="6.71337">
        <ele>1647</ele>
        <time>2026-07-02T19:10:23+00:00</time>
      </trkpt>
      <trkpt lat="46.13412" lon="6.71337">
        <ele>1645</ele>
        <time>2026-07-02T19:10:26+00:00</time>
      </trkpt>
      <trkpt lat="46.13415" lon="6.71339">
        <ele>1645</ele>
        <time>2026-07-02T19:10:29+00:00</time>
      </trkpt>
      <trkpt lat="46.13417" lon="6.71342">
        <ele>1646</ele>
        <time>2026-07-02T19:10:32+00:00</time>
      </trkpt>
      <trkpt lat="46.13418" lon="6.71351">
        <ele>1646</ele>
        <time>2026-07-02T19:10:35+00:00</time>
      </trkpt>
      <trkpt lat="46.13419" lon="6.7136">
        <ele>1646</ele>
        <time>2026-07-02T19:10:38+00:00</time>
      </trkpt>
      <trkpt lat="46.13421" lon="6.71369">
        <ele>1642</ele>
        <time>2026-07-02T19:10:41+00:00</time>
      </trkpt>
      <trkpt lat="46.13425" lon="6.71373">
        <ele>1642</ele>
        <time>2026-07-02T19:10:44+00:00</time>
      </trkpt>
      <trkpt lat="46.13444" lon="6.71392">
        <ele>1634</ele>
        <time>2026-07-02T19:10:47+00:00</time>
      </trkpt>
      <trkpt lat="46.13448" lon="6.71398">
        <ele>1634</ele>
        <time>2026-07-02T19:10:50+00:00</time>
      </trkpt>
      <trkpt lat="46.13451" lon="6.71403">
        <ele>1629</ele>
        <time>2026-07-02T19:10:53+00:00</time>
      </trkpt>
      <trkpt lat="46.13455" lon="6.71411">
        <ele>1630</ele>
        <time>2026-07-02T19:10:56+00:00</time>
      </trkpt>
      <trkpt lat="46.13461" lon="6.71416">
        <ele>1621</ele>
        <time>2026-07-02T19:10:59+00:00</time>
      </trkpt>
      <trkpt lat="46.13465" lon="6.71417">
        <ele>1621</ele>
        <time>2026-07-02T19:11:02+00:00</time>
      </trkpt>
      <trkpt lat="46.13471" lon="6.71418">
        <ele>1620</ele>
        <time>2026-07-02T19:11:05+00:00</time>
      </trkpt>
      <trkpt lat="46.13476" lon="6.71418">
        <ele>1620</ele>
        <time>2026-07-02T19:11:08+00:00</time>
      </trkpt>
      <trkpt lat="46.13482" lon="6.71417">
        <ele>1621</ele>
        <time>2026-07-02T19:11:11+00:00</time>
      </trkpt>
      <trkpt lat="46.13487" lon="6.71416">
        <ele>1619</ele>
        <time>2026-07-02T19:11:14+00:00</time>
      </trkpt>
      <trkpt lat="46.1349" lon="6.71414">
        <ele>1619</ele>
        <time>2026-07-02T19:11:17+00:00</time>
      </trkpt>
      <trkpt lat="46.13498" lon="6.71412">
        <ele>1619</ele>
        <time>2026-07-02T19:11:20+00:00</time>
      </trkpt>
      <trkpt lat="46.13503" lon="6.7141">
        <ele>1621</ele>
        <time>2026-07-02T19:11:23+00:00</time>
      </trkpt>
      <trkpt lat="46.13508" lon="6.71409">
        <ele>1619</ele>
        <time>2026-07-02T19:11:26+00:00</time>
      </trkpt>
      <trkpt lat="46.13516" lon="6.71405">
        <ele>1620</ele>
        <time>2026-07-02T19:11:29+00:00</time>
      </trkpt>
      <trkpt lat="46.13522" lon="6.71402">
        <ele>1622</ele>
        <time>2026-07-02T19:11:32+00:00</time>
      </trkpt>
      <trkpt lat="46.13529" lon="6.71397">
        <ele>1619</ele>
        <time>2026-07-02T19:11:35+00:00</time>
      </trkpt>
      <trkpt lat="46.13532" lon="6.71397">
        <ele>1620</ele>
        <time>2026-07-02T19:11:38+00:00</time>
      </trkpt>
      <trkpt lat="46.13537" lon="6.71394">
        <ele>1620</ele>
        <time>2026-07-02T19:11:41+00:00</time>
      </trkpt>
      <trkpt lat="46.13541" lon="6.71393">
        <ele>1622</ele>
        <time>2026-07-02T19:11:44+00:00</time>
      </trkpt>
      <trkpt lat="46.13544" lon="6.71389">
        <ele>1617</ele>
        <time>2026-07-02T19:11:47+00:00</time>
      </trkpt>
      <trkpt lat="46.13547" lon="6.71389">
        <ele>1617</ele>
        <time>2026-07-02T19:11:50+00:00</time>
      </trkpt>
      <trkpt lat="46.1355" lon="6.71385">
        <ele>1617</ele>
        <time>2026-07-02T19:11:53+00:00</time>
      </trkpt>
      <trkpt lat="46.13553" lon="6.71383">
        <ele>1619</ele>
        <time>2026-07-02T19:11:56+00:00</time>
      </trkpt>
      <trkpt lat="46.13556" lon="6.7138">
        <ele>1616</ele>
        <time>2026-07-02T19:11:59+00:00</time>
      </trkpt>
      <trkpt lat="46.1356" lon="6.71378">
        <ele>1622</ele>
        <time>2026-07-02T19:12:02+00:00</time>
      </trkpt>
      <trkpt lat="46.13566" lon="6.71376">
        <ele>1618</ele>
        <time>2026-07-02T19:12:05+00:00</time>
      </trkpt>
      <trkpt lat="46.13569" lon="6.71374">
        <ele>1618</ele>
        <time>2026-07-02T19:12:08+00:00</time>
      </trkpt>
      <trkpt lat="46.13573" lon="6.71372">
        <ele>1620</ele>
        <time>2026-07-02T19:12:11+00:00</time>
      </trkpt>
      <trkpt lat="46.13577" lon="6.71371">
        <ele>1620</ele>
        <time>2026-07-02T19:12:14+00:00</time>
      </trkpt>
      <trkpt lat="46.13582" lon="6.71371">
        <ele>1622</ele>
        <time>2026-07-02T19:12:17+00:00</time>
      </trkpt>
      <trkpt lat="46.13585" lon="6.71373">
        <ele>1622</ele>
        <time>2026-07-02T19:12:20+00:00</time>
      </trkpt>
      <trkpt lat="46.13591" lon="6.71374">
        <ele>1622</ele>
        <time>2026-07-02T19:12:23+00:00</time>
      </trkpt>
      <trkpt lat="46.13592" lon="6.71373">
        <ele>1622</ele>
        <time>2026-07-02T19:12:26+00:00</time>
      </trkpt>
      <trkpt lat="46.13595" lon="6.71372">
        <ele>1622</ele>
        <time>2026-07-02T19:12:29+00:00</time>
      </trkpt>
      <trkpt lat="46.13598" lon="6.7137">
        <ele>1622</ele>
        <time>2026-07-02T19:12:32+00:00</time>
      </trkpt>
      <trkpt lat="46.13603" lon="6.7137">
        <ele>1622</ele>
        <time>2026-07-02T19:12:35+00:00</time>
      </trkpt>
      <trkpt lat="46.13608" lon="6.71368">
        <ele>1619</ele>
        <time>2026-07-02T19:12:38+00:00</time>
      </trkpt>
      <trkpt lat="46.13611" lon="6.71365">
        <ele>1621</ele>
        <time>2026-07-02T19:12:41+00:00</time>
      </trkpt>
      <trkpt lat="46.13613" lon="6.71363">
        <ele>1621</ele>
        <time>2026-07-02T19:12:44+00:00</time>
      </trkpt>
      <trkpt lat="46.13617" lon="6.71362">
        <ele>1621</ele>
        <time>2026-07-02T19:12:47+00:00</time>
      </trkpt>
      <trkpt lat="46.13619" lon="6.71362">
        <ele>1621</ele>
        <time>2026-07-02T19:12:50+00:00</time>
      </trkpt>
      <trkpt lat="46.13621" lon="6.71361">
        <ele>1620</ele>
        <time>2026-07-02T19:12:53+00:00</time>
      </trkpt>
      <trkpt lat="46.13625" lon="6.71359">
        <ele>1617</ele>
        <time>2026-07-02T19:12:56+00:00</time>
      </trkpt>
      <trkpt lat="46.13626" lon="6.71356">
        <ele>1617</ele>
        <time>2026-07-02T19:12:59+00:00</time>
      </trkpt>
      <trkpt lat="46.13631" lon="6.71352">
        <ele>1618</ele>
        <time>2026-07-02T19:13:02+00:00</time>
      </trkpt>
      <trkpt lat="46.13632" lon="6.71351">
        <ele>1618</ele>
        <time>2026-07-02T19:13:05+00:00</time>
      </trkpt>
      <trkpt lat="46.13634" lon="6.71353">
        <ele>1618</ele>
        <time>2026-07-02T19:13:08+00:00</time>
      </trkpt>
      <trkpt lat="46.13636" lon="6.71353">
        <ele>1618</ele>
        <time>2026-07-02T19:13:11+00:00</time>
      </trkpt>
      <trkpt lat="46.13638" lon="6.71353">
        <ele>1618</ele>
        <time>2026-07-02T19:13:14+00:00</time>
      </trkpt>
      <trkpt lat="46.13641" lon="6.7135">
        <ele>1620</ele>
        <time>2026-07-02T19:13:17+00:00</time>
      </trkpt>
      <trkpt lat="46.13643" lon="6.7135">
        <ele>1615</ele>
        <time>2026-07-02T19:13:20+00:00</time>
      </trkpt>
      <trkpt lat="46.13646" lon="6.71349">
        <ele>1615</ele>
        <time>2026-07-02T19:13:23+00:00</time>
      </trkpt>
      <trkpt lat="46.1365" lon="6.71346">
        <ele>1617</ele>
        <time>2026-07-02T19:13:26+00:00</time>
      </trkpt>
      <trkpt lat="46.13656" lon="6.71341">
        <ele>1617</ele>
        <time>2026-07-02T19:13:29+00:00</time>
      </trkpt>
      <trkpt lat="46.13663" lon="6.71336">
        <ele>1614</ele>
        <time>2026-07-02T19:13:32+00:00</time>
      </trkpt>
      <trkpt lat="46.13666" lon="6.71335">
        <ele>1614</ele>
        <time>2026-07-02T19:13:35+00:00</time>
      </trkpt>
      <trkpt lat="46.13669" lon="6.71333">
        <ele>1614</ele>
        <time>2026-07-02T19:13:38+00:00</time>
      </trkpt>
      <trkpt lat="46.13674" lon="6.71333">
        <ele>1615</ele>
        <time>2026-07-02T19:13:41+00:00</time>
      </trkpt>
      <trkpt lat="46.13676" lon="6.71333">
        <ele>1615</ele>
        <time>2026-07-02T19:13:44+00:00</time>
      </trkpt>
      <trkpt lat="46.13678" lon="6.71332">
        <ele>1615</ele>
        <time>2026-07-02T19:13:47+00:00</time>
      </trkpt>
      <trkpt lat="46.13682" lon="6.71329">
        <ele>1609</ele>
        <time>2026-07-02T19:13:50+00:00</time>
      </trkpt>
      <trkpt lat="46.13685" lon="6.71327">
        <ele>1609</ele>
        <time>2026-07-02T19:13:53+00:00</time>
      </trkpt>
      <trkpt lat="46.13688" lon="6.71327">
        <ele>1609</ele>
        <time>2026-07-02T19:13:56+00:00</time>
      </trkpt>
      <trkpt lat="46.1369" lon="6.71329">
        <ele>1609</ele>
        <time>2026-07-02T19:13:59+00:00</time>
      </trkpt>
      <trkpt lat="46.13692" lon="6.7133">
        <ele>1614</ele>
        <time>2026-07-02T19:14:02+00:00</time>
      </trkpt>
      <trkpt lat="46.13695" lon="6.71333">
        <ele>1614</ele>
        <time>2026-07-02T19:14:05+00:00</time>
      </trkpt>
      <trkpt lat="46.13697" lon="6.71332">
        <ele>1614</ele>
        <time>2026-07-02T19:14:08+00:00</time>
      </trkpt>
      <trkpt lat="46.137" lon="6.71334">
        <ele>1614</ele>
        <time>2026-07-02T19:14:11+00:00</time>
      </trkpt>
      <trkpt lat="46.13702" lon="6.71336">
        <ele>1613</ele>
        <time>2026-07-02T19:14:14+00:00</time>
      </trkpt>
      <trkpt lat="46.13705" lon="6.71336">
        <ele>1613</ele>
        <time>2026-07-02T19:14:17+00:00</time>
      </trkpt>
      <trkpt lat="46.13708" lon="6.71337">
        <ele>1613</ele>
        <time>2026-07-02T19:14:20+00:00</time>
      </trkpt>
      <trkpt lat="46.13713" lon="6.71338">
        <ele>1611</ele>
        <time>2026-07-02T19:14:23+00:00</time>
      </trkpt>
      <trkpt lat="46.13716" lon="6.71339">
        <ele>1611</ele>
        <time>2026-07-02T19:14:26+00:00</time>
      </trkpt>
      <trkpt lat="46.13717" lon="6.7134">
        <ele>1616</ele>
        <time>2026-07-02T19:14:29+00:00</time>
      </trkpt>
      <trkpt lat="46.13721" lon="6.71341">
        <ele>1614</ele>
        <time>2026-07-02T19:14:32+00:00</time>
      </trkpt>
      <trkpt lat="46.13724" lon="6.71343">
        <ele>1614</ele>
        <time>2026-07-02T19:14:35+00:00</time>
      </trkpt>
      <trkpt lat="46.13727" lon="6.71346">
        <ele>1614</ele>
        <time>2026-07-02T19:14:38+00:00</time>
      </trkpt>
      <trkpt lat="46.13729" lon="6.71347">
        <ele>1614</ele>
        <time>2026-07-02T19:14:41+00:00</time>
      </trkpt>
      <trkpt lat="46.13733" lon="6.71349">
        <ele>1611</ele>
        <time>2026-07-02T19:14:44+00:00</time>
      </trkpt>
      <trkpt lat="46.13738" lon="6.71351">
        <ele>1616</ele>
        <time>2026-07-02T19:14:47+00:00</time>
      </trkpt>
      <trkpt lat="46.1374" lon="6.71353">
        <ele>1616</ele>
        <time>2026-07-02T19:14:50+00:00</time>
      </trkpt>
      <trkpt lat="46.13742" lon="6.71356">
        <ele>1615</ele>
        <time>2026-07-02T19:14:53+00:00</time>
      </trkpt>
      <trkpt lat="46.13746" lon="6.71357">
        <ele>1615</ele>
        <time>2026-07-02T19:14:56+00:00</time>
      </trkpt>
      <trkpt lat="46.13748" lon="6.71357">
        <ele>1615</ele>
        <time>2026-07-02T19:14:59+00:00</time>
      </trkpt>
      <trkpt lat="46.13751" lon="6.71356">
        <ele>1609</ele>
        <time>2026-07-02T19:15:02+00:00</time>
      </trkpt>
      <trkpt lat="46.13755" lon="6.71356">
        <ele>1613</ele>
        <time>2026-07-02T19:15:05+00:00</time>
      </trkpt>
      <trkpt lat="46.13758" lon="6.71357">
        <ele>1613</ele>
        <time>2026-07-02T19:15:08+00:00</time>
      </trkpt>
      <trkpt lat="46.13765" lon="6.71358">
        <ele>1610</ele>
        <time>2026-07-02T19:15:11+00:00</time>
      </trkpt>
      <trkpt lat="46.13767" lon="6.71359">
        <ele>1610</ele>
        <time>2026-07-02T19:15:14+00:00</time>
      </trkpt>
      <trkpt lat="46.1377" lon="6.7136">
        <ele>1608</ele>
        <time>2026-07-02T19:15:17+00:00</time>
      </trkpt>
      <trkpt lat="46.13773" lon="6.71358">
        <ele>1608</ele>
        <time>2026-07-02T19:15:20+00:00</time>
      </trkpt>
      <trkpt lat="46.13775" lon="6.71356">
        <ele>1608</ele>
        <time>2026-07-02T19:15:23+00:00</time>
      </trkpt>
      <trkpt lat="46.13778" lon="6.71354">
        <ele>1608</ele>
        <time>2026-07-02T19:15:26+00:00</time>
      </trkpt>
      <trkpt lat="46.13781" lon="6.71354">
        <ele>1607</ele>
        <time>2026-07-02T19:15:29+00:00</time>
      </trkpt>
      <trkpt lat="46.13783" lon="6.71356">
        <ele>1607</ele>
        <time>2026-07-02T19:15:32+00:00</time>
      </trkpt>
      <trkpt lat="46.13785" lon="6.71357">
        <ele>1607</ele>
        <time>2026-07-02T19:15:35+00:00</time>
      </trkpt>
      <trkpt lat="46.13788" lon="6.71356">
        <ele>1607</ele>
        <time>2026-07-02T19:15:38+00:00</time>
      </trkpt>
      <trkpt lat="46.13791" lon="6.71355">
        <ele>1607</ele>
        <time>2026-07-02T19:15:41+00:00</time>
      </trkpt>
      <trkpt lat="46.13795" lon="6.71356">
        <ele>1605</ele>
        <time>2026-07-02T19:15:44+00:00</time>
      </trkpt>
      <trkpt lat="46.13798" lon="6.7136">
        <ele>1605</ele>
        <time>2026-07-02T19:15:47+00:00</time>
      </trkpt>
      <trkpt lat="46.138" lon="6.71362">
        <ele>1611</ele>
        <time>2026-07-02T19:15:50+00:00</time>
      </trkpt>
      <trkpt lat="46.13804" lon="6.71364">
        <ele>1609</ele>
        <time>2026-07-02T19:15:53+00:00</time>
      </trkpt>
      <trkpt lat="46.1381" lon="6.71365">
        <ele>1607</ele>
        <time>2026-07-02T19:15:56+00:00</time>
      </trkpt>
      <trkpt lat="46.13814" lon="6.71367">
        <ele>1607</ele>
        <time>2026-07-02T19:15:59+00:00</time>
      </trkpt>
      <trkpt lat="46.13818" lon="6.7137">
        <ele>1607</ele>
        <time>2026-07-02T19:16:02+00:00</time>
      </trkpt>
      <trkpt lat="46.13821" lon="6.71371">
        <ele>1609</ele>
        <time>2026-07-02T19:16:05+00:00</time>
      </trkpt>
      <trkpt lat="46.13825" lon="6.71374">
        <ele>1609</ele>
        <time>2026-07-02T19:16:08+00:00</time>
      </trkpt>
      <trkpt lat="46.13829" lon="6.71375">
        <ele>1607</ele>
        <time>2026-07-02T19:16:11+00:00</time>
      </trkpt>
      <trkpt lat="46.13837" lon="6.71378">
        <ele>1607</ele>
        <time>2026-07-02T19:16:14+00:00</time>
      </trkpt>
      <trkpt lat="46.13841" lon="6.71381">
        <ele>1609</ele>
        <time>2026-07-02T19:16:17+00:00</time>
      </trkpt>
      <trkpt lat="46.13851" lon="6.71387">
        <ele>1608</ele>
        <time>2026-07-02T19:16:20+00:00</time>
      </trkpt>
      <trkpt lat="46.13854" lon="6.71388">
        <ele>1608</ele>
        <time>2026-07-02T19:16:23+00:00</time>
      </trkpt>
      <trkpt lat="46.13856" lon="6.71389">
        <ele>1608</ele>
        <time>2026-07-02T19:16:26+00:00</time>
      </trkpt>
      <trkpt lat="46.13859" lon="6.71388">
        <ele>1608</ele>
        <time>2026-07-02T19:16:29+00:00</time>
      </trkpt>
      <trkpt lat="46.13861" lon="6.7139">
        <ele>1606</ele>
        <time>2026-07-02T19:16:32+00:00</time>
      </trkpt>
      <trkpt lat="46.13863" lon="6.71392">
        <ele>1610</ele>
        <time>2026-07-02T19:16:35+00:00</time>
      </trkpt>
      <trkpt lat="46.13866" lon="6.71394">
        <ele>1610</ele>
        <time>2026-07-02T19:16:38+00:00</time>
      </trkpt>
      <trkpt lat="46.13868" lon="6.71396">
        <ele>1610</ele>
        <time>2026-07-02T19:16:41+00:00</time>
      </trkpt>
      <trkpt lat="46.1387" lon="6.71398">
        <ele>1610</ele>
        <time>2026-07-02T19:16:44+00:00</time>
      </trkpt>
      <trkpt lat="46.13871" lon="6.71401">
        <ele>1611</ele>
        <time>2026-07-02T19:16:47+00:00</time>
      </trkpt>
      <trkpt lat="46.13874" lon="6.71403">
        <ele>1611</ele>
        <time>2026-07-02T19:16:50+00:00</time>
      </trkpt>
      <trkpt lat="46.13878" lon="6.71406">
        <ele>1611</ele>
        <time>2026-07-02T19:16:53+00:00</time>
      </trkpt>
      <trkpt lat="46.1388" lon="6.71409">
        <ele>1609</ele>
        <time>2026-07-02T19:16:56+00:00</time>
      </trkpt>
      <trkpt lat="46.13883" lon="6.71412">
        <ele>1611</ele>
        <time>2026-07-02T19:16:59+00:00</time>
      </trkpt>
      <trkpt lat="46.13886" lon="6.71416">
        <ele>1611</ele>
        <time>2026-07-02T19:17:02+00:00</time>
      </trkpt>
      <trkpt lat="46.13889" lon="6.7142">
        <ele>1614</ele>
        <time>2026-07-02T19:17:05+00:00</time>
      </trkpt>
      <trkpt lat="46.13892" lon="6.71425">
        <ele>1610</ele>
        <time>2026-07-02T19:17:08+00:00</time>
      </trkpt>
      <trkpt lat="46.13893" lon="6.71429">
        <ele>1610</ele>
        <time>2026-07-02T19:17:11+00:00</time>
      </trkpt>
      <trkpt lat="46.13894" lon="6.71434">
        <ele>1611</ele>
        <time>2026-07-02T19:17:14+00:00</time>
      </trkpt>
      <trkpt lat="46.13896" lon="6.71436">
        <ele>1612</ele>
        <time>2026-07-02T19:17:17+00:00</time>
      </trkpt>
      <trkpt lat="46.13897" lon="6.71438">
        <ele>1612</ele>
        <time>2026-07-02T19:17:20+00:00</time>
      </trkpt>
      <trkpt lat="46.13898" lon="6.71441">
        <ele>1614</ele>
        <time>2026-07-02T19:17:23+00:00</time>
      </trkpt>
      <trkpt lat="46.13901" lon="6.71442">
        <ele>1611</ele>
        <time>2026-07-02T19:17:26+00:00</time>
      </trkpt>
      <trkpt lat="46.13903" lon="6.71443">
        <ele>1611</ele>
        <time>2026-07-02T19:17:29+00:00</time>
      </trkpt>
      <trkpt lat="46.13905" lon="6.71444">
        <ele>1611</ele>
        <time>2026-07-02T19:17:32+00:00</time>
      </trkpt>
      <trkpt lat="46.13905" lon="6.71446">
        <ele>1611</ele>
        <time>2026-07-02T19:17:35+00:00</time>
      </trkpt>
      <trkpt lat="46.13906" lon="6.71448">
        <ele>1611</ele>
        <time>2026-07-02T19:17:38+00:00</time>
      </trkpt>
      <trkpt lat="46.13908" lon="6.71449">
        <ele>1611</ele>
        <time>2026-07-02T19:17:41+00:00</time>
      </trkpt>
      <trkpt lat="46.1391" lon="6.71451">
        <ele>1614</ele>
        <time>2026-07-02T19:17:44+00:00</time>
      </trkpt>
      <trkpt lat="46.13911" lon="6.71455">
        <ele>1611</ele>
        <time>2026-07-02T19:17:47+00:00</time>
      </trkpt>
      <trkpt lat="46.13912" lon="6.71459">
        <ele>1611</ele>
        <time>2026-07-02T19:17:50+00:00</time>
      </trkpt>
      <trkpt lat="46.13914" lon="6.71464">
        <ele>1613</ele>
        <time>2026-07-02T19:17:53+00:00</time>
      </trkpt>
      <trkpt lat="46.13916" lon="6.7147">
        <ele>1613</ele>
        <time>2026-07-02T19:17:56+00:00</time>
      </trkpt>
      <trkpt lat="46.13918" lon="6.71475">
        <ele>1609</ele>
        <time>2026-07-02T19:17:59+00:00</time>
      </trkpt>
      <trkpt lat="46.1392" lon="6.71482">
        <ele>1609</ele>
        <time>2026-07-02T19:18:02+00:00</time>
      </trkpt>
      <trkpt lat="46.13923" lon="6.71487">
        <ele>1609</ele>
        <time>2026-07-02T19:18:05+00:00</time>
      </trkpt>
      <trkpt lat="46.13927" lon="6.71496">
        <ele>1611</ele>
        <time>2026-07-02T19:18:08+00:00</time>
      </trkpt>
      <trkpt lat="46.1393" lon="6.71503">
        <ele>1607</ele>
        <time>2026-07-02T19:18:11+00:00</time>
      </trkpt>
      <trkpt lat="46.13933" lon="6.71508">
        <ele>1607</ele>
        <time>2026-07-02T19:18:14+00:00</time>
      </trkpt>
      <trkpt lat="46.13936" lon="6.71515">
        <ele>1609</ele>
        <time>2026-07-02T19:18:17+00:00</time>
      </trkpt>
      <trkpt lat="46.1394" lon="6.71524">
        <ele>1604</ele>
        <time>2026-07-02T19:18:20+00:00</time>
      </trkpt>
      <trkpt lat="46.13946" lon="6.71534">
        <ele>1605</ele>
        <time>2026-07-02T19:18:23+00:00</time>
      </trkpt>
      <trkpt lat="46.1395" lon="6.71539">
        <ele>1605</ele>
        <time>2026-07-02T19:18:26+00:00</time>
      </trkpt>
      <trkpt lat="46.13953" lon="6.71541">
        <ele>1597</ele>
        <time>2026-07-02T19:18:29+00:00</time>
      </trkpt>
      <trkpt lat="46.13956" lon="6.71546">
        <ele>1597</ele>
        <time>2026-07-02T19:18:32+00:00</time>
      </trkpt>
      <trkpt lat="46.13959" lon="6.71555">
        <ele>1599</ele>
        <time>2026-07-02T19:18:35+00:00</time>
      </trkpt>
      <trkpt lat="46.13965" lon="6.71563">
        <ele>1595</ele>
        <time>2026-07-02T19:18:38+00:00</time>
      </trkpt>
      <trkpt lat="46.13974" lon="6.71574">
        <ele>1592</ele>
        <time>2026-07-02T19:18:41+00:00</time>
      </trkpt>
      <trkpt lat="46.13977" lon="6.71578">
        <ele>1592</ele>
        <time>2026-07-02T19:18:44+00:00</time>
      </trkpt>
      <trkpt lat="46.13982" lon="6.71584">
        <ele>1587</ele>
        <time>2026-07-02T19:18:47+00:00</time>
      </trkpt>
      <trkpt lat="46.13987" lon="6.71588">
        <ele>1587</ele>
        <time>2026-07-02T19:18:50+00:00</time>
      </trkpt>
      <trkpt lat="46.13994" lon="6.71588">
        <ele>1584</ele>
        <time>2026-07-02T19:18:53+00:00</time>
      </trkpt>
      <trkpt lat="46.13999" lon="6.71584">
        <ele>1584</ele>
        <time>2026-07-02T19:18:56+00:00</time>
      </trkpt>
      <trkpt lat="46.14002" lon="6.7158">
        <ele>1583</ele>
        <time>2026-07-02T19:18:59+00:00</time>
      </trkpt>
      <trkpt lat="46.14003" lon="6.71578">
        <ele>1582</ele>
        <time>2026-07-02T19:19:02+00:00</time>
      </trkpt>
      <trkpt lat="46.14005" lon="6.71575">
        <ele>1582</ele>
        <time>2026-07-02T19:19:05+00:00</time>
      </trkpt>
      <trkpt lat="46.14008" lon="6.71573">
        <ele>1582</ele>
        <time>2026-07-02T19:19:08+00:00</time>
      </trkpt>
      <trkpt lat="46.14011" lon="6.71573">
        <ele>1584</ele>
        <time>2026-07-02T19:19:11+00:00</time>
      </trkpt>
      <trkpt lat="46.14012" lon="6.71568">
        <ele>1583</ele>
        <time>2026-07-02T19:19:14+00:00</time>
      </trkpt>
      <trkpt lat="46.14011" lon="6.7156">
        <ele>1583</ele>
        <time>2026-07-02T19:19:17+00:00</time>
      </trkpt>
      <trkpt lat="46.14011" lon="6.71547">
        <ele>1583</ele>
        <time>2026-07-02T19:19:20+00:00</time>
      </trkpt>
      <trkpt lat="46.14011" lon="6.71537">
        <ele>1584</ele>
        <time>2026-07-02T19:19:23+00:00</time>
      </trkpt>
      <trkpt lat="46.14009" lon="6.71525">
        <ele>1579</ele>
        <time>2026-07-02T19:19:26+00:00</time>
      </trkpt>
      <trkpt lat="46.1401" lon="6.71511">
        <ele>1584</ele>
        <time>2026-07-02T19:19:29+00:00</time>
      </trkpt>
      <trkpt lat="46.1401" lon="6.71493">
        <ele>1584</ele>
        <time>2026-07-02T19:19:32+00:00</time>
      </trkpt>
      <trkpt lat="46.14011" lon="6.71495">
        <ele>1584</ele>
        <time>2026-07-02T19:19:35+00:00</time>
      </trkpt>
      <trkpt lat="46.14016" lon="6.71508">
        <ele>1584</ele>
        <time>2026-07-02T19:19:38+00:00</time>
      </trkpt>
      <trkpt lat="46.1402" lon="6.71514">
        <ele>1585</ele>
        <time>2026-07-02T19:19:41+00:00</time>
      </trkpt>
      <trkpt lat="46.14025" lon="6.71519">
        <ele>1586</ele>
        <time>2026-07-02T19:19:44+00:00</time>
      </trkpt>
      <trkpt lat="46.14038" lon="6.71528">
        <ele>1589</ele>
        <time>2026-07-02T19:19:47+00:00</time>
      </trkpt>
      <trkpt lat="46.1405" lon="6.71533">
        <ele>1595</ele>
        <time>2026-07-02T19:19:50+00:00</time>
      </trkpt>
      <trkpt lat="46.14067" lon="6.71537">
        <ele>1598</ele>
        <time>2026-07-02T19:19:53+00:00</time>
      </trkpt>
      <trkpt lat="46.14085" lon="6.7153">
        <ele>1607</ele>
        <time>2026-07-02T19:19:56+00:00</time>
      </trkpt>
      <trkpt lat="46.14097" lon="6.7151">
        <ele>1610</ele>
        <time>2026-07-02T19:19:59+00:00</time>
      </trkpt>
      <trkpt lat="46.14099" lon="6.71512">
        <ele>1610</ele>
        <time>2026-07-02T19:20:02+00:00</time>
      </trkpt>
      <trkpt lat="46.14104" lon="6.71502">
        <ele>1614</ele>
        <time>2026-07-02T19:20:05+00:00</time>
      </trkpt>
      <trkpt lat="46.14112" lon="6.71501">
        <ele>1614</ele>
        <time>2026-07-02T19:20:08+00:00</time>
      </trkpt>
      <trkpt lat="46.14133" lon="6.71501">
        <ele>1612</ele>
        <time>2026-07-02T19:20:11+00:00</time>
      </trkpt>
      <trkpt lat="46.14153" lon="6.71497">
        <ele>1613</ele>
        <time>2026-07-02T19:20:14+00:00</time>
      </trkpt>
      <trkpt lat="46.14172" lon="6.71496">
        <ele>1613</ele>
        <time>2026-07-02T19:20:17+00:00</time>
      </trkpt>
      <trkpt lat="46.1418" lon="6.71498">
        <ele>1614</ele>
        <time>2026-07-02T19:20:20+00:00</time>
      </trkpt>
      <trkpt lat="46.14194" lon="6.71494">
        <ele>1617</ele>
        <time>2026-07-02T19:20:23+00:00</time>
      </trkpt>
      <trkpt lat="46.14204" lon="6.71491">
        <ele>1618</ele>
        <time>2026-07-02T19:20:26+00:00</time>
      </trkpt>
      <trkpt lat="46.14219" lon="6.71487">
        <ele>1619</ele>
        <time>2026-07-02T19:20:29+00:00</time>
      </trkpt>
      <trkpt lat="46.14238" lon="6.71482">
        <ele>1619</ele>
        <time>2026-07-02T19:20:32+00:00</time>
      </trkpt>
      <trkpt lat="46.14247" lon="6.71477">
        <ele>1621</ele>
        <time>2026-07-02T19:20:35+00:00</time>
      </trkpt>
      <trkpt lat="46.1426" lon="6.71467">
        <ele>1620</ele>
        <time>2026-07-02T19:20:38+00:00</time>
      </trkpt>
      <trkpt lat="46.14268" lon="6.71459">
        <ele>1626</ele>
        <time>2026-07-02T19:20:41+00:00</time>
      </trkpt>
      <trkpt lat="46.14275" lon="6.71459">
        <ele>1624</ele>
        <time>2026-07-02T19:20:44+00:00</time>
      </trkpt>
      <trkpt lat="46.14278" lon="6.71462">
        <ele>1620</ele>
        <time>2026-07-02T19:20:47+00:00</time>
      </trkpt>
      <trkpt lat="46.14283" lon="6.7147">
        <ele>1621</ele>
        <time>2026-07-02T19:20:50+00:00</time>
      </trkpt>
      <trkpt lat="46.14286" lon="6.71474">
        <ele>1621</ele>
        <time>2026-07-02T19:20:53+00:00</time>
      </trkpt>
      <trkpt lat="46.14291" lon="6.71475">
        <ele>1621</ele>
        <time>2026-07-02T19:20:56+00:00</time>
      </trkpt>
      <trkpt lat="46.14297" lon="6.71474">
        <ele>1620</ele>
        <time>2026-07-02T19:20:59+00:00</time>
      </trkpt>
      <trkpt lat="46.14302" lon="6.71471">
        <ele>1620</ele>
        <time>2026-07-02T19:21:02+00:00</time>
      </trkpt>
      <trkpt lat="46.14307" lon="6.71468">
        <ele>1620</ele>
        <time>2026-07-02T19:21:05+00:00</time>
      </trkpt>
      <trkpt lat="46.14306" lon="6.71479">
        <ele>1620</ele>
        <time>2026-07-02T19:21:08+00:00</time>
      </trkpt>
      <trkpt lat="46.14308" lon="6.71495">
        <ele>1620</ele>
        <time>2026-07-02T19:21:11+00:00</time>
      </trkpt>
      <trkpt lat="46.14309" lon="6.71509">
        <ele>1620</ele>
        <time>2026-07-02T19:21:14+00:00</time>
      </trkpt>
      <trkpt lat="46.14309" lon="6.71523">
        <ele>1619</ele>
        <time>2026-07-02T19:21:17+00:00</time>
      </trkpt>
      <trkpt lat="46.14308" lon="6.71537">
        <ele>1618</ele>
        <time>2026-07-02T19:21:20+00:00</time>
      </trkpt>
      <trkpt lat="46.14315" lon="6.71531">
        <ele>1619</ele>
        <time>2026-07-02T19:21:23+00:00</time>
      </trkpt>
      <trkpt lat="46.14329" lon="6.71557">
        <ele>1619</ele>
        <time>2026-07-02T19:21:26+00:00</time>
      </trkpt>
      <trkpt lat="46.14342" lon="6.7157">
        <ele>1619</ele>
        <time>2026-07-02T19:21:29+00:00</time>
      </trkpt>
      <trkpt lat="46.14359" lon="6.71573">
        <ele>1619</ele>
        <time>2026-07-02T19:21:32+00:00</time>
      </trkpt>
      <trkpt lat="46.14369" lon="6.71567">
        <ele>1618</ele>
        <time>2026-07-02T19:21:35+00:00</time>
      </trkpt>
      <trkpt lat="46.14385" lon="6.71551">
        <ele>1619</ele>
        <time>2026-07-02T19:21:38+00:00</time>
      </trkpt>
      <trkpt lat="46.14402" lon="6.71542">
        <ele>1619</ele>
        <time>2026-07-02T19:21:41+00:00</time>
      </trkpt>
      <trkpt lat="46.14428" lon="6.71541">
        <ele>1619</ele>
        <time>2026-07-02T19:21:44+00:00</time>
      </trkpt>
      <trkpt lat="46.14443" lon="6.71537">
        <ele>1618</ele>
        <time>2026-07-02T19:21:47+00:00</time>
      </trkpt>
      <trkpt lat="46.1446" lon="6.71531">
        <ele>1619</ele>
        <time>2026-07-02T19:21:50+00:00</time>
      </trkpt>
      <trkpt lat="46.14494" lon="6.7152">
        <ele>1620</ele>
        <time>2026-07-02T19:21:53+00:00</time>
      </trkpt>
      <trkpt lat="46.14505" lon="6.71519">
        <ele>1618</ele>
        <time>2026-07-02T19:21:56+00:00</time>
      </trkpt>
      <trkpt lat="46.1452" lon="6.71516">
        <ele>1620</ele>
        <time>2026-07-02T19:21:59+00:00</time>
      </trkpt>
      <trkpt lat="46.14523" lon="6.71517">
        <ele>1623</ele>
        <time>2026-07-02T19:22:02+00:00</time>
      </trkpt>
      <trkpt lat="46.14535" lon="6.71521">
        <ele>1626</ele>
        <time>2026-07-02T19:22:05+00:00</time>
      </trkpt>
      <trkpt lat="46.14557" lon="6.71515">
        <ele>1627</ele>
        <time>2026-07-02T19:22:08+00:00</time>
      </trkpt>
      <trkpt lat="46.14565" lon="6.71506">
        <ele>1628</ele>
        <time>2026-07-02T19:22:11+00:00</time>
      </trkpt>
      <trkpt lat="46.14574" lon="6.71503">
        <ele>1630</ele>
        <time>2026-07-02T19:22:14+00:00</time>
      </trkpt>
      <trkpt lat="46.14597" lon="6.7151">
        <ele>1630</ele>
        <time>2026-07-02T19:22:17+00:00</time>
      </trkpt>
      <trkpt lat="46.1462" lon="6.7152">
        <ele>1639</ele>
        <time>2026-07-02T19:22:20+00:00</time>
      </trkpt>
      <trkpt lat="46.1463" lon="6.71525">
        <ele>1639</ele>
        <time>2026-07-02T19:22:23+00:00</time>
      </trkpt>
      <trkpt lat="46.14637" lon="6.71527">
        <ele>1640</ele>
        <time>2026-07-02T19:22:26+00:00</time>
      </trkpt>
      <trkpt lat="46.14647" lon="6.71524">
        <ele>1641</ele>
        <time>2026-07-02T19:22:29+00:00</time>
      </trkpt>
      <trkpt lat="46.14662" lon="6.71521">
        <ele>1644</ele>
        <time>2026-07-02T19:22:32+00:00</time>
      </trkpt>
      <trkpt lat="46.1467" lon="6.71522">
        <ele>1646</ele>
        <time>2026-07-02T19:22:35+00:00</time>
      </trkpt>
      <trkpt lat="46.14681" lon="6.71524">
        <ele>1646</ele>
        <time>2026-07-02T19:22:38+00:00</time>
      </trkpt>
      <trkpt lat="46.14692" lon="6.71528">
        <ele>1646</ele>
        <time>2026-07-02T19:22:41+00:00</time>
      </trkpt>
      <trkpt lat="46.14697" lon="6.71532">
        <ele>1650</ele>
        <time>2026-07-02T19:22:44+00:00</time>
      </trkpt>
      <trkpt lat="46.14702" lon="6.71534">
        <ele>1649</ele>
        <time>2026-07-02T19:22:47+00:00</time>
      </trkpt>
      <trkpt lat="46.14711" lon="6.71538">
        <ele>1648</ele>
        <time>2026-07-02T19:22:50+00:00</time>
      </trkpt>
      <trkpt lat="46.14715" lon="6.7154">
        <ele>1654</ele>
        <time>2026-07-02T19:22:53+00:00</time>
      </trkpt>
      <trkpt lat="46.14716" lon="6.71541">
        <ele>1654</ele>
        <time>2026-07-02T19:22:56+00:00</time>
      </trkpt>
      <trkpt lat="46.14719" lon="6.7154">
        <ele>1654</ele>
        <time>2026-07-02T19:22:59+00:00</time>
      </trkpt>
      <trkpt lat="46.14724" lon="6.71541">
        <ele>1653</ele>
        <time>2026-07-02T19:23:02+00:00</time>
      </trkpt>
      <trkpt lat="46.14726" lon="6.71541">
        <ele>1653</ele>
        <time>2026-07-02T19:23:05+00:00</time>
      </trkpt>
      <trkpt lat="46.14734" lon="6.71541">
        <ele>1655</ele>
        <time>2026-07-02T19:23:08+00:00</time>
      </trkpt>
      <trkpt lat="46.14744" lon="6.71542">
        <ele>1657</ele>
        <time>2026-07-02T19:23:11+00:00</time>
      </trkpt>
      <trkpt lat="46.14749" lon="6.71542">
        <ele>1657</ele>
        <time>2026-07-02T19:23:14+00:00</time>
      </trkpt>
      <trkpt lat="46.14756" lon="6.71545">
        <ele>1659</ele>
        <time>2026-07-02T19:23:17+00:00</time>
      </trkpt>
      <trkpt lat="46.14767" lon="6.71547">
        <ele>1661</ele>
        <time>2026-07-02T19:23:20+00:00</time>
      </trkpt>
      <trkpt lat="46.14782" lon="6.71548">
        <ele>1664</ele>
        <time>2026-07-02T19:23:23+00:00</time>
      </trkpt>
      <trkpt lat="46.14797" lon="6.7155">
        <ele>1666</ele>
        <time>2026-07-02T19:23:26+00:00</time>
      </trkpt>
      <trkpt lat="46.14816" lon="6.71552">
        <ele>1673</ele>
        <time>2026-07-02T19:23:29+00:00</time>
      </trkpt>
      <trkpt lat="46.14838" lon="6.71554">
        <ele>1676</ele>
        <time>2026-07-02T19:23:32+00:00</time>
      </trkpt>
      <trkpt lat="46.1486" lon="6.71556">
        <ele>1679</ele>
        <time>2026-07-02T19:23:35+00:00</time>
      </trkpt>
      <trkpt lat="46.14871" lon="6.71561">
        <ele>1685</ele>
        <time>2026-07-02T19:23:38+00:00</time>
      </trkpt>
      <trkpt lat="46.14885" lon="6.71565">
        <ele>1685</ele>
        <time>2026-07-02T19:23:41+00:00</time>
      </trkpt>
      <trkpt lat="46.14888" lon="6.71568">
        <ele>1685</ele>
        <time>2026-07-02T19:23:44+00:00</time>
      </trkpt>
      <trkpt lat="46.14891" lon="6.71575">
        <ele>1690</ele>
        <time>2026-07-02T19:23:47+00:00</time>
      </trkpt>
      <trkpt lat="46.14888" lon="6.7158">
        <ele>1693</ele>
        <time>2026-07-02T19:23:50+00:00</time>
      </trkpt>
      <trkpt lat="46.14895" lon="6.71587">
        <ele>1692</ele>
        <time>2026-07-02T19:23:53+00:00</time>
      </trkpt>
      <trkpt lat="46.1492" lon="6.71612">
        <ele>1704</ele>
        <time>2026-07-02T19:23:56+00:00</time>
      </trkpt>
      <trkpt lat="46.14929" lon="6.71623">
        <ele>1707</ele>
        <time>2026-07-02T19:23:59+00:00</time>
      </trkpt>
      <trkpt lat="46.14907" lon="6.71633">
        <ele>1715</ele>
        <time>2026-07-02T19:24:02+00:00</time>
      </trkpt>
      <trkpt lat="46.14914" lon="6.71643">
        <ele>1719</ele>
        <time>2026-07-02T19:24:05+00:00</time>
      </trkpt>
      <trkpt lat="46.14921" lon="6.7165">
        <ele>1722</ele>
        <time>2026-07-02T19:24:08+00:00</time>
      </trkpt>
      <trkpt lat="46.14927" lon="6.71658">
        <ele>1722</ele>
        <time>2026-07-02T19:24:11+00:00</time>
      </trkpt>
      <trkpt lat="46.14927" lon="6.7166">
        <ele>1728</ele>
        <time>2026-07-02T19:24:14+00:00</time>
      </trkpt>
      <trkpt lat="46.14922" lon="6.7166">
        <ele>1722</ele>
        <time>2026-07-02T19:24:17+00:00</time>
      </trkpt>
      <trkpt lat="46.1492" lon="6.71661">
        <ele>1728</ele>
        <time>2026-07-02T19:24:20+00:00</time>
      </trkpt>
      <trkpt lat="46.14927" lon="6.71669">
        <ele>1728</ele>
        <time>2026-07-02T19:24:23+00:00</time>
      </trkpt>
      <trkpt lat="46.14928" lon="6.7167">
        <ele>1728</ele>
        <time>2026-07-02T19:24:26+00:00</time>
      </trkpt>
      <trkpt lat="46.14923" lon="6.71673">
        <ele>1732</ele>
        <time>2026-07-02T19:24:29+00:00</time>
      </trkpt>
      <trkpt lat="46.14908" lon="6.7168">
        <ele>1739</ele>
        <time>2026-07-02T19:24:32+00:00</time>
      </trkpt>
      <trkpt lat="46.14921" lon="6.71695">
        <ele>1742</ele>
        <time>2026-07-02T19:24:35+00:00</time>
      </trkpt>
      <trkpt lat="46.14937" lon="6.71716">
        <ele>1748</ele>
        <time>2026-07-02T19:24:38+00:00</time>
      </trkpt>
      <trkpt lat="46.14939" lon="6.71731">
        <ele>1756</ele>
        <time>2026-07-02T19:24:41+00:00</time>
      </trkpt>
      <trkpt lat="46.1494" lon="6.71738">
        <ele>1756</ele>
        <time>2026-07-02T19:24:44+00:00</time>
      </trkpt>
      <trkpt lat="46.1492" lon="6.7173">
        <ele>1754</ele>
        <time>2026-07-02T19:24:47+00:00</time>
      </trkpt>
      <trkpt lat="46.14913" lon="6.71728">
        <ele>1760</ele>
        <time>2026-07-02T19:24:50+00:00</time>
      </trkpt>
      <trkpt lat="46.14904" lon="6.71728">
        <ele>1761</ele>
        <time>2026-07-02T19:24:53+00:00</time>
      </trkpt>
      <trkpt lat="46.14901" lon="6.7173">
        <ele>1761</ele>
        <time>2026-07-02T19:24:56+00:00</time>
      </trkpt>
      <trkpt lat="46.14905" lon="6.71737">
        <ele>1766</ele>
        <time>2026-07-02T19:24:59+00:00</time>
      </trkpt>
      <trkpt lat="46.14898" lon="6.7174">
        <ele>1767</ele>
        <time>2026-07-02T19:25:02+00:00</time>
      </trkpt>
      <trkpt lat="46.149" lon="6.71747">
        <ele>1771</ele>
        <time>2026-07-02T19:25:05+00:00</time>
      </trkpt>
      <trkpt lat="46.14907" lon="6.71751">
        <ele>1779</ele>
        <time>2026-07-02T19:25:08+00:00</time>
      </trkpt>
      <trkpt lat="46.14893" lon="6.71758">
        <ele>1780</ele>
        <time>2026-07-02T19:25:11+00:00</time>
      </trkpt>
      <trkpt lat="46.14902" lon="6.71766">
        <ele>1784</ele>
        <time>2026-07-02T19:25:14+00:00</time>
      </trkpt>
      <trkpt lat="46.14892" lon="6.71768">
        <ele>1785</ele>
        <time>2026-07-02T19:25:17+00:00</time>
      </trkpt>
      <trkpt lat="46.14883" lon="6.71773">
        <ele>1789</ele>
        <time>2026-07-02T19:25:20+00:00</time>
      </trkpt>
      <trkpt lat="46.14892" lon="6.71781">
        <ele>1798</ele>
        <time>2026-07-02T19:25:23+00:00</time>
      </trkpt>
      <trkpt lat="46.14886" lon="6.71785">
        <ele>1797</ele>
        <time>2026-07-02T19:25:26+00:00</time>
      </trkpt>
      <trkpt lat="46.14889" lon="6.71789">
        <ele>1797</ele>
        <time>2026-07-02T19:25:29+00:00</time>
      </trkpt>
      <trkpt lat="46.14885" lon="6.71791">
        <ele>1802</ele>
        <time>2026-07-02T19:25:32+00:00</time>
      </trkpt>
      <trkpt lat="46.14892" lon="6.71796">
        <ele>1803</ele>
        <time>2026-07-02T19:25:35+00:00</time>
      </trkpt>
      <trkpt lat="46.14887" lon="6.71803">
        <ele>1806</ele>
        <time>2026-07-02T19:25:38+00:00</time>
      </trkpt>
      <trkpt lat="46.14889" lon="6.71805">
        <ele>1806</ele>
        <time>2026-07-02T19:25:41+00:00</time>
      </trkpt>
      <trkpt lat="46.14882" lon="6.7181">
        <ele>1806</ele>
        <time>2026-07-02T19:25:44+00:00</time>
      </trkpt>
      <trkpt lat="46.14885" lon="6.71813">
        <ele>1813</ele>
        <time>2026-07-02T19:25:47+00:00</time>
      </trkpt>
      <trkpt lat="46.14878" lon="6.71819">
        <ele>1813</ele>
        <time>2026-07-02T19:25:50+00:00</time>
      </trkpt>
      <trkpt lat="46.14886" lon="6.71824">
        <ele>1818</ele>
        <time>2026-07-02T19:25:53+00:00</time>
      </trkpt>
      <trkpt lat="46.14874" lon="6.71831">
        <ele>1823</ele>
        <time>2026-07-02T19:25:56+00:00</time>
      </trkpt>
      <trkpt lat="46.14884" lon="6.71835">
        <ele>1823</ele>
        <time>2026-07-02T19:25:59+00:00</time>
      </trkpt>
      <trkpt lat="46.14873" lon="6.71841">
        <ele>1830</ele>
        <time>2026-07-02T19:26:02+00:00</time>
      </trkpt>
      <trkpt lat="46.14878" lon="6.71844">
        <ele>1830</ele>
        <time>2026-07-02T19:26:05+00:00</time>
      </trkpt>
      <trkpt lat="46.14878" lon="6.71844">
        <ele>1830</ele>
        <time>2026-07-02T19:26:08+00:00</time>
      </trkpt>
      <trkpt lat="46.14873" lon="6.71846">
        <ele>1830</ele>
        <time>2026-07-02T19:26:11+00:00</time>
      </trkpt>
      <trkpt lat="46.14876" lon="6.71848">
        <ele>1830</ele>
        <time>2026-07-02T19:26:14+00:00</time>
      </trkpt>
      <trkpt lat="46.14868" lon="6.71852">
        <ele>1836</ele>
        <time>2026-07-02T19:26:17+00:00</time>
      </trkpt>
      <trkpt lat="46.14878" lon="6.71858">
        <ele>1835</ele>
        <time>2026-07-02T19:26:20+00:00</time>
      </trkpt>
      <trkpt lat="46.14868" lon="6.71864">
        <ele>1841</ele>
        <time>2026-07-02T19:26:23+00:00</time>
      </trkpt>
      <trkpt lat="46.14877" lon="6.71869">
        <ele>1840</ele>
        <time>2026-07-02T19:26:26+00:00</time>
      </trkpt>
      <trkpt lat="46.14869" lon="6.71873">
        <ele>1850</ele>
        <time>2026-07-02T19:26:29+00:00</time>
      </trkpt>
      <trkpt lat="46.14871" lon="6.71878">
        <ele>1848</ele>
        <time>2026-07-02T19:26:32+00:00</time>
      </trkpt>
      <trkpt lat="46.14862" lon="6.71881">
        <ele>1855</ele>
        <time>2026-07-02T19:26:35+00:00</time>
      </trkpt>
      <trkpt lat="46.1487" lon="6.71895">
        <ele>1857</ele>
        <time>2026-07-02T19:26:38+00:00</time>
      </trkpt>
      <trkpt lat="46.1487" lon="6.71899">
        <ele>1859</ele>
        <time>2026-07-02T19:26:41+00:00</time>
      </trkpt>
      <trkpt lat="46.14868" lon="6.71898">
        <ele>1859</ele>
        <time>2026-07-02T19:26:44+00:00</time>
      </trkpt>
      <trkpt lat="46.14869" lon="6.71902">
        <ele>1867</ele>
        <time>2026-07-02T19:26:47+00:00</time>
      </trkpt>
      <trkpt lat="46.1487" lon="6.71906">
        <ele>1862</ele>
        <time>2026-07-02T19:26:50+00:00</time>
      </trkpt>
      <trkpt lat="46.14865" lon="6.71899">
        <ele>1859</ele>
        <time>2026-07-02T19:26:53+00:00</time>
      </trkpt>
      <trkpt lat="46.14866" lon="6.71907">
        <ele>1867</ele>
        <time>2026-07-02T19:26:56+00:00</time>
      </trkpt>
      <trkpt lat="46.14866" lon="6.71912">
        <ele>1870</ele>
        <time>2026-07-02T19:26:59+00:00</time>
      </trkpt>
      <trkpt lat="46.14863" lon="6.71907">
        <ele>1867</ele>
        <time>2026-07-02T19:27:02+00:00</time>
      </trkpt>
      <trkpt lat="46.14863" lon="6.71919">
        <ele>1870</ele>
        <time>2026-07-02T19:27:05+00:00</time>
      </trkpt>
      <trkpt lat="46.1486" lon="6.71917">
        <ele>1870</ele>
        <time>2026-07-02T19:27:08+00:00</time>
      </trkpt>
      <trkpt lat="46.14859" lon="6.71928">
        <ele>1882</ele>
        <time>2026-07-02T19:27:11+00:00</time>
      </trkpt>
      <trkpt lat="46.14855" lon="6.71922">
        <ele>1882</ele>
        <time>2026-07-02T19:27:14+00:00</time>
      </trkpt>
      <trkpt lat="46.14851" lon="6.71938">
        <ele>1885</ele>
        <time>2026-07-02T19:27:17+00:00</time>
      </trkpt>
      <trkpt lat="46.14848" lon="6.71935">
        <ele>1891</ele>
        <time>2026-07-02T19:27:20+00:00</time>
      </trkpt>
      <trkpt lat="46.14846" lon="6.7193">
        <ele>1891</ele>
        <time>2026-07-02T19:27:23+00:00</time>
      </trkpt>
      <trkpt lat="46.14843" lon="6.71938">
        <ele>1891</ele>
        <time>2026-07-02T19:27:26+00:00</time>
      </trkpt>
      <trkpt lat="46.14842" lon="6.71948">
        <ele>1893</ele>
        <time>2026-07-02T19:27:29+00:00</time>
      </trkpt>
      <trkpt lat="46.14837" lon="6.71941">
        <ele>1899</ele>
        <time>2026-07-02T19:27:32+00:00</time>
      </trkpt>
      <trkpt lat="46.14837" lon="6.71946">
        <ele>1899</ele>
        <time>2026-07-02T19:27:35+00:00</time>
      </trkpt>
      <trkpt lat="46.14838" lon="6.71951">
        <ele>1901</ele>
        <time>2026-07-02T19:27:38+00:00</time>
      </trkpt>
      <trkpt lat="46.14832" lon="6.7194">
        <ele>1899</ele>
        <time>2026-07-02T19:27:41+00:00</time>
      </trkpt>
      <trkpt lat="46.14831" lon="6.7194">
        <ele>1899</ele>
        <time>2026-07-02T19:27:44+00:00</time>
      </trkpt>
      <trkpt lat="46.14831" lon="6.71953">
        <ele>1901</ele>
        <time>2026-07-02T19:27:47+00:00</time>
      </trkpt>
      <trkpt lat="46.14829" lon="6.71947">
        <ele>1906</ele>
        <time>2026-07-02T19:27:50+00:00</time>
      </trkpt>
      <trkpt lat="46.14829" lon="6.71958">
        <ele>1910</ele>
        <time>2026-07-02T19:27:53+00:00</time>
      </trkpt>
      <trkpt lat="46.14823" lon="6.71952">
        <ele>1910</ele>
        <time>2026-07-02T19:27:56+00:00</time>
      </trkpt>
      <trkpt lat="46.14823" lon="6.71963">
        <ele>1914</ele>
        <time>2026-07-02T19:27:59+00:00</time>
      </trkpt>
      <trkpt lat="46.14816" lon="6.71958">
        <ele>1914</ele>
        <time>2026-07-02T19:28:02+00:00</time>
      </trkpt>
      <trkpt lat="46.14818" lon="6.71974">
        <ele>1920</ele>
        <time>2026-07-02T19:28:05+00:00</time>
      </trkpt>
      <trkpt lat="46.14813" lon="6.71971">
        <ele>1920</ele>
        <time>2026-07-02T19:28:08+00:00</time>
      </trkpt>
      <trkpt lat="46.14807" lon="6.71965">
        <ele>1916</ele>
        <time>2026-07-02T19:28:11+00:00</time>
      </trkpt>
      <trkpt lat="46.148" lon="6.71963">
        <ele>1921</ele>
        <time>2026-07-02T19:28:14+00:00</time>
      </trkpt>
      <trkpt lat="46.14795" lon="6.71964">
        <ele>1920</ele>
        <time>2026-07-02T19:28:17+00:00</time>
      </trkpt>
      <trkpt lat="46.14784" lon="6.71975">
        <ele>1918</ele>
        <time>2026-07-02T19:28:20+00:00</time>
      </trkpt>
      <trkpt lat="46.14775" lon="6.7199">
        <ele>1927</ele>
        <time>2026-07-02T19:28:23+00:00</time>
      </trkpt>
      <trkpt lat="46.14786" lon="6.71992">
        <ele>1928</ele>
        <time>2026-07-02T19:28:26+00:00</time>
      </trkpt>
      <trkpt lat="46.14789" lon="6.71998">
        <ele>1928</ele>
        <time>2026-07-02T19:28:29+00:00</time>
      </trkpt>
      <trkpt lat="46.14791" lon="6.72006">
        <ele>1932</ele>
        <time>2026-07-02T19:28:32+00:00</time>
      </trkpt>
      <trkpt lat="46.1479" lon="6.72011">
        <ele>1934</ele>
        <time>2026-07-02T19:28:35+00:00</time>
      </trkpt>
      <trkpt lat="46.14779" lon="6.72016">
        <ele>1936</ele>
        <time>2026-07-02T19:28:38+00:00</time>
      </trkpt>
      <trkpt lat="46.14775" lon="6.72017">
        <ele>1936</ele>
        <time>2026-07-02T19:28:41+00:00</time>
      </trkpt>
      <trkpt lat="46.14778" lon="6.72023">
        <ele>1941</ele>
        <time>2026-07-02T19:28:44+00:00</time>
      </trkpt>
      <trkpt lat="46.14778" lon="6.72029">
        <ele>1941</ele>
        <time>2026-07-02T19:28:47+00:00</time>
      </trkpt>
      <trkpt lat="46.14773" lon="6.72027">
        <ele>1941</ele>
        <time>2026-07-02T19:28:50+00:00</time>
      </trkpt>
      <trkpt lat="46.14774" lon="6.72037">
        <ele>1945</ele>
        <time>2026-07-02T19:28:53+00:00</time>
      </trkpt>
      <trkpt lat="46.14769" lon="6.72035">
        <ele>1947</ele>
        <time>2026-07-02T19:28:56+00:00</time>
      </trkpt>
      <trkpt lat="46.14767" lon="6.72036">
        <ele>1947</ele>
        <time>2026-07-02T19:28:59+00:00</time>
      </trkpt>
      <trkpt lat="46.1477" lon="6.72045">
        <ele>1951</ele>
        <time>2026-07-02T19:29:02+00:00</time>
      </trkpt>
      <trkpt lat="46.14763" lon="6.72042">
        <ele>1951</ele>
        <time>2026-07-02T19:29:05+00:00</time>
      </trkpt>
      <trkpt lat="46.14749" lon="6.72046">
        <ele>1952</ele>
        <time>2026-07-02T19:29:08+00:00</time>
      </trkpt>
      <trkpt lat="46.14754" lon="6.72052">
        <ele>1959</ele>
        <time>2026-07-02T19:29:11+00:00</time>
      </trkpt>
      <trkpt lat="46.14756" lon="6.72056">
        <ele>1959</ele>
        <time>2026-07-02T19:29:14+00:00</time>
      </trkpt>
      <trkpt lat="46.14756" lon="6.72063">
        <ele>1963</ele>
        <time>2026-07-02T19:29:17+00:00</time>
      </trkpt>
      <trkpt lat="46.14747" lon="6.72063">
        <ele>1964</ele>
        <time>2026-07-02T19:29:20+00:00</time>
      </trkpt>
      <trkpt lat="46.14749" lon="6.7208">
        <ele>1972</ele>
        <time>2026-07-02T19:29:23+00:00</time>
      </trkpt>
      <trkpt lat="46.14748" lon="6.72085">
        <ele>1972</ele>
        <time>2026-07-02T19:29:26+00:00</time>
      </trkpt>
      <trkpt lat="46.14745" lon="6.7208">
        <ele>1969</ele>
        <time>2026-07-02T19:29:29+00:00</time>
      </trkpt>
      <trkpt lat="46.14743" lon="6.72078">
        <ele>1969</ele>
        <time>2026-07-02T19:29:32+00:00</time>
      </trkpt>
      <trkpt lat="46.14742" lon="6.72089">
        <ele>1972</ele>
        <time>2026-07-02T19:29:35+00:00</time>
      </trkpt>
      <trkpt lat="46.14738" lon="6.72086">
        <ele>1973</ele>
        <time>2026-07-02T19:29:38+00:00</time>
      </trkpt>
      <trkpt lat="46.14737" lon="6.72089">
        <ele>1973</ele>
        <time>2026-07-02T19:29:41+00:00</time>
      </trkpt>
      <trkpt lat="46.14734" lon="6.72087">
        <ele>1973</ele>
        <time>2026-07-02T19:29:44+00:00</time>
      </trkpt>
      <trkpt lat="46.1473" lon="6.72089">
        <ele>1973</ele>
        <time>2026-07-02T19:29:47+00:00</time>
      </trkpt>
      <trkpt lat="46.14729" lon="6.72089">
        <ele>1973</ele>
        <time>2026-07-02T19:29:50+00:00</time>
      </trkpt>
      <trkpt lat="46.14732" lon="6.72093">
        <ele>1980</ele>
        <time>2026-07-02T19:29:53+00:00</time>
      </trkpt>
      <trkpt lat="46.14732" lon="6.72099">
        <ele>1980</ele>
        <time>2026-07-02T19:29:56+00:00</time>
      </trkpt>
      <trkpt lat="46.14728" lon="6.721">
        <ele>1982</ele>
        <time>2026-07-02T19:29:59+00:00</time>
      </trkpt>
      <trkpt lat="46.1473" lon="6.72105">
        <ele>1986</ele>
        <time>2026-07-02T19:30:02+00:00</time>
      </trkpt>
      <trkpt lat="46.14727" lon="6.72106">
        <ele>1986</ele>
        <time>2026-07-02T19:30:05+00:00</time>
      </trkpt>
      <trkpt lat="46.14725" lon="6.72113">
        <ele>1990</ele>
        <time>2026-07-02T19:30:08+00:00</time>
      </trkpt>
      <trkpt lat="46.14722" lon="6.72109">
        <ele>1986</ele>
        <time>2026-07-02T19:30:11+00:00</time>
      </trkpt>
      <trkpt lat="46.14715" lon="6.72111">
        <ele>1991</ele>
        <time>2026-07-02T19:30:14+00:00</time>
      </trkpt>
      <trkpt lat="46.14719" lon="6.72116">
        <ele>1991</ele>
        <time>2026-07-02T19:30:17+00:00</time>
      </trkpt>
      <trkpt lat="46.14719" lon="6.7212">
        <ele>1991</ele>
        <time>2026-07-02T19:30:20+00:00</time>
      </trkpt>
      <trkpt lat="46.14713" lon="6.7212">
        <ele>1991</ele>
        <time>2026-07-02T19:30:23+00:00</time>
      </trkpt>
      <trkpt lat="46.14709" lon="6.72122">
        <ele>1997</ele>
        <time>2026-07-02T19:30:26+00:00</time>
      </trkpt>
      <trkpt lat="46.14711" lon="6.7213">
        <ele>1999</ele>
        <time>2026-07-02T19:30:29+00:00</time>
      </trkpt>
      <trkpt lat="46.14707" lon="6.72131">
        <ele>2001</ele>
        <time>2026-07-02T19:30:32+00:00</time>
      </trkpt>
      <trkpt lat="46.14708" lon="6.72134">
        <ele>2001</ele>
        <time>2026-07-02T19:30:35+00:00</time>
      </trkpt>
      <trkpt lat="46.14704" lon="6.72134">
        <ele>2001</ele>
        <time>2026-07-02T19:30:38+00:00</time>
      </trkpt>
      <trkpt lat="46.14703" lon="6.72136">
        <ele>2001</ele>
        <time>2026-07-02T19:30:41+00:00</time>
      </trkpt>
      <trkpt lat="46.14704" lon="6.72138">
        <ele>2001</ele>
        <time>2026-07-02T19:30:44+00:00</time>
      </trkpt>
      <trkpt lat="46.14703" lon="6.72142">
        <ele>2004</ele>
        <time>2026-07-02T19:30:47+00:00</time>
      </trkpt>
      <trkpt lat="46.14701" lon="6.72142">
        <ele>2004</ele>
        <time>2026-07-02T19:30:50+00:00</time>
      </trkpt>
      <trkpt lat="46.14699" lon="6.72148">
        <ele>2004</ele>
        <time>2026-07-02T19:30:53+00:00</time>
      </trkpt>
      <trkpt lat="46.14694" lon="6.72152">
        <ele>2009</ele>
        <time>2026-07-02T19:30:56+00:00</time>
      </trkpt>
      <trkpt lat="46.14689" lon="6.72156">
        <ele>2007</ele>
        <time>2026-07-02T19:30:59+00:00</time>
      </trkpt>
      <trkpt lat="46.14688" lon="6.72164">
        <ele>2011</ele>
        <time>2026-07-02T19:31:02+00:00</time>
      </trkpt>
      <trkpt lat="46.14684" lon="6.72167">
        <ele>2011</ele>
        <time>2026-07-02T19:31:05+00:00</time>
      </trkpt>
      <trkpt lat="46.14681" lon="6.72175">
        <ele>2014</ele>
        <time>2026-07-02T19:31:08+00:00</time>
      </trkpt>
      <trkpt lat="46.14678" lon="6.72181">
        <ele>2011</ele>
        <time>2026-07-02T19:31:11+00:00</time>
      </trkpt>
      <trkpt lat="46.14671" lon="6.72194">
        <ele>2017</ele>
        <time>2026-07-02T19:31:14+00:00</time>
      </trkpt>
      <trkpt lat="46.14672" lon="6.72198">
        <ele>2017</ele>
        <time>2026-07-02T19:31:17+00:00</time>
      </trkpt>
      <trkpt lat="46.14673" lon="6.72209">
        <ele>2010</ele>
        <time>2026-07-02T19:31:20+00:00</time>
      </trkpt>
      <trkpt lat="46.14674" lon="6.72222">
        <ele>2012</ele>
        <time>2026-07-02T19:31:23+00:00</time>
      </trkpt>
      <trkpt lat="46.14674" lon="6.72235">
        <ele>2011</ele>
        <time>2026-07-02T19:31:26+00:00</time>
      </trkpt>
      <trkpt lat="46.14675" lon="6.72245">
        <ele>2009</ele>
        <time>2026-07-02T19:31:29+00:00</time>
      </trkpt>
      <trkpt lat="46.14675" lon="6.72249">
        <ele>2009</ele>
        <time>2026-07-02T19:31:32+00:00</time>
      </trkpt>
      <trkpt lat="46.14675" lon="6.72251">
        <ele>2009</ele>
        <time>2026-07-02T19:31:35+00:00</time>
      </trkpt>
      <trkpt lat="46.14676" lon="6.72249">
        <ele>2009</ele>
        <time>2026-07-02T19:31:38+00:00</time>
      </trkpt>
      <trkpt lat="46.14678" lon="6.72247">
        <ele>2009</ele>
        <time>2026-07-02T19:31:41+00:00</time>
      </trkpt>
      <trkpt lat="46.1468" lon="6.72242">
        <ele>2009</ele>
        <time>2026-07-02T19:31:44+00:00</time>
      </trkpt>
      <trkpt lat="46.14683" lon="6.72235">
        <ele>2006</ele>
        <time>2026-07-02T19:31:47+00:00</time>
      </trkpt>
      <trkpt lat="46.14686" lon="6.72231">
        <ele>2006</ele>
        <time>2026-07-02T19:31:50+00:00</time>
      </trkpt>
      <trkpt lat="46.14688" lon="6.72226">
        <ele>2008</ele>
        <time>2026-07-02T19:31:53+00:00</time>
      </trkpt>
      <trkpt lat="46.1469" lon="6.72222">
        <ele>2008</ele>
        <time>2026-07-02T19:31:56+00:00</time>
      </trkpt>
      <trkpt lat="46.14692" lon="6.72217">
        <ele>2002</ele>
        <time>2026-07-02T19:31:59+00:00</time>
      </trkpt>
      <trkpt lat="46.14695" lon="6.72212">
        <ele>2002</ele>
        <time>2026-07-02T19:32:02+00:00</time>
      </trkpt>
      <trkpt lat="46.14698" lon="6.72208">
        <ele>2005</ele>
        <time>2026-07-02T19:32:05+00:00</time>
      </trkpt>
      <trkpt lat="46.147" lon="6.72205">
        <ele>1997</ele>
        <time>2026-07-02T19:32:08+00:00</time>
      </trkpt>
      <trkpt lat="46.14702" lon="6.72202">
        <ele>1997</ele>
        <time>2026-07-02T19:32:11+00:00</time>
      </trkpt>
      <trkpt lat="46.14703" lon="6.72199">
        <ele>1998</ele>
        <time>2026-07-02T19:32:14+00:00</time>
      </trkpt>
      <trkpt lat="46.14704" lon="6.72195">
        <ele>1998</ele>
        <time>2026-07-02T19:32:17+00:00</time>
      </trkpt>
      <trkpt lat="46.14708" lon="6.72189">
        <ele>1999</ele>
        <time>2026-07-02T19:32:20+00:00</time>
      </trkpt>
      <trkpt lat="46.14709" lon="6.72186">
        <ele>1999</ele>
        <time>2026-07-02T19:32:23+00:00</time>
      </trkpt>
      <trkpt lat="46.14709" lon="6.72182">
        <ele>1999</ele>
        <time>2026-07-02T19:32:26+00:00</time>
      </trkpt>
      <trkpt lat="46.14711" lon="6.72176">
        <ele>1992</ele>
        <time>2026-07-02T19:32:29+00:00</time>
      </trkpt>
      <trkpt lat="46.14712" lon="6.72173">
        <ele>1992</ele>
        <time>2026-07-02T19:32:32+00:00</time>
      </trkpt>
      <trkpt lat="46.14713" lon="6.72169">
        <ele>1994</ele>
        <time>2026-07-02T19:32:35+00:00</time>
      </trkpt>
      <trkpt lat="46.14714" lon="6.72165">
        <ele>1994</ele>
        <time>2026-07-02T19:32:38+00:00</time>
      </trkpt>
      <trkpt lat="46.14715" lon="6.72165">
        <ele>1994</ele>
        <time>2026-07-02T19:32:41+00:00</time>
      </trkpt>
      <trkpt lat="46.14716" lon="6.72165">
        <ele>1994</ele>
        <time>2026-07-02T19:32:44+00:00</time>
      </trkpt>
      <trkpt lat="46.14716" lon="6.72168">
        <ele>1994</ele>
        <time>2026-07-02T19:32:47+00:00</time>
      </trkpt>
      <trkpt lat="46.14716" lon="6.72173">
        <ele>1992</ele>
        <time>2026-07-02T19:32:50+00:00</time>
      </trkpt>
      <trkpt lat="46.14716" lon="6.7218">
        <ele>1992</ele>
        <time>2026-07-02T19:32:53+00:00</time>
      </trkpt>
      <trkpt lat="46.14716" lon="6.72187">
        <ele>1991</ele>
        <time>2026-07-02T19:32:56+00:00</time>
      </trkpt>
      <trkpt lat="46.14715" lon="6.72199">
        <ele>1991</ele>
        <time>2026-07-02T19:32:59+00:00</time>
      </trkpt>
      <trkpt lat="46.14716" lon="6.72206">
        <ele>1990</ele>
        <time>2026-07-02T19:33:02+00:00</time>
      </trkpt>
      <trkpt lat="46.14715" lon="6.72216">
        <ele>1987</ele>
        <time>2026-07-02T19:33:05+00:00</time>
      </trkpt>
      <trkpt lat="46.14714" lon="6.72223">
        <ele>1984</ele>
        <time>2026-07-02T19:33:08+00:00</time>
      </trkpt>
      <trkpt lat="46.14713" lon="6.72228">
        <ele>1984</ele>
        <time>2026-07-02T19:33:11+00:00</time>
      </trkpt>
      <trkpt lat="46.14713" lon="6.72232">
        <ele>1982</ele>
        <time>2026-07-02T19:33:14+00:00</time>
      </trkpt>
      <trkpt lat="46.14715" lon="6.72235">
        <ele>1982</ele>
        <time>2026-07-02T19:33:17+00:00</time>
      </trkpt>
      <trkpt lat="46.14715" lon="6.72237">
        <ele>1982</ele>
        <time>2026-07-02T19:33:20+00:00</time>
      </trkpt>
      <trkpt lat="46.14715" lon="6.72241">
        <ele>1982</ele>
        <time>2026-07-02T19:33:23+00:00</time>
      </trkpt>
      <trkpt lat="46.14715" lon="6.72245">
        <ele>1982</ele>
        <time>2026-07-02T19:33:26+00:00</time>
      </trkpt>
      <trkpt lat="46.14717" lon="6.72248">
        <ele>1982</ele>
        <time>2026-07-02T19:33:29+00:00</time>
      </trkpt>
      <trkpt lat="46.1472" lon="6.7225">
        <ele>1982</ele>
        <time>2026-07-02T19:33:32+00:00</time>
      </trkpt>
      <trkpt lat="46.14723" lon="6.72253">
        <ele>1975</ele>
        <time>2026-07-02T19:33:35+00:00</time>
      </trkpt>
      <trkpt lat="46.14726" lon="6.72253">
        <ele>1975</ele>
        <time>2026-07-02T19:33:38+00:00</time>
      </trkpt>
      <trkpt lat="46.14727" lon="6.72252">
        <ele>1975</ele>
        <time>2026-07-02T19:33:41+00:00</time>
      </trkpt>
      <trkpt lat="46.14728" lon="6.72251">
        <ele>1975</ele>
        <time>2026-07-02T19:33:44+00:00</time>
      </trkpt>
      <trkpt lat="46.1473" lon="6.72248">
        <ele>1975</ele>
        <time>2026-07-02T19:33:47+00:00</time>
      </trkpt>
      <trkpt lat="46.14731" lon="6.72247">
        <ele>1971</ele>
        <time>2026-07-02T19:33:50+00:00</time>
      </trkpt>
      <trkpt lat="46.14733" lon="6.72245">
        <ele>1971</ele>
        <time>2026-07-02T19:33:53+00:00</time>
      </trkpt>
      <trkpt lat="46.14734" lon="6.72244">
        <ele>1971</ele>
        <time>2026-07-02T19:33:56+00:00</time>
      </trkpt>
      <trkpt lat="46.14735" lon="6.72245">
        <ele>1971</ele>
        <time>2026-07-02T19:33:59+00:00</time>
      </trkpt>
      <trkpt lat="46.14737" lon="6.72247">
        <ele>1971</ele>
        <time>2026-07-02T19:34:02+00:00</time>
      </trkpt>
      <trkpt lat="46.14738" lon="6.72249">
        <ele>1971</ele>
        <time>2026-07-02T19:34:05+00:00</time>
      </trkpt>
      <trkpt lat="46.14739" lon="6.72251">
        <ele>1971</ele>
        <time>2026-07-02T19:34:08+00:00</time>
      </trkpt>
      <trkpt lat="46.14739" lon="6.72253">
        <ele>1971</ele>
        <time>2026-07-02T19:34:11+00:00</time>
      </trkpt>
      <trkpt lat="46.14742" lon="6.72256">
        <ele>1967</ele>
        <time>2026-07-02T19:34:14+00:00</time>
      </trkpt>
      <trkpt lat="46.14744" lon="6.72258">
        <ele>1967</ele>
        <time>2026-07-02T19:34:17+00:00</time>
      </trkpt>
      <trkpt lat="46.14746" lon="6.7226">
        <ele>1967</ele>
        <time>2026-07-02T19:34:20+00:00</time>
      </trkpt>
      <trkpt lat="46.14748" lon="6.72262">
        <ele>1967</ele>
        <time>2026-07-02T19:34:23+00:00</time>
      </trkpt>
      <trkpt lat="46.1475" lon="6.72263">
        <ele>1967</ele>
        <time>2026-07-02T19:34:26+00:00</time>
      </trkpt>
      <trkpt lat="46.14752" lon="6.72265">
        <ele>1961</ele>
        <time>2026-07-02T19:34:29+00:00</time>
      </trkpt>
      <trkpt lat="46.14754" lon="6.72266">
        <ele>1961</ele>
        <time>2026-07-02T19:34:32+00:00</time>
      </trkpt>
      <trkpt lat="46.14755" lon="6.72267">
        <ele>1961</ele>
        <time>2026-07-02T19:34:35+00:00</time>
      </trkpt>
      <trkpt lat="46.14757" lon="6.72269">
        <ele>1961</ele>
        <time>2026-07-02T19:34:38+00:00</time>
      </trkpt>
      <trkpt lat="46.14759" lon="6.7227">
        <ele>1961</ele>
        <time>2026-07-02T19:34:41+00:00</time>
      </trkpt>
      <trkpt lat="46.14768" lon="6.7228">
        <ele>1957</ele>
        <time>2026-07-02T19:34:44+00:00</time>
      </trkpt>
      <trkpt lat="46.14771" lon="6.7228">
        <ele>1954</ele>
        <time>2026-07-02T19:34:47+00:00</time>
      </trkpt>
      <trkpt lat="46.14773" lon="6.72278">
        <ele>1954</ele>
        <time>2026-07-02T19:34:50+00:00</time>
      </trkpt>
      <trkpt lat="46.14778" lon="6.72274">
        <ele>1954</ele>
        <time>2026-07-02T19:34:53+00:00</time>
      </trkpt>
      <trkpt lat="46.14782" lon="6.72265">
        <ele>1949</ele>
        <time>2026-07-02T19:34:56+00:00</time>
      </trkpt>
      <trkpt lat="46.14783" lon="6.7226">
        <ele>1948</ele>
        <time>2026-07-02T19:34:59+00:00</time>
      </trkpt>
      <trkpt lat="46.14784" lon="6.7226">
        <ele>1948</ele>
        <time>2026-07-02T19:35:02+00:00</time>
      </trkpt>
      <trkpt lat="46.14786" lon="6.72265">
        <ele>1949</ele>
        <time>2026-07-02T19:35:05+00:00</time>
      </trkpt>
      <trkpt lat="46.14787" lon="6.72272">
        <ele>1949</ele>
        <time>2026-07-02T19:35:08+00:00</time>
      </trkpt>
      <trkpt lat="46.14788" lon="6.72277">
        <ele>1949</ele>
        <time>2026-07-02T19:35:11+00:00</time>
      </trkpt>
      <trkpt lat="46.14792" lon="6.72281">
        <ele>1939</ele>
        <time>2026-07-02T19:35:14+00:00</time>
      </trkpt>
      <trkpt lat="46.14797" lon="6.72287">
        <ele>1939</ele>
        <time>2026-07-02T19:35:17+00:00</time>
      </trkpt>
      <trkpt lat="46.14806" lon="6.72296">
        <ele>1934</ele>
        <time>2026-07-02T19:35:20+00:00</time>
      </trkpt>
      <trkpt lat="46.14809" lon="6.72295">
        <ele>1934</ele>
        <time>2026-07-02T19:35:23+00:00</time>
      </trkpt>
      <trkpt lat="46.14818" lon="6.72302">
        <ele>1930</ele>
        <time>2026-07-02T19:35:26+00:00</time>
      </trkpt>
      <trkpt lat="46.14822" lon="6.72302">
        <ele>1926</ele>
        <time>2026-07-02T19:35:29+00:00</time>
      </trkpt>
      <trkpt lat="46.14827" lon="6.72301">
        <ele>1926</ele>
        <time>2026-07-02T19:35:32+00:00</time>
      </trkpt>
      <trkpt lat="46.14833" lon="6.723">
        <ele>1924</ele>
        <time>2026-07-02T19:35:35+00:00</time>
      </trkpt>
      <trkpt lat="46.14844" lon="6.72292">
        <ele>1919</ele>
        <time>2026-07-02T19:35:38+00:00</time>
      </trkpt>
      <trkpt lat="46.14852" lon="6.72278">
        <ele>1913</ele>
        <time>2026-07-02T19:35:41+00:00</time>
      </trkpt>
      <trkpt lat="46.14859" lon="6.72265">
        <ele>1910</ele>
        <time>2026-07-02T19:35:44+00:00</time>
      </trkpt>
      <trkpt lat="46.14862" lon="6.72263">
        <ele>1908</ele>
        <time>2026-07-02T19:35:47+00:00</time>
      </trkpt>
      <trkpt lat="46.14891" lon="6.72269">
        <ele>1894</ele>
        <time>2026-07-02T19:35:50+00:00</time>
      </trkpt>
      <trkpt lat="46.14911" lon="6.72262">
        <ele>1885</ele>
        <time>2026-07-02T19:35:53+00:00</time>
      </trkpt>
      <trkpt lat="46.14914" lon="6.72262">
        <ele>1885</ele>
        <time>2026-07-02T19:35:56+00:00</time>
      </trkpt>
      <trkpt lat="46.14918" lon="6.72259">
        <ele>1881</ele>
        <time>2026-07-02T19:35:59+00:00</time>
      </trkpt>
      <trkpt lat="46.1492" lon="6.72259">
        <ele>1875</ele>
        <time>2026-07-02T19:36:02+00:00</time>
      </trkpt>
      <trkpt lat="46.14922" lon="6.72259">
        <ele>1875</ele>
        <time>2026-07-02T19:36:05+00:00</time>
      </trkpt>
      <trkpt lat="46.14926" lon="6.7226">
        <ele>1880</ele>
        <time>2026-07-02T19:36:08+00:00</time>
      </trkpt>
      <trkpt lat="46.14938" lon="6.72256">
        <ele>1873</ele>
        <time>2026-07-02T19:36:11+00:00</time>
      </trkpt>
      <trkpt lat="46.14947" lon="6.72249">
        <ele>1871</ele>
        <time>2026-07-02T19:36:14+00:00</time>
      </trkpt>
      <trkpt lat="46.14956" lon="6.72246">
        <ele>1868</ele>
        <time>2026-07-02T19:36:17+00:00</time>
      </trkpt>
      <trkpt lat="46.14963" lon="6.72253">
        <ele>1867</ele>
        <time>2026-07-02T19:36:20+00:00</time>
      </trkpt>
      <trkpt lat="46.14976" lon="6.72253">
        <ele>1863</ele>
        <time>2026-07-02T19:36:23+00:00</time>
      </trkpt>
      <trkpt lat="46.14974" lon="6.72247">
        <ele>1862</ele>
        <time>2026-07-02T19:36:26+00:00</time>
      </trkpt>
      <trkpt lat="46.14983" lon="6.72245">
        <ele>1856</ele>
        <time>2026-07-02T19:36:29+00:00</time>
      </trkpt>
      <trkpt lat="46.14977" lon="6.72234">
        <ele>1857</ele>
        <time>2026-07-02T19:36:32+00:00</time>
      </trkpt>
      <trkpt lat="46.14975" lon="6.72227">
        <ele>1854</ele>
        <time>2026-07-02T19:36:35+00:00</time>
      </trkpt>
      <trkpt lat="46.14991" lon="6.72226">
        <ele>1846</ele>
        <time>2026-07-02T19:36:38+00:00</time>
      </trkpt>
      <trkpt lat="46.15002" lon="6.72227">
        <ele>1842</ele>
        <time>2026-07-02T19:36:41+00:00</time>
      </trkpt>
      <trkpt lat="46.15016" lon="6.72224">
        <ele>1837</ele>
        <time>2026-07-02T19:36:44+00:00</time>
      </trkpt>
      <trkpt lat="46.15034" lon="6.72217">
        <ele>1826</ele>
        <time>2026-07-02T19:36:47+00:00</time>
      </trkpt>
      <trkpt lat="46.15046" lon="6.72209">
        <ele>1816</ele>
        <time>2026-07-02T19:36:50+00:00</time>
      </trkpt>
      <trkpt lat="46.15061" lon="6.72207">
        <ele>1810</ele>
        <time>2026-07-02T19:36:53+00:00</time>
      </trkpt>
      <trkpt lat="46.15067" lon="6.72201">
        <ele>1810</ele>
        <time>2026-07-02T19:36:56+00:00</time>
      </trkpt>
      <trkpt lat="46.15074" lon="6.72196">
        <ele>1805</ele>
        <time>2026-07-02T19:36:59+00:00</time>
      </trkpt>
      <trkpt lat="46.15081" lon="6.72191">
        <ele>1805</ele>
        <time>2026-07-02T19:37:02+00:00</time>
      </trkpt>
      <trkpt lat="46.15084" lon="6.72192">
        <ele>1805</ele>
        <time>2026-07-02T19:37:05+00:00</time>
      </trkpt>
      <trkpt lat="46.15091" lon="6.72187">
        <ele>1800</ele>
        <time>2026-07-02T19:37:08+00:00</time>
      </trkpt>
      <trkpt lat="46.15094" lon="6.72181">
        <ele>1800</ele>
        <time>2026-07-02T19:37:11+00:00</time>
      </trkpt>
      <trkpt lat="46.15111" lon="6.72173">
        <ele>1787</ele>
        <time>2026-07-02T19:37:14+00:00</time>
      </trkpt>
      <trkpt lat="46.15125" lon="6.72171">
        <ele>1780</ele>
        <time>2026-07-02T19:37:17+00:00</time>
      </trkpt>
      <trkpt lat="46.15135" lon="6.72177">
        <ele>1774</ele>
        <time>2026-07-02T19:37:20+00:00</time>
      </trkpt>
      <trkpt lat="46.15135" lon="6.72172">
        <ele>1774</ele>
        <time>2026-07-02T19:37:23+00:00</time>
      </trkpt>
      <trkpt lat="46.15138" lon="6.72172">
        <ele>1774</ele>
        <time>2026-07-02T19:37:26+00:00</time>
      </trkpt>
      <trkpt lat="46.15139" lon="6.72168">
        <ele>1770</ele>
        <time>2026-07-02T19:37:29+00:00</time>
      </trkpt>
      <trkpt lat="46.15138" lon="6.7216">
        <ele>1770</ele>
        <time>2026-07-02T19:37:32+00:00</time>
      </trkpt>
      <trkpt lat="46.1514" lon="6.72159">
        <ele>1766</ele>
        <time>2026-07-02T19:37:35+00:00</time>
      </trkpt>
      <trkpt lat="46.15147" lon="6.72162">
        <ele>1768</ele>
        <time>2026-07-02T19:37:38+00:00</time>
      </trkpt>
      <trkpt lat="46.15148" lon="6.72156">
        <ele>1765</ele>
        <time>2026-07-02T19:37:41+00:00</time>
      </trkpt>
      <trkpt lat="46.15153" lon="6.72152">
        <ele>1763</ele>
        <time>2026-07-02T19:37:44+00:00</time>
      </trkpt>
      <trkpt lat="46.15156" lon="6.72152">
        <ele>1763</ele>
        <time>2026-07-02T19:37:47+00:00</time>
      </trkpt>
      <trkpt lat="46.15158" lon="6.72154">
        <ele>1763</ele>
        <time>2026-07-02T19:37:50+00:00</time>
      </trkpt>
      <trkpt lat="46.15159" lon="6.72148">
        <ele>1757</ele>
        <time>2026-07-02T19:37:53+00:00</time>
      </trkpt>
      <trkpt lat="46.1516" lon="6.72147">
        <ele>1757</ele>
        <time>2026-07-02T19:37:56+00:00</time>
      </trkpt>
      <trkpt lat="46.15166" lon="6.72159">
        <ele>1760</ele>
        <time>2026-07-02T19:37:59+00:00</time>
      </trkpt>
      <trkpt lat="46.15172" lon="6.72163">
        <ele>1756</ele>
        <time>2026-07-02T19:38:02+00:00</time>
      </trkpt>
      <trkpt lat="46.15177" lon="6.72136">
        <ele>1753</ele>
        <time>2026-07-02T19:38:05+00:00</time>
      </trkpt>
      <trkpt lat="46.15186" lon="6.72131">
        <ele>1752</ele>
        <time>2026-07-02T19:38:08+00:00</time>
      </trkpt>
      <trkpt lat="46.15196" lon="6.72126">
        <ele>1750</ele>
        <time>2026-07-02T19:38:11+00:00</time>
      </trkpt>
      <trkpt lat="46.15204" lon="6.7211">
        <ele>1745</ele>
        <time>2026-07-02T19:38:14+00:00</time>
      </trkpt>
      <trkpt lat="46.15209" lon="6.72094">
        <ele>1735</ele>
        <time>2026-07-02T19:38:17+00:00</time>
      </trkpt>
      <trkpt lat="46.15219" lon="6.72083">
        <ele>1728</ele>
        <time>2026-07-02T19:38:20+00:00</time>
      </trkpt>
      <trkpt lat="46.1525" lon="6.72065">
        <ele>1723</ele>
        <time>2026-07-02T19:38:23+00:00</time>
      </trkpt>
      <trkpt lat="46.15255" lon="6.72062">
        <ele>1723</ele>
        <time>2026-07-02T19:38:26+00:00</time>
      </trkpt>
      <trkpt lat="46.1526" lon="6.72056">
        <ele>1720</ele>
        <time>2026-07-02T19:38:29+00:00</time>
      </trkpt>
      <trkpt lat="46.15267" lon="6.72055">
        <ele>1722</ele>
        <time>2026-07-02T19:38:32+00:00</time>
      </trkpt>
      <trkpt lat="46.1528" lon="6.72056">
        <ele>1721</ele>
        <time>2026-07-02T19:38:35+00:00</time>
      </trkpt>
      <trkpt lat="46.15287" lon="6.72056">
        <ele>1721</ele>
        <time>2026-07-02T19:38:38+00:00</time>
      </trkpt>
      <trkpt lat="46.15297" lon="6.72052">
        <ele>1720</ele>
        <time>2026-07-02T19:38:41+00:00</time>
      </trkpt>
      <trkpt lat="46.15315" lon="6.72055">
        <ele>1720</ele>
        <time>2026-07-02T19:38:44+00:00</time>
      </trkpt>
      <trkpt lat="46.15321" lon="6.72062">
        <ele>1717</ele>
        <time>2026-07-02T19:38:47+00:00</time>
      </trkpt>
      <trkpt lat="46.15328" lon="6.72071">
        <ele>1719</ele>
        <time>2026-07-02T19:38:50+00:00</time>
      </trkpt>
      <trkpt lat="46.1533" lon="6.72063">
        <ele>1717</ele>
        <time>2026-07-02T19:38:53+00:00</time>
      </trkpt>
      <trkpt lat="46.15329" lon="6.72039">
        <ele>1709</ele>
        <time>2026-07-02T19:38:56+00:00</time>
      </trkpt>
      <trkpt lat="46.15336" lon="6.7204">
        <ele>1706</ele>
        <time>2026-07-02T19:38:59+00:00</time>
      </trkpt>
      <trkpt lat="46.15345" lon="6.72031">
        <ele>1704</ele>
        <time>2026-07-02T19:39:02+00:00</time>
      </trkpt>
      <trkpt lat="46.15345" lon="6.72015">
        <ele>1697</ele>
        <time>2026-07-02T19:39:05+00:00</time>
      </trkpt>
      <trkpt lat="46.15337" lon="6.71999">
        <ele>1692</ele>
        <time>2026-07-02T19:39:08+00:00</time>
      </trkpt>
      <trkpt lat="46.15353" lon="6.71991">
        <ele>1692</ele>
        <time>2026-07-02T19:39:11+00:00</time>
      </trkpt>
      <trkpt lat="46.15365" lon="6.71985">
        <ele>1687</ele>
        <time>2026-07-02T19:39:14+00:00</time>
      </trkpt>
      <trkpt lat="46.15375" lon="6.71986">
        <ele>1684</ele>
        <time>2026-07-02T19:39:17+00:00</time>
      </trkpt>
      <trkpt lat="46.15383" lon="6.71986">
        <ele>1683</ele>
        <time>2026-07-02T19:39:20+00:00</time>
      </trkpt>
      <trkpt lat="46.1539" lon="6.71983">
        <ele>1683</ele>
        <time>2026-07-02T19:39:23+00:00</time>
      </trkpt>
      <trkpt lat="46.15403" lon="6.71981">
        <ele>1681</ele>
        <time>2026-07-02T19:39:26+00:00</time>
      </trkpt>
      <trkpt lat="46.15444" lon="6.71969">
        <ele>1675</ele>
        <time>2026-07-02T19:39:29+00:00</time>
      </trkpt>
      <trkpt lat="46.15451" lon="6.71976">
        <ele>1675</ele>
        <time>2026-07-02T19:39:32+00:00</time>
      </trkpt>
      <trkpt lat="46.15456" lon="6.71978">
        <ele>1675</ele>
        <time>2026-07-02T19:39:35+00:00</time>
      </trkpt>
      <trkpt lat="46.15471" lon="6.71988">
        <ele>1667</ele>
        <time>2026-07-02T19:39:38+00:00</time>
      </trkpt>
      <trkpt lat="46.15475" lon="6.71978">
        <ele>1666</ele>
        <time>2026-07-02T19:39:41+00:00</time>
      </trkpt>
      <trkpt lat="46.15478" lon="6.71969">
        <ele>1665</ele>
        <time>2026-07-02T19:39:44+00:00</time>
      </trkpt>
      <trkpt lat="46.15486" lon="6.71968">
        <ele>1663</ele>
        <time>2026-07-02T19:39:47+00:00</time>
      </trkpt>
      <trkpt lat="46.1549" lon="6.71971">
        <ele>1664</ele>
        <time>2026-07-02T19:39:50+00:00</time>
      </trkpt>
      <trkpt lat="46.15493" lon="6.71974">
        <ele>1659</ele>
        <time>2026-07-02T19:39:53+00:00</time>
      </trkpt>
      <trkpt lat="46.15494" lon="6.71972">
        <ele>1659</ele>
        <time>2026-07-02T19:39:56+00:00</time>
      </trkpt>
      <trkpt lat="46.15494" lon="6.71964">
        <ele>1658</ele>
        <time>2026-07-02T19:39:59+00:00</time>
      </trkpt>
      <trkpt lat="46.15522" lon="6.71948">
        <ele>1652</ele>
        <time>2026-07-02T19:40:02+00:00</time>
      </trkpt>
      <trkpt lat="46.1553" lon="6.71945">
        <ele>1652</ele>
        <time>2026-07-02T19:40:05+00:00</time>
      </trkpt>
      <trkpt lat="46.15535" lon="6.71945">
        <ele>1649</ele>
        <time>2026-07-02T19:40:08+00:00</time>
      </trkpt>
      <trkpt lat="46.15538" lon="6.7195">
        <ele>1650</ele>
        <time>2026-07-02T19:40:11+00:00</time>
      </trkpt>
      <trkpt lat="46.15538" lon="6.7195">
        <ele>1650</ele>
        <time>2026-07-02T19:40:14+00:00</time>
      </trkpt>
      <trkpt lat="46.15545" lon="6.7196">
        <ele>1645</ele>
        <time>2026-07-02T19:40:17+00:00</time>
      </trkpt>
      <trkpt lat="46.1555" lon="6.71944">
        <ele>1645</ele>
        <time>2026-07-02T19:40:20+00:00</time>
      </trkpt>
      <trkpt lat="46.1556" lon="6.71935">
        <ele>1638</ele>
        <time>2026-07-02T19:40:23+00:00</time>
      </trkpt>
      <trkpt lat="46.1558" lon="6.71914">
        <ele>1633</ele>
        <time>2026-07-02T19:40:26+00:00</time>
      </trkpt>
      <trkpt lat="46.15584" lon="6.7191">
        <ele>1630</ele>
        <time>2026-07-02T19:40:29+00:00</time>
      </trkpt>
      <trkpt lat="46.1559" lon="6.71912">
        <ele>1631</ele>
        <time>2026-07-02T19:40:32+00:00</time>
      </trkpt>
      <trkpt lat="46.1559" lon="6.71901">
        <ele>1627</ele>
        <time>2026-07-02T19:40:35+00:00</time>
      </trkpt>
      <trkpt lat="46.15595" lon="6.71902">
        <ele>1627</ele>
        <time>2026-07-02T19:40:38+00:00</time>
      </trkpt>
      <trkpt lat="46.15596" lon="6.719">
        <ele>1627</ele>
        <time>2026-07-02T19:40:41+00:00</time>
      </trkpt>
      <trkpt lat="46.15595" lon="6.71882">
        <ele>1624</ele>
        <time>2026-07-02T19:40:44+00:00</time>
      </trkpt>
      <trkpt lat="46.15612" lon="6.71869">
        <ele>1607</ele>
        <time>2026-07-02T19:40:47+00:00</time>
      </trkpt>
      <trkpt lat="46.15622" lon="6.71843">
        <ele>1600</ele>
        <time>2026-07-02T19:40:50+00:00</time>
      </trkpt>
      <trkpt lat="46.15631" lon="6.71819">
        <ele>1593</ele>
        <time>2026-07-02T19:40:53+00:00</time>
      </trkpt>
      <trkpt lat="46.15637" lon="6.71812">
        <ele>1593</ele>
        <time>2026-07-02T19:40:56+00:00</time>
      </trkpt>
      <trkpt lat="46.15647" lon="6.71806">
        <ele>1589</ele>
        <time>2026-07-02T19:40:59+00:00</time>
      </trkpt>
      <trkpt lat="46.15659" lon="6.71805">
        <ele>1588</ele>
        <time>2026-07-02T19:41:02+00:00</time>
      </trkpt>
      <trkpt lat="46.15667" lon="6.71817">
        <ele>1586</ele>
        <time>2026-07-02T19:41:05+00:00</time>
      </trkpt>
      <trkpt lat="46.15672" lon="6.71821">
        <ele>1580</ele>
        <time>2026-07-02T19:41:08+00:00</time>
      </trkpt>
      <trkpt lat="46.1568" lon="6.71819">
        <ele>1576</ele>
        <time>2026-07-02T19:41:11+00:00</time>
      </trkpt>
      <trkpt lat="46.15689" lon="6.7181">
        <ele>1575</ele>
        <time>2026-07-02T19:41:14+00:00</time>
      </trkpt>
      <trkpt lat="46.15697" lon="6.71806">
        <ele>1572</ele>
        <time>2026-07-02T19:41:17+00:00</time>
      </trkpt>
      <trkpt lat="46.157" lon="6.71799">
        <ele>1570</ele>
        <time>2026-07-02T19:41:20+00:00</time>
      </trkpt>
      <trkpt lat="46.15709" lon="6.71792">
        <ele>1566</ele>
        <time>2026-07-02T19:41:23+00:00</time>
      </trkpt>
      <trkpt lat="46.15717" lon="6.71794">
        <ele>1565</ele>
        <time>2026-07-02T19:41:26+00:00</time>
      </trkpt>
      <trkpt lat="46.1573" lon="6.71795">
        <ele>1562</ele>
        <time>2026-07-02T19:41:29+00:00</time>
      </trkpt>
      <trkpt lat="46.15746" lon="6.71793">
        <ele>1555</ele>
        <time>2026-07-02T19:41:32+00:00</time>
      </trkpt>
      <trkpt lat="46.15744" lon="6.718">
        <ele>1555</ele>
        <time>2026-07-02T19:41:35+00:00</time>
      </trkpt>
      <trkpt lat="46.15743" lon="6.71806">
        <ele>1554</ele>
        <time>2026-07-02T19:41:38+00:00</time>
      </trkpt>
      <trkpt lat="46.15744" lon="6.71815">
        <ele>1554</ele>
        <time>2026-07-02T19:41:41+00:00</time>
      </trkpt>
      <trkpt lat="46.15744" lon="6.71824">
        <ele>1554</ele>
        <time>2026-07-02T19:41:44+00:00</time>
      </trkpt>
      <trkpt lat="46.15741" lon="6.71832">
        <ele>1553</ele>
        <time>2026-07-02T19:41:47+00:00</time>
      </trkpt>
      <trkpt lat="46.15738" lon="6.71839">
        <ele>1555</ele>
        <time>2026-07-02T19:41:50+00:00</time>
      </trkpt>
      <trkpt lat="46.15733" lon="6.71845">
        <ele>1551</ele>
        <time>2026-07-02T19:41:53+00:00</time>
      </trkpt>
      <trkpt lat="46.15733" lon="6.71847">
        <ele>1553</ele>
        <time>2026-07-02T19:41:56+00:00</time>
      </trkpt>
      <trkpt lat="46.15733" lon="6.71853">
        <ele>1549</ele>
        <time>2026-07-02T19:41:59+00:00</time>
      </trkpt>
      <trkpt lat="46.15733" lon="6.7186">
        <ele>1549</ele>
        <time>2026-07-02T19:42:02+00:00</time>
      </trkpt>
      <trkpt lat="46.15725" lon="6.71874">
        <ele>1553</ele>
        <time>2026-07-02T19:42:05+00:00</time>
      </trkpt>
      <trkpt lat="46.15721" lon="6.71881">
        <ele>1551</ele>
        <time>2026-07-02T19:42:08+00:00</time>
      </trkpt>
      <trkpt lat="46.15718" lon="6.71889">
        <ele>1556</ele>
        <time>2026-07-02T19:42:11+00:00</time>
      </trkpt>
      <trkpt lat="46.15713" lon="6.71898">
        <ele>1552</ele>
        <time>2026-07-02T19:42:14+00:00</time>
      </trkpt>
      <trkpt lat="46.15709" lon="6.71905">
        <ele>1556</ele>
        <time>2026-07-02T19:42:17+00:00</time>
      </trkpt>
      <trkpt lat="46.15706" lon="6.71913">
        <ele>1554</ele>
        <time>2026-07-02T19:42:20+00:00</time>
      </trkpt>
      <trkpt lat="46.15701" lon="6.71921">
        <ele>1555</ele>
        <time>2026-07-02T19:42:23+00:00</time>
      </trkpt>
      <trkpt lat="46.15695" lon="6.71929">
        <ele>1559</ele>
        <time>2026-07-02T19:42:26+00:00</time>
      </trkpt>
      <trkpt lat="46.15692" lon="6.71935">
        <ele>1553</ele>
        <time>2026-07-02T19:42:29+00:00</time>
      </trkpt>
      <trkpt lat="46.15686" lon="6.71939">
        <ele>1559</ele>
        <time>2026-07-02T19:42:32+00:00</time>
      </trkpt>
      <trkpt lat="46.1568" lon="6.71943">
        <ele>1559</ele>
        <time>2026-07-02T19:42:35+00:00</time>
      </trkpt>
      <trkpt lat="46.15671" lon="6.71948">
        <ele>1559</ele>
        <time>2026-07-02T19:42:38+00:00</time>
      </trkpt>
      <trkpt lat="46.15668" lon="6.71953">
        <ele>1556</ele>
        <time>2026-07-02T19:42:41+00:00</time>
      </trkpt>
      <trkpt lat="46.15666" lon="6.71957">
        <ele>1569</ele>
        <time>2026-07-02T19:42:44+00:00</time>
      </trkpt>
      <trkpt lat="46.15663" lon="6.7196">
        <ele>1569</ele>
        <time>2026-07-02T19:42:47+00:00</time>
      </trkpt>
      <trkpt lat="46.15657" lon="6.71963">
        <ele>1563</ele>
        <time>2026-07-02T19:42:50+00:00</time>
      </trkpt>
      <trkpt lat="46.15651" lon="6.7197">
        <ele>1556</ele>
        <time>2026-07-02T19:42:53+00:00</time>
      </trkpt>
      <trkpt lat="46.15644" lon="6.71978">
        <ele>1564</ele>
        <time>2026-07-02T19:42:56+00:00</time>
      </trkpt>
      <trkpt lat="46.15639" lon="6.71987">
        <ele>1563</ele>
        <time>2026-07-02T19:42:59+00:00</time>
      </trkpt>
      <trkpt lat="46.15633" lon="6.71996">
        <ele>1556</ele>
        <time>2026-07-02T19:43:02+00:00</time>
      </trkpt>
      <trkpt lat="46.15629" lon="6.72006">
        <ele>1560</ele>
        <time>2026-07-02T19:43:05+00:00</time>
      </trkpt>
      <trkpt lat="46.15625" lon="6.72015">
        <ele>1556</ele>
        <time>2026-07-02T19:43:08+00:00</time>
      </trkpt>
      <trkpt lat="46.15624" lon="6.7202">
        <ele>1556</ele>
        <time>2026-07-02T19:43:11+00:00</time>
      </trkpt>
      <trkpt lat="46.1562" lon="6.72026">
        <ele>1551</ele>
        <time>2026-07-02T19:43:14+00:00</time>
      </trkpt>
      <trkpt lat="46.15616" lon="6.7203">
        <ele>1552</ele>
        <time>2026-07-02T19:43:17+00:00</time>
      </trkpt>
      <trkpt lat="46.1561" lon="6.72035">
        <ele>1562</ele>
        <time>2026-07-02T19:43:20+00:00</time>
      </trkpt>
      <trkpt lat="46.15605" lon="6.72038">
        <ele>1555</ele>
        <time>2026-07-02T19:43:23+00:00</time>
      </trkpt>
      <trkpt lat="46.15602" lon="6.72043">
        <ele>1557</ele>
        <time>2026-07-02T19:43:26+00:00</time>
      </trkpt>
      <trkpt lat="46.15596" lon="6.72048">
        <ele>1562</ele>
        <time>2026-07-02T19:43:29+00:00</time>
      </trkpt>
      <trkpt lat="46.1559" lon="6.7205">
        <ele>1554</ele>
        <time>2026-07-02T19:43:32+00:00</time>
      </trkpt>
      <trkpt lat="46.15584" lon="6.72053">
        <ele>1567</ele>
        <time>2026-07-02T19:43:35+00:00</time>
      </trkpt>
      <trkpt lat="46.15578" lon="6.72058">
        <ele>1583</ele>
        <time>2026-07-02T19:43:38+00:00</time>
      </trkpt>
      <trkpt lat="46.15573" lon="6.72064">
        <ele>1559</ele>
        <time>2026-07-02T19:43:41+00:00</time>
      </trkpt>
      <trkpt lat="46.15569" lon="6.72066">
        <ele>1580</ele>
        <time>2026-07-02T19:43:44+00:00</time>
      </trkpt>
      <trkpt lat="46.15568" lon="6.72066">
        <ele>1580</ele>
        <time>2026-07-02T19:43:47+00:00</time>
      </trkpt>
      <trkpt lat="46.15565" lon="6.72066">
        <ele>1580</ele>
        <time>2026-07-02T19:43:50+00:00</time>
      </trkpt>
      <trkpt lat="46.15563" lon="6.72067">
        <ele>1580</ele>
        <time>2026-07-02T19:43:53+00:00</time>
      </trkpt>
      <trkpt lat="46.15558" lon="6.72069">
        <ele>1592</ele>
        <time>2026-07-02T19:43:56+00:00</time>
      </trkpt>
      <trkpt lat="46.15553" lon="6.72073">
        <ele>1575</ele>
        <time>2026-07-02T19:43:59+00:00</time>
      </trkpt>
      <trkpt lat="46.1555" lon="6.72077">
        <ele>1570</ele>
        <time>2026-07-02T19:44:02+00:00</time>
      </trkpt>
      <trkpt lat="46.15547" lon="6.72082">
        <ele>1566</ele>
        <time>2026-07-02T19:44:05+00:00</time>
      </trkpt>
      <trkpt lat="46.15544" lon="6.72086">
        <ele>1566</ele>
        <time>2026-07-02T19:44:08+00:00</time>
      </trkpt>
      <trkpt lat="46.15539" lon="6.72091">
        <ele>1561</ele>
        <time>2026-07-02T19:44:11+00:00</time>
      </trkpt>
      <trkpt lat="46.15536" lon="6.72094">
        <ele>1561</ele>
        <time>2026-07-02T19:44:14+00:00</time>
      </trkpt>
      <trkpt lat="46.15531" lon="6.721">
        <ele>1561</ele>
        <time>2026-07-02T19:44:17+00:00</time>
      </trkpt>
      <trkpt lat="46.15527" lon="6.72104">
        <ele>1555</ele>
        <time>2026-07-02T19:44:20+00:00</time>
      </trkpt>
      <trkpt lat="46.15524" lon="6.72107">
        <ele>1555</ele>
        <time>2026-07-02T19:44:23+00:00</time>
      </trkpt>
      <trkpt lat="46.15523" lon="6.72108">
        <ele>1555</ele>
        <time>2026-07-02T19:44:26+00:00</time>
      </trkpt>
      <trkpt lat="46.15522" lon="6.72107">
        <ele>1555</ele>
        <time>2026-07-02T19:44:29+00:00</time>
      </trkpt>
      <trkpt lat="46.1552" lon="6.72106">
        <ele>1556</ele>
        <time>2026-07-02T19:44:32+00:00</time>
      </trkpt>
      <trkpt lat="46.15517" lon="6.72106">
        <ele>1556</ele>
        <time>2026-07-02T19:44:35+00:00</time>
      </trkpt>
      <trkpt lat="46.15515" lon="6.72107">
        <ele>1556</ele>
        <time>2026-07-02T19:44:38+00:00</time>
      </trkpt>
      <trkpt lat="46.15513" lon="6.72108">
        <ele>1556</ele>
        <time>2026-07-02T19:44:41+00:00</time>
      </trkpt>
      <trkpt lat="46.15511" lon="6.72109">
        <ele>1556</ele>
        <time>2026-07-02T19:44:44+00:00</time>
      </trkpt>
      <trkpt lat="46.15512" lon="6.7211">
        <ele>1556</ele>
        <time>2026-07-02T19:44:47+00:00</time>
      </trkpt>
      <trkpt lat="46.15513" lon="6.7211">
        <ele>1547</ele>
        <time>2026-07-02T19:44:50+00:00</time>
      </trkpt>
      <trkpt lat="46.15513" lon="6.72112">
        <ele>1547</ele>
        <time>2026-07-02T19:44:53+00:00</time>
      </trkpt>
      <trkpt lat="46.15513" lon="6.72113">
        <ele>1547</ele>
        <time>2026-07-02T19:44:56+00:00</time>
      </trkpt>
      <trkpt lat="46.15512" lon="6.72113">
        <ele>1547</ele>
        <time>2026-07-02T19:44:59+00:00</time>
      </trkpt>
      <trkpt lat="46.1551" lon="6.72114">
        <ele>1553</ele>
        <time>2026-07-02T19:45:02+00:00</time>
      </trkpt>
      <trkpt lat="46.15506" lon="6.72115">
        <ele>1553</ele>
        <time>2026-07-02T19:45:05+00:00</time>
      </trkpt>
      <trkpt lat="46.15503" lon="6.72117">
        <ele>1553</ele>
        <time>2026-07-02T19:45:08+00:00</time>
      </trkpt>
      <trkpt lat="46.15499" lon="6.72121">
        <ele>1552</ele>
        <time>2026-07-02T19:45:11+00:00</time>
      </trkpt>
      <trkpt lat="46.15492" lon="6.72127">
        <ele>1545</ele>
        <time>2026-07-02T19:45:14+00:00</time>
      </trkpt>
      <trkpt lat="46.15485" lon="6.72131">
        <ele>1544</ele>
        <time>2026-07-02T19:45:17+00:00</time>
      </trkpt>
      <trkpt lat="46.1548" lon="6.72135">
        <ele>1548</ele>
        <time>2026-07-02T19:45:20+00:00</time>
      </trkpt>
      <trkpt lat="46.15474" lon="6.72136">
        <ele>1548</ele>
        <time>2026-07-02T19:45:23+00:00</time>
      </trkpt>
      <trkpt lat="46.15471" lon="6.72137">
        <ele>1548</ele>
        <time>2026-07-02T19:45:26+00:00</time>
      </trkpt>
      <trkpt lat="46.15466" lon="6.7214">
        <ele>1551</ele>
        <time>2026-07-02T19:45:29+00:00</time>
      </trkpt>
      <trkpt lat="46.15461" lon="6.72143">
        <ele>1547</ele>
        <time>2026-07-02T19:45:32+00:00</time>
      </trkpt>
      <trkpt lat="46.15456" lon="6.72147">
        <ele>1549</ele>
        <time>2026-07-02T19:45:35+00:00</time>
      </trkpt>
      <trkpt lat="46.15451" lon="6.72151">
        <ele>1542</ele>
        <time>2026-07-02T19:45:38+00:00</time>
      </trkpt>
      <trkpt lat="46.15446" lon="6.72154">
        <ele>1546</ele>
        <time>2026-07-02T19:45:41+00:00</time>
      </trkpt>
      <trkpt lat="46.15443" lon="6.72156">
        <ele>1547</ele>
        <time>2026-07-02T19:45:44+00:00</time>
      </trkpt>
      <trkpt lat="46.15441" lon="6.72161">
        <ele>1541</ele>
        <time>2026-07-02T19:45:47+00:00</time>
      </trkpt>
      <trkpt lat="46.15436" lon="6.72165">
        <ele>1547</ele>
        <time>2026-07-02T19:45:50+00:00</time>
      </trkpt>
      <trkpt lat="46.15432" lon="6.7217">
        <ele>1547</ele>
        <time>2026-07-02T19:45:53+00:00</time>
      </trkpt>
      <trkpt lat="46.15429" lon="6.72173">
        <ele>1545</ele>
        <time>2026-07-02T19:45:56+00:00</time>
      </trkpt>
      <trkpt lat="46.15423" lon="6.72176">
        <ele>1548</ele>
        <time>2026-07-02T19:45:59+00:00</time>
      </trkpt>
      <trkpt lat="46.15416" lon="6.72178">
        <ele>1551</ele>
        <time>2026-07-02T19:46:02+00:00</time>
      </trkpt>
      <trkpt lat="46.15408" lon="6.72181">
        <ele>1546</ele>
        <time>2026-07-02T19:46:05+00:00</time>
      </trkpt>
      <trkpt lat="46.15398" lon="6.72182">
        <ele>1544</ele>
        <time>2026-07-02T19:46:08+00:00</time>
      </trkpt>
      <trkpt lat="46.15394" lon="6.72183">
        <ele>1544</ele>
        <time>2026-07-02T19:46:11+00:00</time>
      </trkpt>
      <trkpt lat="46.1539" lon="6.72184">
        <ele>1547</ele>
        <time>2026-07-02T19:46:14+00:00</time>
      </trkpt>
      <trkpt lat="46.15385" lon="6.72188">
        <ele>1547</ele>
        <time>2026-07-02T19:46:17+00:00</time>
      </trkpt>
      <trkpt lat="46.1538" lon="6.72192">
        <ele>1543</ele>
        <time>2026-07-02T19:46:20+00:00</time>
      </trkpt>
      <trkpt lat="46.15374" lon="6.72195">
        <ele>1543</ele>
        <time>2026-07-02T19:46:23+00:00</time>
      </trkpt>
      <trkpt lat="46.15369" lon="6.72198">
        <ele>1548</ele>
        <time>2026-07-02T19:46:26+00:00</time>
      </trkpt>
      <trkpt lat="46.15364" lon="6.722">
        <ele>1545</ele>
        <time>2026-07-02T19:46:29+00:00</time>
      </trkpt>
      <trkpt lat="46.15362" lon="6.72201">
        <ele>1541</ele>
        <time>2026-07-02T19:46:32+00:00</time>
      </trkpt>
      <trkpt lat="46.1536" lon="6.72205">
        <ele>1546</ele>
        <time>2026-07-02T19:46:35+00:00</time>
      </trkpt>
      <trkpt lat="46.15357" lon="6.72208">
        <ele>1546</ele>
        <time>2026-07-02T19:46:38+00:00</time>
      </trkpt>
      <trkpt lat="46.1535" lon="6.72213">
        <ele>1543</ele>
        <time>2026-07-02T19:46:41+00:00</time>
      </trkpt>
      <trkpt lat="46.15347" lon="6.72216">
        <ele>1545</ele>
        <time>2026-07-02T19:46:44+00:00</time>
      </trkpt>
      <trkpt lat="46.15343" lon="6.72219">
        <ele>1543</ele>
        <time>2026-07-02T19:46:47+00:00</time>
      </trkpt>
      <trkpt lat="46.15338" lon="6.72221">
        <ele>1543</ele>
        <time>2026-07-02T19:46:50+00:00</time>
      </trkpt>
      <trkpt lat="46.15333" lon="6.72228">
        <ele>1543</ele>
        <time>2026-07-02T19:46:53+00:00</time>
      </trkpt>
      <trkpt lat="46.1533" lon="6.72234">
        <ele>1545</ele>
        <time>2026-07-02T19:46:56+00:00</time>
      </trkpt>
      <trkpt lat="46.15328" lon="6.72237">
        <ele>1545</ele>
        <time>2026-07-02T19:46:59+00:00</time>
      </trkpt>
      <trkpt lat="46.15324" lon="6.72239">
        <ele>1545</ele>
        <time>2026-07-02T19:47:02+00:00</time>
      </trkpt>
      <trkpt lat="46.15321" lon="6.72244">
        <ele>1538</ele>
        <time>2026-07-02T19:47:05+00:00</time>
      </trkpt>
      <trkpt lat="46.15319" lon="6.72249">
        <ele>1541</ele>
        <time>2026-07-02T19:47:08+00:00</time>
      </trkpt>
      <trkpt lat="46.15317" lon="6.72252">
        <ele>1537</ele>
        <time>2026-07-02T19:47:11+00:00</time>
      </trkpt>
      <trkpt lat="46.15314" lon="6.72255">
        <ele>1537</ele>
        <time>2026-07-02T19:47:14+00:00</time>
      </trkpt>
      <trkpt lat="46.15311" lon="6.72256">
        <ele>1537</ele>
        <time>2026-07-02T19:47:17+00:00</time>
      </trkpt>
      <trkpt lat="46.15308" lon="6.72258">
        <ele>1538</ele>
        <time>2026-07-02T19:47:20+00:00</time>
      </trkpt>
      <trkpt lat="46.15304" lon="6.72259">
        <ele>1538</ele>
        <time>2026-07-02T19:47:23+00:00</time>
      </trkpt>
      <trkpt lat="46.15302" lon="6.72262">
        <ele>1535</ele>
        <time>2026-07-02T19:47:26+00:00</time>
      </trkpt>
      <trkpt lat="46.15298" lon="6.72265">
        <ele>1535</ele>
        <time>2026-07-02T19:47:29+00:00</time>
      </trkpt>
      <trkpt lat="46.15295" lon="6.72267">
        <ele>1535</ele>
        <time>2026-07-02T19:47:32+00:00</time>
      </trkpt>
      <trkpt lat="46.15292" lon="6.72269">
        <ele>1535</ele>
        <time>2026-07-02T19:47:35+00:00</time>
      </trkpt>
      <trkpt lat="46.15287" lon="6.72271">
        <ele>1532</ele>
        <time>2026-07-02T19:47:38+00:00</time>
      </trkpt>
      <trkpt lat="46.15284" lon="6.72275">
        <ele>1532</ele>
        <time>2026-07-02T19:47:41+00:00</time>
      </trkpt>
      <trkpt lat="46.15282" lon="6.72279">
        <ele>1532</ele>
        <time>2026-07-02T19:47:44+00:00</time>
      </trkpt>
      <trkpt lat="46.15277" lon="6.72281">
        <ele>1534</ele>
        <time>2026-07-02T19:47:47+00:00</time>
      </trkpt>
      <trkpt lat="46.15276" lon="6.72283">
        <ele>1534</ele>
        <time>2026-07-02T19:47:50+00:00</time>
      </trkpt>
      <trkpt lat="46.15275" lon="6.72285">
        <ele>1534</ele>
        <time>2026-07-02T19:47:53+00:00</time>
      </trkpt>
      <trkpt lat="46.15274" lon="6.7229">
        <ele>1531</ele>
        <time>2026-07-02T19:47:56+00:00</time>
      </trkpt>
      <trkpt lat="46.15273" lon="6.72294">
        <ele>1531</ele>
        <time>2026-07-02T19:47:59+00:00</time>
      </trkpt>
      <trkpt lat="46.15271" lon="6.72299">
        <ele>1531</ele>
        <time>2026-07-02T19:48:02+00:00</time>
      </trkpt>
      <trkpt lat="46.15268" lon="6.72305">
        <ele>1533</ele>
        <time>2026-07-02T19:48:05+00:00</time>
      </trkpt>
      <trkpt lat="46.15266" lon="6.72311">
        <ele>1530</ele>
        <time>2026-07-02T19:48:08+00:00</time>
      </trkpt>
      <trkpt lat="46.15263" lon="6.72314">
        <ele>1530</ele>
        <time>2026-07-02T19:48:11+00:00</time>
      </trkpt>
      <trkpt lat="46.15261" lon="6.72323">
        <ele>1527</ele>
        <time>2026-07-02T19:48:14+00:00</time>
      </trkpt>
      <trkpt lat="46.15259" lon="6.7233">
        <ele>1527</ele>
        <time>2026-07-02T19:48:17+00:00</time>
      </trkpt>
      <trkpt lat="46.15257" lon="6.72338">
        <ele>1527</ele>
        <time>2026-07-02T19:48:20+00:00</time>
      </trkpt>
      <trkpt lat="46.15256" lon="6.72341">
        <ele>1525</ele>
        <time>2026-07-02T19:48:23+00:00</time>
      </trkpt>
      <trkpt lat="46.15256" lon="6.72347">
        <ele>1525</ele>
        <time>2026-07-02T19:48:26+00:00</time>
      </trkpt>
      <trkpt lat="46.15256" lon="6.72352">
        <ele>1523</ele>
        <time>2026-07-02T19:48:29+00:00</time>
      </trkpt>
      <trkpt lat="46.15254" lon="6.72358">
        <ele>1526</ele>
        <time>2026-07-02T19:48:32+00:00</time>
      </trkpt>
      <trkpt lat="46.15252" lon="6.72364">
        <ele>1521</ele>
        <time>2026-07-02T19:48:35+00:00</time>
      </trkpt>
      <trkpt lat="46.1525" lon="6.72372">
        <ele>1526</ele>
        <time>2026-07-02T19:48:38+00:00</time>
      </trkpt>
      <trkpt lat="46.15249" lon="6.72377">
        <ele>1526</ele>
        <time>2026-07-02T19:48:41+00:00</time>
      </trkpt>
      <trkpt lat="46.15246" lon="6.72382">
        <ele>1525</ele>
        <time>2026-07-02T19:48:44+00:00</time>
      </trkpt>
      <trkpt lat="46.15245" lon="6.72388">
        <ele>1525</ele>
        <time>2026-07-02T19:48:47+00:00</time>
      </trkpt>
      <trkpt lat="46.15244" lon="6.72393">
        <ele>1522</ele>
        <time>2026-07-02T19:48:50+00:00</time>
      </trkpt>
      <trkpt lat="46.15243" lon="6.724">
        <ele>1522</ele>
        <time>2026-07-02T19:48:53+00:00</time>
      </trkpt>
      <trkpt lat="46.1524" lon="6.72404">
        <ele>1520</ele>
        <time>2026-07-02T19:48:56+00:00</time>
      </trkpt>
      <trkpt lat="46.15238" lon="6.7241">
        <ele>1522</ele>
        <time>2026-07-02T19:48:59+00:00</time>
      </trkpt>
      <trkpt lat="46.15236" lon="6.72416">
        <ele>1522</ele>
        <time>2026-07-02T19:49:02+00:00</time>
      </trkpt>
      <trkpt lat="46.15236" lon="6.72423">
        <ele>1520</ele>
        <time>2026-07-02T19:49:05+00:00</time>
      </trkpt>
      <trkpt lat="46.15236" lon="6.72429">
        <ele>1520</ele>
        <time>2026-07-02T19:49:08+00:00</time>
      </trkpt>
      <trkpt lat="46.15234" lon="6.72432">
        <ele>1519</ele>
        <time>2026-07-02T19:49:11+00:00</time>
      </trkpt>
      <trkpt lat="46.15232" lon="6.72436">
        <ele>1521</ele>
        <time>2026-07-02T19:49:14+00:00</time>
      </trkpt>
      <trkpt lat="46.15232" lon="6.7244">
        <ele>1519</ele>
        <time>2026-07-02T19:49:17+00:00</time>
      </trkpt>
      <trkpt lat="46.15232" lon="6.72446">
        <ele>1517</ele>
        <time>2026-07-02T19:49:20+00:00</time>
      </trkpt>
      <trkpt lat="46.15231" lon="6.72453">
        <ele>1516</ele>
        <time>2026-07-02T19:49:23+00:00</time>
      </trkpt>
      <trkpt lat="46.15229" lon="6.72461">
        <ele>1520</ele>
        <time>2026-07-02T19:49:26+00:00</time>
      </trkpt>
      <trkpt lat="46.15228" lon="6.72468">
        <ele>1520</ele>
        <time>2026-07-02T19:49:29+00:00</time>
      </trkpt>
      <trkpt lat="46.15228" lon="6.72476">
        <ele>1518</ele>
        <time>2026-07-02T19:49:32+00:00</time>
      </trkpt>
      <trkpt lat="46.15227" lon="6.72483">
        <ele>1516</ele>
        <time>2026-07-02T19:49:35+00:00</time>
      </trkpt>
      <trkpt lat="46.15226" lon="6.72489">
        <ele>1516</ele>
        <time>2026-07-02T19:49:38+00:00</time>
      </trkpt>
      <trkpt lat="46.15224" lon="6.72497">
        <ele>1515</ele>
        <time>2026-07-02T19:49:41+00:00</time>
      </trkpt>
      <trkpt lat="46.15224" lon="6.72505">
        <ele>1515</ele>
        <time>2026-07-02T19:49:44+00:00</time>
      </trkpt>
      <trkpt lat="46.15223" lon="6.72514">
        <ele>1515</ele>
        <time>2026-07-02T19:49:47+00:00</time>
      </trkpt>
      <trkpt lat="46.15223" lon="6.72524">
        <ele>1518</ele>
        <time>2026-07-02T19:49:50+00:00</time>
      </trkpt>
      <trkpt lat="46.15221" lon="6.72529">
        <ele>1514</ele>
        <time>2026-07-02T19:49:53+00:00</time>
      </trkpt>
      <trkpt lat="46.15219" lon="6.72535">
        <ele>1523</ele>
        <time>2026-07-02T19:49:56+00:00</time>
      </trkpt>
      <trkpt lat="46.15213" lon="6.72547">
        <ele>1521</ele>
        <time>2026-07-02T19:49:59+00:00</time>
      </trkpt>
      <trkpt lat="46.15209" lon="6.72554">
        <ele>1524</ele>
        <time>2026-07-02T19:50:02+00:00</time>
      </trkpt>
      <trkpt lat="46.15207" lon="6.72561">
        <ele>1522</ele>
        <time>2026-07-02T19:50:05+00:00</time>
      </trkpt>
      <trkpt lat="46.15208" lon="6.72568">
        <ele>1522</ele>
        <time>2026-07-02T19:50:08+00:00</time>
      </trkpt>
      <trkpt lat="46.15208" lon="6.72573">
        <ele>1523</ele>
        <time>2026-07-02T19:50:11+00:00</time>
      </trkpt>
      <trkpt lat="46.15209" lon="6.72577">
        <ele>1523</ele>
        <time>2026-07-02T19:50:14+00:00</time>
      </trkpt>
      <trkpt lat="46.15208" lon="6.7258">
        <ele>1523</ele>
        <time>2026-07-02T19:50:17+00:00</time>
      </trkpt>
      <trkpt lat="46.15208" lon="6.72583">
        <ele>1523</ele>
        <time>2026-07-02T19:50:20+00:00</time>
      </trkpt>
      <trkpt lat="46.15208" lon="6.72586">
        <ele>1523</ele>
        <time>2026-07-02T19:50:23+00:00</time>
      </trkpt>
      <trkpt lat="46.1521" lon="6.72592">
        <ele>1518</ele>
        <time>2026-07-02T19:50:26+00:00</time>
      </trkpt>
      <trkpt lat="46.15211" lon="6.72596">
        <ele>1518</ele>
        <time>2026-07-02T19:50:29+00:00</time>
      </trkpt>
      <trkpt lat="46.1521" lon="6.72604">
        <ele>1524</ele>
        <time>2026-07-02T19:50:32+00:00</time>
      </trkpt>
      <trkpt lat="46.15209" lon="6.7261">
        <ele>1528</ele>
        <time>2026-07-02T19:50:35+00:00</time>
      </trkpt>
      <trkpt lat="46.1521" lon="6.72616">
        <ele>1523</ele>
        <time>2026-07-02T19:50:38+00:00</time>
      </trkpt>
      <trkpt lat="46.15211" lon="6.72623">
        <ele>1524</ele>
        <time>2026-07-02T19:50:41+00:00</time>
      </trkpt>
      <trkpt lat="46.15213" lon="6.72631">
        <ele>1526</ele>
        <time>2026-07-02T19:50:44+00:00</time>
      </trkpt>
      <trkpt lat="46.15212" lon="6.72636">
        <ele>1526</ele>
        <time>2026-07-02T19:50:47+00:00</time>
      </trkpt>
      <trkpt lat="46.15213" lon="6.72641">
        <ele>1527</ele>
        <time>2026-07-02T19:50:50+00:00</time>
      </trkpt>
      <trkpt lat="46.15214" lon="6.72646">
        <ele>1527</ele>
        <time>2026-07-02T19:50:53+00:00</time>
      </trkpt>
      <trkpt lat="46.15215" lon="6.7265">
        <ele>1529</ele>
        <time>2026-07-02T19:50:56+00:00</time>
      </trkpt>
      <trkpt lat="46.15214" lon="6.72655">
        <ele>1529</ele>
        <time>2026-07-02T19:50:59+00:00</time>
      </trkpt>
      <trkpt lat="46.15214" lon="6.7266">
        <ele>1529</ele>
        <time>2026-07-02T19:51:02+00:00</time>
      </trkpt>
      <trkpt lat="46.15214" lon="6.72665">
        <ele>1530</ele>
        <time>2026-07-02T19:51:05+00:00</time>
      </trkpt>
      <trkpt lat="46.15214" lon="6.72671">
        <ele>1530</ele>
        <time>2026-07-02T19:51:08+00:00</time>
      </trkpt>
      <trkpt lat="46.15213" lon="6.72675">
        <ele>1530</ele>
        <time>2026-07-02T19:51:11+00:00</time>
      </trkpt>
      <trkpt lat="46.15211" lon="6.72679">
        <ele>1530</ele>
        <time>2026-07-02T19:51:14+00:00</time>
      </trkpt>
      <trkpt lat="46.1521" lon="6.72682">
        <ele>1530</ele>
        <time>2026-07-02T19:51:17+00:00</time>
      </trkpt>
      <trkpt lat="46.15206" lon="6.72687">
        <ele>1531</ele>
        <time>2026-07-02T19:51:20+00:00</time>
      </trkpt>
      <trkpt lat="46.15198" lon="6.72692">
        <ele>1533</ele>
        <time>2026-07-02T19:51:23+00:00</time>
      </trkpt>
      <trkpt lat="46.1519" lon="6.72701">
        <ele>1533</ele>
        <time>2026-07-02T19:51:26+00:00</time>
      </trkpt>
      <trkpt lat="46.15185" lon="6.7271">
        <ele>1530</ele>
        <time>2026-07-02T19:51:29+00:00</time>
      </trkpt>
      <trkpt lat="46.1518" lon="6.72723">
        <ele>1534</ele>
        <time>2026-07-02T19:51:32+00:00</time>
      </trkpt>
      <trkpt lat="46.15178" lon="6.72733">
        <ele>1532</ele>
        <time>2026-07-02T19:51:35+00:00</time>
      </trkpt>
      <trkpt lat="46.15174" lon="6.7274">
        <ele>1530</ele>
        <time>2026-07-02T19:51:38+00:00</time>
      </trkpt>
      <trkpt lat="46.1517" lon="6.72747">
        <ele>1531</ele>
        <time>2026-07-02T19:51:41+00:00</time>
      </trkpt>
      <trkpt lat="46.15167" lon="6.72754">
        <ele>1529</ele>
        <time>2026-07-02T19:51:44+00:00</time>
      </trkpt>
      <trkpt lat="46.15164" lon="6.7276">
        <ele>1528</ele>
        <time>2026-07-02T19:51:47+00:00</time>
      </trkpt>
      <trkpt lat="46.15156" lon="6.72763">
        <ele>1530</ele>
        <time>2026-07-02T19:51:50+00:00</time>
      </trkpt>
      <trkpt lat="46.15147" lon="6.72767">
        <ele>1532</ele>
        <time>2026-07-02T19:51:53+00:00</time>
      </trkpt>
      <trkpt lat="46.15141" lon="6.72771">
        <ele>1527</ele>
        <time>2026-07-02T19:51:56+00:00</time>
      </trkpt>
      <trkpt lat="46.15132" lon="6.72775">
        <ele>1528</ele>
        <time>2026-07-02T19:51:59+00:00</time>
      </trkpt>
      <trkpt lat="46.15126" lon="6.72775">
        <ele>1527</ele>
        <time>2026-07-02T19:52:02+00:00</time>
      </trkpt>
      <trkpt lat="46.15118" lon="6.72773">
        <ele>1527</ele>
        <time>2026-07-02T19:52:05+00:00</time>
      </trkpt>
      <trkpt lat="46.15112" lon="6.72774">
        <ele>1527</ele>
        <time>2026-07-02T19:52:08+00:00</time>
      </trkpt>
      <trkpt lat="46.15108" lon="6.72779">
        <ele>1529</ele>
        <time>2026-07-02T19:52:11+00:00</time>
      </trkpt>
      <trkpt lat="46.15103" lon="6.72785">
        <ele>1522</ele>
        <time>2026-07-02T19:52:14+00:00</time>
      </trkpt>
      <trkpt lat="46.15097" lon="6.72787">
        <ele>1527</ele>
        <time>2026-07-02T19:52:17+00:00</time>
      </trkpt>
      <trkpt lat="46.15087" lon="6.72792">
        <ele>1527</ele>
        <time>2026-07-02T19:52:20+00:00</time>
      </trkpt>
      <trkpt lat="46.15083" lon="6.728">
        <ele>1523</ele>
        <time>2026-07-02T19:52:23+00:00</time>
      </trkpt>
      <trkpt lat="46.15078" lon="6.72804">
        <ele>1524</ele>
        <time>2026-07-02T19:52:26+00:00</time>
      </trkpt>
      <trkpt lat="46.15068" lon="6.72804">
        <ele>1521</ele>
        <time>2026-07-02T19:52:29+00:00</time>
      </trkpt>
      <trkpt lat="46.15058" lon="6.72803">
        <ele>1518</ele>
        <time>2026-07-02T19:52:32+00:00</time>
      </trkpt>
      <trkpt lat="46.15049" lon="6.728">
        <ele>1519</ele>
        <time>2026-07-02T19:52:35+00:00</time>
      </trkpt>
      <trkpt lat="46.15043" lon="6.728">
        <ele>1519</ele>
        <time>2026-07-02T19:52:38+00:00</time>
      </trkpt>
      <trkpt lat="46.15037" lon="6.72802">
        <ele>1517</ele>
        <time>2026-07-02T19:52:41+00:00</time>
      </trkpt>
      <trkpt lat="46.15029" lon="6.72807">
        <ele>1518</ele>
        <time>2026-07-02T19:52:44+00:00</time>
      </trkpt>
      <trkpt lat="46.15022" lon="6.7281">
        <ele>1516</ele>
        <time>2026-07-02T19:52:47+00:00</time>
      </trkpt>
      <trkpt lat="46.15015" lon="6.72817">
        <ele>1517</ele>
        <time>2026-07-02T19:52:50+00:00</time>
      </trkpt>
      <trkpt lat="46.15011" lon="6.72824">
        <ele>1515</ele>
        <time>2026-07-02T19:52:53+00:00</time>
      </trkpt>
      <trkpt lat="46.15007" lon="6.72827">
        <ele>1516</ele>
        <time>2026-07-02T19:52:56+00:00</time>
      </trkpt>
      <trkpt lat="46.15004" lon="6.72829">
        <ele>1516</ele>
        <time>2026-07-02T19:52:59+00:00</time>
      </trkpt>
      <trkpt lat="46.15001" lon="6.72834">
        <ele>1515</ele>
        <time>2026-07-02T19:53:02+00:00</time>
      </trkpt>
      <trkpt lat="46.15001" lon="6.72839">
        <ele>1515</ele>
        <time>2026-07-02T19:53:05+00:00</time>
      </trkpt>
      <trkpt lat="46.15" lon="6.72848">
        <ele>1515</ele>
        <time>2026-07-02T19:53:08+00:00</time>
      </trkpt>
      <trkpt lat="46.14999" lon="6.72852">
        <ele>1516</ele>
        <time>2026-07-02T19:53:11+00:00</time>
      </trkpt>
      <trkpt lat="46.14998" lon="6.72857">
        <ele>1516</ele>
        <time>2026-07-02T19:53:14+00:00</time>
      </trkpt>
      <trkpt lat="46.14997" lon="6.72868">
        <ele>1515</ele>
        <time>2026-07-02T19:53:17+00:00</time>
      </trkpt>
      <trkpt lat="46.14996" lon="6.72879">
        <ele>1513</ele>
        <time>2026-07-02T19:53:20+00:00</time>
      </trkpt>
      <trkpt lat="46.14993" lon="6.72887">
        <ele>1512</ele>
        <time>2026-07-02T19:53:23+00:00</time>
      </trkpt>
      <trkpt lat="46.14988" lon="6.72894">
        <ele>1509</ele>
        <time>2026-07-02T19:53:26+00:00</time>
      </trkpt>
      <trkpt lat="46.14984" lon="6.72903">
        <ele>1507</ele>
        <time>2026-07-02T19:53:29+00:00</time>
      </trkpt>
      <trkpt lat="46.1498" lon="6.7291">
        <ele>1507</ele>
        <time>2026-07-02T19:53:32+00:00</time>
      </trkpt>
      <trkpt lat="46.14979" lon="6.72915">
        <ele>1508</ele>
        <time>2026-07-02T19:53:35+00:00</time>
      </trkpt>
      <trkpt lat="46.14978" lon="6.72917">
        <ele>1508</ele>
        <time>2026-07-02T19:53:38+00:00</time>
      </trkpt>
      <trkpt lat="46.14976" lon="6.72926">
        <ele>1507</ele>
        <time>2026-07-02T19:53:41+00:00</time>
      </trkpt>
      <trkpt lat="46.14972" lon="6.72938">
        <ele>1506</ele>
        <time>2026-07-02T19:53:44+00:00</time>
      </trkpt>
      <trkpt lat="46.14969" lon="6.72951">
        <ele>1507</ele>
        <time>2026-07-02T19:53:47+00:00</time>
      </trkpt>
      <trkpt lat="46.14966" lon="6.72962">
        <ele>1503</ele>
        <time>2026-07-02T19:53:50+00:00</time>
      </trkpt>
      <trkpt lat="46.14964" lon="6.72972">
        <ele>1502</ele>
        <time>2026-07-02T19:53:53+00:00</time>
      </trkpt>
      <trkpt lat="46.1496" lon="6.72985">
        <ele>1500</ele>
        <time>2026-07-02T19:53:56+00:00</time>
      </trkpt>
      <trkpt lat="46.14958" lon="6.72995">
        <ele>1503</ele>
        <time>2026-07-02T19:53:59+00:00</time>
      </trkpt>
      <trkpt lat="46.14955" lon="6.73005">
        <ele>1501</ele>
        <time>2026-07-02T19:54:02+00:00</time>
      </trkpt>
      <trkpt lat="46.14953" lon="6.73017">
        <ele>1499</ele>
        <time>2026-07-02T19:54:05+00:00</time>
      </trkpt>
      <trkpt lat="46.14951" lon="6.73026">
        <ele>1497</ele>
        <time>2026-07-02T19:54:08+00:00</time>
      </trkpt>
      <trkpt lat="46.14947" lon="6.73034">
        <ele>1501</ele>
        <time>2026-07-02T19:54:11+00:00</time>
      </trkpt>
      <trkpt lat="46.14944" lon="6.73038">
        <ele>1501</ele>
        <time>2026-07-02T19:54:14+00:00</time>
      </trkpt>
      <trkpt lat="46.1494" lon="6.73041">
        <ele>1500</ele>
        <time>2026-07-02T19:54:17+00:00</time>
      </trkpt>
      <trkpt lat="46.14937" lon="6.73044">
        <ele>1500</ele>
        <time>2026-07-02T19:54:20+00:00</time>
      </trkpt>
      <trkpt lat="46.14934" lon="6.73052">
        <ele>1493</ele>
        <time>2026-07-02T19:54:23+00:00</time>
      </trkpt>
      <trkpt lat="46.1493" lon="6.73058">
        <ele>1493</ele>
        <time>2026-07-02T19:54:26+00:00</time>
      </trkpt>
      <trkpt lat="46.14924" lon="6.73066">
        <ele>1494</ele>
        <time>2026-07-02T19:54:29+00:00</time>
      </trkpt>
      <trkpt lat="46.1492" lon="6.73076">
        <ele>1495</ele>
        <time>2026-07-02T19:54:32+00:00</time>
      </trkpt>
      <trkpt lat="46.14918" lon="6.73083">
        <ele>1488</ele>
        <time>2026-07-02T19:54:35+00:00</time>
      </trkpt>
      <trkpt lat="46.14917" lon="6.73091">
        <ele>1484</ele>
        <time>2026-07-02T19:54:38+00:00</time>
      </trkpt>
      <trkpt lat="46.14913" lon="6.73095">
        <ele>1484</ele>
        <time>2026-07-02T19:54:41+00:00</time>
      </trkpt>
      <trkpt lat="46.14908" lon="6.73102">
        <ele>1482</ele>
        <time>2026-07-02T19:54:44+00:00</time>
      </trkpt>
      <trkpt lat="46.14902" lon="6.7311">
        <ele>1482</ele>
        <time>2026-07-02T19:54:47+00:00</time>
      </trkpt>
      <trkpt lat="46.14896" lon="6.73119">
        <ele>1482</ele>
        <time>2026-07-02T19:54:50+00:00</time>
      </trkpt>
      <trkpt lat="46.14891" lon="6.73129">
        <ele>1475</ele>
        <time>2026-07-02T19:54:53+00:00</time>
      </trkpt>
      <trkpt lat="46.14888" lon="6.73134">
        <ele>1476</ele>
        <time>2026-07-02T19:54:56+00:00</time>
      </trkpt>
      <trkpt lat="46.14887" lon="6.73139">
        <ele>1476</ele>
        <time>2026-07-02T19:54:59+00:00</time>
      </trkpt>
      <trkpt lat="46.14886" lon="6.73145">
        <ele>1473</ele>
        <time>2026-07-02T19:55:02+00:00</time>
      </trkpt>
      <trkpt lat="46.14883" lon="6.73152">
        <ele>1467</ele>
        <time>2026-07-02T19:55:05+00:00</time>
      </trkpt>
      <trkpt lat="46.14876" lon="6.73164">
        <ele>1468</ele>
        <time>2026-07-02T19:55:08+00:00</time>
      </trkpt>
      <trkpt lat="46.14868" lon="6.7318">
        <ele>1463</ele>
        <time>2026-07-02T19:55:11+00:00</time>
      </trkpt>
      <trkpt lat="46.14859" lon="6.73192">
        <ele>1464</ele>
        <time>2026-07-02T19:55:14+00:00</time>
      </trkpt>
      <trkpt lat="46.1485" lon="6.73204">
        <ele>1459</ele>
        <time>2026-07-02T19:55:17+00:00</time>
      </trkpt>
      <trkpt lat="46.14844" lon="6.73209">
        <ele>1461</ele>
        <time>2026-07-02T19:55:20+00:00</time>
      </trkpt>
      <trkpt lat="46.14836" lon="6.73215">
        <ele>1455</ele>
        <time>2026-07-02T19:55:23+00:00</time>
      </trkpt>
      <trkpt lat="46.14827" lon="6.73219">
        <ele>1455</ele>
        <time>2026-07-02T19:55:26+00:00</time>
      </trkpt>
      <trkpt lat="46.14819" lon="6.73221">
        <ele>1456</ele>
        <time>2026-07-02T19:55:29+00:00</time>
      </trkpt>
      <trkpt lat="46.14813" lon="6.73221">
        <ele>1448</ele>
        <time>2026-07-02T19:55:32+00:00</time>
      </trkpt>
      <trkpt lat="46.14804" lon="6.73223">
        <ele>1450</ele>
        <time>2026-07-02T19:55:35+00:00</time>
      </trkpt>
      <trkpt lat="46.14801" lon="6.73224">
        <ele>1450</ele>
        <time>2026-07-02T19:55:38+00:00</time>
      </trkpt>
      <trkpt lat="46.14794" lon="6.73226">
        <ele>1452</ele>
        <time>2026-07-02T19:55:41+00:00</time>
      </trkpt>
      <trkpt lat="46.14788" lon="6.73228">
        <ele>1454</ele>
        <time>2026-07-02T19:55:44+00:00</time>
      </trkpt>
      <trkpt lat="46.14778" lon="6.73234">
        <ele>1448</ele>
        <time>2026-07-02T19:55:47+00:00</time>
      </trkpt>
      <trkpt lat="46.14772" lon="6.73237">
        <ele>1448</ele>
        <time>2026-07-02T19:55:50+00:00</time>
      </trkpt>
      <trkpt lat="46.14768" lon="6.73238">
        <ele>1449</ele>
        <time>2026-07-02T19:55:53+00:00</time>
      </trkpt>
      <trkpt lat="46.14765" lon="6.73241">
        <ele>1442</ele>
        <time>2026-07-02T19:55:56+00:00</time>
      </trkpt>
      <trkpt lat="46.14761" lon="6.73244">
        <ele>1442</ele>
        <time>2026-07-02T19:55:59+00:00</time>
      </trkpt>
      <trkpt lat="46.14758" lon="6.73245">
        <ele>1444</ele>
        <time>2026-07-02T19:56:02+00:00</time>
      </trkpt>
      <trkpt lat="46.14756" lon="6.7325">
        <ele>1441</ele>
        <time>2026-07-02T19:56:05+00:00</time>
      </trkpt>
      <trkpt lat="46.14754" lon="6.73255">
        <ele>1441</ele>
        <time>2026-07-02T19:56:08+00:00</time>
      </trkpt>
      <trkpt lat="46.14754" lon="6.73258">
        <ele>1441</ele>
        <time>2026-07-02T19:56:11+00:00</time>
      </trkpt>
      <trkpt lat="46.14754" lon="6.73265">
        <ele>1439</ele>
        <time>2026-07-02T19:56:14+00:00</time>
      </trkpt>
      <trkpt lat="46.14754" lon="6.73272">
        <ele>1436</ele>
        <time>2026-07-02T19:56:17+00:00</time>
      </trkpt>
      <trkpt lat="46.14754" lon="6.73277">
        <ele>1436</ele>
        <time>2026-07-02T19:56:20+00:00</time>
      </trkpt>
      <trkpt lat="46.14752" lon="6.73282">
        <ele>1433</ele>
        <time>2026-07-02T19:56:23+00:00</time>
      </trkpt>
      <trkpt lat="46.14749" lon="6.73286">
        <ele>1434</ele>
        <time>2026-07-02T19:56:26+00:00</time>
      </trkpt>
      <trkpt lat="46.14749" lon="6.73288">
        <ele>1434</ele>
        <time>2026-07-02T19:56:29+00:00</time>
      </trkpt>
      <trkpt lat="46.14748" lon="6.73291">
        <ele>1433</ele>
        <time>2026-07-02T19:56:32+00:00</time>
      </trkpt>
      <trkpt lat="46.14748" lon="6.73296">
        <ele>1433</ele>
        <time>2026-07-02T19:56:35+00:00</time>
      </trkpt>
      <trkpt lat="46.14749" lon="6.733">
        <ele>1433</ele>
        <time>2026-07-02T19:56:38+00:00</time>
      </trkpt>
      <trkpt lat="46.14748" lon="6.73305">
        <ele>1431</ele>
        <time>2026-07-02T19:56:41+00:00</time>
      </trkpt>
      <trkpt lat="46.14746" lon="6.7331">
        <ele>1431</ele>
        <time>2026-07-02T19:56:44+00:00</time>
      </trkpt>
      <trkpt lat="46.14744" lon="6.73317">
        <ele>1429</ele>
        <time>2026-07-02T19:56:47+00:00</time>
      </trkpt>
      <trkpt lat="46.1474" lon="6.73323">
        <ele>1426</ele>
        <time>2026-07-02T19:56:50+00:00</time>
      </trkpt>
      <trkpt lat="46.14738" lon="6.73333">
        <ele>1423</ele>
        <time>2026-07-02T19:56:53+00:00</time>
      </trkpt>
      <trkpt lat="46.14737" lon="6.73343">
        <ele>1421</ele>
        <time>2026-07-02T19:56:56+00:00</time>
      </trkpt>
      <trkpt lat="46.14734" lon="6.73355">
        <ele>1419</ele>
        <time>2026-07-02T19:56:59+00:00</time>
      </trkpt>
      <trkpt lat="46.14732" lon="6.73358">
        <ele>1419</ele>
        <time>2026-07-02T19:57:02+00:00</time>
      </trkpt>
      <trkpt lat="46.14729" lon="6.73361">
        <ele>1419</ele>
        <time>2026-07-02T19:57:05+00:00</time>
      </trkpt>
      <trkpt lat="46.14726" lon="6.73369">
        <ele>1419</ele>
        <time>2026-07-02T19:57:08+00:00</time>
      </trkpt>
      <trkpt lat="46.14727" lon="6.73377">
        <ele>1417</ele>
        <time>2026-07-02T19:57:11+00:00</time>
      </trkpt>
      <trkpt lat="46.14729" lon="6.73384">
        <ele>1414</ele>
        <time>2026-07-02T19:57:14+00:00</time>
      </trkpt>
      <trkpt lat="46.14732" lon="6.73389">
        <ele>1411</ele>
        <time>2026-07-02T19:57:17+00:00</time>
      </trkpt>
      <trkpt lat="46.14733" lon="6.73397">
        <ele>1407</ele>
        <time>2026-07-02T19:57:20+00:00</time>
      </trkpt>
      <trkpt lat="46.14735" lon="6.73406">
        <ele>1405</ele>
        <time>2026-07-02T19:57:23+00:00</time>
      </trkpt>
      <trkpt lat="46.14739" lon="6.73415">
        <ele>1403</ele>
        <time>2026-07-02T19:57:26+00:00</time>
      </trkpt>
      <trkpt lat="46.14741" lon="6.73426">
        <ele>1399</ele>
        <time>2026-07-02T19:57:29+00:00</time>
      </trkpt>
      <trkpt lat="46.14742" lon="6.73436">
        <ele>1397</ele>
        <time>2026-07-02T19:57:32+00:00</time>
      </trkpt>
      <trkpt lat="46.1474" lon="6.73454">
        <ele>1393</ele>
        <time>2026-07-02T19:57:35+00:00</time>
      </trkpt>
      <trkpt lat="46.1474" lon="6.73464">
        <ele>1392</ele>
        <time>2026-07-02T19:57:38+00:00</time>
      </trkpt>
      <trkpt lat="46.14738" lon="6.73474">
        <ele>1390</ele>
        <time>2026-07-02T19:57:41+00:00</time>
      </trkpt>
      <trkpt lat="46.14737" lon="6.73485">
        <ele>1387</ele>
        <time>2026-07-02T19:57:44+00:00</time>
      </trkpt>
      <trkpt lat="46.14737" lon="6.73492">
        <ele>1385</ele>
        <time>2026-07-02T19:57:47+00:00</time>
      </trkpt>
      <trkpt lat="46.14733" lon="6.73496">
        <ele>1385</ele>
        <time>2026-07-02T19:57:50+00:00</time>
      </trkpt>
      <trkpt lat="46.14731" lon="6.73499">
        <ele>1385</ele>
        <time>2026-07-02T19:57:53+00:00</time>
      </trkpt>
      <trkpt lat="46.14731" lon="6.73508">
        <ele>1384</ele>
        <time>2026-07-02T19:57:56+00:00</time>
      </trkpt>
      <trkpt lat="46.14731" lon="6.73518">
        <ele>1381</ele>
        <time>2026-07-02T19:57:59+00:00</time>
      </trkpt>
      <trkpt lat="46.14731" lon="6.73525">
        <ele>1380</ele>
        <time>2026-07-02T19:58:02+00:00</time>
      </trkpt>
      <trkpt lat="46.14731" lon="6.73533">
        <ele>1379</ele>
        <time>2026-07-02T19:58:05+00:00</time>
      </trkpt>
      <trkpt lat="46.14736" lon="6.73547">
        <ele>1377</ele>
        <time>2026-07-02T19:58:08+00:00</time>
      </trkpt>
      <trkpt lat="46.14739" lon="6.73564">
        <ele>1375</ele>
        <time>2026-07-02T19:58:11+00:00</time>
      </trkpt>
      <trkpt lat="46.1474" lon="6.73576">
        <ele>1373</ele>
        <time>2026-07-02T19:58:14+00:00</time>
      </trkpt>
      <trkpt lat="46.14742" lon="6.73592">
        <ele>1371</ele>
        <time>2026-07-02T19:58:17+00:00</time>
      </trkpt>
      <trkpt lat="46.14743" lon="6.736">
        <ele>1371</ele>
        <time>2026-07-02T19:58:20+00:00</time>
      </trkpt>
      <trkpt lat="46.14747" lon="6.73614">
        <ele>1369</ele>
        <time>2026-07-02T19:58:23+00:00</time>
      </trkpt>
      <trkpt lat="46.14752" lon="6.73646">
        <ele>1366</ele>
        <time>2026-07-02T19:58:26+00:00</time>
      </trkpt>
      <trkpt lat="46.14754" lon="6.73676">
        <ele>1366</ele>
        <time>2026-07-02T19:58:29+00:00</time>
      </trkpt>
      <trkpt lat="46.14753" lon="6.73695">
        <ele>1365</ele>
        <time>2026-07-02T19:58:32+00:00</time>
      </trkpt>
      <trkpt lat="46.1475" lon="6.73713">
        <ele>1364</ele>
        <time>2026-07-02T19:58:35+00:00</time>
      </trkpt>
      <trkpt lat="46.14742" lon="6.73726">
        <ele>1363</ele>
        <time>2026-07-02T19:58:38+00:00</time>
      </trkpt>
      <trkpt lat="46.14737" lon="6.73731">
        <ele>1361</ele>
        <time>2026-07-02T19:58:41+00:00</time>
      </trkpt>
      <trkpt lat="46.14729" lon="6.73735">
        <ele>1363</ele>
        <time>2026-07-02T19:58:44+00:00</time>
      </trkpt>
      <trkpt lat="46.14727" lon="6.73739">
        <ele>1363</ele>
        <time>2026-07-02T19:58:47+00:00</time>
      </trkpt>
      <trkpt lat="46.14724" lon="6.73754">
        <ele>1361</ele>
        <time>2026-07-02T19:58:50+00:00</time>
      </trkpt>
      <trkpt lat="46.14722" lon="6.73763">
        <ele>1359</ele>
        <time>2026-07-02T19:58:53+00:00</time>
      </trkpt>
      <trkpt lat="46.14719" lon="6.7377">
        <ele>1363</ele>
        <time>2026-07-02T19:58:56+00:00</time>
      </trkpt>
      <trkpt lat="46.14719" lon="6.73777">
        <ele>1361</ele>
        <time>2026-07-02T19:58:59+00:00</time>
      </trkpt>
      <trkpt lat="46.14716" lon="6.73785">
        <ele>1358</ele>
        <time>2026-07-02T19:59:02+00:00</time>
      </trkpt>
      <trkpt lat="46.14717" lon="6.73789">
        <ele>1358</ele>
        <time>2026-07-02T19:59:05+00:00</time>
      </trkpt>
      <trkpt lat="46.14718" lon="6.73796">
        <ele>1357</ele>
        <time>2026-07-02T19:59:08+00:00</time>
      </trkpt>
      <trkpt lat="46.14718" lon="6.73801">
        <ele>1357</ele>
        <time>2026-07-02T19:59:11+00:00</time>
      </trkpt>
      <trkpt lat="46.14718" lon="6.73811">
        <ele>1356</ele>
        <time>2026-07-02T19:59:14+00:00</time>
      </trkpt>
      <trkpt lat="46.14718" lon="6.73816">
        <ele>1356</ele>
        <time>2026-07-02T19:59:17+00:00</time>
      </trkpt>
      <trkpt lat="46.14718" lon="6.73819">
        <ele>1356</ele>
        <time>2026-07-02T19:59:20+00:00</time>
      </trkpt>
      <trkpt lat="46.1472" lon="6.73826">
        <ele>1356</ele>
        <time>2026-07-02T19:59:23+00:00</time>
      </trkpt>
      <trkpt lat="46.14721" lon="6.73829">
        <ele>1353</ele>
        <time>2026-07-02T19:59:26+00:00</time>
      </trkpt>
      <trkpt lat="46.14722" lon="6.73836">
        <ele>1352</ele>
        <time>2026-07-02T19:59:29+00:00</time>
      </trkpt>
      <trkpt lat="46.14723" lon="6.73845">
        <ele>1355</ele>
        <time>2026-07-02T19:59:32+00:00</time>
      </trkpt>
      <trkpt lat="46.14723" lon="6.73853">
        <ele>1353</ele>
        <time>2026-07-02T19:59:35+00:00</time>
      </trkpt>
      <trkpt lat="46.14724" lon="6.73863">
        <ele>1353</ele>
        <time>2026-07-02T19:59:38+00:00</time>
      </trkpt>
      <trkpt lat="46.14725" lon="6.73875">
        <ele>1355</ele>
        <time>2026-07-02T19:59:41+00:00</time>
      </trkpt>
      <trkpt lat="46.14723" lon="6.73907">
        <ele>1351</ele>
        <time>2026-07-02T19:59:44+00:00</time>
      </trkpt>
      <trkpt lat="46.14716" lon="6.73927">
        <ele>1351</ele>
        <time>2026-07-02T19:59:47+00:00</time>
      </trkpt>
      <trkpt lat="46.14709" lon="6.73937">
        <ele>1350</ele>
        <time>2026-07-02T19:59:50+00:00</time>
      </trkpt>
      <trkpt lat="46.14703" lon="6.73945">
        <ele>1347</ele>
        <time>2026-07-02T19:59:53+00:00</time>
      </trkpt>
      <trkpt lat="46.14698" lon="6.7395">
        <ele>1351</ele>
        <time>2026-07-02T19:59:56+00:00</time>
      </trkpt>
      <trkpt lat="46.14694" lon="6.7396">
        <ele>1349</ele>
        <time>2026-07-02T19:59:59+00:00</time>
      </trkpt>
      <trkpt lat="46.1469" lon="6.73976">
        <ele>1346</ele>
        <time>2026-07-02T20:00:02+00:00</time>
      </trkpt>
      <trkpt lat="46.14685" lon="6.7399">
        <ele>1346</ele>
        <time>2026-07-02T20:00:05+00:00</time>
      </trkpt>
      <trkpt lat="46.14684" lon="6.73992">
        <ele>1346</ele>
        <time>2026-07-02T20:00:08+00:00</time>
      </trkpt>
      <trkpt lat="46.1468" lon="6.74002">
        <ele>1345</ele>
        <time>2026-07-02T20:00:11+00:00</time>
      </trkpt>
      <trkpt lat="46.14679" lon="6.74011">
        <ele>1347</ele>
        <time>2026-07-02T20:00:14+00:00</time>
      </trkpt>
      <trkpt lat="46.14678" lon="6.74015">
        <ele>1347</ele>
        <time>2026-07-02T20:00:17+00:00</time>
      </trkpt>
      <trkpt lat="46.14676" lon="6.74026">
        <ele>1345</ele>
        <time>2026-07-02T20:00:20+00:00</time>
      </trkpt>
      <trkpt lat="46.14652" lon="6.74074">
        <ele>1344</ele>
        <time>2026-07-02T20:00:23+00:00</time>
      </trkpt>
      <trkpt lat="46.14644" lon="6.74091">
        <ele>1339</ele>
        <time>2026-07-02T20:00:26+00:00</time>
      </trkpt>
      <trkpt lat="46.14638" lon="6.74102">
        <ele>1344</ele>
        <time>2026-07-02T20:00:29+00:00</time>
      </trkpt>
      <trkpt lat="46.14631" lon="6.74109">
        <ele>1344</ele>
        <time>2026-07-02T20:00:32+00:00</time>
      </trkpt>
      <trkpt lat="46.14628" lon="6.74118">
        <ele>1344</ele>
        <time>2026-07-02T20:00:35+00:00</time>
      </trkpt>
      <trkpt lat="46.14619" lon="6.74142">
        <ele>1343</ele>
        <time>2026-07-02T20:00:38+00:00</time>
      </trkpt>
      <trkpt lat="46.14613" lon="6.74155">
        <ele>1341</ele>
        <time>2026-07-02T20:00:41+00:00</time>
      </trkpt>
      <trkpt lat="46.14602" lon="6.74175">
        <ele>1342</ele>
        <time>2026-07-02T20:00:44+00:00</time>
      </trkpt>
      <trkpt lat="46.14598" lon="6.74183">
        <ele>1343</ele>
        <time>2026-07-02T20:00:47+00:00</time>
      </trkpt>
      <trkpt lat="46.146" lon="6.74188">
        <ele>1343</ele>
        <time>2026-07-02T20:00:50+00:00</time>
      </trkpt>
      <trkpt lat="46.14601" lon="6.74195">
        <ele>1338</ele>
        <time>2026-07-02T20:00:53+00:00</time>
      </trkpt>
      <trkpt lat="46.14601" lon="6.74202">
        <ele>1338</ele>
        <time>2026-07-02T20:00:56+00:00</time>
      </trkpt>
      <trkpt lat="46.14598" lon="6.74212">
        <ele>1339</ele>
        <time>2026-07-02T20:00:59+00:00</time>
      </trkpt>
      <trkpt lat="46.14592" lon="6.74225">
        <ele>1338</ele>
        <time>2026-07-02T20:01:02+00:00</time>
      </trkpt>
      <trkpt lat="46.14587" lon="6.74233">
        <ele>1338</ele>
        <time>2026-07-02T20:01:05+00:00</time>
      </trkpt>
      <trkpt lat="46.14581" lon="6.74245">
        <ele>1336</ele>
        <time>2026-07-02T20:01:08+00:00</time>
      </trkpt>
      <trkpt lat="46.14576" lon="6.7425">
        <ele>1337</ele>
        <time>2026-07-02T20:01:11+00:00</time>
      </trkpt>
      <trkpt lat="46.14569" lon="6.74257">
        <ele>1337</ele>
        <time>2026-07-02T20:01:14+00:00</time>
      </trkpt>
      <trkpt lat="46.14567" lon="6.74258">
        <ele>1339</ele>
        <time>2026-07-02T20:01:17+00:00</time>
      </trkpt>
      <trkpt lat="46.14559" lon="6.74268">
        <ele>1338</ele>
        <time>2026-07-02T20:01:20+00:00</time>
      </trkpt>
      <trkpt lat="46.14545" lon="6.74279">
        <ele>1337</ele>
        <time>2026-07-02T20:01:23+00:00</time>
      </trkpt>
      <trkpt lat="46.14531" lon="6.74291">
        <ele>1331</ele>
        <time>2026-07-02T20:01:26+00:00</time>
      </trkpt>
      <trkpt lat="46.14517" lon="6.74299">
        <ele>1333</ele>
        <time>2026-07-02T20:01:29+00:00</time>
      </trkpt>
      <trkpt lat="46.14506" lon="6.74307">
        <ele>1327</ele>
        <time>2026-07-02T20:01:32+00:00</time>
      </trkpt>
      <trkpt lat="46.14498" lon="6.74309">
        <ele>1326</ele>
        <time>2026-07-02T20:01:35+00:00</time>
      </trkpt>
      <trkpt lat="46.14491" lon="6.74308">
        <ele>1326</ele>
        <time>2026-07-02T20:01:38+00:00</time>
      </trkpt>
      <trkpt lat="46.14483" lon="6.74314">
        <ele>1323</ele>
        <time>2026-07-02T20:01:41+00:00</time>
      </trkpt>
      <trkpt lat="46.14476" lon="6.74319">
        <ele>1323</ele>
        <time>2026-07-02T20:01:44+00:00</time>
      </trkpt>
      <trkpt lat="46.14466" lon="6.74329">
        <ele>1320</ele>
        <time>2026-07-02T20:01:47+00:00</time>
      </trkpt>
      <trkpt lat="46.14452" lon="6.74339">
        <ele>1314</ele>
        <time>2026-07-02T20:01:50+00:00</time>
      </trkpt>
      <trkpt lat="46.14442" lon="6.74345">
        <ele>1309</ele>
        <time>2026-07-02T20:01:53+00:00</time>
      </trkpt>
      <trkpt lat="46.14434" lon="6.74355">
        <ele>1309</ele>
        <time>2026-07-02T20:01:56+00:00</time>
      </trkpt>
      <trkpt lat="46.14428" lon="6.74367">
        <ele>1308</ele>
        <time>2026-07-02T20:01:59+00:00</time>
      </trkpt>
      <trkpt lat="46.14418" lon="6.74377">
        <ele>1305</ele>
        <time>2026-07-02T20:02:02+00:00</time>
      </trkpt>
      <trkpt lat="46.14407" lon="6.74387">
        <ele>1304</ele>
        <time>2026-07-02T20:02:05+00:00</time>
      </trkpt>
      <trkpt lat="46.14394" lon="6.74402">
        <ele>1299</ele>
        <time>2026-07-02T20:02:08+00:00</time>
      </trkpt>
      <trkpt lat="46.1439" lon="6.74406">
        <ele>1300</ele>
        <time>2026-07-02T20:02:11+00:00</time>
      </trkpt>
      <trkpt lat="46.14389" lon="6.74407">
        <ele>1300</ele>
        <time>2026-07-02T20:02:14+00:00</time>
      </trkpt>
      <trkpt lat="46.14373" lon="6.74413">
        <ele>1298</ele>
        <time>2026-07-02T20:02:17+00:00</time>
      </trkpt>
      <trkpt lat="46.14364" lon="6.74414">
        <ele>1297</ele>
        <time>2026-07-02T20:02:20+00:00</time>
      </trkpt>
      <trkpt lat="46.14356" lon="6.74417">
        <ele>1298</ele>
        <time>2026-07-02T20:02:23+00:00</time>
      </trkpt>
      <trkpt lat="46.14347" lon="6.74422">
        <ele>1297</ele>
        <time>2026-07-02T20:02:26+00:00</time>
      </trkpt>
      <trkpt lat="46.14331" lon="6.7443">
        <ele>1295</ele>
        <time>2026-07-02T20:02:29+00:00</time>
      </trkpt>
      <trkpt lat="46.14318" lon="6.74442">
        <ele>1296</ele>
        <time>2026-07-02T20:02:32+00:00</time>
      </trkpt>
      <trkpt lat="46.14306" lon="6.74452">
        <ele>1294</ele>
        <time>2026-07-02T20:02:35+00:00</time>
      </trkpt>
      <trkpt lat="46.14299" lon="6.74457">
        <ele>1295</ele>
        <time>2026-07-02T20:02:38+00:00</time>
      </trkpt>
      <trkpt lat="46.14295" lon="6.74464">
        <ele>1293</ele>
        <time>2026-07-02T20:02:41+00:00</time>
      </trkpt>
      <trkpt lat="46.14279" lon="6.74462">
        <ele>1294</ele>
        <time>2026-07-02T20:02:44+00:00</time>
      </trkpt>
      <trkpt lat="46.14262" lon="6.74465">
        <ele>1293</ele>
        <time>2026-07-02T20:02:47+00:00</time>
      </trkpt>
      <trkpt lat="46.14248" lon="6.74467">
        <ele>1294</ele>
        <time>2026-07-02T20:02:50+00:00</time>
      </trkpt>
      <trkpt lat="46.14244" lon="6.7447">
        <ele>1293</ele>
        <time>2026-07-02T20:02:53+00:00</time>
      </trkpt>
      <trkpt lat="46.14242" lon="6.74472">
        <ele>1293</ele>
        <time>2026-07-02T20:02:56+00:00</time>
      </trkpt>
      <trkpt lat="46.14239" lon="6.74477">
        <ele>1297</ele>
        <time>2026-07-02T20:02:59+00:00</time>
      </trkpt>
      <trkpt lat="46.14235" lon="6.74486">
        <ele>1294</ele>
        <time>2026-07-02T20:03:02+00:00</time>
      </trkpt>
      <trkpt lat="46.14227" lon="6.74494">
        <ele>1296</ele>
        <time>2026-07-02T20:03:05+00:00</time>
      </trkpt>
      <trkpt lat="46.14219" lon="6.74501">
        <ele>1294</ele>
        <time>2026-07-02T20:03:08+00:00</time>
      </trkpt>
      <trkpt lat="46.14213" lon="6.74507">
        <ele>1295</ele>
        <time>2026-07-02T20:03:11+00:00</time>
      </trkpt>
      <trkpt lat="46.14207" lon="6.74515">
        <ele>1295</ele>
        <time>2026-07-02T20:03:14+00:00</time>
      </trkpt>
      <trkpt lat="46.14197" lon="6.74524">
        <ele>1294</ele>
        <time>2026-07-02T20:03:17+00:00</time>
      </trkpt>
      <trkpt lat="46.14191" lon="6.74526">
        <ele>1294</ele>
        <time>2026-07-02T20:03:20+00:00</time>
      </trkpt>
      <trkpt lat="46.14186" lon="6.74525">
        <ele>1295</ele>
        <time>2026-07-02T20:03:23+00:00</time>
      </trkpt>
      <trkpt lat="46.14181" lon="6.74522">
        <ele>1295</ele>
        <time>2026-07-02T20:03:26+00:00</time>
      </trkpt>
      <trkpt lat="46.14175" lon="6.74523">
        <ele>1297</ele>
        <time>2026-07-02T20:03:29+00:00</time>
      </trkpt>
      <trkpt lat="46.14164" lon="6.74525">
        <ele>1299</ele>
        <time>2026-07-02T20:03:32+00:00</time>
      </trkpt>
      <trkpt lat="46.14154" lon="6.74522">
        <ele>1302</ele>
        <time>2026-07-02T20:03:35+00:00</time>
      </trkpt>
      <trkpt lat="46.14145" lon="6.74517">
        <ele>1305</ele>
        <time>2026-07-02T20:03:38+00:00</time>
      </trkpt>
      <trkpt lat="46.14135" lon="6.74509">
        <ele>1310</ele>
        <time>2026-07-02T20:03:41+00:00</time>
      </trkpt>
      <trkpt lat="46.14127" lon="6.74507">
        <ele>1311</ele>
        <time>2026-07-02T20:03:44+00:00</time>
      </trkpt>
      <trkpt lat="46.14113" lon="6.74505">
        <ele>1313</ele>
        <time>2026-07-02T20:03:47+00:00</time>
      </trkpt>
      <trkpt lat="46.14106" lon="6.74501">
        <ele>1315</ele>
        <time>2026-07-02T20:03:50+00:00</time>
      </trkpt>
      <trkpt lat="46.14103" lon="6.74494">
        <ele>1316</ele>
        <time>2026-07-02T20:03:53+00:00</time>
      </trkpt>
      <trkpt lat="46.14103" lon="6.74488">
        <ele>1318</ele>
        <time>2026-07-02T20:03:56+00:00</time>
      </trkpt>
      <trkpt lat="46.14107" lon="6.7448">
        <ele>1322</ele>
        <time>2026-07-02T20:03:59+00:00</time>
      </trkpt>
      <trkpt lat="46.14113" lon="6.74472">
        <ele>1320</ele>
        <time>2026-07-02T20:04:02+00:00</time>
      </trkpt>
      <trkpt lat="46.14116" lon="6.74465">
        <ele>1323</ele>
        <time>2026-07-02T20:04:05+00:00</time>
      </trkpt>
      <trkpt lat="46.14119" lon="6.74459">
        <ele>1324</ele>
        <time>2026-07-02T20:04:08+00:00</time>
      </trkpt>
      <trkpt lat="46.14134" lon="6.74446">
        <ele>1325</ele>
        <time>2026-07-02T20:04:11+00:00</time>
      </trkpt>
      <trkpt lat="46.14139" lon="6.74438">
        <ele>1327</ele>
        <time>2026-07-02T20:04:14+00:00</time>
      </trkpt>
      <trkpt lat="46.1414" lon="6.74432">
        <ele>1326</ele>
        <time>2026-07-02T20:04:17+00:00</time>
      </trkpt>
      <trkpt lat="46.14138" lon="6.74427">
        <ele>1328</ele>
        <time>2026-07-02T20:04:20+00:00</time>
      </trkpt>
      <trkpt lat="46.14131" lon="6.74424">
        <ele>1328</ele>
        <time>2026-07-02T20:04:23+00:00</time>
      </trkpt>
      <trkpt lat="46.14111" lon="6.74421">
        <ele>1332</ele>
        <time>2026-07-02T20:04:26+00:00</time>
      </trkpt>
      <trkpt lat="46.14084" lon="6.74419">
        <ele>1340</ele>
        <time>2026-07-02T20:04:29+00:00</time>
      </trkpt>
      <trkpt lat="46.14074" lon="6.7442">
        <ele>1339</ele>
        <time>2026-07-02T20:04:32+00:00</time>
      </trkpt>
      <trkpt lat="46.14067" lon="6.74424">
        <ele>1343</ele>
        <time>2026-07-02T20:04:35+00:00</time>
      </trkpt>
      <trkpt lat="46.14057" lon="6.7443">
        <ele>1345</ele>
        <time>2026-07-02T20:04:38+00:00</time>
      </trkpt>
      <trkpt lat="46.1405" lon="6.74431">
        <ele>1343</ele>
        <time>2026-07-02T20:04:41+00:00</time>
      </trkpt>
      <trkpt lat="46.14043" lon="6.74431">
        <ele>1343</ele>
        <time>2026-07-02T20:04:44+00:00</time>
      </trkpt>
      <trkpt lat="46.14034" lon="6.74429">
        <ele>1346</ele>
        <time>2026-07-02T20:04:47+00:00</time>
      </trkpt>
      <trkpt lat="46.14028" lon="6.74431">
        <ele>1346</ele>
        <time>2026-07-02T20:04:50+00:00</time>
      </trkpt>
      <trkpt lat="46.14023" lon="6.74436">
        <ele>1346</ele>
        <time>2026-07-02T20:04:53+00:00</time>
      </trkpt>
      <trkpt lat="46.14019" lon="6.74444">
        <ele>1350</ele>
        <time>2026-07-02T20:04:56+00:00</time>
      </trkpt>
      <trkpt lat="46.14013" lon="6.74448">
        <ele>1350</ele>
        <time>2026-07-02T20:04:59+00:00</time>
      </trkpt>
      <trkpt lat="46.14008" lon="6.74449">
        <ele>1351</ele>
        <time>2026-07-02T20:05:02+00:00</time>
      </trkpt>
      <trkpt lat="46.14002" lon="6.74447">
        <ele>1351</ele>
        <time>2026-07-02T20:05:05+00:00</time>
      </trkpt>
      <trkpt lat="46.13997" lon="6.74444">
        <ele>1352</ele>
        <time>2026-07-02T20:05:08+00:00</time>
      </trkpt>
      <trkpt lat="46.13993" lon="6.74443">
        <ele>1352</ele>
        <time>2026-07-02T20:05:11+00:00</time>
      </trkpt>
      <trkpt lat="46.13986" lon="6.74444">
        <ele>1354</ele>
        <time>2026-07-02T20:05:14+00:00</time>
      </trkpt>
      <trkpt lat="46.13981" lon="6.74442">
        <ele>1354</ele>
        <time>2026-07-02T20:05:17+00:00</time>
      </trkpt>
      <trkpt lat="46.13978" lon="6.74439">
        <ele>1355</ele>
        <time>2026-07-02T20:05:20+00:00</time>
      </trkpt>
      <trkpt lat="46.13973" lon="6.74436">
        <ele>1355</ele>
        <time>2026-07-02T20:05:23+00:00</time>
      </trkpt>
      <trkpt lat="46.1397" lon="6.74436">
        <ele>1356</ele>
        <time>2026-07-02T20:05:26+00:00</time>
      </trkpt>
      <trkpt lat="46.13965" lon="6.74435">
        <ele>1356</ele>
        <time>2026-07-02T20:05:29+00:00</time>
      </trkpt>
      <trkpt lat="46.1396" lon="6.74432">
        <ele>1356</ele>
        <time>2026-07-02T20:05:32+00:00</time>
      </trkpt>
      <trkpt lat="46.13953" lon="6.74424">
        <ele>1358</ele>
        <time>2026-07-02T20:05:35+00:00</time>
      </trkpt>
      <trkpt lat="46.13948" lon="6.74417">
        <ele>1363</ele>
        <time>2026-07-02T20:05:38+00:00</time>
      </trkpt>
      <trkpt lat="46.1394" lon="6.74413">
        <ele>1363</ele>
        <time>2026-07-02T20:05:41+00:00</time>
      </trkpt>
      <trkpt lat="46.13935" lon="6.74409">
        <ele>1364</ele>
        <time>2026-07-02T20:05:44+00:00</time>
      </trkpt>
      <trkpt lat="46.13932" lon="6.74404">
        <ele>1364</ele>
        <time>2026-07-02T20:05:47+00:00</time>
      </trkpt>
      <trkpt lat="46.13928" lon="6.74391">
        <ele>1367</ele>
        <time>2026-07-02T20:05:50+00:00</time>
      </trkpt>
      <trkpt lat="46.13925" lon="6.74383">
        <ele>1369</ele>
        <time>2026-07-02T20:05:53+00:00</time>
      </trkpt>
      <trkpt lat="46.13919" lon="6.74381">
        <ele>1376</ele>
        <time>2026-07-02T20:05:56+00:00</time>
      </trkpt>
      <trkpt lat="46.13908" lon="6.74388">
        <ele>1380</ele>
        <time>2026-07-02T20:05:59+00:00</time>
      </trkpt>
      <trkpt lat="46.13902" lon="6.74394">
        <ele>1375</ele>
        <time>2026-07-02T20:06:02+00:00</time>
      </trkpt>
      <trkpt lat="46.13893" lon="6.7441">
        <ele>1377</ele>
        <time>2026-07-02T20:06:05+00:00</time>
      </trkpt>
      <trkpt lat="46.13884" lon="6.74427">
        <ele>1385</ele>
        <time>2026-07-02T20:06:08+00:00</time>
      </trkpt>
      <trkpt lat="46.13876" lon="6.74444">
        <ele>1388</ele>
        <time>2026-07-02T20:06:11+00:00</time>
      </trkpt>
      <trkpt lat="46.13865" lon="6.74472">
        <ele>1392</ele>
        <time>2026-07-02T20:06:14+00:00</time>
      </trkpt>
      <trkpt lat="46.13854" lon="6.74498">
        <ele>1400</ele>
        <time>2026-07-02T20:06:17+00:00</time>
      </trkpt>
      <trkpt lat="46.13847" lon="6.74516">
        <ele>1405</ele>
        <time>2026-07-02T20:06:20+00:00</time>
      </trkpt>
      <trkpt lat="46.13842" lon="6.74531">
        <ele>1402</ele>
        <time>2026-07-02T20:06:23+00:00</time>
      </trkpt>
      <trkpt lat="46.13835" lon="6.74555">
        <ele>1407</ele>
        <time>2026-07-02T20:06:26+00:00</time>
      </trkpt>
      <trkpt lat="46.13833" lon="6.74567">
        <ele>1405</ele>
        <time>2026-07-02T20:06:29+00:00</time>
      </trkpt>
      <trkpt lat="46.13831" lon="6.74577">
        <ele>1404</ele>
        <time>2026-07-02T20:06:32+00:00</time>
      </trkpt>
      <trkpt lat="46.1383" lon="6.74591">
        <ele>1406</ele>
        <time>2026-07-02T20:06:35+00:00</time>
      </trkpt>
      <trkpt lat="46.1383" lon="6.74601">
        <ele>1408</ele>
        <time>2026-07-02T20:06:38+00:00</time>
      </trkpt>
      <trkpt lat="46.1383" lon="6.7461">
        <ele>1416</ele>
        <time>2026-07-02T20:06:41+00:00</time>
      </trkpt>
      <trkpt lat="46.13826" lon="6.7462">
        <ele>1415</ele>
        <time>2026-07-02T20:06:44+00:00</time>
      </trkpt>
      <trkpt lat="46.13822" lon="6.74626">
        <ele>1415</ele>
        <time>2026-07-02T20:06:47+00:00</time>
      </trkpt>
      <trkpt lat="46.13813" lon="6.7464">
        <ele>1414</ele>
        <time>2026-07-02T20:06:50+00:00</time>
      </trkpt>
      <trkpt lat="46.13813" lon="6.74641">
        <ele>1414</ele>
        <time>2026-07-02T20:06:53+00:00</time>
      </trkpt>
      <trkpt lat="46.13809" lon="6.74648">
        <ele>1418</ele>
        <time>2026-07-02T20:06:56+00:00</time>
      </trkpt>
      <trkpt lat="46.13804" lon="6.74666">
        <ele>1418</ele>
        <time>2026-07-02T20:06:59+00:00</time>
      </trkpt>
      <trkpt lat="46.13799" lon="6.74679">
        <ele>1423</ele>
        <time>2026-07-02T20:07:02+00:00</time>
      </trkpt>
      <trkpt lat="46.13795" lon="6.74685">
        <ele>1423</ele>
        <time>2026-07-02T20:07:05+00:00</time>
      </trkpt>
      <trkpt lat="46.13792" lon="6.74687">
        <ele>1423</ele>
        <time>2026-07-02T20:07:08+00:00</time>
      </trkpt>
      <trkpt lat="46.13787" lon="6.74685">
        <ele>1423</ele>
        <time>2026-07-02T20:07:11+00:00</time>
      </trkpt>
      <trkpt lat="46.13783" lon="6.74679">
        <ele>1424</ele>
        <time>2026-07-02T20:07:14+00:00</time>
      </trkpt>
      <trkpt lat="46.13779" lon="6.74668">
        <ele>1426</ele>
        <time>2026-07-02T20:07:17+00:00</time>
      </trkpt>
      <trkpt lat="46.13776" lon="6.74656">
        <ele>1427</ele>
        <time>2026-07-02T20:07:20+00:00</time>
      </trkpt>
      <trkpt lat="46.13776" lon="6.74641">
        <ele>1428</ele>
        <time>2026-07-02T20:07:23+00:00</time>
      </trkpt>
      <trkpt lat="46.13777" lon="6.74628">
        <ele>1430</ele>
        <time>2026-07-02T20:07:26+00:00</time>
      </trkpt>
      <trkpt lat="46.13776" lon="6.74619">
        <ele>1430</ele>
        <time>2026-07-02T20:07:29+00:00</time>
      </trkpt>
      <trkpt lat="46.13775" lon="6.74605">
        <ele>1429</ele>
        <time>2026-07-02T20:07:32+00:00</time>
      </trkpt>
      <trkpt lat="46.13771" lon="6.74584">
        <ele>1430</ele>
        <time>2026-07-02T20:07:35+00:00</time>
      </trkpt>
      <trkpt lat="46.13768" lon="6.74569">
        <ele>1434</ele>
        <time>2026-07-02T20:07:38+00:00</time>
      </trkpt>
      <trkpt lat="46.13768" lon="6.74559">
        <ele>1435</ele>
        <time>2026-07-02T20:07:41+00:00</time>
      </trkpt>
      <trkpt lat="46.1377" lon="6.74551">
        <ele>1435</ele>
        <time>2026-07-02T20:07:44+00:00</time>
      </trkpt>
      <trkpt lat="46.13775" lon="6.74538">
        <ele>1435</ele>
        <time>2026-07-02T20:07:47+00:00</time>
      </trkpt>
      <trkpt lat="46.13783" lon="6.7452">
        <ele>1437</ele>
        <time>2026-07-02T20:07:50+00:00</time>
      </trkpt>
      <trkpt lat="46.13784" lon="6.74515">
        <ele>1437</ele>
        <time>2026-07-02T20:07:53+00:00</time>
      </trkpt>
      <trkpt lat="46.13782" lon="6.74511">
        <ele>1437</ele>
        <time>2026-07-02T20:07:56+00:00</time>
      </trkpt>
      <trkpt lat="46.13778" lon="6.7451">
        <ele>1439</ele>
        <time>2026-07-02T20:07:59+00:00</time>
      </trkpt>
      <trkpt lat="46.13773" lon="6.74514">
        <ele>1439</ele>
        <time>2026-07-02T20:08:02+00:00</time>
      </trkpt>
      <trkpt lat="46.13765" lon="6.7452">
        <ele>1443</ele>
        <time>2026-07-02T20:08:05+00:00</time>
      </trkpt>
      <trkpt lat="46.13759" lon="6.74521">
        <ele>1444</ele>
        <time>2026-07-02T20:08:08+00:00</time>
      </trkpt>
      <trkpt lat="46.13748" lon="6.74521">
        <ele>1446</ele>
        <time>2026-07-02T20:08:11+00:00</time>
      </trkpt>
      <trkpt lat="46.13739" lon="6.74519">
        <ele>1449</ele>
        <time>2026-07-02T20:08:14+00:00</time>
      </trkpt>
      <trkpt lat="46.13731" lon="6.74517">
        <ele>1449</ele>
        <time>2026-07-02T20:08:17+00:00</time>
      </trkpt>
      <trkpt lat="46.13725" lon="6.74517">
        <ele>1454</ele>
        <time>2026-07-02T20:08:20+00:00</time>
      </trkpt>
      <trkpt lat="46.13715" lon="6.74519">
        <ele>1456</ele>
        <time>2026-07-02T20:08:23+00:00</time>
      </trkpt>
      <trkpt lat="46.13693" lon="6.74519">
        <ele>1462</ele>
        <time>2026-07-02T20:08:26+00:00</time>
      </trkpt>
      <trkpt lat="46.1368" lon="6.74517">
        <ele>1464</ele>
        <time>2026-07-02T20:08:29+00:00</time>
      </trkpt>
      <trkpt lat="46.13676" lon="6.74514">
        <ele>1464</ele>
        <time>2026-07-02T20:08:32+00:00</time>
      </trkpt>
      <trkpt lat="46.13674" lon="6.74507">
        <ele>1466</ele>
        <time>2026-07-02T20:08:35+00:00</time>
      </trkpt>
      <trkpt lat="46.13671" lon="6.74495">
        <ele>1468</ele>
        <time>2026-07-02T20:08:38+00:00</time>
      </trkpt>
      <trkpt lat="46.13667" lon="6.74487">
        <ele>1470</ele>
        <time>2026-07-02T20:08:41+00:00</time>
      </trkpt>
      <trkpt lat="46.13662" lon="6.74482">
        <ele>1470</ele>
        <time>2026-07-02T20:08:44+00:00</time>
      </trkpt>
      <trkpt lat="46.13657" lon="6.74481">
        <ele>1471</ele>
        <time>2026-07-02T20:08:47+00:00</time>
      </trkpt>
      <trkpt lat="46.13654" lon="6.74483">
        <ele>1471</ele>
        <time>2026-07-02T20:08:50+00:00</time>
      </trkpt>
      <trkpt lat="46.13651" lon="6.74485">
        <ele>1471</ele>
        <time>2026-07-02T20:08:53+00:00</time>
      </trkpt>
      <trkpt lat="46.13644" lon="6.74499">
        <ele>1472</ele>
        <time>2026-07-02T20:08:56+00:00</time>
      </trkpt>
      <trkpt lat="46.13632" lon="6.74525">
        <ele>1474</ele>
        <time>2026-07-02T20:08:59+00:00</time>
      </trkpt>
      <trkpt lat="46.13629" lon="6.74529">
        <ele>1477</ele>
        <time>2026-07-02T20:09:02+00:00</time>
      </trkpt>
      <trkpt lat="46.13625" lon="6.74531">
        <ele>1476</ele>
        <time>2026-07-02T20:09:05+00:00</time>
      </trkpt>
      <trkpt lat="46.13622" lon="6.74529">
        <ele>1477</ele>
        <time>2026-07-02T20:09:08+00:00</time>
      </trkpt>
      <trkpt lat="46.1362" lon="6.74521">
        <ele>1480</ele>
        <time>2026-07-02T20:09:11+00:00</time>
      </trkpt>
      <trkpt lat="46.13619" lon="6.74511">
        <ele>1480</ele>
        <time>2026-07-02T20:09:14+00:00</time>
      </trkpt>
      <trkpt lat="46.13616" lon="6.74505">
        <ele>1480</ele>
        <time>2026-07-02T20:09:17+00:00</time>
      </trkpt>
      <trkpt lat="46.13611" lon="6.74503">
        <ele>1480</ele>
        <time>2026-07-02T20:09:20+00:00</time>
      </trkpt>
      <trkpt lat="46.13607" lon="6.74506">
        <ele>1486</ele>
        <time>2026-07-02T20:09:23+00:00</time>
      </trkpt>
      <trkpt lat="46.13604" lon="6.74511">
        <ele>1486</ele>
        <time>2026-07-02T20:09:26+00:00</time>
      </trkpt>
      <trkpt lat="46.13602" lon="6.74528">
        <ele>1485</ele>
        <time>2026-07-02T20:09:29+00:00</time>
      </trkpt>
      <trkpt lat="46.136" lon="6.74542">
        <ele>1487</ele>
        <time>2026-07-02T20:09:32+00:00</time>
      </trkpt>
      <trkpt lat="46.13595" lon="6.74557">
        <ele>1490</ele>
        <time>2026-07-02T20:09:35+00:00</time>
      </trkpt>
      <trkpt lat="46.13589" lon="6.7457">
        <ele>1495</ele>
        <time>2026-07-02T20:09:38+00:00</time>
      </trkpt>
      <trkpt lat="46.13582" lon="6.74581">
        <ele>1492</ele>
        <time>2026-07-02T20:09:41+00:00</time>
      </trkpt>
      <trkpt lat="46.13576" lon="6.7459">
        <ele>1496</ele>
        <time>2026-07-02T20:09:44+00:00</time>
      </trkpt>
      <trkpt lat="46.13573" lon="6.74598">
        <ele>1498</ele>
        <time>2026-07-02T20:09:47+00:00</time>
      </trkpt>
      <trkpt lat="46.13571" lon="6.74602">
        <ele>1497</ele>
        <time>2026-07-02T20:09:50+00:00</time>
      </trkpt>
      <trkpt lat="46.13568" lon="6.74605">
        <ele>1498</ele>
        <time>2026-07-02T20:09:53+00:00</time>
      </trkpt>
      <trkpt lat="46.13565" lon="6.74603">
        <ele>1498</ele>
        <time>2026-07-02T20:09:56+00:00</time>
      </trkpt>
      <trkpt lat="46.13562" lon="6.74607">
        <ele>1498</ele>
        <time>2026-07-02T20:09:59+00:00</time>
      </trkpt>
      <trkpt lat="46.13559" lon="6.74609">
        <ele>1502</ele>
        <time>2026-07-02T20:10:02+00:00</time>
      </trkpt>
      <trkpt lat="46.1355" lon="6.74612">
        <ele>1500</ele>
        <time>2026-07-02T20:10:05+00:00</time>
      </trkpt>
      <trkpt lat="46.13544" lon="6.74615">
        <ele>1504</ele>
        <time>2026-07-02T20:10:08+00:00</time>
      </trkpt>
      <trkpt lat="46.1354" lon="6.74618">
        <ele>1504</ele>
        <time>2026-07-02T20:10:11+00:00</time>
      </trkpt>
      <trkpt lat="46.13536" lon="6.74627">
        <ele>1505</ele>
        <time>2026-07-02T20:10:14+00:00</time>
      </trkpt>
      <trkpt lat="46.13533" lon="6.74633">
        <ele>1503</ele>
        <time>2026-07-02T20:10:17+00:00</time>
      </trkpt>
      <trkpt lat="46.13529" lon="6.74638">
        <ele>1504</ele>
        <time>2026-07-02T20:10:20+00:00</time>
      </trkpt>
      <trkpt lat="46.13524" lon="6.74643">
        <ele>1502</ele>
        <time>2026-07-02T20:10:23+00:00</time>
      </trkpt>
      <trkpt lat="46.13519" lon="6.74649">
        <ele>1507</ele>
        <time>2026-07-02T20:10:26+00:00</time>
      </trkpt>
      <trkpt lat="46.13512" lon="6.74658">
        <ele>1505</ele>
        <time>2026-07-02T20:10:29+00:00</time>
      </trkpt>
      <trkpt lat="46.13502" lon="6.74667">
        <ele>1503</ele>
        <time>2026-07-02T20:10:32+00:00</time>
      </trkpt>
      <trkpt lat="46.1349" lon="6.74672">
        <ele>1505</ele>
        <time>2026-07-02T20:10:35+00:00</time>
      </trkpt>
      <trkpt lat="46.13481" lon="6.74673">
        <ele>1505</ele>
        <time>2026-07-02T20:10:38+00:00</time>
      </trkpt>
      <trkpt lat="46.13474" lon="6.74681">
        <ele>1507</ele>
        <time>2026-07-02T20:10:41+00:00</time>
      </trkpt>
      <trkpt lat="46.13465" lon="6.74696">
        <ele>1509</ele>
        <time>2026-07-02T20:10:44+00:00</time>
      </trkpt>
      <trkpt lat="46.13456" lon="6.74708">
        <ele>1512</ele>
        <time>2026-07-02T20:10:47+00:00</time>
      </trkpt>
      <trkpt lat="46.13452" lon="6.74713">
        <ele>1510</ele>
        <time>2026-07-02T20:10:50+00:00</time>
      </trkpt>
      <trkpt lat="46.13448" lon="6.74719">
        <ele>1513</ele>
        <time>2026-07-02T20:10:53+00:00</time>
      </trkpt>
      <trkpt lat="46.13445" lon="6.74727">
        <ele>1512</ele>
        <time>2026-07-02T20:10:56+00:00</time>
      </trkpt>
      <trkpt lat="46.13444" lon="6.74736">
        <ele>1512</ele>
        <time>2026-07-02T20:10:59+00:00</time>
      </trkpt>
      <trkpt lat="46.13442" lon="6.7474">
        <ele>1512</ele>
        <time>2026-07-02T20:11:02+00:00</time>
      </trkpt>
      <trkpt lat="46.13438" lon="6.74743">
        <ele>1515</ele>
        <time>2026-07-02T20:11:05+00:00</time>
      </trkpt>
      <trkpt lat="46.13436" lon="6.74749">
        <ele>1515</ele>
        <time>2026-07-02T20:11:08+00:00</time>
      </trkpt>
      <trkpt lat="46.13433" lon="6.74753">
        <ele>1514</ele>
        <time>2026-07-02T20:11:11+00:00</time>
      </trkpt>
      <trkpt lat="46.13427" lon="6.74764">
        <ele>1517</ele>
        <time>2026-07-02T20:11:14+00:00</time>
      </trkpt>
      <trkpt lat="46.13425" lon="6.74771">
        <ele>1517</ele>
        <time>2026-07-02T20:11:17+00:00</time>
      </trkpt>
      <trkpt lat="46.1342" lon="6.74783">
        <ele>1520</ele>
        <time>2026-07-02T20:11:20+00:00</time>
      </trkpt>
      <trkpt lat="46.13418" lon="6.74791">
        <ele>1520</ele>
        <time>2026-07-02T20:11:23+00:00</time>
      </trkpt>
      <trkpt lat="46.13415" lon="6.74798">
        <ele>1520</ele>
        <time>2026-07-02T20:11:26+00:00</time>
      </trkpt>
      <trkpt lat="46.13411" lon="6.74806">
        <ele>1519</ele>
        <time>2026-07-02T20:11:29+00:00</time>
      </trkpt>
      <trkpt lat="46.13407" lon="6.74817">
        <ele>1523</ele>
        <time>2026-07-02T20:11:32+00:00</time>
      </trkpt>
      <trkpt lat="46.13401" lon="6.7483">
        <ele>1522</ele>
        <time>2026-07-02T20:11:35+00:00</time>
      </trkpt>
      <trkpt lat="46.13395" lon="6.74847">
        <ele>1526</ele>
        <time>2026-07-02T20:11:38+00:00</time>
      </trkpt>
      <trkpt lat="46.13395" lon="6.74858">
        <ele>1527</ele>
        <time>2026-07-02T20:11:41+00:00</time>
      </trkpt>
      <trkpt lat="46.13395" lon="6.74861">
        <ele>1527</ele>
        <time>2026-07-02T20:11:44+00:00</time>
      </trkpt>
      <trkpt lat="46.13395" lon="6.74862">
        <ele>1527</ele>
        <time>2026-07-02T20:11:47+00:00</time>
      </trkpt>
      <trkpt lat="46.13395" lon="6.74868">
        <ele>1527</ele>
        <time>2026-07-02T20:11:50+00:00</time>
      </trkpt>
      <trkpt lat="46.13394" lon="6.74876">
        <ele>1528</ele>
        <time>2026-07-02T20:11:53+00:00</time>
      </trkpt>
      <trkpt lat="46.13393" lon="6.74886">
        <ele>1528</ele>
        <time>2026-07-02T20:11:56+00:00</time>
      </trkpt>
      <trkpt lat="46.13393" lon="6.74892">
        <ele>1529</ele>
        <time>2026-07-02T20:11:59+00:00</time>
      </trkpt>
      <trkpt lat="46.13394" lon="6.74901">
        <ele>1530</ele>
        <time>2026-07-02T20:12:02+00:00</time>
      </trkpt>
      <trkpt lat="46.13396" lon="6.74906">
        <ele>1530</ele>
        <time>2026-07-02T20:12:05+00:00</time>
      </trkpt>
      <trkpt lat="46.13398" lon="6.74912">
        <ele>1528</ele>
        <time>2026-07-02T20:12:08+00:00</time>
      </trkpt>
      <trkpt lat="46.134" lon="6.7492">
        <ele>1527</ele>
        <time>2026-07-02T20:12:11+00:00</time>
      </trkpt>
      <trkpt lat="46.13401" lon="6.74925">
        <ele>1528</ele>
        <time>2026-07-02T20:12:14+00:00</time>
      </trkpt>
      <trkpt lat="46.13403" lon="6.74927">
        <ele>1528</ele>
        <time>2026-07-02T20:12:17+00:00</time>
      </trkpt>
      <trkpt lat="46.13404" lon="6.74927">
        <ele>1528</ele>
        <time>2026-07-02T20:12:20+00:00</time>
      </trkpt>
      <trkpt lat="46.13407" lon="6.74931">
        <ele>1529</ele>
        <time>2026-07-02T20:12:23+00:00</time>
      </trkpt>
      <trkpt lat="46.13409" lon="6.74934">
        <ele>1529</ele>
        <time>2026-07-02T20:12:26+00:00</time>
      </trkpt>
      <trkpt lat="46.13413" lon="6.74939">
        <ele>1530</ele>
        <time>2026-07-02T20:12:29+00:00</time>
      </trkpt>
      <trkpt lat="46.13417" lon="6.74954">
        <ele>1533</ele>
        <time>2026-07-02T20:12:32+00:00</time>
      </trkpt>
      <trkpt lat="46.13421" lon="6.74976">
        <ele>1536</ele>
        <time>2026-07-02T20:12:35+00:00</time>
      </trkpt>
      <trkpt lat="46.13423" lon="6.74987">
        <ele>1538</ele>
        <time>2026-07-02T20:12:38+00:00</time>
      </trkpt>
      <trkpt lat="46.13425" lon="6.7499">
        <ele>1538</ele>
        <time>2026-07-02T20:12:41+00:00</time>
      </trkpt>
      <trkpt lat="46.13427" lon="6.74997">
        <ele>1539</ele>
        <time>2026-07-02T20:12:44+00:00</time>
      </trkpt>
      <trkpt lat="46.1343" lon="6.74998">
        <ele>1536</ele>
        <time>2026-07-02T20:12:47+00:00</time>
      </trkpt>
      <trkpt lat="46.13432" lon="6.74999">
        <ele>1536</ele>
        <time>2026-07-02T20:12:50+00:00</time>
      </trkpt>
      <trkpt lat="46.13436" lon="6.74998">
        <ele>1536</ele>
        <time>2026-07-02T20:12:53+00:00</time>
      </trkpt>
      <trkpt lat="46.13436" lon="6.74996">
        <ele>1536</ele>
        <time>2026-07-02T20:12:56+00:00</time>
      </trkpt>
      <trkpt lat="46.13439" lon="6.74994">
        <ele>1536</ele>
        <time>2026-07-02T20:12:59+00:00</time>
      </trkpt>
      <trkpt lat="46.13442" lon="6.74993">
        <ele>1538</ele>
        <time>2026-07-02T20:13:02+00:00</time>
      </trkpt>
      <trkpt lat="46.13445" lon="6.74993">
        <ele>1538</ele>
        <time>2026-07-02T20:13:05+00:00</time>
      </trkpt>
      <trkpt lat="46.13449" lon="6.74996">
        <ele>1538</ele>
        <time>2026-07-02T20:13:08+00:00</time>
      </trkpt>
      <trkpt lat="46.13452" lon="6.74996">
        <ele>1541</ele>
        <time>2026-07-02T20:13:11+00:00</time>
      </trkpt>
      <trkpt lat="46.13459" lon="6.74995">
        <ele>1541</ele>
        <time>2026-07-02T20:13:14+00:00</time>
      </trkpt>
      <trkpt lat="46.13472" lon="6.74993">
        <ele>1547</ele>
        <time>2026-07-02T20:13:17+00:00</time>
      </trkpt>
      <trkpt lat="46.13477" lon="6.74995">
        <ele>1547</ele>
        <time>2026-07-02T20:13:20+00:00</time>
      </trkpt>
      <trkpt lat="46.13486" lon="6.74999">
        <ele>1547</ele>
        <time>2026-07-02T20:13:23+00:00</time>
      </trkpt>
      <trkpt lat="46.13493" lon="6.75007">
        <ele>1549</ele>
        <time>2026-07-02T20:13:26+00:00</time>
      </trkpt>
      <trkpt lat="46.13498" lon="6.75017">
        <ele>1552</ele>
        <time>2026-07-02T20:13:29+00:00</time>
      </trkpt>
      <trkpt lat="46.13499" lon="6.75022">
        <ele>1557</ele>
        <time>2026-07-02T20:13:32+00:00</time>
      </trkpt>
      <trkpt lat="46.13497" lon="6.75025">
        <ele>1557</ele>
        <time>2026-07-02T20:13:35+00:00</time>
      </trkpt>
      <trkpt lat="46.13491" lon="6.75025">
        <ele>1557</ele>
        <time>2026-07-02T20:13:38+00:00</time>
      </trkpt>
      <trkpt lat="46.13483" lon="6.75022">
        <ele>1561</ele>
        <time>2026-07-02T20:13:41+00:00</time>
      </trkpt>
      <trkpt lat="46.13481" lon="6.75019">
        <ele>1556</ele>
        <time>2026-07-02T20:13:44+00:00</time>
      </trkpt>
      <trkpt lat="46.13478" lon="6.7502">
        <ele>1559</ele>
        <time>2026-07-02T20:13:47+00:00</time>
      </trkpt>
      <trkpt lat="46.13478" lon="6.75026">
        <ele>1559</ele>
        <time>2026-07-02T20:13:50+00:00</time>
      </trkpt>
      <trkpt lat="46.1348" lon="6.75029">
        <ele>1561</ele>
        <time>2026-07-02T20:13:53+00:00</time>
      </trkpt>
      <trkpt lat="46.1348" lon="6.75032">
        <ele>1563</ele>
        <time>2026-07-02T20:13:56+00:00</time>
      </trkpt>
      <trkpt lat="46.13484" lon="6.75042">
        <ele>1565</ele>
        <time>2026-07-02T20:13:59+00:00</time>
      </trkpt>
      <trkpt lat="46.13485" lon="6.75049">
        <ele>1565</ele>
        <time>2026-07-02T20:14:02+00:00</time>
      </trkpt>
      <trkpt lat="46.13488" lon="6.75056">
        <ele>1568</ele>
        <time>2026-07-02T20:14:05+00:00</time>
      </trkpt>
      <trkpt lat="46.13489" lon="6.75064">
        <ele>1570</ele>
        <time>2026-07-02T20:14:08+00:00</time>
      </trkpt>
      <trkpt lat="46.13489" lon="6.75073">
        <ele>1573</ele>
        <time>2026-07-02T20:14:11+00:00</time>
      </trkpt>
      <trkpt lat="46.13487" lon="6.75082">
        <ele>1576</ele>
        <time>2026-07-02T20:14:14+00:00</time>
      </trkpt>
      <trkpt lat="46.13483" lon="6.75086">
        <ele>1576</ele>
        <time>2026-07-02T20:14:17+00:00</time>
      </trkpt>
      <trkpt lat="46.13478" lon="6.75091">
        <ele>1579</ele>
        <time>2026-07-02T20:14:20+00:00</time>
      </trkpt>
      <trkpt lat="46.13477" lon="6.75097">
        <ele>1579</ele>
        <time>2026-07-02T20:14:23+00:00</time>
      </trkpt>
      <trkpt lat="46.13479" lon="6.75104">
        <ele>1582</ele>
        <time>2026-07-02T20:14:26+00:00</time>
      </trkpt>
      <trkpt lat="46.1348" lon="6.7511">
        <ele>1581</ele>
        <time>2026-07-02T20:14:29+00:00</time>
      </trkpt>
      <trkpt lat="46.13478" lon="6.75112">
        <ele>1587</ele>
        <time>2026-07-02T20:14:32+00:00</time>
      </trkpt>
      <trkpt lat="46.13472" lon="6.75112">
        <ele>1587</ele>
        <time>2026-07-02T20:14:35+00:00</time>
      </trkpt>
      <trkpt lat="46.13468" lon="6.75113">
        <ele>1588</ele>
        <time>2026-07-02T20:14:38+00:00</time>
      </trkpt>
      <trkpt lat="46.13466" lon="6.75114">
        <ele>1588</ele>
        <time>2026-07-02T20:14:41+00:00</time>
      </trkpt>
      <trkpt lat="46.13459" lon="6.75123">
        <ele>1589</ele>
        <time>2026-07-02T20:14:44+00:00</time>
      </trkpt>
      <trkpt lat="46.13452" lon="6.75135">
        <ele>1593</ele>
        <time>2026-07-02T20:14:47+00:00</time>
      </trkpt>
      <trkpt lat="46.1345" lon="6.75142">
        <ele>1598</ele>
        <time>2026-07-02T20:14:50+00:00</time>
      </trkpt>
      <trkpt lat="46.1345" lon="6.75147">
        <ele>1598</ele>
        <time>2026-07-02T20:14:53+00:00</time>
      </trkpt>
      <trkpt lat="46.1345" lon="6.75147">
        <ele>1598</ele>
        <time>2026-07-02T20:14:56+00:00</time>
      </trkpt>
      <trkpt lat="46.13453" lon="6.75158">
        <ele>1600</ele>
        <time>2026-07-02T20:14:59+00:00</time>
      </trkpt>
      <trkpt lat="46.13456" lon="6.75167">
        <ele>1601</ele>
        <time>2026-07-02T20:15:02+00:00</time>
      </trkpt>
      <trkpt lat="46.13462" lon="6.7518">
        <ele>1607</ele>
        <time>2026-07-02T20:15:05+00:00</time>
      </trkpt>
      <trkpt lat="46.13467" lon="6.75192">
        <ele>1610</ele>
        <time>2026-07-02T20:15:08+00:00</time>
      </trkpt>
      <trkpt lat="46.1347" lon="6.752">
        <ele>1612</ele>
        <time>2026-07-02T20:15:11+00:00</time>
      </trkpt>
      <trkpt lat="46.13471" lon="6.75212">
        <ele>1614</ele>
        <time>2026-07-02T20:15:14+00:00</time>
      </trkpt>
      <trkpt lat="46.13471" lon="6.75224">
        <ele>1614</ele>
        <time>2026-07-02T20:15:17+00:00</time>
      </trkpt>
      <trkpt lat="46.1347" lon="6.75241">
        <ele>1616</ele>
        <time>2026-07-02T20:15:20+00:00</time>
      </trkpt>
      <trkpt lat="46.13472" lon="6.75251">
        <ele>1617</ele>
        <time>2026-07-02T20:15:23+00:00</time>
      </trkpt>
      <trkpt lat="46.1348" lon="6.75255">
        <ele>1615</ele>
        <time>2026-07-02T20:15:26+00:00</time>
      </trkpt>
      <trkpt lat="46.13488" lon="6.75258">
        <ele>1616</ele>
        <time>2026-07-02T20:15:29+00:00</time>
      </trkpt>
      <trkpt lat="46.13501" lon="6.75261">
        <ele>1616</ele>
        <time>2026-07-02T20:15:32+00:00</time>
      </trkpt>
      <trkpt lat="46.13511" lon="6.7526">
        <ele>1615</ele>
        <time>2026-07-02T20:15:35+00:00</time>
      </trkpt>
      <trkpt lat="46.13518" lon="6.75254">
        <ele>1615</ele>
        <time>2026-07-02T20:15:38+00:00</time>
      </trkpt>
      <trkpt lat="46.13524" lon="6.75246">
        <ele>1616</ele>
        <time>2026-07-02T20:15:41+00:00</time>
      </trkpt>
      <trkpt lat="46.13531" lon="6.75243">
        <ele>1617</ele>
        <time>2026-07-02T20:15:44+00:00</time>
      </trkpt>
      <trkpt lat="46.13536" lon="6.75242">
        <ele>1617</ele>
        <time>2026-07-02T20:15:47+00:00</time>
      </trkpt>
      <trkpt lat="46.13543" lon="6.75243">
        <ele>1616</ele>
        <time>2026-07-02T20:15:50+00:00</time>
      </trkpt>
      <trkpt lat="46.13548" lon="6.75243">
        <ele>1616</ele>
        <time>2026-07-02T20:15:53+00:00</time>
      </trkpt>
      <trkpt lat="46.13555" lon="6.75244">
        <ele>1614</ele>
        <time>2026-07-02T20:15:56+00:00</time>
      </trkpt>
      <trkpt lat="46.13563" lon="6.75245">
        <ele>1612</ele>
        <time>2026-07-02T20:15:59+00:00</time>
      </trkpt>
      <trkpt lat="46.13565" lon="6.75243">
        <ele>1612</ele>
        <time>2026-07-02T20:16:02+00:00</time>
      </trkpt>
      <trkpt lat="46.13569" lon="6.75242">
        <ele>1612</ele>
        <time>2026-07-02T20:16:05+00:00</time>
      </trkpt>
      <trkpt lat="46.13575" lon="6.75244">
        <ele>1611</ele>
        <time>2026-07-02T20:16:08+00:00</time>
      </trkpt>
      <trkpt lat="46.13579" lon="6.75243">
        <ele>1611</ele>
        <time>2026-07-02T20:16:11+00:00</time>
      </trkpt>
      <trkpt lat="46.13585" lon="6.75241">
        <ele>1611</ele>
        <time>2026-07-02T20:16:14+00:00</time>
      </trkpt>
      <trkpt lat="46.1359" lon="6.75237">
        <ele>1607</ele>
        <time>2026-07-02T20:16:17+00:00</time>
      </trkpt>
      <trkpt lat="46.13594" lon="6.75235">
        <ele>1606</ele>
        <time>2026-07-02T20:16:20+00:00</time>
      </trkpt>
      <trkpt lat="46.13601" lon="6.75231">
        <ele>1609</ele>
        <time>2026-07-02T20:16:23+00:00</time>
      </trkpt>
      <trkpt lat="46.13608" lon="6.75228">
        <ele>1609</ele>
        <time>2026-07-02T20:16:26+00:00</time>
      </trkpt>
      <trkpt lat="46.13613" lon="6.75228">
        <ele>1608</ele>
        <time>2026-07-02T20:16:29+00:00</time>
      </trkpt>
      <trkpt lat="46.1362" lon="6.75226">
        <ele>1608</ele>
        <time>2026-07-02T20:16:32+00:00</time>
      </trkpt>
      <trkpt lat="46.13621" lon="6.75226">
        <ele>1607</ele>
        <time>2026-07-02T20:16:35+00:00</time>
      </trkpt>
      <trkpt lat="46.13628" lon="6.7522">
        <ele>1607</ele>
        <time>2026-07-02T20:16:38+00:00</time>
      </trkpt>
      <trkpt lat="46.13633" lon="6.75216">
        <ele>1605</ele>
        <time>2026-07-02T20:16:41+00:00</time>
      </trkpt>
      <trkpt lat="46.13635" lon="6.75212">
        <ele>1605</ele>
        <time>2026-07-02T20:16:44+00:00</time>
      </trkpt>
      <trkpt lat="46.13642" lon="6.75204">
        <ele>1605</ele>
        <time>2026-07-02T20:16:47+00:00</time>
      </trkpt>
      <trkpt lat="46.13651" lon="6.75199">
        <ele>1603</ele>
        <time>2026-07-02T20:16:50+00:00</time>
      </trkpt>
      <trkpt lat="46.13656" lon="6.75197">
        <ele>1598</ele>
        <time>2026-07-02T20:16:53+00:00</time>
      </trkpt>
      <trkpt lat="46.13659" lon="6.75194">
        <ele>1598</ele>
        <time>2026-07-02T20:16:56+00:00</time>
      </trkpt>
      <trkpt lat="46.13665" lon="6.7519">
        <ele>1601</ele>
        <time>2026-07-02T20:16:59+00:00</time>
      </trkpt>
      <trkpt lat="46.13672" lon="6.7519">
        <ele>1600</ele>
        <time>2026-07-02T20:17:02+00:00</time>
      </trkpt>
      <trkpt lat="46.13677" lon="6.75188">
        <ele>1597</ele>
        <time>2026-07-02T20:17:05+00:00</time>
      </trkpt>
      <trkpt lat="46.13686" lon="6.75183">
        <ele>1597</ele>
        <time>2026-07-02T20:17:08+00:00</time>
      </trkpt>
      <trkpt lat="46.13692" lon="6.75181">
        <ele>1598</ele>
        <time>2026-07-02T20:17:11+00:00</time>
      </trkpt>
      <trkpt lat="46.137" lon="6.75179">
        <ele>1596</ele>
        <time>2026-07-02T20:17:14+00:00</time>
      </trkpt>
      <trkpt lat="46.13714" lon="6.75176">
        <ele>1598</ele>
        <time>2026-07-02T20:17:17+00:00</time>
      </trkpt>
      <trkpt lat="46.13728" lon="6.75177">
        <ele>1598</ele>
        <time>2026-07-02T20:17:20+00:00</time>
      </trkpt>
      <trkpt lat="46.13738" lon="6.75179">
        <ele>1599</ele>
        <time>2026-07-02T20:17:23+00:00</time>
      </trkpt>
      <trkpt lat="46.13752" lon="6.75185">
        <ele>1602</ele>
        <time>2026-07-02T20:17:26+00:00</time>
      </trkpt>
      <trkpt lat="46.1376" lon="6.75191">
        <ele>1605</ele>
        <time>2026-07-02T20:17:29+00:00</time>
      </trkpt>
      <trkpt lat="46.13782" lon="6.75204">
        <ele>1604</ele>
        <time>2026-07-02T20:17:32+00:00</time>
      </trkpt>
      <trkpt lat="46.1379" lon="6.75207">
        <ele>1605</ele>
        <time>2026-07-02T20:17:35+00:00</time>
      </trkpt>
      <trkpt lat="46.13796" lon="6.75213">
        <ele>1608</ele>
        <time>2026-07-02T20:17:38+00:00</time>
      </trkpt>
      <trkpt lat="46.13801" lon="6.75218">
        <ele>1605</ele>
        <time>2026-07-02T20:17:41+00:00</time>
      </trkpt>
      <trkpt lat="46.13805" lon="6.75218">
        <ele>1603</ele>
        <time>2026-07-02T20:17:44+00:00</time>
      </trkpt>
      <trkpt lat="46.13806" lon="6.75218">
        <ele>1603</ele>
        <time>2026-07-02T20:17:47+00:00</time>
      </trkpt>
      <trkpt lat="46.13813" lon="6.75219">
        <ele>1604</ele>
        <time>2026-07-02T20:17:50+00:00</time>
      </trkpt>
      <trkpt lat="46.13818" lon="6.75223">
        <ele>1606</ele>
        <time>2026-07-02T20:17:53+00:00</time>
      </trkpt>
      <trkpt lat="46.13822" lon="6.75227">
        <ele>1607</ele>
        <time>2026-07-02T20:17:56+00:00</time>
      </trkpt>
      <trkpt lat="46.1383" lon="6.7523">
        <ele>1607</ele>
        <time>2026-07-02T20:17:59+00:00</time>
      </trkpt>
      <trkpt lat="46.1384" lon="6.75232">
        <ele>1608</ele>
        <time>2026-07-02T20:18:02+00:00</time>
      </trkpt>
      <trkpt lat="46.13853" lon="6.75235">
        <ele>1607</ele>
        <time>2026-07-02T20:18:05+00:00</time>
      </trkpt>
      <trkpt lat="46.13872" lon="6.75243">
        <ele>1609</ele>
        <time>2026-07-02T20:18:08+00:00</time>
      </trkpt>
      <trkpt lat="46.1389" lon="6.75248">
        <ele>1609</ele>
        <time>2026-07-02T20:18:11+00:00</time>
      </trkpt>
      <trkpt lat="46.13899" lon="6.75247">
        <ele>1609</ele>
        <time>2026-07-02T20:18:14+00:00</time>
      </trkpt>
      <trkpt lat="46.13905" lon="6.75242">
        <ele>1610</ele>
        <time>2026-07-02T20:18:17+00:00</time>
      </trkpt>
      <trkpt lat="46.13917" lon="6.75231">
        <ele>1605</ele>
        <time>2026-07-02T20:18:20+00:00</time>
      </trkpt>
      <trkpt lat="46.13928" lon="6.75231">
        <ele>1604</ele>
        <time>2026-07-02T20:18:23+00:00</time>
      </trkpt>
      <trkpt lat="46.13937" lon="6.75234">
        <ele>1604</ele>
        <time>2026-07-02T20:18:26+00:00</time>
      </trkpt>
      <trkpt lat="46.13954" lon="6.75242">
        <ele>1605</ele>
        <time>2026-07-02T20:18:29+00:00</time>
      </trkpt>
      <trkpt lat="46.13969" lon="6.75247">
        <ele>1603</ele>
        <time>2026-07-02T20:18:32+00:00</time>
      </trkpt>
      <trkpt lat="46.1398" lon="6.75258">
        <ele>1602</ele>
        <time>2026-07-02T20:18:35+00:00</time>
      </trkpt>
      <trkpt lat="46.13987" lon="6.75269">
        <ele>1599</ele>
        <time>2026-07-02T20:18:38+00:00</time>
      </trkpt>
      <trkpt lat="46.13995" lon="6.75287">
        <ele>1596</ele>
        <time>2026-07-02T20:18:41+00:00</time>
      </trkpt>
      <trkpt lat="46.14001" lon="6.75308">
        <ele>1596</ele>
        <time>2026-07-02T20:18:44+00:00</time>
      </trkpt>
      <trkpt lat="46.14005" lon="6.75327">
        <ele>1591</ele>
        <time>2026-07-02T20:18:47+00:00</time>
      </trkpt>
      <trkpt lat="46.14009" lon="6.75347">
        <ele>1593</ele>
        <time>2026-07-02T20:18:50+00:00</time>
      </trkpt>
      <trkpt lat="46.14032" lon="6.75367">
        <ele>1582</ele>
        <time>2026-07-02T20:18:53+00:00</time>
      </trkpt>
      <trkpt lat="46.14045" lon="6.75381">
        <ele>1582</ele>
        <time>2026-07-02T20:18:56+00:00</time>
      </trkpt>
      <trkpt lat="46.14054" lon="6.75386">
        <ele>1581</ele>
        <time>2026-07-02T20:18:59+00:00</time>
      </trkpt>
      <trkpt lat="46.14063" lon="6.75379">
        <ele>1581</ele>
        <time>2026-07-02T20:19:02+00:00</time>
      </trkpt>
      <trkpt lat="46.14068" lon="6.75377">
        <ele>1581</ele>
        <time>2026-07-02T20:19:05+00:00</time>
      </trkpt>
      <trkpt lat="46.14072" lon="6.75379">
        <ele>1579</ele>
        <time>2026-07-02T20:19:08+00:00</time>
      </trkpt>
      <trkpt lat="46.14076" lon="6.75382">
        <ele>1578</ele>
        <time>2026-07-02T20:19:11+00:00</time>
      </trkpt>
      <trkpt lat="46.1408" lon="6.75389">
        <ele>1577</ele>
        <time>2026-07-02T20:19:14+00:00</time>
      </trkpt>
      <trkpt lat="46.14084" lon="6.75398">
        <ele>1575</ele>
        <time>2026-07-02T20:19:17+00:00</time>
      </trkpt>
      <trkpt lat="46.14091" lon="6.75419">
        <ele>1572</ele>
        <time>2026-07-02T20:19:20+00:00</time>
      </trkpt>
      <trkpt lat="46.14095" lon="6.75422">
        <ele>1572</ele>
        <time>2026-07-02T20:19:23+00:00</time>
      </trkpt>
      <trkpt lat="46.14104" lon="6.75426">
        <ele>1567</ele>
        <time>2026-07-02T20:19:26+00:00</time>
      </trkpt>
      <trkpt lat="46.14113" lon="6.75425">
        <ele>1565</ele>
        <time>2026-07-02T20:19:29+00:00</time>
      </trkpt>
      <trkpt lat="46.14118" lon="6.75426">
        <ele>1565</ele>
        <time>2026-07-02T20:19:32+00:00</time>
      </trkpt>
      <trkpt lat="46.14122" lon="6.75427">
        <ele>1563</ele>
        <time>2026-07-02T20:19:35+00:00</time>
      </trkpt>
      <trkpt lat="46.14124" lon="6.75424">
        <ele>1563</ele>
        <time>2026-07-02T20:19:38+00:00</time>
      </trkpt>
      <trkpt lat="46.14125" lon="6.75419">
        <ele>1560</ele>
        <time>2026-07-02T20:19:41+00:00</time>
      </trkpt>
      <trkpt lat="46.14122" lon="6.75411">
        <ele>1560</ele>
        <time>2026-07-02T20:19:44+00:00</time>
      </trkpt>
      <trkpt lat="46.14121" lon="6.75404">
        <ele>1559</ele>
        <time>2026-07-02T20:19:47+00:00</time>
      </trkpt>
      <trkpt lat="46.14122" lon="6.75397">
        <ele>1560</ele>
        <time>2026-07-02T20:19:50+00:00</time>
      </trkpt>
      <trkpt lat="46.14126" lon="6.7539">
        <ele>1560</ele>
        <time>2026-07-02T20:19:53+00:00</time>
      </trkpt>
      <trkpt lat="46.14133" lon="6.75383">
        <ele>1557</ele>
        <time>2026-07-02T20:19:56+00:00</time>
      </trkpt>
      <trkpt lat="46.14143" lon="6.75372">
        <ele>1552</ele>
        <time>2026-07-02T20:19:59+00:00</time>
      </trkpt>
      <trkpt lat="46.1415" lon="6.75367">
        <ele>1552</ele>
        <time>2026-07-02T20:20:02+00:00</time>
      </trkpt>
      <trkpt lat="46.14153" lon="6.75368">
        <ele>1549</ele>
        <time>2026-07-02T20:20:05+00:00</time>
      </trkpt>
      <trkpt lat="46.14159" lon="6.75377">
        <ele>1550</ele>
        <time>2026-07-02T20:20:08+00:00</time>
      </trkpt>
      <trkpt lat="46.14161" lon="6.75383">
        <ele>1545</ele>
        <time>2026-07-02T20:20:11+00:00</time>
      </trkpt>
      <trkpt lat="46.14167" lon="6.75397">
        <ele>1544</ele>
        <time>2026-07-02T20:20:14+00:00</time>
      </trkpt>
      <trkpt lat="46.14173" lon="6.75406">
        <ele>1541</ele>
        <time>2026-07-02T20:20:17+00:00</time>
      </trkpt>
      <trkpt lat="46.14183" lon="6.75418">
        <ele>1539</ele>
        <time>2026-07-02T20:20:20+00:00</time>
      </trkpt>
      <trkpt lat="46.14194" lon="6.75429">
        <ele>1535</ele>
        <time>2026-07-02T20:20:23+00:00</time>
      </trkpt>
      <trkpt lat="46.14199" lon="6.75437">
        <ele>1535</ele>
        <time>2026-07-02T20:20:26+00:00</time>
      </trkpt>
      <trkpt lat="46.1421" lon="6.75444">
        <ele>1532</ele>
        <time>2026-07-02T20:20:29+00:00</time>
      </trkpt>
      <trkpt lat="46.14217" lon="6.75453">
        <ele>1533</ele>
        <time>2026-07-02T20:20:32+00:00</time>
      </trkpt>
      <trkpt lat="46.14219" lon="6.75465">
        <ele>1534</ele>
        <time>2026-07-02T20:20:35+00:00</time>
      </trkpt>
      <trkpt lat="46.14225" lon="6.75474">
        <ele>1525</ele>
        <time>2026-07-02T20:20:38+00:00</time>
      </trkpt>
      <trkpt lat="46.14236" lon="6.75478">
        <ele>1522</ele>
        <time>2026-07-02T20:20:41+00:00</time>
      </trkpt>
      <trkpt lat="46.14249" lon="6.75482">
        <ele>1519</ele>
        <time>2026-07-02T20:20:44+00:00</time>
      </trkpt>
      <trkpt lat="46.14267" lon="6.75489">
        <ele>1514</ele>
        <time>2026-07-02T20:20:47+00:00</time>
      </trkpt>
      <trkpt lat="46.14287" lon="6.75497">
        <ele>1506</ele>
        <time>2026-07-02T20:20:50+00:00</time>
      </trkpt>
      <trkpt lat="46.14295" lon="6.75499">
        <ele>1504</ele>
        <time>2026-07-02T20:20:53+00:00</time>
      </trkpt>
      <trkpt lat="46.14299" lon="6.75504">
        <ele>1505</ele>
        <time>2026-07-02T20:20:56+00:00</time>
      </trkpt>
      <trkpt lat="46.14307" lon="6.75511">
        <ele>1503</ele>
        <time>2026-07-02T20:20:59+00:00</time>
      </trkpt>
      <trkpt lat="46.14315" lon="6.75529">
        <ele>1499</ele>
        <time>2026-07-02T20:21:02+00:00</time>
      </trkpt>
      <trkpt lat="46.14322" lon="6.75544">
        <ele>1495</ele>
        <time>2026-07-02T20:21:05+00:00</time>
      </trkpt>
      <trkpt lat="46.14336" lon="6.75572">
        <ele>1492</ele>
        <time>2026-07-02T20:21:08+00:00</time>
      </trkpt>
      <trkpt lat="46.14353" lon="6.75603">
        <ele>1484</ele>
        <time>2026-07-02T20:21:11+00:00</time>
      </trkpt>
      <trkpt lat="46.14363" lon="6.75619">
        <ele>1480</ele>
        <time>2026-07-02T20:21:14+00:00</time>
      </trkpt>
      <trkpt lat="46.14369" lon="6.75629">
        <ele>1480</ele>
        <time>2026-07-02T20:21:17+00:00</time>
      </trkpt>
      <trkpt lat="46.14372" lon="6.75637">
        <ele>1476</ele>
        <time>2026-07-02T20:21:20+00:00</time>
      </trkpt>
      <trkpt lat="46.14376" lon="6.75646">
        <ele>1474</ele>
        <time>2026-07-02T20:21:23+00:00</time>
      </trkpt>
      <trkpt lat="46.14382" lon="6.7565">
        <ele>1473</ele>
        <time>2026-07-02T20:21:26+00:00</time>
      </trkpt>
      <trkpt lat="46.14385" lon="6.75657">
        <ele>1472</ele>
        <time>2026-07-02T20:21:29+00:00</time>
      </trkpt>
      <trkpt lat="46.14387" lon="6.75669">
        <ele>1472</ele>
        <time>2026-07-02T20:21:32+00:00</time>
      </trkpt>
      <trkpt lat="46.14388" lon="6.75677">
        <ele>1472</ele>
        <time>2026-07-02T20:21:35+00:00</time>
      </trkpt>
      <trkpt lat="46.14386" lon="6.75683">
        <ele>1473</ele>
        <time>2026-07-02T20:21:38+00:00</time>
      </trkpt>
      <trkpt lat="46.14384" lon="6.75691">
        <ele>1469</ele>
        <time>2026-07-02T20:21:41+00:00</time>
      </trkpt>
      <trkpt lat="46.1437" lon="6.75711">
        <ele>1469</ele>
        <time>2026-07-02T20:21:44+00:00</time>
      </trkpt>
      <trkpt lat="46.14363" lon="6.75715">
        <ele>1468</ele>
        <time>2026-07-02T20:21:47+00:00</time>
      </trkpt>
      <trkpt lat="46.1435" lon="6.75731">
        <ele>1467</ele>
        <time>2026-07-02T20:21:50+00:00</time>
      </trkpt>
      <trkpt lat="46.14347" lon="6.75737">
        <ele>1467</ele>
        <time>2026-07-02T20:21:53+00:00</time>
      </trkpt>
      <trkpt lat="46.14341" lon="6.75766">
        <ele>1464</ele>
        <time>2026-07-02T20:21:56+00:00</time>
      </trkpt>
      <trkpt lat="46.14338" lon="6.75776">
        <ele>1466</ele>
        <time>2026-07-02T20:21:59+00:00</time>
      </trkpt>
      <trkpt lat="46.1433" lon="6.75799">
        <ele>1465</ele>
        <time>2026-07-02T20:22:02+00:00</time>
      </trkpt>
      <trkpt lat="46.14325" lon="6.75824">
        <ele>1466</ele>
        <time>2026-07-02T20:22:05+00:00</time>
      </trkpt>
      <trkpt lat="46.14321" lon="6.75837">
        <ele>1466</ele>
        <time>2026-07-02T20:22:08+00:00</time>
      </trkpt>
      <trkpt lat="46.14317" lon="6.75851">
        <ele>1471</ele>
        <time>2026-07-02T20:22:11+00:00</time>
      </trkpt>
      <trkpt lat="46.14312" lon="6.75862">
        <ele>1469</ele>
        <time>2026-07-02T20:22:14+00:00</time>
      </trkpt>
      <trkpt lat="46.1431" lon="6.75875">
        <ele>1469</ele>
        <time>2026-07-02T20:22:17+00:00</time>
      </trkpt>
      <trkpt lat="46.14305" lon="6.75891">
        <ele>1471</ele>
        <time>2026-07-02T20:22:20+00:00</time>
      </trkpt>
      <trkpt lat="46.143" lon="6.75905">
        <ele>1475</ele>
        <time>2026-07-02T20:22:23+00:00</time>
      </trkpt>
      <trkpt lat="46.14296" lon="6.75911">
        <ele>1473</ele>
        <time>2026-07-02T20:22:26+00:00</time>
      </trkpt>
      <trkpt lat="46.14293" lon="6.75917">
        <ele>1468</ele>
        <time>2026-07-02T20:22:29+00:00</time>
      </trkpt>
      <trkpt lat="46.1429" lon="6.7593">
        <ele>1470</ele>
        <time>2026-07-02T20:22:32+00:00</time>
      </trkpt>
      <trkpt lat="46.14285" lon="6.75942">
        <ele>1466</ele>
        <time>2026-07-02T20:22:35+00:00</time>
      </trkpt>
      <trkpt lat="46.14279" lon="6.75951">
        <ele>1468</ele>
        <time>2026-07-02T20:22:38+00:00</time>
      </trkpt>
      <trkpt lat="46.1427" lon="6.75963">
        <ele>1465</ele>
        <time>2026-07-02T20:22:41+00:00</time>
      </trkpt>
      <trkpt lat="46.1426" lon="6.75972">
        <ele>1460</ele>
        <time>2026-07-02T20:22:44+00:00</time>
      </trkpt>
      <trkpt lat="46.14255" lon="6.75975">
        <ele>1463</ele>
        <time>2026-07-02T20:22:47+00:00</time>
      </trkpt>
      <trkpt lat="46.14249" lon="6.75983">
        <ele>1464</ele>
        <time>2026-07-02T20:22:50+00:00</time>
      </trkpt>
      <trkpt lat="46.1424" lon="6.75993">
        <ele>1461</ele>
        <time>2026-07-02T20:22:53+00:00</time>
      </trkpt>
      <trkpt lat="46.14223" lon="6.76009">
        <ele>1464</ele>
        <time>2026-07-02T20:22:56+00:00</time>
      </trkpt>
      <trkpt lat="46.14209" lon="6.76023">
        <ele>1463</ele>
        <time>2026-07-02T20:22:59+00:00</time>
      </trkpt>
      <trkpt lat="46.14198" lon="6.76035">
        <ele>1465</ele>
        <time>2026-07-02T20:23:02+00:00</time>
      </trkpt>
      <trkpt lat="46.14188" lon="6.76047">
        <ele>1468</ele>
        <time>2026-07-02T20:23:05+00:00</time>
      </trkpt>
      <trkpt lat="46.1418" lon="6.76058">
        <ele>1466</ele>
        <time>2026-07-02T20:23:08+00:00</time>
      </trkpt>
      <trkpt lat="46.14172" lon="6.76069">
        <ele>1466</ele>
        <time>2026-07-02T20:23:11+00:00</time>
      </trkpt>
      <trkpt lat="46.14166" lon="6.7608">
        <ele>1465</ele>
        <time>2026-07-02T20:23:14+00:00</time>
      </trkpt>
      <trkpt lat="46.14162" lon="6.76086">
        <ele>1463</ele>
        <time>2026-07-02T20:23:17+00:00</time>
      </trkpt>
      <trkpt lat="46.14153" lon="6.76096">
        <ele>1465</ele>
        <time>2026-07-02T20:23:20+00:00</time>
      </trkpt>
      <trkpt lat="46.14142" lon="6.76108">
        <ele>1465</ele>
        <time>2026-07-02T20:23:23+00:00</time>
      </trkpt>
      <trkpt lat="46.14135" lon="6.76116">
        <ele>1462</ele>
        <time>2026-07-02T20:23:26+00:00</time>
      </trkpt>
      <trkpt lat="46.14127" lon="6.76129">
        <ele>1462</ele>
        <time>2026-07-02T20:23:29+00:00</time>
      </trkpt>
      <trkpt lat="46.1412" lon="6.76142">
        <ele>1457</ele>
        <time>2026-07-02T20:23:32+00:00</time>
      </trkpt>
      <trkpt lat="46.14115" lon="6.76151">
        <ele>1464</ele>
        <time>2026-07-02T20:23:35+00:00</time>
      </trkpt>
      <trkpt lat="46.1411" lon="6.76158">
        <ele>1459</ele>
        <time>2026-07-02T20:23:38+00:00</time>
      </trkpt>
      <trkpt lat="46.14103" lon="6.76163">
        <ele>1460</ele>
        <time>2026-07-02T20:23:41+00:00</time>
      </trkpt>
      <trkpt lat="46.14095" lon="6.76169">
        <ele>1461</ele>
        <time>2026-07-02T20:23:44+00:00</time>
      </trkpt>
      <trkpt lat="46.14091" lon="6.76171">
        <ele>1457</ele>
        <time>2026-07-02T20:23:47+00:00</time>
      </trkpt>
      <trkpt lat="46.14087" lon="6.76173">
        <ele>1460</ele>
        <time>2026-07-02T20:23:50+00:00</time>
      </trkpt>
      <trkpt lat="46.14084" lon="6.76177">
        <ele>1460</ele>
        <time>2026-07-02T20:23:53+00:00</time>
      </trkpt>
      <trkpt lat="46.14083" lon="6.76182">
        <ele>1459</ele>
        <time>2026-07-02T20:23:56+00:00</time>
      </trkpt>
      <trkpt lat="46.14083" lon="6.76185">
        <ele>1459</ele>
        <time>2026-07-02T20:23:59+00:00</time>
      </trkpt>
      <trkpt lat="46.14083" lon="6.76191">
        <ele>1458</ele>
        <time>2026-07-02T20:24:02+00:00</time>
      </trkpt>
      <trkpt lat="46.14083" lon="6.76202">
        <ele>1460</ele>
        <time>2026-07-02T20:24:05+00:00</time>
      </trkpt>
      <trkpt lat="46.14082" lon="6.76216">
        <ele>1459</ele>
        <time>2026-07-02T20:24:08+00:00</time>
      </trkpt>
      <trkpt lat="46.14081" lon="6.76232">
        <ele>1458</ele>
        <time>2026-07-02T20:24:11+00:00</time>
      </trkpt>
      <trkpt lat="46.14077" lon="6.76259">
        <ele>1458</ele>
        <time>2026-07-02T20:24:14+00:00</time>
      </trkpt>
      <trkpt lat="46.14072" lon="6.76288">
        <ele>1452</ele>
        <time>2026-07-02T20:24:17+00:00</time>
      </trkpt>
      <trkpt lat="46.14066" lon="6.76321">
        <ele>1449</ele>
        <time>2026-07-02T20:24:20+00:00</time>
      </trkpt>
      <trkpt lat="46.14061" lon="6.76341">
        <ele>1446</ele>
        <time>2026-07-02T20:24:23+00:00</time>
      </trkpt>
      <trkpt lat="46.14059" lon="6.76348">
        <ele>1448</ele>
        <time>2026-07-02T20:24:26+00:00</time>
      </trkpt>
      <trkpt lat="46.14057" lon="6.76386">
        <ele>1444</ele>
        <time>2026-07-02T20:24:29+00:00</time>
      </trkpt>
      <trkpt lat="46.14055" lon="6.76424">
        <ele>1440</ele>
        <time>2026-07-02T20:24:32+00:00</time>
      </trkpt>
      <trkpt lat="46.14055" lon="6.7644">
        <ele>1438</ele>
        <time>2026-07-02T20:24:35+00:00</time>
      </trkpt>
      <trkpt lat="46.14047" lon="6.76428">
        <ele>1440</ele>
        <time>2026-07-02T20:24:38+00:00</time>
      </trkpt>
      <trkpt lat="46.14038" lon="6.76417">
        <ele>1443</ele>
        <time>2026-07-02T20:24:41+00:00</time>
      </trkpt>
      <trkpt lat="46.14028" lon="6.7641">
        <ele>1444</ele>
        <time>2026-07-02T20:24:44+00:00</time>
      </trkpt>
      <trkpt lat="46.14016" lon="6.76405">
        <ele>1446</ele>
        <time>2026-07-02T20:24:47+00:00</time>
      </trkpt>
      <trkpt lat="46.14003" lon="6.76402">
        <ele>1447</ele>
        <time>2026-07-02T20:24:50+00:00</time>
      </trkpt>
      <trkpt lat="46.13984" lon="6.764">
        <ele>1451</ele>
        <time>2026-07-02T20:24:53+00:00</time>
      </trkpt>
      <trkpt lat="46.1397" lon="6.76402">
        <ele>1451</ele>
        <time>2026-07-02T20:24:56+00:00</time>
      </trkpt>
      <trkpt lat="46.13962" lon="6.76405">
        <ele>1453</ele>
        <time>2026-07-02T20:24:59+00:00</time>
      </trkpt>
      <trkpt lat="46.13953" lon="6.76413">
        <ele>1454</ele>
        <time>2026-07-02T20:25:02+00:00</time>
      </trkpt>
      <trkpt lat="46.13938" lon="6.7643">
        <ele>1459</ele>
        <time>2026-07-02T20:25:05+00:00</time>
      </trkpt>
      <trkpt lat="46.1392" lon="6.7645">
        <ele>1464</ele>
        <time>2026-07-02T20:25:08+00:00</time>
      </trkpt>
      <trkpt lat="46.13911" lon="6.7646">
        <ele>1463</ele>
        <time>2026-07-02T20:25:11+00:00</time>
      </trkpt>
      <trkpt lat="46.13906" lon="6.76466">
        <ele>1466</ele>
        <time>2026-07-02T20:25:14+00:00</time>
      </trkpt>
      <trkpt lat="46.13901" lon="6.76476">
        <ele>1465</ele>
        <time>2026-07-02T20:25:17+00:00</time>
      </trkpt>
      <trkpt lat="46.13897" lon="6.76485">
        <ele>1466</ele>
        <time>2026-07-02T20:25:20+00:00</time>
      </trkpt>
      <trkpt lat="46.13893" lon="6.7649">
        <ele>1466</ele>
        <time>2026-07-02T20:25:23+00:00</time>
      </trkpt>
      <trkpt lat="46.13887" lon="6.76492">
        <ele>1467</ele>
        <time>2026-07-02T20:25:26+00:00</time>
      </trkpt>
      <trkpt lat="46.1388" lon="6.76492">
        <ele>1469</ele>
        <time>2026-07-02T20:25:29+00:00</time>
      </trkpt>
      <trkpt lat="46.13868" lon="6.7649">
        <ele>1474</ele>
        <time>2026-07-02T20:25:32+00:00</time>
      </trkpt>
      <trkpt lat="46.13857" lon="6.76489">
        <ele>1475</ele>
        <time>2026-07-02T20:25:35+00:00</time>
      </trkpt>
      <trkpt lat="46.13842" lon="6.76488">
        <ele>1476</ele>
        <time>2026-07-02T20:25:38+00:00</time>
      </trkpt>
      <trkpt lat="46.13832" lon="6.76488">
        <ele>1477</ele>
        <time>2026-07-02T20:25:41+00:00</time>
      </trkpt>
      <trkpt lat="46.13825" lon="6.76489">
        <ele>1479</ele>
        <time>2026-07-02T20:25:44+00:00</time>
      </trkpt>
      <trkpt lat="46.13814" lon="6.76493">
        <ele>1478</ele>
        <time>2026-07-02T20:25:47+00:00</time>
      </trkpt>
      <trkpt lat="46.13798" lon="6.76502">
        <ele>1482</ele>
        <time>2026-07-02T20:25:50+00:00</time>
      </trkpt>
      <trkpt lat="46.13788" lon="6.76509">
        <ele>1478</ele>
        <time>2026-07-02T20:25:53+00:00</time>
      </trkpt>
      <trkpt lat="46.13779" lon="6.76515">
        <ele>1479</ele>
        <time>2026-07-02T20:25:56+00:00</time>
      </trkpt>
      <trkpt lat="46.13772" lon="6.76516">
        <ele>1479</ele>
        <time>2026-07-02T20:25:59+00:00</time>
      </trkpt>
      <trkpt lat="46.13764" lon="6.76514">
        <ele>1479</ele>
        <time>2026-07-02T20:26:02+00:00</time>
      </trkpt>
      <trkpt lat="46.1376" lon="6.76511">
        <ele>1478</ele>
        <time>2026-07-02T20:26:05+00:00</time>
      </trkpt>
      <trkpt lat="46.13752" lon="6.76502">
        <ele>1485</ele>
        <time>2026-07-02T20:26:08+00:00</time>
      </trkpt>
      <trkpt lat="46.13744" lon="6.76485">
        <ele>1488</ele>
        <time>2026-07-02T20:26:11+00:00</time>
      </trkpt>
      <trkpt lat="46.13736" lon="6.76477">
        <ele>1492</ele>
        <time>2026-07-02T20:26:14+00:00</time>
      </trkpt>
      <trkpt lat="46.13729" lon="6.76474">
        <ele>1495</ele>
        <time>2026-07-02T20:26:17+00:00</time>
      </trkpt>
      <trkpt lat="46.13722" lon="6.76474">
        <ele>1495</ele>
        <time>2026-07-02T20:26:20+00:00</time>
      </trkpt>
      <trkpt lat="46.13715" lon="6.76473">
        <ele>1494</ele>
        <time>2026-07-02T20:26:23+00:00</time>
      </trkpt>
      <trkpt lat="46.13703" lon="6.76465">
        <ele>1497</ele>
        <time>2026-07-02T20:26:26+00:00</time>
      </trkpt>
      <trkpt lat="46.13697" lon="6.76462">
        <ele>1497</ele>
        <time>2026-07-02T20:26:29+00:00</time>
      </trkpt>
      <trkpt lat="46.13687" lon="6.76459">
        <ele>1501</ele>
        <time>2026-07-02T20:26:32+00:00</time>
      </trkpt>
      <trkpt lat="46.13677" lon="6.76458">
        <ele>1498</ele>
        <time>2026-07-02T20:26:35+00:00</time>
      </trkpt>
      <trkpt lat="46.13672" lon="6.7646">
        <ele>1500</ele>
        <time>2026-07-02T20:26:38+00:00</time>
      </trkpt>
      <trkpt lat="46.13671" lon="6.76463">
        <ele>1500</ele>
        <time>2026-07-02T20:26:41+00:00</time>
      </trkpt>
      <trkpt lat="46.1367" lon="6.76466">
        <ele>1505</ele>
        <time>2026-07-02T20:26:44+00:00</time>
      </trkpt>
      <trkpt lat="46.1367" lon="6.76474">
        <ele>1499</ele>
        <time>2026-07-02T20:26:47+00:00</time>
      </trkpt>
      <trkpt lat="46.13672" lon="6.76487">
        <ele>1498</ele>
        <time>2026-07-02T20:26:50+00:00</time>
      </trkpt>
      <trkpt lat="46.13672" lon="6.76494">
        <ele>1500</ele>
        <time>2026-07-02T20:26:53+00:00</time>
      </trkpt>
      <trkpt lat="46.13671" lon="6.76505">
        <ele>1500</ele>
        <time>2026-07-02T20:26:56+00:00</time>
      </trkpt>
      <trkpt lat="46.13669" lon="6.76513">
        <ele>1499</ele>
        <time>2026-07-02T20:26:59+00:00</time>
      </trkpt>
      <trkpt lat="46.13665" lon="6.76517">
        <ele>1499</ele>
        <time>2026-07-02T20:27:02+00:00</time>
      </trkpt>
      <trkpt lat="46.13659" lon="6.76521">
        <ele>1499</ele>
        <time>2026-07-02T20:27:05+00:00</time>
      </trkpt>
      <trkpt lat="46.13653" lon="6.76524">
        <ele>1499</ele>
        <time>2026-07-02T20:27:08+00:00</time>
      </trkpt>
      <trkpt lat="46.13644" lon="6.76527">
        <ele>1501</ele>
        <time>2026-07-02T20:27:11+00:00</time>
      </trkpt>
      <trkpt lat="46.13635" lon="6.76529">
        <ele>1504</ele>
        <time>2026-07-02T20:27:14+00:00</time>
      </trkpt>
      <trkpt lat="46.13628" lon="6.76527">
        <ele>1507</ele>
        <time>2026-07-02T20:27:17+00:00</time>
      </trkpt>
      <trkpt lat="46.13618" lon="6.76521">
        <ele>1509</ele>
        <time>2026-07-02T20:27:20+00:00</time>
      </trkpt>
      <trkpt lat="46.13612" lon="6.76515">
        <ele>1510</ele>
        <time>2026-07-02T20:27:23+00:00</time>
      </trkpt>
      <trkpt lat="46.13604" lon="6.76504">
        <ele>1517</ele>
        <time>2026-07-02T20:27:26+00:00</time>
      </trkpt>
      <trkpt lat="46.13601" lon="6.76502">
        <ele>1512</ele>
        <time>2026-07-02T20:27:29+00:00</time>
      </trkpt>
      <trkpt lat="46.13599" lon="6.76503">
        <ele>1519</ele>
        <time>2026-07-02T20:27:32+00:00</time>
      </trkpt>
      <trkpt lat="46.13598" lon="6.76505">
        <ele>1519</ele>
        <time>2026-07-02T20:27:35+00:00</time>
      </trkpt>
      <trkpt lat="46.13596" lon="6.76509">
        <ele>1519</ele>
        <time>2026-07-02T20:27:38+00:00</time>
      </trkpt>
      <trkpt lat="46.13596" lon="6.76518">
        <ele>1515</ele>
        <time>2026-07-02T20:27:41+00:00</time>
      </trkpt>
      <trkpt lat="46.13598" lon="6.76539">
        <ele>1516</ele>
        <time>2026-07-02T20:27:44+00:00</time>
      </trkpt>
      <trkpt lat="46.136" lon="6.76583">
        <ele>1519</ele>
        <time>2026-07-02T20:27:47+00:00</time>
      </trkpt>
      <trkpt lat="46.136" lon="6.76589">
        <ele>1524</ele>
        <time>2026-07-02T20:27:50+00:00</time>
      </trkpt>
      <trkpt lat="46.13599" lon="6.76597">
        <ele>1526</ele>
        <time>2026-07-02T20:27:53+00:00</time>
      </trkpt>
      <trkpt lat="46.13613" lon="6.76614">
        <ele>1520</ele>
        <time>2026-07-02T20:27:56+00:00</time>
      </trkpt>
      <trkpt lat="46.13622" lon="6.76621">
        <ele>1522</ele>
        <time>2026-07-02T20:27:59+00:00</time>
      </trkpt>
      <trkpt lat="46.13632" lon="6.76628">
        <ele>1521</ele>
        <time>2026-07-02T20:28:02+00:00</time>
      </trkpt>
      <trkpt lat="46.13644" lon="6.76645">
        <ele>1521</ele>
        <time>2026-07-02T20:28:05+00:00</time>
      </trkpt>
      <trkpt lat="46.13646" lon="6.76647">
        <ele>1521</ele>
        <time>2026-07-02T20:28:08+00:00</time>
      </trkpt>
      <trkpt lat="46.13667" lon="6.76658">
        <ele>1519</ele>
        <time>2026-07-02T20:28:11+00:00</time>
      </trkpt>
      <trkpt lat="46.13684" lon="6.76666">
        <ele>1516</ele>
        <time>2026-07-02T20:28:14+00:00</time>
      </trkpt>
      <trkpt lat="46.137" lon="6.76676">
        <ele>1514</ele>
        <time>2026-07-02T20:28:17+00:00</time>
      </trkpt>
      <trkpt lat="46.13708" lon="6.76686">
        <ele>1511</ele>
        <time>2026-07-02T20:28:20+00:00</time>
      </trkpt>
      <trkpt lat="46.13716" lon="6.76701">
        <ele>1506</ele>
        <time>2026-07-02T20:28:23+00:00</time>
      </trkpt>
      <trkpt lat="46.13717" lon="6.7671">
        <ele>1504</ele>
        <time>2026-07-02T20:28:26+00:00</time>
      </trkpt>
      <trkpt lat="46.13716" lon="6.76713">
        <ele>1504</ele>
        <time>2026-07-02T20:28:29+00:00</time>
      </trkpt>
      <trkpt lat="46.13715" lon="6.76716">
        <ele>1504</ele>
        <time>2026-07-02T20:28:32+00:00</time>
      </trkpt>
      <trkpt lat="46.1371" lon="6.7672">
        <ele>1501</ele>
        <time>2026-07-02T20:28:35+00:00</time>
      </trkpt>
      <trkpt lat="46.13705" lon="6.76718">
        <ele>1507</ele>
        <time>2026-07-02T20:28:38+00:00</time>
      </trkpt>
      <trkpt lat="46.13697" lon="6.76712">
        <ele>1506</ele>
        <time>2026-07-02T20:28:41+00:00</time>
      </trkpt>
      <trkpt lat="46.13684" lon="6.76709">
        <ele>1506</ele>
        <time>2026-07-02T20:28:44+00:00</time>
      </trkpt>
      <trkpt lat="46.1367" lon="6.76708">
        <ele>1509</ele>
        <time>2026-07-02T20:28:47+00:00</time>
      </trkpt>
      <trkpt lat="46.13657" lon="6.76717">
        <ele>1505</ele>
        <time>2026-07-02T20:28:50+00:00</time>
      </trkpt>
      <trkpt lat="46.1365" lon="6.76719">
        <ele>1505</ele>
        <time>2026-07-02T20:28:53+00:00</time>
      </trkpt>
      <trkpt lat="46.1364" lon="6.7672">
        <ele>1505</ele>
        <time>2026-07-02T20:28:56+00:00</time>
      </trkpt>
      <trkpt lat="46.13637" lon="6.76722">
        <ele>1499</ele>
        <time>2026-07-02T20:28:59+00:00</time>
      </trkpt>
      <trkpt lat="46.13633" lon="6.76731">
        <ele>1494</ele>
        <time>2026-07-02T20:29:02+00:00</time>
      </trkpt>
      <trkpt lat="46.1363" lon="6.76741">
        <ele>1490</ele>
        <time>2026-07-02T20:29:05+00:00</time>
      </trkpt>
      <trkpt lat="46.13626" lon="6.76747">
        <ele>1490</ele>
        <time>2026-07-02T20:29:08+00:00</time>
      </trkpt>
      <trkpt lat="46.13619" lon="6.76745">
        <ele>1491</ele>
        <time>2026-07-02T20:29:11+00:00</time>
      </trkpt>
      <trkpt lat="46.13609" lon="6.76747">
        <ele>1492</ele>
        <time>2026-07-02T20:29:14+00:00</time>
      </trkpt>
      <trkpt lat="46.13601" lon="6.7675">
        <ele>1486</ele>
        <time>2026-07-02T20:29:17+00:00</time>
      </trkpt>
      <trkpt lat="46.13594" lon="6.7676">
        <ele>1487</ele>
        <time>2026-07-02T20:29:20+00:00</time>
      </trkpt>
      <trkpt lat="46.13593" lon="6.76765">
        <ele>1484</ele>
        <time>2026-07-02T20:29:23+00:00</time>
      </trkpt>
      <trkpt lat="46.13592" lon="6.76774">
        <ele>1482</ele>
        <time>2026-07-02T20:29:26+00:00</time>
      </trkpt>
      <trkpt lat="46.13593" lon="6.76776">
        <ele>1482</ele>
        <time>2026-07-02T20:29:29+00:00</time>
      </trkpt>
      <trkpt lat="46.13602" lon="6.76793">
        <ele>1478</ele>
        <time>2026-07-02T20:29:32+00:00</time>
      </trkpt>
      <trkpt lat="46.13612" lon="6.76802">
        <ele>1476</ele>
        <time>2026-07-02T20:29:35+00:00</time>
      </trkpt>
      <trkpt lat="46.13616" lon="6.76804">
        <ele>1476</ele>
        <time>2026-07-02T20:29:38+00:00</time>
      </trkpt>
      <trkpt lat="46.13618" lon="6.76808">
        <ele>1476</ele>
        <time>2026-07-02T20:29:41+00:00</time>
      </trkpt>
      <trkpt lat="46.13624" lon="6.7682">
        <ele>1474</ele>
        <time>2026-07-02T20:29:44+00:00</time>
      </trkpt>
      <trkpt lat="46.1363" lon="6.76834">
        <ele>1474</ele>
        <time>2026-07-02T20:29:47+00:00</time>
      </trkpt>
      <trkpt lat="46.13631" lon="6.7684">
        <ele>1472</ele>
        <time>2026-07-02T20:29:50+00:00</time>
      </trkpt>
      <trkpt lat="46.13633" lon="6.76852">
        <ele>1473</ele>
        <time>2026-07-02T20:29:53+00:00</time>
      </trkpt>
      <trkpt lat="46.13636" lon="6.76864">
        <ele>1473</ele>
        <time>2026-07-02T20:29:56+00:00</time>
      </trkpt>
      <trkpt lat="46.13645" lon="6.76881">
        <ele>1472</ele>
        <time>2026-07-02T20:29:59+00:00</time>
      </trkpt>
      <trkpt lat="46.13654" lon="6.7689">
        <ele>1470</ele>
        <time>2026-07-02T20:30:02+00:00</time>
      </trkpt>
      <trkpt lat="46.13662" lon="6.76897">
        <ele>1468</ele>
        <time>2026-07-02T20:30:05+00:00</time>
      </trkpt>
      <trkpt lat="46.1367" lon="6.76909">
        <ele>1464</ele>
        <time>2026-07-02T20:30:08+00:00</time>
      </trkpt>
      <trkpt lat="46.13675" lon="6.76917">
        <ele>1465</ele>
        <time>2026-07-02T20:30:11+00:00</time>
      </trkpt>
      <trkpt lat="46.13679" lon="6.76931">
        <ele>1466</ele>
        <time>2026-07-02T20:30:14+00:00</time>
      </trkpt>
      <trkpt lat="46.13681" lon="6.76942">
        <ele>1461</ele>
        <time>2026-07-02T20:30:17+00:00</time>
      </trkpt>
      <trkpt lat="46.13681" lon="6.76956">
        <ele>1461</ele>
        <time>2026-07-02T20:30:20+00:00</time>
      </trkpt>
      <trkpt lat="46.13682" lon="6.76965">
        <ele>1459</ele>
        <time>2026-07-02T20:30:23+00:00</time>
      </trkpt>
      <trkpt lat="46.1368" lon="6.76974">
        <ele>1458</ele>
        <time>2026-07-02T20:30:26+00:00</time>
      </trkpt>
      <trkpt lat="46.13674" lon="6.77012">
        <ele>1457</ele>
        <time>2026-07-02T20:30:29+00:00</time>
      </trkpt>
      <trkpt lat="46.13671" lon="6.77019">
        <ele>1454</ele>
        <time>2026-07-02T20:30:32+00:00</time>
      </trkpt>
      <trkpt lat="46.13666" lon="6.77027">
        <ele>1455</ele>
        <time>2026-07-02T20:30:35+00:00</time>
      </trkpt>
      <trkpt lat="46.13659" lon="6.77034">
        <ele>1456</ele>
        <time>2026-07-02T20:30:38+00:00</time>
      </trkpt>
      <trkpt lat="46.13655" lon="6.7704">
        <ele>1456</ele>
        <time>2026-07-02T20:30:41+00:00</time>
      </trkpt>
      <trkpt lat="46.13655" lon="6.7705">
        <ele>1453</ele>
        <time>2026-07-02T20:30:44+00:00</time>
      </trkpt>
      <trkpt lat="46.13655" lon="6.77083">
        <ele>1457</ele>
        <time>2026-07-02T20:30:47+00:00</time>
      </trkpt>
      <trkpt lat="46.13652" lon="6.7709">
        <ele>1454</ele>
        <time>2026-07-02T20:30:50+00:00</time>
      </trkpt>
      <trkpt lat="46.13649" lon="6.771">
        <ele>1462</ele>
        <time>2026-07-02T20:30:53+00:00</time>
      </trkpt>
      <trkpt lat="46.13648" lon="6.77117">
        <ele>1453</ele>
        <time>2026-07-02T20:30:56+00:00</time>
      </trkpt>
      <trkpt lat="46.13648" lon="6.77126">
        <ele>1456</ele>
        <time>2026-07-02T20:30:59+00:00</time>
      </trkpt>
      <trkpt lat="46.13646" lon="6.77148">
        <ele>1449</ele>
        <time>2026-07-02T20:31:02+00:00</time>
      </trkpt>
      <trkpt lat="46.13642" lon="6.77156">
        <ele>1447</ele>
        <time>2026-07-02T20:31:05+00:00</time>
      </trkpt>
      <trkpt lat="46.13639" lon="6.77161">
        <ele>1451</ele>
        <time>2026-07-02T20:31:08+00:00</time>
      </trkpt>
      <trkpt lat="46.13635" lon="6.77165">
        <ele>1451</ele>
        <time>2026-07-02T20:31:11+00:00</time>
      </trkpt>
      <trkpt lat="46.13629" lon="6.7717">
        <ele>1449</ele>
        <time>2026-07-02T20:31:14+00:00</time>
      </trkpt>
      <trkpt lat="46.13626" lon="6.77174">
        <ele>1449</ele>
        <time>2026-07-02T20:31:17+00:00</time>
      </trkpt>
      <trkpt lat="46.13623" lon="6.77181">
        <ele>1445</ele>
        <time>2026-07-02T20:31:20+00:00</time>
      </trkpt>
      <trkpt lat="46.13622" lon="6.77186">
        <ele>1445</ele>
        <time>2026-07-02T20:31:23+00:00</time>
      </trkpt>
      <trkpt lat="46.13623" lon="6.77195">
        <ele>1442</ele>
        <time>2026-07-02T20:31:26+00:00</time>
      </trkpt>
      <trkpt lat="46.13623" lon="6.77204">
        <ele>1442</ele>
        <time>2026-07-02T20:31:29+00:00</time>
      </trkpt>
      <trkpt lat="46.13623" lon="6.77209">
        <ele>1442</ele>
        <time>2026-07-02T20:31:32+00:00</time>
      </trkpt>
      <trkpt lat="46.1362" lon="6.77214">
        <ele>1441</ele>
        <time>2026-07-02T20:31:35+00:00</time>
      </trkpt>
      <trkpt lat="46.1362" lon="6.77216">
        <ele>1446</ele>
        <time>2026-07-02T20:31:38+00:00</time>
      </trkpt>
      <trkpt lat="46.1362" lon="6.77217">
        <ele>1446</ele>
        <time>2026-07-02T20:31:41+00:00</time>
      </trkpt>
      <trkpt lat="46.13621" lon="6.77221">
        <ele>1441</ele>
        <time>2026-07-02T20:31:44+00:00</time>
      </trkpt>
      <trkpt lat="46.13622" lon="6.77228">
        <ele>1441</ele>
        <time>2026-07-02T20:31:47+00:00</time>
      </trkpt>
      <trkpt lat="46.13623" lon="6.7723">
        <ele>1441</ele>
        <time>2026-07-02T20:31:50+00:00</time>
      </trkpt>
      <trkpt lat="46.13623" lon="6.77232">
        <ele>1441</ele>
        <time>2026-07-02T20:31:53+00:00</time>
      </trkpt>
      <trkpt lat="46.13624" lon="6.77237">
        <ele>1441</ele>
        <time>2026-07-02T20:31:56+00:00</time>
      </trkpt>
      <trkpt lat="46.13624" lon="6.77248">
        <ele>1441</ele>
        <time>2026-07-02T20:31:59+00:00</time>
      </trkpt>
      <trkpt lat="46.13625" lon="6.77255">
        <ele>1440</ele>
        <time>2026-07-02T20:32:02+00:00</time>
      </trkpt>
      <trkpt lat="46.13625" lon="6.77259">
        <ele>1440</ele>
        <time>2026-07-02T20:32:05+00:00</time>
      </trkpt>
      <trkpt lat="46.13626" lon="6.77262">
        <ele>1440</ele>
        <time>2026-07-02T20:32:08+00:00</time>
      </trkpt>
      <trkpt lat="46.13626" lon="6.7727">
        <ele>1441</ele>
        <time>2026-07-02T20:32:11+00:00</time>
      </trkpt>
      <trkpt lat="46.13628" lon="6.7728">
        <ele>1441</ele>
        <time>2026-07-02T20:32:14+00:00</time>
      </trkpt>
      <trkpt lat="46.13629" lon="6.77289">
        <ele>1442</ele>
        <time>2026-07-02T20:32:17+00:00</time>
      </trkpt>
      <trkpt lat="46.1363" lon="6.77293">
        <ele>1442</ele>
        <time>2026-07-02T20:32:20+00:00</time>
      </trkpt>
      <trkpt lat="46.1363" lon="6.77297">
        <ele>1442</ele>
        <time>2026-07-02T20:32:23+00:00</time>
      </trkpt>
      <trkpt lat="46.13631" lon="6.77301">
        <ele>1438</ele>
        <time>2026-07-02T20:32:26+00:00</time>
      </trkpt>
      <trkpt lat="46.13632" lon="6.77307">
        <ele>1438</ele>
        <time>2026-07-02T20:32:29+00:00</time>
      </trkpt>
      <trkpt lat="46.13632" lon="6.7731">
        <ele>1439</ele>
        <time>2026-07-02T20:32:32+00:00</time>
      </trkpt>
      <trkpt lat="46.13633" lon="6.77314">
        <ele>1439</ele>
        <time>2026-07-02T20:32:35+00:00</time>
      </trkpt>
      <trkpt lat="46.13634" lon="6.77318">
        <ele>1439</ele>
        <time>2026-07-02T20:32:38+00:00</time>
      </trkpt>
      <trkpt lat="46.13636" lon="6.77321">
        <ele>1440</ele>
        <time>2026-07-02T20:32:41+00:00</time>
      </trkpt>
      <trkpt lat="46.13639" lon="6.77327">
        <ele>1440</ele>
        <time>2026-07-02T20:32:44+00:00</time>
      </trkpt>
      <trkpt lat="46.13642" lon="6.77334">
        <ele>1435</ele>
        <time>2026-07-02T20:32:47+00:00</time>
      </trkpt>
      <trkpt lat="46.13643" lon="6.77338">
        <ele>1435</ele>
        <time>2026-07-02T20:32:50+00:00</time>
      </trkpt>
      <trkpt lat="46.13647" lon="6.77343">
        <ele>1437</ele>
        <time>2026-07-02T20:32:53+00:00</time>
      </trkpt>
      <trkpt lat="46.1365" lon="6.77353">
        <ele>1438</ele>
        <time>2026-07-02T20:32:56+00:00</time>
      </trkpt>
      <trkpt lat="46.13652" lon="6.77358">
        <ele>1436</ele>
        <time>2026-07-02T20:32:59+00:00</time>
      </trkpt>
      <trkpt lat="46.13654" lon="6.77363">
        <ele>1436</ele>
        <time>2026-07-02T20:33:02+00:00</time>
      </trkpt>
      <trkpt lat="46.13656" lon="6.77365">
        <ele>1436</ele>
        <time>2026-07-02T20:33:05+00:00</time>
      </trkpt>
      <trkpt lat="46.13657" lon="6.77369">
        <ele>1436</ele>
        <time>2026-07-02T20:33:08+00:00</time>
      </trkpt>
      <trkpt lat="46.13658" lon="6.77373">
        <ele>1437</ele>
        <time>2026-07-02T20:33:11+00:00</time>
      </trkpt>
      <trkpt lat="46.13657" lon="6.77378">
        <ele>1437</ele>
        <time>2026-07-02T20:33:14+00:00</time>
      </trkpt>
      <trkpt lat="46.13655" lon="6.77382">
        <ele>1436</ele>
        <time>2026-07-02T20:33:17+00:00</time>
      </trkpt>
      <trkpt lat="46.13655" lon="6.77386">
        <ele>1438</ele>
        <time>2026-07-02T20:33:20+00:00</time>
      </trkpt>
      <trkpt lat="46.13656" lon="6.77388">
        <ele>1438</ele>
        <time>2026-07-02T20:33:23+00:00</time>
      </trkpt>
      <trkpt lat="46.13657" lon="6.77391">
        <ele>1440</ele>
        <time>2026-07-02T20:33:26+00:00</time>
      </trkpt>
      <trkpt lat="46.1366" lon="6.77392">
        <ele>1436</ele>
        <time>2026-07-02T20:33:29+00:00</time>
      </trkpt>
      <trkpt lat="46.13663" lon="6.77394">
        <ele>1436</ele>
        <time>2026-07-02T20:33:32+00:00</time>
      </trkpt>
      <trkpt lat="46.13665" lon="6.77397">
        <ele>1436</ele>
        <time>2026-07-02T20:33:35+00:00</time>
      </trkpt>
      <trkpt lat="46.13667" lon="6.77402">
        <ele>1433</ele>
        <time>2026-07-02T20:33:38+00:00</time>
      </trkpt>
      <trkpt lat="46.13667" lon="6.77407">
        <ele>1437</ele>
        <time>2026-07-02T20:33:41+00:00</time>
      </trkpt>
      <trkpt lat="46.13668" lon="6.77416">
        <ele>1438</ele>
        <time>2026-07-02T20:33:44+00:00</time>
      </trkpt>
      <trkpt lat="46.1367" lon="6.77425">
        <ele>1431</ele>
        <time>2026-07-02T20:33:47+00:00</time>
      </trkpt>
      <trkpt lat="46.13672" lon="6.77436">
        <ele>1435</ele>
        <time>2026-07-02T20:33:50+00:00</time>
      </trkpt>
      <trkpt lat="46.13672" lon="6.77443">
        <ele>1431</ele>
        <time>2026-07-02T20:33:53+00:00</time>
      </trkpt>
      <trkpt lat="46.1367" lon="6.77459">
        <ele>1431</ele>
        <time>2026-07-02T20:33:56+00:00</time>
      </trkpt>
      <trkpt lat="46.13669" lon="6.77469">
        <ele>1435</ele>
        <time>2026-07-02T20:33:59+00:00</time>
      </trkpt>
      <trkpt lat="46.13668" lon="6.77477">
        <ele>1436</ele>
        <time>2026-07-02T20:34:02+00:00</time>
      </trkpt>
      <trkpt lat="46.13668" lon="6.77492">
        <ele>1435</ele>
        <time>2026-07-02T20:34:05+00:00</time>
      </trkpt>
      <trkpt lat="46.13668" lon="6.77497">
        <ele>1435</ele>
        <time>2026-07-02T20:34:08+00:00</time>
      </trkpt>
      <trkpt lat="46.13668" lon="6.77504">
        <ele>1434</ele>
        <time>2026-07-02T20:34:11+00:00</time>
      </trkpt>
      <trkpt lat="46.13669" lon="6.77509">
        <ele>1434</ele>
        <time>2026-07-02T20:34:14+00:00</time>
      </trkpt>
      <trkpt lat="46.13669" lon="6.77512">
        <ele>1434</ele>
        <time>2026-07-02T20:34:17+00:00</time>
      </trkpt>
      <trkpt lat="46.13669" lon="6.77521">
        <ele>1434</ele>
        <time>2026-07-02T20:34:20+00:00</time>
      </trkpt>
      <trkpt lat="46.1367" lon="6.77529">
        <ele>1434</ele>
        <time>2026-07-02T20:34:23+00:00</time>
      </trkpt>
      <trkpt lat="46.1367" lon="6.77534">
        <ele>1426</ele>
        <time>2026-07-02T20:34:26+00:00</time>
      </trkpt>
      <trkpt lat="46.1367" lon="6.77538">
        <ele>1434</ele>
        <time>2026-07-02T20:34:29+00:00</time>
      </trkpt>
      <trkpt lat="46.13669" lon="6.77546">
        <ele>1434</ele>
        <time>2026-07-02T20:34:32+00:00</time>
      </trkpt>
      <trkpt lat="46.13669" lon="6.7755">
        <ele>1434</ele>
        <time>2026-07-02T20:34:35+00:00</time>
      </trkpt>
      <trkpt lat="46.13669" lon="6.77555">
        <ele>1434</ele>
        <time>2026-07-02T20:34:38+00:00</time>
      </trkpt>
      <trkpt lat="46.13668" lon="6.77562">
        <ele>1434</ele>
        <time>2026-07-02T20:34:41+00:00</time>
      </trkpt>
      <trkpt lat="46.13668" lon="6.77568">
        <ele>1434</ele>
        <time>2026-07-02T20:34:44+00:00</time>
      </trkpt>
      <trkpt lat="46.13668" lon="6.7757">
        <ele>1434</ele>
        <time>2026-07-02T20:34:47+00:00</time>
      </trkpt>
      <trkpt lat="46.13668" lon="6.77576">
        <ele>1434</ele>
        <time>2026-07-02T20:34:50+00:00</time>
      </trkpt>
      <trkpt lat="46.13669" lon="6.77579">
        <ele>1434</ele>
        <time>2026-07-02T20:34:53+00:00</time>
      </trkpt>
      <trkpt lat="46.13669" lon="6.77583">
        <ele>1435</ele>
        <time>2026-07-02T20:34:56+00:00</time>
      </trkpt>
      <trkpt lat="46.13671" lon="6.77589">
        <ele>1424</ele>
        <time>2026-07-02T20:34:59+00:00</time>
      </trkpt>
      <trkpt lat="46.13673" lon="6.77595">
        <ele>1426</ele>
        <time>2026-07-02T20:35:02+00:00</time>
      </trkpt>
      <trkpt lat="46.13677" lon="6.77601">
        <ele>1429</ele>
        <time>2026-07-02T20:35:05+00:00</time>
      </trkpt>
      <trkpt lat="46.13682" lon="6.77612">
        <ele>1424</ele>
        <time>2026-07-02T20:35:08+00:00</time>
      </trkpt>
      <trkpt lat="46.13685" lon="6.77618">
        <ele>1424</ele>
        <time>2026-07-02T20:35:11+00:00</time>
      </trkpt>
      <trkpt lat="46.13688" lon="6.77624">
        <ele>1426</ele>
        <time>2026-07-02T20:35:14+00:00</time>
      </trkpt>
      <trkpt lat="46.13688" lon="6.77627">
        <ele>1426</ele>
        <time>2026-07-02T20:35:17+00:00</time>
      </trkpt>
      <trkpt lat="46.1369" lon="6.77633">
        <ele>1423</ele>
        <time>2026-07-02T20:35:20+00:00</time>
      </trkpt>
      <trkpt lat="46.13693" lon="6.7764">
        <ele>1425</ele>
        <time>2026-07-02T20:35:23+00:00</time>
      </trkpt>
      <trkpt lat="46.13696" lon="6.77649">
        <ele>1424</ele>
        <time>2026-07-02T20:35:26+00:00</time>
      </trkpt>
      <trkpt lat="46.13699" lon="6.77653">
        <ele>1428</ele>
        <time>2026-07-02T20:35:29+00:00</time>
      </trkpt>
      <trkpt lat="46.13701" lon="6.77656">
        <ele>1422</ele>
        <time>2026-07-02T20:35:32+00:00</time>
      </trkpt>
      <trkpt lat="46.13706" lon="6.77658">
        <ele>1422</ele>
        <time>2026-07-02T20:35:35+00:00</time>
      </trkpt>
      <trkpt lat="46.1371" lon="6.77662">
        <ele>1426</ele>
        <time>2026-07-02T20:35:38+00:00</time>
      </trkpt>
      <trkpt lat="46.13714" lon="6.77663">
        <ele>1424</ele>
        <time>2026-07-02T20:35:41+00:00</time>
      </trkpt>
      <trkpt lat="46.13718" lon="6.77664">
        <ele>1424</ele>
        <time>2026-07-02T20:35:44+00:00</time>
      </trkpt>
      <trkpt lat="46.1372" lon="6.77668">
        <ele>1424</ele>
        <time>2026-07-02T20:35:47+00:00</time>
      </trkpt>
      <trkpt lat="46.13726" lon="6.77671">
        <ele>1424</ele>
        <time>2026-07-02T20:35:50+00:00</time>
      </trkpt>
      <trkpt lat="46.13734" lon="6.77676">
        <ele>1422</ele>
        <time>2026-07-02T20:35:53+00:00</time>
      </trkpt>
      <trkpt lat="46.1374" lon="6.77677">
        <ele>1420</ele>
        <time>2026-07-02T20:35:56+00:00</time>
      </trkpt>
      <trkpt lat="46.13749" lon="6.77676">
        <ele>1420</ele>
        <time>2026-07-02T20:35:59+00:00</time>
      </trkpt>
      <trkpt lat="46.13756" lon="6.77676">
        <ele>1419</ele>
        <time>2026-07-02T20:36:02+00:00</time>
      </trkpt>
      <trkpt lat="46.13763" lon="6.77677">
        <ele>1418</ele>
        <time>2026-07-02T20:36:05+00:00</time>
      </trkpt>
      <trkpt lat="46.13771" lon="6.77678">
        <ele>1418</ele>
        <time>2026-07-02T20:36:08+00:00</time>
      </trkpt>
      <trkpt lat="46.13778" lon="6.77679">
        <ele>1419</ele>
        <time>2026-07-02T20:36:11+00:00</time>
      </trkpt>
      <trkpt lat="46.13786" lon="6.77677">
        <ele>1418</ele>
        <time>2026-07-02T20:36:14+00:00</time>
      </trkpt>
      <trkpt lat="46.13795" lon="6.77673">
        <ele>1419</ele>
        <time>2026-07-02T20:36:17+00:00</time>
      </trkpt>
      <trkpt lat="46.13801" lon="6.77673">
        <ele>1420</ele>
        <time>2026-07-02T20:36:20+00:00</time>
      </trkpt>
      <trkpt lat="46.13806" lon="6.77673">
        <ele>1420</ele>
        <time>2026-07-02T20:36:23+00:00</time>
      </trkpt>
      <trkpt lat="46.1381" lon="6.77673">
        <ele>1419</ele>
        <time>2026-07-02T20:36:26+00:00</time>
      </trkpt>
      <trkpt lat="46.13816" lon="6.77676">
        <ele>1419</ele>
        <time>2026-07-02T20:36:29+00:00</time>
      </trkpt>
      <trkpt lat="46.1382" lon="6.7768">
        <ele>1419</ele>
        <time>2026-07-02T20:36:32+00:00</time>
      </trkpt>
      <trkpt lat="46.13828" lon="6.77691">
        <ele>1424</ele>
        <time>2026-07-02T20:36:35+00:00</time>
      </trkpt>
      <trkpt lat="46.1383" lon="6.77693">
        <ele>1421</ele>
        <time>2026-07-02T20:36:38+00:00</time>
      </trkpt>
      <trkpt lat="46.13834" lon="6.77694">
        <ele>1421</ele>
        <time>2026-07-02T20:36:41+00:00</time>
      </trkpt>
      <trkpt lat="46.13841" lon="6.77699">
        <ele>1419</ele>
        <time>2026-07-02T20:36:44+00:00</time>
      </trkpt>
      <trkpt lat="46.13844" lon="6.77704">
        <ele>1421</ele>
        <time>2026-07-02T20:36:47+00:00</time>
      </trkpt>
      <trkpt lat="46.13845" lon="6.77717">
        <ele>1423</ele>
        <time>2026-07-02T20:36:50+00:00</time>
      </trkpt>
      <trkpt lat="46.13851" lon="6.77733">
        <ele>1420</ele>
        <time>2026-07-02T20:36:53+00:00</time>
      </trkpt>
      <trkpt lat="46.13859" lon="6.77744">
        <ele>1423</ele>
        <time>2026-07-02T20:36:56+00:00</time>
      </trkpt>
      <trkpt lat="46.13868" lon="6.77755">
        <ele>1420</ele>
        <time>2026-07-02T20:36:59+00:00</time>
      </trkpt>
      <trkpt lat="46.1388" lon="6.77762">
        <ele>1421</ele>
        <time>2026-07-02T20:37:02+00:00</time>
      </trkpt>
      <trkpt lat="46.13886" lon="6.77749">
        <ele>1420</ele>
        <time>2026-07-02T20:37:05+00:00</time>
      </trkpt>
      <trkpt lat="46.1389" lon="6.77736">
        <ele>1419</ele>
        <time>2026-07-02T20:37:08+00:00</time>
      </trkpt>
      <trkpt lat="46.13894" lon="6.77721">
        <ele>1418</ele>
        <time>2026-07-02T20:37:11+00:00</time>
      </trkpt>
      <trkpt lat="46.13895" lon="6.77716">
        <ele>1417</ele>
        <time>2026-07-02T20:37:14+00:00</time>
      </trkpt>
      <trkpt lat="46.13898" lon="6.77704">
        <ele>1416</ele>
        <time>2026-07-02T20:37:17+00:00</time>
      </trkpt>
      <trkpt lat="46.13901" lon="6.77688">
        <ele>1412</ele>
        <time>2026-07-02T20:37:20+00:00</time>
      </trkpt>
      <trkpt lat="46.13901" lon="6.77679">
        <ele>1410</ele>
        <time>2026-07-02T20:37:23+00:00</time>
      </trkpt>
      <trkpt lat="46.13901" lon="6.77671">
        <ele>1410</ele>
        <time>2026-07-02T20:37:26+00:00</time>
      </trkpt>
      <trkpt lat="46.13898" lon="6.7766">
        <ele>1409</ele>
        <time>2026-07-02T20:37:29+00:00</time>
      </trkpt>
      <trkpt lat="46.13894" lon="6.77651">
        <ele>1406</ele>
        <time>2026-07-02T20:37:32+00:00</time>
      </trkpt>
      <trkpt lat="46.1389" lon="6.77642">
        <ele>1404</ele>
        <time>2026-07-02T20:37:35+00:00</time>
      </trkpt>
      <trkpt lat="46.13885" lon="6.77626">
        <ele>1397</ele>
        <time>2026-07-02T20:37:38+00:00</time>
      </trkpt>
      <trkpt lat="46.13885" lon="6.7762">
        <ele>1393</ele>
        <time>2026-07-02T20:37:41+00:00</time>
      </trkpt>
      <trkpt lat="46.13887" lon="6.7761">
        <ele>1390</ele>
        <time>2026-07-02T20:37:44+00:00</time>
      </trkpt>
      <trkpt lat="46.13888" lon="6.776">
        <ele>1390</ele>
        <time>2026-07-02T20:37:47+00:00</time>
      </trkpt>
      <trkpt lat="46.13888" lon="6.77593">
        <ele>1385</ele>
        <time>2026-07-02T20:37:50+00:00</time>
      </trkpt>
      <trkpt lat="46.13888" lon="6.77581">
        <ele>1381</ele>
        <time>2026-07-02T20:37:53+00:00</time>
      </trkpt>
      <trkpt lat="46.13887" lon="6.77569">
        <ele>1373</ele>
        <time>2026-07-02T20:37:56+00:00</time>
      </trkpt>
      <trkpt lat="46.13885" lon="6.77562">
        <ele>1373</ele>
        <time>2026-07-02T20:37:59+00:00</time>
      </trkpt>
      <trkpt lat="46.13877" lon="6.77554">
        <ele>1370</ele>
        <time>2026-07-02T20:38:02+00:00</time>
      </trkpt>
      <trkpt lat="46.13862" lon="6.77549">
        <ele>1367</ele>
        <time>2026-07-02T20:38:05+00:00</time>
      </trkpt>
      <trkpt lat="46.13866" lon="6.77542">
        <ele>1367</ele>
        <time>2026-07-02T20:38:08+00:00</time>
      </trkpt>
      <trkpt lat="46.13868" lon="6.77536">
        <ele>1363</ele>
        <time>2026-07-02T20:38:11+00:00</time>
      </trkpt>
      <trkpt lat="46.13872" lon="6.77529">
        <ele>1360</ele>
        <time>2026-07-02T20:38:14+00:00</time>
      </trkpt>
      <trkpt lat="46.13875" lon="6.77525">
        <ele>1360</ele>
        <time>2026-07-02T20:38:17+00:00</time>
      </trkpt>
      <trkpt lat="46.1388" lon="6.77521">
        <ele>1360</ele>
        <time>2026-07-02T20:38:20+00:00</time>
      </trkpt>
      <trkpt lat="46.13883" lon="6.77519">
        <ele>1358</ele>
        <time>2026-07-02T20:38:23+00:00</time>
      </trkpt>
      <trkpt lat="46.13889" lon="6.77513">
        <ele>1358</ele>
        <time>2026-07-02T20:38:26+00:00</time>
      </trkpt>
      <trkpt lat="46.13903" lon="6.77503">
        <ele>1356</ele>
        <time>2026-07-02T20:38:29+00:00</time>
      </trkpt>
      <trkpt lat="46.13907" lon="6.77499">
        <ele>1354</ele>
        <time>2026-07-02T20:38:32+00:00</time>
      </trkpt>
      <trkpt lat="46.13911" lon="6.77493">
        <ele>1355</ele>
        <time>2026-07-02T20:38:35+00:00</time>
      </trkpt>
      <trkpt lat="46.13914" lon="6.77487">
        <ele>1353</ele>
        <time>2026-07-02T20:38:38+00:00</time>
      </trkpt>
      <trkpt lat="46.13916" lon="6.77481">
        <ele>1353</ele>
        <time>2026-07-02T20:38:41+00:00</time>
      </trkpt>
      <trkpt lat="46.13921" lon="6.77468">
        <ele>1350</ele>
        <time>2026-07-02T20:38:44+00:00</time>
      </trkpt>
      <trkpt lat="46.13926" lon="6.77455">
        <ele>1348</ele>
        <time>2026-07-02T20:38:47+00:00</time>
      </trkpt>
      <trkpt lat="46.13934" lon="6.77439">
        <ele>1346</ele>
        <time>2026-07-02T20:38:50+00:00</time>
      </trkpt>
      <trkpt lat="46.13941" lon="6.77422">
        <ele>1346</ele>
        <time>2026-07-02T20:38:53+00:00</time>
      </trkpt>
      <trkpt lat="46.13947" lon="6.77404">
        <ele>1341</ele>
        <time>2026-07-02T20:38:56+00:00</time>
      </trkpt>
      <trkpt lat="46.13951" lon="6.77397">
        <ele>1342</ele>
        <time>2026-07-02T20:38:59+00:00</time>
      </trkpt>
      <trkpt lat="46.13954" lon="6.77393">
        <ele>1342</ele>
        <time>2026-07-02T20:39:02+00:00</time>
      </trkpt>
      <trkpt lat="46.13957" lon="6.77391">
        <ele>1342</ele>
        <time>2026-07-02T20:39:05+00:00</time>
      </trkpt>
      <trkpt lat="46.1396" lon="6.77391">
        <ele>1342</ele>
        <time>2026-07-02T20:39:08+00:00</time>
      </trkpt>
      <trkpt lat="46.13968" lon="6.77393">
        <ele>1342</ele>
        <time>2026-07-02T20:39:11+00:00</time>
      </trkpt>
      <trkpt lat="46.13973" lon="6.77395">
        <ele>1341</ele>
        <time>2026-07-02T20:39:14+00:00</time>
      </trkpt>
      <trkpt lat="46.13979" lon="6.77398">
        <ele>1341</ele>
        <time>2026-07-02T20:39:17+00:00</time>
      </trkpt>
      <trkpt lat="46.13981" lon="6.774">
        <ele>1341</ele>
        <time>2026-07-02T20:39:20+00:00</time>
      </trkpt>
      <trkpt lat="46.13987" lon="6.77406">
        <ele>1341</ele>
        <time>2026-07-02T20:39:23+00:00</time>
      </trkpt>
      <trkpt lat="46.13997" lon="6.77415">
        <ele>1341</ele>
        <time>2026-07-02T20:39:26+00:00</time>
      </trkpt>
      <trkpt lat="46.14002" lon="6.7742">
        <ele>1344</ele>
        <time>2026-07-02T20:39:29+00:00</time>
      </trkpt>
      <trkpt lat="46.14008" lon="6.77423">
        <ele>1344</ele>
        <time>2026-07-02T20:39:32+00:00</time>
      </trkpt>
      <trkpt lat="46.14011" lon="6.77425">
        <ele>1344</ele>
        <time>2026-07-02T20:39:35+00:00</time>
      </trkpt>
      <trkpt lat="46.14014" lon="6.77427">
        <ele>1344</ele>
        <time>2026-07-02T20:39:38+00:00</time>
      </trkpt>
      <trkpt lat="46.14016" lon="6.77426">
        <ele>1344</ele>
        <time>2026-07-02T20:39:41+00:00</time>
      </trkpt>
      <trkpt lat="46.1402" lon="6.77422">
        <ele>1344</ele>
        <time>2026-07-02T20:39:44+00:00</time>
      </trkpt>
      <trkpt lat="46.14028" lon="6.7741">
        <ele>1343</ele>
        <time>2026-07-02T20:39:47+00:00</time>
      </trkpt>
      <trkpt lat="46.14044" lon="6.77395">
        <ele>1344</ele>
        <time>2026-07-02T20:39:50+00:00</time>
      </trkpt>
      <trkpt lat="46.14047" lon="6.77388">
        <ele>1344</ele>
        <time>2026-07-02T20:39:53+00:00</time>
      </trkpt>
      <trkpt lat="46.14051" lon="6.7738">
        <ele>1345</ele>
        <time>2026-07-02T20:39:56+00:00</time>
      </trkpt>
      <trkpt lat="46.14057" lon="6.77372">
        <ele>1344</ele>
        <time>2026-07-02T20:39:59+00:00</time>
      </trkpt>
      <trkpt lat="46.14063" lon="6.77363">
        <ele>1344</ele>
        <time>2026-07-02T20:40:02+00:00</time>
      </trkpt>
      <trkpt lat="46.14069" lon="6.77352">
        <ele>1342</ele>
        <time>2026-07-02T20:40:05+00:00</time>
      </trkpt>
      <trkpt lat="46.14075" lon="6.77341">
        <ele>1343</ele>
        <time>2026-07-02T20:40:08+00:00</time>
      </trkpt>
      <trkpt lat="46.14082" lon="6.77324">
        <ele>1341</ele>
        <time>2026-07-02T20:40:11+00:00</time>
      </trkpt>
      <trkpt lat="46.14089" lon="6.77312">
        <ele>1340</ele>
        <time>2026-07-02T20:40:14+00:00</time>
      </trkpt>
      <trkpt lat="46.14095" lon="6.77306">
        <ele>1340</ele>
        <time>2026-07-02T20:40:17+00:00</time>
      </trkpt>
      <trkpt lat="46.14096" lon="6.77306">
        <ele>1340</ele>
        <time>2026-07-02T20:40:20+00:00</time>
      </trkpt>
      <trkpt lat="46.14098" lon="6.77305">
        <ele>1340</ele>
        <time>2026-07-02T20:40:23+00:00</time>
      </trkpt>
      <trkpt lat="46.14106" lon="6.77303">
        <ele>1340</ele>
        <time>2026-07-02T20:40:26+00:00</time>
      </trkpt>
      <trkpt lat="46.14107" lon="6.77303">
        <ele>1340</ele>
        <time>2026-07-02T20:40:29+00:00</time>
      </trkpt>
      <trkpt lat="46.14112" lon="6.77302">
        <ele>1340</ele>
        <time>2026-07-02T20:40:32+00:00</time>
      </trkpt>
      <trkpt lat="46.14114" lon="6.77302">
        <ele>1340</ele>
        <time>2026-07-02T20:40:35+00:00</time>
      </trkpt>
      <trkpt lat="46.14117" lon="6.77301">
        <ele>1340</ele>
        <time>2026-07-02T20:40:38+00:00</time>
      </trkpt>
      <trkpt lat="46.14122" lon="6.77297">
        <ele>1340</ele>
        <time>2026-07-02T20:40:41+00:00</time>
      </trkpt>
      <trkpt lat="46.14148" lon="6.77283">
        <ele>1339</ele>
        <time>2026-07-02T20:40:44+00:00</time>
      </trkpt>
      <trkpt lat="46.14165" lon="6.77275">
        <ele>1338</ele>
        <time>2026-07-02T20:40:47+00:00</time>
      </trkpt>
      <trkpt lat="46.14171" lon="6.77275">
        <ele>1338</ele>
        <time>2026-07-02T20:40:50+00:00</time>
      </trkpt>
      <trkpt lat="46.14176" lon="6.77277">
        <ele>1338</ele>
        <time>2026-07-02T20:40:53+00:00</time>
      </trkpt>
      <trkpt lat="46.1418" lon="6.77281">
        <ele>1338</ele>
        <time>2026-07-02T20:40:56+00:00</time>
      </trkpt>
      <trkpt lat="46.14188" lon="6.77285">
        <ele>1338</ele>
        <time>2026-07-02T20:40:59+00:00</time>
      </trkpt>
      <trkpt lat="46.14193" lon="6.77284">
        <ele>1338</ele>
        <time>2026-07-02T20:41:02+00:00</time>
      </trkpt>
      <trkpt lat="46.14196" lon="6.77279">
        <ele>1338</ele>
        <time>2026-07-02T20:41:05+00:00</time>
      </trkpt>
      <trkpt lat="46.142" lon="6.77268">
        <ele>1339</ele>
        <time>2026-07-02T20:41:08+00:00</time>
      </trkpt>
      <trkpt lat="46.14202" lon="6.7726">
        <ele>1338</ele>
        <time>2026-07-02T20:41:11+00:00</time>
      </trkpt>
      <trkpt lat="46.14202" lon="6.7725">
        <ele>1338</ele>
        <time>2026-07-02T20:41:14+00:00</time>
      </trkpt>
      <trkpt lat="46.14203" lon="6.77238">
        <ele>1338</ele>
        <time>2026-07-02T20:41:17+00:00</time>
      </trkpt>
      <trkpt lat="46.14203" lon="6.7723">
        <ele>1338</ele>
        <time>2026-07-02T20:41:20+00:00</time>
      </trkpt>
      <trkpt lat="46.14203" lon="6.77225">
        <ele>1338</ele>
        <time>2026-07-02T20:41:23+00:00</time>
      </trkpt>
      <trkpt lat="46.14203" lon="6.77222">
        <ele>1338</ele>
        <time>2026-07-02T20:41:26+00:00</time>
      </trkpt>
      <trkpt lat="46.14199" lon="6.77201">
        <ele>1338</ele>
        <time>2026-07-02T20:41:29+00:00</time>
      </trkpt>
      <trkpt lat="46.14197" lon="6.77186">
        <ele>1338</ele>
        <time>2026-07-02T20:41:32+00:00</time>
      </trkpt>
      <trkpt lat="46.14199" lon="6.77175">
        <ele>1337</ele>
        <time>2026-07-02T20:41:35+00:00</time>
      </trkpt>
      <trkpt lat="46.14202" lon="6.77158">
        <ele>1335</ele>
        <time>2026-07-02T20:41:38+00:00</time>
      </trkpt>
      <trkpt lat="46.14203" lon="6.77145">
        <ele>1334</ele>
        <time>2026-07-02T20:41:41+00:00</time>
      </trkpt>
      <trkpt lat="46.142" lon="6.7713">
        <ele>1333</ele>
        <time>2026-07-02T20:41:44+00:00</time>
      </trkpt>
      <trkpt lat="46.14199" lon="6.77113">
        <ele>1330</ele>
        <time>2026-07-02T20:41:47+00:00</time>
      </trkpt>
      <trkpt lat="46.142" lon="6.77101">
        <ele>1329</ele>
        <time>2026-07-02T20:41:50+00:00</time>
      </trkpt>
      <trkpt lat="46.14205" lon="6.77078">
        <ele>1325</ele>
        <time>2026-07-02T20:41:53+00:00</time>
      </trkpt>
      <trkpt lat="46.1421" lon="6.77062">
        <ele>1325</ele>
        <time>2026-07-02T20:41:56+00:00</time>
      </trkpt>
      <trkpt lat="46.14213" lon="6.7705">
        <ele>1322</ele>
        <time>2026-07-02T20:41:59+00:00</time>
      </trkpt>
      <trkpt lat="46.14216" lon="6.77017">
        <ele>1319</ele>
        <time>2026-07-02T20:42:02+00:00</time>
      </trkpt>
      <trkpt lat="46.14219" lon="6.77">
        <ele>1317</ele>
        <time>2026-07-02T20:42:05+00:00</time>
      </trkpt>
      <trkpt lat="46.14226" lon="6.76975">
        <ele>1315</ele>
        <time>2026-07-02T20:42:08+00:00</time>
      </trkpt>
      <trkpt lat="46.14234" lon="6.76952">
        <ele>1313</ele>
        <time>2026-07-02T20:42:11+00:00</time>
      </trkpt>
      <trkpt lat="46.14242" lon="6.7693">
        <ele>1310</ele>
        <time>2026-07-02T20:42:14+00:00</time>
      </trkpt>
      <trkpt lat="46.14247" lon="6.76911">
        <ele>1309</ele>
        <time>2026-07-02T20:42:17+00:00</time>
      </trkpt>
      <trkpt lat="46.14253" lon="6.76884">
        <ele>1308</ele>
        <time>2026-07-02T20:42:20+00:00</time>
      </trkpt>
      <trkpt lat="46.14258" lon="6.76862">
        <ele>1307</ele>
        <time>2026-07-02T20:42:23+00:00</time>
      </trkpt>
      <trkpt lat="46.14262" lon="6.76846">
        <ele>1308</ele>
        <time>2026-07-02T20:42:26+00:00</time>
      </trkpt>
      <trkpt lat="46.14267" lon="6.76833">
        <ele>1308</ele>
        <time>2026-07-02T20:42:29+00:00</time>
      </trkpt>
      <trkpt lat="46.14277" lon="6.76822">
        <ele>1308</ele>
        <time>2026-07-02T20:42:32+00:00</time>
      </trkpt>
      <trkpt lat="46.1429" lon="6.76815">
        <ele>1307</ele>
        <time>2026-07-02T20:42:35+00:00</time>
      </trkpt>
      <trkpt lat="46.14301" lon="6.76813">
        <ele>1307</ele>
        <time>2026-07-02T20:42:38+00:00</time>
      </trkpt>
      <trkpt lat="46.14309" lon="6.76814">
        <ele>1307</ele>
        <time>2026-07-02T20:42:41+00:00</time>
      </trkpt>
      <trkpt lat="46.14323" lon="6.7682">
        <ele>1307</ele>
        <time>2026-07-02T20:42:44+00:00</time>
      </trkpt>
      <trkpt lat="46.1433" lon="6.76821">
        <ele>1308</ele>
        <time>2026-07-02T20:42:47+00:00</time>
      </trkpt>
      <trkpt lat="46.1435" lon="6.76814">
        <ele>1309</ele>
        <time>2026-07-02T20:42:50+00:00</time>
      </trkpt>
      <trkpt lat="46.14361" lon="6.7681">
        <ele>1310</ele>
        <time>2026-07-02T20:42:53+00:00</time>
      </trkpt>
      <trkpt lat="46.14371" lon="6.76811">
        <ele>1312</ele>
        <time>2026-07-02T20:42:56+00:00</time>
      </trkpt>
      <trkpt lat="46.14386" lon="6.76818">
        <ele>1313</ele>
        <time>2026-07-02T20:42:59+00:00</time>
      </trkpt>
      <trkpt lat="46.14398" lon="6.76805">
        <ele>1312</ele>
        <time>2026-07-02T20:43:02+00:00</time>
      </trkpt>
      <trkpt lat="46.14398" lon="6.76804">
        <ele>1312</ele>
        <time>2026-07-02T20:43:05+00:00</time>
      </trkpt>
      <trkpt lat="46.14404" lon="6.76786">
        <ele>1312</ele>
        <time>2026-07-02T20:43:08+00:00</time>
      </trkpt>
      <trkpt lat="46.14408" lon="6.76767">
        <ele>1310</ele>
        <time>2026-07-02T20:43:11+00:00</time>
      </trkpt>
      <trkpt lat="46.14418" lon="6.76728">
        <ele>1308</ele>
        <time>2026-07-02T20:43:14+00:00</time>
      </trkpt>
      <trkpt lat="46.14435" lon="6.76688">
        <ele>1307</ele>
        <time>2026-07-02T20:43:17+00:00</time>
      </trkpt>
      <trkpt lat="46.14443" lon="6.76664">
        <ele>1309</ele>
        <time>2026-07-02T20:43:20+00:00</time>
      </trkpt>
      <trkpt lat="46.14447" lon="6.76647">
        <ele>1305</ele>
        <time>2026-07-02T20:43:23+00:00</time>
      </trkpt>
      <trkpt lat="46.14455" lon="6.76626">
        <ele>1304</ele>
        <time>2026-07-02T20:43:26+00:00</time>
      </trkpt>
      <trkpt lat="46.14473" lon="6.76598">
        <ele>1305</ele>
        <time>2026-07-02T20:43:29+00:00</time>
      </trkpt>
      <trkpt lat="46.14482" lon="6.76584">
        <ele>1305</ele>
        <time>2026-07-02T20:43:32+00:00</time>
      </trkpt>
      <trkpt lat="46.14497" lon="6.76576">
        <ele>1307</ele>
        <time>2026-07-02T20:43:35+00:00</time>
      </trkpt>
      <trkpt lat="46.14517" lon="6.76571">
        <ele>1310</ele>
        <time>2026-07-02T20:43:38+00:00</time>
      </trkpt>
      <trkpt lat="46.1455" lon="6.7657">
        <ele>1307</ele>
        <time>2026-07-02T20:43:41+00:00</time>
      </trkpt>
      <trkpt lat="46.14558" lon="6.76563">
        <ele>1312</ele>
        <time>2026-07-02T20:43:44+00:00</time>
      </trkpt>
      <trkpt lat="46.14559" lon="6.76535">
        <ele>1305</ele>
        <time>2026-07-02T20:43:47+00:00</time>
      </trkpt>
      <trkpt lat="46.14566" lon="6.7652">
        <ele>1303</ele>
        <time>2026-07-02T20:43:50+00:00</time>
      </trkpt>
      <trkpt lat="46.14573" lon="6.76495">
        <ele>1302</ele>
        <time>2026-07-02T20:43:53+00:00</time>
      </trkpt>
      <trkpt lat="46.14583" lon="6.7646">
        <ele>1301</ele>
        <time>2026-07-02T20:43:56+00:00</time>
      </trkpt>
      <trkpt lat="46.14591" lon="6.76442">
        <ele>1299</ele>
        <time>2026-07-02T20:43:59+00:00</time>
      </trkpt>
      <trkpt lat="46.14609" lon="6.76411">
        <ele>1300</ele>
        <time>2026-07-02T20:44:02+00:00</time>
      </trkpt>
      <trkpt lat="46.14625" lon="6.76391">
        <ele>1300</ele>
        <time>2026-07-02T20:44:05+00:00</time>
      </trkpt>
      <trkpt lat="46.14636" lon="6.76376">
        <ele>1298</ele>
        <time>2026-07-02T20:44:08+00:00</time>
      </trkpt>
      <trkpt lat="46.14637" lon="6.76375">
        <ele>1298</ele>
        <time>2026-07-02T20:44:11+00:00</time>
      </trkpt>
      <trkpt lat="46.14647" lon="6.7636">
        <ele>1301</ele>
        <time>2026-07-02T20:44:14+00:00</time>
      </trkpt>
      <trkpt lat="46.14668" lon="6.76342">
        <ele>1302</ele>
        <time>2026-07-02T20:44:17+00:00</time>
      </trkpt>
      <trkpt lat="46.1468" lon="6.7634">
        <ele>1305</ele>
        <time>2026-07-02T20:44:20+00:00</time>
      </trkpt>
      <trkpt lat="46.14671" lon="6.76365">
        <ele>1308</ele>
        <time>2026-07-02T20:44:23+00:00</time>
      </trkpt>
      <trkpt lat="46.14678" lon="6.76383">
        <ele>1311</ele>
        <time>2026-07-02T20:44:26+00:00</time>
      </trkpt>
      <trkpt lat="46.14677" lon="6.76402">
        <ele>1315</ele>
        <time>2026-07-02T20:44:29+00:00</time>
      </trkpt>
      <trkpt lat="46.14675" lon="6.76425">
        <ele>1321</ele>
        <time>2026-07-02T20:44:32+00:00</time>
      </trkpt>
      <trkpt lat="46.14674" lon="6.76448">
        <ele>1326</ele>
        <time>2026-07-02T20:44:35+00:00</time>
      </trkpt>
      <trkpt lat="46.14675" lon="6.76462">
        <ele>1332</ele>
        <time>2026-07-02T20:44:38+00:00</time>
      </trkpt>
      <trkpt lat="46.14683" lon="6.76476">
        <ele>1337</ele>
        <time>2026-07-02T20:44:41+00:00</time>
      </trkpt>
      <trkpt lat="46.14698" lon="6.76485">
        <ele>1342</ele>
        <time>2026-07-02T20:44:44+00:00</time>
      </trkpt>
      <trkpt lat="46.14726" lon="6.76483">
        <ele>1347</ele>
        <time>2026-07-02T20:44:47+00:00</time>
      </trkpt>
      <trkpt lat="46.14749" lon="6.7648">
        <ele>1348</ele>
        <time>2026-07-02T20:44:50+00:00</time>
      </trkpt>
      <trkpt lat="46.14773" lon="6.7648">
        <ele>1356</ele>
        <time>2026-07-02T20:44:53+00:00</time>
      </trkpt>
      <trkpt lat="46.14785" lon="6.76486">
        <ele>1360</ele>
        <time>2026-07-02T20:44:56+00:00</time>
      </trkpt>
      <trkpt lat="46.14789" lon="6.76494">
        <ele>1362</ele>
        <time>2026-07-02T20:44:59+00:00</time>
      </trkpt>
      <trkpt lat="46.14798" lon="6.7651">
        <ele>1368</ele>
        <time>2026-07-02T20:45:02+00:00</time>
      </trkpt>
      <trkpt lat="46.14806" lon="6.76518">
        <ele>1370</ele>
        <time>2026-07-02T20:45:05+00:00</time>
      </trkpt>
      <trkpt lat="46.14808" lon="6.7652">
        <ele>1370</ele>
        <time>2026-07-02T20:45:08+00:00</time>
      </trkpt>
      <trkpt lat="46.14814" lon="6.76522">
        <ele>1373</ele>
        <time>2026-07-02T20:45:11+00:00</time>
      </trkpt>
      <trkpt lat="46.14817" lon="6.76524">
        <ele>1373</ele>
        <time>2026-07-02T20:45:14+00:00</time>
      </trkpt>
      <trkpt lat="46.14818" lon="6.76529">
        <ele>1373</ele>
        <time>2026-07-02T20:45:17+00:00</time>
      </trkpt>
      <trkpt lat="46.14819" lon="6.7654">
        <ele>1375</ele>
        <time>2026-07-02T20:45:20+00:00</time>
      </trkpt>
      <trkpt lat="46.14815" lon="6.76554">
        <ele>1380</ele>
        <time>2026-07-02T20:45:23+00:00</time>
      </trkpt>
      <trkpt lat="46.14821" lon="6.76555">
        <ele>1381</ele>
        <time>2026-07-02T20:45:26+00:00</time>
      </trkpt>
      <trkpt lat="46.14827" lon="6.76574">
        <ele>1385</ele>
        <time>2026-07-02T20:45:29+00:00</time>
      </trkpt>
      <trkpt lat="46.14838" lon="6.7661">
        <ele>1386</ele>
        <time>2026-07-02T20:45:32+00:00</time>
      </trkpt>
      <trkpt lat="46.14845" lon="6.76619">
        <ele>1388</ele>
        <time>2026-07-02T20:45:35+00:00</time>
      </trkpt>
      <trkpt lat="46.14847" lon="6.76624">
        <ele>1388</ele>
        <time>2026-07-02T20:45:38+00:00</time>
      </trkpt>
      <trkpt lat="46.14846" lon="6.7664">
        <ele>1388</ele>
        <time>2026-07-02T20:45:41+00:00</time>
      </trkpt>
      <trkpt lat="46.14848" lon="6.76652">
        <ele>1388</ele>
        <time>2026-07-02T20:45:44+00:00</time>
      </trkpt>
      <trkpt lat="46.14852" lon="6.76668">
        <ele>1388</ele>
        <time>2026-07-02T20:45:47+00:00</time>
      </trkpt>
      <trkpt lat="46.14859" lon="6.7669">
        <ele>1390</ele>
        <time>2026-07-02T20:45:50+00:00</time>
      </trkpt>
      <trkpt lat="46.1486" lon="6.76698">
        <ele>1389</ele>
        <time>2026-07-02T20:45:53+00:00</time>
      </trkpt>
      <trkpt lat="46.1486" lon="6.76706">
        <ele>1391</ele>
        <time>2026-07-02T20:45:56+00:00</time>
      </trkpt>
      <trkpt lat="46.1486" lon="6.76716">
        <ele>1389</ele>
        <time>2026-07-02T20:45:59+00:00</time>
      </trkpt>
      <trkpt lat="46.14862" lon="6.7672">
        <ele>1389</ele>
        <time>2026-07-02T20:46:02+00:00</time>
      </trkpt>
      <trkpt lat="46.14867" lon="6.7672">
        <ele>1389</ele>
        <time>2026-07-02T20:46:05+00:00</time>
      </trkpt>
      <trkpt lat="46.14882" lon="6.76723">
        <ele>1389</ele>
        <time>2026-07-02T20:46:08+00:00</time>
      </trkpt>
      <trkpt lat="46.14887" lon="6.76722">
        <ele>1389</ele>
        <time>2026-07-02T20:46:11+00:00</time>
      </trkpt>
      <trkpt lat="46.14894" lon="6.76718">
        <ele>1387</ele>
        <time>2026-07-02T20:46:14+00:00</time>
      </trkpt>
      <trkpt lat="46.14896" lon="6.76715">
        <ele>1387</ele>
        <time>2026-07-02T20:46:17+00:00</time>
      </trkpt>
      <trkpt lat="46.14897" lon="6.76709">
        <ele>1386</ele>
        <time>2026-07-02T20:46:20+00:00</time>
      </trkpt>
      <trkpt lat="46.149" lon="6.76703">
        <ele>1386</ele>
        <time>2026-07-02T20:46:23+00:00</time>
      </trkpt>
      <trkpt lat="46.14905" lon="6.767">
        <ele>1386</ele>
        <time>2026-07-02T20:46:26+00:00</time>
      </trkpt>
      <trkpt lat="46.14907" lon="6.76702">
        <ele>1386</ele>
        <time>2026-07-02T20:46:29+00:00</time>
      </trkpt>
      <trkpt lat="46.14912" lon="6.76704">
        <ele>1386</ele>
        <time>2026-07-02T20:46:32+00:00</time>
      </trkpt>
      <trkpt lat="46.14915" lon="6.76701">
        <ele>1386</ele>
        <time>2026-07-02T20:46:35+00:00</time>
      </trkpt>
      <trkpt lat="46.14919" lon="6.767">
        <ele>1386</ele>
        <time>2026-07-02T20:46:38+00:00</time>
      </trkpt>
      <trkpt lat="46.14924" lon="6.76703">
        <ele>1386</ele>
        <time>2026-07-02T20:46:41+00:00</time>
      </trkpt>
      <trkpt lat="46.14927" lon="6.76704">
        <ele>1386</ele>
        <time>2026-07-02T20:46:44+00:00</time>
      </trkpt>
      <trkpt lat="46.14932" lon="6.76703">
        <ele>1386</ele>
        <time>2026-07-02T20:46:47+00:00</time>
      </trkpt>
      <trkpt lat="46.14942" lon="6.767">
        <ele>1387</ele>
        <time>2026-07-02T20:46:50+00:00</time>
      </trkpt>
      <trkpt lat="46.14949" lon="6.76698">
        <ele>1386</ele>
        <time>2026-07-02T20:46:53+00:00</time>
      </trkpt>
      <trkpt lat="46.14953" lon="6.76697">
        <ele>1387</ele>
        <time>2026-07-02T20:46:56+00:00</time>
      </trkpt>
      <trkpt lat="46.14958" lon="6.76698">
        <ele>1387</ele>
        <time>2026-07-02T20:46:59+00:00</time>
      </trkpt>
      <trkpt lat="46.14963" lon="6.76698">
        <ele>1388</ele>
        <time>2026-07-02T20:47:02+00:00</time>
      </trkpt>
      <trkpt lat="46.14968" lon="6.76697">
        <ele>1388</ele>
        <time>2026-07-02T20:47:05+00:00</time>
      </trkpt>
      <trkpt lat="46.14975" lon="6.76694">
        <ele>1390</ele>
        <time>2026-07-02T20:47:08+00:00</time>
      </trkpt>
      <trkpt lat="46.14981" lon="6.76689">
        <ele>1389</ele>
        <time>2026-07-02T20:47:11+00:00</time>
      </trkpt>
      <trkpt lat="46.14988" lon="6.76677">
        <ele>1390</ele>
        <time>2026-07-02T20:47:14+00:00</time>
      </trkpt>
      <trkpt lat="46.14993" lon="6.7666">
        <ele>1388</ele>
        <time>2026-07-02T20:47:17+00:00</time>
      </trkpt>
      <trkpt lat="46.14993" lon="6.76643">
        <ele>1389</ele>
        <time>2026-07-02T20:47:20+00:00</time>
      </trkpt>
      <trkpt lat="46.14993" lon="6.76626">
        <ele>1387</ele>
        <time>2026-07-02T20:47:23+00:00</time>
      </trkpt>
      <trkpt lat="46.14992" lon="6.76611">
        <ele>1387</ele>
        <time>2026-07-02T20:47:26+00:00</time>
      </trkpt>
      <trkpt lat="46.14994" lon="6.76604">
        <ele>1386</ele>
        <time>2026-07-02T20:47:29+00:00</time>
      </trkpt>
      <trkpt lat="46.14995" lon="6.76596">
        <ele>1388</ele>
        <time>2026-07-02T20:47:32+00:00</time>
      </trkpt>
      <trkpt lat="46.14995" lon="6.76592">
        <ele>1386</ele>
        <time>2026-07-02T20:47:35+00:00</time>
      </trkpt>
      <trkpt lat="46.14995" lon="6.76586">
        <ele>1386</ele>
        <time>2026-07-02T20:47:38+00:00</time>
      </trkpt>
      <trkpt lat="46.14994" lon="6.76577">
        <ele>1388</ele>
        <time>2026-07-02T20:47:41+00:00</time>
      </trkpt>
      <trkpt lat="46.1499" lon="6.7657">
        <ele>1389</ele>
        <time>2026-07-02T20:47:44+00:00</time>
      </trkpt>
      <trkpt lat="46.14982" lon="6.76561">
        <ele>1389</ele>
        <time>2026-07-02T20:47:47+00:00</time>
      </trkpt>
      <trkpt lat="46.14974" lon="6.76555">
        <ele>1389</ele>
        <time>2026-07-02T20:47:50+00:00</time>
      </trkpt>
      <trkpt lat="46.14965" lon="6.76549">
        <ele>1389</ele>
        <time>2026-07-02T20:47:53+00:00</time>
      </trkpt>
      <trkpt lat="46.14959" lon="6.76545">
        <ele>1388</ele>
        <time>2026-07-02T20:47:56+00:00</time>
      </trkpt>
      <trkpt lat="46.14958" lon="6.76544">
        <ele>1388</ele>
        <time>2026-07-02T20:47:59+00:00</time>
      </trkpt>
      <trkpt lat="46.14956" lon="6.76542">
        <ele>1389</ele>
        <time>2026-07-02T20:48:02+00:00</time>
      </trkpt>
      <trkpt lat="46.14952" lon="6.76533">
        <ele>1389</ele>
        <time>2026-07-02T20:48:05+00:00</time>
      </trkpt>
      <trkpt lat="46.14956" lon="6.76534">
        <ele>1389</ele>
        <time>2026-07-02T20:48:08+00:00</time>
      </trkpt>
      <trkpt lat="46.14964" lon="6.76534">
        <ele>1390</ele>
        <time>2026-07-02T20:48:11+00:00</time>
      </trkpt>
      <trkpt lat="46.14977" lon="6.7653">
        <ele>1392</ele>
        <time>2026-07-02T20:48:14+00:00</time>
      </trkpt>
      <trkpt lat="46.14989" lon="6.76522">
        <ele>1393</ele>
        <time>2026-07-02T20:48:17+00:00</time>
      </trkpt>
      <trkpt lat="46.14996" lon="6.76518">
        <ele>1394</ele>
        <time>2026-07-02T20:48:20+00:00</time>
      </trkpt>
      <trkpt lat="46.15005" lon="6.76515">
        <ele>1396</ele>
        <time>2026-07-02T20:48:23+00:00</time>
      </trkpt>
      <trkpt lat="46.15017" lon="6.76513">
        <ele>1398</ele>
        <time>2026-07-02T20:48:26+00:00</time>
      </trkpt>
      <trkpt lat="46.15021" lon="6.76513">
        <ele>1398</ele>
        <time>2026-07-02T20:48:29+00:00</time>
      </trkpt>
      <trkpt lat="46.15026" lon="6.76512">
        <ele>1398</ele>
        <time>2026-07-02T20:48:32+00:00</time>
      </trkpt>
      <trkpt lat="46.15035" lon="6.76512">
        <ele>1399</ele>
        <time>2026-07-02T20:48:35+00:00</time>
      </trkpt>
      <trkpt lat="46.15044" lon="6.76511">
        <ele>1400</ele>
        <time>2026-07-02T20:48:38+00:00</time>
      </trkpt>
      <trkpt lat="46.15044" lon="6.76511">
        <ele>1400</ele>
        <time>2026-07-02T20:48:41+00:00</time>
      </trkpt>
      <trkpt lat="46.15044" lon="6.76511">
        <ele>1400</ele>
        <time>2026-07-02T20:48:44+00:00</time>
      </trkpt>
      <trkpt lat="46.15045" lon="6.76511">
        <ele>1400</ele>
        <time>2026-07-02T20:48:47+00:00</time>
      </trkpt>
      <trkpt lat="46.15051" lon="6.76513">
        <ele>1400</ele>
        <time>2026-07-02T20:48:50+00:00</time>
      </trkpt>
      <trkpt lat="46.15057" lon="6.7652">
        <ele>1400</ele>
        <time>2026-07-02T20:48:53+00:00</time>
      </trkpt>
      <trkpt lat="46.15061" lon="6.76526">
        <ele>1401</ele>
        <time>2026-07-02T20:48:56+00:00</time>
      </trkpt>
      <trkpt lat="46.15069" lon="6.76541">
        <ele>1403</ele>
        <time>2026-07-02T20:48:59+00:00</time>
      </trkpt>
      <trkpt lat="46.1508" lon="6.76556">
        <ele>1404</ele>
        <time>2026-07-02T20:49:02+00:00</time>
      </trkpt>
      <trkpt lat="46.15083" lon="6.76558">
        <ele>1404</ele>
        <time>2026-07-02T20:49:05+00:00</time>
      </trkpt>
      <trkpt lat="46.15088" lon="6.76559">
        <ele>1404</ele>
        <time>2026-07-02T20:49:08+00:00</time>
      </trkpt>
      <trkpt lat="46.15091" lon="6.76564">
        <ele>1405</ele>
        <time>2026-07-02T20:49:11+00:00</time>
      </trkpt>
      <trkpt lat="46.15094" lon="6.76573">
        <ele>1408</ele>
        <time>2026-07-02T20:49:14+00:00</time>
      </trkpt>
      <trkpt lat="46.15095" lon="6.76586">
        <ele>1411</ele>
        <time>2026-07-02T20:49:17+00:00</time>
      </trkpt>
      <trkpt lat="46.15094" lon="6.76618">
        <ele>1415</ele>
        <time>2026-07-02T20:49:20+00:00</time>
      </trkpt>
      <trkpt lat="46.15089" lon="6.76678">
        <ele>1423</ele>
        <time>2026-07-02T20:49:23+00:00</time>
      </trkpt>
      <trkpt lat="46.15085" lon="6.76713">
        <ele>1430</ele>
        <time>2026-07-02T20:49:26+00:00</time>
      </trkpt>
      <trkpt lat="46.15085" lon="6.76715">
        <ele>1430</ele>
        <time>2026-07-02T20:49:29+00:00</time>
      </trkpt>
      <trkpt lat="46.15084" lon="6.76732">
        <ele>1434</ele>
        <time>2026-07-02T20:49:32+00:00</time>
      </trkpt>
      <trkpt lat="46.15086" lon="6.76765">
        <ele>1439</ele>
        <time>2026-07-02T20:49:35+00:00</time>
      </trkpt>
      <trkpt lat="46.15086" lon="6.76775">
        <ele>1440</ele>
        <time>2026-07-02T20:49:38+00:00</time>
      </trkpt>
      <trkpt lat="46.15084" lon="6.76787">
        <ele>1442</ele>
        <time>2026-07-02T20:49:41+00:00</time>
      </trkpt>
      <trkpt lat="46.1508" lon="6.76793">
        <ele>1443</ele>
        <time>2026-07-02T20:49:44+00:00</time>
      </trkpt>
      <trkpt lat="46.15073" lon="6.76801">
        <ele>1442</ele>
        <time>2026-07-02T20:49:47+00:00</time>
      </trkpt>
      <trkpt lat="46.15067" lon="6.76812">
        <ele>1442</ele>
        <time>2026-07-02T20:49:50+00:00</time>
      </trkpt>
      <trkpt lat="46.15061" lon="6.76826">
        <ele>1443</ele>
        <time>2026-07-02T20:49:53+00:00</time>
      </trkpt>
      <trkpt lat="46.15052" lon="6.76848">
        <ele>1445</ele>
        <time>2026-07-02T20:49:56+00:00</time>
      </trkpt>
      <trkpt lat="46.15049" lon="6.76858">
        <ele>1444</ele>
        <time>2026-07-02T20:49:59+00:00</time>
      </trkpt>
      <trkpt lat="46.15045" lon="6.76885">
        <ele>1449</ele>
        <time>2026-07-02T20:50:02+00:00</time>
      </trkpt>
      <trkpt lat="46.15044" lon="6.76911">
        <ele>1453</ele>
        <time>2026-07-02T20:50:05+00:00</time>
      </trkpt>
      <trkpt lat="46.15044" lon="6.76928">
        <ele>1450</ele>
        <time>2026-07-02T20:50:08+00:00</time>
      </trkpt>
      <trkpt lat="46.15041" lon="6.76937">
        <ele>1455</ele>
        <time>2026-07-02T20:50:11+00:00</time>
      </trkpt>
      <trkpt lat="46.15039" lon="6.76947">
        <ele>1450</ele>
        <time>2026-07-02T20:50:14+00:00</time>
      </trkpt>
      <trkpt lat="46.15039" lon="6.76956">
        <ele>1451</ele>
        <time>2026-07-02T20:50:17+00:00</time>
      </trkpt>
      <trkpt lat="46.15044" lon="6.76981">
        <ele>1459</ele>
        <time>2026-07-02T20:50:20+00:00</time>
      </trkpt>
      <trkpt lat="46.15046" lon="6.77017">
        <ele>1463</ele>
        <time>2026-07-02T20:50:23+00:00</time>
      </trkpt>
      <trkpt lat="46.15048" lon="6.77046">
        <ele>1466</ele>
        <time>2026-07-02T20:50:26+00:00</time>
      </trkpt>
      <trkpt lat="46.1505" lon="6.77056">
        <ele>1468</ele>
        <time>2026-07-02T20:50:29+00:00</time>
      </trkpt>
      <trkpt lat="46.15058" lon="6.77087">
        <ele>1474</ele>
        <time>2026-07-02T20:50:32+00:00</time>
      </trkpt>
      <trkpt lat="46.15061" lon="6.77101">
        <ele>1478</ele>
        <time>2026-07-02T20:50:35+00:00</time>
      </trkpt>
      <trkpt lat="46.15063" lon="6.77116">
        <ele>1479</ele>
        <time>2026-07-02T20:50:38+00:00</time>
      </trkpt>
      <trkpt lat="46.15064" lon="6.77129">
        <ele>1479</ele>
        <time>2026-07-02T20:50:41+00:00</time>
      </trkpt>
      <trkpt lat="46.15062" lon="6.77141">
        <ele>1481</ele>
        <time>2026-07-02T20:50:44+00:00</time>
      </trkpt>
      <trkpt lat="46.15062" lon="6.77154">
        <ele>1481</ele>
        <time>2026-07-02T20:50:47+00:00</time>
      </trkpt>
      <trkpt lat="46.15063" lon="6.77162">
        <ele>1482</ele>
        <time>2026-07-02T20:50:50+00:00</time>
      </trkpt>
      <trkpt lat="46.1507" lon="6.77179">
        <ele>1484</ele>
        <time>2026-07-02T20:50:53+00:00</time>
      </trkpt>
      <trkpt lat="46.15077" lon="6.77197">
        <ele>1485</ele>
        <time>2026-07-02T20:50:56+00:00</time>
      </trkpt>
      <trkpt lat="46.15085" lon="6.77225">
        <ele>1487</ele>
        <time>2026-07-02T20:50:59+00:00</time>
      </trkpt>
      <trkpt lat="46.15089" lon="6.77241">
        <ele>1489</ele>
        <time>2026-07-02T20:51:02+00:00</time>
      </trkpt>
      <trkpt lat="46.15089" lon="6.77251">
        <ele>1490</ele>
        <time>2026-07-02T20:51:05+00:00</time>
      </trkpt>
      <trkpt lat="46.15086" lon="6.77266">
        <ele>1492</ele>
        <time>2026-07-02T20:51:08+00:00</time>
      </trkpt>
      <trkpt lat="46.15072" lon="6.77297">
        <ele>1496</ele>
        <time>2026-07-02T20:51:11+00:00</time>
      </trkpt>
      <trkpt lat="46.15069" lon="6.7731">
        <ele>1497</ele>
        <time>2026-07-02T20:51:14+00:00</time>
      </trkpt>
      <trkpt lat="46.1507" lon="6.77331">
        <ele>1501</ele>
        <time>2026-07-02T20:51:17+00:00</time>
      </trkpt>
      <trkpt lat="46.15072" lon="6.77347">
        <ele>1502</ele>
        <time>2026-07-02T20:51:20+00:00</time>
      </trkpt>
      <trkpt lat="46.15073" lon="6.77349">
        <ele>1502</ele>
        <time>2026-07-02T20:51:23+00:00</time>
      </trkpt>
      <trkpt lat="46.15079" lon="6.77369">
        <ele>1504</ele>
        <time>2026-07-02T20:51:26+00:00</time>
      </trkpt>
      <trkpt lat="46.15087" lon="6.77391">
        <ele>1507</ele>
        <time>2026-07-02T20:51:29+00:00</time>
      </trkpt>
      <trkpt lat="46.1509" lon="6.77403">
        <ele>1510</ele>
        <time>2026-07-02T20:51:32+00:00</time>
      </trkpt>
      <trkpt lat="46.1509" lon="6.77416">
        <ele>1511</ele>
        <time>2026-07-02T20:51:35+00:00</time>
      </trkpt>
      <trkpt lat="46.1509" lon="6.77432">
        <ele>1512</ele>
        <time>2026-07-02T20:51:38+00:00</time>
      </trkpt>
      <trkpt lat="46.1509" lon="6.77432">
        <ele>1512</ele>
        <time>2026-07-02T20:51:41+00:00</time>
      </trkpt>
      <trkpt lat="46.15088" lon="6.77443">
        <ele>1513</ele>
        <time>2026-07-02T20:51:44+00:00</time>
      </trkpt>
      <trkpt lat="46.15082" lon="6.77453">
        <ele>1515</ele>
        <time>2026-07-02T20:51:47+00:00</time>
      </trkpt>
      <trkpt lat="46.15062" lon="6.77477">
        <ele>1517</ele>
        <time>2026-07-02T20:51:50+00:00</time>
      </trkpt>
      <trkpt lat="46.15057" lon="6.77482">
        <ele>1520</ele>
        <time>2026-07-02T20:51:53+00:00</time>
      </trkpt>
      <trkpt lat="46.15049" lon="6.77484">
        <ele>1520</ele>
        <time>2026-07-02T20:51:56+00:00</time>
      </trkpt>
      <trkpt lat="46.15028" lon="6.77485">
        <ele>1522</ele>
        <time>2026-07-02T20:51:59+00:00</time>
      </trkpt>
      <trkpt lat="46.15018" lon="6.77485">
        <ele>1523</ele>
        <time>2026-07-02T20:52:02+00:00</time>
      </trkpt>
      <trkpt lat="46.15" lon="6.77481">
        <ele>1525</ele>
        <time>2026-07-02T20:52:05+00:00</time>
      </trkpt>
      <trkpt lat="46.14988" lon="6.77478">
        <ele>1526</ele>
        <time>2026-07-02T20:52:08+00:00</time>
      </trkpt>
      <trkpt lat="46.14977" lon="6.77475">
        <ele>1529</ele>
        <time>2026-07-02T20:52:11+00:00</time>
      </trkpt>
      <trkpt lat="46.1497" lon="6.77469">
        <ele>1527</ele>
        <time>2026-07-02T20:52:14+00:00</time>
      </trkpt>
      <trkpt lat="46.14958" lon="6.77457">
        <ele>1529</ele>
        <time>2026-07-02T20:52:17+00:00</time>
      </trkpt>
      <trkpt lat="46.1495" lon="6.7745">
        <ele>1532</ele>
        <time>2026-07-02T20:52:20+00:00</time>
      </trkpt>
      <trkpt lat="46.14942" lon="6.77447">
        <ele>1530</ele>
        <time>2026-07-02T20:52:23+00:00</time>
      </trkpt>
      <trkpt lat="46.14933" lon="6.77445">
        <ele>1532</ele>
        <time>2026-07-02T20:52:26+00:00</time>
      </trkpt>
      <trkpt lat="46.14923" lon="6.7744">
        <ele>1533</ele>
        <time>2026-07-02T20:52:29+00:00</time>
      </trkpt>
      <trkpt lat="46.14916" lon="6.77431">
        <ele>1534</ele>
        <time>2026-07-02T20:52:32+00:00</time>
      </trkpt>
      <trkpt lat="46.14915" lon="6.77429">
        <ele>1534</ele>
        <time>2026-07-02T20:52:35+00:00</time>
      </trkpt>
      <trkpt lat="46.14914" lon="6.77428">
        <ele>1534</ele>
        <time>2026-07-02T20:52:38+00:00</time>
      </trkpt>
      <trkpt lat="46.14908" lon="6.77427">
        <ele>1535</ele>
        <time>2026-07-02T20:52:41+00:00</time>
      </trkpt>
      <trkpt lat="46.14901" lon="6.77428">
        <ele>1535</ele>
        <time>2026-07-02T20:52:44+00:00</time>
      </trkpt>
      <trkpt lat="46.14901" lon="6.7744">
        <ele>1535</ele>
        <time>2026-07-02T20:52:47+00:00</time>
      </trkpt>
      <trkpt lat="46.14899" lon="6.77448">
        <ele>1536</ele>
        <time>2026-07-02T20:52:50+00:00</time>
      </trkpt>
      <trkpt lat="46.14895" lon="6.7746">
        <ele>1537</ele>
        <time>2026-07-02T20:52:53+00:00</time>
      </trkpt>
      <trkpt lat="46.14891" lon="6.77478">
        <ele>1539</ele>
        <time>2026-07-02T20:52:56+00:00</time>
      </trkpt>
      <trkpt lat="46.14889" lon="6.7749">
        <ele>1543</ele>
        <time>2026-07-02T20:52:59+00:00</time>
      </trkpt>
      <trkpt lat="46.14887" lon="6.77505">
        <ele>1544</ele>
        <time>2026-07-02T20:53:02+00:00</time>
      </trkpt>
      <trkpt lat="46.14891" lon="6.77517">
        <ele>1545</ele>
        <time>2026-07-02T20:53:05+00:00</time>
      </trkpt>
      <trkpt lat="46.14905" lon="6.77532">
        <ele>1548</ele>
        <time>2026-07-02T20:53:08+00:00</time>
      </trkpt>
      <trkpt lat="46.14912" lon="6.77543">
        <ele>1552</ele>
        <time>2026-07-02T20:53:11+00:00</time>
      </trkpt>
      <trkpt lat="46.14918" lon="6.77548">
        <ele>1552</ele>
        <time>2026-07-02T20:53:14+00:00</time>
      </trkpt>
      <trkpt lat="46.14922" lon="6.77555">
        <ele>1555</ele>
        <time>2026-07-02T20:53:17+00:00</time>
      </trkpt>
      <trkpt lat="46.14926" lon="6.77557">
        <ele>1555</ele>
        <time>2026-07-02T20:53:20+00:00</time>
      </trkpt>
      <trkpt lat="46.14931" lon="6.77558">
        <ele>1556</ele>
        <time>2026-07-02T20:53:23+00:00</time>
      </trkpt>
      <trkpt lat="46.14941" lon="6.77569">
        <ele>1559</ele>
        <time>2026-07-02T20:53:26+00:00</time>
      </trkpt>
      <trkpt lat="46.14948" lon="6.77573">
        <ele>1563</ele>
        <time>2026-07-02T20:53:29+00:00</time>
      </trkpt>
      <trkpt lat="46.1496" lon="6.77575">
        <ele>1563</ele>
        <time>2026-07-02T20:53:32+00:00</time>
      </trkpt>
      <trkpt lat="46.14965" lon="6.77578">
        <ele>1564</ele>
        <time>2026-07-02T20:53:35+00:00</time>
      </trkpt>
      <trkpt lat="46.14967" lon="6.77578">
        <ele>1564</ele>
        <time>2026-07-02T20:53:38+00:00</time>
      </trkpt>
      <trkpt lat="46.14969" lon="6.77577">
        <ele>1564</ele>
        <time>2026-07-02T20:53:41+00:00</time>
      </trkpt>
      <trkpt lat="46.14971" lon="6.77577">
        <ele>1564</ele>
        <time>2026-07-02T20:53:44+00:00</time>
      </trkpt>
      <trkpt lat="46.14975" lon="6.77581">
        <ele>1568</ele>
        <time>2026-07-02T20:53:47+00:00</time>
      </trkpt>
      <trkpt lat="46.1498" lon="6.77584">
        <ele>1568</ele>
        <time>2026-07-02T20:53:50+00:00</time>
      </trkpt>
      <trkpt lat="46.14984" lon="6.7759">
        <ele>1570</ele>
        <time>2026-07-02T20:53:53+00:00</time>
      </trkpt>
      <trkpt lat="46.14991" lon="6.77598">
        <ele>1570</ele>
        <time>2026-07-02T20:53:56+00:00</time>
      </trkpt>
      <trkpt lat="46.14992" lon="6.7761">
        <ele>1572</ele>
        <time>2026-07-02T20:53:59+00:00</time>
      </trkpt>
      <trkpt lat="46.14993" lon="6.77621">
        <ele>1574</ele>
        <time>2026-07-02T20:54:02+00:00</time>
      </trkpt>
      <trkpt lat="46.14996" lon="6.77629">
        <ele>1574</ele>
        <time>2026-07-02T20:54:05+00:00</time>
      </trkpt>
      <trkpt lat="46.14996" lon="6.77634">
        <ele>1575</ele>
        <time>2026-07-02T20:54:08+00:00</time>
      </trkpt>
      <trkpt lat="46.14996" lon="6.77637">
        <ele>1575</ele>
        <time>2026-07-02T20:54:11+00:00</time>
      </trkpt>
      <trkpt lat="46.14999" lon="6.77639">
        <ele>1575</ele>
        <time>2026-07-02T20:54:14+00:00</time>
      </trkpt>
      <trkpt lat="46.15005" lon="6.77641">
        <ele>1575</ele>
        <time>2026-07-02T20:54:17+00:00</time>
      </trkpt>
      <trkpt lat="46.15006" lon="6.77642">
        <ele>1575</ele>
        <time>2026-07-02T20:54:20+00:00</time>
      </trkpt>
      <trkpt lat="46.15008" lon="6.77645">
        <ele>1575</ele>
        <time>2026-07-02T20:54:23+00:00</time>
      </trkpt>
      <trkpt lat="46.15009" lon="6.77647">
        <ele>1575</ele>
        <time>2026-07-02T20:54:26+00:00</time>
      </trkpt>
      <trkpt lat="46.15012" lon="6.7765">
        <ele>1574</ele>
        <time>2026-07-02T20:54:29+00:00</time>
      </trkpt>
      <trkpt lat="46.15018" lon="6.77668">
        <ele>1575</ele>
        <time>2026-07-02T20:54:32+00:00</time>
      </trkpt>
      <trkpt lat="46.15019" lon="6.77676">
        <ele>1576</ele>
        <time>2026-07-02T20:54:35+00:00</time>
      </trkpt>
      <trkpt lat="46.15018" lon="6.77687">
        <ele>1576</ele>
        <time>2026-07-02T20:54:38+00:00</time>
      </trkpt>
      <trkpt lat="46.15018" lon="6.77696">
        <ele>1576</ele>
        <time>2026-07-02T20:54:41+00:00</time>
      </trkpt>
      <trkpt lat="46.15013" lon="6.77723">
        <ele>1579</ele>
        <time>2026-07-02T20:54:44+00:00</time>
      </trkpt>
      <trkpt lat="46.15014" lon="6.7774">
        <ele>1579</ele>
        <time>2026-07-02T20:54:47+00:00</time>
      </trkpt>
      <trkpt lat="46.15017" lon="6.77758">
        <ele>1582</ele>
        <time>2026-07-02T20:54:50+00:00</time>
      </trkpt>
      <trkpt lat="46.15017" lon="6.77774">
        <ele>1585</ele>
        <time>2026-07-02T20:54:53+00:00</time>
      </trkpt>
      <trkpt lat="46.1502" lon="6.7779">
        <ele>1589</ele>
        <time>2026-07-02T20:54:56+00:00</time>
      </trkpt>
      <trkpt lat="46.1502" lon="6.77797">
        <ele>1588</ele>
        <time>2026-07-02T20:54:59+00:00</time>
      </trkpt>
      <trkpt lat="46.15024" lon="6.77823">
        <ele>1594</ele>
        <time>2026-07-02T20:55:02+00:00</time>
      </trkpt>
      <trkpt lat="46.15027" lon="6.77835">
        <ele>1596</ele>
        <time>2026-07-02T20:55:05+00:00</time>
      </trkpt>
      <trkpt lat="46.15033" lon="6.77856">
        <ele>1601</ele>
        <time>2026-07-02T20:55:08+00:00</time>
      </trkpt>
      <trkpt lat="46.15036" lon="6.77881">
        <ele>1608</ele>
        <time>2026-07-02T20:55:11+00:00</time>
      </trkpt>
      <trkpt lat="46.15035" lon="6.77911">
        <ele>1613</ele>
        <time>2026-07-02T20:55:14+00:00</time>
      </trkpt>
      <trkpt lat="46.15032" lon="6.77931">
        <ele>1617</ele>
        <time>2026-07-02T20:55:17+00:00</time>
      </trkpt>
      <trkpt lat="46.15037" lon="6.77971">
        <ele>1624</ele>
        <time>2026-07-02T20:55:20+00:00</time>
      </trkpt>
      <trkpt lat="46.15037" lon="6.77978">
        <ele>1624</ele>
        <time>2026-07-02T20:55:23+00:00</time>
      </trkpt>
      <trkpt lat="46.15036" lon="6.7798">
        <ele>1625</ele>
        <time>2026-07-02T20:55:26+00:00</time>
      </trkpt>
      <trkpt lat="46.15037" lon="6.77986">
        <ele>1625</ele>
        <time>2026-07-02T20:55:29+00:00</time>
      </trkpt>
      <trkpt lat="46.15036" lon="6.77999">
        <ele>1627</ele>
        <time>2026-07-02T20:55:32+00:00</time>
      </trkpt>
      <trkpt lat="46.15035" lon="6.78004">
        <ele>1627</ele>
        <time>2026-07-02T20:55:35+00:00</time>
      </trkpt>
      <trkpt lat="46.15035" lon="6.78018">
        <ele>1627</ele>
        <time>2026-07-02T20:55:38+00:00</time>
      </trkpt>
      <trkpt lat="46.15038" lon="6.7803">
        <ele>1628</ele>
        <time>2026-07-02T20:55:41+00:00</time>
      </trkpt>
      <trkpt lat="46.15038" lon="6.78035">
        <ele>1629</ele>
        <time>2026-07-02T20:55:44+00:00</time>
      </trkpt>
      <trkpt lat="46.15038" lon="6.78056">
        <ele>1632</ele>
        <time>2026-07-02T20:55:47+00:00</time>
      </trkpt>
      <trkpt lat="46.15037" lon="6.78061">
        <ele>1634</ele>
        <time>2026-07-02T20:55:50+00:00</time>
      </trkpt>
      <trkpt lat="46.15037" lon="6.78066">
        <ele>1634</ele>
        <time>2026-07-02T20:55:53+00:00</time>
      </trkpt>
      <trkpt lat="46.15041" lon="6.78074">
        <ele>1635</ele>
        <time>2026-07-02T20:55:56+00:00</time>
      </trkpt>
      <trkpt lat="46.15042" lon="6.78079">
        <ele>1635</ele>
        <time>2026-07-02T20:55:59+00:00</time>
      </trkpt>
      <trkpt lat="46.15042" lon="6.78083">
        <ele>1640</ele>
        <time>2026-07-02T20:56:02+00:00</time>
      </trkpt>
      <trkpt lat="46.1504" lon="6.78088">
        <ele>1640</ele>
        <time>2026-07-02T20:56:05+00:00</time>
      </trkpt>
      <trkpt lat="46.15037" lon="6.78091">
        <ele>1644</ele>
        <time>2026-07-02T20:56:08+00:00</time>
      </trkpt>
      <trkpt lat="46.15036" lon="6.78094">
        <ele>1644</ele>
        <time>2026-07-02T20:56:11+00:00</time>
      </trkpt>
      <trkpt lat="46.15037" lon="6.78098">
        <ele>1644</ele>
        <time>2026-07-02T20:56:14+00:00</time>
      </trkpt>
      <trkpt lat="46.1504" lon="6.78101">
        <ele>1645</ele>
        <time>2026-07-02T20:56:17+00:00</time>
      </trkpt>
      <trkpt lat="46.1504" lon="6.78105">
        <ele>1645</ele>
        <time>2026-07-02T20:56:20+00:00</time>
      </trkpt>
      <trkpt lat="46.15041" lon="6.78107">
        <ele>1645</ele>
        <time>2026-07-02T20:56:23+00:00</time>
      </trkpt>
      <trkpt lat="46.15046" lon="6.78115">
        <ele>1646</ele>
        <time>2026-07-02T20:56:26+00:00</time>
      </trkpt>
      <trkpt lat="46.15049" lon="6.78114">
        <ele>1646</ele>
        <time>2026-07-02T20:56:29+00:00</time>
      </trkpt>
      <trkpt lat="46.15053" lon="6.78117">
        <ele>1648</ele>
        <time>2026-07-02T20:56:32+00:00</time>
      </trkpt>
      <trkpt lat="46.15059" lon="6.78116">
        <ele>1648</ele>
        <time>2026-07-02T20:56:35+00:00</time>
      </trkpt>
      <trkpt lat="46.15064" lon="6.78117">
        <ele>1651</ele>
        <time>2026-07-02T20:56:38+00:00</time>
      </trkpt>
      <trkpt lat="46.15086" lon="6.78126">
        <ele>1659</ele>
        <time>2026-07-02T20:56:41+00:00</time>
      </trkpt>
      <trkpt lat="46.15091" lon="6.78129">
        <ele>1661</ele>
        <time>2026-07-02T20:56:44+00:00</time>
      </trkpt>
      <trkpt lat="46.15098" lon="6.78141">
        <ele>1669</ele>
        <time>2026-07-02T20:56:47+00:00</time>
      </trkpt>
      <trkpt lat="46.15098" lon="6.7816">
        <ele>1675</ele>
        <time>2026-07-02T20:56:50+00:00</time>
      </trkpt>
      <trkpt lat="46.15089" lon="6.78188">
        <ele>1682</ele>
        <time>2026-07-02T20:56:53+00:00</time>
      </trkpt>
      <trkpt lat="46.15091" lon="6.78197">
        <ele>1685</ele>
        <time>2026-07-02T20:56:56+00:00</time>
      </trkpt>
      <trkpt lat="46.1509" lon="6.78199">
        <ele>1685</ele>
        <time>2026-07-02T20:56:59+00:00</time>
      </trkpt>
      <trkpt lat="46.15089" lon="6.78199">
        <ele>1685</ele>
        <time>2026-07-02T20:57:02+00:00</time>
      </trkpt>
      <trkpt lat="46.15087" lon="6.78203">
        <ele>1689</ele>
        <time>2026-07-02T20:57:05+00:00</time>
      </trkpt>
      <trkpt lat="46.15088" lon="6.78208">
        <ele>1689</ele>
        <time>2026-07-02T20:57:08+00:00</time>
      </trkpt>
      <trkpt lat="46.1509" lon="6.78217">
        <ele>1691</ele>
        <time>2026-07-02T20:57:11+00:00</time>
      </trkpt>
      <trkpt lat="46.15093" lon="6.78227">
        <ele>1693</ele>
        <time>2026-07-02T20:57:14+00:00</time>
      </trkpt>
      <trkpt lat="46.15094" lon="6.78239">
        <ele>1696</ele>
        <time>2026-07-02T20:57:17+00:00</time>
      </trkpt>
      <trkpt lat="46.15092" lon="6.78244">
        <ele>1698</ele>
        <time>2026-07-02T20:57:20+00:00</time>
      </trkpt>
      <trkpt lat="46.15092" lon="6.7825">
        <ele>1698</ele>
        <time>2026-07-02T20:57:23+00:00</time>
      </trkpt>
      <trkpt lat="46.15094" lon="6.78254">
        <ele>1700</ele>
        <time>2026-07-02T20:57:26+00:00</time>
      </trkpt>
      <trkpt lat="46.15092" lon="6.78262">
        <ele>1702</ele>
        <time>2026-07-02T20:57:29+00:00</time>
      </trkpt>
      <trkpt lat="46.15091" lon="6.78266">
        <ele>1702</ele>
        <time>2026-07-02T20:57:32+00:00</time>
      </trkpt>
      <trkpt lat="46.15089" lon="6.78271">
        <ele>1703</ele>
        <time>2026-07-02T20:57:35+00:00</time>
      </trkpt>
      <trkpt lat="46.15088" lon="6.78275">
        <ele>1703</ele>
        <time>2026-07-02T20:57:38+00:00</time>
      </trkpt>
      <trkpt lat="46.15089" lon="6.78279">
        <ele>1703</ele>
        <time>2026-07-02T20:57:41+00:00</time>
      </trkpt>
      <trkpt lat="46.15093" lon="6.78282">
        <ele>1705</ele>
        <time>2026-07-02T20:57:44+00:00</time>
      </trkpt>
      <trkpt lat="46.15093" lon="6.78286">
        <ele>1705</ele>
        <time>2026-07-02T20:57:47+00:00</time>
      </trkpt>
      <trkpt lat="46.15094" lon="6.78291">
        <ele>1708</ele>
        <time>2026-07-02T20:57:50+00:00</time>
      </trkpt>
      <trkpt lat="46.15096" lon="6.78296">
        <ele>1708</ele>
        <time>2026-07-02T20:57:53+00:00</time>
      </trkpt>
      <trkpt lat="46.15099" lon="6.78303">
        <ele>1711</ele>
        <time>2026-07-02T20:57:56+00:00</time>
      </trkpt>
      <trkpt lat="46.15099" lon="6.78306">
        <ele>1711</ele>
        <time>2026-07-02T20:57:59+00:00</time>
      </trkpt>
      <trkpt lat="46.15096" lon="6.78312">
        <ele>1713</ele>
        <time>2026-07-02T20:58:02+00:00</time>
      </trkpt>
      <trkpt lat="46.15096" lon="6.78315">
        <ele>1713</ele>
        <time>2026-07-02T20:58:05+00:00</time>
      </trkpt>
      <trkpt lat="46.15096" lon="6.7833">
        <ele>1716</ele>
        <time>2026-07-02T20:58:08+00:00</time>
      </trkpt>
      <trkpt lat="46.15097" lon="6.78333">
        <ele>1718</ele>
        <time>2026-07-02T20:58:11+00:00</time>
      </trkpt>
      <trkpt lat="46.15098" lon="6.78336">
        <ele>1718</ele>
        <time>2026-07-02T20:58:14+00:00</time>
      </trkpt>
      <trkpt lat="46.15097" lon="6.78364">
        <ele>1722</ele>
        <time>2026-07-02T20:58:17+00:00</time>
      </trkpt>
      <trkpt lat="46.151" lon="6.78369">
        <ele>1722</ele>
        <time>2026-07-02T20:58:20+00:00</time>
      </trkpt>
      <trkpt lat="46.151" lon="6.78371">
        <ele>1728</ele>
        <time>2026-07-02T20:58:23+00:00</time>
      </trkpt>
      <trkpt lat="46.15098" lon="6.78378">
        <ele>1724</ele>
        <time>2026-07-02T20:58:26+00:00</time>
      </trkpt>
      <trkpt lat="46.15098" lon="6.78389">
        <ele>1726</ele>
        <time>2026-07-02T20:58:29+00:00</time>
      </trkpt>
      <trkpt lat="46.15102" lon="6.78396">
        <ele>1733</ele>
        <time>2026-07-02T20:58:32+00:00</time>
      </trkpt>
      <trkpt lat="46.15103" lon="6.78402">
        <ele>1735</ele>
        <time>2026-07-02T20:58:35+00:00</time>
      </trkpt>
      <trkpt lat="46.15105" lon="6.78406">
        <ele>1735</ele>
        <time>2026-07-02T20:58:38+00:00</time>
      </trkpt>
      <trkpt lat="46.15108" lon="6.78409">
        <ele>1735</ele>
        <time>2026-07-02T20:58:41+00:00</time>
      </trkpt>
      <trkpt lat="46.15113" lon="6.78424">
        <ele>1741</ele>
        <time>2026-07-02T20:58:44+00:00</time>
      </trkpt>
      <trkpt lat="46.15111" lon="6.78434">
        <ele>1742</ele>
        <time>2026-07-02T20:58:47+00:00</time>
      </trkpt>
      <trkpt lat="46.15116" lon="6.78448">
        <ele>1743</ele>
        <time>2026-07-02T20:58:50+00:00</time>
      </trkpt>
      <trkpt lat="46.15115" lon="6.78453">
        <ele>1746</ele>
        <time>2026-07-02T20:58:53+00:00</time>
      </trkpt>
      <trkpt lat="46.15115" lon="6.78464">
        <ele>1747</ele>
        <time>2026-07-02T20:58:56+00:00</time>
      </trkpt>
      <trkpt lat="46.1511" lon="6.7848">
        <ele>1750</ele>
        <time>2026-07-02T20:58:59+00:00</time>
      </trkpt>
      <trkpt lat="46.15109" lon="6.78486">
        <ele>1750</ele>
        <time>2026-07-02T20:59:02+00:00</time>
      </trkpt>
      <trkpt lat="46.15107" lon="6.78489">
        <ele>1750</ele>
        <time>2026-07-02T20:59:05+00:00</time>
      </trkpt>
      <trkpt lat="46.15104" lon="6.78495">
        <ele>1751</ele>
        <time>2026-07-02T20:59:08+00:00</time>
      </trkpt>
      <trkpt lat="46.15105" lon="6.78499">
        <ele>1751</ele>
        <time>2026-07-02T20:59:11+00:00</time>
      </trkpt>
      <trkpt lat="46.15104" lon="6.78504">
        <ele>1753</ele>
        <time>2026-07-02T20:59:14+00:00</time>
      </trkpt>
      <trkpt lat="46.15103" lon="6.78515">
        <ele>1755</ele>
        <time>2026-07-02T20:59:17+00:00</time>
      </trkpt>
      <trkpt lat="46.15103" lon="6.78519">
        <ele>1755</ele>
        <time>2026-07-02T20:59:20+00:00</time>
      </trkpt>
      <trkpt lat="46.15102" lon="6.78527">
        <ele>1756</ele>
        <time>2026-07-02T20:59:23+00:00</time>
      </trkpt>
      <trkpt lat="46.15102" lon="6.78534">
        <ele>1758</ele>
        <time>2026-07-02T20:59:26+00:00</time>
      </trkpt>
      <trkpt lat="46.15101" lon="6.78538">
        <ele>1758</ele>
        <time>2026-07-02T20:59:29+00:00</time>
      </trkpt>
      <trkpt lat="46.15097" lon="6.78547">
        <ele>1757</ele>
        <time>2026-07-02T20:59:32+00:00</time>
      </trkpt>
      <trkpt lat="46.15091" lon="6.78561">
        <ele>1759</ele>
        <time>2026-07-02T20:59:35+00:00</time>
      </trkpt>
      <trkpt lat="46.15091" lon="6.78568">
        <ele>1759</ele>
        <time>2026-07-02T20:59:38+00:00</time>
      </trkpt>
      <trkpt lat="46.15091" lon="6.78575">
        <ele>1762</ele>
        <time>2026-07-02T20:59:41+00:00</time>
      </trkpt>
      <trkpt lat="46.15092" lon="6.78583">
        <ele>1763</ele>
        <time>2026-07-02T20:59:44+00:00</time>
      </trkpt>
      <trkpt lat="46.15093" lon="6.78597">
        <ele>1764</ele>
        <time>2026-07-02T20:59:47+00:00</time>
      </trkpt>
      <trkpt lat="46.15094" lon="6.78604">
        <ele>1766</ele>
        <time>2026-07-02T20:59:50+00:00</time>
      </trkpt>
      <trkpt lat="46.15098" lon="6.78614">
        <ele>1767</ele>
        <time>2026-07-02T20:59:53+00:00</time>
      </trkpt>
      <trkpt lat="46.15098" lon="6.7862">
        <ele>1767</ele>
        <time>2026-07-02T20:59:56+00:00</time>
      </trkpt>
      <trkpt lat="46.15101" lon="6.78629">
        <ele>1770</ele>
        <time>2026-07-02T20:59:59+00:00</time>
      </trkpt>
      <trkpt lat="46.15102" lon="6.78636">
        <ele>1771</ele>
        <time>2026-07-02T21:00:02+00:00</time>
      </trkpt>
      <trkpt lat="46.15101" lon="6.78643">
        <ele>1772</ele>
        <time>2026-07-02T21:00:05+00:00</time>
      </trkpt>
      <trkpt lat="46.15096" lon="6.78653">
        <ele>1770</ele>
        <time>2026-07-02T21:00:08+00:00</time>
      </trkpt>
      <trkpt lat="46.15096" lon="6.78657">
        <ele>1770</ele>
        <time>2026-07-02T21:00:11+00:00</time>
      </trkpt>
      <trkpt lat="46.15095" lon="6.78658">
        <ele>1770</ele>
        <time>2026-07-02T21:00:14+00:00</time>
      </trkpt>
      <trkpt lat="46.15093" lon="6.78665">
        <ele>1773</ele>
        <time>2026-07-02T21:00:17+00:00</time>
      </trkpt>
      <trkpt lat="46.15092" lon="6.78668">
        <ele>1773</ele>
        <time>2026-07-02T21:00:20+00:00</time>
      </trkpt>
      <trkpt lat="46.15092" lon="6.78671">
        <ele>1774</ele>
        <time>2026-07-02T21:00:23+00:00</time>
      </trkpt>
      <trkpt lat="46.15093" lon="6.78674">
        <ele>1774</ele>
        <time>2026-07-02T21:00:26+00:00</time>
      </trkpt>
      <trkpt lat="46.15094" lon="6.78675">
        <ele>1774</ele>
        <time>2026-07-02T21:00:29+00:00</time>
      </trkpt>
      <trkpt lat="46.15095" lon="6.7868">
        <ele>1774</ele>
        <time>2026-07-02T21:00:32+00:00</time>
      </trkpt>
      <trkpt lat="46.15094" lon="6.78686">
        <ele>1776</ele>
        <time>2026-07-02T21:00:35+00:00</time>
      </trkpt>
      <trkpt lat="46.15096" lon="6.78696">
        <ele>1778</ele>
        <time>2026-07-02T21:00:38+00:00</time>
      </trkpt>
      <trkpt lat="46.15096" lon="6.78698">
        <ele>1778</ele>
        <time>2026-07-02T21:00:41+00:00</time>
      </trkpt>
      <trkpt lat="46.15094" lon="6.78702">
        <ele>1779</ele>
        <time>2026-07-02T21:00:44+00:00</time>
      </trkpt>
      <trkpt lat="46.15094" lon="6.78705">
        <ele>1779</ele>
        <time>2026-07-02T21:00:47+00:00</time>
      </trkpt>
      <trkpt lat="46.15094" lon="6.78711">
        <ele>1782</ele>
        <time>2026-07-02T21:00:50+00:00</time>
      </trkpt>
      <trkpt lat="46.15093" lon="6.78718">
        <ele>1782</ele>
        <time>2026-07-02T21:00:53+00:00</time>
      </trkpt>
      <trkpt lat="46.15091" lon="6.78723">
        <ele>1784</ele>
        <time>2026-07-02T21:00:56+00:00</time>
      </trkpt>
      <trkpt lat="46.15086" lon="6.78726">
        <ele>1783</ele>
        <time>2026-07-02T21:00:59+00:00</time>
      </trkpt>
      <trkpt lat="46.15085" lon="6.78729">
        <ele>1783</ele>
        <time>2026-07-02T21:01:02+00:00</time>
      </trkpt>
      <trkpt lat="46.15084" lon="6.78734">
        <ele>1785</ele>
        <time>2026-07-02T21:01:05+00:00</time>
      </trkpt>
      <trkpt lat="46.15081" lon="6.78747">
        <ele>1787</ele>
        <time>2026-07-02T21:01:08+00:00</time>
      </trkpt>
      <trkpt lat="46.15081" lon="6.78753">
        <ele>1790</ele>
        <time>2026-07-02T21:01:11+00:00</time>
      </trkpt>
      <trkpt lat="46.15078" lon="6.78765">
        <ele>1790</ele>
        <time>2026-07-02T21:01:14+00:00</time>
      </trkpt>
      <trkpt lat="46.15079" lon="6.7877">
        <ele>1793</ele>
        <time>2026-07-02T21:01:17+00:00</time>
      </trkpt>
      <trkpt lat="46.15078" lon="6.78772">
        <ele>1793</ele>
        <time>2026-07-02T21:01:20+00:00</time>
      </trkpt>
      <trkpt lat="46.15074" lon="6.78772">
        <ele>1793</ele>
        <time>2026-07-02T21:01:23+00:00</time>
      </trkpt>
      <trkpt lat="46.1507" lon="6.78773">
        <ele>1793</ele>
        <time>2026-07-02T21:01:26+00:00</time>
      </trkpt>
      <trkpt lat="46.15066" lon="6.78778">
        <ele>1792</ele>
        <time>2026-07-02T21:01:29+00:00</time>
      </trkpt>
      <trkpt lat="46.15066" lon="6.7878">
        <ele>1792</ele>
        <time>2026-07-02T21:01:32+00:00</time>
      </trkpt>
      <trkpt lat="46.15071" lon="6.78783">
        <ele>1799</ele>
        <time>2026-07-02T21:01:35+00:00</time>
      </trkpt>
      <trkpt lat="46.15072" lon="6.78784">
        <ele>1799</ele>
        <time>2026-07-02T21:01:38+00:00</time>
      </trkpt>
      <trkpt lat="46.15071" lon="6.78786">
        <ele>1799</ele>
        <time>2026-07-02T21:01:41+00:00</time>
      </trkpt>
      <trkpt lat="46.15071" lon="6.78789">
        <ele>1799</ele>
        <time>2026-07-02T21:01:44+00:00</time>
      </trkpt>
      <trkpt lat="46.15073" lon="6.78794">
        <ele>1801</ele>
        <time>2026-07-02T21:01:47+00:00</time>
      </trkpt>
      <trkpt lat="46.15074" lon="6.78796">
        <ele>1801</ele>
        <time>2026-07-02T21:01:50+00:00</time>
      </trkpt>
      <trkpt lat="46.15074" lon="6.788">
        <ele>1801</ele>
        <time>2026-07-02T21:01:53+00:00</time>
      </trkpt>
      <trkpt lat="46.15079" lon="6.78809">
        <ele>1803</ele>
        <time>2026-07-02T21:01:56+00:00</time>
      </trkpt>
      <trkpt lat="46.1508" lon="6.78814">
        <ele>1806</ele>
        <time>2026-07-02T21:01:59+00:00</time>
      </trkpt>
      <trkpt lat="46.1508" lon="6.78826">
        <ele>1807</ele>
        <time>2026-07-02T21:02:02+00:00</time>
      </trkpt>
      <trkpt lat="46.15081" lon="6.78827">
        <ele>1808</ele>
        <time>2026-07-02T21:02:05+00:00</time>
      </trkpt>
      <trkpt lat="46.15082" lon="6.78829">
        <ele>1808</ele>
        <time>2026-07-02T21:02:08+00:00</time>
      </trkpt>
      <trkpt lat="46.15085" lon="6.78833">
        <ele>1810</ele>
        <time>2026-07-02T21:02:11+00:00</time>
      </trkpt>
      <trkpt lat="46.15086" lon="6.78838">
        <ele>1810</ele>
        <time>2026-07-02T21:02:14+00:00</time>
      </trkpt>
      <trkpt lat="46.15087" lon="6.78842">
        <ele>1813</ele>
        <time>2026-07-02T21:02:17+00:00</time>
      </trkpt>
      <trkpt lat="46.15086" lon="6.78858">
        <ele>1815</ele>
        <time>2026-07-02T21:02:20+00:00</time>
      </trkpt>
      <trkpt lat="46.15086" lon="6.78865">
        <ele>1817</ele>
        <time>2026-07-02T21:02:23+00:00</time>
      </trkpt>
      <trkpt lat="46.15085" lon="6.7887">
        <ele>1817</ele>
        <time>2026-07-02T21:02:26+00:00</time>
      </trkpt>
      <trkpt lat="46.15086" lon="6.78877">
        <ele>1820</ele>
        <time>2026-07-02T21:02:29+00:00</time>
      </trkpt>
      <trkpt lat="46.15086" lon="6.78907">
        <ele>1828</ele>
        <time>2026-07-02T21:02:32+00:00</time>
      </trkpt>
      <trkpt lat="46.15087" lon="6.78915">
        <ele>1830</ele>
        <time>2026-07-02T21:02:35+00:00</time>
      </trkpt>
      <trkpt lat="46.15086" lon="6.78923">
        <ele>1832</ele>
        <time>2026-07-02T21:02:38+00:00</time>
      </trkpt>
      <trkpt lat="46.15083" lon="6.78929">
        <ele>1832</ele>
        <time>2026-07-02T21:02:41+00:00</time>
      </trkpt>
      <trkpt lat="46.15079" lon="6.78932">
        <ele>1838</ele>
        <time>2026-07-02T21:02:44+00:00</time>
      </trkpt>
      <trkpt lat="46.1507" lon="6.78929">
        <ele>1833</ele>
        <time>2026-07-02T21:02:47+00:00</time>
      </trkpt>
      <trkpt lat="46.15066" lon="6.78932">
        <ele>1837</ele>
        <time>2026-07-02T21:02:50+00:00</time>
      </trkpt>
      <trkpt lat="46.15064" lon="6.78938">
        <ele>1837</ele>
        <time>2026-07-02T21:02:53+00:00</time>
      </trkpt>
      <trkpt lat="46.15064" lon="6.78945">
        <ele>1839</ele>
        <time>2026-07-02T21:02:56+00:00</time>
      </trkpt>
      <trkpt lat="46.15066" lon="6.78951">
        <ele>1842</ele>
        <time>2026-07-02T21:02:59+00:00</time>
      </trkpt>
      <trkpt lat="46.15067" lon="6.78957">
        <ele>1842</ele>
        <time>2026-07-02T21:03:02+00:00</time>
      </trkpt>
      <trkpt lat="46.15067" lon="6.78961">
        <ele>1847</ele>
        <time>2026-07-02T21:03:05+00:00</time>
      </trkpt>
      <trkpt lat="46.15071" lon="6.78963">
        <ele>1850</ele>
        <time>2026-07-02T21:03:08+00:00</time>
      </trkpt>
      <trkpt lat="46.1507" lon="6.78969">
        <ele>1850</ele>
        <time>2026-07-02T21:03:11+00:00</time>
      </trkpt>
      <trkpt lat="46.15072" lon="6.78975">
        <ele>1853</ele>
        <time>2026-07-02T21:03:14+00:00</time>
      </trkpt>
      <trkpt lat="46.15074" lon="6.78979">
        <ele>1853</ele>
        <time>2026-07-02T21:03:17+00:00</time>
      </trkpt>
      <trkpt lat="46.15076" lon="6.78981">
        <ele>1855</ele>
        <time>2026-07-02T21:03:20+00:00</time>
      </trkpt>
      <trkpt lat="46.15078" lon="6.78986">
        <ele>1855</ele>
        <time>2026-07-02T21:03:23+00:00</time>
      </trkpt>
      <trkpt lat="46.15076" lon="6.79">
        <ele>1857</ele>
        <time>2026-07-02T21:03:26+00:00</time>
      </trkpt>
      <trkpt lat="46.15074" lon="6.79002">
        <ele>1860</ele>
        <time>2026-07-02T21:03:29+00:00</time>
      </trkpt>
      <trkpt lat="46.15074" lon="6.79005">
        <ele>1860</ele>
        <time>2026-07-02T21:03:32+00:00</time>
      </trkpt>
      <trkpt lat="46.15078" lon="6.7901">
        <ele>1860</ele>
        <time>2026-07-02T21:03:35+00:00</time>
      </trkpt>
      <trkpt lat="46.15077" lon="6.79013">
        <ele>1862</ele>
        <time>2026-07-02T21:03:38+00:00</time>
      </trkpt>
      <trkpt lat="46.15077" lon="6.79015">
        <ele>1862</ele>
        <time>2026-07-02T21:03:41+00:00</time>
      </trkpt>
      <trkpt lat="46.15079" lon="6.79016">
        <ele>1862</ele>
        <time>2026-07-02T21:03:44+00:00</time>
      </trkpt>
      <trkpt lat="46.15079" lon="6.79019">
        <ele>1862</ele>
        <time>2026-07-02T21:03:47+00:00</time>
      </trkpt>
      <trkpt lat="46.15081" lon="6.79021">
        <ele>1869</ele>
        <time>2026-07-02T21:03:50+00:00</time>
      </trkpt>
      <trkpt lat="46.15083" lon="6.79026">
        <ele>1869</ele>
        <time>2026-07-02T21:03:53+00:00</time>
      </trkpt>
      <trkpt lat="46.15084" lon="6.79031">
        <ele>1871</ele>
        <time>2026-07-02T21:03:56+00:00</time>
      </trkpt>
      <trkpt lat="46.15085" lon="6.79037">
        <ele>1871</ele>
        <time>2026-07-02T21:03:59+00:00</time>
      </trkpt>
      <trkpt lat="46.15085" lon="6.79041">
        <ele>1873</ele>
        <time>2026-07-02T21:04:02+00:00</time>
      </trkpt>
      <trkpt lat="46.15085" lon="6.79046">
        <ele>1873</ele>
        <time>2026-07-02T21:04:05+00:00</time>
      </trkpt>
      <trkpt lat="46.1508" lon="6.79051">
        <ele>1877</ele>
        <time>2026-07-02T21:04:08+00:00</time>
      </trkpt>
      <trkpt lat="46.1508" lon="6.79058">
        <ele>1877</ele>
        <time>2026-07-02T21:04:11+00:00</time>
      </trkpt>
      <trkpt lat="46.15082" lon="6.79064">
        <ele>1878</ele>
        <time>2026-07-02T21:04:14+00:00</time>
      </trkpt>
      <trkpt lat="46.15081" lon="6.79069">
        <ele>1878</ele>
        <time>2026-07-02T21:04:17+00:00</time>
      </trkpt>
      <trkpt lat="46.15081" lon="6.79072">
        <ele>1880</ele>
        <time>2026-07-02T21:04:20+00:00</time>
      </trkpt>
      <trkpt lat="46.15078" lon="6.79078">
        <ele>1878</ele>
        <time>2026-07-02T21:04:23+00:00</time>
      </trkpt>
      <trkpt lat="46.15072" lon="6.79086">
        <ele>1881</ele>
        <time>2026-07-02T21:04:26+00:00</time>
      </trkpt>
      <trkpt lat="46.1506" lon="6.79107">
        <ele>1884</ele>
        <time>2026-07-02T21:04:29+00:00</time>
      </trkpt>
      <trkpt lat="46.15058" lon="6.79112">
        <ele>1888</ele>
        <time>2026-07-02T21:04:32+00:00</time>
      </trkpt>
      <trkpt lat="46.15054" lon="6.79118">
        <ele>1888</ele>
        <time>2026-07-02T21:04:35+00:00</time>
      </trkpt>
      <trkpt lat="46.15049" lon="6.79123">
        <ele>1889</ele>
        <time>2026-07-02T21:04:38+00:00</time>
      </trkpt>
      <trkpt lat="46.15048" lon="6.79129">
        <ele>1889</ele>
        <time>2026-07-02T21:04:41+00:00</time>
      </trkpt>
      <trkpt lat="46.15045" lon="6.79132">
        <ele>1891</ele>
        <time>2026-07-02T21:04:44+00:00</time>
      </trkpt>
      <trkpt lat="46.15042" lon="6.79148">
        <ele>1894</ele>
        <time>2026-07-02T21:04:47+00:00</time>
      </trkpt>
      <trkpt lat="46.15041" lon="6.79155">
        <ele>1896</ele>
        <time>2026-07-02T21:04:50+00:00</time>
      </trkpt>
      <trkpt lat="46.15043" lon="6.79157">
        <ele>1896</ele>
        <time>2026-07-02T21:04:53+00:00</time>
      </trkpt>
      <trkpt lat="46.15042" lon="6.79161">
        <ele>1898</ele>
        <time>2026-07-02T21:04:56+00:00</time>
      </trkpt>
      <trkpt lat="46.15036" lon="6.79174">
        <ele>1896</ele>
        <time>2026-07-02T21:04:59+00:00</time>
      </trkpt>
      <trkpt lat="46.15035" lon="6.79178">
        <ele>1896</ele>
        <time>2026-07-02T21:05:02+00:00</time>
      </trkpt>
      <trkpt lat="46.15038" lon="6.7919">
        <ele>1898</ele>
        <time>2026-07-02T21:05:05+00:00</time>
      </trkpt>
      <trkpt lat="46.15038" lon="6.79195">
        <ele>1900</ele>
        <time>2026-07-02T21:05:08+00:00</time>
      </trkpt>
      <trkpt lat="46.15039" lon="6.79203">
        <ele>1903</ele>
        <time>2026-07-02T21:05:11+00:00</time>
      </trkpt>
      <trkpt lat="46.15039" lon="6.79215">
        <ele>1905</ele>
        <time>2026-07-02T21:05:14+00:00</time>
      </trkpt>
      <trkpt lat="46.15038" lon="6.79222">
        <ele>1907</ele>
        <time>2026-07-02T21:05:17+00:00</time>
      </trkpt>
      <trkpt lat="46.15035" lon="6.79231">
        <ele>1910</ele>
        <time>2026-07-02T21:05:20+00:00</time>
      </trkpt>
      <trkpt lat="46.15033" lon="6.79235">
        <ele>1910</ele>
        <time>2026-07-02T21:05:23+00:00</time>
      </trkpt>
      <trkpt lat="46.15028" lon="6.79241">
        <ele>1910</ele>
        <time>2026-07-02T21:05:26+00:00</time>
      </trkpt>
      <trkpt lat="46.15025" lon="6.79247">
        <ele>1910</ele>
        <time>2026-07-02T21:05:29+00:00</time>
      </trkpt>
      <trkpt lat="46.15024" lon="6.79251">
        <ele>1912</ele>
        <time>2026-07-02T21:05:32+00:00</time>
      </trkpt>
      <trkpt lat="46.15023" lon="6.79271">
        <ele>1915</ele>
        <time>2026-07-02T21:05:35+00:00</time>
      </trkpt>
      <trkpt lat="46.15022" lon="6.79277">
        <ele>1915</ele>
        <time>2026-07-02T21:05:38+00:00</time>
      </trkpt>
      <trkpt lat="46.15032" lon="6.79272">
        <ele>1916</ele>
        <time>2026-07-02T21:05:41+00:00</time>
      </trkpt>
      <trkpt lat="46.15034" lon="6.7927">
        <ele>1916</ele>
        <time>2026-07-02T21:05:44+00:00</time>
      </trkpt>
      <trkpt lat="46.15038" lon="6.79264">
        <ele>1915</ele>
        <time>2026-07-02T21:05:47+00:00</time>
      </trkpt>
      <trkpt lat="46.15042" lon="6.79259">
        <ele>1917</ele>
        <time>2026-07-02T21:05:50+00:00</time>
      </trkpt>
      <trkpt lat="46.15046" lon="6.79256">
        <ele>1917</ele>
        <time>2026-07-02T21:05:53+00:00</time>
      </trkpt>
      <trkpt lat="46.15055" lon="6.79248">
        <ele>1918</ele>
        <time>2026-07-02T21:05:56+00:00</time>
      </trkpt>
      <trkpt lat="46.15056" lon="6.79248">
        <ele>1918</ele>
        <time>2026-07-02T21:05:59+00:00</time>
      </trkpt>
      <trkpt lat="46.1506" lon="6.79248">
        <ele>1918</ele>
        <time>2026-07-02T21:06:02+00:00</time>
      </trkpt>
      <trkpt lat="46.15063" lon="6.79246">
        <ele>1920</ele>
        <time>2026-07-02T21:06:05+00:00</time>
      </trkpt>
      <trkpt lat="46.15066" lon="6.79242">
        <ele>1920</ele>
        <time>2026-07-02T21:06:08+00:00</time>
      </trkpt>
      <trkpt lat="46.15072" lon="6.79241">
        <ele>1923</ele>
        <time>2026-07-02T21:06:11+00:00</time>
      </trkpt>
      <trkpt lat="46.15078" lon="6.79238">
        <ele>1923</ele>
        <time>2026-07-02T21:06:14+00:00</time>
      </trkpt>
      <trkpt lat="46.15085" lon="6.79234">
        <ele>1926</ele>
        <time>2026-07-02T21:06:17+00:00</time>
      </trkpt>
      <trkpt lat="46.15094" lon="6.7923">
        <ele>1929</ele>
        <time>2026-07-02T21:06:20+00:00</time>
      </trkpt>
      <trkpt lat="46.15098" lon="6.79225">
        <ele>1929</ele>
        <time>2026-07-02T21:06:23+00:00</time>
      </trkpt>
      <trkpt lat="46.15102" lon="6.7922">
        <ele>1934</ele>
        <time>2026-07-02T21:06:26+00:00</time>
      </trkpt>
      <trkpt lat="46.15104" lon="6.79218">
        <ele>1934</ele>
        <time>2026-07-02T21:06:29+00:00</time>
      </trkpt>
      <trkpt lat="46.15108" lon="6.79217">
        <ele>1934</ele>
        <time>2026-07-02T21:06:32+00:00</time>
      </trkpt>
      <trkpt lat="46.15111" lon="6.79215">
        <ele>1938</ele>
        <time>2026-07-02T21:06:35+00:00</time>
      </trkpt>
      <trkpt lat="46.15117" lon="6.79207">
        <ele>1938</ele>
        <time>2026-07-02T21:06:38+00:00</time>
      </trkpt>
      <trkpt lat="46.1512" lon="6.79203">
        <ele>1938</ele>
        <time>2026-07-02T21:06:41+00:00</time>
      </trkpt>
      <trkpt lat="46.15124" lon="6.79199">
        <ele>1942</ele>
        <time>2026-07-02T21:06:44+00:00</time>
      </trkpt>
      <trkpt lat="46.15128" lon="6.79199">
        <ele>1942</ele>
        <time>2026-07-02T21:06:47+00:00</time>
      </trkpt>
      <trkpt lat="46.15132" lon="6.79197">
        <ele>1948</ele>
        <time>2026-07-02T21:06:50+00:00</time>
      </trkpt>
      <trkpt lat="46.15135" lon="6.79193">
        <ele>1948</ele>
        <time>2026-07-02T21:06:53+00:00</time>
      </trkpt>
      <trkpt lat="46.1514" lon="6.79192">
        <ele>1952</ele>
        <time>2026-07-02T21:06:56+00:00</time>
      </trkpt>
      <trkpt lat="46.15145" lon="6.79191">
        <ele>1952</ele>
        <time>2026-07-02T21:06:59+00:00</time>
      </trkpt>
      <trkpt lat="46.15148" lon="6.7919">
        <ele>1951</ele>
        <time>2026-07-02T21:07:02+00:00</time>
      </trkpt>
      <trkpt lat="46.15149" lon="6.7919">
        <ele>1952</ele>
        <time>2026-07-02T21:07:05+00:00</time>
      </trkpt>
      <trkpt lat="46.15153" lon="6.79188">
        <ele>1956</ele>
        <time>2026-07-02T21:07:08+00:00</time>
      </trkpt>
      <trkpt lat="46.15157" lon="6.79184">
        <ele>1956</ele>
        <time>2026-07-02T21:07:11+00:00</time>
      </trkpt>
      <trkpt lat="46.1516" lon="6.79181">
        <ele>1956</ele>
        <time>2026-07-02T21:07:14+00:00</time>
      </trkpt>
      <trkpt lat="46.15161" lon="6.79178">
        <ele>1962</ele>
        <time>2026-07-02T21:07:17+00:00</time>
      </trkpt>
      <trkpt lat="46.15166" lon="6.79173">
        <ele>1962</ele>
        <time>2026-07-02T21:07:20+00:00</time>
      </trkpt>
      <trkpt lat="46.15169" lon="6.79169">
        <ele>1956</ele>
        <time>2026-07-02T21:07:23+00:00</time>
      </trkpt>
      <trkpt lat="46.15173" lon="6.79168">
        <ele>1959</ele>
        <time>2026-07-02T21:07:26+00:00</time>
      </trkpt>
      <trkpt lat="46.15178" lon="6.7917">
        <ele>1959</ele>
        <time>2026-07-02T21:07:29+00:00</time>
      </trkpt>
      <trkpt lat="46.15184" lon="6.79173">
        <ele>1966</ele>
        <time>2026-07-02T21:07:32+00:00</time>
      </trkpt>
      <trkpt lat="46.15186" lon="6.79174">
        <ele>1966</ele>
        <time>2026-07-02T21:07:35+00:00</time>
      </trkpt>
      <trkpt lat="46.15187" lon="6.7917">
        <ele>1964</ele>
        <time>2026-07-02T21:07:38+00:00</time>
      </trkpt>
      <trkpt lat="46.15186" lon="6.79167">
        <ele>1964</ele>
        <time>2026-07-02T21:07:41+00:00</time>
      </trkpt>
      <trkpt lat="46.15185" lon="6.79165">
        <ele>1964</ele>
        <time>2026-07-02T21:07:44+00:00</time>
      </trkpt>
      <trkpt lat="46.15185" lon="6.79163">
        <ele>1964</ele>
        <time>2026-07-02T21:07:47+00:00</time>
      </trkpt>
      <trkpt lat="46.15187" lon="6.79164">
        <ele>1964</ele>
        <time>2026-07-02T21:07:50+00:00</time>
      </trkpt>
      <trkpt lat="46.15191" lon="6.79163">
        <ele>1973</ele>
        <time>2026-07-02T21:07:53+00:00</time>
      </trkpt>
      <trkpt lat="46.15194" lon="6.79162">
        <ele>1973</ele>
        <time>2026-07-02T21:07:56+00:00</time>
      </trkpt>
      <trkpt lat="46.15196" lon="6.79164">
        <ele>1973</ele>
        <time>2026-07-02T21:07:59+00:00</time>
      </trkpt>
      <trkpt lat="46.15197" lon="6.79163">
        <ele>1973</ele>
        <time>2026-07-02T21:08:02+00:00</time>
      </trkpt>
      <trkpt lat="46.15199" lon="6.79161">
        <ele>1973</ele>
        <time>2026-07-02T21:08:05+00:00</time>
      </trkpt>
      <trkpt lat="46.15201" lon="6.79161">
        <ele>1980</ele>
        <time>2026-07-02T21:08:08+00:00</time>
      </trkpt>
      <trkpt lat="46.15202" lon="6.79161">
        <ele>1980</ele>
        <time>2026-07-02T21:08:11+00:00</time>
      </trkpt>
      <trkpt lat="46.15203" lon="6.79162">
        <ele>1980</ele>
        <time>2026-07-02T21:08:14+00:00</time>
      </trkpt>
      <trkpt lat="46.15206" lon="6.79159">
        <ele>1978</ele>
        <time>2026-07-02T21:08:17+00:00</time>
      </trkpt>
      <trkpt lat="46.15208" lon="6.79155">
        <ele>1978</ele>
        <time>2026-07-02T21:08:20+00:00</time>
      </trkpt>
      <trkpt lat="46.15212" lon="6.79152">
        <ele>1985</ele>
        <time>2026-07-02T21:08:23+00:00</time>
      </trkpt>
      <trkpt lat="46.15217" lon="6.7915">
        <ele>1985</ele>
        <time>2026-07-02T21:08:26+00:00</time>
      </trkpt>
      <trkpt lat="46.1522" lon="6.79149">
        <ele>1990</ele>
        <time>2026-07-02T21:08:29+00:00</time>
      </trkpt>
      <trkpt lat="46.15225" lon="6.79143">
        <ele>1990</ele>
        <time>2026-07-02T21:08:32+00:00</time>
      </trkpt>
      <trkpt lat="46.15228" lon="6.79138">
        <ele>1985</ele>
        <time>2026-07-02T21:08:35+00:00</time>
      </trkpt>
      <trkpt lat="46.1523" lon="6.79136">
        <ele>1989</ele>
        <time>2026-07-02T21:08:38+00:00</time>
      </trkpt>
      <trkpt lat="46.15233" lon="6.79136">
        <ele>1989</ele>
        <time>2026-07-02T21:08:41+00:00</time>
      </trkpt>
      <trkpt lat="46.15236" lon="6.79134">
        <ele>1989</ele>
        <time>2026-07-02T21:08:44+00:00</time>
      </trkpt>
      <trkpt lat="46.1524" lon="6.79127">
        <ele>1988</ele>
        <time>2026-07-02T21:08:47+00:00</time>
      </trkpt>
      <trkpt lat="46.15243" lon="6.79122">
        <ele>1993</ele>
        <time>2026-07-02T21:08:50+00:00</time>
      </trkpt>
      <trkpt lat="46.15248" lon="6.79115">
        <ele>1993</ele>
        <time>2026-07-02T21:08:53+00:00</time>
      </trkpt>
      <trkpt lat="46.15249" lon="6.79114">
        <ele>1993</ele>
        <time>2026-07-02T21:08:56+00:00</time>
      </trkpt>
      <trkpt lat="46.15251" lon="6.79114">
        <ele>1998</ele>
        <time>2026-07-02T21:08:59+00:00</time>
      </trkpt>
      <trkpt lat="46.15255" lon="6.79107">
        <ele>1997</ele>
        <time>2026-07-02T21:09:02+00:00</time>
      </trkpt>
      <trkpt lat="46.1526" lon="6.79104">
        <ele>1997</ele>
        <time>2026-07-02T21:09:05+00:00</time>
      </trkpt>
      <trkpt lat="46.15264" lon="6.79098">
        <ele>2000</ele>
        <time>2026-07-02T21:09:08+00:00</time>
      </trkpt>
      <trkpt lat="46.15268" lon="6.79092">
        <ele>2000</ele>
        <time>2026-07-02T21:09:11+00:00</time>
      </trkpt>
      <trkpt lat="46.15271" lon="6.79089">
        <ele>2003</ele>
        <time>2026-07-02T21:09:14+00:00</time>
      </trkpt>
      <trkpt lat="46.15275" lon="6.79083">
        <ele>2003</ele>
        <time>2026-07-02T21:09:17+00:00</time>
      </trkpt>
      <trkpt lat="46.15279" lon="6.79079">
        <ele>2001</ele>
        <time>2026-07-02T21:09:20+00:00</time>
      </trkpt>
      <trkpt lat="46.15283" lon="6.79076">
        <ele>2009</ele>
        <time>2026-07-02T21:09:23+00:00</time>
      </trkpt>
      <trkpt lat="46.1529" lon="6.79074">
        <ele>2012</ele>
        <time>2026-07-02T21:09:26+00:00</time>
      </trkpt>
      <trkpt lat="46.15296" lon="6.79073">
        <ele>2012</ele>
        <time>2026-07-02T21:09:29+00:00</time>
      </trkpt>
      <trkpt lat="46.15301" lon="6.79071">
        <ele>2015</ele>
        <time>2026-07-02T21:09:32+00:00</time>
      </trkpt>
      <trkpt lat="46.15304" lon="6.79066">
        <ele>2015</ele>
        <time>2026-07-02T21:09:35+00:00</time>
      </trkpt>
      <trkpt lat="46.15308" lon="6.79061">
        <ele>2015</ele>
        <time>2026-07-02T21:09:38+00:00</time>
      </trkpt>
      <trkpt lat="46.15312" lon="6.7906">
        <ele>2021</ele>
        <time>2026-07-02T21:09:41+00:00</time>
      </trkpt>
      <trkpt lat="46.15315" lon="6.79061">
        <ele>2021</ele>
        <time>2026-07-02T21:09:44+00:00</time>
      </trkpt>
      <trkpt lat="46.1532" lon="6.79058">
        <ele>2025</ele>
        <time>2026-07-02T21:09:47+00:00</time>
      </trkpt>
      <trkpt lat="46.15324" lon="6.79057">
        <ele>2025</ele>
        <time>2026-07-02T21:09:50+00:00</time>
      </trkpt>
      <trkpt lat="46.15327" lon="6.79053">
        <ele>2025</ele>
        <time>2026-07-02T21:09:53+00:00</time>
      </trkpt>
      <trkpt lat="46.15333" lon="6.79049">
        <ele>2030</ele>
        <time>2026-07-02T21:09:56+00:00</time>
      </trkpt>
      <trkpt lat="46.15337" lon="6.79045">
        <ele>2030</ele>
        <time>2026-07-02T21:09:59+00:00</time>
      </trkpt>
      <trkpt lat="46.15339" lon="6.7904">
        <ele>2028</ele>
        <time>2026-07-02T21:10:02+00:00</time>
      </trkpt>
      <trkpt lat="46.15339" lon="6.79035">
        <ele>2028</ele>
        <time>2026-07-02T21:10:05+00:00</time>
      </trkpt>
      <trkpt lat="46.15341" lon="6.79028">
        <ele>2039</ele>
        <time>2026-07-02T21:10:08+00:00</time>
      </trkpt>
      <trkpt lat="46.15344" lon="6.79022">
        <ele>2039</ele>
        <time>2026-07-02T21:10:11+00:00</time>
      </trkpt>
      <trkpt lat="46.15348" lon="6.79015">
        <ele>2036</ele>
        <time>2026-07-02T21:10:14+00:00</time>
      </trkpt>
      <trkpt lat="46.15352" lon="6.79011">
        <ele>2044</ele>
        <time>2026-07-02T21:10:17+00:00</time>
      </trkpt>
      <trkpt lat="46.15353" lon="6.79005">
        <ele>2043</ele>
        <time>2026-07-02T21:10:20+00:00</time>
      </trkpt>
      <trkpt lat="46.15353" lon="6.78999">
        <ele>2042</ele>
        <time>2026-07-02T21:10:23+00:00</time>
      </trkpt>
      <trkpt lat="46.15355" lon="6.78996">
        <ele>2042</ele>
        <time>2026-07-02T21:10:26+00:00</time>
      </trkpt>
      <trkpt lat="46.15356" lon="6.78993">
        <ele>2042</ele>
        <time>2026-07-02T21:10:29+00:00</time>
      </trkpt>
      <trkpt lat="46.15357" lon="6.78988">
        <ele>2042</ele>
        <time>2026-07-02T21:10:32+00:00</time>
      </trkpt>
      <trkpt lat="46.15357" lon="6.78982">
        <ele>2042</ele>
        <time>2026-07-02T21:10:35+00:00</time>
      </trkpt>
      <trkpt lat="46.15357" lon="6.78979">
        <ele>2043</ele>
        <time>2026-07-02T21:10:38+00:00</time>
      </trkpt>
      <trkpt lat="46.15358" lon="6.78976">
        <ele>2043</ele>
        <time>2026-07-02T21:10:41+00:00</time>
      </trkpt>
      <trkpt lat="46.15361" lon="6.78974">
        <ele>2051</ele>
        <time>2026-07-02T21:10:44+00:00</time>
      </trkpt>
      <trkpt lat="46.15362" lon="6.78972">
        <ele>2051</ele>
        <time>2026-07-02T21:10:47+00:00</time>
      </trkpt>
      <trkpt lat="46.15363" lon="6.78967">
        <ele>2051</ele>
        <time>2026-07-02T21:10:50+00:00</time>
      </trkpt>
      <trkpt lat="46.15363" lon="6.78959">
        <ele>2049</ele>
        <time>2026-07-02T21:10:53+00:00</time>
      </trkpt>
      <trkpt lat="46.15364" lon="6.78954">
        <ele>2049</ele>
        <time>2026-07-02T21:10:56+00:00</time>
      </trkpt>
      <trkpt lat="46.15367" lon="6.78951">
        <ele>2049</ele>
        <time>2026-07-02T21:10:59+00:00</time>
      </trkpt>
      <trkpt lat="46.1537" lon="6.78948">
        <ele>2056</ele>
        <time>2026-07-02T21:11:02+00:00</time>
      </trkpt>
      <trkpt lat="46.15372" lon="6.78942">
        <ele>2056</ele>
        <time>2026-07-02T21:11:05+00:00</time>
      </trkpt>
      <trkpt lat="46.15373" lon="6.78937">
        <ele>2051</ele>
        <time>2026-07-02T21:11:08+00:00</time>
      </trkpt>
      <trkpt lat="46.15374" lon="6.78931">
        <ele>2055</ele>
        <time>2026-07-02T21:11:11+00:00</time>
      </trkpt>
      <trkpt lat="46.15373" lon="6.78923">
        <ele>2055</ele>
        <time>2026-07-02T21:11:14+00:00</time>
      </trkpt>
      <trkpt lat="46.15372" lon="6.78918">
        <ele>2055</ele>
        <time>2026-07-02T21:11:17+00:00</time>
      </trkpt>
      <trkpt lat="46.15371" lon="6.78913">
        <ele>2055</ele>
        <time>2026-07-02T21:11:20+00:00</time>
      </trkpt>
      <trkpt lat="46.1537" lon="6.78909">
        <ele>2054</ele>
        <time>2026-07-02T21:11:23+00:00</time>
      </trkpt>
      <trkpt lat="46.15372" lon="6.78908">
        <ele>2054</ele>
        <time>2026-07-02T21:11:26+00:00</time>
      </trkpt>
      <trkpt lat="46.15375" lon="6.78907">
        <ele>2054</ele>
        <time>2026-07-02T21:11:29+00:00</time>
      </trkpt>
      <trkpt lat="46.15376" lon="6.78906">
        <ele>2054</ele>
        <time>2026-07-02T21:11:32+00:00</time>
      </trkpt>
      <trkpt lat="46.15376" lon="6.78903">
        <ele>2054</ele>
        <time>2026-07-02T21:11:35+00:00</time>
      </trkpt>
      <trkpt lat="46.15375" lon="6.78901">
        <ele>2054</ele>
        <time>2026-07-02T21:11:38+00:00</time>
      </trkpt>
      <trkpt lat="46.15376" lon="6.78899">
        <ele>2048</ele>
        <time>2026-07-02T21:11:41+00:00</time>
      </trkpt>
      <trkpt lat="46.15381" lon="6.78897">
        <ele>2055</ele>
        <time>2026-07-02T21:11:44+00:00</time>
      </trkpt>
      <trkpt lat="46.15388" lon="6.78897">
        <ele>2055</ele>
        <time>2026-07-02T21:11:47+00:00</time>
      </trkpt>
      <trkpt lat="46.15395" lon="6.78896">
        <ele>2061</ele>
        <time>2026-07-02T21:11:50+00:00</time>
      </trkpt>
      <trkpt lat="46.15401" lon="6.78896">
        <ele>2070</ele>
        <time>2026-07-02T21:11:53+00:00</time>
      </trkpt>
      <trkpt lat="46.15406" lon="6.78896">
        <ele>2070</ele>
        <time>2026-07-02T21:11:56+00:00</time>
      </trkpt>
      <trkpt lat="46.15408" lon="6.78895">
        <ele>2070</ele>
        <time>2026-07-02T21:11:59+00:00</time>
      </trkpt>
      <trkpt lat="46.15409" lon="6.78893">
        <ele>2070</ele>
        <time>2026-07-02T21:12:02+00:00</time>
      </trkpt>
      <trkpt lat="46.15413" lon="6.78887">
        <ele>2073</ele>
        <time>2026-07-02T21:12:05+00:00</time>
      </trkpt>
      <trkpt lat="46.15414" lon="6.78883">
        <ele>2073</ele>
        <time>2026-07-02T21:12:08+00:00</time>
      </trkpt>
      <trkpt lat="46.15414" lon="6.78877">
        <ele>2071</ele>
        <time>2026-07-02T21:12:11+00:00</time>
      </trkpt>
      <trkpt lat="46.15414" lon="6.78873">
        <ele>2071</ele>
        <time>2026-07-02T21:12:14+00:00</time>
      </trkpt>
      <trkpt lat="46.15416" lon="6.78871">
        <ele>2071</ele>
        <time>2026-07-02T21:12:17+00:00</time>
      </trkpt>
      <trkpt lat="46.15417" lon="6.78868">
        <ele>2069</ele>
        <time>2026-07-02T21:12:20+00:00</time>
      </trkpt>
      <trkpt lat="46.15417" lon="6.78863">
        <ele>2069</ele>
        <time>2026-07-02T21:12:23+00:00</time>
      </trkpt>
      <trkpt lat="46.15418" lon="6.78858">
        <ele>2068</ele>
        <time>2026-07-02T21:12:26+00:00</time>
      </trkpt>
      <trkpt lat="46.1542" lon="6.78861">
        <ele>2072</ele>
        <time>2026-07-02T21:12:29+00:00</time>
      </trkpt>
      <trkpt lat="46.15421" lon="6.78863">
        <ele>2072</ele>
        <time>2026-07-02T21:12:32+00:00</time>
      </trkpt>
      <trkpt lat="46.15421" lon="6.78866">
        <ele>2072</ele>
        <time>2026-07-02T21:12:35+00:00</time>
      </trkpt>
      <trkpt lat="46.15421" lon="6.78867">
        <ele>2072</ele>
        <time>2026-07-02T21:12:38+00:00</time>
      </trkpt>
      <trkpt lat="46.15423" lon="6.78871">
        <ele>2074</ele>
        <time>2026-07-02T21:12:41+00:00</time>
      </trkpt>
      <trkpt lat="46.15425" lon="6.78877">
        <ele>2074</ele>
        <time>2026-07-02T21:12:44+00:00</time>
      </trkpt>
      <trkpt lat="46.15427" lon="6.78884">
        <ele>2076</ele>
        <time>2026-07-02T21:12:47+00:00</time>
      </trkpt>
      <trkpt lat="46.1543" lon="6.78891">
        <ele>2078</ele>
        <time>2026-07-02T21:12:50+00:00</time>
      </trkpt>
      <trkpt lat="46.15431" lon="6.78898">
        <ele>2080</ele>
        <time>2026-07-02T21:12:53+00:00</time>
      </trkpt>
      <trkpt lat="46.15432" lon="6.78903">
        <ele>2084</ele>
        <time>2026-07-02T21:12:56+00:00</time>
      </trkpt>
      <trkpt lat="46.15432" lon="6.78904">
        <ele>2084</ele>
        <time>2026-07-02T21:12:59+00:00</time>
      </trkpt>
      <trkpt lat="46.15432" lon="6.78907">
        <ele>2084</ele>
        <time>2026-07-02T21:13:02+00:00</time>
      </trkpt>
      <trkpt lat="46.15433" lon="6.78908">
        <ele>2084</ele>
        <time>2026-07-02T21:13:05+00:00</time>
      </trkpt>
      <trkpt lat="46.15436" lon="6.78915">
        <ele>2087</ele>
        <time>2026-07-02T21:13:08+00:00</time>
      </trkpt>
      <trkpt lat="46.15441" lon="6.78926">
        <ele>2090</ele>
        <time>2026-07-02T21:13:11+00:00</time>
      </trkpt>
      <trkpt lat="46.15447" lon="6.78939">
        <ele>2095</ele>
        <time>2026-07-02T21:13:14+00:00</time>
      </trkpt>
      <trkpt lat="46.15451" lon="6.78947">
        <ele>2096</ele>
        <time>2026-07-02T21:13:17+00:00</time>
      </trkpt>
      <trkpt lat="46.15454" lon="6.78952">
        <ele>2100</ele>
        <time>2026-07-02T21:13:20+00:00</time>
      </trkpt>
      <trkpt lat="46.15455" lon="6.78957">
        <ele>2100</ele>
        <time>2026-07-02T21:13:23+00:00</time>
      </trkpt>
      <trkpt lat="46.15457" lon="6.7896">
        <ele>2100</ele>
        <time>2026-07-02T21:13:26+00:00</time>
      </trkpt>
      <trkpt lat="46.15463" lon="6.78967">
        <ele>2102</ele>
        <time>2026-07-02T21:13:29+00:00</time>
      </trkpt>
      <trkpt lat="46.15469" lon="6.78973">
        <ele>2105</ele>
        <time>2026-07-02T21:13:32+00:00</time>
      </trkpt>
      <trkpt lat="46.15474" lon="6.7898">
        <ele>2106</ele>
        <time>2026-07-02T21:13:35+00:00</time>
      </trkpt>
      <trkpt lat="46.15478" lon="6.78985">
        <ele>2106</ele>
        <time>2026-07-02T21:13:38+00:00</time>
      </trkpt>
      <trkpt lat="46.15486" lon="6.78993">
        <ele>2104</ele>
        <time>2026-07-02T21:13:41+00:00</time>
      </trkpt>
      <trkpt lat="46.15492" lon="6.78998">
        <ele>2104</ele>
        <time>2026-07-02T21:13:44+00:00</time>
      </trkpt>
      <trkpt lat="46.15502" lon="6.79003">
        <ele>2103</ele>
        <time>2026-07-02T21:13:47+00:00</time>
      </trkpt>
      <trkpt lat="46.15504" lon="6.79004">
        <ele>2103</ele>
        <time>2026-07-02T21:13:50+00:00</time>
      </trkpt>
      <trkpt lat="46.1551" lon="6.79006">
        <ele>2099</ele>
        <time>2026-07-02T21:13:53+00:00</time>
      </trkpt>
      <trkpt lat="46.15517" lon="6.79011">
        <ele>2103</ele>
        <time>2026-07-02T21:13:56+00:00</time>
      </trkpt>
      <trkpt lat="46.15522" lon="6.79013">
        <ele>2101</ele>
        <time>2026-07-02T21:13:59+00:00</time>
      </trkpt>
      <trkpt lat="46.15532" lon="6.79015">
        <ele>2101</ele>
        <time>2026-07-02T21:14:02+00:00</time>
      </trkpt>
      <trkpt lat="46.15541" lon="6.79015">
        <ele>2101</ele>
        <time>2026-07-02T21:14:05+00:00</time>
      </trkpt>
      <trkpt lat="46.15544" lon="6.79016">
        <ele>2101</ele>
        <time>2026-07-02T21:14:08+00:00</time>
      </trkpt>
      <trkpt lat="46.15548" lon="6.79015">
        <ele>2101</ele>
        <time>2026-07-02T21:14:11+00:00</time>
      </trkpt>
      <trkpt lat="46.15551" lon="6.79017">
        <ele>2101</ele>
        <time>2026-07-02T21:14:14+00:00</time>
      </trkpt>
      <trkpt lat="46.15556" lon="6.79014">
        <ele>2101</ele>
        <time>2026-07-02T21:14:17+00:00</time>
      </trkpt>
      <trkpt lat="46.15563" lon="6.79012">
        <ele>2103</ele>
        <time>2026-07-02T21:14:20+00:00</time>
      </trkpt>
      <trkpt lat="46.15572" lon="6.7901">
        <ele>2101</ele>
        <time>2026-07-02T21:14:23+00:00</time>
      </trkpt>
      <trkpt lat="46.15578" lon="6.79007">
        <ele>2101</ele>
        <time>2026-07-02T21:14:26+00:00</time>
      </trkpt>
      <trkpt lat="46.15582" lon="6.79008">
        <ele>2105</ele>
        <time>2026-07-02T21:14:29+00:00</time>
      </trkpt>
      <trkpt lat="46.15584" lon="6.79007">
        <ele>2105</ele>
        <time>2026-07-02T21:14:32+00:00</time>
      </trkpt>
      <trkpt lat="46.15589" lon="6.79005">
        <ele>2105</ele>
        <time>2026-07-02T21:14:35+00:00</time>
      </trkpt>
      <trkpt lat="46.15593" lon="6.79005">
        <ele>2107</ele>
        <time>2026-07-02T21:14:38+00:00</time>
      </trkpt>
      <trkpt lat="46.15595" lon="6.79008">
        <ele>2107</ele>
        <time>2026-07-02T21:14:41+00:00</time>
      </trkpt>
      <trkpt lat="46.15597" lon="6.79015">
        <ele>2111</ele>
        <time>2026-07-02T21:14:44+00:00</time>
      </trkpt>
      <trkpt lat="46.15599" lon="6.79017">
        <ele>2111</ele>
        <time>2026-07-02T21:14:47+00:00</time>
      </trkpt>
      <trkpt lat="46.15603" lon="6.79017">
        <ele>2113</ele>
        <time>2026-07-02T21:14:50+00:00</time>
      </trkpt>
      <trkpt lat="46.15606" lon="6.79017">
        <ele>2113</ele>
        <time>2026-07-02T21:14:53+00:00</time>
      </trkpt>
      <trkpt lat="46.15609" lon="6.79019">
        <ele>2113</ele>
        <time>2026-07-02T21:14:56+00:00</time>
      </trkpt>
      <trkpt lat="46.15612" lon="6.79022">
        <ele>2118</ele>
        <time>2026-07-02T21:14:59+00:00</time>
      </trkpt>
      <trkpt lat="46.15616" lon="6.79026">
        <ele>2118</ele>
        <time>2026-07-02T21:15:02+00:00</time>
      </trkpt>
      <trkpt lat="46.15623" lon="6.7903">
        <ele>2117</ele>
        <time>2026-07-02T21:15:05+00:00</time>
      </trkpt>
      <trkpt lat="46.1563" lon="6.79032">
        <ele>2121</ele>
        <time>2026-07-02T21:15:08+00:00</time>
      </trkpt>
      <trkpt lat="46.15636" lon="6.79034">
        <ele>2116</ele>
        <time>2026-07-02T21:15:11+00:00</time>
      </trkpt>
      <trkpt lat="46.15638" lon="6.79035">
        <ele>2119</ele>
        <time>2026-07-02T21:15:14+00:00</time>
      </trkpt>
      <trkpt lat="46.15645" lon="6.79035">
        <ele>2116</ele>
        <time>2026-07-02T21:15:17+00:00</time>
      </trkpt>
      <trkpt lat="46.15651" lon="6.79034">
        <ele>2115</ele>
        <time>2026-07-02T21:15:20+00:00</time>
      </trkpt>
      <trkpt lat="46.15657" lon="6.79031">
        <ele>2115</ele>
        <time>2026-07-02T21:15:23+00:00</time>
      </trkpt>
      <trkpt lat="46.15664" lon="6.79028">
        <ele>2110</ele>
        <time>2026-07-02T21:15:26+00:00</time>
      </trkpt>
      <trkpt lat="46.15671" lon="6.79027">
        <ele>2109</ele>
        <time>2026-07-02T21:15:29+00:00</time>
      </trkpt>
      <trkpt lat="46.15674" lon="6.79028">
        <ele>2109</ele>
        <time>2026-07-02T21:15:32+00:00</time>
      </trkpt>
      <trkpt lat="46.15677" lon="6.79034">
        <ele>2118</ele>
        <time>2026-07-02T21:15:35+00:00</time>
      </trkpt>
      <trkpt lat="46.15681" lon="6.79044">
        <ele>2115</ele>
        <time>2026-07-02T21:15:38+00:00</time>
      </trkpt>
      <trkpt lat="46.15686" lon="6.79052">
        <ele>2122</ele>
        <time>2026-07-02T21:15:41+00:00</time>
      </trkpt>
      <trkpt lat="46.15689" lon="6.79055">
        <ele>2117</ele>
        <time>2026-07-02T21:15:44+00:00</time>
      </trkpt>
      <trkpt lat="46.15693" lon="6.79056">
        <ele>2118</ele>
        <time>2026-07-02T21:15:47+00:00</time>
      </trkpt>
      <trkpt lat="46.15696" lon="6.79055">
        <ele>2118</ele>
        <time>2026-07-02T21:15:50+00:00</time>
      </trkpt>
      <trkpt lat="46.15699" lon="6.79056">
        <ele>2118</ele>
        <time>2026-07-02T21:15:53+00:00</time>
      </trkpt>
      <trkpt lat="46.15703" lon="6.79059">
        <ele>2112</ele>
        <time>2026-07-02T21:15:56+00:00</time>
      </trkpt>
      <trkpt lat="46.15706" lon="6.79063">
        <ele>2116</ele>
        <time>2026-07-02T21:15:59+00:00</time>
      </trkpt>
      <trkpt lat="46.15713" lon="6.79063">
        <ele>2112</ele>
        <time>2026-07-02T21:16:02+00:00</time>
      </trkpt>
      <trkpt lat="46.15722" lon="6.79065">
        <ele>2109</ele>
        <time>2026-07-02T21:16:05+00:00</time>
      </trkpt>
      <trkpt lat="46.15729" lon="6.79067">
        <ele>2115</ele>
        <time>2026-07-02T21:16:08+00:00</time>
      </trkpt>
      <trkpt lat="46.15732" lon="6.7907">
        <ele>2109</ele>
        <time>2026-07-02T21:16:11+00:00</time>
      </trkpt>
      <trkpt lat="46.15739" lon="6.79075">
        <ele>2109</ele>
        <time>2026-07-02T21:16:14+00:00</time>
      </trkpt>
      <trkpt lat="46.15743" lon="6.7908">
        <ele>2106</ele>
        <time>2026-07-02T21:16:17+00:00</time>
      </trkpt>
      <trkpt lat="46.15748" lon="6.79085">
        <ele>2114</ele>
        <time>2026-07-02T21:16:20+00:00</time>
      </trkpt>
      <trkpt lat="46.15752" lon="6.7909">
        <ele>2110</ele>
        <time>2026-07-02T21:16:23+00:00</time>
      </trkpt>
      <trkpt lat="46.15756" lon="6.79096">
        <ele>2115</ele>
        <time>2026-07-02T21:16:26+00:00</time>
      </trkpt>
      <trkpt lat="46.15761" lon="6.79099">
        <ele>2108</ele>
        <time>2026-07-02T21:16:29+00:00</time>
      </trkpt>
      <trkpt lat="46.15767" lon="6.79102">
        <ele>2113</ele>
        <time>2026-07-02T21:16:32+00:00</time>
      </trkpt>
      <trkpt lat="46.15777" lon="6.79105">
        <ele>2109</ele>
        <time>2026-07-02T21:16:35+00:00</time>
      </trkpt>
      <trkpt lat="46.15782" lon="6.79108">
        <ele>2106</ele>
        <time>2026-07-02T21:16:38+00:00</time>
      </trkpt>
      <trkpt lat="46.15787" lon="6.79108">
        <ele>2113</ele>
        <time>2026-07-02T21:16:41+00:00</time>
      </trkpt>
      <trkpt lat="46.1579" lon="6.79111">
        <ele>2114</ele>
        <time>2026-07-02T21:16:44+00:00</time>
      </trkpt>
      <trkpt lat="46.15794" lon="6.79114">
        <ele>2110</ele>
        <time>2026-07-02T21:16:47+00:00</time>
      </trkpt>
      <trkpt lat="46.15796" lon="6.79115">
        <ele>2110</ele>
        <time>2026-07-02T21:16:50+00:00</time>
      </trkpt>
      <trkpt lat="46.15799" lon="6.79118">
        <ele>2110</ele>
        <time>2026-07-02T21:16:53+00:00</time>
      </trkpt>
      <trkpt lat="46.15805" lon="6.79124">
        <ele>2113</ele>
        <time>2026-07-02T21:16:56+00:00</time>
      </trkpt>
      <trkpt lat="46.15809" lon="6.79128">
        <ele>2113</ele>
        <time>2026-07-02T21:16:59+00:00</time>
      </trkpt>
      <trkpt lat="46.15811" lon="6.79131">
        <ele>2116</ele>
        <time>2026-07-02T21:17:02+00:00</time>
      </trkpt>
      <trkpt lat="46.15815" lon="6.79133">
        <ele>2116</ele>
        <time>2026-07-02T21:17:05+00:00</time>
      </trkpt>
      <trkpt lat="46.15819" lon="6.79136">
        <ele>2116</ele>
        <time>2026-07-02T21:17:08+00:00</time>
      </trkpt>
      <trkpt lat="46.15822" lon="6.79139">
        <ele>2118</ele>
        <time>2026-07-02T21:17:11+00:00</time>
      </trkpt>
      <trkpt lat="46.15829" lon="6.79144">
        <ele>2122</ele>
        <time>2026-07-02T21:17:14+00:00</time>
      </trkpt>
      <trkpt lat="46.15835" lon="6.79147">
        <ele>2120</ele>
        <time>2026-07-02T21:17:17+00:00</time>
      </trkpt>
      <trkpt lat="46.15845" lon="6.7915">
        <ele>2118</ele>
        <time>2026-07-02T21:17:20+00:00</time>
      </trkpt>
      <trkpt lat="46.15854" lon="6.79155">
        <ele>2119</ele>
        <time>2026-07-02T21:17:23+00:00</time>
      </trkpt>
      <trkpt lat="46.15861" lon="6.7916">
        <ele>2119</ele>
        <time>2026-07-02T21:17:26+00:00</time>
      </trkpt>
      <trkpt lat="46.15866" lon="6.79164">
        <ele>2119</ele>
        <time>2026-07-02T21:17:29+00:00</time>
      </trkpt>
      <trkpt lat="46.15871" lon="6.79169">
        <ele>2118</ele>
        <time>2026-07-02T21:17:32+00:00</time>
      </trkpt>
      <trkpt lat="46.15875" lon="6.79172">
        <ele>2119</ele>
        <time>2026-07-02T21:17:35+00:00</time>
      </trkpt>
      <trkpt lat="46.15878" lon="6.79175">
        <ele>2119</ele>
        <time>2026-07-02T21:17:38+00:00</time>
      </trkpt>
      <trkpt lat="46.1588" lon="6.79179">
        <ele>2121</ele>
        <time>2026-07-02T21:17:41+00:00</time>
      </trkpt>
      <trkpt lat="46.15881" lon="6.79182">
        <ele>2122</ele>
        <time>2026-07-02T21:17:44+00:00</time>
      </trkpt>
      <trkpt lat="46.15883" lon="6.79188">
        <ele>2122</ele>
        <time>2026-07-02T21:17:47+00:00</time>
      </trkpt>
      <trkpt lat="46.15886" lon="6.79196">
        <ele>2122</ele>
        <time>2026-07-02T21:17:50+00:00</time>
      </trkpt>
      <trkpt lat="46.15889" lon="6.792">
        <ele>2120</ele>
        <time>2026-07-02T21:17:53+00:00</time>
      </trkpt>
      <trkpt lat="46.15896" lon="6.79206">
        <ele>2128</ele>
        <time>2026-07-02T21:17:56+00:00</time>
      </trkpt>
      <trkpt lat="46.15902" lon="6.79211">
        <ele>2132</ele>
        <time>2026-07-02T21:17:59+00:00</time>
      </trkpt>
      <trkpt lat="46.15905" lon="6.79214">
        <ele>2132</ele>
        <time>2026-07-02T21:18:02+00:00</time>
      </trkpt>
      <trkpt lat="46.15911" lon="6.79216">
        <ele>2136</ele>
        <time>2026-07-02T21:18:05+00:00</time>
      </trkpt>
      <trkpt lat="46.15915" lon="6.79221">
        <ele>2136</ele>
        <time>2026-07-02T21:18:08+00:00</time>
      </trkpt>
      <trkpt lat="46.15917" lon="6.79223">
        <ele>2136</ele>
        <time>2026-07-02T21:18:11+00:00</time>
      </trkpt>
      <trkpt lat="46.15923" lon="6.79226">
        <ele>2140</ele>
        <time>2026-07-02T21:18:14+00:00</time>
      </trkpt>
      <trkpt lat="46.15931" lon="6.79231">
        <ele>2140</ele>
        <time>2026-07-02T21:18:17+00:00</time>
      </trkpt>
      <trkpt lat="46.15938" lon="6.79234">
        <ele>2140</ele>
        <time>2026-07-02T21:18:20+00:00</time>
      </trkpt>
      <trkpt lat="46.15946" lon="6.79238">
        <ele>2143</ele>
        <time>2026-07-02T21:18:23+00:00</time>
      </trkpt>
      <trkpt lat="46.15951" lon="6.79243">
        <ele>2148</ele>
        <time>2026-07-02T21:18:26+00:00</time>
      </trkpt>
      <trkpt lat="46.15954" lon="6.79249">
        <ele>2142</ele>
        <time>2026-07-02T21:18:29+00:00</time>
      </trkpt>
      <trkpt lat="46.15956" lon="6.79251">
        <ele>2147</ele>
        <time>2026-07-02T21:18:32+00:00</time>
      </trkpt>
      <trkpt lat="46.15958" lon="6.79251">
        <ele>2147</ele>
        <time>2026-07-02T21:18:35+00:00</time>
      </trkpt>
      <trkpt lat="46.15962" lon="6.79251">
        <ele>2153</ele>
        <time>2026-07-02T21:18:38+00:00</time>
      </trkpt>
      <trkpt lat="46.15964" lon="6.79251">
        <ele>2153</ele>
        <time>2026-07-02T21:18:41+00:00</time>
      </trkpt>
      <trkpt lat="46.15966" lon="6.79253">
        <ele>2153</ele>
        <time>2026-07-02T21:18:44+00:00</time>
      </trkpt>
      <trkpt lat="46.15967" lon="6.79257">
        <ele>2153</ele>
        <time>2026-07-02T21:18:47+00:00</time>
      </trkpt>
      <trkpt lat="46.15969" lon="6.79261">
        <ele>2144</ele>
        <time>2026-07-02T21:18:50+00:00</time>
      </trkpt>
      <trkpt lat="46.15974" lon="6.79265">
        <ele>2150</ele>
        <time>2026-07-02T21:18:53+00:00</time>
      </trkpt>
      <trkpt lat="46.1598" lon="6.79268">
        <ele>2150</ele>
        <time>2026-07-02T21:18:56+00:00</time>
      </trkpt>
      <trkpt lat="46.15985" lon="6.79267">
        <ele>2157</ele>
        <time>2026-07-02T21:18:59+00:00</time>
      </trkpt>
      <trkpt lat="46.15992" lon="6.79264">
        <ele>2159</ele>
        <time>2026-07-02T21:19:02+00:00</time>
      </trkpt>
      <trkpt lat="46.15996" lon="6.79261">
        <ele>2159</ele>
        <time>2026-07-02T21:19:05+00:00</time>
      </trkpt>
      <trkpt lat="46.15999" lon="6.79258">
        <ele>2162</ele>
        <time>2026-07-02T21:19:08+00:00</time>
      </trkpt>
      <trkpt lat="46.16006" lon="6.79256">
        <ele>2163</ele>
        <time>2026-07-02T21:19:11+00:00</time>
      </trkpt>
      <trkpt lat="46.16011" lon="6.79253">
        <ele>2166</ele>
        <time>2026-07-02T21:19:14+00:00</time>
      </trkpt>
      <trkpt lat="46.16015" lon="6.79252">
        <ele>2166</ele>
        <time>2026-07-02T21:19:17+00:00</time>
      </trkpt>
      <trkpt lat="46.16021" lon="6.79248">
        <ele>2167</ele>
        <time>2026-07-02T21:19:20+00:00</time>
      </trkpt>
      <trkpt lat="46.16032" lon="6.79243">
        <ele>2169</ele>
        <time>2026-07-02T21:19:23+00:00</time>
      </trkpt>
      <trkpt lat="46.16041" lon="6.79238">
        <ele>2172</ele>
        <time>2026-07-02T21:19:26+00:00</time>
      </trkpt>
      <trkpt lat="46.16056" lon="6.7923">
        <ele>2175</ele>
        <time>2026-07-02T21:19:29+00:00</time>
      </trkpt>
      <trkpt lat="46.1607" lon="6.79222">
        <ele>2181</ele>
        <time>2026-07-02T21:19:32+00:00</time>
      </trkpt>
      <trkpt lat="46.1608" lon="6.79217">
        <ele>2182</ele>
        <time>2026-07-02T21:19:35+00:00</time>
      </trkpt>
      <trkpt lat="46.16083" lon="6.79217">
        <ele>2182</ele>
        <time>2026-07-02T21:19:38+00:00</time>
      </trkpt>
      <trkpt lat="46.16093" lon="6.79209">
        <ele>2182</ele>
        <time>2026-07-02T21:19:41+00:00</time>
      </trkpt>
      <trkpt lat="46.16104" lon="6.79203">
        <ele>2182</ele>
        <time>2026-07-02T21:19:44+00:00</time>
      </trkpt>
      <trkpt lat="46.16111" lon="6.792">
        <ele>2184</ele>
        <time>2026-07-02T21:19:47+00:00</time>
      </trkpt>
      <trkpt lat="46.16111" lon="6.792">
        <ele>2184</ele>
        <time>2026-07-02T21:19:50+00:00</time>
      </trkpt>
      <trkpt lat="46.16116" lon="6.79197">
        <ele>2184</ele>
        <time>2026-07-02T21:19:53+00:00</time>
      </trkpt>
      <trkpt lat="46.16123" lon="6.79186">
        <ele>2183</ele>
        <time>2026-07-02T21:19:56+00:00</time>
      </trkpt>
      <trkpt lat="46.16128" lon="6.79182">
        <ele>2183</ele>
        <time>2026-07-02T21:19:59+00:00</time>
      </trkpt>
      <trkpt lat="46.16135" lon="6.79178">
        <ele>2187</ele>
        <time>2026-07-02T21:20:02+00:00</time>
      </trkpt>
      <trkpt lat="46.16141" lon="6.79176">
        <ele>2186</ele>
        <time>2026-07-02T21:20:05+00:00</time>
      </trkpt>
      <trkpt lat="46.16143" lon="6.79174">
        <ele>2192</ele>
        <time>2026-07-02T21:20:08+00:00</time>
      </trkpt>
      <trkpt lat="46.16146" lon="6.79168">
        <ele>2187</ele>
        <time>2026-07-02T21:20:11+00:00</time>
      </trkpt>
      <trkpt lat="46.16149" lon="6.79163">
        <ele>2187</ele>
        <time>2026-07-02T21:20:14+00:00</time>
      </trkpt>
      <trkpt lat="46.16153" lon="6.79157">
        <ele>2189</ele>
        <time>2026-07-02T21:20:17+00:00</time>
      </trkpt>
      <trkpt lat="46.16154" lon="6.79157">
        <ele>2189</ele>
        <time>2026-07-02T21:20:20+00:00</time>
      </trkpt>
      <trkpt lat="46.16159" lon="6.7915">
        <ele>2186</ele>
        <time>2026-07-02T21:20:23+00:00</time>
      </trkpt>
      <trkpt lat="46.16163" lon="6.79145">
        <ele>2195</ele>
        <time>2026-07-02T21:20:26+00:00</time>
      </trkpt>
      <trkpt lat="46.16167" lon="6.7914">
        <ele>2195</ele>
        <time>2026-07-02T21:20:29+00:00</time>
      </trkpt>
      <trkpt lat="46.1617" lon="6.79138">
        <ele>2191</ele>
        <time>2026-07-02T21:20:32+00:00</time>
      </trkpt>
      <trkpt lat="46.16173" lon="6.79136">
        <ele>2197</ele>
        <time>2026-07-02T21:20:35+00:00</time>
      </trkpt>
      <trkpt lat="46.16175" lon="6.79132">
        <ele>2197</ele>
        <time>2026-07-02T21:20:38+00:00</time>
      </trkpt>
      <trkpt lat="46.16177" lon="6.7913">
        <ele>2194</ele>
        <time>2026-07-02T21:20:41+00:00</time>
      </trkpt>
      <trkpt lat="46.1618" lon="6.79124">
        <ele>2194</ele>
        <time>2026-07-02T21:20:44+00:00</time>
      </trkpt>
      <trkpt lat="46.16184" lon="6.7912">
        <ele>2200</ele>
        <time>2026-07-02T21:20:47+00:00</time>
      </trkpt>
      <trkpt lat="46.16187" lon="6.79113">
        <ele>2197</ele>
        <time>2026-07-02T21:20:50+00:00</time>
      </trkpt>
      <trkpt lat="46.16189" lon="6.79105">
        <ele>2194</ele>
        <time>2026-07-02T21:20:53+00:00</time>
      </trkpt>
      <trkpt lat="46.16189" lon="6.79102">
        <ele>2194</ele>
        <time>2026-07-02T21:20:56+00:00</time>
      </trkpt>
      <trkpt lat="46.1619" lon="6.79096">
        <ele>2202</ele>
        <time>2026-07-02T21:20:59+00:00</time>
      </trkpt>
      <trkpt lat="46.16191" lon="6.79092">
        <ele>2200</ele>
        <time>2026-07-02T21:21:02+00:00</time>
      </trkpt>
      <trkpt lat="46.16194" lon="6.7909">
        <ele>2200</ele>
        <time>2026-07-02T21:21:05+00:00</time>
      </trkpt>
      <trkpt lat="46.16198" lon="6.79083">
        <ele>2200</ele>
        <time>2026-07-02T21:21:08+00:00</time>
      </trkpt>
      <trkpt lat="46.16202" lon="6.79078">
        <ele>2203</ele>
        <time>2026-07-02T21:21:11+00:00</time>
      </trkpt>
      <trkpt lat="46.16203" lon="6.79077">
        <ele>2203</ele>
        <time>2026-07-02T21:21:14+00:00</time>
      </trkpt>
      <trkpt lat="46.16203" lon="6.79076">
        <ele>2203</ele>
        <time>2026-07-02T21:21:17+00:00</time>
      </trkpt>
      <trkpt lat="46.16203" lon="6.79073">
        <ele>2203</ele>
        <time>2026-07-02T21:21:20+00:00</time>
      </trkpt>
      <trkpt lat="46.16204" lon="6.79066">
        <ele>2199</ele>
        <time>2026-07-02T21:21:23+00:00</time>
      </trkpt>
      <trkpt lat="46.16205" lon="6.79055">
        <ele>2200</ele>
        <time>2026-07-02T21:21:26+00:00</time>
      </trkpt>
      <trkpt lat="46.16208" lon="6.79042">
        <ele>2199</ele>
        <time>2026-07-02T21:21:29+00:00</time>
      </trkpt>
      <trkpt lat="46.16207" lon="6.79035">
        <ele>2201</ele>
        <time>2026-07-02T21:21:32+00:00</time>
      </trkpt>
      <trkpt lat="46.16206" lon="6.79024">
        <ele>2198</ele>
        <time>2026-07-02T21:21:35+00:00</time>
      </trkpt>
      <trkpt lat="46.16206" lon="6.79011">
        <ele>2196</ele>
        <time>2026-07-02T21:21:38+00:00</time>
      </trkpt>
      <trkpt lat="46.16218" lon="6.79024">
        <ele>2203</ele>
        <time>2026-07-02T21:21:41+00:00</time>
      </trkpt>
      <trkpt lat="46.16225" lon="6.79027">
        <ele>2209</ele>
        <time>2026-07-02T21:21:44+00:00</time>
      </trkpt>
      <trkpt lat="46.16238" lon="6.79032">
        <ele>2214</ele>
        <time>2026-07-02T21:21:47+00:00</time>
      </trkpt>
      <trkpt lat="46.16245" lon="6.79033">
        <ele>2216</ele>
        <time>2026-07-02T21:21:50+00:00</time>
      </trkpt>
      <trkpt lat="46.16269" lon="6.79036">
        <ele>2218</ele>
        <time>2026-07-02T21:21:53+00:00</time>
      </trkpt>
      <trkpt lat="46.1629" lon="6.79042">
        <ele>2219</ele>
        <time>2026-07-02T21:21:56+00:00</time>
      </trkpt>
      <trkpt lat="46.16299" lon="6.79045">
        <ele>2221</ele>
        <time>2026-07-02T21:21:59+00:00</time>
      </trkpt>
      <trkpt lat="46.16309" lon="6.79047">
        <ele>2219</ele>
        <time>2026-07-02T21:22:02+00:00</time>
      </trkpt>
      <trkpt lat="46.16316" lon="6.7905">
        <ele>2226</ele>
        <time>2026-07-02T21:22:05+00:00</time>
      </trkpt>
      <trkpt lat="46.16322" lon="6.79052">
        <ele>2225</ele>
        <time>2026-07-02T21:22:08+00:00</time>
      </trkpt>
      <trkpt lat="46.16327" lon="6.79049">
        <ele>2219</ele>
        <time>2026-07-02T21:22:11+00:00</time>
      </trkpt>
      <trkpt lat="46.16331" lon="6.79049">
        <ele>2218</ele>
        <time>2026-07-02T21:22:14+00:00</time>
      </trkpt>
      <trkpt lat="46.16349" lon="6.7906">
        <ele>2223</ele>
        <time>2026-07-02T21:22:17+00:00</time>
      </trkpt>
      <trkpt lat="46.16352" lon="6.79063">
        <ele>2227</ele>
        <time>2026-07-02T21:22:20+00:00</time>
      </trkpt>
      <trkpt lat="46.16357" lon="6.79074">
        <ele>2230</ele>
        <time>2026-07-02T21:22:23+00:00</time>
      </trkpt>
      <trkpt lat="46.1636" lon="6.79078">
        <ele>2230</ele>
        <time>2026-07-02T21:22:26+00:00</time>
      </trkpt>
      <trkpt lat="46.16366" lon="6.79078">
        <ele>2230</ele>
        <time>2026-07-02T21:22:29+00:00</time>
      </trkpt>
      <trkpt lat="46.16371" lon="6.79076">
        <ele>2231</ele>
        <time>2026-07-02T21:22:32+00:00</time>
      </trkpt>
      <trkpt lat="46.16376" lon="6.79076">
        <ele>2231</ele>
        <time>2026-07-02T21:22:35+00:00</time>
      </trkpt>
      <trkpt lat="46.164" lon="6.79088">
        <ele>2230</ele>
        <time>2026-07-02T21:22:38+00:00</time>
      </trkpt>
      <trkpt lat="46.16411" lon="6.79092">
        <ele>2232</ele>
        <time>2026-07-02T21:22:41+00:00</time>
      </trkpt>
      <trkpt lat="46.16421" lon="6.79093">
        <ele>2228</ele>
        <time>2026-07-02T21:22:44+00:00</time>
      </trkpt>
      <trkpt lat="46.16429" lon="6.79091">
        <ele>2231</ele>
        <time>2026-07-02T21:22:47+00:00</time>
      </trkpt>
      <trkpt lat="46.16437" lon="6.79092">
        <ele>2229</ele>
        <time>2026-07-02T21:22:50+00:00</time>
      </trkpt>
      <trkpt lat="46.16447" lon="6.79096">
        <ele>2227</ele>
        <time>2026-07-02T21:22:53+00:00</time>
      </trkpt>
      <trkpt lat="46.16455" lon="6.79101">
        <ele>2227</ele>
        <time>2026-07-02T21:22:56+00:00</time>
      </trkpt>
      <trkpt lat="46.16458" lon="6.7911">
        <ele>2229</ele>
        <time>2026-07-02T21:22:59+00:00</time>
      </trkpt>
      <trkpt lat="46.16461" lon="6.79125">
        <ele>2223</ele>
        <time>2026-07-02T21:23:02+00:00</time>
      </trkpt>
      <trkpt lat="46.16474" lon="6.79144">
        <ele>2219</ele>
        <time>2026-07-02T21:23:05+00:00</time>
      </trkpt>
      <trkpt lat="46.16482" lon="6.79175">
        <ele>2221</ele>
        <time>2026-07-02T21:23:08+00:00</time>
      </trkpt>
      <trkpt lat="46.16489" lon="6.79195">
        <ele>2218</ele>
        <time>2026-07-02T21:23:11+00:00</time>
      </trkpt>
      <trkpt lat="46.16489" lon="6.79219">
        <ele>2219</ele>
        <time>2026-07-02T21:23:14+00:00</time>
      </trkpt>
      <trkpt lat="46.16492" lon="6.79248">
        <ele>2216</ele>
        <time>2026-07-02T21:23:17+00:00</time>
      </trkpt>
      <trkpt lat="46.16494" lon="6.79259">
        <ele>2217</ele>
        <time>2026-07-02T21:23:20+00:00</time>
      </trkpt>
      <trkpt lat="46.16498" lon="6.79257">
        <ele>2217</ele>
        <time>2026-07-02T21:23:23+00:00</time>
      </trkpt>
      <trkpt lat="46.16502" lon="6.79257">
        <ele>2214</ele>
        <time>2026-07-02T21:23:26+00:00</time>
      </trkpt>
      <trkpt lat="46.16506" lon="6.79259">
        <ele>2214</ele>
        <time>2026-07-02T21:23:29+00:00</time>
      </trkpt>
      <trkpt lat="46.16512" lon="6.79262">
        <ele>2212</ele>
        <time>2026-07-02T21:23:32+00:00</time>
      </trkpt>
      <trkpt lat="46.16516" lon="6.79267">
        <ele>2212</ele>
        <time>2026-07-02T21:23:35+00:00</time>
      </trkpt>
      <trkpt lat="46.16523" lon="6.79275">
        <ele>2208</ele>
        <time>2026-07-02T21:23:38+00:00</time>
      </trkpt>
      <trkpt lat="46.16532" lon="6.79285">
        <ele>2206</ele>
        <time>2026-07-02T21:23:41+00:00</time>
      </trkpt>
      <trkpt lat="46.16539" lon="6.79293">
        <ele>2205</ele>
        <time>2026-07-02T21:23:44+00:00</time>
      </trkpt>
      <trkpt lat="46.16547" lon="6.79302">
        <ele>2203</ele>
        <time>2026-07-02T21:23:47+00:00</time>
      </trkpt>
      <trkpt lat="46.16556" lon="6.79313">
        <ele>2199</ele>
        <time>2026-07-02T21:23:50+00:00</time>
      </trkpt>
      <trkpt lat="46.16562" lon="6.79318">
        <ele>2197</ele>
        <time>2026-07-02T21:23:53+00:00</time>
      </trkpt>
      <trkpt lat="46.16569" lon="6.79322">
        <ele>2197</ele>
        <time>2026-07-02T21:23:56+00:00</time>
      </trkpt>
      <trkpt lat="46.16575" lon="6.79325">
        <ele>2195</ele>
        <time>2026-07-02T21:23:59+00:00</time>
      </trkpt>
      <trkpt lat="46.1658" lon="6.79325">
        <ele>2191</ele>
        <time>2026-07-02T21:24:02+00:00</time>
      </trkpt>
      <trkpt lat="46.16584" lon="6.79324">
        <ele>2191</ele>
        <time>2026-07-02T21:24:05+00:00</time>
      </trkpt>
      <trkpt lat="46.16589" lon="6.7932">
        <ele>2191</ele>
        <time>2026-07-02T21:24:08+00:00</time>
      </trkpt>
      <trkpt lat="46.16592" lon="6.79315">
        <ele>2189</ele>
        <time>2026-07-02T21:24:11+00:00</time>
      </trkpt>
      <trkpt lat="46.16596" lon="6.79308">
        <ele>2189</ele>
        <time>2026-07-02T21:24:14+00:00</time>
      </trkpt>
      <trkpt lat="46.16599" lon="6.79301">
        <ele>2189</ele>
        <time>2026-07-02T21:24:17+00:00</time>
      </trkpt>
      <trkpt lat="46.166" lon="6.79295">
        <ele>2186</ele>
        <time>2026-07-02T21:24:20+00:00</time>
      </trkpt>
      <trkpt lat="46.16602" lon="6.79287">
        <ele>2187</ele>
        <time>2026-07-02T21:24:23+00:00</time>
      </trkpt>
      <trkpt lat="46.16602" lon="6.79279">
        <ele>2184</ele>
        <time>2026-07-02T21:24:26+00:00</time>
      </trkpt>
      <trkpt lat="46.16602" lon="6.79273">
        <ele>2184</ele>
        <time>2026-07-02T21:24:29+00:00</time>
      </trkpt>
      <trkpt lat="46.16601" lon="6.79263">
        <ele>2184</ele>
        <time>2026-07-02T21:24:32+00:00</time>
      </trkpt>
      <trkpt lat="46.166" lon="6.79257">
        <ele>2186</ele>
        <time>2026-07-02T21:24:35+00:00</time>
      </trkpt>
      <trkpt lat="46.16599" lon="6.7925">
        <ele>2186</ele>
        <time>2026-07-02T21:24:38+00:00</time>
      </trkpt>
      <trkpt lat="46.16598" lon="6.79243">
        <ele>2185</ele>
        <time>2026-07-02T21:24:41+00:00</time>
      </trkpt>
      <trkpt lat="46.16598" lon="6.79236">
        <ele>2185</ele>
        <time>2026-07-02T21:24:44+00:00</time>
      </trkpt>
      <trkpt lat="46.16598" lon="6.7923">
        <ele>2185</ele>
        <time>2026-07-02T21:24:47+00:00</time>
      </trkpt>
      <trkpt lat="46.16599" lon="6.79224">
        <ele>2184</ele>
        <time>2026-07-02T21:24:50+00:00</time>
      </trkpt>
      <trkpt lat="46.16601" lon="6.79217">
        <ele>2181</ele>
        <time>2026-07-02T21:24:53+00:00</time>
      </trkpt>
      <trkpt lat="46.16603" lon="6.79211">
        <ele>2181</ele>
        <time>2026-07-02T21:24:56+00:00</time>
      </trkpt>
      <trkpt lat="46.16604" lon="6.79208">
        <ele>2181</ele>
        <time>2026-07-02T21:24:59+00:00</time>
      </trkpt>
      <trkpt lat="46.16605" lon="6.79206">
        <ele>2181</ele>
        <time>2026-07-02T21:25:02+00:00</time>
      </trkpt>
      <trkpt lat="46.16609" lon="6.79201">
        <ele>2181</ele>
        <time>2026-07-02T21:25:05+00:00</time>
      </trkpt>
      <trkpt lat="46.16612" lon="6.79197">
        <ele>2180</ele>
        <time>2026-07-02T21:25:08+00:00</time>
      </trkpt>
      <trkpt lat="46.16614" lon="6.79195">
        <ele>2180</ele>
        <time>2026-07-02T21:25:11+00:00</time>
      </trkpt>
      <trkpt lat="46.16618" lon="6.79193">
        <ele>2180</ele>
        <time>2026-07-02T21:25:14+00:00</time>
      </trkpt>
      <trkpt lat="46.16622" lon="6.79193">
        <ele>2179</ele>
        <time>2026-07-02T21:25:17+00:00</time>
      </trkpt>
      <trkpt lat="46.16626" lon="6.79196">
        <ele>2179</ele>
        <time>2026-07-02T21:25:20+00:00</time>
      </trkpt>
      <trkpt lat="46.16628" lon="6.792">
        <ele>2177</ele>
        <time>2026-07-02T21:25:23+00:00</time>
      </trkpt>
      <trkpt lat="46.16629" lon="6.79205">
        <ele>2177</ele>
        <time>2026-07-02T21:25:26+00:00</time>
      </trkpt>
      <trkpt lat="46.16629" lon="6.79206">
        <ele>2177</ele>
        <time>2026-07-02T21:25:29+00:00</time>
      </trkpt>
      <trkpt lat="46.16633" lon="6.79205">
        <ele>2176</ele>
        <time>2026-07-02T21:25:32+00:00</time>
      </trkpt>
      <trkpt lat="46.16636" lon="6.7921">
        <ele>2176</ele>
        <time>2026-07-02T21:25:35+00:00</time>
      </trkpt>
      <trkpt lat="46.16641" lon="6.79217">
        <ele>2170</ele>
        <time>2026-07-02T21:25:38+00:00</time>
      </trkpt>
      <trkpt lat="46.16644" lon="6.7922">
        <ele>2170</ele>
        <time>2026-07-02T21:25:41+00:00</time>
      </trkpt>
      <trkpt lat="46.16646" lon="6.7922">
        <ele>2170</ele>
        <time>2026-07-02T21:25:44+00:00</time>
      </trkpt>
      <trkpt lat="46.16648" lon="6.79218">
        <ele>2170</ele>
        <time>2026-07-02T21:25:47+00:00</time>
      </trkpt>
      <trkpt lat="46.1665" lon="6.79218">
        <ele>2165</ele>
        <time>2026-07-02T21:25:50+00:00</time>
      </trkpt>
      <trkpt lat="46.16652" lon="6.79219">
        <ele>2165</ele>
        <time>2026-07-02T21:25:53+00:00</time>
      </trkpt>
      <trkpt lat="46.16654" lon="6.79219">
        <ele>2165</ele>
        <time>2026-07-02T21:25:56+00:00</time>
      </trkpt>
      <trkpt lat="46.16658" lon="6.79216">
        <ele>2165</ele>
        <time>2026-07-02T21:25:59+00:00</time>
      </trkpt>
      <trkpt lat="46.1666" lon="6.79214">
        <ele>2160</ele>
        <time>2026-07-02T21:26:02+00:00</time>
      </trkpt>
      <trkpt lat="46.16663" lon="6.79212">
        <ele>2160</ele>
        <time>2026-07-02T21:26:05+00:00</time>
      </trkpt>
      <trkpt lat="46.16666" lon="6.79213">
        <ele>2160</ele>
        <time>2026-07-02T21:26:08+00:00</time>
      </trkpt>
      <trkpt lat="46.16668" lon="6.79214">
        <ele>2160</ele>
        <time>2026-07-02T21:26:11+00:00</time>
      </trkpt>
      <trkpt lat="46.16671" lon="6.79214">
        <ele>2153</ele>
        <time>2026-07-02T21:26:14+00:00</time>
      </trkpt>
      <trkpt lat="46.16673" lon="6.79214">
        <ele>2153</ele>
        <time>2026-07-02T21:26:17+00:00</time>
      </trkpt>
      <trkpt lat="46.16675" lon="6.79215">
        <ele>2153</ele>
        <time>2026-07-02T21:26:20+00:00</time>
      </trkpt>
      <trkpt lat="46.16678" lon="6.79216">
        <ele>2153</ele>
        <time>2026-07-02T21:26:23+00:00</time>
      </trkpt>
      <trkpt lat="46.16681" lon="6.79214">
        <ele>2150</ele>
        <time>2026-07-02T21:26:26+00:00</time>
      </trkpt>
      <trkpt lat="46.16684" lon="6.79211">
        <ele>2150</ele>
        <time>2026-07-02T21:26:29+00:00</time>
      </trkpt>
      <trkpt lat="46.16686" lon="6.79208">
        <ele>2151</ele>
        <time>2026-07-02T21:26:32+00:00</time>
      </trkpt>
      <trkpt lat="46.16688" lon="6.79207">
        <ele>2151</ele>
        <time>2026-07-02T21:26:35+00:00</time>
      </trkpt>
      <trkpt lat="46.16694" lon="6.79207">
        <ele>2150</ele>
        <time>2026-07-02T21:26:38+00:00</time>
      </trkpt>
      <trkpt lat="46.16698" lon="6.79208">
        <ele>2150</ele>
        <time>2026-07-02T21:26:41+00:00</time>
      </trkpt>
      <trkpt lat="46.16704" lon="6.79208">
        <ele>2149</ele>
        <time>2026-07-02T21:26:44+00:00</time>
      </trkpt>
      <trkpt lat="46.1671" lon="6.79208">
        <ele>2148</ele>
        <time>2026-07-02T21:26:47+00:00</time>
      </trkpt>
      <trkpt lat="46.16714" lon="6.79206">
        <ele>2148</ele>
        <time>2026-07-02T21:26:50+00:00</time>
      </trkpt>
      <trkpt lat="46.16718" lon="6.79204">
        <ele>2148</ele>
        <time>2026-07-02T21:26:53+00:00</time>
      </trkpt>
      <trkpt lat="46.16721" lon="6.79206">
        <ele>2146</ele>
        <time>2026-07-02T21:26:56+00:00</time>
      </trkpt>
      <trkpt lat="46.16725" lon="6.79207">
        <ele>2146</ele>
        <time>2026-07-02T21:26:59+00:00</time>
      </trkpt>
      <trkpt lat="46.16729" lon="6.79207">
        <ele>2146</ele>
        <time>2026-07-02T21:27:02+00:00</time>
      </trkpt>
      <trkpt lat="46.16737" lon="6.79206">
        <ele>2142</ele>
        <time>2026-07-02T21:27:05+00:00</time>
      </trkpt>
      <trkpt lat="46.16742" lon="6.79205">
        <ele>2139</ele>
        <time>2026-07-02T21:27:08+00:00</time>
      </trkpt>
      <trkpt lat="46.16746" lon="6.79206">
        <ele>2139</ele>
        <time>2026-07-02T21:27:11+00:00</time>
      </trkpt>
      <trkpt lat="46.16749" lon="6.79208">
        <ele>2139</ele>
        <time>2026-07-02T21:27:14+00:00</time>
      </trkpt>
      <trkpt lat="46.16753" lon="6.79209">
        <ele>2137</ele>
        <time>2026-07-02T21:27:17+00:00</time>
      </trkpt>
      <trkpt lat="46.16759" lon="6.79211">
        <ele>2136</ele>
        <time>2026-07-02T21:27:20+00:00</time>
      </trkpt>
      <trkpt lat="46.16766" lon="6.79215">
        <ele>2132</ele>
        <time>2026-07-02T21:27:23+00:00</time>
      </trkpt>
      <trkpt lat="46.16771" lon="6.79218">
        <ele>2129</ele>
        <time>2026-07-02T21:27:26+00:00</time>
      </trkpt>
      <trkpt lat="46.16772" lon="6.79221">
        <ele>2129</ele>
        <time>2026-07-02T21:27:29+00:00</time>
      </trkpt>
      <trkpt lat="46.16772" lon="6.79225">
        <ele>2129</ele>
        <time>2026-07-02T21:27:32+00:00</time>
      </trkpt>
      <trkpt lat="46.16773" lon="6.79228">
        <ele>2129</ele>
        <time>2026-07-02T21:27:35+00:00</time>
      </trkpt>
      <trkpt lat="46.16775" lon="6.79232">
        <ele>2127</ele>
        <time>2026-07-02T21:27:38+00:00</time>
      </trkpt>
      <trkpt lat="46.1678" lon="6.79235">
        <ele>2127</ele>
        <time>2026-07-02T21:27:41+00:00</time>
      </trkpt>
      <trkpt lat="46.16783" lon="6.79236">
        <ele>2124</ele>
        <time>2026-07-02T21:27:44+00:00</time>
      </trkpt>
      <trkpt lat="46.16787" lon="6.79235">
        <ele>2124</ele>
        <time>2026-07-02T21:27:47+00:00</time>
      </trkpt>
      <trkpt lat="46.16791" lon="6.79233">
        <ele>2120</ele>
        <time>2026-07-02T21:27:50+00:00</time>
      </trkpt>
      <trkpt lat="46.16795" lon="6.79231">
        <ele>2120</ele>
        <time>2026-07-02T21:27:53+00:00</time>
      </trkpt>
      <trkpt lat="46.16799" lon="6.7923">
        <ele>2120</ele>
        <time>2026-07-02T21:27:56+00:00</time>
      </trkpt>
      <trkpt lat="46.16803" lon="6.7923">
        <ele>2118</ele>
        <time>2026-07-02T21:27:59+00:00</time>
      </trkpt>
      <trkpt lat="46.16808" lon="6.79227">
        <ele>2118</ele>
        <time>2026-07-02T21:28:02+00:00</time>
      </trkpt>
      <trkpt lat="46.16811" lon="6.79227">
        <ele>2115</ele>
        <time>2026-07-02T21:28:05+00:00</time>
      </trkpt>
      <trkpt lat="46.16814" lon="6.79224">
        <ele>2115</ele>
        <time>2026-07-02T21:28:08+00:00</time>
      </trkpt>
      <trkpt lat="46.16819" lon="6.79226">
        <ele>2115</ele>
        <time>2026-07-02T21:28:11+00:00</time>
      </trkpt>
      <trkpt lat="46.16822" lon="6.79225">
        <ele>2109</ele>
        <time>2026-07-02T21:28:14+00:00</time>
      </trkpt>
      <trkpt lat="46.16824" lon="6.79227">
        <ele>2109</ele>
        <time>2026-07-02T21:28:17+00:00</time>
      </trkpt>
      <trkpt lat="46.16829" lon="6.79226">
        <ele>2109</ele>
        <time>2026-07-02T21:28:20+00:00</time>
      </trkpt>
      <trkpt lat="46.16836" lon="6.79218">
        <ele>2105</ele>
        <time>2026-07-02T21:28:23+00:00</time>
      </trkpt>
      <trkpt lat="46.16839" lon="6.79215">
        <ele>2105</ele>
        <time>2026-07-02T21:28:26+00:00</time>
      </trkpt>
      <trkpt lat="46.16845" lon="6.79205">
        <ele>2102</ele>
        <time>2026-07-02T21:28:29+00:00</time>
      </trkpt>
      <trkpt lat="46.1685" lon="6.79199">
        <ele>2100</ele>
        <time>2026-07-02T21:28:32+00:00</time>
      </trkpt>
      <trkpt lat="46.16857" lon="6.79196">
        <ele>2100</ele>
        <time>2026-07-02T21:28:35+00:00</time>
      </trkpt>
      <trkpt lat="46.16869" lon="6.79194">
        <ele>2095</ele>
        <time>2026-07-02T21:28:38+00:00</time>
      </trkpt>
      <trkpt lat="46.16884" lon="6.79188">
        <ele>2086</ele>
        <time>2026-07-02T21:28:41+00:00</time>
      </trkpt>
      <trkpt lat="46.16887" lon="6.79186">
        <ele>2086</ele>
        <time>2026-07-02T21:28:44+00:00</time>
      </trkpt>
      <trkpt lat="46.16889" lon="6.79184">
        <ele>2086</ele>
        <time>2026-07-02T21:28:47+00:00</time>
      </trkpt>
      <trkpt lat="46.16904" lon="6.79186">
        <ele>2078</ele>
        <time>2026-07-02T21:28:50+00:00</time>
      </trkpt>
      <trkpt lat="46.16915" lon="6.79181">
        <ele>2073</ele>
        <time>2026-07-02T21:28:53+00:00</time>
      </trkpt>
      <trkpt lat="46.16917" lon="6.79168">
        <ele>2072</ele>
        <time>2026-07-02T21:28:56+00:00</time>
      </trkpt>
      <trkpt lat="46.16926" lon="6.79165">
        <ele>2068</ele>
        <time>2026-07-02T21:28:59+00:00</time>
      </trkpt>
      <trkpt lat="46.16933" lon="6.79165">
        <ele>2064</ele>
        <time>2026-07-02T21:29:02+00:00</time>
      </trkpt>
      <trkpt lat="46.16937" lon="6.79163">
        <ele>2064</ele>
        <time>2026-07-02T21:29:05+00:00</time>
      </trkpt>
      <trkpt lat="46.16943" lon="6.79161">
        <ele>2060</ele>
        <time>2026-07-02T21:29:08+00:00</time>
      </trkpt>
      <trkpt lat="46.16951" lon="6.79159">
        <ele>2054</ele>
        <time>2026-07-02T21:29:11+00:00</time>
      </trkpt>
      <trkpt lat="46.16956" lon="6.79158">
        <ele>2054</ele>
        <time>2026-07-02T21:29:14+00:00</time>
      </trkpt>
      <trkpt lat="46.16968" lon="6.79156">
        <ele>2052</ele>
        <time>2026-07-02T21:29:17+00:00</time>
      </trkpt>
      <trkpt lat="46.16968" lon="6.79149">
        <ele>2050</ele>
        <time>2026-07-02T21:29:20+00:00</time>
      </trkpt>
      <trkpt lat="46.1697" lon="6.7914">
        <ele>2048</ele>
        <time>2026-07-02T21:29:23+00:00</time>
      </trkpt>
      <trkpt lat="46.16979" lon="6.79133">
        <ele>2046</ele>
        <time>2026-07-02T21:29:26+00:00</time>
      </trkpt>
      <trkpt lat="46.16985" lon="6.79135">
        <ele>2043</ele>
        <time>2026-07-02T21:29:29+00:00</time>
      </trkpt>
      <trkpt lat="46.17001" lon="6.79141">
        <ele>2040</ele>
        <time>2026-07-02T21:29:32+00:00</time>
      </trkpt>
      <trkpt lat="46.17005" lon="6.79137">
        <ele>2038</ele>
        <time>2026-07-02T21:29:35+00:00</time>
      </trkpt>
      <trkpt lat="46.17025" lon="6.79134">
        <ele>2032</ele>
        <time>2026-07-02T21:29:38+00:00</time>
      </trkpt>
      <trkpt lat="46.17035" lon="6.79136">
        <ele>2030</ele>
        <time>2026-07-02T21:29:41+00:00</time>
      </trkpt>
      <trkpt lat="46.1704" lon="6.79129">
        <ele>2029</ele>
        <time>2026-07-02T21:29:44+00:00</time>
      </trkpt>
      <trkpt lat="46.17043" lon="6.79126">
        <ele>2025</ele>
        <time>2026-07-02T21:29:47+00:00</time>
      </trkpt>
      <trkpt lat="46.17049" lon="6.79129">
        <ele>2025</ele>
        <time>2026-07-02T21:29:50+00:00</time>
      </trkpt>
      <trkpt lat="46.17059" lon="6.79126">
        <ele>2022</ele>
        <time>2026-07-02T21:29:53+00:00</time>
      </trkpt>
      <trkpt lat="46.17063" lon="6.79123">
        <ele>2020</ele>
        <time>2026-07-02T21:29:56+00:00</time>
      </trkpt>
      <trkpt lat="46.17069" lon="6.79127">
        <ele>2020</ele>
        <time>2026-07-02T21:29:59+00:00</time>
      </trkpt>
      <trkpt lat="46.17076" lon="6.79127">
        <ele>2016</ele>
        <time>2026-07-02T21:30:02+00:00</time>
      </trkpt>
      <trkpt lat="46.17079" lon="6.79128">
        <ele>2016</ele>
        <time>2026-07-02T21:30:05+00:00</time>
      </trkpt>
      <trkpt lat="46.1709" lon="6.79135">
        <ele>2014</ele>
        <time>2026-07-02T21:30:08+00:00</time>
      </trkpt>
      <trkpt lat="46.17094" lon="6.79135">
        <ele>2014</ele>
        <time>2026-07-02T21:30:11+00:00</time>
      </trkpt>
      <trkpt lat="46.17098" lon="6.79137">
        <ele>2014</ele>
        <time>2026-07-02T21:30:14+00:00</time>
      </trkpt>
      <trkpt lat="46.17105" lon="6.79138">
        <ele>2012</ele>
        <time>2026-07-02T21:30:17+00:00</time>
      </trkpt>
      <trkpt lat="46.17108" lon="6.79139">
        <ele>2012</ele>
        <time>2026-07-02T21:30:20+00:00</time>
      </trkpt>
      <trkpt lat="46.1711" lon="6.7914">
        <ele>2011</ele>
        <time>2026-07-02T21:30:23+00:00</time>
      </trkpt>
      <trkpt lat="46.17114" lon="6.79139">
        <ele>2011</ele>
        <time>2026-07-02T21:30:26+00:00</time>
      </trkpt>
      <trkpt lat="46.17118" lon="6.79138">
        <ele>2011</ele>
        <time>2026-07-02T21:30:29+00:00</time>
      </trkpt>
      <trkpt lat="46.17121" lon="6.79141">
        <ele>2011</ele>
        <time>2026-07-02T21:30:32+00:00</time>
      </trkpt>
      <trkpt lat="46.17126" lon="6.79149">
        <ele>2011</ele>
        <time>2026-07-02T21:30:35+00:00</time>
      </trkpt>
      <trkpt lat="46.17136" lon="6.79149">
        <ele>2008</ele>
        <time>2026-07-02T21:30:38+00:00</time>
      </trkpt>
      <trkpt lat="46.1714" lon="6.79144">
        <ele>2007</ele>
        <time>2026-07-02T21:30:41+00:00</time>
      </trkpt>
      <trkpt lat="46.17142" lon="6.79142">
        <ele>2007</ele>
        <time>2026-07-02T21:30:44+00:00</time>
      </trkpt>
      <trkpt lat="46.17148" lon="6.79133">
        <ele>2005</ele>
        <time>2026-07-02T21:30:47+00:00</time>
      </trkpt>
      <trkpt lat="46.17151" lon="6.79131">
        <ele>2004</ele>
        <time>2026-07-02T21:30:50+00:00</time>
      </trkpt>
      <trkpt lat="46.17153" lon="6.7913">
        <ele>2004</ele>
        <time>2026-07-02T21:30:53+00:00</time>
      </trkpt>
      <trkpt lat="46.17153" lon="6.79129">
        <ele>2004</ele>
        <time>2026-07-02T21:30:56+00:00</time>
      </trkpt>
      <trkpt lat="46.17162" lon="6.79124">
        <ele>2002</ele>
        <time>2026-07-02T21:30:59+00:00</time>
      </trkpt>
      <trkpt lat="46.17166" lon="6.79123">
        <ele>2002</ele>
        <time>2026-07-02T21:31:02+00:00</time>
      </trkpt>
      <trkpt lat="46.17171" lon="6.79121">
        <ele>2000</ele>
        <time>2026-07-02T21:31:05+00:00</time>
      </trkpt>
      <trkpt lat="46.17179" lon="6.79125">
        <ele>2000</ele>
        <time>2026-07-02T21:31:08+00:00</time>
      </trkpt>
      <trkpt lat="46.17184" lon="6.79127">
        <ele>1998</ele>
        <time>2026-07-02T21:31:11+00:00</time>
      </trkpt>
      <trkpt lat="46.17186" lon="6.79131">
        <ele>1999</ele>
        <time>2026-07-02T21:31:14+00:00</time>
      </trkpt>
      <trkpt lat="46.17196" lon="6.79134">
        <ele>1994</ele>
        <time>2026-07-02T21:31:17+00:00</time>
      </trkpt>
      <trkpt lat="46.17199" lon="6.79139">
        <ele>1994</ele>
        <time>2026-07-02T21:31:20+00:00</time>
      </trkpt>
      <trkpt lat="46.172" lon="6.7914">
        <ele>1994</ele>
        <time>2026-07-02T21:31:23+00:00</time>
      </trkpt>
      <trkpt lat="46.17206" lon="6.79131">
        <ele>1989</ele>
        <time>2026-07-02T21:31:26+00:00</time>
      </trkpt>
      <trkpt lat="46.17209" lon="6.79133">
        <ele>1989</ele>
        <time>2026-07-02T21:31:29+00:00</time>
      </trkpt>
      <trkpt lat="46.17227" lon="6.79122">
        <ele>1981</ele>
        <time>2026-07-02T21:31:32+00:00</time>
      </trkpt>
      <trkpt lat="46.1723" lon="6.79114">
        <ele>1983</ele>
        <time>2026-07-02T21:31:35+00:00</time>
      </trkpt>
      <trkpt lat="46.1723" lon="6.79113">
        <ele>1980</ele>
        <time>2026-07-02T21:31:38+00:00</time>
      </trkpt>
      <trkpt lat="46.17238" lon="6.79101">
        <ele>1981</ele>
        <time>2026-07-02T21:31:41+00:00</time>
      </trkpt>
      <trkpt lat="46.17246" lon="6.79097">
        <ele>1978</ele>
        <time>2026-07-02T21:31:44+00:00</time>
      </trkpt>
      <trkpt lat="46.17251" lon="6.79096">
        <ele>1972</ele>
        <time>2026-07-02T21:31:47+00:00</time>
      </trkpt>
      <trkpt lat="46.17256" lon="6.79095">
        <ele>1972</ele>
        <time>2026-07-02T21:31:50+00:00</time>
      </trkpt>
      <trkpt lat="46.17259" lon="6.79093">
        <ele>1972</ele>
        <time>2026-07-02T21:31:53+00:00</time>
      </trkpt>
      <trkpt lat="46.17267" lon="6.79092">
        <ele>1969</ele>
        <time>2026-07-02T21:31:56+00:00</time>
      </trkpt>
      <trkpt lat="46.17271" lon="6.79094">
        <ele>1965</ele>
        <time>2026-07-02T21:31:59+00:00</time>
      </trkpt>
      <trkpt lat="46.17276" lon="6.7909">
        <ele>1964</ele>
        <time>2026-07-02T21:32:02+00:00</time>
      </trkpt>
      <trkpt lat="46.1728" lon="6.7909">
        <ele>1964</ele>
        <time>2026-07-02T21:32:05+00:00</time>
      </trkpt>
      <trkpt lat="46.17281" lon="6.79085">
        <ele>1959</ele>
        <time>2026-07-02T21:32:08+00:00</time>
      </trkpt>
      <trkpt lat="46.17284" lon="6.79087">
        <ele>1959</ele>
        <time>2026-07-02T21:32:11+00:00</time>
      </trkpt>
      <trkpt lat="46.17287" lon="6.79086">
        <ele>1959</ele>
        <time>2026-07-02T21:32:14+00:00</time>
      </trkpt>
      <trkpt lat="46.17291" lon="6.79077">
        <ele>1954</ele>
        <time>2026-07-02T21:32:17+00:00</time>
      </trkpt>
      <trkpt lat="46.17297" lon="6.79068">
        <ele>1954</ele>
        <time>2026-07-02T21:32:20+00:00</time>
      </trkpt>
      <trkpt lat="46.17299" lon="6.79065">
        <ele>1954</ele>
        <time>2026-07-02T21:32:23+00:00</time>
      </trkpt>
      <trkpt lat="46.17299" lon="6.79056">
        <ele>1954</ele>
        <time>2026-07-02T21:32:26+00:00</time>
      </trkpt>
      <trkpt lat="46.17314" lon="6.79051">
        <ele>1944</ele>
        <time>2026-07-02T21:32:29+00:00</time>
      </trkpt>
      <trkpt lat="46.17321" lon="6.79047">
        <ele>1941</ele>
        <time>2026-07-02T21:32:32+00:00</time>
      </trkpt>
      <trkpt lat="46.17325" lon="6.79041">
        <ele>1941</ele>
        <time>2026-07-02T21:32:35+00:00</time>
      </trkpt>
      <trkpt lat="46.17336" lon="6.79045">
        <ele>1937</ele>
        <time>2026-07-02T21:32:38+00:00</time>
      </trkpt>
      <trkpt lat="46.17338" lon="6.79049">
        <ele>1937</ele>
        <time>2026-07-02T21:32:41+00:00</time>
      </trkpt>
      <trkpt lat="46.17338" lon="6.79054">
        <ele>1937</ele>
        <time>2026-07-02T21:32:44+00:00</time>
      </trkpt>
      <trkpt lat="46.17344" lon="6.79053">
        <ele>1933</ele>
        <time>2026-07-02T21:32:47+00:00</time>
      </trkpt>
      <trkpt lat="46.17352" lon="6.79063">
        <ele>1930</ele>
        <time>2026-07-02T21:32:50+00:00</time>
      </trkpt>
      <trkpt lat="46.17356" lon="6.79064">
        <ele>1930</ele>
        <time>2026-07-02T21:32:53+00:00</time>
      </trkpt>
      <trkpt lat="46.17359" lon="6.79064">
        <ele>1930</ele>
        <time>2026-07-02T21:32:56+00:00</time>
      </trkpt>
      <trkpt lat="46.17364" lon="6.79063">
        <ele>1928</ele>
        <time>2026-07-02T21:32:59+00:00</time>
      </trkpt>
      <trkpt lat="46.17368" lon="6.79062">
        <ele>1928</ele>
        <time>2026-07-02T21:33:02+00:00</time>
      </trkpt>
      <trkpt lat="46.17373" lon="6.79059">
        <ele>1926</ele>
        <time>2026-07-02T21:33:05+00:00</time>
      </trkpt>
      <trkpt lat="46.17376" lon="6.79058">
        <ele>1926</ele>
        <time>2026-07-02T21:33:08+00:00</time>
      </trkpt>
      <trkpt lat="46.1738" lon="6.79058">
        <ele>1926</ele>
        <time>2026-07-02T21:33:11+00:00</time>
      </trkpt>
      <trkpt lat="46.17387" lon="6.7906">
        <ele>1923</ele>
        <time>2026-07-02T21:33:14+00:00</time>
      </trkpt>
      <trkpt lat="46.17397" lon="6.79063">
        <ele>1921</ele>
        <time>2026-07-02T21:33:17+00:00</time>
      </trkpt>
      <trkpt lat="46.17406" lon="6.79065">
        <ele>1918</ele>
        <time>2026-07-02T21:33:20+00:00</time>
      </trkpt>
      <trkpt lat="46.17409" lon="6.79064">
        <ele>1918</ele>
        <time>2026-07-02T21:33:23+00:00</time>
      </trkpt>
      <trkpt lat="46.17412" lon="6.79063">
        <ele>1916</ele>
        <time>2026-07-02T21:33:26+00:00</time>
      </trkpt>
      <trkpt lat="46.17416" lon="6.7906">
        <ele>1916</ele>
        <time>2026-07-02T21:33:29+00:00</time>
      </trkpt>
      <trkpt lat="46.1742" lon="6.79056">
        <ele>1914</ele>
        <time>2026-07-02T21:33:32+00:00</time>
      </trkpt>
      <trkpt lat="46.17426" lon="6.79054">
        <ele>1914</ele>
        <time>2026-07-02T21:33:35+00:00</time>
      </trkpt>
      <trkpt lat="46.17429" lon="6.79054">
        <ele>1914</ele>
        <time>2026-07-02T21:33:38+00:00</time>
      </trkpt>
      <trkpt lat="46.17434" lon="6.79052">
        <ele>1910</ele>
        <time>2026-07-02T21:33:41+00:00</time>
      </trkpt>
      <trkpt lat="46.17438" lon="6.7905">
        <ele>1910</ele>
        <time>2026-07-02T21:33:44+00:00</time>
      </trkpt>
      <trkpt lat="46.17445" lon="6.79048">
        <ele>1907</ele>
        <time>2026-07-02T21:33:47+00:00</time>
      </trkpt>
      <trkpt lat="46.17449" lon="6.79047">
        <ele>1907</ele>
        <time>2026-07-02T21:33:50+00:00</time>
      </trkpt>
      <trkpt lat="46.17451" lon="6.79045">
        <ele>1905</ele>
        <time>2026-07-02T21:33:53+00:00</time>
      </trkpt>
      <trkpt lat="46.17453" lon="6.79043">
        <ele>1905</ele>
        <time>2026-07-02T21:33:56+00:00</time>
      </trkpt>
      <trkpt lat="46.17453" lon="6.79038">
        <ele>1904</ele>
        <time>2026-07-02T21:33:59+00:00</time>
      </trkpt>
      <trkpt lat="46.17458" lon="6.79032">
        <ele>1904</ele>
        <time>2026-07-02T21:34:02+00:00</time>
      </trkpt>
      <trkpt lat="46.17468" lon="6.79028">
        <ele>1902</ele>
        <time>2026-07-02T21:34:05+00:00</time>
      </trkpt>
      <trkpt lat="46.17474" lon="6.79025">
        <ele>1900</ele>
        <time>2026-07-02T21:34:08+00:00</time>
      </trkpt>
      <trkpt lat="46.17482" lon="6.79013">
        <ele>1899</ele>
        <time>2026-07-02T21:34:11+00:00</time>
      </trkpt>
      <trkpt lat="46.17485" lon="6.79011">
        <ele>1899</ele>
        <time>2026-07-02T21:34:14+00:00</time>
      </trkpt>
      <trkpt lat="46.17488" lon="6.79009">
        <ele>1899</ele>
        <time>2026-07-02T21:34:17+00:00</time>
      </trkpt>
      <trkpt lat="46.17493" lon="6.79007">
        <ele>1898</ele>
        <time>2026-07-02T21:34:20+00:00</time>
      </trkpt>
      <trkpt lat="46.17498" lon="6.79006">
        <ele>1898</ele>
        <time>2026-07-02T21:34:23+00:00</time>
      </trkpt>
      <trkpt lat="46.17506" lon="6.7901">
        <ele>1897</ele>
        <time>2026-07-02T21:34:26+00:00</time>
      </trkpt>
      <trkpt lat="46.17508" lon="6.79011">
        <ele>1897</ele>
        <time>2026-07-02T21:34:29+00:00</time>
      </trkpt>
      <trkpt lat="46.17512" lon="6.79012">
        <ele>1896</ele>
        <time>2026-07-02T21:34:32+00:00</time>
      </trkpt>
      <trkpt lat="46.17521" lon="6.79005">
        <ele>1894</ele>
        <time>2026-07-02T21:34:35+00:00</time>
      </trkpt>
      <trkpt lat="46.17529" lon="6.78991">
        <ele>1894</ele>
        <time>2026-07-02T21:34:38+00:00</time>
      </trkpt>
      <trkpt lat="46.17534" lon="6.78988">
        <ele>1892</ele>
        <time>2026-07-02T21:34:41+00:00</time>
      </trkpt>
      <trkpt lat="46.17542" lon="6.78984">
        <ele>1891</ele>
        <time>2026-07-02T21:34:44+00:00</time>
      </trkpt>
      <trkpt lat="46.17547" lon="6.78981">
        <ele>1891</ele>
        <time>2026-07-02T21:34:47+00:00</time>
      </trkpt>
      <trkpt lat="46.17551" lon="6.78978">
        <ele>1889</ele>
        <time>2026-07-02T21:34:50+00:00</time>
      </trkpt>
      <trkpt lat="46.17554" lon="6.78974">
        <ele>1889</ele>
        <time>2026-07-02T21:34:53+00:00</time>
      </trkpt>
      <trkpt lat="46.1756" lon="6.78968">
        <ele>1888</ele>
        <time>2026-07-02T21:34:56+00:00</time>
      </trkpt>
      <trkpt lat="46.17564" lon="6.78962">
        <ele>1888</ele>
        <time>2026-07-02T21:34:59+00:00</time>
      </trkpt>
      <trkpt lat="46.17569" lon="6.78952">
        <ele>1886</ele>
        <time>2026-07-02T21:35:02+00:00</time>
      </trkpt>
      <trkpt lat="46.17574" lon="6.78948">
        <ele>1885</ele>
        <time>2026-07-02T21:35:05+00:00</time>
      </trkpt>
      <trkpt lat="46.17579" lon="6.78946">
        <ele>1885</ele>
        <time>2026-07-02T21:35:08+00:00</time>
      </trkpt>
      <trkpt lat="46.17585" lon="6.78945">
        <ele>1884</ele>
        <time>2026-07-02T21:35:11+00:00</time>
      </trkpt>
      <trkpt lat="46.17595" lon="6.78943">
        <ele>1882</ele>
        <time>2026-07-02T21:35:14+00:00</time>
      </trkpt>
      <trkpt lat="46.17603" lon="6.78939">
        <ele>1881</ele>
        <time>2026-07-02T21:35:17+00:00</time>
      </trkpt>
      <trkpt lat="46.17612" lon="6.78935">
        <ele>1878</ele>
        <time>2026-07-02T21:35:20+00:00</time>
      </trkpt>
      <trkpt lat="46.1762" lon="6.78933">
        <ele>1877</ele>
        <time>2026-07-02T21:35:23+00:00</time>
      </trkpt>
      <trkpt lat="46.17629" lon="6.7893">
        <ele>1876</ele>
        <time>2026-07-02T21:35:26+00:00</time>
      </trkpt>
      <trkpt lat="46.17634" lon="6.78929">
        <ele>1874</ele>
        <time>2026-07-02T21:35:29+00:00</time>
      </trkpt>
      <trkpt lat="46.17639" lon="6.7893">
        <ele>1875</ele>
        <time>2026-07-02T21:35:32+00:00</time>
      </trkpt>
      <trkpt lat="46.17642" lon="6.78932">
        <ele>1873</ele>
        <time>2026-07-02T21:35:35+00:00</time>
      </trkpt>
      <trkpt lat="46.17645" lon="6.78934">
        <ele>1873</ele>
        <time>2026-07-02T21:35:38+00:00</time>
      </trkpt>
      <trkpt lat="46.17647" lon="6.78938">
        <ele>1873</ele>
        <time>2026-07-02T21:35:41+00:00</time>
      </trkpt>
      <trkpt lat="46.17649" lon="6.78941">
        <ele>1873</ele>
        <time>2026-07-02T21:35:44+00:00</time>
      </trkpt>
      <trkpt lat="46.1765" lon="6.78946">
        <ele>1873</ele>
        <time>2026-07-02T21:35:47+00:00</time>
      </trkpt>
      <trkpt lat="46.1765" lon="6.78955">
        <ele>1873</ele>
        <time>2026-07-02T21:35:50+00:00</time>
      </trkpt>
      <trkpt lat="46.17649" lon="6.78964">
        <ele>1873</ele>
        <time>2026-07-02T21:35:53+00:00</time>
      </trkpt>
      <trkpt lat="46.17647" lon="6.7897">
        <ele>1871</ele>
        <time>2026-07-02T21:35:56+00:00</time>
      </trkpt>
      <trkpt lat="46.17642" lon="6.78981">
        <ele>1869</ele>
        <time>2026-07-02T21:35:59+00:00</time>
      </trkpt>
      <trkpt lat="46.17639" lon="6.78988">
        <ele>1871</ele>
        <time>2026-07-02T21:36:02+00:00</time>
      </trkpt>
      <trkpt lat="46.17638" lon="6.78991">
        <ele>1867</ele>
        <time>2026-07-02T21:36:05+00:00</time>
      </trkpt>
      <trkpt lat="46.17638" lon="6.78994">
        <ele>1867</ele>
        <time>2026-07-02T21:36:08+00:00</time>
      </trkpt>
      <trkpt lat="46.17639" lon="6.78995">
        <ele>1867</ele>
        <time>2026-07-02T21:36:11+00:00</time>
      </trkpt>
      <trkpt lat="46.17641" lon="6.78997">
        <ele>1866</ele>
        <time>2026-07-02T21:36:14+00:00</time>
      </trkpt>
      <trkpt lat="46.17643" lon="6.78997">
        <ele>1866</ele>
        <time>2026-07-02T21:36:17+00:00</time>
      </trkpt>
      <trkpt lat="46.17647" lon="6.78995">
        <ele>1866</ele>
        <time>2026-07-02T21:36:20+00:00</time>
      </trkpt>
      <trkpt lat="46.17656" lon="6.78991">
        <ele>1865</ele>
        <time>2026-07-02T21:36:23+00:00</time>
      </trkpt>
      <trkpt lat="46.1767" lon="6.78987">
        <ele>1866</ele>
        <time>2026-07-02T21:36:26+00:00</time>
      </trkpt>
      <trkpt lat="46.17679" lon="6.78985">
        <ele>1863</ele>
        <time>2026-07-02T21:36:29+00:00</time>
      </trkpt>
      <trkpt lat="46.17684" lon="6.78985">
        <ele>1861</ele>
        <time>2026-07-02T21:36:32+00:00</time>
      </trkpt>
      <trkpt lat="46.17688" lon="6.78987">
        <ele>1861</ele>
        <time>2026-07-02T21:36:35+00:00</time>
      </trkpt>
      <trkpt lat="46.17691" lon="6.78988">
        <ele>1858</ele>
        <time>2026-07-02T21:36:38+00:00</time>
      </trkpt>
      <trkpt lat="46.17695" lon="6.78992">
        <ele>1855</ele>
        <time>2026-07-02T21:36:41+00:00</time>
      </trkpt>
      <trkpt lat="46.17701" lon="6.79004">
        <ele>1851</ele>
        <time>2026-07-02T21:36:44+00:00</time>
      </trkpt>
      <trkpt lat="46.1771" lon="6.79015">
        <ele>1851</ele>
        <time>2026-07-02T21:36:47+00:00</time>
      </trkpt>
      <trkpt lat="46.17719" lon="6.79027">
        <ele>1850</ele>
        <time>2026-07-02T21:36:50+00:00</time>
      </trkpt>
      <trkpt lat="46.17735" lon="6.79033">
        <ele>1849</ele>
        <time>2026-07-02T21:36:53+00:00</time>
      </trkpt>
      <trkpt lat="46.17739" lon="6.79015">
        <ele>1849</ele>
        <time>2026-07-02T21:36:56+00:00</time>
      </trkpt>
      <trkpt lat="46.17747" lon="6.79">
        <ele>1848</ele>
        <time>2026-07-02T21:36:59+00:00</time>
      </trkpt>
      <trkpt lat="46.17753" lon="6.78991">
        <ele>1849</ele>
        <time>2026-07-02T21:37:02+00:00</time>
      </trkpt>
      <trkpt lat="46.17762" lon="6.78974">
        <ele>1846</ele>
        <time>2026-07-02T21:37:05+00:00</time>
      </trkpt>
      <trkpt lat="46.1777" lon="6.7896">
        <ele>1849</ele>
        <time>2026-07-02T21:37:08+00:00</time>
      </trkpt>
      <trkpt lat="46.17774" lon="6.78951">
        <ele>1846</ele>
        <time>2026-07-02T21:37:11+00:00</time>
      </trkpt>
      <trkpt lat="46.17777" lon="6.78941">
        <ele>1847</ele>
        <time>2026-07-02T21:37:14+00:00</time>
      </trkpt>
      <trkpt lat="46.1778" lon="6.78931">
        <ele>1848</ele>
        <time>2026-07-02T21:37:17+00:00</time>
      </trkpt>
      <trkpt lat="46.17783" lon="6.78921">
        <ele>1847</ele>
        <time>2026-07-02T21:37:20+00:00</time>
      </trkpt>
      <trkpt lat="46.17787" lon="6.78901">
        <ele>1847</ele>
        <time>2026-07-02T21:37:23+00:00</time>
      </trkpt>
      <trkpt lat="46.17792" lon="6.78875">
        <ele>1842</ele>
        <time>2026-07-02T21:37:26+00:00</time>
      </trkpt>
      <trkpt lat="46.17796" lon="6.78854">
        <ele>1841</ele>
        <time>2026-07-02T21:37:29+00:00</time>
      </trkpt>
      <trkpt lat="46.17801" lon="6.7883">
        <ele>1839</ele>
        <time>2026-07-02T21:37:32+00:00</time>
      </trkpt>
      <trkpt lat="46.17805" lon="6.78814">
        <ele>1839</ele>
        <time>2026-07-02T21:37:35+00:00</time>
      </trkpt>
      <trkpt lat="46.1781" lon="6.788">
        <ele>1838</ele>
        <time>2026-07-02T21:37:38+00:00</time>
      </trkpt>
      <trkpt lat="46.17814" lon="6.78789">
        <ele>1836</ele>
        <time>2026-07-02T21:37:41+00:00</time>
      </trkpt>
      <trkpt lat="46.17816" lon="6.78784">
        <ele>1836</ele>
        <time>2026-07-02T21:37:44+00:00</time>
      </trkpt>
      <trkpt lat="46.17819" lon="6.78778">
        <ele>1838</ele>
        <time>2026-07-02T21:37:47+00:00</time>
      </trkpt>
      <trkpt lat="46.17826" lon="6.78766">
        <ele>1836</ele>
        <time>2026-07-02T21:37:50+00:00</time>
      </trkpt>
      <trkpt lat="46.17847" lon="6.78737">
        <ele>1833</ele>
        <time>2026-07-02T21:37:53+00:00</time>
      </trkpt>
      <trkpt lat="46.17862" lon="6.78716">
        <ele>1833</ele>
        <time>2026-07-02T21:37:56+00:00</time>
      </trkpt>
      <trkpt lat="46.17874" lon="6.78702">
        <ele>1830</ele>
        <time>2026-07-02T21:37:59+00:00</time>
      </trkpt>
      <trkpt lat="46.17878" lon="6.78698">
        <ele>1833</ele>
        <time>2026-07-02T21:38:02+00:00</time>
      </trkpt>
      <trkpt lat="46.17883" lon="6.78693">
        <ele>1828</ele>
        <time>2026-07-02T21:38:05+00:00</time>
      </trkpt>
      <trkpt lat="46.17895" lon="6.78686">
        <ele>1828</ele>
        <time>2026-07-02T21:38:08+00:00</time>
      </trkpt>
      <trkpt lat="46.17908" lon="6.78681">
        <ele>1826</ele>
        <time>2026-07-02T21:38:11+00:00</time>
      </trkpt>
      <trkpt lat="46.17916" lon="6.78673">
        <ele>1825</ele>
        <time>2026-07-02T21:38:14+00:00</time>
      </trkpt>
      <trkpt lat="46.17935" lon="6.78649">
        <ele>1824</ele>
        <time>2026-07-02T21:38:17+00:00</time>
      </trkpt>
      <trkpt lat="46.17942" lon="6.78633">
        <ele>1820</ele>
        <time>2026-07-02T21:38:20+00:00</time>
      </trkpt>
      <trkpt lat="46.17948" lon="6.78629">
        <ele>1820</ele>
        <time>2026-07-02T21:38:23+00:00</time>
      </trkpt>
      <trkpt lat="46.17956" lon="6.78619">
        <ele>1819</ele>
        <time>2026-07-02T21:38:26+00:00</time>
      </trkpt>
      <trkpt lat="46.17969" lon="6.78601">
        <ele>1817</ele>
        <time>2026-07-02T21:38:29+00:00</time>
      </trkpt>
      <trkpt lat="46.17982" lon="6.78591">
        <ele>1811</ele>
        <time>2026-07-02T21:38:32+00:00</time>
      </trkpt>
      <trkpt lat="46.18003" lon="6.78576">
        <ele>1814</ele>
        <time>2026-07-02T21:38:35+00:00</time>
      </trkpt>
      <trkpt lat="46.18039" lon="6.78549">
        <ele>1811</ele>
        <time>2026-07-02T21:38:38+00:00</time>
      </trkpt>
      <trkpt lat="46.1806" lon="6.78538">
        <ele>1808</ele>
        <time>2026-07-02T21:38:41+00:00</time>
      </trkpt>
      <trkpt lat="46.18081" lon="6.78529">
        <ele>1804</ele>
        <time>2026-07-02T21:38:44+00:00</time>
      </trkpt>
      <trkpt lat="46.18103" lon="6.78517">
        <ele>1801</ele>
        <time>2026-07-02T21:38:47+00:00</time>
      </trkpt>
      <trkpt lat="46.18114" lon="6.78511">
        <ele>1797</ele>
        <time>2026-07-02T21:38:50+00:00</time>
      </trkpt>
      <trkpt lat="46.18125" lon="6.78503">
        <ele>1798</ele>
        <time>2026-07-02T21:38:53+00:00</time>
      </trkpt>
      <trkpt lat="46.18135" lon="6.78494">
        <ele>1796</ele>
        <time>2026-07-02T21:38:56+00:00</time>
      </trkpt>
      <trkpt lat="46.18153" lon="6.78483">
        <ele>1796</ele>
        <time>2026-07-02T21:38:59+00:00</time>
      </trkpt>
      <trkpt lat="46.18173" lon="6.78469">
        <ele>1795</ele>
        <time>2026-07-02T21:39:02+00:00</time>
      </trkpt>
      <trkpt lat="46.18191" lon="6.78455">
        <ele>1795</ele>
        <time>2026-07-02T21:39:05+00:00</time>
      </trkpt>
      <trkpt lat="46.18219" lon="6.78435">
        <ele>1795</ele>
        <time>2026-07-02T21:39:08+00:00</time>
      </trkpt>
      <trkpt lat="46.18238" lon="6.7842">
        <ele>1794</ele>
        <time>2026-07-02T21:39:11+00:00</time>
      </trkpt>
      <trkpt lat="46.18254" lon="6.7841">
        <ele>1785</ele>
        <time>2026-07-02T21:39:14+00:00</time>
      </trkpt>
      <trkpt lat="46.18267" lon="6.78404">
        <ele>1779</ele>
        <time>2026-07-02T21:39:17+00:00</time>
      </trkpt>
      <trkpt lat="46.18279" lon="6.78398">
        <ele>1783</ele>
        <time>2026-07-02T21:39:20+00:00</time>
      </trkpt>
      <trkpt lat="46.18289" lon="6.78392">
        <ele>1775</ele>
        <time>2026-07-02T21:39:23+00:00</time>
      </trkpt>
      <trkpt lat="46.18298" lon="6.78386">
        <ele>1780</ele>
        <time>2026-07-02T21:39:26+00:00</time>
      </trkpt>
      <trkpt lat="46.18305" lon="6.78379">
        <ele>1779</ele>
        <time>2026-07-02T21:39:29+00:00</time>
      </trkpt>
      <trkpt lat="46.18314" lon="6.78372">
        <ele>1777</ele>
        <time>2026-07-02T21:39:32+00:00</time>
      </trkpt>
      <trkpt lat="46.18321" lon="6.78364">
        <ele>1771</ele>
        <time>2026-07-02T21:39:35+00:00</time>
      </trkpt>
      <trkpt lat="46.18329" lon="6.78355">
        <ele>1778</ele>
        <time>2026-07-02T21:39:38+00:00</time>
      </trkpt>
      <trkpt lat="46.18337" lon="6.78345">
        <ele>1773</ele>
        <time>2026-07-02T21:39:41+00:00</time>
      </trkpt>
      <trkpt lat="46.18347" lon="6.78337">
        <ele>1777</ele>
        <time>2026-07-02T21:39:44+00:00</time>
      </trkpt>
      <trkpt lat="46.18361" lon="6.78326">
        <ele>1769</ele>
        <time>2026-07-02T21:39:47+00:00</time>
      </trkpt>
      <trkpt lat="46.18372" lon="6.78316">
        <ele>1767</ele>
        <time>2026-07-02T21:39:50+00:00</time>
      </trkpt>
      <trkpt lat="46.18381" lon="6.78307">
        <ele>1768</ele>
        <time>2026-07-02T21:39:53+00:00</time>
      </trkpt>
      <trkpt lat="46.18388" lon="6.783">
        <ele>1771</ele>
        <time>2026-07-02T21:39:56+00:00</time>
      </trkpt>
      <trkpt lat="46.18395" lon="6.78291">
        <ele>1767</ele>
        <time>2026-07-02T21:39:59+00:00</time>
      </trkpt>
      <trkpt lat="46.18404" lon="6.78279">
        <ele>1768</ele>
        <time>2026-07-02T21:40:02+00:00</time>
      </trkpt>
      <trkpt lat="46.18417" lon="6.78261">
        <ele>1766</ele>
        <time>2026-07-02T21:40:05+00:00</time>
      </trkpt>
      <trkpt lat="46.18435" lon="6.78231">
        <ele>1764</ele>
        <time>2026-07-02T21:40:08+00:00</time>
      </trkpt>
      <trkpt lat="46.1845" lon="6.7821">
        <ele>1764</ele>
        <time>2026-07-02T21:40:11+00:00</time>
      </trkpt>
      <trkpt lat="46.18469" lon="6.78186">
        <ele>1763</ele>
        <time>2026-07-02T21:40:14+00:00</time>
      </trkpt>
      <trkpt lat="46.18484" lon="6.78166">
        <ele>1763</ele>
        <time>2026-07-02T21:40:17+00:00</time>
      </trkpt>
      <trkpt lat="46.18511" lon="6.78127">
        <ele>1768</ele>
        <time>2026-07-02T21:40:20+00:00</time>
      </trkpt>
      <trkpt lat="46.18526" lon="6.78109">
        <ele>1768</ele>
        <time>2026-07-02T21:40:23+00:00</time>
      </trkpt>
      <trkpt lat="46.18536" lon="6.78099">
        <ele>1774</ele>
        <time>2026-07-02T21:40:26+00:00</time>
      </trkpt>
      <trkpt lat="46.18547" lon="6.78091">
        <ele>1768</ele>
        <time>2026-07-02T21:40:29+00:00</time>
      </trkpt>
      <trkpt lat="46.18559" lon="6.78083">
        <ele>1765</ele>
        <time>2026-07-02T21:40:32+00:00</time>
      </trkpt>
      <trkpt lat="46.18559" lon="6.78083">
        <ele>1765</ele>
        <time>2026-07-02T21:40:35+00:00</time>
      </trkpt>
      <trkpt lat="46.18565" lon="6.78079">
        <ele>1765</ele>
        <time>2026-07-02T21:40:38+00:00</time>
      </trkpt>
      <trkpt lat="46.18574" lon="6.78075">
        <ele>1760</ele>
        <time>2026-07-02T21:40:41+00:00</time>
      </trkpt>
      <trkpt lat="46.18585" lon="6.78071">
        <ele>1754</ele>
        <time>2026-07-02T21:40:44+00:00</time>
      </trkpt>
      <trkpt lat="46.18597" lon="6.78068">
        <ele>1756</ele>
        <time>2026-07-02T21:40:47+00:00</time>
      </trkpt>
      <trkpt lat="46.18607" lon="6.78066">
        <ele>1754</ele>
        <time>2026-07-02T21:40:50+00:00</time>
      </trkpt>
      <trkpt lat="46.18619" lon="6.78062">
        <ele>1751</ele>
        <time>2026-07-02T21:40:53+00:00</time>
      </trkpt>
      <trkpt lat="46.18632" lon="6.78058">
        <ele>1752</ele>
        <time>2026-07-02T21:40:56+00:00</time>
      </trkpt>
      <trkpt lat="46.1864" lon="6.78054">
        <ele>1752</ele>
        <time>2026-07-02T21:40:59+00:00</time>
      </trkpt>
      <trkpt lat="46.18647" lon="6.78048">
        <ele>1753</ele>
        <time>2026-07-02T21:41:02+00:00</time>
      </trkpt>
      <trkpt lat="46.18654" lon="6.78042">
        <ele>1750</ele>
        <time>2026-07-02T21:41:05+00:00</time>
      </trkpt>
      <trkpt lat="46.18663" lon="6.78035">
        <ele>1749</ele>
        <time>2026-07-02T21:41:08+00:00</time>
      </trkpt>
      <trkpt lat="46.18673" lon="6.7803">
        <ele>1745</ele>
        <time>2026-07-02T21:41:11+00:00</time>
      </trkpt>
      <trkpt lat="46.1868" lon="6.78025">
        <ele>1741</ele>
        <time>2026-07-02T21:41:14+00:00</time>
      </trkpt>
      <trkpt lat="46.18693" lon="6.78015">
        <ele>1739</ele>
        <time>2026-07-02T21:41:17+00:00</time>
      </trkpt>
      <trkpt lat="46.18706" lon="6.78005">
        <ele>1737</ele>
        <time>2026-07-02T21:41:20+00:00</time>
      </trkpt>
      <trkpt lat="46.18715" lon="6.77999">
        <ele>1737</ele>
        <time>2026-07-02T21:41:23+00:00</time>
      </trkpt>
      <trkpt lat="46.18726" lon="6.77991">
        <ele>1735</ele>
        <time>2026-07-02T21:41:26+00:00</time>
      </trkpt>
      <trkpt lat="46.18732" lon="6.77985">
        <ele>1733</ele>
        <time>2026-07-02T21:41:29+00:00</time>
      </trkpt>
      <trkpt lat="46.18738" lon="6.77977">
        <ele>1733</ele>
        <time>2026-07-02T21:41:32+00:00</time>
      </trkpt>
      <trkpt lat="46.18745" lon="6.77967">
        <ele>1732</ele>
        <time>2026-07-02T21:41:35+00:00</time>
      </trkpt>
      <trkpt lat="46.18749" lon="6.77958">
        <ele>1733</ele>
        <time>2026-07-02T21:41:38+00:00</time>
      </trkpt>
      <trkpt lat="46.18752" lon="6.77951">
        <ele>1732</ele>
        <time>2026-07-02T21:41:41+00:00</time>
      </trkpt>
      <trkpt lat="46.18753" lon="6.77941">
        <ele>1733</ele>
        <time>2026-07-02T21:41:44+00:00</time>
      </trkpt>
      <trkpt lat="46.18755" lon="6.77925">
        <ele>1735</ele>
        <time>2026-07-02T21:41:47+00:00</time>
      </trkpt>
      <trkpt lat="46.18754" lon="6.7792">
        <ele>1735</ele>
        <time>2026-07-02T21:41:50+00:00</time>
      </trkpt>
      <trkpt lat="46.18755" lon="6.77899">
        <ele>1735</ele>
        <time>2026-07-02T21:41:53+00:00</time>
      </trkpt>
      <trkpt lat="46.18758" lon="6.77876">
        <ele>1736</ele>
        <time>2026-07-02T21:41:56+00:00</time>
      </trkpt>
      <trkpt lat="46.18758" lon="6.77872">
        <ele>1736</ele>
        <time>2026-07-02T21:41:59+00:00</time>
      </trkpt>
      <trkpt lat="46.18762" lon="6.77849">
        <ele>1739</ele>
        <time>2026-07-02T21:42:02+00:00</time>
      </trkpt>
      <trkpt lat="46.18765" lon="6.77819">
        <ele>1741</ele>
        <time>2026-07-02T21:42:05+00:00</time>
      </trkpt>
      <trkpt lat="46.18767" lon="6.77804">
        <ele>1743</ele>
        <time>2026-07-02T21:42:08+00:00</time>
      </trkpt>
      <trkpt lat="46.18768" lon="6.77794">
        <ele>1744</ele>
        <time>2026-07-02T21:42:11+00:00</time>
      </trkpt>
      <trkpt lat="46.18767" lon="6.77782">
        <ele>1746</ele>
        <time>2026-07-02T21:42:14+00:00</time>
      </trkpt>
      <trkpt lat="46.18767" lon="6.77769">
        <ele>1749</ele>
        <time>2026-07-02T21:42:17+00:00</time>
      </trkpt>
      <trkpt lat="46.18765" lon="6.77753">
        <ele>1751</ele>
        <time>2026-07-02T21:42:20+00:00</time>
      </trkpt>
      <trkpt lat="46.18763" lon="6.77734">
        <ele>1753</ele>
        <time>2026-07-02T21:42:23+00:00</time>
      </trkpt>
      <trkpt lat="46.18763" lon="6.77727">
        <ele>1754</ele>
        <time>2026-07-02T21:42:26+00:00</time>
      </trkpt>
      <trkpt lat="46.18763" lon="6.77719">
        <ele>1755</ele>
        <time>2026-07-02T21:42:29+00:00</time>
      </trkpt>
      <trkpt lat="46.18764" lon="6.77708">
        <ele>1755</ele>
        <time>2026-07-02T21:42:32+00:00</time>
      </trkpt>
      <trkpt lat="46.18768" lon="6.77692">
        <ele>1756</ele>
        <time>2026-07-02T21:42:35+00:00</time>
      </trkpt>
      <trkpt lat="46.18767" lon="6.77688">
        <ele>1757</ele>
        <time>2026-07-02T21:42:38+00:00</time>
      </trkpt>
      <trkpt lat="46.18766" lon="6.7768">
        <ele>1757</ele>
        <time>2026-07-02T21:42:41+00:00</time>
      </trkpt>
      <trkpt lat="46.18765" lon="6.77664">
        <ele>1758</ele>
        <time>2026-07-02T21:42:44+00:00</time>
      </trkpt>
      <trkpt lat="46.18763" lon="6.77647">
        <ele>1760</ele>
        <time>2026-07-02T21:42:47+00:00</time>
      </trkpt>
      <trkpt lat="46.18762" lon="6.77637">
        <ele>1760</ele>
        <time>2026-07-02T21:42:50+00:00</time>
      </trkpt>
      <trkpt lat="46.1876" lon="6.77617">
        <ele>1765</ele>
        <time>2026-07-02T21:42:53+00:00</time>
      </trkpt>
      <trkpt lat="46.18759" lon="6.77605">
        <ele>1766</ele>
        <time>2026-07-02T21:42:56+00:00</time>
      </trkpt>
      <trkpt lat="46.18759" lon="6.7759">
        <ele>1767</ele>
        <time>2026-07-02T21:42:59+00:00</time>
      </trkpt>
      <trkpt lat="46.18761" lon="6.77574">
        <ele>1766</ele>
        <time>2026-07-02T21:43:02+00:00</time>
      </trkpt>
      <trkpt lat="46.18765" lon="6.77558">
        <ele>1767</ele>
        <time>2026-07-02T21:43:05+00:00</time>
      </trkpt>
      <trkpt lat="46.18765" lon="6.77557">
        <ele>1767</ele>
        <time>2026-07-02T21:43:08+00:00</time>
      </trkpt>
      <trkpt lat="46.1877" lon="6.77545">
        <ele>1767</ele>
        <time>2026-07-02T21:43:11+00:00</time>
      </trkpt>
      <trkpt lat="46.18775" lon="6.77537">
        <ele>1767</ele>
        <time>2026-07-02T21:43:14+00:00</time>
      </trkpt>
      <trkpt lat="46.18781" lon="6.77531">
        <ele>1767</ele>
        <time>2026-07-02T21:43:17+00:00</time>
      </trkpt>
      <trkpt lat="46.1879" lon="6.77526">
        <ele>1767</ele>
        <time>2026-07-02T21:43:20+00:00</time>
      </trkpt>
      <trkpt lat="46.18799" lon="6.77522">
        <ele>1767</ele>
        <time>2026-07-02T21:43:23+00:00</time>
      </trkpt>
      <trkpt lat="46.18809" lon="6.77521">
        <ele>1768</ele>
        <time>2026-07-02T21:43:26+00:00</time>
      </trkpt>
      <trkpt lat="46.18817" lon="6.7752">
        <ele>1768</ele>
        <time>2026-07-02T21:43:29+00:00</time>
      </trkpt>
      <trkpt lat="46.18816" lon="6.77529">
        <ele>1769</ele>
        <time>2026-07-02T21:43:32+00:00</time>
      </trkpt>
      <trkpt lat="46.18817" lon="6.77567">
        <ele>1770</ele>
        <time>2026-07-02T21:43:35+00:00</time>
      </trkpt>
      <trkpt lat="46.18819" lon="6.77598">
        <ele>1770</ele>
        <time>2026-07-02T21:43:38+00:00</time>
      </trkpt>
      <trkpt lat="46.18819" lon="6.77622">
        <ele>1770</ele>
        <time>2026-07-02T21:43:41+00:00</time>
      </trkpt>
      <trkpt lat="46.1882" lon="6.77638">
        <ele>1770</ele>
        <time>2026-07-02T21:43:44+00:00</time>
      </trkpt>
      <trkpt lat="46.1882" lon="6.77656">
        <ele>1774</ele>
        <time>2026-07-02T21:43:47+00:00</time>
      </trkpt>
      <trkpt lat="46.18822" lon="6.77667">
        <ele>1773</ele>
        <time>2026-07-02T21:43:50+00:00</time>
      </trkpt>
      <trkpt lat="46.18825" lon="6.7768">
        <ele>1772</ele>
        <time>2026-07-02T21:43:53+00:00</time>
      </trkpt>
      <trkpt lat="46.18833" lon="6.77708">
        <ele>1774</ele>
        <time>2026-07-02T21:43:56+00:00</time>
      </trkpt>
      <trkpt lat="46.18842" lon="6.77734">
        <ele>1772</ele>
        <time>2026-07-02T21:43:59+00:00</time>
      </trkpt>
      <trkpt lat="46.18843" lon="6.77738">
        <ele>1775</ele>
        <time>2026-07-02T21:44:02+00:00</time>
      </trkpt>
      <trkpt lat="46.18845" lon="6.77747">
        <ele>1775</ele>
        <time>2026-07-02T21:44:05+00:00</time>
      </trkpt>
      <trkpt lat="46.18847" lon="6.77758">
        <ele>1773</ele>
        <time>2026-07-02T21:44:08+00:00</time>
      </trkpt>
      <trkpt lat="46.1885" lon="6.77777">
        <ele>1772</ele>
        <time>2026-07-02T21:44:11+00:00</time>
      </trkpt>
      <trkpt lat="46.18852" lon="6.77792">
        <ele>1775</ele>
        <time>2026-07-02T21:44:14+00:00</time>
      </trkpt>
      <trkpt lat="46.18852" lon="6.77792">
        <ele>1775</ele>
        <time>2026-07-02T21:44:17+00:00</time>
      </trkpt>
      <trkpt lat="46.18859" lon="6.7782">
        <ele>1772</ele>
        <time>2026-07-02T21:44:20+00:00</time>
      </trkpt>
      <trkpt lat="46.18868" lon="6.77852">
        <ele>1772</ele>
        <time>2026-07-02T21:44:23+00:00</time>
      </trkpt>
      <trkpt lat="46.18878" lon="6.7789">
        <ele>1772</ele>
        <time>2026-07-02T21:44:26+00:00</time>
      </trkpt>
      <trkpt lat="46.18884" lon="6.77906">
        <ele>1774</ele>
        <time>2026-07-02T21:44:29+00:00</time>
      </trkpt>
      <trkpt lat="46.18886" lon="6.7791">
        <ele>1772</ele>
        <time>2026-07-02T21:44:32+00:00</time>
      </trkpt>
      <trkpt lat="46.1889" lon="6.77913">
        <ele>1772</ele>
        <time>2026-07-02T21:44:35+00:00</time>
      </trkpt>
      <trkpt lat="46.18895" lon="6.77912">
        <ele>1774</ele>
        <time>2026-07-02T21:44:38+00:00</time>
      </trkpt>
      <trkpt lat="46.189" lon="6.7791">
        <ele>1776</ele>
        <time>2026-07-02T21:44:41+00:00</time>
      </trkpt>
      <trkpt lat="46.18902" lon="6.7792">
        <ele>1775</ele>
        <time>2026-07-02T21:44:44+00:00</time>
      </trkpt>
      <trkpt lat="46.18906" lon="6.77934">
        <ele>1772</ele>
        <time>2026-07-02T21:44:47+00:00</time>
      </trkpt>
      <trkpt lat="46.18909" lon="6.77948">
        <ele>1773</ele>
        <time>2026-07-02T21:44:50+00:00</time>
      </trkpt>
      <trkpt lat="46.18911" lon="6.77956">
        <ele>1775</ele>
        <time>2026-07-02T21:44:53+00:00</time>
      </trkpt>
      <trkpt lat="46.18914" lon="6.77964">
        <ele>1773</ele>
        <time>2026-07-02T21:44:56+00:00</time>
      </trkpt>
      <trkpt lat="46.18917" lon="6.7797">
        <ele>1773</ele>
        <time>2026-07-02T21:44:59+00:00</time>
      </trkpt>
      <trkpt lat="46.18918" lon="6.77971">
        <ele>1772</ele>
        <time>2026-07-02T21:45:02+00:00</time>
      </trkpt>
      <trkpt lat="46.18923" lon="6.77978">
        <ele>1774</ele>
        <time>2026-07-02T21:45:05+00:00</time>
      </trkpt>
      <trkpt lat="46.1893" lon="6.77987">
        <ele>1773</ele>
        <time>2026-07-02T21:45:08+00:00</time>
      </trkpt>
      <trkpt lat="46.18934" lon="6.77992">
        <ele>1773</ele>
        <time>2026-07-02T21:45:11+00:00</time>
      </trkpt>
      <trkpt lat="46.18937" lon="6.77997">
        <ele>1773</ele>
        <time>2026-07-02T21:45:14+00:00</time>
      </trkpt>
      <trkpt lat="46.18938" lon="6.78002">
        <ele>1773</ele>
        <time>2026-07-02T21:45:17+00:00</time>
      </trkpt>
      <trkpt lat="46.18941" lon="6.78004">
        <ele>1776</ele>
        <time>2026-07-02T21:45:20+00:00</time>
      </trkpt>
      <trkpt lat="46.18947" lon="6.77996">
        <ele>1776</ele>
        <time>2026-07-02T21:45:23+00:00</time>
      </trkpt>
      <trkpt lat="46.18957" lon="6.77993">
        <ele>1778</ele>
        <time>2026-07-02T21:45:26+00:00</time>
      </trkpt>
      <trkpt lat="46.18972" lon="6.77977">
        <ele>1782</ele>
        <time>2026-07-02T21:45:29+00:00</time>
      </trkpt>
      <trkpt lat="46.18989" lon="6.77961">
        <ele>1784</ele>
        <time>2026-07-02T21:45:32+00:00</time>
      </trkpt>
      <trkpt lat="46.19009" lon="6.77932">
        <ele>1790</ele>
        <time>2026-07-02T21:45:35+00:00</time>
      </trkpt>
      <trkpt lat="46.19009" lon="6.77932">
        <ele>1790</ele>
        <time>2026-07-02T21:45:38+00:00</time>
      </trkpt>
      <trkpt lat="46.19011" lon="6.77926">
        <ele>1793</ele>
        <time>2026-07-02T21:45:41+00:00</time>
      </trkpt>
      <trkpt lat="46.19012" lon="6.77917">
        <ele>1794</ele>
        <time>2026-07-02T21:45:44+00:00</time>
      </trkpt>
      <trkpt lat="46.19013" lon="6.77913">
        <ele>1794</ele>
        <time>2026-07-02T21:45:47+00:00</time>
      </trkpt>
      <trkpt lat="46.19013" lon="6.77908">
        <ele>1794</ele>
        <time>2026-07-02T21:45:50+00:00</time>
      </trkpt>
      <trkpt lat="46.19012" lon="6.77891">
        <ele>1794</ele>
        <time>2026-07-02T21:45:53+00:00</time>
      </trkpt>
      <trkpt lat="46.19012" lon="6.77881">
        <ele>1795</ele>
        <time>2026-07-02T21:45:56+00:00</time>
      </trkpt>
      <trkpt lat="46.19014" lon="6.77878">
        <ele>1795</ele>
        <time>2026-07-02T21:45:59+00:00</time>
      </trkpt>
      <trkpt lat="46.19016" lon="6.77871">
        <ele>1795</ele>
        <time>2026-07-02T21:46:02+00:00</time>
      </trkpt>
      <trkpt lat="46.19018" lon="6.7786">
        <ele>1795</ele>
        <time>2026-07-02T21:46:05+00:00</time>
      </trkpt>
      <trkpt lat="46.19028" lon="6.7783">
        <ele>1797</ele>
        <time>2026-07-02T21:46:08+00:00</time>
      </trkpt>
      <trkpt lat="46.19034" lon="6.77811">
        <ele>1800</ele>
        <time>2026-07-02T21:46:11+00:00</time>
      </trkpt>
      <trkpt lat="46.19037" lon="6.77803">
        <ele>1800</ele>
        <time>2026-07-02T21:46:14+00:00</time>
      </trkpt>
      <trkpt lat="46.1904" lon="6.77787">
        <ele>1802</ele>
        <time>2026-07-02T21:46:17+00:00</time>
      </trkpt>
      <trkpt lat="46.19043" lon="6.7778">
        <ele>1802</ele>
        <time>2026-07-02T21:46:20+00:00</time>
      </trkpt>
      <trkpt lat="46.19045" lon="6.77777">
        <ele>1802</ele>
        <time>2026-07-02T21:46:23+00:00</time>
      </trkpt>
      <trkpt lat="46.19048" lon="6.77774">
        <ele>1802</ele>
        <time>2026-07-02T21:46:26+00:00</time>
      </trkpt>
      <trkpt lat="46.1905" lon="6.77772">
        <ele>1802</ele>
        <time>2026-07-02T21:46:29+00:00</time>
      </trkpt>
      <trkpt lat="46.19049" lon="6.77767">
        <ele>1803</ele>
        <time>2026-07-02T21:46:32+00:00</time>
      </trkpt>
      <trkpt lat="46.19046" lon="6.77744">
        <ele>1802</ele>
        <time>2026-07-02T21:46:35+00:00</time>
      </trkpt>
      <trkpt lat="46.19048" lon="6.77744">
        <ele>1802</ele>
        <time>2026-07-02T21:46:38+00:00</time>
      </trkpt>
      <trkpt lat="46.19052" lon="6.7774">
        <ele>1803</ele>
        <time>2026-07-02T21:46:41+00:00</time>
      </trkpt>
      <trkpt lat="46.19059" lon="6.77731">
        <ele>1802</ele>
        <time>2026-07-02T21:46:44+00:00</time>
      </trkpt>
      <trkpt lat="46.19067" lon="6.77717">
        <ele>1802</ele>
        <time>2026-07-02T21:46:47+00:00</time>
      </trkpt>
      <trkpt lat="46.1907" lon="6.77713">
        <ele>1802</ele>
        <time>2026-07-02T21:46:50+00:00</time>
      </trkpt>
      <trkpt lat="46.19079" lon="6.77697">
        <ele>1802</ele>
        <time>2026-07-02T21:46:53+00:00</time>
      </trkpt>
      <trkpt lat="46.1909" lon="6.77682">
        <ele>1802</ele>
        <time>2026-07-02T21:46:56+00:00</time>
      </trkpt>
      <trkpt lat="46.1909" lon="6.77682">
        <ele>1803</ele>
        <time>2026-07-02T21:46:59+00:00</time>
      </trkpt>
      <trkpt lat="46.191" lon="6.7767">
        <ele>1803</ele>
        <time>2026-07-02T21:47:02+00:00</time>
      </trkpt>
      <trkpt lat="46.19098" lon="6.77666">
        <ele>1803</ele>
        <time>2026-07-02T21:47:05+00:00</time>
      </trkpt>
      <trkpt lat="46.19098" lon="6.77666">
        <ele>1803</ele>
        <time>2026-07-02T21:47:08+00:00</time>
      </trkpt>
      <trkpt lat="46.191" lon="6.7767">
        <ele>1803</ele>
        <time>2026-07-02T21:47:11+00:00</time>
      </trkpt>
    </trkseg>
  </trk>
</gpx>
