<?xml version="1.0" encoding="UTF-8"?>
<gpx xmlns="http://www.topografix.com/GPX/1/1" xmlns:xsi="http://www.w3.org/2001/XMLSchema-instance" version="1.1" creator="Trace de Trail" xsi:schemaLocation="http://www.topografix.com/GPX/1/1 http://www.topografix.com/GPX/1/1/gpx.xsd">
  <metadata>
    <name>Trail des Hauts Forts 2026 - Trail des Hauts Forts</name>
    <desc>Parcours créé sur Trace de Trail</desc>
    <link href="https://tracedetrail.fr/fr/trace/323540">
      <text>Cartographie du parcours</text>
    </link>
    <time>2026-07-02T18:15:00+00:00</time>
  </metadata>
  <trk>
    <name>Trail des Hauts Forts 2026 - Trail des Hauts Forts sur TraceDeTrail.fr</name>
    <src>Trace de Trail</src>
    <trkseg>
      <trkpt lat="46.18129" lon="6.70354">
        <ele>972</ele>
        <time>2026-07-02T18:15:00+00:00</time>
      </trkpt>
      <trkpt lat="46.18127" lon="6.70354">
        <ele>972</ele>
        <time>2026-07-02T18:15:03+00:00</time>
      </trkpt>
      <trkpt lat="46.18127" lon="6.70344">
        <ele>972</ele>
        <time>2026-07-02T18:15:06+00:00</time>
      </trkpt>
      <trkpt lat="46.18124" lon="6.70342">
        <ele>972</ele>
        <time>2026-07-02T18:15:09+00:00</time>
      </trkpt>
      <trkpt lat="46.18121" lon="6.70337">
        <ele>972</ele>
        <time>2026-07-02T18:15:12+00:00</time>
      </trkpt>
      <trkpt lat="46.1812" lon="6.70336">
        <ele>972</ele>
        <time>2026-07-02T18:15:15+00:00</time>
      </trkpt>
      <trkpt lat="46.18108" lon="6.70319">
        <ele>973</ele>
        <time>2026-07-02T18:15:18+00:00</time>
      </trkpt>
      <trkpt lat="46.18089" lon="6.70288">
        <ele>974</ele>
        <time>2026-07-02T18:15:21+00:00</time>
      </trkpt>
      <trkpt lat="46.18085" lon="6.70281">
        <ele>974</ele>
        <time>2026-07-02T18:15:24+00:00</time>
      </trkpt>
      <trkpt lat="46.18069" lon="6.70254">
        <ele>976</ele>
        <time>2026-07-02T18:15:27+00:00</time>
      </trkpt>
      <trkpt lat="46.18055" lon="6.70232">
        <ele>978</ele>
        <time>2026-07-02T18:15:30+00:00</time>
      </trkpt>
      <trkpt lat="46.18046" lon="6.7022">
        <ele>978</ele>
        <time>2026-07-02T18:15:33+00:00</time>
      </trkpt>
      <trkpt lat="46.18032" lon="6.70206">
        <ele>980</ele>
        <time>2026-07-02T18:15:36+00:00</time>
      </trkpt>
      <trkpt lat="46.18019" lon="6.70193">
        <ele>981</ele>
        <time>2026-07-02T18:15:39+00:00</time>
      </trkpt>
      <trkpt lat="46.18018" lon="6.70191">
        <ele>981</ele>
        <time>2026-07-02T18:15:42+00:00</time>
      </trkpt>
      <trkpt lat="46.18014" lon="6.70188">
        <ele>981</ele>
        <time>2026-07-02T18:15:45+00:00</time>
      </trkpt>
      <trkpt lat="46.18011" lon="6.70188">
        <ele>981</ele>
        <time>2026-07-02T18:15:48+00:00</time>
      </trkpt>
      <trkpt lat="46.18009" lon="6.70189">
        <ele>984</ele>
        <time>2026-07-02T18:15:51+00:00</time>
      </trkpt>
      <trkpt lat="46.18001" lon="6.70175">
        <ele>983</ele>
        <time>2026-07-02T18:15:54+00:00</time>
      </trkpt>
      <trkpt lat="46.17996" lon="6.70169">
        <ele>984</ele>
        <time>2026-07-02T18:15:57+00:00</time>
      </trkpt>
      <trkpt lat="46.17995" lon="6.70166">
        <ele>984</ele>
        <time>2026-07-02T18:16:00+00:00</time>
      </trkpt>
      <trkpt lat="46.17989" lon="6.70143">
        <ele>986</ele>
        <time>2026-07-02T18:16:03+00:00</time>
      </trkpt>
      <trkpt lat="46.17989" lon="6.70138">
        <ele>987</ele>
        <time>2026-07-02T18:16:06+00:00</time>
      </trkpt>
      <trkpt lat="46.17992" lon="6.7012">
        <ele>986</ele>
        <time>2026-07-02T18:16:09+00:00</time>
      </trkpt>
      <trkpt lat="46.17997" lon="6.70098">
        <ele>986</ele>
        <time>2026-07-02T18:16:12+00:00</time>
      </trkpt>
      <trkpt lat="46.17998" lon="6.70095">
        <ele>987</ele>
        <time>2026-07-02T18:16:15+00:00</time>
      </trkpt>
      <trkpt lat="46.18011" lon="6.70078">
        <ele>986</ele>
        <time>2026-07-02T18:16:18+00:00</time>
      </trkpt>
      <trkpt lat="46.18012" lon="6.70076">
        <ele>986</ele>
        <time>2026-07-02T18:16:21+00:00</time>
      </trkpt>
      <trkpt lat="46.18016" lon="6.70072">
        <ele>986</ele>
        <time>2026-07-02T18:16:24+00:00</time>
      </trkpt>
      <trkpt lat="46.18017" lon="6.7007">
        <ele>986</ele>
        <time>2026-07-02T18:16:27+00:00</time>
      </trkpt>
      <trkpt lat="46.18018" lon="6.7007">
        <ele>987</ele>
        <time>2026-07-02T18:16:30+00:00</time>
      </trkpt>
      <trkpt lat="46.1802" lon="6.70067">
        <ele>985</ele>
        <time>2026-07-02T18:16:33+00:00</time>
      </trkpt>
      <trkpt lat="46.18022" lon="6.70065">
        <ele>985</ele>
        <time>2026-07-02T18:16:36+00:00</time>
      </trkpt>
      <trkpt lat="46.18024" lon="6.70061">
        <ele>985</ele>
        <time>2026-07-02T18:16:39+00:00</time>
      </trkpt>
      <trkpt lat="46.18026" lon="6.70053">
        <ele>986</ele>
        <time>2026-07-02T18:16:42+00:00</time>
      </trkpt>
      <trkpt lat="46.18027" lon="6.7005">
        <ele>987</ele>
        <time>2026-07-02T18:16:45+00:00</time>
      </trkpt>
      <trkpt lat="46.18027" lon="6.7005">
        <ele>987</ele>
        <time>2026-07-02T18:16:48+00:00</time>
      </trkpt>
      <trkpt lat="46.18028" lon="6.70045">
        <ele>987</ele>
        <time>2026-07-02T18:16:51+00:00</time>
      </trkpt>
      <trkpt lat="46.18029" lon="6.70035">
        <ele>988</ele>
        <time>2026-07-02T18:16:54+00:00</time>
      </trkpt>
      <trkpt lat="46.18029" lon="6.70026">
        <ele>990</ele>
        <time>2026-07-02T18:16:57+00:00</time>
      </trkpt>
      <trkpt lat="46.18031" lon="6.70017">
        <ele>990</ele>
        <time>2026-07-02T18:17:00+00:00</time>
      </trkpt>
      <trkpt lat="46.18029" lon="6.70011">
        <ele>991</ele>
        <time>2026-07-02T18:17:03+00:00</time>
      </trkpt>
      <trkpt lat="46.18027" lon="6.6999">
        <ele>993</ele>
        <time>2026-07-02T18:17:06+00:00</time>
      </trkpt>
      <trkpt lat="46.18016" lon="6.69947">
        <ele>1002</ele>
        <time>2026-07-02T18:17:09+00:00</time>
      </trkpt>
      <trkpt lat="46.18014" lon="6.69935">
        <ele>1003</ele>
        <time>2026-07-02T18:17:12+00:00</time>
      </trkpt>
      <trkpt lat="46.18017" lon="6.69919">
        <ele>1006</ele>
        <time>2026-07-02T18:17:15+00:00</time>
      </trkpt>
      <trkpt lat="46.18019" lon="6.69913">
        <ele>1006</ele>
        <time>2026-07-02T18:17:18+00:00</time>
      </trkpt>
      <trkpt lat="46.1802" lon="6.69904">
        <ele>1007</ele>
        <time>2026-07-02T18:17:21+00:00</time>
      </trkpt>
      <trkpt lat="46.18024" lon="6.6989">
        <ele>1008</ele>
        <time>2026-07-02T18:17:24+00:00</time>
      </trkpt>
      <trkpt lat="46.18039" lon="6.69841">
        <ele>1013</ele>
        <time>2026-07-02T18:17:27+00:00</time>
      </trkpt>
      <trkpt lat="46.18044" lon="6.69833">
        <ele>1016</ele>
        <time>2026-07-02T18:17:30+00:00</time>
      </trkpt>
      <trkpt lat="46.18049" lon="6.69826">
        <ele>1018</ele>
        <time>2026-07-02T18:17:33+00:00</time>
      </trkpt>
      <trkpt lat="46.18049" lon="6.69825">
        <ele>1018</ele>
        <time>2026-07-02T18:17:36+00:00</time>
      </trkpt>
      <trkpt lat="46.1805" lon="6.69821">
        <ele>1018</ele>
        <time>2026-07-02T18:17:39+00:00</time>
      </trkpt>
      <trkpt lat="46.18061" lon="6.69803">
        <ele>1016</ele>
        <time>2026-07-02T18:17:42+00:00</time>
      </trkpt>
      <trkpt lat="46.18078" lon="6.69776">
        <ele>1018</ele>
        <time>2026-07-02T18:17:45+00:00</time>
      </trkpt>
      <trkpt lat="46.18093" lon="6.69759">
        <ele>1021</ele>
        <time>2026-07-02T18:17:48+00:00</time>
      </trkpt>
      <trkpt lat="46.18105" lon="6.69746">
        <ele>1021</ele>
        <time>2026-07-02T18:17:51+00:00</time>
      </trkpt>
      <trkpt lat="46.1812" lon="6.69723">
        <ele>1022</ele>
        <time>2026-07-02T18:17:54+00:00</time>
      </trkpt>
      <trkpt lat="46.18127" lon="6.69708">
        <ele>1029</ele>
        <time>2026-07-02T18:17:57+00:00</time>
      </trkpt>
      <trkpt lat="46.18134" lon="6.69693">
        <ele>1023</ele>
        <time>2026-07-02T18:18:00+00:00</time>
      </trkpt>
      <trkpt lat="46.18147" lon="6.69673">
        <ele>1024</ele>
        <time>2026-07-02T18:18:03+00:00</time>
      </trkpt>
      <trkpt lat="46.18165" lon="6.69644">
        <ele>1028</ele>
        <time>2026-07-02T18:18:06+00:00</time>
      </trkpt>
      <trkpt lat="46.18176" lon="6.69626">
        <ele>1029</ele>
        <time>2026-07-02T18:18:09+00:00</time>
      </trkpt>
      <trkpt lat="46.18182" lon="6.69613">
        <ele>1028</ele>
        <time>2026-07-02T18:18:12+00:00</time>
      </trkpt>
      <trkpt lat="46.18192" lon="6.69594">
        <ele>1028</ele>
        <time>2026-07-02T18:18:15+00:00</time>
      </trkpt>
      <trkpt lat="46.18206" lon="6.69568">
        <ele>1033</ele>
        <time>2026-07-02T18:18:18+00:00</time>
      </trkpt>
      <trkpt lat="46.18218" lon="6.69546">
        <ele>1035</ele>
        <time>2026-07-02T18:18:21+00:00</time>
      </trkpt>
      <trkpt lat="46.18227" lon="6.69532">
        <ele>1036</ele>
        <time>2026-07-02T18:18:24+00:00</time>
      </trkpt>
      <trkpt lat="46.18234" lon="6.69524">
        <ele>1035</ele>
        <time>2026-07-02T18:18:27+00:00</time>
      </trkpt>
      <trkpt lat="46.18242" lon="6.69515">
        <ele>1035</ele>
        <time>2026-07-02T18:18:30+00:00</time>
      </trkpt>
      <trkpt lat="46.18247" lon="6.69509">
        <ele>1039</ele>
        <time>2026-07-02T18:18:33+00:00</time>
      </trkpt>
      <trkpt lat="46.18251" lon="6.69501">
        <ele>1036</ele>
        <time>2026-07-02T18:18:36+00:00</time>
      </trkpt>
      <trkpt lat="46.18255" lon="6.69489">
        <ele>1036</ele>
        <time>2026-07-02T18:18:39+00:00</time>
      </trkpt>
      <trkpt lat="46.1826" lon="6.69474">
        <ele>1037</ele>
        <time>2026-07-02T18:18:42+00:00</time>
      </trkpt>
      <trkpt lat="46.18263" lon="6.69466">
        <ele>1037</ele>
        <time>2026-07-02T18:18:45+00:00</time>
      </trkpt>
      <trkpt lat="46.18269" lon="6.69457">
        <ele>1041</ele>
        <time>2026-07-02T18:18:48+00:00</time>
      </trkpt>
      <trkpt lat="46.18275" lon="6.69451">
        <ele>1038</ele>
        <time>2026-07-02T18:18:51+00:00</time>
      </trkpt>
      <trkpt lat="46.18285" lon="6.69446">
        <ele>1040</ele>
        <time>2026-07-02T18:18:54+00:00</time>
      </trkpt>
      <trkpt lat="46.18292" lon="6.69441">
        <ele>1038</ele>
        <time>2026-07-02T18:18:57+00:00</time>
      </trkpt>
      <trkpt lat="46.18301" lon="6.69431">
        <ele>1040</ele>
        <time>2026-07-02T18:19:00+00:00</time>
      </trkpt>
      <trkpt lat="46.18313" lon="6.69412">
        <ele>1042</ele>
        <time>2026-07-02T18:19:03+00:00</time>
      </trkpt>
      <trkpt lat="46.18319" lon="6.69402">
        <ele>1045</ele>
        <time>2026-07-02T18:19:06+00:00</time>
      </trkpt>
      <trkpt lat="46.18325" lon="6.69392">
        <ele>1044</ele>
        <time>2026-07-02T18:19:09+00:00</time>
      </trkpt>
      <trkpt lat="46.18328" lon="6.69383">
        <ele>1046</ele>
        <time>2026-07-02T18:19:12+00:00</time>
      </trkpt>
      <trkpt lat="46.1833" lon="6.69378">
        <ele>1046</ele>
        <time>2026-07-02T18:19:15+00:00</time>
      </trkpt>
      <trkpt lat="46.18332" lon="6.69375">
        <ele>1046</ele>
        <time>2026-07-02T18:19:18+00:00</time>
      </trkpt>
      <trkpt lat="46.18336" lon="6.69372">
        <ele>1046</ele>
        <time>2026-07-02T18:19:21+00:00</time>
      </trkpt>
      <trkpt lat="46.18341" lon="6.69368">
        <ele>1048</ele>
        <time>2026-07-02T18:19:24+00:00</time>
      </trkpt>
      <trkpt lat="46.18344" lon="6.69366">
        <ele>1048</ele>
        <time>2026-07-02T18:19:27+00:00</time>
      </trkpt>
      <trkpt lat="46.1835" lon="6.6936">
        <ele>1048</ele>
        <time>2026-07-02T18:19:30+00:00</time>
      </trkpt>
      <trkpt lat="46.18354" lon="6.69356">
        <ele>1055</ele>
        <time>2026-07-02T18:19:33+00:00</time>
      </trkpt>
      <trkpt lat="46.18364" lon="6.6935">
        <ele>1057</ele>
        <time>2026-07-02T18:19:36+00:00</time>
      </trkpt>
      <trkpt lat="46.18379" lon="6.69341">
        <ele>1053</ele>
        <time>2026-07-02T18:19:39+00:00</time>
      </trkpt>
      <trkpt lat="46.18389" lon="6.69332">
        <ele>1055</ele>
        <time>2026-07-02T18:19:42+00:00</time>
      </trkpt>
      <trkpt lat="46.18403" lon="6.69319">
        <ele>1059</ele>
        <time>2026-07-02T18:19:45+00:00</time>
      </trkpt>
      <trkpt lat="46.1841" lon="6.69313">
        <ele>1059</ele>
        <time>2026-07-02T18:19:48+00:00</time>
      </trkpt>
      <trkpt lat="46.18413" lon="6.6931">
        <ele>1059</ele>
        <time>2026-07-02T18:19:51+00:00</time>
      </trkpt>
      <trkpt lat="46.18419" lon="6.69307">
        <ele>1062</ele>
        <time>2026-07-02T18:19:54+00:00</time>
      </trkpt>
      <trkpt lat="46.18426" lon="6.69302">
        <ele>1061</ele>
        <time>2026-07-02T18:19:57+00:00</time>
      </trkpt>
      <trkpt lat="46.18433" lon="6.69296">
        <ele>1065</ele>
        <time>2026-07-02T18:20:00+00:00</time>
      </trkpt>
      <trkpt lat="46.18442" lon="6.69291">
        <ele>1064</ele>
        <time>2026-07-02T18:20:03+00:00</time>
      </trkpt>
      <trkpt lat="46.1845" lon="6.69286">
        <ele>1068</ele>
        <time>2026-07-02T18:20:06+00:00</time>
      </trkpt>
      <trkpt lat="46.18459" lon="6.69278">
        <ele>1071</ele>
        <time>2026-07-02T18:20:09+00:00</time>
      </trkpt>
      <trkpt lat="46.18468" lon="6.69269">
        <ele>1072</ele>
        <time>2026-07-02T18:20:12+00:00</time>
      </trkpt>
      <trkpt lat="46.18476" lon="6.69261">
        <ele>1070</ele>
        <time>2026-07-02T18:20:15+00:00</time>
      </trkpt>
      <trkpt lat="46.18478" lon="6.69259">
        <ele>1073</ele>
        <time>2026-07-02T18:20:18+00:00</time>
      </trkpt>
      <trkpt lat="46.1849" lon="6.69238">
        <ele>1075</ele>
        <time>2026-07-02T18:20:21+00:00</time>
      </trkpt>
      <trkpt lat="46.18504" lon="6.69214">
        <ele>1078</ele>
        <time>2026-07-02T18:20:24+00:00</time>
      </trkpt>
      <trkpt lat="46.18524" lon="6.69183">
        <ele>1080</ele>
        <time>2026-07-02T18:20:27+00:00</time>
      </trkpt>
      <trkpt lat="46.18543" lon="6.69147">
        <ele>1084</ele>
        <time>2026-07-02T18:20:30+00:00</time>
      </trkpt>
      <trkpt lat="46.18552" lon="6.69122">
        <ele>1088</ele>
        <time>2026-07-02T18:20:33+00:00</time>
      </trkpt>
      <trkpt lat="46.18554" lon="6.69108">
        <ele>1091</ele>
        <time>2026-07-02T18:20:36+00:00</time>
      </trkpt>
      <trkpt lat="46.18554" lon="6.69088">
        <ele>1094</ele>
        <time>2026-07-02T18:20:39+00:00</time>
      </trkpt>
      <trkpt lat="46.18557" lon="6.69077">
        <ele>1095</ele>
        <time>2026-07-02T18:20:42+00:00</time>
      </trkpt>
      <trkpt lat="46.18562" lon="6.69059">
        <ele>1098</ele>
        <time>2026-07-02T18:20:45+00:00</time>
      </trkpt>
      <trkpt lat="46.18564" lon="6.69028">
        <ele>1104</ele>
        <time>2026-07-02T18:20:48+00:00</time>
      </trkpt>
      <trkpt lat="46.18563" lon="6.69012">
        <ele>1105</ele>
        <time>2026-07-02T18:20:51+00:00</time>
      </trkpt>
      <trkpt lat="46.18553" lon="6.68986">
        <ele>1112</ele>
        <time>2026-07-02T18:20:54+00:00</time>
      </trkpt>
      <trkpt lat="46.18533" lon="6.68953">
        <ele>1119</ele>
        <time>2026-07-02T18:20:57+00:00</time>
      </trkpt>
      <trkpt lat="46.18521" lon="6.68944">
        <ele>1122</ele>
        <time>2026-07-02T18:21:00+00:00</time>
      </trkpt>
      <trkpt lat="46.18513" lon="6.68938">
        <ele>1126</ele>
        <time>2026-07-02T18:21:03+00:00</time>
      </trkpt>
      <trkpt lat="46.18503" lon="6.68934">
        <ele>1127</ele>
        <time>2026-07-02T18:21:06+00:00</time>
      </trkpt>
      <trkpt lat="46.18483" lon="6.68932">
        <ele>1132</ele>
        <time>2026-07-02T18:21:09+00:00</time>
      </trkpt>
      <trkpt lat="46.18468" lon="6.68931">
        <ele>1137</ele>
        <time>2026-07-02T18:21:12+00:00</time>
      </trkpt>
      <trkpt lat="46.18448" lon="6.68925">
        <ele>1142</ele>
        <time>2026-07-02T18:21:15+00:00</time>
      </trkpt>
      <trkpt lat="46.18436" lon="6.68922">
        <ele>1144</ele>
        <time>2026-07-02T18:21:18+00:00</time>
      </trkpt>
      <trkpt lat="46.18425" lon="6.68916">
        <ele>1147</ele>
        <time>2026-07-02T18:21:21+00:00</time>
      </trkpt>
      <trkpt lat="46.18416" lon="6.68904">
        <ele>1148</ele>
        <time>2026-07-02T18:21:24+00:00</time>
      </trkpt>
      <trkpt lat="46.18412" lon="6.68899">
        <ele>1150</ele>
        <time>2026-07-02T18:21:27+00:00</time>
      </trkpt>
      <trkpt lat="46.18392" lon="6.68872">
        <ele>1155</ele>
        <time>2026-07-02T18:21:30+00:00</time>
      </trkpt>
      <trkpt lat="46.18384" lon="6.6886">
        <ele>1158</ele>
        <time>2026-07-02T18:21:33+00:00</time>
      </trkpt>
      <trkpt lat="46.18378" lon="6.68854">
        <ele>1160</ele>
        <time>2026-07-02T18:21:36+00:00</time>
      </trkpt>
      <trkpt lat="46.18372" lon="6.68852">
        <ele>1160</ele>
        <time>2026-07-02T18:21:39+00:00</time>
      </trkpt>
      <trkpt lat="46.18346" lon="6.68854">
        <ele>1163</ele>
        <time>2026-07-02T18:21:42+00:00</time>
      </trkpt>
      <trkpt lat="46.18319" lon="6.68858">
        <ele>1164</ele>
        <time>2026-07-02T18:21:45+00:00</time>
      </trkpt>
      <trkpt lat="46.18295" lon="6.68861">
        <ele>1168</ele>
        <time>2026-07-02T18:21:48+00:00</time>
      </trkpt>
      <trkpt lat="46.18275" lon="6.68864">
        <ele>1170</ele>
        <time>2026-07-02T18:21:51+00:00</time>
      </trkpt>
      <trkpt lat="46.18261" lon="6.68864">
        <ele>1170</ele>
        <time>2026-07-02T18:21:54+00:00</time>
      </trkpt>
      <trkpt lat="46.18249" lon="6.68861">
        <ele>1171</ele>
        <time>2026-07-02T18:21:57+00:00</time>
      </trkpt>
      <trkpt lat="46.18235" lon="6.68854">
        <ele>1171</ele>
        <time>2026-07-02T18:22:00+00:00</time>
      </trkpt>
      <trkpt lat="46.18229" lon="6.68856">
        <ele>1172</ele>
        <time>2026-07-02T18:22:03+00:00</time>
      </trkpt>
      <trkpt lat="46.18218" lon="6.68864">
        <ele>1174</ele>
        <time>2026-07-02T18:22:06+00:00</time>
      </trkpt>
      <trkpt lat="46.18203" lon="6.68875">
        <ele>1177</ele>
        <time>2026-07-02T18:22:09+00:00</time>
      </trkpt>
      <trkpt lat="46.18191" lon="6.68889">
        <ele>1179</ele>
        <time>2026-07-02T18:22:12+00:00</time>
      </trkpt>
      <trkpt lat="46.18183" lon="6.68896">
        <ele>1183</ele>
        <time>2026-07-02T18:22:15+00:00</time>
      </trkpt>
      <trkpt lat="46.18176" lon="6.68901">
        <ele>1186</ele>
        <time>2026-07-02T18:22:18+00:00</time>
      </trkpt>
      <trkpt lat="46.18153" lon="6.68941">
        <ele>1195</ele>
        <time>2026-07-02T18:22:21+00:00</time>
      </trkpt>
      <trkpt lat="46.1813" lon="6.6897">
        <ele>1206</ele>
        <time>2026-07-02T18:22:24+00:00</time>
      </trkpt>
      <trkpt lat="46.1812" lon="6.68984">
        <ele>1206</ele>
        <time>2026-07-02T18:22:27+00:00</time>
      </trkpt>
      <trkpt lat="46.18106" lon="6.68998">
        <ele>1208</ele>
        <time>2026-07-02T18:22:30+00:00</time>
      </trkpt>
      <trkpt lat="46.18104" lon="6.68996">
        <ele>1208</ele>
        <time>2026-07-02T18:22:33+00:00</time>
      </trkpt>
      <trkpt lat="46.18102" lon="6.68995">
        <ele>1208</ele>
        <time>2026-07-02T18:22:36+00:00</time>
      </trkpt>
      <trkpt lat="46.18098" lon="6.68994">
        <ele>1209</ele>
        <time>2026-07-02T18:22:39+00:00</time>
      </trkpt>
      <trkpt lat="46.18096" lon="6.68995">
        <ele>1209</ele>
        <time>2026-07-02T18:22:42+00:00</time>
      </trkpt>
      <trkpt lat="46.18094" lon="6.68997">
        <ele>1209</ele>
        <time>2026-07-02T18:22:45+00:00</time>
      </trkpt>
      <trkpt lat="46.1809" lon="6.69001">
        <ele>1209</ele>
        <time>2026-07-02T18:22:48+00:00</time>
      </trkpt>
      <trkpt lat="46.18083" lon="6.6901">
        <ele>1210</ele>
        <time>2026-07-02T18:22:51+00:00</time>
      </trkpt>
      <trkpt lat="46.18075" lon="6.69019">
        <ele>1211</ele>
        <time>2026-07-02T18:22:54+00:00</time>
      </trkpt>
      <trkpt lat="46.18059" lon="6.69034">
        <ele>1213</ele>
        <time>2026-07-02T18:22:57+00:00</time>
      </trkpt>
      <trkpt lat="46.1804" lon="6.69051">
        <ele>1216</ele>
        <time>2026-07-02T18:23:00+00:00</time>
      </trkpt>
      <trkpt lat="46.18027" lon="6.69062">
        <ele>1217</ele>
        <time>2026-07-02T18:23:03+00:00</time>
      </trkpt>
      <trkpt lat="46.1802" lon="6.69069">
        <ele>1218</ele>
        <time>2026-07-02T18:23:06+00:00</time>
      </trkpt>
      <trkpt lat="46.18017" lon="6.69073">
        <ele>1218</ele>
        <time>2026-07-02T18:23:09+00:00</time>
      </trkpt>
      <trkpt lat="46.18017" lon="6.69073">
        <ele>1218</ele>
        <time>2026-07-02T18:23:12+00:00</time>
      </trkpt>
      <trkpt lat="46.17999" lon="6.69071">
        <ele>1222</ele>
        <time>2026-07-02T18:23:15+00:00</time>
      </trkpt>
      <trkpt lat="46.17967" lon="6.6907">
        <ele>1227</ele>
        <time>2026-07-02T18:23:18+00:00</time>
      </trkpt>
      <trkpt lat="46.17955" lon="6.69063">
        <ele>1229</ele>
        <time>2026-07-02T18:23:21+00:00</time>
      </trkpt>
      <trkpt lat="46.1795" lon="6.69059">
        <ele>1231</ele>
        <time>2026-07-02T18:23:24+00:00</time>
      </trkpt>
      <trkpt lat="46.1793" lon="6.69047">
        <ele>1235</ele>
        <time>2026-07-02T18:23:27+00:00</time>
      </trkpt>
      <trkpt lat="46.17924" lon="6.69047">
        <ele>1236</ele>
        <time>2026-07-02T18:23:30+00:00</time>
      </trkpt>
      <trkpt lat="46.1792" lon="6.69048">
        <ele>1236</ele>
        <time>2026-07-02T18:23:33+00:00</time>
      </trkpt>
      <trkpt lat="46.17912" lon="6.69054">
        <ele>1238</ele>
        <time>2026-07-02T18:23:36+00:00</time>
      </trkpt>
      <trkpt lat="46.17897" lon="6.69069">
        <ele>1245</ele>
        <time>2026-07-02T18:23:39+00:00</time>
      </trkpt>
      <trkpt lat="46.17887" lon="6.69077">
        <ele>1248</ele>
        <time>2026-07-02T18:23:42+00:00</time>
      </trkpt>
      <trkpt lat="46.17881" lon="6.69079">
        <ele>1248</ele>
        <time>2026-07-02T18:23:45+00:00</time>
      </trkpt>
      <trkpt lat="46.17878" lon="6.69078">
        <ele>1252</ele>
        <time>2026-07-02T18:23:48+00:00</time>
      </trkpt>
      <trkpt lat="46.17862" lon="6.69079">
        <ele>1254</ele>
        <time>2026-07-02T18:23:51+00:00</time>
      </trkpt>
      <trkpt lat="46.1785" lon="6.69084">
        <ele>1256</ele>
        <time>2026-07-02T18:23:54+00:00</time>
      </trkpt>
      <trkpt lat="46.1784" lon="6.6909">
        <ele>1259</ele>
        <time>2026-07-02T18:23:57+00:00</time>
      </trkpt>
      <trkpt lat="46.17835" lon="6.69095">
        <ele>1260</ele>
        <time>2026-07-02T18:24:00+00:00</time>
      </trkpt>
      <trkpt lat="46.17826" lon="6.69098">
        <ele>1261</ele>
        <time>2026-07-02T18:24:03+00:00</time>
      </trkpt>
      <trkpt lat="46.17822" lon="6.69107">
        <ele>1262</ele>
        <time>2026-07-02T18:24:06+00:00</time>
      </trkpt>
      <trkpt lat="46.17812" lon="6.69111">
        <ele>1265</ele>
        <time>2026-07-02T18:24:09+00:00</time>
      </trkpt>
      <trkpt lat="46.17801" lon="6.69119">
        <ele>1266</ele>
        <time>2026-07-02T18:24:12+00:00</time>
      </trkpt>
      <trkpt lat="46.17792" lon="6.69122">
        <ele>1267</ele>
        <time>2026-07-02T18:24:15+00:00</time>
      </trkpt>
      <trkpt lat="46.17785" lon="6.69124">
        <ele>1268</ele>
        <time>2026-07-02T18:24:18+00:00</time>
      </trkpt>
      <trkpt lat="46.1778" lon="6.69124">
        <ele>1268</ele>
        <time>2026-07-02T18:24:21+00:00</time>
      </trkpt>
      <trkpt lat="46.17777" lon="6.69128">
        <ele>1268</ele>
        <time>2026-07-02T18:24:24+00:00</time>
      </trkpt>
      <trkpt lat="46.17776" lon="6.69134">
        <ele>1268</ele>
        <time>2026-07-02T18:24:27+00:00</time>
      </trkpt>
      <trkpt lat="46.17775" lon="6.6914">
        <ele>1268</ele>
        <time>2026-07-02T18:24:30+00:00</time>
      </trkpt>
      <trkpt lat="46.17775" lon="6.69146">
        <ele>1268</ele>
        <time>2026-07-02T18:24:33+00:00</time>
      </trkpt>
      <trkpt lat="46.17771" lon="6.69153">
        <ele>1269</ele>
        <time>2026-07-02T18:24:36+00:00</time>
      </trkpt>
      <trkpt lat="46.17753" lon="6.69169">
        <ele>1271</ele>
        <time>2026-07-02T18:24:39+00:00</time>
      </trkpt>
      <trkpt lat="46.17746" lon="6.69176">
        <ele>1271</ele>
        <time>2026-07-02T18:24:42+00:00</time>
      </trkpt>
      <trkpt lat="46.17736" lon="6.69187">
        <ele>1272</ele>
        <time>2026-07-02T18:24:45+00:00</time>
      </trkpt>
      <trkpt lat="46.17719" lon="6.69208">
        <ele>1273</ele>
        <time>2026-07-02T18:24:48+00:00</time>
      </trkpt>
      <trkpt lat="46.17707" lon="6.69221">
        <ele>1275</ele>
        <time>2026-07-02T18:24:51+00:00</time>
      </trkpt>
      <trkpt lat="46.17693" lon="6.69231">
        <ele>1277</ele>
        <time>2026-07-02T18:24:54+00:00</time>
      </trkpt>
      <trkpt lat="46.17688" lon="6.69237">
        <ele>1278</ele>
        <time>2026-07-02T18:24:57+00:00</time>
      </trkpt>
      <trkpt lat="46.17683" lon="6.69241">
        <ele>1278</ele>
        <time>2026-07-02T18:25:00+00:00</time>
      </trkpt>
      <trkpt lat="46.1768" lon="6.69236">
        <ele>1279</ele>
        <time>2026-07-02T18:25:03+00:00</time>
      </trkpt>
      <trkpt lat="46.17671" lon="6.69231">
        <ele>1279</ele>
        <time>2026-07-02T18:25:06+00:00</time>
      </trkpt>
      <trkpt lat="46.17662" lon="6.69232">
        <ele>1280</ele>
        <time>2026-07-02T18:25:09+00:00</time>
      </trkpt>
      <trkpt lat="46.17655" lon="6.69236">
        <ele>1280</ele>
        <time>2026-07-02T18:25:12+00:00</time>
      </trkpt>
      <trkpt lat="46.17649" lon="6.69243">
        <ele>1282</ele>
        <time>2026-07-02T18:25:15+00:00</time>
      </trkpt>
      <trkpt lat="46.17647" lon="6.69249">
        <ele>1282</ele>
        <time>2026-07-02T18:25:18+00:00</time>
      </trkpt>
      <trkpt lat="46.17646" lon="6.69255">
        <ele>1282</ele>
        <time>2026-07-02T18:25:21+00:00</time>
      </trkpt>
      <trkpt lat="46.17644" lon="6.69266">
        <ele>1283</ele>
        <time>2026-07-02T18:25:24+00:00</time>
      </trkpt>
      <trkpt lat="46.17646" lon="6.69282">
        <ele>1284</ele>
        <time>2026-07-02T18:25:27+00:00</time>
      </trkpt>
      <trkpt lat="46.17646" lon="6.69299">
        <ele>1285</ele>
        <time>2026-07-02T18:25:30+00:00</time>
      </trkpt>
      <trkpt lat="46.17643" lon="6.69312">
        <ele>1285</ele>
        <time>2026-07-02T18:25:33+00:00</time>
      </trkpt>
      <trkpt lat="46.17636" lon="6.69325">
        <ele>1287</ele>
        <time>2026-07-02T18:25:36+00:00</time>
      </trkpt>
      <trkpt lat="46.17626" lon="6.69337">
        <ele>1291</ele>
        <time>2026-07-02T18:25:39+00:00</time>
      </trkpt>
      <trkpt lat="46.17611" lon="6.69349">
        <ele>1291</ele>
        <time>2026-07-02T18:25:42+00:00</time>
      </trkpt>
      <trkpt lat="46.17595" lon="6.69359">
        <ele>1292</ele>
        <time>2026-07-02T18:25:45+00:00</time>
      </trkpt>
      <trkpt lat="46.17584" lon="6.69363">
        <ele>1291</ele>
        <time>2026-07-02T18:25:48+00:00</time>
      </trkpt>
      <trkpt lat="46.17574" lon="6.69366">
        <ele>1292</ele>
        <time>2026-07-02T18:25:51+00:00</time>
      </trkpt>
      <trkpt lat="46.17564" lon="6.69369">
        <ele>1293</ele>
        <time>2026-07-02T18:25:54+00:00</time>
      </trkpt>
      <trkpt lat="46.17563" lon="6.69369">
        <ele>1293</ele>
        <time>2026-07-02T18:25:57+00:00</time>
      </trkpt>
      <trkpt lat="46.17549" lon="6.69372">
        <ele>1293</ele>
        <time>2026-07-02T18:26:00+00:00</time>
      </trkpt>
      <trkpt lat="46.17543" lon="6.69372">
        <ele>1293</ele>
        <time>2026-07-02T18:26:03+00:00</time>
      </trkpt>
      <trkpt lat="46.17528" lon="6.6937">
        <ele>1294</ele>
        <time>2026-07-02T18:26:06+00:00</time>
      </trkpt>
      <trkpt lat="46.17527" lon="6.69369">
        <ele>1294</ele>
        <time>2026-07-02T18:26:09+00:00</time>
      </trkpt>
      <trkpt lat="46.17527" lon="6.69369">
        <ele>1294</ele>
        <time>2026-07-02T18:26:12+00:00</time>
      </trkpt>
      <trkpt lat="46.17506" lon="6.69364">
        <ele>1295</ele>
        <time>2026-07-02T18:26:15+00:00</time>
      </trkpt>
      <trkpt lat="46.17484" lon="6.69361">
        <ele>1295</ele>
        <time>2026-07-02T18:26:18+00:00</time>
      </trkpt>
      <trkpt lat="46.17475" lon="6.69363">
        <ele>1295</ele>
        <time>2026-07-02T18:26:21+00:00</time>
      </trkpt>
      <trkpt lat="46.17459" lon="6.69368">
        <ele>1298</ele>
        <time>2026-07-02T18:26:24+00:00</time>
      </trkpt>
      <trkpt lat="46.17449" lon="6.69373">
        <ele>1298</ele>
        <time>2026-07-02T18:26:27+00:00</time>
      </trkpt>
      <trkpt lat="46.17447" lon="6.69374">
        <ele>1298</ele>
        <time>2026-07-02T18:26:30+00:00</time>
      </trkpt>
      <trkpt lat="46.17443" lon="6.69371">
        <ele>1298</ele>
        <time>2026-07-02T18:26:33+00:00</time>
      </trkpt>
      <trkpt lat="46.17441" lon="6.6937">
        <ele>1298</ele>
        <time>2026-07-02T18:26:36+00:00</time>
      </trkpt>
      <trkpt lat="46.17439" lon="6.69363">
        <ele>1300</ele>
        <time>2026-07-02T18:26:39+00:00</time>
      </trkpt>
      <trkpt lat="46.17438" lon="6.69354">
        <ele>1303</ele>
        <time>2026-07-02T18:26:42+00:00</time>
      </trkpt>
      <trkpt lat="46.1744" lon="6.69345">
        <ele>1305</ele>
        <time>2026-07-02T18:26:45+00:00</time>
      </trkpt>
      <trkpt lat="46.17444" lon="6.69335">
        <ele>1304</ele>
        <time>2026-07-02T18:26:48+00:00</time>
      </trkpt>
      <trkpt lat="46.1745" lon="6.69321">
        <ele>1305</ele>
        <time>2026-07-02T18:26:51+00:00</time>
      </trkpt>
      <trkpt lat="46.17461" lon="6.69299">
        <ele>1311</ele>
        <time>2026-07-02T18:26:54+00:00</time>
      </trkpt>
      <trkpt lat="46.17466" lon="6.69293">
        <ele>1311</ele>
        <time>2026-07-02T18:26:57+00:00</time>
      </trkpt>
      <trkpt lat="46.17472" lon="6.69283">
        <ele>1313</ele>
        <time>2026-07-02T18:27:00+00:00</time>
      </trkpt>
      <trkpt lat="46.17484" lon="6.69263">
        <ele>1316</ele>
        <time>2026-07-02T18:27:03+00:00</time>
      </trkpt>
      <trkpt lat="46.17491" lon="6.69249">
        <ele>1319</ele>
        <time>2026-07-02T18:27:06+00:00</time>
      </trkpt>
      <trkpt lat="46.17496" lon="6.6924">
        <ele>1319</ele>
        <time>2026-07-02T18:27:09+00:00</time>
      </trkpt>
      <trkpt lat="46.17509" lon="6.69218">
        <ele>1321</ele>
        <time>2026-07-02T18:27:12+00:00</time>
      </trkpt>
      <trkpt lat="46.17521" lon="6.69197">
        <ele>1324</ele>
        <time>2026-07-02T18:27:15+00:00</time>
      </trkpt>
      <trkpt lat="46.17532" lon="6.69176">
        <ele>1327</ele>
        <time>2026-07-02T18:27:18+00:00</time>
      </trkpt>
      <trkpt lat="46.17551" lon="6.69148">
        <ele>1330</ele>
        <time>2026-07-02T18:27:21+00:00</time>
      </trkpt>
      <trkpt lat="46.17562" lon="6.69128">
        <ele>1332</ele>
        <time>2026-07-02T18:27:24+00:00</time>
      </trkpt>
      <trkpt lat="46.1757" lon="6.69112">
        <ele>1335</ele>
        <time>2026-07-02T18:27:27+00:00</time>
      </trkpt>
      <trkpt lat="46.17573" lon="6.69096">
        <ele>1334</ele>
        <time>2026-07-02T18:27:30+00:00</time>
      </trkpt>
      <trkpt lat="46.17575" lon="6.69084">
        <ele>1335</ele>
        <time>2026-07-02T18:27:33+00:00</time>
      </trkpt>
      <trkpt lat="46.17574" lon="6.6907">
        <ele>1336</ele>
        <time>2026-07-02T18:27:36+00:00</time>
      </trkpt>
      <trkpt lat="46.17569" lon="6.69056">
        <ele>1339</ele>
        <time>2026-07-02T18:27:39+00:00</time>
      </trkpt>
      <trkpt lat="46.17562" lon="6.69037">
        <ele>1340</ele>
        <time>2026-07-02T18:27:42+00:00</time>
      </trkpt>
      <trkpt lat="46.17556" lon="6.69024">
        <ele>1342</ele>
        <time>2026-07-02T18:27:45+00:00</time>
      </trkpt>
      <trkpt lat="46.17547" lon="6.69009">
        <ele>1345</ele>
        <time>2026-07-02T18:27:48+00:00</time>
      </trkpt>
      <trkpt lat="46.17538" lon="6.68999">
        <ele>1348</ele>
        <time>2026-07-02T18:27:51+00:00</time>
      </trkpt>
      <trkpt lat="46.17521" lon="6.68989">
        <ele>1350</ele>
        <time>2026-07-02T18:27:54+00:00</time>
      </trkpt>
      <trkpt lat="46.17504" lon="6.68982">
        <ele>1357</ele>
        <time>2026-07-02T18:27:57+00:00</time>
      </trkpt>
      <trkpt lat="46.17489" lon="6.68977">
        <ele>1361</ele>
        <time>2026-07-02T18:28:00+00:00</time>
      </trkpt>
      <trkpt lat="46.17483" lon="6.68973">
        <ele>1361</ele>
        <time>2026-07-02T18:28:03+00:00</time>
      </trkpt>
      <trkpt lat="46.17478" lon="6.68971">
        <ele>1362</ele>
        <time>2026-07-02T18:28:06+00:00</time>
      </trkpt>
      <trkpt lat="46.17457" lon="6.68965">
        <ele>1367</ele>
        <time>2026-07-02T18:28:09+00:00</time>
      </trkpt>
      <trkpt lat="46.17429" lon="6.68957">
        <ele>1373</ele>
        <time>2026-07-02T18:28:12+00:00</time>
      </trkpt>
      <trkpt lat="46.17388" lon="6.68942">
        <ele>1383</ele>
        <time>2026-07-02T18:28:15+00:00</time>
      </trkpt>
      <trkpt lat="46.17369" lon="6.68936">
        <ele>1388</ele>
        <time>2026-07-02T18:28:18+00:00</time>
      </trkpt>
      <trkpt lat="46.17347" lon="6.68924">
        <ele>1392</ele>
        <time>2026-07-02T18:28:21+00:00</time>
      </trkpt>
      <trkpt lat="46.17332" lon="6.68912">
        <ele>1396</ele>
        <time>2026-07-02T18:28:24+00:00</time>
      </trkpt>
      <trkpt lat="46.17319" lon="6.68901">
        <ele>1400</ele>
        <time>2026-07-02T18:28:27+00:00</time>
      </trkpt>
      <trkpt lat="46.17311" lon="6.68892">
        <ele>1400</ele>
        <time>2026-07-02T18:28:30+00:00</time>
      </trkpt>
      <trkpt lat="46.17303" lon="6.68884">
        <ele>1402</ele>
        <time>2026-07-02T18:28:33+00:00</time>
      </trkpt>
      <trkpt lat="46.17295" lon="6.68873">
        <ele>1405</ele>
        <time>2026-07-02T18:28:36+00:00</time>
      </trkpt>
      <trkpt lat="46.17287" lon="6.68863">
        <ele>1408</ele>
        <time>2026-07-02T18:28:39+00:00</time>
      </trkpt>
      <trkpt lat="46.1728" lon="6.68854">
        <ele>1409</ele>
        <time>2026-07-02T18:28:42+00:00</time>
      </trkpt>
      <trkpt lat="46.17274" lon="6.68847">
        <ele>1413</ele>
        <time>2026-07-02T18:28:45+00:00</time>
      </trkpt>
      <trkpt lat="46.17268" lon="6.68842">
        <ele>1415</ele>
        <time>2026-07-02T18:28:48+00:00</time>
      </trkpt>
      <trkpt lat="46.17259" lon="6.68834">
        <ele>1417</ele>
        <time>2026-07-02T18:28:51+00:00</time>
      </trkpt>
      <trkpt lat="46.17252" lon="6.68831">
        <ele>1417</ele>
        <time>2026-07-02T18:28:54+00:00</time>
      </trkpt>
      <trkpt lat="46.17242" lon="6.68829">
        <ele>1420</ele>
        <time>2026-07-02T18:28:57+00:00</time>
      </trkpt>
      <trkpt lat="46.17221" lon="6.68827">
        <ele>1425</ele>
        <time>2026-07-02T18:29:00+00:00</time>
      </trkpt>
      <trkpt lat="46.17201" lon="6.68827">
        <ele>1432</ele>
        <time>2026-07-02T18:29:03+00:00</time>
      </trkpt>
      <trkpt lat="46.1718" lon="6.68829">
        <ele>1435</ele>
        <time>2026-07-02T18:29:06+00:00</time>
      </trkpt>
      <trkpt lat="46.17182" lon="6.68843">
        <ele>1435</ele>
        <time>2026-07-02T18:29:09+00:00</time>
      </trkpt>
      <trkpt lat="46.17184" lon="6.68858">
        <ele>1435</ele>
        <time>2026-07-02T18:29:12+00:00</time>
      </trkpt>
      <trkpt lat="46.17187" lon="6.68876">
        <ele>1433</ele>
        <time>2026-07-02T18:29:15+00:00</time>
      </trkpt>
      <trkpt lat="46.17187" lon="6.68877">
        <ele>1433</ele>
        <time>2026-07-02T18:29:18+00:00</time>
      </trkpt>
      <trkpt lat="46.17192" lon="6.68888">
        <ele>1436</ele>
        <time>2026-07-02T18:29:21+00:00</time>
      </trkpt>
      <trkpt lat="46.17203" lon="6.68903">
        <ele>1435</ele>
        <time>2026-07-02T18:29:24+00:00</time>
      </trkpt>
      <trkpt lat="46.17218" lon="6.68923">
        <ele>1438</ele>
        <time>2026-07-02T18:29:27+00:00</time>
      </trkpt>
      <trkpt lat="46.17223" lon="6.68932">
        <ele>1437</ele>
        <time>2026-07-02T18:29:30+00:00</time>
      </trkpt>
      <trkpt lat="46.17226" lon="6.68943">
        <ele>1438</ele>
        <time>2026-07-02T18:29:33+00:00</time>
      </trkpt>
      <trkpt lat="46.17226" lon="6.68943">
        <ele>1438</ele>
        <time>2026-07-02T18:29:36+00:00</time>
      </trkpt>
      <trkpt lat="46.17226" lon="6.68953">
        <ele>1438</ele>
        <time>2026-07-02T18:29:39+00:00</time>
      </trkpt>
      <trkpt lat="46.17223" lon="6.68964">
        <ele>1439</ele>
        <time>2026-07-02T18:29:42+00:00</time>
      </trkpt>
      <trkpt lat="46.17218" lon="6.68977">
        <ele>1444</ele>
        <time>2026-07-02T18:29:45+00:00</time>
      </trkpt>
      <trkpt lat="46.17213" lon="6.68989">
        <ele>1445</ele>
        <time>2026-07-02T18:29:48+00:00</time>
      </trkpt>
      <trkpt lat="46.1721" lon="6.69001">
        <ele>1448</ele>
        <time>2026-07-02T18:29:51+00:00</time>
      </trkpt>
      <trkpt lat="46.17211" lon="6.69011">
        <ele>1449</ele>
        <time>2026-07-02T18:29:54+00:00</time>
      </trkpt>
      <trkpt lat="46.17211" lon="6.69027">
        <ele>1451</ele>
        <time>2026-07-02T18:29:57+00:00</time>
      </trkpt>
      <trkpt lat="46.17212" lon="6.6905">
        <ele>1456</ele>
        <time>2026-07-02T18:30:00+00:00</time>
      </trkpt>
      <trkpt lat="46.17213" lon="6.69071">
        <ele>1459</ele>
        <time>2026-07-02T18:30:03+00:00</time>
      </trkpt>
      <trkpt lat="46.17212" lon="6.69083">
        <ele>1459</ele>
        <time>2026-07-02T18:30:06+00:00</time>
      </trkpt>
      <trkpt lat="46.17204" lon="6.69095">
        <ele>1461</ele>
        <time>2026-07-02T18:30:09+00:00</time>
      </trkpt>
      <trkpt lat="46.17189" lon="6.69105">
        <ele>1466</ele>
        <time>2026-07-02T18:30:12+00:00</time>
      </trkpt>
      <trkpt lat="46.17181" lon="6.69106">
        <ele>1466</ele>
        <time>2026-07-02T18:30:15+00:00</time>
      </trkpt>
      <trkpt lat="46.17172" lon="6.69102">
        <ele>1468</ele>
        <time>2026-07-02T18:30:18+00:00</time>
      </trkpt>
      <trkpt lat="46.1715" lon="6.69091">
        <ele>1472</ele>
        <time>2026-07-02T18:30:21+00:00</time>
      </trkpt>
      <trkpt lat="46.1714" lon="6.69088">
        <ele>1473</ele>
        <time>2026-07-02T18:30:24+00:00</time>
      </trkpt>
      <trkpt lat="46.17131" lon="6.69086">
        <ele>1473</ele>
        <time>2026-07-02T18:30:27+00:00</time>
      </trkpt>
      <trkpt lat="46.17113" lon="6.69086">
        <ele>1475</ele>
        <time>2026-07-02T18:30:30+00:00</time>
      </trkpt>
      <trkpt lat="46.17104" lon="6.69088">
        <ele>1476</ele>
        <time>2026-07-02T18:30:33+00:00</time>
      </trkpt>
      <trkpt lat="46.17094" lon="6.6909">
        <ele>1477</ele>
        <time>2026-07-02T18:30:36+00:00</time>
      </trkpt>
      <trkpt lat="46.17084" lon="6.69093">
        <ele>1479</ele>
        <time>2026-07-02T18:30:39+00:00</time>
      </trkpt>
      <trkpt lat="46.17074" lon="6.69097">
        <ele>1479</ele>
        <time>2026-07-02T18:30:42+00:00</time>
      </trkpt>
      <trkpt lat="46.17067" lon="6.69102">
        <ele>1481</ele>
        <time>2026-07-02T18:30:45+00:00</time>
      </trkpt>
      <trkpt lat="46.17064" lon="6.69105">
        <ele>1481</ele>
        <time>2026-07-02T18:30:48+00:00</time>
      </trkpt>
      <trkpt lat="46.1706" lon="6.69109">
        <ele>1483</ele>
        <time>2026-07-02T18:30:51+00:00</time>
      </trkpt>
      <trkpt lat="46.17051" lon="6.69119">
        <ele>1483</ele>
        <time>2026-07-02T18:30:54+00:00</time>
      </trkpt>
      <trkpt lat="46.17041" lon="6.69133">
        <ele>1485</ele>
        <time>2026-07-02T18:30:57+00:00</time>
      </trkpt>
      <trkpt lat="46.17031" lon="6.69146">
        <ele>1488</ele>
        <time>2026-07-02T18:31:00+00:00</time>
      </trkpt>
      <trkpt lat="46.17027" lon="6.69151">
        <ele>1489</ele>
        <time>2026-07-02T18:31:03+00:00</time>
      </trkpt>
      <trkpt lat="46.17022" lon="6.69157">
        <ele>1489</ele>
        <time>2026-07-02T18:31:06+00:00</time>
      </trkpt>
      <trkpt lat="46.17013" lon="6.69164">
        <ele>1491</ele>
        <time>2026-07-02T18:31:09+00:00</time>
      </trkpt>
      <trkpt lat="46.16997" lon="6.69178">
        <ele>1493</ele>
        <time>2026-07-02T18:31:12+00:00</time>
      </trkpt>
      <trkpt lat="46.16985" lon="6.69188">
        <ele>1494</ele>
        <time>2026-07-02T18:31:15+00:00</time>
      </trkpt>
      <trkpt lat="46.1697" lon="6.69201">
        <ele>1495</ele>
        <time>2026-07-02T18:31:18+00:00</time>
      </trkpt>
      <trkpt lat="46.16967" lon="6.69203">
        <ele>1496</ele>
        <time>2026-07-02T18:31:21+00:00</time>
      </trkpt>
      <trkpt lat="46.16967" lon="6.69204">
        <ele>1496</ele>
        <time>2026-07-02T18:31:24+00:00</time>
      </trkpt>
      <trkpt lat="46.16954" lon="6.69213">
        <ele>1497</ele>
        <time>2026-07-02T18:31:27+00:00</time>
      </trkpt>
      <trkpt lat="46.16944" lon="6.69215">
        <ele>1499</ele>
        <time>2026-07-02T18:31:30+00:00</time>
      </trkpt>
      <trkpt lat="46.16933" lon="6.69216">
        <ele>1501</ele>
        <time>2026-07-02T18:31:33+00:00</time>
      </trkpt>
      <trkpt lat="46.16921" lon="6.69215">
        <ele>1502</ele>
        <time>2026-07-02T18:31:36+00:00</time>
      </trkpt>
      <trkpt lat="46.16918" lon="6.69215">
        <ele>1504</ele>
        <time>2026-07-02T18:31:39+00:00</time>
      </trkpt>
      <trkpt lat="46.16909" lon="6.69217">
        <ele>1507</ele>
        <time>2026-07-02T18:31:42+00:00</time>
      </trkpt>
      <trkpt lat="46.16895" lon="6.69226">
        <ele>1509</ele>
        <time>2026-07-02T18:31:45+00:00</time>
      </trkpt>
      <trkpt lat="46.16885" lon="6.69241">
        <ele>1509</ele>
        <time>2026-07-02T18:31:48+00:00</time>
      </trkpt>
      <trkpt lat="46.16877" lon="6.69249">
        <ele>1510</ele>
        <time>2026-07-02T18:31:51+00:00</time>
      </trkpt>
      <trkpt lat="46.16867" lon="6.69249">
        <ele>1511</ele>
        <time>2026-07-02T18:31:54+00:00</time>
      </trkpt>
      <trkpt lat="46.16845" lon="6.69252">
        <ele>1512</ele>
        <time>2026-07-02T18:31:57+00:00</time>
      </trkpt>
      <trkpt lat="46.16824" lon="6.69258">
        <ele>1515</ele>
        <time>2026-07-02T18:32:00+00:00</time>
      </trkpt>
      <trkpt lat="46.16801" lon="6.69265">
        <ele>1517</ele>
        <time>2026-07-02T18:32:03+00:00</time>
      </trkpt>
      <trkpt lat="46.16786" lon="6.69268">
        <ele>1520</ele>
        <time>2026-07-02T18:32:06+00:00</time>
      </trkpt>
      <trkpt lat="46.16766" lon="6.69273">
        <ele>1522</ele>
        <time>2026-07-02T18:32:09+00:00</time>
      </trkpt>
      <trkpt lat="46.1675" lon="6.69284">
        <ele>1524</ele>
        <time>2026-07-02T18:32:12+00:00</time>
      </trkpt>
      <trkpt lat="46.16721" lon="6.69288">
        <ele>1527</ele>
        <time>2026-07-02T18:32:15+00:00</time>
      </trkpt>
      <trkpt lat="46.16706" lon="6.69288">
        <ele>1528</ele>
        <time>2026-07-02T18:32:18+00:00</time>
      </trkpt>
      <trkpt lat="46.16688" lon="6.69284">
        <ele>1529</ele>
        <time>2026-07-02T18:32:21+00:00</time>
      </trkpt>
      <trkpt lat="46.16666" lon="6.6928">
        <ele>1533</ele>
        <time>2026-07-02T18:32:24+00:00</time>
      </trkpt>
      <trkpt lat="46.16666" lon="6.6928">
        <ele>1533</ele>
        <time>2026-07-02T18:32:27+00:00</time>
      </trkpt>
      <trkpt lat="46.16655" lon="6.69278">
        <ele>1534</ele>
        <time>2026-07-02T18:32:30+00:00</time>
      </trkpt>
      <trkpt lat="46.16628" lon="6.69296">
        <ele>1533</ele>
        <time>2026-07-02T18:32:33+00:00</time>
      </trkpt>
      <trkpt lat="46.16617" lon="6.69299">
        <ele>1539</ele>
        <time>2026-07-02T18:32:36+00:00</time>
      </trkpt>
      <trkpt lat="46.16608" lon="6.69301">
        <ele>1533</ele>
        <time>2026-07-02T18:32:39+00:00</time>
      </trkpt>
      <trkpt lat="46.16583" lon="6.69302">
        <ele>1533</ele>
        <time>2026-07-02T18:32:42+00:00</time>
      </trkpt>
      <trkpt lat="46.16552" lon="6.69304">
        <ele>1534</ele>
        <time>2026-07-02T18:32:45+00:00</time>
      </trkpt>
      <trkpt lat="46.16531" lon="6.69307">
        <ele>1535</ele>
        <time>2026-07-02T18:32:48+00:00</time>
      </trkpt>
      <trkpt lat="46.16525" lon="6.69307">
        <ele>1535</ele>
        <time>2026-07-02T18:32:51+00:00</time>
      </trkpt>
      <trkpt lat="46.1651" lon="6.69303">
        <ele>1535</ele>
        <time>2026-07-02T18:32:54+00:00</time>
      </trkpt>
      <trkpt lat="46.16501" lon="6.69301">
        <ele>1535</ele>
        <time>2026-07-02T18:32:57+00:00</time>
      </trkpt>
      <trkpt lat="46.16497" lon="6.69299">
        <ele>1535</ele>
        <time>2026-07-02T18:33:00+00:00</time>
      </trkpt>
      <trkpt lat="46.16496" lon="6.69299">
        <ele>1535</ele>
        <time>2026-07-02T18:33:03+00:00</time>
      </trkpt>
      <trkpt lat="46.1649" lon="6.693">
        <ele>1535</ele>
        <time>2026-07-02T18:33:06+00:00</time>
      </trkpt>
      <trkpt lat="46.16479" lon="6.69303">
        <ele>1536</ele>
        <time>2026-07-02T18:33:09+00:00</time>
      </trkpt>
      <trkpt lat="46.16471" lon="6.69304">
        <ele>1536</ele>
        <time>2026-07-02T18:33:12+00:00</time>
      </trkpt>
      <trkpt lat="46.16461" lon="6.69306">
        <ele>1536</ele>
        <time>2026-07-02T18:33:15+00:00</time>
      </trkpt>
      <trkpt lat="46.1645" lon="6.69308">
        <ele>1536</ele>
        <time>2026-07-02T18:33:18+00:00</time>
      </trkpt>
      <trkpt lat="46.16437" lon="6.6931">
        <ele>1536</ele>
        <time>2026-07-02T18:33:21+00:00</time>
      </trkpt>
      <trkpt lat="46.16425" lon="6.69314">
        <ele>1537</ele>
        <time>2026-07-02T18:33:24+00:00</time>
      </trkpt>
      <trkpt lat="46.16416" lon="6.69317">
        <ele>1538</ele>
        <time>2026-07-02T18:33:27+00:00</time>
      </trkpt>
      <trkpt lat="46.16407" lon="6.69322">
        <ele>1538</ele>
        <time>2026-07-02T18:33:30+00:00</time>
      </trkpt>
      <trkpt lat="46.16403" lon="6.69324">
        <ele>1538</ele>
        <time>2026-07-02T18:33:33+00:00</time>
      </trkpt>
      <trkpt lat="46.16395" lon="6.69329">
        <ele>1539</ele>
        <time>2026-07-02T18:33:36+00:00</time>
      </trkpt>
      <trkpt lat="46.16388" lon="6.69333">
        <ele>1540</ele>
        <time>2026-07-02T18:33:39+00:00</time>
      </trkpt>
      <trkpt lat="46.16376" lon="6.6934">
        <ele>1541</ele>
        <time>2026-07-02T18:33:42+00:00</time>
      </trkpt>
      <trkpt lat="46.16363" lon="6.6935">
        <ele>1544</ele>
        <time>2026-07-02T18:33:45+00:00</time>
      </trkpt>
      <trkpt lat="46.16356" lon="6.69355">
        <ele>1545</ele>
        <time>2026-07-02T18:33:48+00:00</time>
      </trkpt>
      <trkpt lat="46.16349" lon="6.69358">
        <ele>1544</ele>
        <time>2026-07-02T18:33:51+00:00</time>
      </trkpt>
      <trkpt lat="46.16343" lon="6.6936">
        <ele>1544</ele>
        <time>2026-07-02T18:33:54+00:00</time>
      </trkpt>
      <trkpt lat="46.16337" lon="6.69361">
        <ele>1542</ele>
        <time>2026-07-02T18:33:57+00:00</time>
      </trkpt>
      <trkpt lat="46.16332" lon="6.69364">
        <ele>1542</ele>
        <time>2026-07-02T18:34:00+00:00</time>
      </trkpt>
      <trkpt lat="46.16329" lon="6.69369">
        <ele>1545</ele>
        <time>2026-07-02T18:34:03+00:00</time>
      </trkpt>
      <trkpt lat="46.16322" lon="6.69376">
        <ele>1545</ele>
        <time>2026-07-02T18:34:06+00:00</time>
      </trkpt>
      <trkpt lat="46.16313" lon="6.69384">
        <ele>1544</ele>
        <time>2026-07-02T18:34:09+00:00</time>
      </trkpt>
      <trkpt lat="46.16309" lon="6.6939">
        <ele>1547</ele>
        <time>2026-07-02T18:34:12+00:00</time>
      </trkpt>
      <trkpt lat="46.16302" lon="6.69402">
        <ele>1546</ele>
        <time>2026-07-02T18:34:15+00:00</time>
      </trkpt>
      <trkpt lat="46.16297" lon="6.69409">
        <ele>1548</ele>
        <time>2026-07-02T18:34:18+00:00</time>
      </trkpt>
      <trkpt lat="46.16295" lon="6.69412">
        <ele>1547</ele>
        <time>2026-07-02T18:34:21+00:00</time>
      </trkpt>
      <trkpt lat="46.16288" lon="6.6942">
        <ele>1545</ele>
        <time>2026-07-02T18:34:24+00:00</time>
      </trkpt>
      <trkpt lat="46.16279" lon="6.69433">
        <ele>1546</ele>
        <time>2026-07-02T18:34:27+00:00</time>
      </trkpt>
      <trkpt lat="46.16271" lon="6.69442">
        <ele>1547</ele>
        <time>2026-07-02T18:34:30+00:00</time>
      </trkpt>
      <trkpt lat="46.16257" lon="6.69455">
        <ele>1547</ele>
        <time>2026-07-02T18:34:33+00:00</time>
      </trkpt>
      <trkpt lat="46.1625" lon="6.69462">
        <ele>1547</ele>
        <time>2026-07-02T18:34:36+00:00</time>
      </trkpt>
      <trkpt lat="46.16247" lon="6.69466">
        <ele>1547</ele>
        <time>2026-07-02T18:34:39+00:00</time>
      </trkpt>
      <trkpt lat="46.16243" lon="6.69469">
        <ele>1547</ele>
        <time>2026-07-02T18:34:42+00:00</time>
      </trkpt>
      <trkpt lat="46.16236" lon="6.69471">
        <ele>1548</ele>
        <time>2026-07-02T18:34:45+00:00</time>
      </trkpt>
      <trkpt lat="46.16226" lon="6.69476">
        <ele>1548</ele>
        <time>2026-07-02T18:34:48+00:00</time>
      </trkpt>
      <trkpt lat="46.16219" lon="6.69481">
        <ele>1548</ele>
        <time>2026-07-02T18:34:51+00:00</time>
      </trkpt>
      <trkpt lat="46.16213" lon="6.69485">
        <ele>1548</ele>
        <time>2026-07-02T18:34:54+00:00</time>
      </trkpt>
      <trkpt lat="46.16204" lon="6.69489">
        <ele>1548</ele>
        <time>2026-07-02T18:34:57+00:00</time>
      </trkpt>
      <trkpt lat="46.16196" lon="6.69492">
        <ele>1548</ele>
        <time>2026-07-02T18:35:00+00:00</time>
      </trkpt>
      <trkpt lat="46.16183" lon="6.69491">
        <ele>1548</ele>
        <time>2026-07-02T18:35:03+00:00</time>
      </trkpt>
      <trkpt lat="46.16174" lon="6.6949">
        <ele>1546</ele>
        <time>2026-07-02T18:35:06+00:00</time>
      </trkpt>
      <trkpt lat="46.1617" lon="6.69487">
        <ele>1547</ele>
        <time>2026-07-02T18:35:09+00:00</time>
      </trkpt>
      <trkpt lat="46.16166" lon="6.69482">
        <ele>1544</ele>
        <time>2026-07-02T18:35:12+00:00</time>
      </trkpt>
      <trkpt lat="46.16161" lon="6.69471">
        <ele>1545</ele>
        <time>2026-07-02T18:35:15+00:00</time>
      </trkpt>
      <trkpt lat="46.16158" lon="6.6947">
        <ele>1543</ele>
        <time>2026-07-02T18:35:18+00:00</time>
      </trkpt>
      <trkpt lat="46.16152" lon="6.69469">
        <ele>1543</ele>
        <time>2026-07-02T18:35:21+00:00</time>
      </trkpt>
      <trkpt lat="46.16145" lon="6.69469">
        <ele>1542</ele>
        <time>2026-07-02T18:35:24+00:00</time>
      </trkpt>
      <trkpt lat="46.16138" lon="6.69469">
        <ele>1540</ele>
        <time>2026-07-02T18:35:27+00:00</time>
      </trkpt>
      <trkpt lat="46.16131" lon="6.6947">
        <ele>1540</ele>
        <time>2026-07-02T18:35:30+00:00</time>
      </trkpt>
      <trkpt lat="46.16128" lon="6.69468">
        <ele>1536</ele>
        <time>2026-07-02T18:35:33+00:00</time>
      </trkpt>
      <trkpt lat="46.16124" lon="6.69462">
        <ele>1536</ele>
        <time>2026-07-02T18:35:36+00:00</time>
      </trkpt>
      <trkpt lat="46.16121" lon="6.69462">
        <ele>1536</ele>
        <time>2026-07-02T18:35:39+00:00</time>
      </trkpt>
      <trkpt lat="46.16116" lon="6.69463">
        <ele>1535</ele>
        <time>2026-07-02T18:35:42+00:00</time>
      </trkpt>
      <trkpt lat="46.16112" lon="6.69463">
        <ele>1535</ele>
        <time>2026-07-02T18:35:45+00:00</time>
      </trkpt>
      <trkpt lat="46.16108" lon="6.6946">
        <ele>1533</ele>
        <time>2026-07-02T18:35:48+00:00</time>
      </trkpt>
      <trkpt lat="46.16105" lon="6.6946">
        <ele>1534</ele>
        <time>2026-07-02T18:35:51+00:00</time>
      </trkpt>
      <trkpt lat="46.16099" lon="6.69461">
        <ele>1532</ele>
        <time>2026-07-02T18:35:54+00:00</time>
      </trkpt>
      <trkpt lat="46.16093" lon="6.69462">
        <ele>1532</ele>
        <time>2026-07-02T18:35:57+00:00</time>
      </trkpt>
      <trkpt lat="46.16088" lon="6.69461">
        <ele>1530</ele>
        <time>2026-07-02T18:36:00+00:00</time>
      </trkpt>
      <trkpt lat="46.16086" lon="6.69454">
        <ele>1530</ele>
        <time>2026-07-02T18:36:03+00:00</time>
      </trkpt>
      <trkpt lat="46.16082" lon="6.6945">
        <ele>1530</ele>
        <time>2026-07-02T18:36:06+00:00</time>
      </trkpt>
      <trkpt lat="46.16077" lon="6.69449">
        <ele>1529</ele>
        <time>2026-07-02T18:36:09+00:00</time>
      </trkpt>
      <trkpt lat="46.16075" lon="6.69448">
        <ele>1529</ele>
        <time>2026-07-02T18:36:12+00:00</time>
      </trkpt>
      <trkpt lat="46.16074" lon="6.69445">
        <ele>1529</ele>
        <time>2026-07-02T18:36:15+00:00</time>
      </trkpt>
      <trkpt lat="46.16071" lon="6.6944">
        <ele>1529</ele>
        <time>2026-07-02T18:36:18+00:00</time>
      </trkpt>
      <trkpt lat="46.16065" lon="6.69427">
        <ele>1521</ele>
        <time>2026-07-02T18:36:21+00:00</time>
      </trkpt>
      <trkpt lat="46.16057" lon="6.69414">
        <ele>1518</ele>
        <time>2026-07-02T18:36:24+00:00</time>
      </trkpt>
      <trkpt lat="46.16048" lon="6.694">
        <ele>1515</ele>
        <time>2026-07-02T18:36:27+00:00</time>
      </trkpt>
      <trkpt lat="46.16041" lon="6.69391">
        <ele>1515</ele>
        <time>2026-07-02T18:36:30+00:00</time>
      </trkpt>
      <trkpt lat="46.16038" lon="6.69387">
        <ele>1512</ele>
        <time>2026-07-02T18:36:33+00:00</time>
      </trkpt>
      <trkpt lat="46.16031" lon="6.69384">
        <ele>1512</ele>
        <time>2026-07-02T18:36:36+00:00</time>
      </trkpt>
      <trkpt lat="46.16025" lon="6.6938">
        <ele>1509</ele>
        <time>2026-07-02T18:36:39+00:00</time>
      </trkpt>
      <trkpt lat="46.1602" lon="6.69377">
        <ele>1509</ele>
        <time>2026-07-02T18:36:42+00:00</time>
      </trkpt>
      <trkpt lat="46.16016" lon="6.69371">
        <ele>1505</ele>
        <time>2026-07-02T18:36:45+00:00</time>
      </trkpt>
      <trkpt lat="46.16015" lon="6.69369">
        <ele>1505</ele>
        <time>2026-07-02T18:36:48+00:00</time>
      </trkpt>
      <trkpt lat="46.16011" lon="6.69365">
        <ele>1505</ele>
        <time>2026-07-02T18:36:51+00:00</time>
      </trkpt>
      <trkpt lat="46.16007" lon="6.69361">
        <ele>1501</ele>
        <time>2026-07-02T18:36:54+00:00</time>
      </trkpt>
      <trkpt lat="46.16004" lon="6.69358">
        <ele>1508</ele>
        <time>2026-07-02T18:36:57+00:00</time>
      </trkpt>
      <trkpt lat="46.16003" lon="6.69358">
        <ele>1504</ele>
        <time>2026-07-02T18:37:00+00:00</time>
      </trkpt>
      <trkpt lat="46.15998" lon="6.69355">
        <ele>1504</ele>
        <time>2026-07-02T18:37:03+00:00</time>
      </trkpt>
      <trkpt lat="46.15988" lon="6.69351">
        <ele>1504</ele>
        <time>2026-07-02T18:37:06+00:00</time>
      </trkpt>
      <trkpt lat="46.15978" lon="6.69349">
        <ele>1508</ele>
        <time>2026-07-02T18:37:09+00:00</time>
      </trkpt>
      <trkpt lat="46.15968" lon="6.69348">
        <ele>1507</ele>
        <time>2026-07-02T18:37:12+00:00</time>
      </trkpt>
      <trkpt lat="46.15958" lon="6.69346">
        <ele>1505</ele>
        <time>2026-07-02T18:37:15+00:00</time>
      </trkpt>
      <trkpt lat="46.15951" lon="6.69343">
        <ele>1505</ele>
        <time>2026-07-02T18:37:18+00:00</time>
      </trkpt>
      <trkpt lat="46.15945" lon="6.69342">
        <ele>1499</ele>
        <time>2026-07-02T18:37:21+00:00</time>
      </trkpt>
      <trkpt lat="46.1594" lon="6.69338">
        <ele>1499</ele>
        <time>2026-07-02T18:37:24+00:00</time>
      </trkpt>
      <trkpt lat="46.15935" lon="6.6933">
        <ele>1496</ele>
        <time>2026-07-02T18:37:27+00:00</time>
      </trkpt>
      <trkpt lat="46.15928" lon="6.6932">
        <ele>1492</ele>
        <time>2026-07-02T18:37:30+00:00</time>
      </trkpt>
      <trkpt lat="46.15922" lon="6.69312">
        <ele>1492</ele>
        <time>2026-07-02T18:37:33+00:00</time>
      </trkpt>
      <trkpt lat="46.15916" lon="6.69303">
        <ele>1489</ele>
        <time>2026-07-02T18:37:36+00:00</time>
      </trkpt>
      <trkpt lat="46.15912" lon="6.69299">
        <ele>1493</ele>
        <time>2026-07-02T18:37:39+00:00</time>
      </trkpt>
      <trkpt lat="46.15908" lon="6.69294">
        <ele>1492</ele>
        <time>2026-07-02T18:37:42+00:00</time>
      </trkpt>
      <trkpt lat="46.15901" lon="6.69286">
        <ele>1490</ele>
        <time>2026-07-02T18:37:45+00:00</time>
      </trkpt>
      <trkpt lat="46.15898" lon="6.69282">
        <ele>1491</ele>
        <time>2026-07-02T18:37:48+00:00</time>
      </trkpt>
      <trkpt lat="46.15893" lon="6.69281">
        <ele>1491</ele>
        <time>2026-07-02T18:37:51+00:00</time>
      </trkpt>
      <trkpt lat="46.15885" lon="6.69279">
        <ele>1492</ele>
        <time>2026-07-02T18:37:54+00:00</time>
      </trkpt>
      <trkpt lat="46.15878" lon="6.69277">
        <ele>1490</ele>
        <time>2026-07-02T18:37:57+00:00</time>
      </trkpt>
      <trkpt lat="46.15871" lon="6.69274">
        <ele>1490</ele>
        <time>2026-07-02T18:38:00+00:00</time>
      </trkpt>
      <trkpt lat="46.15867" lon="6.69272">
        <ele>1492</ele>
        <time>2026-07-02T18:38:03+00:00</time>
      </trkpt>
      <trkpt lat="46.15863" lon="6.69266">
        <ele>1491</ele>
        <time>2026-07-02T18:38:06+00:00</time>
      </trkpt>
      <trkpt lat="46.15861" lon="6.69263">
        <ele>1491</ele>
        <time>2026-07-02T18:38:09+00:00</time>
      </trkpt>
      <trkpt lat="46.15854" lon="6.69261">
        <ele>1491</ele>
        <time>2026-07-02T18:38:12+00:00</time>
      </trkpt>
      <trkpt lat="46.15849" lon="6.69261">
        <ele>1492</ele>
        <time>2026-07-02T18:38:15+00:00</time>
      </trkpt>
      <trkpt lat="46.15843" lon="6.69261">
        <ele>1492</ele>
        <time>2026-07-02T18:38:18+00:00</time>
      </trkpt>
      <trkpt lat="46.15838" lon="6.69262">
        <ele>1492</ele>
        <time>2026-07-02T18:38:21+00:00</time>
      </trkpt>
      <trkpt lat="46.15827" lon="6.69264">
        <ele>1492</ele>
        <time>2026-07-02T18:38:24+00:00</time>
      </trkpt>
      <trkpt lat="46.15823" lon="6.69263">
        <ele>1492</ele>
        <time>2026-07-02T18:38:27+00:00</time>
      </trkpt>
      <trkpt lat="46.15819" lon="6.69262">
        <ele>1491</ele>
        <time>2026-07-02T18:38:30+00:00</time>
      </trkpt>
      <trkpt lat="46.15814" lon="6.6926">
        <ele>1491</ele>
        <time>2026-07-02T18:38:33+00:00</time>
      </trkpt>
      <trkpt lat="46.15809" lon="6.69257">
        <ele>1496</ele>
        <time>2026-07-02T18:38:36+00:00</time>
      </trkpt>
      <trkpt lat="46.15805" lon="6.69255">
        <ele>1496</ele>
        <time>2026-07-02T18:38:39+00:00</time>
      </trkpt>
      <trkpt lat="46.15801" lon="6.69255">
        <ele>1496</ele>
        <time>2026-07-02T18:38:42+00:00</time>
      </trkpt>
      <trkpt lat="46.15794" lon="6.69258">
        <ele>1498</ele>
        <time>2026-07-02T18:38:45+00:00</time>
      </trkpt>
      <trkpt lat="46.15788" lon="6.69261">
        <ele>1500</ele>
        <time>2026-07-02T18:38:48+00:00</time>
      </trkpt>
      <trkpt lat="46.15777" lon="6.6927">
        <ele>1501</ele>
        <time>2026-07-02T18:38:51+00:00</time>
      </trkpt>
      <trkpt lat="46.15767" lon="6.69275">
        <ele>1502</ele>
        <time>2026-07-02T18:38:54+00:00</time>
      </trkpt>
      <trkpt lat="46.15752" lon="6.69281">
        <ele>1504</ele>
        <time>2026-07-02T18:38:57+00:00</time>
      </trkpt>
      <trkpt lat="46.1574" lon="6.69284">
        <ele>1505</ele>
        <time>2026-07-02T18:39:00+00:00</time>
      </trkpt>
      <trkpt lat="46.15735" lon="6.69286">
        <ele>1507</ele>
        <time>2026-07-02T18:39:03+00:00</time>
      </trkpt>
      <trkpt lat="46.15726" lon="6.69291">
        <ele>1509</ele>
        <time>2026-07-02T18:39:06+00:00</time>
      </trkpt>
      <trkpt lat="46.15716" lon="6.69297">
        <ele>1512</ele>
        <time>2026-07-02T18:39:09+00:00</time>
      </trkpt>
      <trkpt lat="46.15712" lon="6.69301">
        <ele>1510</ele>
        <time>2026-07-02T18:39:12+00:00</time>
      </trkpt>
      <trkpt lat="46.15709" lon="6.69308">
        <ele>1517</ele>
        <time>2026-07-02T18:39:15+00:00</time>
      </trkpt>
      <trkpt lat="46.15706" lon="6.69327">
        <ele>1517</ele>
        <time>2026-07-02T18:39:18+00:00</time>
      </trkpt>
      <trkpt lat="46.15704" lon="6.69337">
        <ele>1517</ele>
        <time>2026-07-02T18:39:21+00:00</time>
      </trkpt>
      <trkpt lat="46.15702" lon="6.69343">
        <ele>1516</ele>
        <time>2026-07-02T18:39:24+00:00</time>
      </trkpt>
      <trkpt lat="46.15698" lon="6.69348">
        <ele>1527</ele>
        <time>2026-07-02T18:39:27+00:00</time>
      </trkpt>
      <trkpt lat="46.1569" lon="6.6935">
        <ele>1524</ele>
        <time>2026-07-02T18:39:30+00:00</time>
      </trkpt>
      <trkpt lat="46.15679" lon="6.69352">
        <ele>1528</ele>
        <time>2026-07-02T18:39:33+00:00</time>
      </trkpt>
      <trkpt lat="46.15667" lon="6.6935">
        <ele>1532</ele>
        <time>2026-07-02T18:39:36+00:00</time>
      </trkpt>
      <trkpt lat="46.15656" lon="6.6935">
        <ele>1528</ele>
        <time>2026-07-02T18:39:39+00:00</time>
      </trkpt>
      <trkpt lat="46.15647" lon="6.69349">
        <ele>1531</ele>
        <time>2026-07-02T18:39:42+00:00</time>
      </trkpt>
      <trkpt lat="46.15632" lon="6.69353">
        <ele>1528</ele>
        <time>2026-07-02T18:39:45+00:00</time>
      </trkpt>
      <trkpt lat="46.15613" lon="6.69357">
        <ele>1526</ele>
        <time>2026-07-02T18:39:48+00:00</time>
      </trkpt>
      <trkpt lat="46.15603" lon="6.69359">
        <ele>1526</ele>
        <time>2026-07-02T18:39:51+00:00</time>
      </trkpt>
      <trkpt lat="46.15597" lon="6.69365">
        <ele>1524</ele>
        <time>2026-07-02T18:39:54+00:00</time>
      </trkpt>
      <trkpt lat="46.15586" lon="6.69375">
        <ele>1523</ele>
        <time>2026-07-02T18:39:57+00:00</time>
      </trkpt>
      <trkpt lat="46.15576" lon="6.69385">
        <ele>1522</ele>
        <time>2026-07-02T18:40:00+00:00</time>
      </trkpt>
      <trkpt lat="46.15566" lon="6.69394">
        <ele>1521</ele>
        <time>2026-07-02T18:40:03+00:00</time>
      </trkpt>
      <trkpt lat="46.15557" lon="6.69402">
        <ele>1519</ele>
        <time>2026-07-02T18:40:06+00:00</time>
      </trkpt>
      <trkpt lat="46.15553" lon="6.69405">
        <ele>1519</ele>
        <time>2026-07-02T18:40:09+00:00</time>
      </trkpt>
      <trkpt lat="46.15545" lon="6.69408">
        <ele>1520</ele>
        <time>2026-07-02T18:40:12+00:00</time>
      </trkpt>
      <trkpt lat="46.15537" lon="6.69413">
        <ele>1520</ele>
        <time>2026-07-02T18:40:15+00:00</time>
      </trkpt>
      <trkpt lat="46.1553" lon="6.69417">
        <ele>1521</ele>
        <time>2026-07-02T18:40:18+00:00</time>
      </trkpt>
      <trkpt lat="46.15519" lon="6.69423">
        <ele>1520</ele>
        <time>2026-07-02T18:40:21+00:00</time>
      </trkpt>
      <trkpt lat="46.15508" lon="6.69427">
        <ele>1521</ele>
        <time>2026-07-02T18:40:24+00:00</time>
      </trkpt>
      <trkpt lat="46.15499" lon="6.69428">
        <ele>1522</ele>
        <time>2026-07-02T18:40:27+00:00</time>
      </trkpt>
      <trkpt lat="46.15486" lon="6.69427">
        <ele>1522</ele>
        <time>2026-07-02T18:40:30+00:00</time>
      </trkpt>
      <trkpt lat="46.15476" lon="6.69426">
        <ele>1522</ele>
        <time>2026-07-02T18:40:33+00:00</time>
      </trkpt>
      <trkpt lat="46.15462" lon="6.69425">
        <ele>1523</ele>
        <time>2026-07-02T18:40:36+00:00</time>
      </trkpt>
      <trkpt lat="46.15455" lon="6.69424">
        <ele>1522</ele>
        <time>2026-07-02T18:40:39+00:00</time>
      </trkpt>
      <trkpt lat="46.15448" lon="6.69426">
        <ele>1522</ele>
        <time>2026-07-02T18:40:42+00:00</time>
      </trkpt>
      <trkpt lat="46.15437" lon="6.69429">
        <ele>1522</ele>
        <time>2026-07-02T18:40:45+00:00</time>
      </trkpt>
      <trkpt lat="46.15427" lon="6.69432">
        <ele>1521</ele>
        <time>2026-07-02T18:40:48+00:00</time>
      </trkpt>
      <trkpt lat="46.15421" lon="6.69433">
        <ele>1521</ele>
        <time>2026-07-02T18:40:51+00:00</time>
      </trkpt>
      <trkpt lat="46.15416" lon="6.69435">
        <ele>1522</ele>
        <time>2026-07-02T18:40:54+00:00</time>
      </trkpt>
      <trkpt lat="46.15406" lon="6.69437">
        <ele>1522</ele>
        <time>2026-07-02T18:40:57+00:00</time>
      </trkpt>
      <trkpt lat="46.15387" lon="6.69439">
        <ele>1520</ele>
        <time>2026-07-02T18:41:00+00:00</time>
      </trkpt>
      <trkpt lat="46.15371" lon="6.69437">
        <ele>1518</ele>
        <time>2026-07-02T18:41:03+00:00</time>
      </trkpt>
      <trkpt lat="46.15354" lon="6.69434">
        <ele>1514</ele>
        <time>2026-07-02T18:41:06+00:00</time>
      </trkpt>
      <trkpt lat="46.15331" lon="6.69429">
        <ele>1512</ele>
        <time>2026-07-02T18:41:09+00:00</time>
      </trkpt>
      <trkpt lat="46.15313" lon="6.69424">
        <ele>1511</ele>
        <time>2026-07-02T18:41:12+00:00</time>
      </trkpt>
      <trkpt lat="46.1531" lon="6.69424">
        <ele>1513</ele>
        <time>2026-07-02T18:41:15+00:00</time>
      </trkpt>
      <trkpt lat="46.153" lon="6.69421">
        <ele>1511</ele>
        <time>2026-07-02T18:41:18+00:00</time>
      </trkpt>
      <trkpt lat="46.15295" lon="6.69417">
        <ele>1514</ele>
        <time>2026-07-02T18:41:21+00:00</time>
      </trkpt>
      <trkpt lat="46.1529" lon="6.6941">
        <ele>1515</ele>
        <time>2026-07-02T18:41:24+00:00</time>
      </trkpt>
      <trkpt lat="46.15285" lon="6.69414">
        <ele>1515</ele>
        <time>2026-07-02T18:41:27+00:00</time>
      </trkpt>
      <trkpt lat="46.15275" lon="6.69413">
        <ele>1517</ele>
        <time>2026-07-02T18:41:30+00:00</time>
      </trkpt>
      <trkpt lat="46.15265" lon="6.69413">
        <ele>1519</ele>
        <time>2026-07-02T18:41:33+00:00</time>
      </trkpt>
      <trkpt lat="46.15257" lon="6.69412">
        <ele>1520</ele>
        <time>2026-07-02T18:41:36+00:00</time>
      </trkpt>
      <trkpt lat="46.15244" lon="6.69402">
        <ele>1521</ele>
        <time>2026-07-02T18:41:39+00:00</time>
      </trkpt>
      <trkpt lat="46.15232" lon="6.69386">
        <ele>1520</ele>
        <time>2026-07-02T18:41:42+00:00</time>
      </trkpt>
      <trkpt lat="46.15224" lon="6.6938">
        <ele>1521</ele>
        <time>2026-07-02T18:41:45+00:00</time>
      </trkpt>
      <trkpt lat="46.15217" lon="6.69377">
        <ele>1522</ele>
        <time>2026-07-02T18:41:48+00:00</time>
      </trkpt>
      <trkpt lat="46.15208" lon="6.69375">
        <ele>1523</ele>
        <time>2026-07-02T18:41:51+00:00</time>
      </trkpt>
      <trkpt lat="46.15202" lon="6.69376">
        <ele>1523</ele>
        <time>2026-07-02T18:41:54+00:00</time>
      </trkpt>
      <trkpt lat="46.15195" lon="6.6938">
        <ele>1526</ele>
        <time>2026-07-02T18:41:57+00:00</time>
      </trkpt>
      <trkpt lat="46.15185" lon="6.69385">
        <ele>1527</ele>
        <time>2026-07-02T18:42:00+00:00</time>
      </trkpt>
      <trkpt lat="46.15161" lon="6.69395">
        <ele>1531</ele>
        <time>2026-07-02T18:42:03+00:00</time>
      </trkpt>
      <trkpt lat="46.15152" lon="6.69399">
        <ele>1533</ele>
        <time>2026-07-02T18:42:06+00:00</time>
      </trkpt>
      <trkpt lat="46.15147" lon="6.69403">
        <ele>1535</ele>
        <time>2026-07-02T18:42:09+00:00</time>
      </trkpt>
      <trkpt lat="46.15136" lon="6.69412">
        <ele>1538</ele>
        <time>2026-07-02T18:42:12+00:00</time>
      </trkpt>
      <trkpt lat="46.15127" lon="6.69422">
        <ele>1540</ele>
        <time>2026-07-02T18:42:15+00:00</time>
      </trkpt>
      <trkpt lat="46.15121" lon="6.69429">
        <ele>1540</ele>
        <time>2026-07-02T18:42:18+00:00</time>
      </trkpt>
      <trkpt lat="46.15118" lon="6.69435">
        <ele>1542</ele>
        <time>2026-07-02T18:42:21+00:00</time>
      </trkpt>
      <trkpt lat="46.15111" lon="6.69443">
        <ele>1543</ele>
        <time>2026-07-02T18:42:24+00:00</time>
      </trkpt>
      <trkpt lat="46.15102" lon="6.69451">
        <ele>1544</ele>
        <time>2026-07-02T18:42:27+00:00</time>
      </trkpt>
      <trkpt lat="46.15095" lon="6.69455">
        <ele>1545</ele>
        <time>2026-07-02T18:42:30+00:00</time>
      </trkpt>
      <trkpt lat="46.15091" lon="6.69456">
        <ele>1545</ele>
        <time>2026-07-02T18:42:33+00:00</time>
      </trkpt>
      <trkpt lat="46.15087" lon="6.69457">
        <ele>1546</ele>
        <time>2026-07-02T18:42:36+00:00</time>
      </trkpt>
      <trkpt lat="46.15078" lon="6.69458">
        <ele>1546</ele>
        <time>2026-07-02T18:42:39+00:00</time>
      </trkpt>
      <trkpt lat="46.1506" lon="6.69459">
        <ele>1547</ele>
        <time>2026-07-02T18:42:42+00:00</time>
      </trkpt>
      <trkpt lat="46.15045" lon="6.69459">
        <ele>1548</ele>
        <time>2026-07-02T18:42:45+00:00</time>
      </trkpt>
      <trkpt lat="46.15033" lon="6.69455">
        <ele>1548</ele>
        <time>2026-07-02T18:42:48+00:00</time>
      </trkpt>
      <trkpt lat="46.15022" lon="6.69452">
        <ele>1549</ele>
        <time>2026-07-02T18:42:51+00:00</time>
      </trkpt>
      <trkpt lat="46.15012" lon="6.69448">
        <ele>1549</ele>
        <time>2026-07-02T18:42:54+00:00</time>
      </trkpt>
      <trkpt lat="46.15004" lon="6.69444">
        <ele>1550</ele>
        <time>2026-07-02T18:42:57+00:00</time>
      </trkpt>
      <trkpt lat="46.14998" lon="6.6944">
        <ele>1551</ele>
        <time>2026-07-02T18:43:00+00:00</time>
      </trkpt>
      <trkpt lat="46.14984" lon="6.69431">
        <ele>1552</ele>
        <time>2026-07-02T18:43:03+00:00</time>
      </trkpt>
      <trkpt lat="46.14973" lon="6.69421">
        <ele>1554</ele>
        <time>2026-07-02T18:43:06+00:00</time>
      </trkpt>
      <trkpt lat="46.14957" lon="6.69411">
        <ele>1558</ele>
        <time>2026-07-02T18:43:09+00:00</time>
      </trkpt>
      <trkpt lat="46.14952" lon="6.69406">
        <ele>1558</ele>
        <time>2026-07-02T18:43:12+00:00</time>
      </trkpt>
      <trkpt lat="46.14946" lon="6.69399">
        <ele>1560</ele>
        <time>2026-07-02T18:43:15+00:00</time>
      </trkpt>
      <trkpt lat="46.14939" lon="6.69394">
        <ele>1561</ele>
        <time>2026-07-02T18:43:18+00:00</time>
      </trkpt>
      <trkpt lat="46.14928" lon="6.69383">
        <ele>1563</ele>
        <time>2026-07-02T18:43:21+00:00</time>
      </trkpt>
      <trkpt lat="46.14917" lon="6.69373">
        <ele>1567</ele>
        <time>2026-07-02T18:43:24+00:00</time>
      </trkpt>
      <trkpt lat="46.14907" lon="6.69357">
        <ele>1571</ele>
        <time>2026-07-02T18:43:27+00:00</time>
      </trkpt>
      <trkpt lat="46.14881" lon="6.69328">
        <ele>1577</ele>
        <time>2026-07-02T18:43:30+00:00</time>
      </trkpt>
      <trkpt lat="46.14874" lon="6.69323">
        <ele>1579</ele>
        <time>2026-07-02T18:43:33+00:00</time>
      </trkpt>
      <trkpt lat="46.1486" lon="6.69311">
        <ele>1585</ele>
        <time>2026-07-02T18:43:36+00:00</time>
      </trkpt>
      <trkpt lat="46.14841" lon="6.693">
        <ele>1586</ele>
        <time>2026-07-02T18:43:39+00:00</time>
      </trkpt>
      <trkpt lat="46.14832" lon="6.69298">
        <ele>1587</ele>
        <time>2026-07-02T18:43:42+00:00</time>
      </trkpt>
      <trkpt lat="46.14826" lon="6.69296">
        <ele>1589</ele>
        <time>2026-07-02T18:43:45+00:00</time>
      </trkpt>
      <trkpt lat="46.14817" lon="6.69295">
        <ele>1590</ele>
        <time>2026-07-02T18:43:48+00:00</time>
      </trkpt>
      <trkpt lat="46.1481" lon="6.69296">
        <ele>1590</ele>
        <time>2026-07-02T18:43:51+00:00</time>
      </trkpt>
      <trkpt lat="46.14803" lon="6.69299">
        <ele>1591</ele>
        <time>2026-07-02T18:43:54+00:00</time>
      </trkpt>
      <trkpt lat="46.14796" lon="6.69301">
        <ele>1592</ele>
        <time>2026-07-02T18:43:57+00:00</time>
      </trkpt>
      <trkpt lat="46.14787" lon="6.69302">
        <ele>1594</ele>
        <time>2026-07-02T18:44:00+00:00</time>
      </trkpt>
      <trkpt lat="46.14781" lon="6.69304">
        <ele>1594</ele>
        <time>2026-07-02T18:44:03+00:00</time>
      </trkpt>
      <trkpt lat="46.14767" lon="6.69311">
        <ele>1596</ele>
        <time>2026-07-02T18:44:06+00:00</time>
      </trkpt>
      <trkpt lat="46.14758" lon="6.69314">
        <ele>1598</ele>
        <time>2026-07-02T18:44:09+00:00</time>
      </trkpt>
      <trkpt lat="46.14747" lon="6.69315">
        <ele>1598</ele>
        <time>2026-07-02T18:44:12+00:00</time>
      </trkpt>
      <trkpt lat="46.14746" lon="6.69315">
        <ele>1598</ele>
        <time>2026-07-02T18:44:15+00:00</time>
      </trkpt>
      <trkpt lat="46.14729" lon="6.69314">
        <ele>1599</ele>
        <time>2026-07-02T18:44:18+00:00</time>
      </trkpt>
      <trkpt lat="46.14711" lon="6.69314">
        <ele>1599</ele>
        <time>2026-07-02T18:44:21+00:00</time>
      </trkpt>
      <trkpt lat="46.14702" lon="6.69313">
        <ele>1600</ele>
        <time>2026-07-02T18:44:24+00:00</time>
      </trkpt>
      <trkpt lat="46.14697" lon="6.69312">
        <ele>1600</ele>
        <time>2026-07-02T18:44:27+00:00</time>
      </trkpt>
      <trkpt lat="46.1469" lon="6.69313">
        <ele>1600</ele>
        <time>2026-07-02T18:44:30+00:00</time>
      </trkpt>
      <trkpt lat="46.14681" lon="6.69315">
        <ele>1600</ele>
        <time>2026-07-02T18:44:33+00:00</time>
      </trkpt>
      <trkpt lat="46.14669" lon="6.69317">
        <ele>1600</ele>
        <time>2026-07-02T18:44:36+00:00</time>
      </trkpt>
      <trkpt lat="46.14661" lon="6.69318">
        <ele>1600</ele>
        <time>2026-07-02T18:44:39+00:00</time>
      </trkpt>
      <trkpt lat="46.14654" lon="6.69319">
        <ele>1600</ele>
        <time>2026-07-02T18:44:42+00:00</time>
      </trkpt>
      <trkpt lat="46.14647" lon="6.69321">
        <ele>1600</ele>
        <time>2026-07-02T18:44:45+00:00</time>
      </trkpt>
      <trkpt lat="46.14643" lon="6.69324">
        <ele>1600</ele>
        <time>2026-07-02T18:44:48+00:00</time>
      </trkpt>
      <trkpt lat="46.14637" lon="6.69331">
        <ele>1601</ele>
        <time>2026-07-02T18:44:51+00:00</time>
      </trkpt>
      <trkpt lat="46.14631" lon="6.6934">
        <ele>1601</ele>
        <time>2026-07-02T18:44:54+00:00</time>
      </trkpt>
      <trkpt lat="46.14618" lon="6.69357">
        <ele>1602</ele>
        <time>2026-07-02T18:44:57+00:00</time>
      </trkpt>
      <trkpt lat="46.14614" lon="6.69363">
        <ele>1604</ele>
        <time>2026-07-02T18:45:00+00:00</time>
      </trkpt>
      <trkpt lat="46.14609" lon="6.69368">
        <ele>1605</ele>
        <time>2026-07-02T18:45:03+00:00</time>
      </trkpt>
      <trkpt lat="46.14606" lon="6.69371">
        <ele>1606</ele>
        <time>2026-07-02T18:45:06+00:00</time>
      </trkpt>
      <trkpt lat="46.14602" lon="6.69381">
        <ele>1606</ele>
        <time>2026-07-02T18:45:09+00:00</time>
      </trkpt>
      <trkpt lat="46.14593" lon="6.69397">
        <ele>1607</ele>
        <time>2026-07-02T18:45:12+00:00</time>
      </trkpt>
      <trkpt lat="46.14588" lon="6.69405">
        <ele>1609</ele>
        <time>2026-07-02T18:45:15+00:00</time>
      </trkpt>
      <trkpt lat="46.14581" lon="6.69413">
        <ele>1609</ele>
        <time>2026-07-02T18:45:18+00:00</time>
      </trkpt>
      <trkpt lat="46.14577" lon="6.69416">
        <ele>1609</ele>
        <time>2026-07-02T18:45:21+00:00</time>
      </trkpt>
      <trkpt lat="46.14572" lon="6.69419">
        <ele>1609</ele>
        <time>2026-07-02T18:45:24+00:00</time>
      </trkpt>
      <trkpt lat="46.14559" lon="6.69424">
        <ele>1609</ele>
        <time>2026-07-02T18:45:27+00:00</time>
      </trkpt>
      <trkpt lat="46.14538" lon="6.69434">
        <ele>1610</ele>
        <time>2026-07-02T18:45:30+00:00</time>
      </trkpt>
      <trkpt lat="46.14523" lon="6.69439">
        <ele>1611</ele>
        <time>2026-07-02T18:45:33+00:00</time>
      </trkpt>
      <trkpt lat="46.14511" lon="6.6944">
        <ele>1611</ele>
        <time>2026-07-02T18:45:36+00:00</time>
      </trkpt>
      <trkpt lat="46.145" lon="6.69441">
        <ele>1612</ele>
        <time>2026-07-02T18:45:39+00:00</time>
      </trkpt>
      <trkpt lat="46.14489" lon="6.69442">
        <ele>1614</ele>
        <time>2026-07-02T18:45:42+00:00</time>
      </trkpt>
      <trkpt lat="46.14483" lon="6.69439">
        <ele>1613</ele>
        <time>2026-07-02T18:45:45+00:00</time>
      </trkpt>
      <trkpt lat="46.14481" lon="6.69431">
        <ele>1613</ele>
        <time>2026-07-02T18:45:48+00:00</time>
      </trkpt>
      <trkpt lat="46.14461" lon="6.69452">
        <ele>1615</ele>
        <time>2026-07-02T18:45:51+00:00</time>
      </trkpt>
      <trkpt lat="46.14453" lon="6.69457">
        <ele>1615</ele>
        <time>2026-07-02T18:45:54+00:00</time>
      </trkpt>
      <trkpt lat="46.14445" lon="6.6946">
        <ele>1615</ele>
        <time>2026-07-02T18:45:57+00:00</time>
      </trkpt>
      <trkpt lat="46.14439" lon="6.6946">
        <ele>1613</ele>
        <time>2026-07-02T18:46:00+00:00</time>
      </trkpt>
      <trkpt lat="46.14434" lon="6.69459">
        <ele>1615</ele>
        <time>2026-07-02T18:46:03+00:00</time>
      </trkpt>
      <trkpt lat="46.14424" lon="6.69454">
        <ele>1613</ele>
        <time>2026-07-02T18:46:06+00:00</time>
      </trkpt>
      <trkpt lat="46.14411" lon="6.69447">
        <ele>1611</ele>
        <time>2026-07-02T18:46:09+00:00</time>
      </trkpt>
      <trkpt lat="46.14405" lon="6.69442">
        <ele>1610</ele>
        <time>2026-07-02T18:46:12+00:00</time>
      </trkpt>
      <trkpt lat="46.14404" lon="6.69443">
        <ele>1610</ele>
        <time>2026-07-02T18:46:15+00:00</time>
      </trkpt>
      <trkpt lat="46.14391" lon="6.69457">
        <ele>1611</ele>
        <time>2026-07-02T18:46:18+00:00</time>
      </trkpt>
      <trkpt lat="46.14378" lon="6.69472">
        <ele>1613</ele>
        <time>2026-07-02T18:46:21+00:00</time>
      </trkpt>
      <trkpt lat="46.14367" lon="6.69481">
        <ele>1615</ele>
        <time>2026-07-02T18:46:24+00:00</time>
      </trkpt>
      <trkpt lat="46.14357" lon="6.69487">
        <ele>1615</ele>
        <time>2026-07-02T18:46:27+00:00</time>
      </trkpt>
      <trkpt lat="46.14339" lon="6.69493">
        <ele>1617</ele>
        <time>2026-07-02T18:46:30+00:00</time>
      </trkpt>
      <trkpt lat="46.14329" lon="6.69497">
        <ele>1617</ele>
        <time>2026-07-02T18:46:33+00:00</time>
      </trkpt>
      <trkpt lat="46.14315" lon="6.69502">
        <ele>1619</ele>
        <time>2026-07-02T18:46:36+00:00</time>
      </trkpt>
      <trkpt lat="46.14298" lon="6.69508">
        <ele>1621</ele>
        <time>2026-07-02T18:46:39+00:00</time>
      </trkpt>
      <trkpt lat="46.14285" lon="6.69511">
        <ele>1623</ele>
        <time>2026-07-02T18:46:42+00:00</time>
      </trkpt>
      <trkpt lat="46.14267" lon="6.69515">
        <ele>1624</ele>
        <time>2026-07-02T18:46:45+00:00</time>
      </trkpt>
      <trkpt lat="46.1425" lon="6.69518">
        <ele>1625</ele>
        <time>2026-07-02T18:46:48+00:00</time>
      </trkpt>
      <trkpt lat="46.1423" lon="6.69521">
        <ele>1629</ele>
        <time>2026-07-02T18:46:51+00:00</time>
      </trkpt>
      <trkpt lat="46.14211" lon="6.69525">
        <ele>1630</ele>
        <time>2026-07-02T18:46:54+00:00</time>
      </trkpt>
      <trkpt lat="46.14189" lon="6.6953">
        <ele>1633</ele>
        <time>2026-07-02T18:46:57+00:00</time>
      </trkpt>
      <trkpt lat="46.1417" lon="6.69533">
        <ele>1636</ele>
        <time>2026-07-02T18:47:00+00:00</time>
      </trkpt>
      <trkpt lat="46.14154" lon="6.69535">
        <ele>1638</ele>
        <time>2026-07-02T18:47:03+00:00</time>
      </trkpt>
      <trkpt lat="46.14141" lon="6.69534">
        <ele>1641</ele>
        <time>2026-07-02T18:47:06+00:00</time>
      </trkpt>
      <trkpt lat="46.14125" lon="6.69532">
        <ele>1648</ele>
        <time>2026-07-02T18:47:09+00:00</time>
      </trkpt>
      <trkpt lat="46.14108" lon="6.6953">
        <ele>1651</ele>
        <time>2026-07-02T18:47:12+00:00</time>
      </trkpt>
      <trkpt lat="46.14093" lon="6.69528">
        <ele>1652</ele>
        <time>2026-07-02T18:47:15+00:00</time>
      </trkpt>
      <trkpt lat="46.1408" lon="6.69531">
        <ele>1655</ele>
        <time>2026-07-02T18:47:18+00:00</time>
      </trkpt>
      <trkpt lat="46.14068" lon="6.69534">
        <ele>1657</ele>
        <time>2026-07-02T18:47:21+00:00</time>
      </trkpt>
      <trkpt lat="46.14057" lon="6.69536">
        <ele>1658</ele>
        <time>2026-07-02T18:47:24+00:00</time>
      </trkpt>
      <trkpt lat="46.14044" lon="6.69534">
        <ele>1658</ele>
        <time>2026-07-02T18:47:27+00:00</time>
      </trkpt>
      <trkpt lat="46.14034" lon="6.69533">
        <ele>1657</ele>
        <time>2026-07-02T18:47:30+00:00</time>
      </trkpt>
      <trkpt lat="46.1403" lon="6.69533">
        <ele>1659</ele>
        <time>2026-07-02T18:47:33+00:00</time>
      </trkpt>
      <trkpt lat="46.14017" lon="6.69531">
        <ele>1658</ele>
        <time>2026-07-02T18:47:36+00:00</time>
      </trkpt>
      <trkpt lat="46.14003" lon="6.69531">
        <ele>1657</ele>
        <time>2026-07-02T18:47:39+00:00</time>
      </trkpt>
      <trkpt lat="46.13989" lon="6.69533">
        <ele>1655</ele>
        <time>2026-07-02T18:47:42+00:00</time>
      </trkpt>
      <trkpt lat="46.13976" lon="6.69538">
        <ele>1654</ele>
        <time>2026-07-02T18:47:45+00:00</time>
      </trkpt>
      <trkpt lat="46.13958" lon="6.69544">
        <ele>1654</ele>
        <time>2026-07-02T18:47:48+00:00</time>
      </trkpt>
      <trkpt lat="46.13946" lon="6.69549">
        <ele>1653</ele>
        <time>2026-07-02T18:47:51+00:00</time>
      </trkpt>
      <trkpt lat="46.13939" lon="6.69556">
        <ele>1652</ele>
        <time>2026-07-02T18:47:54+00:00</time>
      </trkpt>
      <trkpt lat="46.13937" lon="6.69559">
        <ele>1652</ele>
        <time>2026-07-02T18:47:57+00:00</time>
      </trkpt>
      <trkpt lat="46.13931" lon="6.6957">
        <ele>1653</ele>
        <time>2026-07-02T18:48:00+00:00</time>
      </trkpt>
      <trkpt lat="46.13929" lon="6.69578">
        <ele>1653</ele>
        <time>2026-07-02T18:48:03+00:00</time>
      </trkpt>
      <trkpt lat="46.13927" lon="6.69586">
        <ele>1653</ele>
        <time>2026-07-02T18:48:06+00:00</time>
      </trkpt>
      <trkpt lat="46.13923" lon="6.6959">
        <ele>1653</ele>
        <time>2026-07-02T18:48:09+00:00</time>
      </trkpt>
      <trkpt lat="46.13914" lon="6.69598">
        <ele>1654</ele>
        <time>2026-07-02T18:48:12+00:00</time>
      </trkpt>
      <trkpt lat="46.13905" lon="6.69603">
        <ele>1655</ele>
        <time>2026-07-02T18:48:15+00:00</time>
      </trkpt>
      <trkpt lat="46.13897" lon="6.69607">
        <ele>1656</ele>
        <time>2026-07-02T18:48:18+00:00</time>
      </trkpt>
      <trkpt lat="46.13889" lon="6.69611">
        <ele>1659</ele>
        <time>2026-07-02T18:48:21+00:00</time>
      </trkpt>
      <trkpt lat="46.13883" lon="6.69613">
        <ele>1659</ele>
        <time>2026-07-02T18:48:24+00:00</time>
      </trkpt>
      <trkpt lat="46.13879" lon="6.69613">
        <ele>1660</ele>
        <time>2026-07-02T18:48:27+00:00</time>
      </trkpt>
      <trkpt lat="46.1387" lon="6.6961">
        <ele>1660</ele>
        <time>2026-07-02T18:48:30+00:00</time>
      </trkpt>
      <trkpt lat="46.13859" lon="6.69606">
        <ele>1663</ele>
        <time>2026-07-02T18:48:33+00:00</time>
      </trkpt>
      <trkpt lat="46.13843" lon="6.69602">
        <ele>1664</ele>
        <time>2026-07-02T18:48:36+00:00</time>
      </trkpt>
      <trkpt lat="46.13832" lon="6.69599">
        <ele>1664</ele>
        <time>2026-07-02T18:48:39+00:00</time>
      </trkpt>
      <trkpt lat="46.13824" lon="6.69598">
        <ele>1665</ele>
        <time>2026-07-02T18:48:42+00:00</time>
      </trkpt>
      <trkpt lat="46.13815" lon="6.69598">
        <ele>1665</ele>
        <time>2026-07-02T18:48:45+00:00</time>
      </trkpt>
      <trkpt lat="46.13807" lon="6.696">
        <ele>1667</ele>
        <time>2026-07-02T18:48:48+00:00</time>
      </trkpt>
      <trkpt lat="46.13802" lon="6.69603">
        <ele>1667</ele>
        <time>2026-07-02T18:48:51+00:00</time>
      </trkpt>
      <trkpt lat="46.13796" lon="6.69613">
        <ele>1668</ele>
        <time>2026-07-02T18:48:54+00:00</time>
      </trkpt>
      <trkpt lat="46.13785" lon="6.69635">
        <ele>1669</ele>
        <time>2026-07-02T18:48:57+00:00</time>
      </trkpt>
      <trkpt lat="46.13775" lon="6.69653">
        <ele>1670</ele>
        <time>2026-07-02T18:49:00+00:00</time>
      </trkpt>
      <trkpt lat="46.13766" lon="6.69667">
        <ele>1669</ele>
        <time>2026-07-02T18:49:03+00:00</time>
      </trkpt>
      <trkpt lat="46.13757" lon="6.69684">
        <ele>1669</ele>
        <time>2026-07-02T18:49:06+00:00</time>
      </trkpt>
      <trkpt lat="46.13743" lon="6.69706">
        <ele>1669</ele>
        <time>2026-07-02T18:49:09+00:00</time>
      </trkpt>
      <trkpt lat="46.13736" lon="6.69719">
        <ele>1669</ele>
        <time>2026-07-02T18:49:12+00:00</time>
      </trkpt>
      <trkpt lat="46.13731" lon="6.69725">
        <ele>1670</ele>
        <time>2026-07-02T18:49:15+00:00</time>
      </trkpt>
      <trkpt lat="46.13725" lon="6.69732">
        <ele>1670</ele>
        <time>2026-07-02T18:49:18+00:00</time>
      </trkpt>
      <trkpt lat="46.13721" lon="6.69739">
        <ele>1670</ele>
        <time>2026-07-02T18:49:21+00:00</time>
      </trkpt>
      <trkpt lat="46.13716" lon="6.69749">
        <ele>1669</ele>
        <time>2026-07-02T18:49:24+00:00</time>
      </trkpt>
      <trkpt lat="46.1371" lon="6.6976">
        <ele>1670</ele>
        <time>2026-07-02T18:49:27+00:00</time>
      </trkpt>
      <trkpt lat="46.13706" lon="6.69768">
        <ele>1670</ele>
        <time>2026-07-02T18:49:30+00:00</time>
      </trkpt>
      <trkpt lat="46.137" lon="6.69777">
        <ele>1671</ele>
        <time>2026-07-02T18:49:33+00:00</time>
      </trkpt>
      <trkpt lat="46.13691" lon="6.69792">
        <ele>1675</ele>
        <time>2026-07-02T18:49:36+00:00</time>
      </trkpt>
      <trkpt lat="46.13684" lon="6.69804">
        <ele>1678</ele>
        <time>2026-07-02T18:49:39+00:00</time>
      </trkpt>
      <trkpt lat="46.13682" lon="6.69809">
        <ele>1678</ele>
        <time>2026-07-02T18:49:42+00:00</time>
      </trkpt>
      <trkpt lat="46.13678" lon="6.69824">
        <ele>1684</ele>
        <time>2026-07-02T18:49:45+00:00</time>
      </trkpt>
      <trkpt lat="46.13674" lon="6.69838">
        <ele>1685</ele>
        <time>2026-07-02T18:49:48+00:00</time>
      </trkpt>
      <trkpt lat="46.1367" lon="6.69854">
        <ele>1685</ele>
        <time>2026-07-02T18:49:51+00:00</time>
      </trkpt>
      <trkpt lat="46.13667" lon="6.69862">
        <ele>1688</ele>
        <time>2026-07-02T18:49:54+00:00</time>
      </trkpt>
      <trkpt lat="46.13663" lon="6.69868">
        <ele>1688</ele>
        <time>2026-07-02T18:49:57+00:00</time>
      </trkpt>
      <trkpt lat="46.13655" lon="6.69875">
        <ele>1690</ele>
        <time>2026-07-02T18:50:00+00:00</time>
      </trkpt>
      <trkpt lat="46.13647" lon="6.69879">
        <ele>1693</ele>
        <time>2026-07-02T18:50:03+00:00</time>
      </trkpt>
      <trkpt lat="46.13638" lon="6.69882">
        <ele>1696</ele>
        <time>2026-07-02T18:50:06+00:00</time>
      </trkpt>
      <trkpt lat="46.13628" lon="6.69884">
        <ele>1698</ele>
        <time>2026-07-02T18:50:09+00:00</time>
      </trkpt>
      <trkpt lat="46.13615" lon="6.69887">
        <ele>1700</ele>
        <time>2026-07-02T18:50:12+00:00</time>
      </trkpt>
      <trkpt lat="46.13605" lon="6.69889">
        <ele>1702</ele>
        <time>2026-07-02T18:50:15+00:00</time>
      </trkpt>
      <trkpt lat="46.13598" lon="6.6989">
        <ele>1703</ele>
        <time>2026-07-02T18:50:18+00:00</time>
      </trkpt>
      <trkpt lat="46.1359" lon="6.6989">
        <ele>1704</ele>
        <time>2026-07-02T18:50:21+00:00</time>
      </trkpt>
      <trkpt lat="46.13582" lon="6.69888">
        <ele>1704</ele>
        <time>2026-07-02T18:50:24+00:00</time>
      </trkpt>
      <trkpt lat="46.1357" lon="6.69886">
        <ele>1705</ele>
        <time>2026-07-02T18:50:27+00:00</time>
      </trkpt>
      <trkpt lat="46.13555" lon="6.69883">
        <ele>1706</ele>
        <time>2026-07-02T18:50:30+00:00</time>
      </trkpt>
      <trkpt lat="46.13544" lon="6.6988">
        <ele>1706</ele>
        <time>2026-07-02T18:50:33+00:00</time>
      </trkpt>
      <trkpt lat="46.13533" lon="6.69879">
        <ele>1707</ele>
        <time>2026-07-02T18:50:36+00:00</time>
      </trkpt>
      <trkpt lat="46.13506" lon="6.69881">
        <ele>1707</ele>
        <time>2026-07-02T18:50:39+00:00</time>
      </trkpt>
      <trkpt lat="46.13486" lon="6.699">
        <ele>1710</ele>
        <time>2026-07-02T18:50:42+00:00</time>
      </trkpt>
      <trkpt lat="46.13481" lon="6.69905">
        <ele>1710</ele>
        <time>2026-07-02T18:50:45+00:00</time>
      </trkpt>
      <trkpt lat="46.13476" lon="6.6991">
        <ele>1712</ele>
        <time>2026-07-02T18:50:48+00:00</time>
      </trkpt>
      <trkpt lat="46.13473" lon="6.69916">
        <ele>1712</ele>
        <time>2026-07-02T18:50:51+00:00</time>
      </trkpt>
      <trkpt lat="46.13467" lon="6.69926">
        <ele>1715</ele>
        <time>2026-07-02T18:50:54+00:00</time>
      </trkpt>
      <trkpt lat="46.13463" lon="6.69935">
        <ele>1715</ele>
        <time>2026-07-02T18:50:57+00:00</time>
      </trkpt>
      <trkpt lat="46.1346" lon="6.69944">
        <ele>1722</ele>
        <time>2026-07-02T18:51:00+00:00</time>
      </trkpt>
      <trkpt lat="46.13454" lon="6.69962">
        <ele>1723</ele>
        <time>2026-07-02T18:51:03+00:00</time>
      </trkpt>
      <trkpt lat="46.13451" lon="6.69974">
        <ele>1721</ele>
        <time>2026-07-02T18:51:06+00:00</time>
      </trkpt>
      <trkpt lat="46.13447" lon="6.69983">
        <ele>1725</ele>
        <time>2026-07-02T18:51:09+00:00</time>
      </trkpt>
      <trkpt lat="46.13442" lon="6.6999">
        <ele>1723</ele>
        <time>2026-07-02T18:51:12+00:00</time>
      </trkpt>
      <trkpt lat="46.13438" lon="6.69996">
        <ele>1728</ele>
        <time>2026-07-02T18:51:15+00:00</time>
      </trkpt>
      <trkpt lat="46.13433" lon="6.70002">
        <ele>1726</ele>
        <time>2026-07-02T18:51:18+00:00</time>
      </trkpt>
      <trkpt lat="46.13425" lon="6.70015">
        <ele>1725</ele>
        <time>2026-07-02T18:51:21+00:00</time>
      </trkpt>
      <trkpt lat="46.13417" lon="6.70028">
        <ele>1733</ele>
        <time>2026-07-02T18:51:24+00:00</time>
      </trkpt>
      <trkpt lat="46.1341" lon="6.70039">
        <ele>1728</ele>
        <time>2026-07-02T18:51:27+00:00</time>
      </trkpt>
      <trkpt lat="46.13405" lon="6.70045">
        <ele>1730</ele>
        <time>2026-07-02T18:51:30+00:00</time>
      </trkpt>
      <trkpt lat="46.13397" lon="6.70051">
        <ele>1735</ele>
        <time>2026-07-02T18:51:33+00:00</time>
      </trkpt>
      <trkpt lat="46.13389" lon="6.70058">
        <ele>1739</ele>
        <time>2026-07-02T18:51:36+00:00</time>
      </trkpt>
      <trkpt lat="46.13383" lon="6.70065">
        <ele>1736</ele>
        <time>2026-07-02T18:51:39+00:00</time>
      </trkpt>
      <trkpt lat="46.1337" lon="6.70075">
        <ele>1740</ele>
        <time>2026-07-02T18:51:42+00:00</time>
      </trkpt>
      <trkpt lat="46.1336" lon="6.7008">
        <ele>1740</ele>
        <time>2026-07-02T18:51:45+00:00</time>
      </trkpt>
      <trkpt lat="46.1335" lon="6.70087">
        <ele>1741</ele>
        <time>2026-07-02T18:51:48+00:00</time>
      </trkpt>
      <trkpt lat="46.13342" lon="6.70091">
        <ele>1735</ele>
        <time>2026-07-02T18:51:51+00:00</time>
      </trkpt>
      <trkpt lat="46.13335" lon="6.70093">
        <ele>1740</ele>
        <time>2026-07-02T18:51:54+00:00</time>
      </trkpt>
      <trkpt lat="46.13325" lon="6.70092">
        <ele>1742</ele>
        <time>2026-07-02T18:51:57+00:00</time>
      </trkpt>
      <trkpt lat="46.13314" lon="6.70092">
        <ele>1744</ele>
        <time>2026-07-02T18:52:00+00:00</time>
      </trkpt>
      <trkpt lat="46.13303" lon="6.70095">
        <ele>1745</ele>
        <time>2026-07-02T18:52:03+00:00</time>
      </trkpt>
      <trkpt lat="46.13294" lon="6.70099">
        <ele>1747</ele>
        <time>2026-07-02T18:52:06+00:00</time>
      </trkpt>
      <trkpt lat="46.13283" lon="6.70106">
        <ele>1745</ele>
        <time>2026-07-02T18:52:09+00:00</time>
      </trkpt>
      <trkpt lat="46.13274" lon="6.70112">
        <ele>1746</ele>
        <time>2026-07-02T18:52:12+00:00</time>
      </trkpt>
      <trkpt lat="46.13265" lon="6.70117">
        <ele>1748</ele>
        <time>2026-07-02T18:52:15+00:00</time>
      </trkpt>
      <trkpt lat="46.13255" lon="6.70122">
        <ele>1748</ele>
        <time>2026-07-02T18:52:18+00:00</time>
      </trkpt>
      <trkpt lat="46.13245" lon="6.70127">
        <ele>1749</ele>
        <time>2026-07-02T18:52:21+00:00</time>
      </trkpt>
      <trkpt lat="46.13238" lon="6.70131">
        <ele>1749</ele>
        <time>2026-07-02T18:52:24+00:00</time>
      </trkpt>
      <trkpt lat="46.13232" lon="6.70136">
        <ele>1749</ele>
        <time>2026-07-02T18:52:27+00:00</time>
      </trkpt>
      <trkpt lat="46.13227" lon="6.70142">
        <ele>1749</ele>
        <time>2026-07-02T18:52:30+00:00</time>
      </trkpt>
      <trkpt lat="46.13221" lon="6.70149">
        <ele>1749</ele>
        <time>2026-07-02T18:52:33+00:00</time>
      </trkpt>
      <trkpt lat="46.13217" lon="6.70156">
        <ele>1751</ele>
        <time>2026-07-02T18:52:36+00:00</time>
      </trkpt>
      <trkpt lat="46.13208" lon="6.70167">
        <ele>1752</ele>
        <time>2026-07-02T18:52:39+00:00</time>
      </trkpt>
      <trkpt lat="46.13196" lon="6.70182">
        <ele>1753</ele>
        <time>2026-07-02T18:52:42+00:00</time>
      </trkpt>
      <trkpt lat="46.13184" lon="6.70197">
        <ele>1755</ele>
        <time>2026-07-02T18:52:45+00:00</time>
      </trkpt>
      <trkpt lat="46.13176" lon="6.70208">
        <ele>1756</ele>
        <time>2026-07-02T18:52:48+00:00</time>
      </trkpt>
      <trkpt lat="46.13168" lon="6.70217">
        <ele>1759</ele>
        <time>2026-07-02T18:52:51+00:00</time>
      </trkpt>
      <trkpt lat="46.13162" lon="6.70221">
        <ele>1759</ele>
        <time>2026-07-02T18:52:54+00:00</time>
      </trkpt>
      <trkpt lat="46.13158" lon="6.70226">
        <ele>1761</ele>
        <time>2026-07-02T18:52:57+00:00</time>
      </trkpt>
      <trkpt lat="46.13153" lon="6.70228">
        <ele>1761</ele>
        <time>2026-07-02T18:53:00+00:00</time>
      </trkpt>
      <trkpt lat="46.1315" lon="6.7023">
        <ele>1763</ele>
        <time>2026-07-02T18:53:03+00:00</time>
      </trkpt>
      <trkpt lat="46.13145" lon="6.70236">
        <ele>1763</ele>
        <time>2026-07-02T18:53:06+00:00</time>
      </trkpt>
      <trkpt lat="46.13143" lon="6.70242">
        <ele>1764</ele>
        <time>2026-07-02T18:53:09+00:00</time>
      </trkpt>
      <trkpt lat="46.13138" lon="6.70255">
        <ele>1766</ele>
        <time>2026-07-02T18:53:12+00:00</time>
      </trkpt>
      <trkpt lat="46.13133" lon="6.70269">
        <ele>1768</ele>
        <time>2026-07-02T18:53:15+00:00</time>
      </trkpt>
      <trkpt lat="46.13132" lon="6.70279">
        <ele>1770</ele>
        <time>2026-07-02T18:53:18+00:00</time>
      </trkpt>
      <trkpt lat="46.13131" lon="6.70301">
        <ele>1773</ele>
        <time>2026-07-02T18:53:21+00:00</time>
      </trkpt>
      <trkpt lat="46.13131" lon="6.7032">
        <ele>1775</ele>
        <time>2026-07-02T18:53:24+00:00</time>
      </trkpt>
      <trkpt lat="46.13131" lon="6.7034">
        <ele>1780</ele>
        <time>2026-07-02T18:53:27+00:00</time>
      </trkpt>
      <trkpt lat="46.13132" lon="6.70359">
        <ele>1782</ele>
        <time>2026-07-02T18:53:30+00:00</time>
      </trkpt>
      <trkpt lat="46.13132" lon="6.70372">
        <ele>1787</ele>
        <time>2026-07-02T18:53:33+00:00</time>
      </trkpt>
      <trkpt lat="46.13133" lon="6.70384">
        <ele>1789</ele>
        <time>2026-07-02T18:53:36+00:00</time>
      </trkpt>
      <trkpt lat="46.13134" lon="6.70394">
        <ele>1795</ele>
        <time>2026-07-02T18:53:39+00:00</time>
      </trkpt>
      <trkpt lat="46.13136" lon="6.70413">
        <ele>1800</ele>
        <time>2026-07-02T18:53:42+00:00</time>
      </trkpt>
      <trkpt lat="46.13135" lon="6.70423">
        <ele>1803</ele>
        <time>2026-07-02T18:53:45+00:00</time>
      </trkpt>
      <trkpt lat="46.13134" lon="6.7043">
        <ele>1805</ele>
        <time>2026-07-02T18:53:48+00:00</time>
      </trkpt>
      <trkpt lat="46.13131" lon="6.70437">
        <ele>1805</ele>
        <time>2026-07-02T18:53:51+00:00</time>
      </trkpt>
      <trkpt lat="46.13128" lon="6.70442">
        <ele>1809</ele>
        <time>2026-07-02T18:53:54+00:00</time>
      </trkpt>
      <trkpt lat="46.13125" lon="6.70451">
        <ele>1811</ele>
        <time>2026-07-02T18:53:57+00:00</time>
      </trkpt>
      <trkpt lat="46.13121" lon="6.70456">
        <ele>1811</ele>
        <time>2026-07-02T18:54:00+00:00</time>
      </trkpt>
      <trkpt lat="46.13115" lon="6.70459">
        <ele>1811</ele>
        <time>2026-07-02T18:54:03+00:00</time>
      </trkpt>
      <trkpt lat="46.13112" lon="6.7046">
        <ele>1809</ele>
        <time>2026-07-02T18:54:06+00:00</time>
      </trkpt>
      <trkpt lat="46.13108" lon="6.70462">
        <ele>1809</ele>
        <time>2026-07-02T18:54:09+00:00</time>
      </trkpt>
      <trkpt lat="46.13105" lon="6.70461">
        <ele>1809</ele>
        <time>2026-07-02T18:54:12+00:00</time>
      </trkpt>
      <trkpt lat="46.1311" lon="6.70465">
        <ele>1809</ele>
        <time>2026-07-02T18:54:15+00:00</time>
      </trkpt>
      <trkpt lat="46.13117" lon="6.7047">
        <ele>1810</ele>
        <time>2026-07-02T18:54:18+00:00</time>
      </trkpt>
      <trkpt lat="46.1312" lon="6.70473">
        <ele>1810</ele>
        <time>2026-07-02T18:54:21+00:00</time>
      </trkpt>
      <trkpt lat="46.13123" lon="6.70474">
        <ele>1810</ele>
        <time>2026-07-02T18:54:24+00:00</time>
      </trkpt>
      <trkpt lat="46.13125" lon="6.70474">
        <ele>1810</ele>
        <time>2026-07-02T18:54:27+00:00</time>
      </trkpt>
      <trkpt lat="46.13129" lon="6.70472">
        <ele>1810</ele>
        <time>2026-07-02T18:54:30+00:00</time>
      </trkpt>
      <trkpt lat="46.13132" lon="6.70472">
        <ele>1811</ele>
        <time>2026-07-02T18:54:33+00:00</time>
      </trkpt>
      <trkpt lat="46.13135" lon="6.70475">
        <ele>1811</ele>
        <time>2026-07-02T18:54:36+00:00</time>
      </trkpt>
      <trkpt lat="46.13137" lon="6.7048">
        <ele>1811</ele>
        <time>2026-07-02T18:54:39+00:00</time>
      </trkpt>
      <trkpt lat="46.1314" lon="6.70482">
        <ele>1812</ele>
        <time>2026-07-02T18:54:42+00:00</time>
      </trkpt>
      <trkpt lat="46.13143" lon="6.70484">
        <ele>1812</ele>
        <time>2026-07-02T18:54:45+00:00</time>
      </trkpt>
      <trkpt lat="46.13144" lon="6.70486">
        <ele>1812</ele>
        <time>2026-07-02T18:54:48+00:00</time>
      </trkpt>
      <trkpt lat="46.13146" lon="6.7049">
        <ele>1813</ele>
        <time>2026-07-02T18:54:51+00:00</time>
      </trkpt>
      <trkpt lat="46.13148" lon="6.70494">
        <ele>1813</ele>
        <time>2026-07-02T18:54:54+00:00</time>
      </trkpt>
      <trkpt lat="46.13149" lon="6.70499">
        <ele>1813</ele>
        <time>2026-07-02T18:54:57+00:00</time>
      </trkpt>
      <trkpt lat="46.1315" lon="6.70503">
        <ele>1814</ele>
        <time>2026-07-02T18:55:00+00:00</time>
      </trkpt>
      <trkpt lat="46.13152" lon="6.70508">
        <ele>1815</ele>
        <time>2026-07-02T18:55:03+00:00</time>
      </trkpt>
      <trkpt lat="46.13154" lon="6.7051">
        <ele>1817</ele>
        <time>2026-07-02T18:55:06+00:00</time>
      </trkpt>
      <trkpt lat="46.13156" lon="6.70513">
        <ele>1817</ele>
        <time>2026-07-02T18:55:09+00:00</time>
      </trkpt>
      <trkpt lat="46.13158" lon="6.70515">
        <ele>1817</ele>
        <time>2026-07-02T18:55:12+00:00</time>
      </trkpt>
      <trkpt lat="46.13159" lon="6.70519">
        <ele>1817</ele>
        <time>2026-07-02T18:55:15+00:00</time>
      </trkpt>
      <trkpt lat="46.13161" lon="6.70521">
        <ele>1822</ele>
        <time>2026-07-02T18:55:18+00:00</time>
      </trkpt>
      <trkpt lat="46.13163" lon="6.70526">
        <ele>1822</ele>
        <time>2026-07-02T18:55:21+00:00</time>
      </trkpt>
      <trkpt lat="46.13164" lon="6.70531">
        <ele>1822</ele>
        <time>2026-07-02T18:55:24+00:00</time>
      </trkpt>
      <trkpt lat="46.13166" lon="6.70536">
        <ele>1822</ele>
        <time>2026-07-02T18:55:27+00:00</time>
      </trkpt>
      <trkpt lat="46.13167" lon="6.70538">
        <ele>1822</ele>
        <time>2026-07-02T18:55:30+00:00</time>
      </trkpt>
      <trkpt lat="46.13168" lon="6.7054">
        <ele>1822</ele>
        <time>2026-07-02T18:55:33+00:00</time>
      </trkpt>
      <trkpt lat="46.13168" lon="6.70543">
        <ele>1818</ele>
        <time>2026-07-02T18:55:36+00:00</time>
      </trkpt>
      <trkpt lat="46.13168" lon="6.70546">
        <ele>1822</ele>
        <time>2026-07-02T18:55:39+00:00</time>
      </trkpt>
      <trkpt lat="46.13169" lon="6.70551">
        <ele>1821</ele>
        <time>2026-07-02T18:55:42+00:00</time>
      </trkpt>
      <trkpt lat="46.1317" lon="6.70553">
        <ele>1821</ele>
        <time>2026-07-02T18:55:45+00:00</time>
      </trkpt>
      <trkpt lat="46.1317" lon="6.70555">
        <ele>1821</ele>
        <time>2026-07-02T18:55:48+00:00</time>
      </trkpt>
      <trkpt lat="46.1317" lon="6.70559">
        <ele>1821</ele>
        <time>2026-07-02T18:55:51+00:00</time>
      </trkpt>
      <trkpt lat="46.1317" lon="6.70563">
        <ele>1821</ele>
        <time>2026-07-02T18:55:54+00:00</time>
      </trkpt>
      <trkpt lat="46.13171" lon="6.70567">
        <ele>1821</ele>
        <time>2026-07-02T18:55:57+00:00</time>
      </trkpt>
      <trkpt lat="46.13172" lon="6.70571">
        <ele>1817</ele>
        <time>2026-07-02T18:56:00+00:00</time>
      </trkpt>
      <trkpt lat="46.13173" lon="6.70577">
        <ele>1819</ele>
        <time>2026-07-02T18:56:03+00:00</time>
      </trkpt>
      <trkpt lat="46.13173" lon="6.70583">
        <ele>1818</ele>
        <time>2026-07-02T18:56:06+00:00</time>
      </trkpt>
      <trkpt lat="46.13175" lon="6.70589">
        <ele>1818</ele>
        <time>2026-07-02T18:56:09+00:00</time>
      </trkpt>
      <trkpt lat="46.13174" lon="6.70594">
        <ele>1817</ele>
        <time>2026-07-02T18:56:12+00:00</time>
      </trkpt>
      <trkpt lat="46.13173" lon="6.70597">
        <ele>1817</ele>
        <time>2026-07-02T18:56:15+00:00</time>
      </trkpt>
      <trkpt lat="46.13172" lon="6.70599">
        <ele>1817</ele>
        <time>2026-07-02T18:56:18+00:00</time>
      </trkpt>
      <trkpt lat="46.13172" lon="6.706">
        <ele>1817</ele>
        <time>2026-07-02T18:56:21+00:00</time>
      </trkpt>
      <trkpt lat="46.13171" lon="6.70605">
        <ele>1816</ele>
        <time>2026-07-02T18:56:24+00:00</time>
      </trkpt>
      <trkpt lat="46.13172" lon="6.70612">
        <ele>1814</ele>
        <time>2026-07-02T18:56:27+00:00</time>
      </trkpt>
      <trkpt lat="46.13174" lon="6.7062">
        <ele>1813</ele>
        <time>2026-07-02T18:56:30+00:00</time>
      </trkpt>
      <trkpt lat="46.13179" lon="6.70634">
        <ele>1809</ele>
        <time>2026-07-02T18:56:33+00:00</time>
      </trkpt>
      <trkpt lat="46.1318" lon="6.70638">
        <ele>1809</ele>
        <time>2026-07-02T18:56:36+00:00</time>
      </trkpt>
      <trkpt lat="46.13182" lon="6.70641">
        <ele>1812</ele>
        <time>2026-07-02T18:56:39+00:00</time>
      </trkpt>
      <trkpt lat="46.13184" lon="6.70644">
        <ele>1812</ele>
        <time>2026-07-02T18:56:42+00:00</time>
      </trkpt>
      <trkpt lat="46.13185" lon="6.7065">
        <ele>1809</ele>
        <time>2026-07-02T18:56:45+00:00</time>
      </trkpt>
      <trkpt lat="46.13186" lon="6.70654">
        <ele>1809</ele>
        <time>2026-07-02T18:56:48+00:00</time>
      </trkpt>
      <trkpt lat="46.13187" lon="6.70659">
        <ele>1809</ele>
        <time>2026-07-02T18:56:51+00:00</time>
      </trkpt>
      <trkpt lat="46.13189" lon="6.70664">
        <ele>1806</ele>
        <time>2026-07-02T18:56:54+00:00</time>
      </trkpt>
      <trkpt lat="46.13189" lon="6.7067">
        <ele>1806</ele>
        <time>2026-07-02T18:56:57+00:00</time>
      </trkpt>
      <trkpt lat="46.13191" lon="6.70673">
        <ele>1808</ele>
        <time>2026-07-02T18:57:00+00:00</time>
      </trkpt>
      <trkpt lat="46.13193" lon="6.70678">
        <ele>1808</ele>
        <time>2026-07-02T18:57:03+00:00</time>
      </trkpt>
      <trkpt lat="46.13194" lon="6.70681">
        <ele>1805</ele>
        <time>2026-07-02T18:57:06+00:00</time>
      </trkpt>
      <trkpt lat="46.13196" lon="6.70684">
        <ele>1805</ele>
        <time>2026-07-02T18:57:09+00:00</time>
      </trkpt>
      <trkpt lat="46.13198" lon="6.70686">
        <ele>1805</ele>
        <time>2026-07-02T18:57:12+00:00</time>
      </trkpt>
      <trkpt lat="46.13199" lon="6.70691">
        <ele>1799</ele>
        <time>2026-07-02T18:57:15+00:00</time>
      </trkpt>
      <trkpt lat="46.13202" lon="6.70695">
        <ele>1805</ele>
        <time>2026-07-02T18:57:18+00:00</time>
      </trkpt>
      <trkpt lat="46.13203" lon="6.70698">
        <ele>1805</ele>
        <time>2026-07-02T18:57:21+00:00</time>
      </trkpt>
      <trkpt lat="46.13203" lon="6.70701">
        <ele>1802</ele>
        <time>2026-07-02T18:57:24+00:00</time>
      </trkpt>
      <trkpt lat="46.13203" lon="6.70706">
        <ele>1802</ele>
        <time>2026-07-02T18:57:27+00:00</time>
      </trkpt>
      <trkpt lat="46.13204" lon="6.70709">
        <ele>1802</ele>
        <time>2026-07-02T18:57:30+00:00</time>
      </trkpt>
      <trkpt lat="46.13204" lon="6.70713">
        <ele>1799</ele>
        <time>2026-07-02T18:57:33+00:00</time>
      </trkpt>
      <trkpt lat="46.13206" lon="6.70715">
        <ele>1799</ele>
        <time>2026-07-02T18:57:36+00:00</time>
      </trkpt>
      <trkpt lat="46.13206" lon="6.70717">
        <ele>1799</ele>
        <time>2026-07-02T18:57:39+00:00</time>
      </trkpt>
      <trkpt lat="46.13208" lon="6.70718">
        <ele>1799</ele>
        <time>2026-07-02T18:57:42+00:00</time>
      </trkpt>
      <trkpt lat="46.13209" lon="6.70721">
        <ele>1796</ele>
        <time>2026-07-02T18:57:45+00:00</time>
      </trkpt>
      <trkpt lat="46.13211" lon="6.70721">
        <ele>1801</ele>
        <time>2026-07-02T18:57:48+00:00</time>
      </trkpt>
      <trkpt lat="46.13212" lon="6.70731">
        <ele>1799</ele>
        <time>2026-07-02T18:57:51+00:00</time>
      </trkpt>
      <trkpt lat="46.13214" lon="6.70732">
        <ele>1799</ele>
        <time>2026-07-02T18:57:54+00:00</time>
      </trkpt>
      <trkpt lat="46.13215" lon="6.70734">
        <ele>1799</ele>
        <time>2026-07-02T18:57:57+00:00</time>
      </trkpt>
      <trkpt lat="46.13215" lon="6.70737">
        <ele>1799</ele>
        <time>2026-07-02T18:58:00+00:00</time>
      </trkpt>
      <trkpt lat="46.13217" lon="6.70741">
        <ele>1796</ele>
        <time>2026-07-02T18:58:03+00:00</time>
      </trkpt>
      <trkpt lat="46.13219" lon="6.70744">
        <ele>1796</ele>
        <time>2026-07-02T18:58:06+00:00</time>
      </trkpt>
      <trkpt lat="46.13221" lon="6.70748">
        <ele>1797</ele>
        <time>2026-07-02T18:58:09+00:00</time>
      </trkpt>
      <trkpt lat="46.1322" lon="6.70754">
        <ele>1794</ele>
        <time>2026-07-02T18:58:12+00:00</time>
      </trkpt>
      <trkpt lat="46.13219" lon="6.70758">
        <ele>1791</ele>
        <time>2026-07-02T18:58:15+00:00</time>
      </trkpt>
      <trkpt lat="46.13218" lon="6.70762">
        <ele>1787</ele>
        <time>2026-07-02T18:58:18+00:00</time>
      </trkpt>
      <trkpt lat="46.13218" lon="6.70766">
        <ele>1787</ele>
        <time>2026-07-02T18:58:21+00:00</time>
      </trkpt>
      <trkpt lat="46.13219" lon="6.70769">
        <ele>1787</ele>
        <time>2026-07-02T18:58:24+00:00</time>
      </trkpt>
      <trkpt lat="46.13221" lon="6.70769">
        <ele>1792</ele>
        <time>2026-07-02T18:58:27+00:00</time>
      </trkpt>
      <trkpt lat="46.13221" lon="6.70771">
        <ele>1789</ele>
        <time>2026-07-02T18:58:30+00:00</time>
      </trkpt>
      <trkpt lat="46.13221" lon="6.70775">
        <ele>1789</ele>
        <time>2026-07-02T18:58:33+00:00</time>
      </trkpt>
      <trkpt lat="46.1322" lon="6.70779">
        <ele>1784</ele>
        <time>2026-07-02T18:58:36+00:00</time>
      </trkpt>
      <trkpt lat="46.13219" lon="6.70785">
        <ele>1781</ele>
        <time>2026-07-02T18:58:39+00:00</time>
      </trkpt>
      <trkpt lat="46.13217" lon="6.70792">
        <ele>1778</ele>
        <time>2026-07-02T18:58:42+00:00</time>
      </trkpt>
      <trkpt lat="46.13216" lon="6.70797">
        <ele>1778</ele>
        <time>2026-07-02T18:58:45+00:00</time>
      </trkpt>
      <trkpt lat="46.13216" lon="6.70801">
        <ele>1775</ele>
        <time>2026-07-02T18:58:48+00:00</time>
      </trkpt>
      <trkpt lat="46.13217" lon="6.70803">
        <ele>1775</ele>
        <time>2026-07-02T18:58:51+00:00</time>
      </trkpt>
      <trkpt lat="46.13217" lon="6.70808">
        <ele>1775</ele>
        <time>2026-07-02T18:58:54+00:00</time>
      </trkpt>
      <trkpt lat="46.13217" lon="6.70811">
        <ele>1768</ele>
        <time>2026-07-02T18:58:57+00:00</time>
      </trkpt>
      <trkpt lat="46.13215" lon="6.7081">
        <ele>1775</ele>
        <time>2026-07-02T18:59:00+00:00</time>
      </trkpt>
      <trkpt lat="46.13212" lon="6.70807">
        <ele>1775</ele>
        <time>2026-07-02T18:59:03+00:00</time>
      </trkpt>
      <trkpt lat="46.13211" lon="6.70805">
        <ele>1775</ele>
        <time>2026-07-02T18:59:06+00:00</time>
      </trkpt>
      <trkpt lat="46.1321" lon="6.70802">
        <ele>1775</ele>
        <time>2026-07-02T18:59:09+00:00</time>
      </trkpt>
      <trkpt lat="46.13209" lon="6.70802">
        <ele>1767</ele>
        <time>2026-07-02T18:59:12+00:00</time>
      </trkpt>
      <trkpt lat="46.13208" lon="6.70803">
        <ele>1767</ele>
        <time>2026-07-02T18:59:15+00:00</time>
      </trkpt>
      <trkpt lat="46.13207" lon="6.70802">
        <ele>1767</ele>
        <time>2026-07-02T18:59:18+00:00</time>
      </trkpt>
      <trkpt lat="46.13205" lon="6.70798">
        <ele>1770</ele>
        <time>2026-07-02T18:59:21+00:00</time>
      </trkpt>
      <trkpt lat="46.13204" lon="6.70796">
        <ele>1770</ele>
        <time>2026-07-02T18:59:24+00:00</time>
      </trkpt>
      <trkpt lat="46.13202" lon="6.70793">
        <ele>1770</ele>
        <time>2026-07-02T18:59:27+00:00</time>
      </trkpt>
      <trkpt lat="46.13201" lon="6.70793">
        <ele>1770</ele>
        <time>2026-07-02T18:59:30+00:00</time>
      </trkpt>
      <trkpt lat="46.13201" lon="6.70795">
        <ele>1770</ele>
        <time>2026-07-02T18:59:33+00:00</time>
      </trkpt>
      <trkpt lat="46.13201" lon="6.70795">
        <ele>1770</ele>
        <time>2026-07-02T18:59:36+00:00</time>
      </trkpt>
      <trkpt lat="46.132" lon="6.70794">
        <ele>1770</ele>
        <time>2026-07-02T18:59:39+00:00</time>
      </trkpt>
      <trkpt lat="46.132" lon="6.70793">
        <ele>1761</ele>
        <time>2026-07-02T18:59:42+00:00</time>
      </trkpt>
      <trkpt lat="46.13199" lon="6.70792">
        <ele>1761</ele>
        <time>2026-07-02T18:59:45+00:00</time>
      </trkpt>
      <trkpt lat="46.13197" lon="6.70794">
        <ele>1761</ele>
        <time>2026-07-02T18:59:48+00:00</time>
      </trkpt>
      <trkpt lat="46.13196" lon="6.70794">
        <ele>1761</ele>
        <time>2026-07-02T18:59:51+00:00</time>
      </trkpt>
      <trkpt lat="46.13197" lon="6.70792">
        <ele>1761</ele>
        <time>2026-07-02T18:59:54+00:00</time>
      </trkpt>
      <trkpt lat="46.13197" lon="6.7079">
        <ele>1761</ele>
        <time>2026-07-02T18:59:57+00:00</time>
      </trkpt>
      <trkpt lat="46.13196" lon="6.7079">
        <ele>1761</ele>
        <time>2026-07-02T19:00:00+00:00</time>
      </trkpt>
      <trkpt lat="46.13194" lon="6.7079">
        <ele>1765</ele>
        <time>2026-07-02T19:00:03+00:00</time>
      </trkpt>
      <trkpt lat="46.13193" lon="6.70787">
        <ele>1765</ele>
        <time>2026-07-02T19:00:06+00:00</time>
      </trkpt>
      <trkpt lat="46.13193" lon="6.70784">
        <ele>1765</ele>
        <time>2026-07-02T19:00:09+00:00</time>
      </trkpt>
      <trkpt lat="46.13191" lon="6.70782">
        <ele>1765</ele>
        <time>2026-07-02T19:00:12+00:00</time>
      </trkpt>
      <trkpt lat="46.1319" lon="6.70783">
        <ele>1765</ele>
        <time>2026-07-02T19:00:15+00:00</time>
      </trkpt>
      <trkpt lat="46.13189" lon="6.70781">
        <ele>1756</ele>
        <time>2026-07-02T19:00:18+00:00</time>
      </trkpt>
      <trkpt lat="46.13188" lon="6.70779">
        <ele>1759</ele>
        <time>2026-07-02T19:00:21+00:00</time>
      </trkpt>
      <trkpt lat="46.13186" lon="6.70778">
        <ele>1759</ele>
        <time>2026-07-02T19:00:24+00:00</time>
      </trkpt>
      <trkpt lat="46.13185" lon="6.70777">
        <ele>1759</ele>
        <time>2026-07-02T19:00:27+00:00</time>
      </trkpt>
      <trkpt lat="46.13184" lon="6.70776">
        <ele>1759</ele>
        <time>2026-07-02T19:00:30+00:00</time>
      </trkpt>
      <trkpt lat="46.13183" lon="6.70778">
        <ele>1759</ele>
        <time>2026-07-02T19:00:33+00:00</time>
      </trkpt>
      <trkpt lat="46.13184" lon="6.70781">
        <ele>1756</ele>
        <time>2026-07-02T19:00:36+00:00</time>
      </trkpt>
      <trkpt lat="46.13186" lon="6.70786">
        <ele>1766</ele>
        <time>2026-07-02T19:00:39+00:00</time>
      </trkpt>
      <trkpt lat="46.13186" lon="6.70789">
        <ele>1756</ele>
        <time>2026-07-02T19:00:42+00:00</time>
      </trkpt>
      <trkpt lat="46.1319" lon="6.70794">
        <ele>1753</ele>
        <time>2026-07-02T19:00:45+00:00</time>
      </trkpt>
      <trkpt lat="46.13192" lon="6.70796">
        <ele>1761</ele>
        <time>2026-07-02T19:00:48+00:00</time>
      </trkpt>
      <trkpt lat="46.13194" lon="6.70797">
        <ele>1761</ele>
        <time>2026-07-02T19:00:51+00:00</time>
      </trkpt>
      <trkpt lat="46.13195" lon="6.708">
        <ele>1758</ele>
        <time>2026-07-02T19:00:54+00:00</time>
      </trkpt>
      <trkpt lat="46.13197" lon="6.70801">
        <ele>1758</ele>
        <time>2026-07-02T19:00:57+00:00</time>
      </trkpt>
      <trkpt lat="46.13198" lon="6.70803">
        <ele>1758</ele>
        <time>2026-07-02T19:01:00+00:00</time>
      </trkpt>
      <trkpt lat="46.132" lon="6.70808">
        <ele>1766</ele>
        <time>2026-07-02T19:01:03+00:00</time>
      </trkpt>
      <trkpt lat="46.13202" lon="6.7081">
        <ele>1761</ele>
        <time>2026-07-02T19:01:06+00:00</time>
      </trkpt>
      <trkpt lat="46.13203" lon="6.70812">
        <ele>1761</ele>
        <time>2026-07-02T19:01:09+00:00</time>
      </trkpt>
      <trkpt lat="46.13205" lon="6.70817">
        <ele>1761</ele>
        <time>2026-07-02T19:01:12+00:00</time>
      </trkpt>
      <trkpt lat="46.13207" lon="6.70823">
        <ele>1759</ele>
        <time>2026-07-02T19:01:15+00:00</time>
      </trkpt>
      <trkpt lat="46.13209" lon="6.70828">
        <ele>1759</ele>
        <time>2026-07-02T19:01:18+00:00</time>
      </trkpt>
      <trkpt lat="46.13211" lon="6.70835">
        <ele>1766</ele>
        <time>2026-07-02T19:01:21+00:00</time>
      </trkpt>
      <trkpt lat="46.13213" lon="6.7084">
        <ele>1764</ele>
        <time>2026-07-02T19:01:24+00:00</time>
      </trkpt>
      <trkpt lat="46.13216" lon="6.70844">
        <ele>1764</ele>
        <time>2026-07-02T19:01:27+00:00</time>
      </trkpt>
      <trkpt lat="46.13218" lon="6.70849">
        <ele>1764</ele>
        <time>2026-07-02T19:01:30+00:00</time>
      </trkpt>
      <trkpt lat="46.13219" lon="6.70854">
        <ele>1761</ele>
        <time>2026-07-02T19:01:33+00:00</time>
      </trkpt>
      <trkpt lat="46.13221" lon="6.70857">
        <ele>1769</ele>
        <time>2026-07-02T19:01:36+00:00</time>
      </trkpt>
      <trkpt lat="46.1322" lon="6.70862">
        <ele>1765</ele>
        <time>2026-07-02T19:01:39+00:00</time>
      </trkpt>
      <trkpt lat="46.1322" lon="6.70868">
        <ele>1767</ele>
        <time>2026-07-02T19:01:42+00:00</time>
      </trkpt>
      <trkpt lat="46.13221" lon="6.70874">
        <ele>1765</ele>
        <time>2026-07-02T19:01:45+00:00</time>
      </trkpt>
      <trkpt lat="46.13221" lon="6.70877">
        <ele>1765</ele>
        <time>2026-07-02T19:01:48+00:00</time>
      </trkpt>
      <trkpt lat="46.13222" lon="6.70881">
        <ele>1765</ele>
        <time>2026-07-02T19:01:51+00:00</time>
      </trkpt>
      <trkpt lat="46.13223" lon="6.70884">
        <ele>1765</ele>
        <time>2026-07-02T19:01:54+00:00</time>
      </trkpt>
      <trkpt lat="46.13223" lon="6.70888">
        <ele>1765</ele>
        <time>2026-07-02T19:01:57+00:00</time>
      </trkpt>
      <trkpt lat="46.13224" lon="6.70892">
        <ele>1765</ele>
        <time>2026-07-02T19:02:00+00:00</time>
      </trkpt>
      <trkpt lat="46.13223" lon="6.70895">
        <ele>1765</ele>
        <time>2026-07-02T19:02:03+00:00</time>
      </trkpt>
      <trkpt lat="46.13223" lon="6.70902">
        <ele>1766</ele>
        <time>2026-07-02T19:02:06+00:00</time>
      </trkpt>
      <trkpt lat="46.13223" lon="6.70906">
        <ele>1766</ele>
        <time>2026-07-02T19:02:09+00:00</time>
      </trkpt>
      <trkpt lat="46.13224" lon="6.70912">
        <ele>1767</ele>
        <time>2026-07-02T19:02:12+00:00</time>
      </trkpt>
      <trkpt lat="46.13226" lon="6.70917">
        <ele>1764</ele>
        <time>2026-07-02T19:02:15+00:00</time>
      </trkpt>
      <trkpt lat="46.13226" lon="6.70923">
        <ele>1767</ele>
        <time>2026-07-02T19:02:18+00:00</time>
      </trkpt>
      <trkpt lat="46.13226" lon="6.70929">
        <ele>1767</ele>
        <time>2026-07-02T19:02:21+00:00</time>
      </trkpt>
      <trkpt lat="46.13226" lon="6.70936">
        <ele>1765</ele>
        <time>2026-07-02T19:02:24+00:00</time>
      </trkpt>
      <trkpt lat="46.13225" lon="6.70944">
        <ele>1764</ele>
        <time>2026-07-02T19:02:27+00:00</time>
      </trkpt>
      <trkpt lat="46.13225" lon="6.70949">
        <ele>1763</ele>
        <time>2026-07-02T19:02:30+00:00</time>
      </trkpt>
      <trkpt lat="46.13226" lon="6.70953">
        <ele>1763</ele>
        <time>2026-07-02T19:02:33+00:00</time>
      </trkpt>
      <trkpt lat="46.13227" lon="6.70957">
        <ele>1763</ele>
        <time>2026-07-02T19:02:36+00:00</time>
      </trkpt>
      <trkpt lat="46.13226" lon="6.70961">
        <ele>1764</ele>
        <time>2026-07-02T19:02:39+00:00</time>
      </trkpt>
      <trkpt lat="46.13226" lon="6.70965">
        <ele>1764</ele>
        <time>2026-07-02T19:02:42+00:00</time>
      </trkpt>
      <trkpt lat="46.13227" lon="6.70966">
        <ele>1764</ele>
        <time>2026-07-02T19:02:45+00:00</time>
      </trkpt>
      <trkpt lat="46.13229" lon="6.70965">
        <ele>1764</ele>
        <time>2026-07-02T19:02:48+00:00</time>
      </trkpt>
      <trkpt lat="46.13231" lon="6.70965">
        <ele>1764</ele>
        <time>2026-07-02T19:02:51+00:00</time>
      </trkpt>
      <trkpt lat="46.13232" lon="6.70967">
        <ele>1764</ele>
        <time>2026-07-02T19:02:54+00:00</time>
      </trkpt>
      <trkpt lat="46.13231" lon="6.70969">
        <ele>1764</ele>
        <time>2026-07-02T19:02:57+00:00</time>
      </trkpt>
      <trkpt lat="46.13231" lon="6.70971">
        <ele>1765</ele>
        <time>2026-07-02T19:03:00+00:00</time>
      </trkpt>
      <trkpt lat="46.13231" lon="6.70973">
        <ele>1765</ele>
        <time>2026-07-02T19:03:03+00:00</time>
      </trkpt>
      <trkpt lat="46.13229" lon="6.70976">
        <ele>1764</ele>
        <time>2026-07-02T19:03:06+00:00</time>
      </trkpt>
      <trkpt lat="46.13228" lon="6.70977">
        <ele>1764</ele>
        <time>2026-07-02T19:03:09+00:00</time>
      </trkpt>
      <trkpt lat="46.13228" lon="6.7098">
        <ele>1764</ele>
        <time>2026-07-02T19:03:12+00:00</time>
      </trkpt>
      <trkpt lat="46.13229" lon="6.70983">
        <ele>1764</ele>
        <time>2026-07-02T19:03:15+00:00</time>
      </trkpt>
      <trkpt lat="46.13228" lon="6.70985">
        <ele>1764</ele>
        <time>2026-07-02T19:03:18+00:00</time>
      </trkpt>
      <trkpt lat="46.13226" lon="6.70984">
        <ele>1764</ele>
        <time>2026-07-02T19:03:21+00:00</time>
      </trkpt>
      <trkpt lat="46.13225" lon="6.70982">
        <ele>1764</ele>
        <time>2026-07-02T19:03:24+00:00</time>
      </trkpt>
      <trkpt lat="46.13224" lon="6.70981">
        <ele>1764</ele>
        <time>2026-07-02T19:03:27+00:00</time>
      </trkpt>
      <trkpt lat="46.13224" lon="6.70983">
        <ele>1764</ele>
        <time>2026-07-02T19:03:30+00:00</time>
      </trkpt>
      <trkpt lat="46.13224" lon="6.70986">
        <ele>1764</ele>
        <time>2026-07-02T19:03:33+00:00</time>
      </trkpt>
      <trkpt lat="46.13225" lon="6.70987">
        <ele>1764</ele>
        <time>2026-07-02T19:03:36+00:00</time>
      </trkpt>
      <trkpt lat="46.13226" lon="6.70989">
        <ele>1764</ele>
        <time>2026-07-02T19:03:39+00:00</time>
      </trkpt>
      <trkpt lat="46.13225" lon="6.7099">
        <ele>1764</ele>
        <time>2026-07-02T19:03:42+00:00</time>
      </trkpt>
      <trkpt lat="46.13224" lon="6.70989">
        <ele>1764</ele>
        <time>2026-07-02T19:03:45+00:00</time>
      </trkpt>
      <trkpt lat="46.13223" lon="6.70988">
        <ele>1764</ele>
        <time>2026-07-02T19:03:48+00:00</time>
      </trkpt>
      <trkpt lat="46.13222" lon="6.70987">
        <ele>1764</ele>
        <time>2026-07-02T19:03:51+00:00</time>
      </trkpt>
      <trkpt lat="46.13222" lon="6.70989">
        <ele>1764</ele>
        <time>2026-07-02T19:03:54+00:00</time>
      </trkpt>
      <trkpt lat="46.13222" lon="6.70991">
        <ele>1760</ele>
        <time>2026-07-02T19:03:57+00:00</time>
      </trkpt>
      <trkpt lat="46.13223" lon="6.70994">
        <ele>1760</ele>
        <time>2026-07-02T19:04:00+00:00</time>
      </trkpt>
      <trkpt lat="46.13223" lon="6.70996">
        <ele>1760</ele>
        <time>2026-07-02T19:04:03+00:00</time>
      </trkpt>
      <trkpt lat="46.13224" lon="6.70998">
        <ele>1760</ele>
        <time>2026-07-02T19:04:06+00:00</time>
      </trkpt>
      <trkpt lat="46.13223" lon="6.70999">
        <ele>1760</ele>
        <time>2026-07-02T19:04:09+00:00</time>
      </trkpt>
      <trkpt lat="46.13222" lon="6.70998">
        <ele>1760</ele>
        <time>2026-07-02T19:04:12+00:00</time>
      </trkpt>
      <trkpt lat="46.13221" lon="6.70998">
        <ele>1760</ele>
        <time>2026-07-02T19:04:15+00:00</time>
      </trkpt>
      <trkpt lat="46.13222" lon="6.71001">
        <ele>1757</ele>
        <time>2026-07-02T19:04:18+00:00</time>
      </trkpt>
      <trkpt lat="46.13222" lon="6.71002">
        <ele>1757</ele>
        <time>2026-07-02T19:04:21+00:00</time>
      </trkpt>
      <trkpt lat="46.13223" lon="6.71004">
        <ele>1757</ele>
        <time>2026-07-02T19:04:24+00:00</time>
      </trkpt>
      <trkpt lat="46.13223" lon="6.71006">
        <ele>1757</ele>
        <time>2026-07-02T19:04:27+00:00</time>
      </trkpt>
      <trkpt lat="46.13222" lon="6.71006">
        <ele>1757</ele>
        <time>2026-07-02T19:04:30+00:00</time>
      </trkpt>
      <trkpt lat="46.13221" lon="6.71006">
        <ele>1757</ele>
        <time>2026-07-02T19:04:33+00:00</time>
      </trkpt>
      <trkpt lat="46.13218" lon="6.71006">
        <ele>1749</ele>
        <time>2026-07-02T19:04:36+00:00</time>
      </trkpt>
      <trkpt lat="46.13218" lon="6.71008">
        <ele>1749</ele>
        <time>2026-07-02T19:04:39+00:00</time>
      </trkpt>
      <trkpt lat="46.13219" lon="6.7101">
        <ele>1747</ele>
        <time>2026-07-02T19:04:42+00:00</time>
      </trkpt>
      <trkpt lat="46.1322" lon="6.71013">
        <ele>1754</ele>
        <time>2026-07-02T19:04:45+00:00</time>
      </trkpt>
      <trkpt lat="46.13222" lon="6.71015">
        <ele>1754</ele>
        <time>2026-07-02T19:04:48+00:00</time>
      </trkpt>
      <trkpt lat="46.13225" lon="6.71018">
        <ele>1754</ele>
        <time>2026-07-02T19:04:51+00:00</time>
      </trkpt>
      <trkpt lat="46.13227" lon="6.71019">
        <ele>1754</ele>
        <time>2026-07-02T19:04:54+00:00</time>
      </trkpt>
      <trkpt lat="46.13229" lon="6.7102">
        <ele>1754</ele>
        <time>2026-07-02T19:04:57+00:00</time>
      </trkpt>
      <trkpt lat="46.13229" lon="6.71021">
        <ele>1750</ele>
        <time>2026-07-02T19:05:00+00:00</time>
      </trkpt>
      <trkpt lat="46.13226" lon="6.71023">
        <ele>1750</ele>
        <time>2026-07-02T19:05:03+00:00</time>
      </trkpt>
      <trkpt lat="46.13224" lon="6.71023">
        <ele>1750</ele>
        <time>2026-07-02T19:05:06+00:00</time>
      </trkpt>
      <trkpt lat="46.13222" lon="6.71024">
        <ele>1750</ele>
        <time>2026-07-02T19:05:09+00:00</time>
      </trkpt>
      <trkpt lat="46.13223" lon="6.71026">
        <ele>1750</ele>
        <time>2026-07-02T19:05:12+00:00</time>
      </trkpt>
      <trkpt lat="46.13226" lon="6.71027">
        <ele>1750</ele>
        <time>2026-07-02T19:05:15+00:00</time>
      </trkpt>
      <trkpt lat="46.13229" lon="6.71027">
        <ele>1750</ele>
        <time>2026-07-02T19:05:18+00:00</time>
      </trkpt>
      <trkpt lat="46.13232" lon="6.71028">
        <ele>1751</ele>
        <time>2026-07-02T19:05:21+00:00</time>
      </trkpt>
      <trkpt lat="46.13234" lon="6.71029">
        <ele>1751</ele>
        <time>2026-07-02T19:05:24+00:00</time>
      </trkpt>
      <trkpt lat="46.13235" lon="6.7103">
        <ele>1751</ele>
        <time>2026-07-02T19:05:27+00:00</time>
      </trkpt>
      <trkpt lat="46.13233" lon="6.71031">
        <ele>1747</ele>
        <time>2026-07-02T19:05:30+00:00</time>
      </trkpt>
      <trkpt lat="46.1323" lon="6.71034">
        <ele>1747</ele>
        <time>2026-07-02T19:05:33+00:00</time>
      </trkpt>
      <trkpt lat="46.13228" lon="6.71036">
        <ele>1747</ele>
        <time>2026-07-02T19:05:36+00:00</time>
      </trkpt>
      <trkpt lat="46.13226" lon="6.71038">
        <ele>1747</ele>
        <time>2026-07-02T19:05:39+00:00</time>
      </trkpt>
      <trkpt lat="46.13226" lon="6.71039">
        <ele>1747</ele>
        <time>2026-07-02T19:05:42+00:00</time>
      </trkpt>
      <trkpt lat="46.13229" lon="6.71039">
        <ele>1747</ele>
        <time>2026-07-02T19:05:45+00:00</time>
      </trkpt>
      <trkpt lat="46.13232" lon="6.7104">
        <ele>1747</ele>
        <time>2026-07-02T19:05:48+00:00</time>
      </trkpt>
      <trkpt lat="46.13236" lon="6.7104">
        <ele>1744</ele>
        <time>2026-07-02T19:05:51+00:00</time>
      </trkpt>
      <trkpt lat="46.13237" lon="6.71041">
        <ele>1744</ele>
        <time>2026-07-02T19:05:54+00:00</time>
      </trkpt>
      <trkpt lat="46.13236" lon="6.71043">
        <ele>1744</ele>
        <time>2026-07-02T19:05:57+00:00</time>
      </trkpt>
      <trkpt lat="46.13233" lon="6.71046">
        <ele>1744</ele>
        <time>2026-07-02T19:06:00+00:00</time>
      </trkpt>
      <trkpt lat="46.1323" lon="6.71049">
        <ele>1743</ele>
        <time>2026-07-02T19:06:03+00:00</time>
      </trkpt>
      <trkpt lat="46.13227" lon="6.7105">
        <ele>1740</ele>
        <time>2026-07-02T19:06:06+00:00</time>
      </trkpt>
      <trkpt lat="46.13227" lon="6.71052">
        <ele>1740</ele>
        <time>2026-07-02T19:06:09+00:00</time>
      </trkpt>
      <trkpt lat="46.1323" lon="6.71052">
        <ele>1740</ele>
        <time>2026-07-02T19:06:12+00:00</time>
      </trkpt>
      <trkpt lat="46.13234" lon="6.71053">
        <ele>1740</ele>
        <time>2026-07-02T19:06:15+00:00</time>
      </trkpt>
      <trkpt lat="46.13238" lon="6.71054">
        <ele>1740</ele>
        <time>2026-07-02T19:06:18+00:00</time>
      </trkpt>
      <trkpt lat="46.13239" lon="6.71054">
        <ele>1740</ele>
        <time>2026-07-02T19:06:21+00:00</time>
      </trkpt>
      <trkpt lat="46.13239" lon="6.71057">
        <ele>1740</ele>
        <time>2026-07-02T19:06:24+00:00</time>
      </trkpt>
      <trkpt lat="46.13237" lon="6.71061">
        <ele>1733</ele>
        <time>2026-07-02T19:06:27+00:00</time>
      </trkpt>
      <trkpt lat="46.13235" lon="6.71066">
        <ele>1733</ele>
        <time>2026-07-02T19:06:30+00:00</time>
      </trkpt>
      <trkpt lat="46.13235" lon="6.71067">
        <ele>1733</ele>
        <time>2026-07-02T19:06:33+00:00</time>
      </trkpt>
      <trkpt lat="46.13237" lon="6.71068">
        <ele>1733</ele>
        <time>2026-07-02T19:06:36+00:00</time>
      </trkpt>
      <trkpt lat="46.13239" lon="6.71066">
        <ele>1733</ele>
        <time>2026-07-02T19:06:39+00:00</time>
      </trkpt>
      <trkpt lat="46.13241" lon="6.71065">
        <ele>1732</ele>
        <time>2026-07-02T19:06:42+00:00</time>
      </trkpt>
      <trkpt lat="46.13243" lon="6.71064">
        <ele>1732</ele>
        <time>2026-07-02T19:06:45+00:00</time>
      </trkpt>
      <trkpt lat="46.13243" lon="6.71065">
        <ele>1732</ele>
        <time>2026-07-02T19:06:48+00:00</time>
      </trkpt>
      <trkpt lat="46.13241" lon="6.71068">
        <ele>1732</ele>
        <time>2026-07-02T19:06:51+00:00</time>
      </trkpt>
      <trkpt lat="46.13238" lon="6.71072">
        <ele>1730</ele>
        <time>2026-07-02T19:06:54+00:00</time>
      </trkpt>
      <trkpt lat="46.13236" lon="6.71075">
        <ele>1730</ele>
        <time>2026-07-02T19:06:57+00:00</time>
      </trkpt>
      <trkpt lat="46.13233" lon="6.71078">
        <ele>1730</ele>
        <time>2026-07-02T19:07:00+00:00</time>
      </trkpt>
      <trkpt lat="46.13234" lon="6.7108">
        <ele>1730</ele>
        <time>2026-07-02T19:07:03+00:00</time>
      </trkpt>
      <trkpt lat="46.13236" lon="6.71079">
        <ele>1730</ele>
        <time>2026-07-02T19:07:06+00:00</time>
      </trkpt>
      <trkpt lat="46.13238" lon="6.71079">
        <ele>1730</ele>
        <time>2026-07-02T19:07:09+00:00</time>
      </trkpt>
      <trkpt lat="46.13237" lon="6.71081">
        <ele>1726</ele>
        <time>2026-07-02T19:07:12+00:00</time>
      </trkpt>
      <trkpt lat="46.13234" lon="6.71083">
        <ele>1726</ele>
        <time>2026-07-02T19:07:15+00:00</time>
      </trkpt>
      <trkpt lat="46.13231" lon="6.71085">
        <ele>1726</ele>
        <time>2026-07-02T19:07:18+00:00</time>
      </trkpt>
      <trkpt lat="46.13227" lon="6.71087">
        <ele>1727</ele>
        <time>2026-07-02T19:07:21+00:00</time>
      </trkpt>
      <trkpt lat="46.13223" lon="6.71089">
        <ele>1727</ele>
        <time>2026-07-02T19:07:24+00:00</time>
      </trkpt>
      <trkpt lat="46.13223" lon="6.7109">
        <ele>1727</ele>
        <time>2026-07-02T19:07:27+00:00</time>
      </trkpt>
      <trkpt lat="46.13226" lon="6.7109">
        <ele>1724</ele>
        <time>2026-07-02T19:07:30+00:00</time>
      </trkpt>
      <trkpt lat="46.13232" lon="6.7109">
        <ele>1723</ele>
        <time>2026-07-02T19:07:33+00:00</time>
      </trkpt>
      <trkpt lat="46.13234" lon="6.7109">
        <ele>1723</ele>
        <time>2026-07-02T19:07:36+00:00</time>
      </trkpt>
      <trkpt lat="46.1324" lon="6.71088">
        <ele>1724</ele>
        <time>2026-07-02T19:07:39+00:00</time>
      </trkpt>
      <trkpt lat="46.13244" lon="6.71086">
        <ele>1724</ele>
        <time>2026-07-02T19:07:42+00:00</time>
      </trkpt>
      <trkpt lat="46.13249" lon="6.71086">
        <ele>1724</ele>
        <time>2026-07-02T19:07:45+00:00</time>
      </trkpt>
      <trkpt lat="46.1325" lon="6.71086">
        <ele>1724</ele>
        <time>2026-07-02T19:07:48+00:00</time>
      </trkpt>
      <trkpt lat="46.13249" lon="6.71088">
        <ele>1724</ele>
        <time>2026-07-02T19:07:51+00:00</time>
      </trkpt>
      <trkpt lat="46.13246" lon="6.71092">
        <ele>1721</ele>
        <time>2026-07-02T19:07:54+00:00</time>
      </trkpt>
      <trkpt lat="46.13243" lon="6.71097">
        <ele>1721</ele>
        <time>2026-07-02T19:07:57+00:00</time>
      </trkpt>
      <trkpt lat="46.13241" lon="6.71103">
        <ele>1717</ele>
        <time>2026-07-02T19:08:00+00:00</time>
      </trkpt>
      <trkpt lat="46.13241" lon="6.71104">
        <ele>1717</ele>
        <time>2026-07-02T19:08:03+00:00</time>
      </trkpt>
      <trkpt lat="46.13246" lon="6.71102">
        <ele>1717</ele>
        <time>2026-07-02T19:08:06+00:00</time>
      </trkpt>
      <trkpt lat="46.13253" lon="6.71102">
        <ele>1715</ele>
        <time>2026-07-02T19:08:09+00:00</time>
      </trkpt>
      <trkpt lat="46.1326" lon="6.71102">
        <ele>1715</ele>
        <time>2026-07-02T19:08:12+00:00</time>
      </trkpt>
      <trkpt lat="46.13264" lon="6.71104">
        <ele>1714</ele>
        <time>2026-07-02T19:08:15+00:00</time>
      </trkpt>
      <trkpt lat="46.13268" lon="6.71103">
        <ele>1714</ele>
        <time>2026-07-02T19:08:18+00:00</time>
      </trkpt>
      <trkpt lat="46.13272" lon="6.71102">
        <ele>1712</ele>
        <time>2026-07-02T19:08:21+00:00</time>
      </trkpt>
      <trkpt lat="46.13274" lon="6.71104">
        <ele>1712</ele>
        <time>2026-07-02T19:08:24+00:00</time>
      </trkpt>
      <trkpt lat="46.13277" lon="6.71107">
        <ele>1712</ele>
        <time>2026-07-02T19:08:27+00:00</time>
      </trkpt>
      <trkpt lat="46.1328" lon="6.71108">
        <ele>1708</ele>
        <time>2026-07-02T19:08:30+00:00</time>
      </trkpt>
      <trkpt lat="46.13285" lon="6.71108">
        <ele>1708</ele>
        <time>2026-07-02T19:08:33+00:00</time>
      </trkpt>
      <trkpt lat="46.13287" lon="6.7111">
        <ele>1708</ele>
        <time>2026-07-02T19:08:36+00:00</time>
      </trkpt>
      <trkpt lat="46.13289" lon="6.71114">
        <ele>1707</ele>
        <time>2026-07-02T19:08:39+00:00</time>
      </trkpt>
      <trkpt lat="46.13291" lon="6.71118">
        <ele>1705</ele>
        <time>2026-07-02T19:08:42+00:00</time>
      </trkpt>
      <trkpt lat="46.13292" lon="6.71123">
        <ele>1702</ele>
        <time>2026-07-02T19:08:45+00:00</time>
      </trkpt>
      <trkpt lat="46.13292" lon="6.7113">
        <ele>1702</ele>
        <time>2026-07-02T19:08:48+00:00</time>
      </trkpt>
      <trkpt lat="46.13292" lon="6.71137">
        <ele>1701</ele>
        <time>2026-07-02T19:08:51+00:00</time>
      </trkpt>
      <trkpt lat="46.13292" lon="6.71148">
        <ele>1700</ele>
        <time>2026-07-02T19:08:54+00:00</time>
      </trkpt>
      <trkpt lat="46.13293" lon="6.71154">
        <ele>1699</ele>
        <time>2026-07-02T19:08:57+00:00</time>
      </trkpt>
      <trkpt lat="46.13294" lon="6.71159">
        <ele>1699</ele>
        <time>2026-07-02T19:09:00+00:00</time>
      </trkpt>
      <trkpt lat="46.13295" lon="6.71169">
        <ele>1697</ele>
        <time>2026-07-02T19:09:03+00:00</time>
      </trkpt>
      <trkpt lat="46.13299" lon="6.71188">
        <ele>1699</ele>
        <time>2026-07-02T19:09:06+00:00</time>
      </trkpt>
      <trkpt lat="46.13307" lon="6.71215">
        <ele>1695</ele>
        <time>2026-07-02T19:09:09+00:00</time>
      </trkpt>
      <trkpt lat="46.13315" lon="6.71238">
        <ele>1688</ele>
        <time>2026-07-02T19:09:12+00:00</time>
      </trkpt>
      <trkpt lat="46.13321" lon="6.71257">
        <ele>1693</ele>
        <time>2026-07-02T19:09:15+00:00</time>
      </trkpt>
      <trkpt lat="46.13324" lon="6.71266">
        <ele>1690</ele>
        <time>2026-07-02T19:09:18+00:00</time>
      </trkpt>
      <trkpt lat="46.13329" lon="6.71285">
        <ele>1692</ele>
        <time>2026-07-02T19:09:21+00:00</time>
      </trkpt>
      <trkpt lat="46.13333" lon="6.71296">
        <ele>1685</ele>
        <time>2026-07-02T19:09:24+00:00</time>
      </trkpt>
      <trkpt lat="46.13337" lon="6.71305">
        <ele>1687</ele>
        <time>2026-07-02T19:09:27+00:00</time>
      </trkpt>
      <trkpt lat="46.13341" lon="6.71313">
        <ele>1675</ele>
        <time>2026-07-02T19:09:30+00:00</time>
      </trkpt>
      <trkpt lat="46.13344" lon="6.71318">
        <ele>1675</ele>
        <time>2026-07-02T19:09:33+00:00</time>
      </trkpt>
      <trkpt lat="46.13347" lon="6.71322">
        <ele>1676</ele>
        <time>2026-07-02T19:09:36+00:00</time>
      </trkpt>
      <trkpt lat="46.1335" lon="6.71329">
        <ele>1676</ele>
        <time>2026-07-02T19:09:39+00:00</time>
      </trkpt>
      <trkpt lat="46.13351" lon="6.71339">
        <ele>1672</ele>
        <time>2026-07-02T19:09:42+00:00</time>
      </trkpt>
      <trkpt lat="46.13351" lon="6.71349">
        <ele>1670</ele>
        <time>2026-07-02T19:09:45+00:00</time>
      </trkpt>
      <trkpt lat="46.13352" lon="6.71359">
        <ele>1668</ele>
        <time>2026-07-02T19:09:48+00:00</time>
      </trkpt>
      <trkpt lat="46.13354" lon="6.71367">
        <ele>1666</ele>
        <time>2026-07-02T19:09:51+00:00</time>
      </trkpt>
      <trkpt lat="46.13358" lon="6.7137">
        <ele>1666</ele>
        <time>2026-07-02T19:09:54+00:00</time>
      </trkpt>
      <trkpt lat="46.13364" lon="6.71371">
        <ele>1661</ele>
        <time>2026-07-02T19:09:57+00:00</time>
      </trkpt>
      <trkpt lat="46.13371" lon="6.71368">
        <ele>1658</ele>
        <time>2026-07-02T19:10:00+00:00</time>
      </trkpt>
      <trkpt lat="46.13378" lon="6.71363">
        <ele>1658</ele>
        <time>2026-07-02T19:10:03+00:00</time>
      </trkpt>
      <trkpt lat="46.1339" lon="6.71351">
        <ele>1654</ele>
        <time>2026-07-02T19:10:06+00:00</time>
      </trkpt>
      <trkpt lat="46.13401" lon="6.71341">
        <ele>1647</ele>
        <time>2026-07-02T19:10:09+00:00</time>
      </trkpt>
      <trkpt lat="46.13406" lon="6.71337">
        <ele>1646</ele>
        <time>2026-07-02T19:10:12+00:00</time>
      </trkpt>
      <trkpt lat="46.13412" lon="6.71337">
        <ele>1644</ele>
        <time>2026-07-02T19:10:15+00:00</time>
      </trkpt>
      <trkpt lat="46.13415" lon="6.71339">
        <ele>1644</ele>
        <time>2026-07-02T19:10:18+00:00</time>
      </trkpt>
      <trkpt lat="46.13417" lon="6.71342">
        <ele>1645</ele>
        <time>2026-07-02T19:10:21+00:00</time>
      </trkpt>
      <trkpt lat="46.13418" lon="6.71351">
        <ele>1645</ele>
        <time>2026-07-02T19:10:24+00:00</time>
      </trkpt>
      <trkpt lat="46.13419" lon="6.7136">
        <ele>1645</ele>
        <time>2026-07-02T19:10:27+00:00</time>
      </trkpt>
      <trkpt lat="46.13421" lon="6.71369">
        <ele>1641</ele>
        <time>2026-07-02T19:10:30+00:00</time>
      </trkpt>
      <trkpt lat="46.13425" lon="6.71373">
        <ele>1641</ele>
        <time>2026-07-02T19:10:33+00:00</time>
      </trkpt>
      <trkpt lat="46.13444" lon="6.71392">
        <ele>1635</ele>
        <time>2026-07-02T19:10:36+00:00</time>
      </trkpt>
      <trkpt lat="46.13448" lon="6.71398">
        <ele>1635</ele>
        <time>2026-07-02T19:10:39+00:00</time>
      </trkpt>
      <trkpt lat="46.13451" lon="6.71403">
        <ele>1630</ele>
        <time>2026-07-02T19:10:42+00:00</time>
      </trkpt>
      <trkpt lat="46.13455" lon="6.71411">
        <ele>1631</ele>
        <time>2026-07-02T19:10:45+00:00</time>
      </trkpt>
      <trkpt lat="46.13461" lon="6.71416">
        <ele>1621</ele>
        <time>2026-07-02T19:10:48+00:00</time>
      </trkpt>
      <trkpt lat="46.13465" lon="6.71417">
        <ele>1621</ele>
        <time>2026-07-02T19:10:51+00:00</time>
      </trkpt>
      <trkpt lat="46.13471" lon="6.71418">
        <ele>1620</ele>
        <time>2026-07-02T19:10:54+00:00</time>
      </trkpt>
      <trkpt lat="46.13476" lon="6.71418">
        <ele>1620</ele>
        <time>2026-07-02T19:10:57+00:00</time>
      </trkpt>
      <trkpt lat="46.13482" lon="6.71417">
        <ele>1620</ele>
        <time>2026-07-02T19:11:00+00:00</time>
      </trkpt>
      <trkpt lat="46.13487" lon="6.71416">
        <ele>1619</ele>
        <time>2026-07-02T19:11:03+00:00</time>
      </trkpt>
      <trkpt lat="46.1349" lon="6.71414">
        <ele>1619</ele>
        <time>2026-07-02T19:11:06+00:00</time>
      </trkpt>
      <trkpt lat="46.13498" lon="6.71412">
        <ele>1619</ele>
        <time>2026-07-02T19:11:09+00:00</time>
      </trkpt>
      <trkpt lat="46.13503" lon="6.7141">
        <ele>1620</ele>
        <time>2026-07-02T19:11:12+00:00</time>
      </trkpt>
      <trkpt lat="46.13508" lon="6.71409">
        <ele>1618</ele>
        <time>2026-07-02T19:11:15+00:00</time>
      </trkpt>
      <trkpt lat="46.13516" lon="6.71405">
        <ele>1619</ele>
        <time>2026-07-02T19:11:18+00:00</time>
      </trkpt>
      <trkpt lat="46.13522" lon="6.71402">
        <ele>1622</ele>
        <time>2026-07-02T19:11:21+00:00</time>
      </trkpt>
      <trkpt lat="46.13529" lon="6.71397">
        <ele>1618</ele>
        <time>2026-07-02T19:11:24+00:00</time>
      </trkpt>
      <trkpt lat="46.13532" lon="6.71397">
        <ele>1620</ele>
        <time>2026-07-02T19:11:27+00:00</time>
      </trkpt>
      <trkpt lat="46.13537" lon="6.71394">
        <ele>1620</ele>
        <time>2026-07-02T19:11:30+00:00</time>
      </trkpt>
      <trkpt lat="46.13541" lon="6.71393">
        <ele>1622</ele>
        <time>2026-07-02T19:11:33+00:00</time>
      </trkpt>
      <trkpt lat="46.13544" lon="6.71389">
        <ele>1618</ele>
        <time>2026-07-02T19:11:36+00:00</time>
      </trkpt>
      <trkpt lat="46.13547" lon="6.71389">
        <ele>1618</ele>
        <time>2026-07-02T19:11:39+00:00</time>
      </trkpt>
      <trkpt lat="46.1355" lon="6.71385">
        <ele>1618</ele>
        <time>2026-07-02T19:11:42+00:00</time>
      </trkpt>
      <trkpt lat="46.13553" lon="6.71383">
        <ele>1620</ele>
        <time>2026-07-02T19:11:45+00:00</time>
      </trkpt>
      <trkpt lat="46.13556" lon="6.7138">
        <ele>1616</ele>
        <time>2026-07-02T19:11:48+00:00</time>
      </trkpt>
      <trkpt lat="46.1356" lon="6.71378">
        <ele>1622</ele>
        <time>2026-07-02T19:11:51+00:00</time>
      </trkpt>
      <trkpt lat="46.13566" lon="6.71376">
        <ele>1618</ele>
        <time>2026-07-02T19:11:54+00:00</time>
      </trkpt>
      <trkpt lat="46.13569" lon="6.71374">
        <ele>1618</ele>
        <time>2026-07-02T19:11:57+00:00</time>
      </trkpt>
      <trkpt lat="46.13573" lon="6.71372">
        <ele>1620</ele>
        <time>2026-07-02T19:12:00+00:00</time>
      </trkpt>
      <trkpt lat="46.13577" lon="6.71371">
        <ele>1620</ele>
        <time>2026-07-02T19:12:03+00:00</time>
      </trkpt>
      <trkpt lat="46.13582" lon="6.71371">
        <ele>1621</ele>
        <time>2026-07-02T19:12:06+00:00</time>
      </trkpt>
      <trkpt lat="46.13585" lon="6.71373">
        <ele>1623</ele>
        <time>2026-07-02T19:12:09+00:00</time>
      </trkpt>
      <trkpt lat="46.13591" lon="6.71374">
        <ele>1624</ele>
        <time>2026-07-02T19:12:12+00:00</time>
      </trkpt>
      <trkpt lat="46.13592" lon="6.71373">
        <ele>1624</ele>
        <time>2026-07-02T19:12:15+00:00</time>
      </trkpt>
      <trkpt lat="46.13595" lon="6.71372">
        <ele>1624</ele>
        <time>2026-07-02T19:12:18+00:00</time>
      </trkpt>
      <trkpt lat="46.13598" lon="6.7137">
        <ele>1624</ele>
        <time>2026-07-02T19:12:21+00:00</time>
      </trkpt>
      <trkpt lat="46.13603" lon="6.7137">
        <ele>1621</ele>
        <time>2026-07-02T19:12:24+00:00</time>
      </trkpt>
      <trkpt lat="46.13608" lon="6.71368">
        <ele>1621</ele>
        <time>2026-07-02T19:12:27+00:00</time>
      </trkpt>
      <trkpt lat="46.13611" lon="6.71365">
        <ele>1622</ele>
        <time>2026-07-02T19:12:30+00:00</time>
      </trkpt>
      <trkpt lat="46.13613" lon="6.71363">
        <ele>1622</ele>
        <time>2026-07-02T19:12:33+00:00</time>
      </trkpt>
      <trkpt lat="46.13617" lon="6.71362">
        <ele>1622</ele>
        <time>2026-07-02T19:12:36+00:00</time>
      </trkpt>
      <trkpt lat="46.13619" lon="6.71362">
        <ele>1622</ele>
        <time>2026-07-02T19:12:39+00:00</time>
      </trkpt>
      <trkpt lat="46.13621" lon="6.71361">
        <ele>1619</ele>
        <time>2026-07-02T19:12:42+00:00</time>
      </trkpt>
      <trkpt lat="46.13625" lon="6.71359">
        <ele>1615</ele>
        <time>2026-07-02T19:12:45+00:00</time>
      </trkpt>
      <trkpt lat="46.13626" lon="6.71356">
        <ele>1615</ele>
        <time>2026-07-02T19:12:48+00:00</time>
      </trkpt>
      <trkpt lat="46.13631" lon="6.71352">
        <ele>1617</ele>
        <time>2026-07-02T19:12:51+00:00</time>
      </trkpt>
      <trkpt lat="46.13632" lon="6.71351">
        <ele>1617</ele>
        <time>2026-07-02T19:12:54+00:00</time>
      </trkpt>
      <trkpt lat="46.13634" lon="6.71353">
        <ele>1617</ele>
        <time>2026-07-02T19:12:57+00:00</time>
      </trkpt>
      <trkpt lat="46.13636" lon="6.71353">
        <ele>1617</ele>
        <time>2026-07-02T19:13:00+00:00</time>
      </trkpt>
      <trkpt lat="46.13638" lon="6.71353">
        <ele>1617</ele>
        <time>2026-07-02T19:13:03+00:00</time>
      </trkpt>
      <trkpt lat="46.13641" lon="6.7135">
        <ele>1619</ele>
        <time>2026-07-02T19:13:06+00:00</time>
      </trkpt>
      <trkpt lat="46.13643" lon="6.7135">
        <ele>1615</ele>
        <time>2026-07-02T19:13:09+00:00</time>
      </trkpt>
      <trkpt lat="46.13646" lon="6.71349">
        <ele>1615</ele>
        <time>2026-07-02T19:13:12+00:00</time>
      </trkpt>
      <trkpt lat="46.1365" lon="6.71346">
        <ele>1616</ele>
        <time>2026-07-02T19:13:15+00:00</time>
      </trkpt>
      <trkpt lat="46.13656" lon="6.71341">
        <ele>1616</ele>
        <time>2026-07-02T19:13:18+00:00</time>
      </trkpt>
      <trkpt lat="46.13663" lon="6.71336">
        <ele>1613</ele>
        <time>2026-07-02T19:13:21+00:00</time>
      </trkpt>
      <trkpt lat="46.13666" lon="6.71335">
        <ele>1613</ele>
        <time>2026-07-02T19:13:24+00:00</time>
      </trkpt>
      <trkpt lat="46.13669" lon="6.71333">
        <ele>1613</ele>
        <time>2026-07-02T19:13:27+00:00</time>
      </trkpt>
      <trkpt lat="46.13674" lon="6.71333">
        <ele>1614</ele>
        <time>2026-07-02T19:13:30+00:00</time>
      </trkpt>
      <trkpt lat="46.13676" lon="6.71333">
        <ele>1614</ele>
        <time>2026-07-02T19:13:33+00:00</time>
      </trkpt>
      <trkpt lat="46.13678" lon="6.71332">
        <ele>1614</ele>
        <time>2026-07-02T19:13:36+00:00</time>
      </trkpt>
      <trkpt lat="46.13682" lon="6.71329">
        <ele>1610</ele>
        <time>2026-07-02T19:13:39+00:00</time>
      </trkpt>
      <trkpt lat="46.13685" lon="6.71327">
        <ele>1610</ele>
        <time>2026-07-02T19:13:42+00:00</time>
      </trkpt>
      <trkpt lat="46.13688" lon="6.71327">
        <ele>1610</ele>
        <time>2026-07-02T19:13:45+00:00</time>
      </trkpt>
      <trkpt lat="46.1369" lon="6.71329">
        <ele>1610</ele>
        <time>2026-07-02T19:13:48+00:00</time>
      </trkpt>
      <trkpt lat="46.13692" lon="6.7133">
        <ele>1613</ele>
        <time>2026-07-02T19:13:51+00:00</time>
      </trkpt>
      <trkpt lat="46.13695" lon="6.71333">
        <ele>1613</ele>
        <time>2026-07-02T19:13:54+00:00</time>
      </trkpt>
      <trkpt lat="46.13697" lon="6.71332">
        <ele>1613</ele>
        <time>2026-07-02T19:13:57+00:00</time>
      </trkpt>
      <trkpt lat="46.137" lon="6.71334">
        <ele>1613</ele>
        <time>2026-07-02T19:14:00+00:00</time>
      </trkpt>
      <trkpt lat="46.13702" lon="6.71336">
        <ele>1611</ele>
        <time>2026-07-02T19:14:03+00:00</time>
      </trkpt>
      <trkpt lat="46.13705" lon="6.71336">
        <ele>1611</ele>
        <time>2026-07-02T19:14:06+00:00</time>
      </trkpt>
      <trkpt lat="46.13708" lon="6.71337">
        <ele>1611</ele>
        <time>2026-07-02T19:14:09+00:00</time>
      </trkpt>
      <trkpt lat="46.13713" lon="6.71338">
        <ele>1610</ele>
        <time>2026-07-02T19:14:12+00:00</time>
      </trkpt>
      <trkpt lat="46.13716" lon="6.71339">
        <ele>1610</ele>
        <time>2026-07-02T19:14:15+00:00</time>
      </trkpt>
      <trkpt lat="46.13717" lon="6.7134">
        <ele>1614</ele>
        <time>2026-07-02T19:14:18+00:00</time>
      </trkpt>
      <trkpt lat="46.13721" lon="6.71341">
        <ele>1612</ele>
        <time>2026-07-02T19:14:21+00:00</time>
      </trkpt>
      <trkpt lat="46.13724" lon="6.71343">
        <ele>1612</ele>
        <time>2026-07-02T19:14:24+00:00</time>
      </trkpt>
      <trkpt lat="46.13727" lon="6.71346">
        <ele>1612</ele>
        <time>2026-07-02T19:14:27+00:00</time>
      </trkpt>
      <trkpt lat="46.13729" lon="6.71347">
        <ele>1612</ele>
        <time>2026-07-02T19:14:30+00:00</time>
      </trkpt>
      <trkpt lat="46.13733" lon="6.71349">
        <ele>1610</ele>
        <time>2026-07-02T19:14:33+00:00</time>
      </trkpt>
      <trkpt lat="46.13738" lon="6.71351">
        <ele>1615</ele>
        <time>2026-07-02T19:14:36+00:00</time>
      </trkpt>
      <trkpt lat="46.1374" lon="6.71353">
        <ele>1615</ele>
        <time>2026-07-02T19:14:39+00:00</time>
      </trkpt>
      <trkpt lat="46.13742" lon="6.71356">
        <ele>1614</ele>
        <time>2026-07-02T19:14:42+00:00</time>
      </trkpt>
      <trkpt lat="46.13746" lon="6.71357">
        <ele>1614</ele>
        <time>2026-07-02T19:14:45+00:00</time>
      </trkpt>
      <trkpt lat="46.13748" lon="6.71357">
        <ele>1614</ele>
        <time>2026-07-02T19:14:48+00:00</time>
      </trkpt>
      <trkpt lat="46.13751" lon="6.71356">
        <ele>1608</ele>
        <time>2026-07-02T19:14:51+00:00</time>
      </trkpt>
      <trkpt lat="46.13755" lon="6.71356">
        <ele>1612</ele>
        <time>2026-07-02T19:14:54+00:00</time>
      </trkpt>
      <trkpt lat="46.13758" lon="6.71357">
        <ele>1612</ele>
        <time>2026-07-02T19:14:57+00:00</time>
      </trkpt>
      <trkpt lat="46.13765" lon="6.71358">
        <ele>1609</ele>
        <time>2026-07-02T19:15:00+00:00</time>
      </trkpt>
      <trkpt lat="46.13767" lon="6.71359">
        <ele>1609</ele>
        <time>2026-07-02T19:15:03+00:00</time>
      </trkpt>
      <trkpt lat="46.1377" lon="6.7136">
        <ele>1607</ele>
        <time>2026-07-02T19:15:06+00:00</time>
      </trkpt>
      <trkpt lat="46.13773" lon="6.71358">
        <ele>1607</ele>
        <time>2026-07-02T19:15:09+00:00</time>
      </trkpt>
      <trkpt lat="46.13775" lon="6.71356">
        <ele>1607</ele>
        <time>2026-07-02T19:15:12+00:00</time>
      </trkpt>
      <trkpt lat="46.13778" lon="6.71354">
        <ele>1607</ele>
        <time>2026-07-02T19:15:15+00:00</time>
      </trkpt>
      <trkpt lat="46.13781" lon="6.71354">
        <ele>1605</ele>
        <time>2026-07-02T19:15:18+00:00</time>
      </trkpt>
      <trkpt lat="46.13783" lon="6.71356">
        <ele>1605</ele>
        <time>2026-07-02T19:15:21+00:00</time>
      </trkpt>
      <trkpt lat="46.13785" lon="6.71357">
        <ele>1605</ele>
        <time>2026-07-02T19:15:24+00:00</time>
      </trkpt>
      <trkpt lat="46.13788" lon="6.71356">
        <ele>1605</ele>
        <time>2026-07-02T19:15:27+00:00</time>
      </trkpt>
      <trkpt lat="46.13791" lon="6.71355">
        <ele>1608</ele>
        <time>2026-07-02T19:15:30+00:00</time>
      </trkpt>
      <trkpt lat="46.13795" lon="6.71356">
        <ele>1604</ele>
        <time>2026-07-02T19:15:33+00:00</time>
      </trkpt>
      <trkpt lat="46.13798" lon="6.7136">
        <ele>1604</ele>
        <time>2026-07-02T19:15:36+00:00</time>
      </trkpt>
      <trkpt lat="46.138" lon="6.71362">
        <ele>1612</ele>
        <time>2026-07-02T19:15:39+00:00</time>
      </trkpt>
      <trkpt lat="46.13804" lon="6.71364">
        <ele>1610</ele>
        <time>2026-07-02T19:15:42+00:00</time>
      </trkpt>
      <trkpt lat="46.1381" lon="6.71365">
        <ele>1609</ele>
        <time>2026-07-02T19:15:45+00:00</time>
      </trkpt>
      <trkpt lat="46.13814" lon="6.71367">
        <ele>1609</ele>
        <time>2026-07-02T19:15:48+00:00</time>
      </trkpt>
      <trkpt lat="46.13818" lon="6.7137">
        <ele>1609</ele>
        <time>2026-07-02T19:15:51+00:00</time>
      </trkpt>
      <trkpt lat="46.13821" lon="6.71371">
        <ele>1611</ele>
        <time>2026-07-02T19:15:54+00:00</time>
      </trkpt>
      <trkpt lat="46.13825" lon="6.71374">
        <ele>1611</ele>
        <time>2026-07-02T19:15:57+00:00</time>
      </trkpt>
      <trkpt lat="46.13829" lon="6.71375">
        <ele>1608</ele>
        <time>2026-07-02T19:16:00+00:00</time>
      </trkpt>
      <trkpt lat="46.13837" lon="6.71378">
        <ele>1608</ele>
        <time>2026-07-02T19:16:03+00:00</time>
      </trkpt>
      <trkpt lat="46.13841" lon="6.71381">
        <ele>1610</ele>
        <time>2026-07-02T19:16:06+00:00</time>
      </trkpt>
      <trkpt lat="46.13851" lon="6.71387">
        <ele>1608</ele>
        <time>2026-07-02T19:16:09+00:00</time>
      </trkpt>
      <trkpt lat="46.13854" lon="6.71388">
        <ele>1608</ele>
        <time>2026-07-02T19:16:12+00:00</time>
      </trkpt>
      <trkpt lat="46.13856" lon="6.71389">
        <ele>1608</ele>
        <time>2026-07-02T19:16:15+00:00</time>
      </trkpt>
      <trkpt lat="46.13859" lon="6.71388">
        <ele>1608</ele>
        <time>2026-07-02T19:16:18+00:00</time>
      </trkpt>
      <trkpt lat="46.13861" lon="6.7139">
        <ele>1607</ele>
        <time>2026-07-02T19:16:21+00:00</time>
      </trkpt>
      <trkpt lat="46.13863" lon="6.71392">
        <ele>1610</ele>
        <time>2026-07-02T19:16:24+00:00</time>
      </trkpt>
      <trkpt lat="46.13866" lon="6.71394">
        <ele>1610</ele>
        <time>2026-07-02T19:16:27+00:00</time>
      </trkpt>
      <trkpt lat="46.13868" lon="6.71396">
        <ele>1610</ele>
        <time>2026-07-02T19:16:30+00:00</time>
      </trkpt>
      <trkpt lat="46.1387" lon="6.71398">
        <ele>1610</ele>
        <time>2026-07-02T19:16:33+00:00</time>
      </trkpt>
      <trkpt lat="46.13871" lon="6.71401">
        <ele>1611</ele>
        <time>2026-07-02T19:16:36+00:00</time>
      </trkpt>
      <trkpt lat="46.13874" lon="6.71403">
        <ele>1611</ele>
        <time>2026-07-02T19:16:39+00:00</time>
      </trkpt>
      <trkpt lat="46.13878" lon="6.71406">
        <ele>1611</ele>
        <time>2026-07-02T19:16:42+00:00</time>
      </trkpt>
      <trkpt lat="46.1388" lon="6.71409">
        <ele>1609</ele>
        <time>2026-07-02T19:16:45+00:00</time>
      </trkpt>
      <trkpt lat="46.13883" lon="6.71412">
        <ele>1611</ele>
        <time>2026-07-02T19:16:48+00:00</time>
      </trkpt>
      <trkpt lat="46.13886" lon="6.71416">
        <ele>1611</ele>
        <time>2026-07-02T19:16:51+00:00</time>
      </trkpt>
      <trkpt lat="46.13889" lon="6.7142">
        <ele>1615</ele>
        <time>2026-07-02T19:16:54+00:00</time>
      </trkpt>
      <trkpt lat="46.13892" lon="6.71425">
        <ele>1610</ele>
        <time>2026-07-02T19:16:57+00:00</time>
      </trkpt>
      <trkpt lat="46.13893" lon="6.71429">
        <ele>1610</ele>
        <time>2026-07-02T19:17:00+00:00</time>
      </trkpt>
      <trkpt lat="46.13894" lon="6.71434">
        <ele>1611</ele>
        <time>2026-07-02T19:17:03+00:00</time>
      </trkpt>
      <trkpt lat="46.13896" lon="6.71436">
        <ele>1612</ele>
        <time>2026-07-02T19:17:06+00:00</time>
      </trkpt>
      <trkpt lat="46.13897" lon="6.71438">
        <ele>1612</ele>
        <time>2026-07-02T19:17:09+00:00</time>
      </trkpt>
      <trkpt lat="46.13898" lon="6.71441">
        <ele>1614</ele>
        <time>2026-07-02T19:17:12+00:00</time>
      </trkpt>
      <trkpt lat="46.13901" lon="6.71442">
        <ele>1611</ele>
        <time>2026-07-02T19:17:15+00:00</time>
      </trkpt>
      <trkpt lat="46.13903" lon="6.71443">
        <ele>1611</ele>
        <time>2026-07-02T19:17:18+00:00</time>
      </trkpt>
      <trkpt lat="46.13905" lon="6.71444">
        <ele>1611</ele>
        <time>2026-07-02T19:17:21+00:00</time>
      </trkpt>
      <trkpt lat="46.13905" lon="6.71446">
        <ele>1611</ele>
        <time>2026-07-02T19:17:24+00:00</time>
      </trkpt>
      <trkpt lat="46.13906" lon="6.71448">
        <ele>1611</ele>
        <time>2026-07-02T19:17:27+00:00</time>
      </trkpt>
      <trkpt lat="46.13908" lon="6.71449">
        <ele>1611</ele>
        <time>2026-07-02T19:17:30+00:00</time>
      </trkpt>
      <trkpt lat="46.1391" lon="6.71451">
        <ele>1613</ele>
        <time>2026-07-02T19:17:33+00:00</time>
      </trkpt>
      <trkpt lat="46.13911" lon="6.71455">
        <ele>1609</ele>
        <time>2026-07-02T19:17:36+00:00</time>
      </trkpt>
      <trkpt lat="46.13912" lon="6.71459">
        <ele>1609</ele>
        <time>2026-07-02T19:17:39+00:00</time>
      </trkpt>
      <trkpt lat="46.13914" lon="6.71464">
        <ele>1611</ele>
        <time>2026-07-02T19:17:42+00:00</time>
      </trkpt>
      <trkpt lat="46.13916" lon="6.7147">
        <ele>1611</ele>
        <time>2026-07-02T19:17:45+00:00</time>
      </trkpt>
      <trkpt lat="46.13918" lon="6.71475">
        <ele>1609</ele>
        <time>2026-07-02T19:17:48+00:00</time>
      </trkpt>
      <trkpt lat="46.1392" lon="6.71482">
        <ele>1611</ele>
        <time>2026-07-02T19:17:51+00:00</time>
      </trkpt>
      <trkpt lat="46.13923" lon="6.71487">
        <ele>1611</ele>
        <time>2026-07-02T19:17:54+00:00</time>
      </trkpt>
      <trkpt lat="46.13927" lon="6.71496">
        <ele>1613</ele>
        <time>2026-07-02T19:17:57+00:00</time>
      </trkpt>
      <trkpt lat="46.1393" lon="6.71503">
        <ele>1608</ele>
        <time>2026-07-02T19:18:00+00:00</time>
      </trkpt>
      <trkpt lat="46.13933" lon="6.71508">
        <ele>1608</ele>
        <time>2026-07-02T19:18:03+00:00</time>
      </trkpt>
      <trkpt lat="46.13936" lon="6.71515">
        <ele>1610</ele>
        <time>2026-07-02T19:18:06+00:00</time>
      </trkpt>
      <trkpt lat="46.1394" lon="6.71524">
        <ele>1605</ele>
        <time>2026-07-02T19:18:09+00:00</time>
      </trkpt>
      <trkpt lat="46.13946" lon="6.71534">
        <ele>1606</ele>
        <time>2026-07-02T19:18:12+00:00</time>
      </trkpt>
      <trkpt lat="46.1395" lon="6.71539">
        <ele>1606</ele>
        <time>2026-07-02T19:18:15+00:00</time>
      </trkpt>
      <trkpt lat="46.13953" lon="6.71541">
        <ele>1597</ele>
        <time>2026-07-02T19:18:18+00:00</time>
      </trkpt>
      <trkpt lat="46.13956" lon="6.71546">
        <ele>1597</ele>
        <time>2026-07-02T19:18:21+00:00</time>
      </trkpt>
      <trkpt lat="46.13959" lon="6.71555">
        <ele>1598</ele>
        <time>2026-07-02T19:18:24+00:00</time>
      </trkpt>
      <trkpt lat="46.13965" lon="6.71563">
        <ele>1594</ele>
        <time>2026-07-02T19:18:27+00:00</time>
      </trkpt>
      <trkpt lat="46.13974" lon="6.71574">
        <ele>1591</ele>
        <time>2026-07-02T19:18:30+00:00</time>
      </trkpt>
      <trkpt lat="46.13977" lon="6.71578">
        <ele>1591</ele>
        <time>2026-07-02T19:18:33+00:00</time>
      </trkpt>
      <trkpt lat="46.13982" lon="6.71584">
        <ele>1587</ele>
        <time>2026-07-02T19:18:36+00:00</time>
      </trkpt>
      <trkpt lat="46.13987" lon="6.71588">
        <ele>1587</ele>
        <time>2026-07-02T19:18:39+00:00</time>
      </trkpt>
      <trkpt lat="46.13994" lon="6.71588">
        <ele>1584</ele>
        <time>2026-07-02T19:18:42+00:00</time>
      </trkpt>
      <trkpt lat="46.13999" lon="6.71584">
        <ele>1584</ele>
        <time>2026-07-02T19:18:45+00:00</time>
      </trkpt>
      <trkpt lat="46.14002" lon="6.7158">
        <ele>1583</ele>
        <time>2026-07-02T19:18:48+00:00</time>
      </trkpt>
      <trkpt lat="46.14003" lon="6.71578">
        <ele>1582</ele>
        <time>2026-07-02T19:18:51+00:00</time>
      </trkpt>
      <trkpt lat="46.14005" lon="6.71575">
        <ele>1582</ele>
        <time>2026-07-02T19:18:54+00:00</time>
      </trkpt>
      <trkpt lat="46.14008" lon="6.71573">
        <ele>1582</ele>
        <time>2026-07-02T19:18:57+00:00</time>
      </trkpt>
      <trkpt lat="46.14011" lon="6.71573">
        <ele>1584</ele>
        <time>2026-07-02T19:19:00+00:00</time>
      </trkpt>
      <trkpt lat="46.14012" lon="6.71568">
        <ele>1583</ele>
        <time>2026-07-02T19:19:03+00:00</time>
      </trkpt>
      <trkpt lat="46.14011" lon="6.7156">
        <ele>1583</ele>
        <time>2026-07-02T19:19:06+00:00</time>
      </trkpt>
      <trkpt lat="46.14011" lon="6.71547">
        <ele>1583</ele>
        <time>2026-07-02T19:19:09+00:00</time>
      </trkpt>
      <trkpt lat="46.14011" lon="6.71537">
        <ele>1585</ele>
        <time>2026-07-02T19:19:12+00:00</time>
      </trkpt>
      <trkpt lat="46.14009" lon="6.71525">
        <ele>1578</ele>
        <time>2026-07-02T19:19:15+00:00</time>
      </trkpt>
      <trkpt lat="46.1401" lon="6.71511">
        <ele>1585</ele>
        <time>2026-07-02T19:19:18+00:00</time>
      </trkpt>
      <trkpt lat="46.1401" lon="6.71493">
        <ele>1585</ele>
        <time>2026-07-02T19:19:21+00:00</time>
      </trkpt>
      <trkpt lat="46.14011" lon="6.71495">
        <ele>1585</ele>
        <time>2026-07-02T19:19:24+00:00</time>
      </trkpt>
      <trkpt lat="46.14016" lon="6.71508">
        <ele>1585</ele>
        <time>2026-07-02T19:19:27+00:00</time>
      </trkpt>
      <trkpt lat="46.1402" lon="6.71514">
        <ele>1585</ele>
        <time>2026-07-02T19:19:30+00:00</time>
      </trkpt>
      <trkpt lat="46.14025" lon="6.71519">
        <ele>1587</ele>
        <time>2026-07-02T19:19:33+00:00</time>
      </trkpt>
      <trkpt lat="46.14038" lon="6.71528">
        <ele>1589</ele>
        <time>2026-07-02T19:19:36+00:00</time>
      </trkpt>
      <trkpt lat="46.1405" lon="6.71533">
        <ele>1595</ele>
        <time>2026-07-02T19:19:39+00:00</time>
      </trkpt>
      <trkpt lat="46.14067" lon="6.71537">
        <ele>1598</ele>
        <time>2026-07-02T19:19:42+00:00</time>
      </trkpt>
      <trkpt lat="46.14085" lon="6.7153">
        <ele>1608</ele>
        <time>2026-07-02T19:19:45+00:00</time>
      </trkpt>
      <trkpt lat="46.14097" lon="6.7151">
        <ele>1611</ele>
        <time>2026-07-02T19:19:48+00:00</time>
      </trkpt>
      <trkpt lat="46.14099" lon="6.71512">
        <ele>1611</ele>
        <time>2026-07-02T19:19:51+00:00</time>
      </trkpt>
      <trkpt lat="46.14104" lon="6.71502">
        <ele>1613</ele>
        <time>2026-07-02T19:19:54+00:00</time>
      </trkpt>
      <trkpt lat="46.14112" lon="6.71501">
        <ele>1614</ele>
        <time>2026-07-02T19:19:57+00:00</time>
      </trkpt>
      <trkpt lat="46.14133" lon="6.71501">
        <ele>1612</ele>
        <time>2026-07-02T19:20:00+00:00</time>
      </trkpt>
      <trkpt lat="46.14153" lon="6.71497">
        <ele>1612</ele>
        <time>2026-07-02T19:20:03+00:00</time>
      </trkpt>
      <trkpt lat="46.14172" lon="6.71496">
        <ele>1612</ele>
        <time>2026-07-02T19:20:06+00:00</time>
      </trkpt>
      <trkpt lat="46.1418" lon="6.71498">
        <ele>1613</ele>
        <time>2026-07-02T19:20:09+00:00</time>
      </trkpt>
      <trkpt lat="46.14194" lon="6.71494">
        <ele>1617</ele>
        <time>2026-07-02T19:20:12+00:00</time>
      </trkpt>
      <trkpt lat="46.14204" lon="6.71491">
        <ele>1618</ele>
        <time>2026-07-02T19:20:15+00:00</time>
      </trkpt>
      <trkpt lat="46.14219" lon="6.71487">
        <ele>1618</ele>
        <time>2026-07-02T19:20:18+00:00</time>
      </trkpt>
      <trkpt lat="46.14238" lon="6.71482">
        <ele>1619</ele>
        <time>2026-07-02T19:20:21+00:00</time>
      </trkpt>
      <trkpt lat="46.14247" lon="6.71477">
        <ele>1622</ele>
        <time>2026-07-02T19:20:24+00:00</time>
      </trkpt>
      <trkpt lat="46.1426" lon="6.71467">
        <ele>1620</ele>
        <time>2026-07-02T19:20:27+00:00</time>
      </trkpt>
      <trkpt lat="46.14268" lon="6.71459">
        <ele>1626</ele>
        <time>2026-07-02T19:20:30+00:00</time>
      </trkpt>
      <trkpt lat="46.14275" lon="6.71459">
        <ele>1624</ele>
        <time>2026-07-02T19:20:33+00:00</time>
      </trkpt>
      <trkpt lat="46.14278" lon="6.71462">
        <ele>1620</ele>
        <time>2026-07-02T19:20:36+00:00</time>
      </trkpt>
      <trkpt lat="46.14283" lon="6.7147">
        <ele>1621</ele>
        <time>2026-07-02T19:20:39+00:00</time>
      </trkpt>
      <trkpt lat="46.14286" lon="6.71474">
        <ele>1621</ele>
        <time>2026-07-02T19:20:42+00:00</time>
      </trkpt>
      <trkpt lat="46.14291" lon="6.71475">
        <ele>1621</ele>
        <time>2026-07-02T19:20:45+00:00</time>
      </trkpt>
      <trkpt lat="46.14297" lon="6.71474">
        <ele>1620</ele>
        <time>2026-07-02T19:20:48+00:00</time>
      </trkpt>
      <trkpt lat="46.14302" lon="6.71471">
        <ele>1620</ele>
        <time>2026-07-02T19:20:51+00:00</time>
      </trkpt>
      <trkpt lat="46.14307" lon="6.71468">
        <ele>1620</ele>
        <time>2026-07-02T19:20:54+00:00</time>
      </trkpt>
      <trkpt lat="46.14306" lon="6.71479">
        <ele>1620</ele>
        <time>2026-07-02T19:20:57+00:00</time>
      </trkpt>
      <trkpt lat="46.14308" lon="6.71495">
        <ele>1620</ele>
        <time>2026-07-02T19:21:00+00:00</time>
      </trkpt>
      <trkpt lat="46.14309" lon="6.71509">
        <ele>1620</ele>
        <time>2026-07-02T19:21:03+00:00</time>
      </trkpt>
      <trkpt lat="46.14309" lon="6.71523">
        <ele>1619</ele>
        <time>2026-07-02T19:21:06+00:00</time>
      </trkpt>
      <trkpt lat="46.14308" lon="6.71537">
        <ele>1619</ele>
        <time>2026-07-02T19:21:09+00:00</time>
      </trkpt>
      <trkpt lat="46.14315" lon="6.71531">
        <ele>1619</ele>
        <time>2026-07-02T19:21:12+00:00</time>
      </trkpt>
      <trkpt lat="46.14329" lon="6.71557">
        <ele>1619</ele>
        <time>2026-07-02T19:21:15+00:00</time>
      </trkpt>
      <trkpt lat="46.14342" lon="6.7157">
        <ele>1619</ele>
        <time>2026-07-02T19:21:18+00:00</time>
      </trkpt>
      <trkpt lat="46.14359" lon="6.71573">
        <ele>1619</ele>
        <time>2026-07-02T19:21:21+00:00</time>
      </trkpt>
      <trkpt lat="46.14369" lon="6.71567">
        <ele>1618</ele>
        <time>2026-07-02T19:21:24+00:00</time>
      </trkpt>
      <trkpt lat="46.14385" lon="6.71551">
        <ele>1619</ele>
        <time>2026-07-02T19:21:27+00:00</time>
      </trkpt>
      <trkpt lat="46.14402" lon="6.71542">
        <ele>1619</ele>
        <time>2026-07-02T19:21:30+00:00</time>
      </trkpt>
      <trkpt lat="46.14428" lon="6.71541">
        <ele>1619</ele>
        <time>2026-07-02T19:21:33+00:00</time>
      </trkpt>
      <trkpt lat="46.14443" lon="6.71537">
        <ele>1619</ele>
        <time>2026-07-02T19:21:36+00:00</time>
      </trkpt>
      <trkpt lat="46.1446" lon="6.71531">
        <ele>1619</ele>
        <time>2026-07-02T19:21:39+00:00</time>
      </trkpt>
      <trkpt lat="46.14494" lon="6.7152">
        <ele>1620</ele>
        <time>2026-07-02T19:21:42+00:00</time>
      </trkpt>
      <trkpt lat="46.14505" lon="6.71519">
        <ele>1618</ele>
        <time>2026-07-02T19:21:45+00:00</time>
      </trkpt>
      <trkpt lat="46.1452" lon="6.71516">
        <ele>1620</ele>
        <time>2026-07-02T19:21:48+00:00</time>
      </trkpt>
      <trkpt lat="46.14523" lon="6.71517">
        <ele>1622</ele>
        <time>2026-07-02T19:21:51+00:00</time>
      </trkpt>
      <trkpt lat="46.14535" lon="6.71521">
        <ele>1625</ele>
        <time>2026-07-02T19:21:54+00:00</time>
      </trkpt>
      <trkpt lat="46.14557" lon="6.71515">
        <ele>1627</ele>
        <time>2026-07-02T19:21:57+00:00</time>
      </trkpt>
      <trkpt lat="46.14565" lon="6.71506">
        <ele>1628</ele>
        <time>2026-07-02T19:22:00+00:00</time>
      </trkpt>
      <trkpt lat="46.14574" lon="6.71503">
        <ele>1630</ele>
        <time>2026-07-02T19:22:03+00:00</time>
      </trkpt>
      <trkpt lat="46.14597" lon="6.7151">
        <ele>1631</ele>
        <time>2026-07-02T19:22:06+00:00</time>
      </trkpt>
      <trkpt lat="46.1462" lon="6.7152">
        <ele>1638</ele>
        <time>2026-07-02T19:22:09+00:00</time>
      </trkpt>
      <trkpt lat="46.1463" lon="6.71525">
        <ele>1638</ele>
        <time>2026-07-02T19:22:12+00:00</time>
      </trkpt>
      <trkpt lat="46.14637" lon="6.71527">
        <ele>1639</ele>
        <time>2026-07-02T19:22:15+00:00</time>
      </trkpt>
      <trkpt lat="46.14647" lon="6.71524">
        <ele>1640</ele>
        <time>2026-07-02T19:22:18+00:00</time>
      </trkpt>
      <trkpt lat="46.14662" lon="6.71521">
        <ele>1643</ele>
        <time>2026-07-02T19:22:21+00:00</time>
      </trkpt>
      <trkpt lat="46.1467" lon="6.71522">
        <ele>1645</ele>
        <time>2026-07-02T19:22:24+00:00</time>
      </trkpt>
      <trkpt lat="46.14681" lon="6.71524">
        <ele>1645</ele>
        <time>2026-07-02T19:22:27+00:00</time>
      </trkpt>
      <trkpt lat="46.14692" lon="6.71528">
        <ele>1645</ele>
        <time>2026-07-02T19:22:30+00:00</time>
      </trkpt>
      <trkpt lat="46.14697" lon="6.71532">
        <ele>1649</ele>
        <time>2026-07-02T19:22:33+00:00</time>
      </trkpt>
      <trkpt lat="46.14702" lon="6.71534">
        <ele>1648</ele>
        <time>2026-07-02T19:22:36+00:00</time>
      </trkpt>
      <trkpt lat="46.14711" lon="6.71538">
        <ele>1648</ele>
        <time>2026-07-02T19:22:39+00:00</time>
      </trkpt>
      <trkpt lat="46.14715" lon="6.7154">
        <ele>1655</ele>
        <time>2026-07-02T19:22:42+00:00</time>
      </trkpt>
      <trkpt lat="46.14716" lon="6.71541">
        <ele>1655</ele>
        <time>2026-07-02T19:22:45+00:00</time>
      </trkpt>
      <trkpt lat="46.14719" lon="6.7154">
        <ele>1655</ele>
        <time>2026-07-02T19:22:48+00:00</time>
      </trkpt>
      <trkpt lat="46.14724" lon="6.71541">
        <ele>1654</ele>
        <time>2026-07-02T19:22:51+00:00</time>
      </trkpt>
      <trkpt lat="46.14726" lon="6.71541">
        <ele>1654</ele>
        <time>2026-07-02T19:22:54+00:00</time>
      </trkpt>
      <trkpt lat="46.14734" lon="6.71541">
        <ele>1656</ele>
        <time>2026-07-02T19:22:57+00:00</time>
      </trkpt>
      <trkpt lat="46.14744" lon="6.71542">
        <ele>1658</ele>
        <time>2026-07-02T19:23:00+00:00</time>
      </trkpt>
      <trkpt lat="46.14749" lon="6.71542">
        <ele>1658</ele>
        <time>2026-07-02T19:23:03+00:00</time>
      </trkpt>
      <trkpt lat="46.14756" lon="6.71545">
        <ele>1660</ele>
        <time>2026-07-02T19:23:06+00:00</time>
      </trkpt>
      <trkpt lat="46.14767" lon="6.71547">
        <ele>1661</ele>
        <time>2026-07-02T19:23:09+00:00</time>
      </trkpt>
      <trkpt lat="46.14782" lon="6.71548">
        <ele>1664</ele>
        <time>2026-07-02T19:23:12+00:00</time>
      </trkpt>
      <trkpt lat="46.14797" lon="6.7155">
        <ele>1668</ele>
        <time>2026-07-02T19:23:15+00:00</time>
      </trkpt>
      <trkpt lat="46.14816" lon="6.71552">
        <ele>1673</ele>
        <time>2026-07-02T19:23:18+00:00</time>
      </trkpt>
      <trkpt lat="46.14838" lon="6.71554">
        <ele>1676</ele>
        <time>2026-07-02T19:23:21+00:00</time>
      </trkpt>
      <trkpt lat="46.1486" lon="6.71556">
        <ele>1679</ele>
        <time>2026-07-02T19:23:24+00:00</time>
      </trkpt>
      <trkpt lat="46.14871" lon="6.71561">
        <ele>1685</ele>
        <time>2026-07-02T19:23:27+00:00</time>
      </trkpt>
      <trkpt lat="46.14885" lon="6.71565">
        <ele>1686</ele>
        <time>2026-07-02T19:23:30+00:00</time>
      </trkpt>
      <trkpt lat="46.14888" lon="6.71568">
        <ele>1686</ele>
        <time>2026-07-02T19:23:33+00:00</time>
      </trkpt>
      <trkpt lat="46.14891" lon="6.71575">
        <ele>1690</ele>
        <time>2026-07-02T19:23:36+00:00</time>
      </trkpt>
      <trkpt lat="46.14888" lon="6.7158">
        <ele>1692</ele>
        <time>2026-07-02T19:23:39+00:00</time>
      </trkpt>
      <trkpt lat="46.14895" lon="6.71587">
        <ele>1692</ele>
        <time>2026-07-02T19:23:42+00:00</time>
      </trkpt>
      <trkpt lat="46.1492" lon="6.71612">
        <ele>1704</ele>
        <time>2026-07-02T19:23:45+00:00</time>
      </trkpt>
      <trkpt lat="46.14929" lon="6.71623">
        <ele>1708</ele>
        <time>2026-07-02T19:23:48+00:00</time>
      </trkpt>
      <trkpt lat="46.14907" lon="6.71633">
        <ele>1713</ele>
        <time>2026-07-02T19:23:51+00:00</time>
      </trkpt>
      <trkpt lat="46.14914" lon="6.71643">
        <ele>1718</ele>
        <time>2026-07-02T19:23:54+00:00</time>
      </trkpt>
      <trkpt lat="46.14921" lon="6.7165">
        <ele>1721</ele>
        <time>2026-07-02T19:23:57+00:00</time>
      </trkpt>
      <trkpt lat="46.14927" lon="6.71658">
        <ele>1721</ele>
        <time>2026-07-02T19:24:00+00:00</time>
      </trkpt>
      <trkpt lat="46.14927" lon="6.7166">
        <ele>1728</ele>
        <time>2026-07-02T19:24:03+00:00</time>
      </trkpt>
      <trkpt lat="46.14922" lon="6.7166">
        <ele>1721</ele>
        <time>2026-07-02T19:24:06+00:00</time>
      </trkpt>
      <trkpt lat="46.1492" lon="6.71661">
        <ele>1728</ele>
        <time>2026-07-02T19:24:09+00:00</time>
      </trkpt>
      <trkpt lat="46.14927" lon="6.71669">
        <ele>1728</ele>
        <time>2026-07-02T19:24:12+00:00</time>
      </trkpt>
      <trkpt lat="46.14928" lon="6.7167">
        <ele>1728</ele>
        <time>2026-07-02T19:24:15+00:00</time>
      </trkpt>
      <trkpt lat="46.14923" lon="6.71673">
        <ele>1732</ele>
        <time>2026-07-02T19:24:18+00:00</time>
      </trkpt>
      <trkpt lat="46.14908" lon="6.7168">
        <ele>1740</ele>
        <time>2026-07-02T19:24:21+00:00</time>
      </trkpt>
      <trkpt lat="46.14921" lon="6.71695">
        <ele>1740</ele>
        <time>2026-07-02T19:24:24+00:00</time>
      </trkpt>
      <trkpt lat="46.14937" lon="6.71716">
        <ele>1746</ele>
        <time>2026-07-02T19:24:27+00:00</time>
      </trkpt>
      <trkpt lat="46.14939" lon="6.71731">
        <ele>1756</ele>
        <time>2026-07-02T19:24:30+00:00</time>
      </trkpt>
      <trkpt lat="46.1494" lon="6.71738">
        <ele>1756</ele>
        <time>2026-07-02T19:24:33+00:00</time>
      </trkpt>
      <trkpt lat="46.1492" lon="6.7173">
        <ele>1754</ele>
        <time>2026-07-02T19:24:36+00:00</time>
      </trkpt>
      <trkpt lat="46.14913" lon="6.71728">
        <ele>1761</ele>
        <time>2026-07-02T19:24:39+00:00</time>
      </trkpt>
      <trkpt lat="46.14904" lon="6.71728">
        <ele>1763</ele>
        <time>2026-07-02T19:24:42+00:00</time>
      </trkpt>
      <trkpt lat="46.14901" lon="6.7173">
        <ele>1763</ele>
        <time>2026-07-02T19:24:45+00:00</time>
      </trkpt>
      <trkpt lat="46.14905" lon="6.71737">
        <ele>1768</ele>
        <time>2026-07-02T19:24:48+00:00</time>
      </trkpt>
      <trkpt lat="46.14898" lon="6.7174">
        <ele>1769</ele>
        <time>2026-07-02T19:24:51+00:00</time>
      </trkpt>
      <trkpt lat="46.149" lon="6.71747">
        <ele>1773</ele>
        <time>2026-07-02T19:24:54+00:00</time>
      </trkpt>
      <trkpt lat="46.14907" lon="6.71751">
        <ele>1778</ele>
        <time>2026-07-02T19:24:57+00:00</time>
      </trkpt>
      <trkpt lat="46.14893" lon="6.71758">
        <ele>1779</ele>
        <time>2026-07-02T19:25:00+00:00</time>
      </trkpt>
      <trkpt lat="46.14902" lon="6.71766">
        <ele>1783</ele>
        <time>2026-07-02T19:25:03+00:00</time>
      </trkpt>
      <trkpt lat="46.14892" lon="6.71768">
        <ele>1784</ele>
        <time>2026-07-02T19:25:06+00:00</time>
      </trkpt>
      <trkpt lat="46.14883" lon="6.71773">
        <ele>1788</ele>
        <time>2026-07-02T19:25:09+00:00</time>
      </trkpt>
      <trkpt lat="46.14892" lon="6.71781">
        <ele>1799</ele>
        <time>2026-07-02T19:25:12+00:00</time>
      </trkpt>
      <trkpt lat="46.14886" lon="6.71785">
        <ele>1798</ele>
        <time>2026-07-02T19:25:15+00:00</time>
      </trkpt>
      <trkpt lat="46.14889" lon="6.71789">
        <ele>1798</ele>
        <time>2026-07-02T19:25:18+00:00</time>
      </trkpt>
      <trkpt lat="46.14885" lon="6.71791">
        <ele>1803</ele>
        <time>2026-07-02T19:25:21+00:00</time>
      </trkpt>
      <trkpt lat="46.14892" lon="6.71796">
        <ele>1804</ele>
        <time>2026-07-02T19:25:24+00:00</time>
      </trkpt>
      <trkpt lat="46.14887" lon="6.71803">
        <ele>1808</ele>
        <time>2026-07-02T19:25:27+00:00</time>
      </trkpt>
      <trkpt lat="46.14889" lon="6.71805">
        <ele>1808</ele>
        <time>2026-07-02T19:25:30+00:00</time>
      </trkpt>
      <trkpt lat="46.14882" lon="6.7181">
        <ele>1808</ele>
        <time>2026-07-02T19:25:33+00:00</time>
      </trkpt>
      <trkpt lat="46.14885" lon="6.71813">
        <ele>1813</ele>
        <time>2026-07-02T19:25:36+00:00</time>
      </trkpt>
      <trkpt lat="46.14878" lon="6.71819">
        <ele>1812</ele>
        <time>2026-07-02T19:25:39+00:00</time>
      </trkpt>
      <trkpt lat="46.14886" lon="6.71824">
        <ele>1817</ele>
        <time>2026-07-02T19:25:42+00:00</time>
      </trkpt>
      <trkpt lat="46.14874" lon="6.71831">
        <ele>1822</ele>
        <time>2026-07-02T19:25:45+00:00</time>
      </trkpt>
      <trkpt lat="46.14884" lon="6.71835">
        <ele>1822</ele>
        <time>2026-07-02T19:25:48+00:00</time>
      </trkpt>
      <trkpt lat="46.14873" lon="6.71841">
        <ele>1832</ele>
        <time>2026-07-02T19:25:51+00:00</time>
      </trkpt>
      <trkpt lat="46.14878" lon="6.71844">
        <ele>1832</ele>
        <time>2026-07-02T19:25:54+00:00</time>
      </trkpt>
      <trkpt lat="46.14878" lon="6.71844">
        <ele>1832</ele>
        <time>2026-07-02T19:25:57+00:00</time>
      </trkpt>
      <trkpt lat="46.14873" lon="6.71846">
        <ele>1832</ele>
        <time>2026-07-02T19:26:00+00:00</time>
      </trkpt>
      <trkpt lat="46.14876" lon="6.71848">
        <ele>1832</ele>
        <time>2026-07-02T19:26:03+00:00</time>
      </trkpt>
      <trkpt lat="46.14868" lon="6.71852">
        <ele>1837</ele>
        <time>2026-07-02T19:26:06+00:00</time>
      </trkpt>
      <trkpt lat="46.14878" lon="6.71858">
        <ele>1836</ele>
        <time>2026-07-02T19:26:09+00:00</time>
      </trkpt>
      <trkpt lat="46.14868" lon="6.71864">
        <ele>1842</ele>
        <time>2026-07-02T19:26:12+00:00</time>
      </trkpt>
      <trkpt lat="46.14877" lon="6.71869">
        <ele>1842</ele>
        <time>2026-07-02T19:26:15+00:00</time>
      </trkpt>
      <trkpt lat="46.14869" lon="6.71873">
        <ele>1848</ele>
        <time>2026-07-02T19:26:18+00:00</time>
      </trkpt>
      <trkpt lat="46.14871" lon="6.71878">
        <ele>1847</ele>
        <time>2026-07-02T19:26:21+00:00</time>
      </trkpt>
      <trkpt lat="46.14862" lon="6.71881">
        <ele>1853</ele>
        <time>2026-07-02T19:26:24+00:00</time>
      </trkpt>
      <trkpt lat="46.1487" lon="6.71895">
        <ele>1855</ele>
        <time>2026-07-02T19:26:27+00:00</time>
      </trkpt>
      <trkpt lat="46.1487" lon="6.71899">
        <ele>1857</ele>
        <time>2026-07-02T19:26:30+00:00</time>
      </trkpt>
      <trkpt lat="46.14868" lon="6.71898">
        <ele>1857</ele>
        <time>2026-07-02T19:26:33+00:00</time>
      </trkpt>
      <trkpt lat="46.14869" lon="6.71902">
        <ele>1867</ele>
        <time>2026-07-02T19:26:36+00:00</time>
      </trkpt>
      <trkpt lat="46.1487" lon="6.71906">
        <ele>1861</ele>
        <time>2026-07-02T19:26:39+00:00</time>
      </trkpt>
      <trkpt lat="46.14865" lon="6.71899">
        <ele>1857</ele>
        <time>2026-07-02T19:26:42+00:00</time>
      </trkpt>
      <trkpt lat="46.14866" lon="6.71907">
        <ele>1867</ele>
        <time>2026-07-02T19:26:45+00:00</time>
      </trkpt>
      <trkpt lat="46.14866" lon="6.71912">
        <ele>1869</ele>
        <time>2026-07-02T19:26:48+00:00</time>
      </trkpt>
      <trkpt lat="46.14863" lon="6.71907">
        <ele>1867</ele>
        <time>2026-07-02T19:26:51+00:00</time>
      </trkpt>
      <trkpt lat="46.14863" lon="6.71919">
        <ele>1869</ele>
        <time>2026-07-02T19:26:54+00:00</time>
      </trkpt>
      <trkpt lat="46.1486" lon="6.71917">
        <ele>1869</ele>
        <time>2026-07-02T19:26:57+00:00</time>
      </trkpt>
      <trkpt lat="46.14859" lon="6.71928">
        <ele>1885</ele>
        <time>2026-07-02T19:27:00+00:00</time>
      </trkpt>
      <trkpt lat="46.14855" lon="6.71922">
        <ele>1885</ele>
        <time>2026-07-02T19:27:03+00:00</time>
      </trkpt>
      <trkpt lat="46.14851" lon="6.71938">
        <ele>1886</ele>
        <time>2026-07-02T19:27:06+00:00</time>
      </trkpt>
      <trkpt lat="46.14848" lon="6.71935">
        <ele>1893</ele>
        <time>2026-07-02T19:27:09+00:00</time>
      </trkpt>
      <trkpt lat="46.14846" lon="6.7193">
        <ele>1893</ele>
        <time>2026-07-02T19:27:12+00:00</time>
      </trkpt>
      <trkpt lat="46.14843" lon="6.71938">
        <ele>1893</ele>
        <time>2026-07-02T19:27:15+00:00</time>
      </trkpt>
      <trkpt lat="46.14842" lon="6.71948">
        <ele>1894</ele>
        <time>2026-07-02T19:27:18+00:00</time>
      </trkpt>
      <trkpt lat="46.14837" lon="6.71941">
        <ele>1901</ele>
        <time>2026-07-02T19:27:21+00:00</time>
      </trkpt>
      <trkpt lat="46.14837" lon="6.71946">
        <ele>1901</ele>
        <time>2026-07-02T19:27:24+00:00</time>
      </trkpt>
      <trkpt lat="46.14838" lon="6.71951">
        <ele>1903</ele>
        <time>2026-07-02T19:27:27+00:00</time>
      </trkpt>
      <trkpt lat="46.14832" lon="6.7194">
        <ele>1901</ele>
        <time>2026-07-02T19:27:30+00:00</time>
      </trkpt>
      <trkpt lat="46.14831" lon="6.7194">
        <ele>1901</ele>
        <time>2026-07-02T19:27:33+00:00</time>
      </trkpt>
      <trkpt lat="46.14831" lon="6.71953">
        <ele>1903</ele>
        <time>2026-07-02T19:27:36+00:00</time>
      </trkpt>
      <trkpt lat="46.14829" lon="6.71947">
        <ele>1904</ele>
        <time>2026-07-02T19:27:39+00:00</time>
      </trkpt>
      <trkpt lat="46.14829" lon="6.71958">
        <ele>1908</ele>
        <time>2026-07-02T19:27:42+00:00</time>
      </trkpt>
      <trkpt lat="46.14823" lon="6.71952">
        <ele>1908</ele>
        <time>2026-07-02T19:27:45+00:00</time>
      </trkpt>
      <trkpt lat="46.14823" lon="6.71963">
        <ele>1913</ele>
        <time>2026-07-02T19:27:48+00:00</time>
      </trkpt>
      <trkpt lat="46.14816" lon="6.71958">
        <ele>1912</ele>
        <time>2026-07-02T19:27:51+00:00</time>
      </trkpt>
      <trkpt lat="46.14818" lon="6.71974">
        <ele>1919</ele>
        <time>2026-07-02T19:27:54+00:00</time>
      </trkpt>
      <trkpt lat="46.14813" lon="6.71971">
        <ele>1919</ele>
        <time>2026-07-02T19:27:57+00:00</time>
      </trkpt>
      <trkpt lat="46.14807" lon="6.71965">
        <ele>1915</ele>
        <time>2026-07-02T19:28:00+00:00</time>
      </trkpt>
      <trkpt lat="46.148" lon="6.71963">
        <ele>1921</ele>
        <time>2026-07-02T19:28:03+00:00</time>
      </trkpt>
      <trkpt lat="46.14795" lon="6.71964">
        <ele>1921</ele>
        <time>2026-07-02T19:28:06+00:00</time>
      </trkpt>
      <trkpt lat="46.14784" lon="6.71975">
        <ele>1918</ele>
        <time>2026-07-02T19:28:09+00:00</time>
      </trkpt>
      <trkpt lat="46.14775" lon="6.7199">
        <ele>1925</ele>
        <time>2026-07-02T19:28:12+00:00</time>
      </trkpt>
      <trkpt lat="46.14786" lon="6.71992">
        <ele>1927</ele>
        <time>2026-07-02T19:28:15+00:00</time>
      </trkpt>
      <trkpt lat="46.14789" lon="6.71998">
        <ele>1927</ele>
        <time>2026-07-02T19:28:18+00:00</time>
      </trkpt>
      <trkpt lat="46.14791" lon="6.72006">
        <ele>1931</ele>
        <time>2026-07-02T19:28:21+00:00</time>
      </trkpt>
      <trkpt lat="46.1479" lon="6.72011">
        <ele>1933</ele>
        <time>2026-07-02T19:28:24+00:00</time>
      </trkpt>
      <trkpt lat="46.14779" lon="6.72016">
        <ele>1935</ele>
        <time>2026-07-02T19:28:27+00:00</time>
      </trkpt>
      <trkpt lat="46.14775" lon="6.72017">
        <ele>1935</ele>
        <time>2026-07-02T19:28:30+00:00</time>
      </trkpt>
      <trkpt lat="46.14778" lon="6.72023">
        <ele>1943</ele>
        <time>2026-07-02T19:28:33+00:00</time>
      </trkpt>
      <trkpt lat="46.14778" lon="6.72029">
        <ele>1943</ele>
        <time>2026-07-02T19:28:36+00:00</time>
      </trkpt>
      <trkpt lat="46.14773" lon="6.72027">
        <ele>1943</ele>
        <time>2026-07-02T19:28:39+00:00</time>
      </trkpt>
      <trkpt lat="46.14774" lon="6.72037">
        <ele>1946</ele>
        <time>2026-07-02T19:28:42+00:00</time>
      </trkpt>
      <trkpt lat="46.14769" lon="6.72035">
        <ele>1948</ele>
        <time>2026-07-02T19:28:45+00:00</time>
      </trkpt>
      <trkpt lat="46.14767" lon="6.72036">
        <ele>1948</ele>
        <time>2026-07-02T19:28:48+00:00</time>
      </trkpt>
      <trkpt lat="46.1477" lon="6.72045">
        <ele>1952</ele>
        <time>2026-07-02T19:28:51+00:00</time>
      </trkpt>
      <trkpt lat="46.14763" lon="6.72042">
        <ele>1952</ele>
        <time>2026-07-02T19:28:54+00:00</time>
      </trkpt>
      <trkpt lat="46.14749" lon="6.72046">
        <ele>1954</ele>
        <time>2026-07-02T19:28:57+00:00</time>
      </trkpt>
      <trkpt lat="46.14754" lon="6.72052">
        <ele>1958</ele>
        <time>2026-07-02T19:29:00+00:00</time>
      </trkpt>
      <trkpt lat="46.14756" lon="6.72056">
        <ele>1958</ele>
        <time>2026-07-02T19:29:03+00:00</time>
      </trkpt>
      <trkpt lat="46.14756" lon="6.72063">
        <ele>1962</ele>
        <time>2026-07-02T19:29:06+00:00</time>
      </trkpt>
      <trkpt lat="46.14747" lon="6.72063">
        <ele>1963</ele>
        <time>2026-07-02T19:29:09+00:00</time>
      </trkpt>
      <trkpt lat="46.14749" lon="6.7208">
        <ele>1971</ele>
        <time>2026-07-02T19:29:12+00:00</time>
      </trkpt>
      <trkpt lat="46.14748" lon="6.72085">
        <ele>1971</ele>
        <time>2026-07-02T19:29:15+00:00</time>
      </trkpt>
      <trkpt lat="46.14745" lon="6.7208">
        <ele>1967</ele>
        <time>2026-07-02T19:29:18+00:00</time>
      </trkpt>
      <trkpt lat="46.14743" lon="6.72078">
        <ele>1967</ele>
        <time>2026-07-02T19:29:21+00:00</time>
      </trkpt>
      <trkpt lat="46.14742" lon="6.72089">
        <ele>1971</ele>
        <time>2026-07-02T19:29:24+00:00</time>
      </trkpt>
      <trkpt lat="46.14738" lon="6.72086">
        <ele>1972</ele>
        <time>2026-07-02T19:29:27+00:00</time>
      </trkpt>
      <trkpt lat="46.14737" lon="6.72089">
        <ele>1972</ele>
        <time>2026-07-02T19:29:30+00:00</time>
      </trkpt>
      <trkpt lat="46.14734" lon="6.72087">
        <ele>1972</ele>
        <time>2026-07-02T19:29:33+00:00</time>
      </trkpt>
      <trkpt lat="46.1473" lon="6.72089">
        <ele>1972</ele>
        <time>2026-07-02T19:29:36+00:00</time>
      </trkpt>
      <trkpt lat="46.14729" lon="6.72089">
        <ele>1971</ele>
        <time>2026-07-02T19:29:39+00:00</time>
      </trkpt>
      <trkpt lat="46.14732" lon="6.72093">
        <ele>1980</ele>
        <time>2026-07-02T19:29:42+00:00</time>
      </trkpt>
      <trkpt lat="46.14732" lon="6.72099">
        <ele>1980</ele>
        <time>2026-07-02T19:29:45+00:00</time>
      </trkpt>
      <trkpt lat="46.14728" lon="6.721">
        <ele>1983</ele>
        <time>2026-07-02T19:29:48+00:00</time>
      </trkpt>
      <trkpt lat="46.1473" lon="6.72105">
        <ele>1987</ele>
        <time>2026-07-02T19:29:51+00:00</time>
      </trkpt>
      <trkpt lat="46.14727" lon="6.72106">
        <ele>1987</ele>
        <time>2026-07-02T19:29:54+00:00</time>
      </trkpt>
      <trkpt lat="46.14725" lon="6.72113">
        <ele>1991</ele>
        <time>2026-07-02T19:29:57+00:00</time>
      </trkpt>
      <trkpt lat="46.14722" lon="6.72109">
        <ele>1987</ele>
        <time>2026-07-02T19:30:00+00:00</time>
      </trkpt>
      <trkpt lat="46.14715" lon="6.72111">
        <ele>1992</ele>
        <time>2026-07-02T19:30:03+00:00</time>
      </trkpt>
      <trkpt lat="46.14719" lon="6.72116">
        <ele>1992</ele>
        <time>2026-07-02T19:30:06+00:00</time>
      </trkpt>
      <trkpt lat="46.14719" lon="6.7212">
        <ele>1992</ele>
        <time>2026-07-02T19:30:09+00:00</time>
      </trkpt>
      <trkpt lat="46.14713" lon="6.7212">
        <ele>1992</ele>
        <time>2026-07-02T19:30:12+00:00</time>
      </trkpt>
      <trkpt lat="46.14709" lon="6.72122">
        <ele>1996</ele>
        <time>2026-07-02T19:30:15+00:00</time>
      </trkpt>
      <trkpt lat="46.14711" lon="6.7213">
        <ele>1999</ele>
        <time>2026-07-02T19:30:18+00:00</time>
      </trkpt>
      <trkpt lat="46.14707" lon="6.72131">
        <ele>2000</ele>
        <time>2026-07-02T19:30:21+00:00</time>
      </trkpt>
      <trkpt lat="46.14708" lon="6.72134">
        <ele>2000</ele>
        <time>2026-07-02T19:30:24+00:00</time>
      </trkpt>
      <trkpt lat="46.14704" lon="6.72134">
        <ele>2000</ele>
        <time>2026-07-02T19:30:27+00:00</time>
      </trkpt>
      <trkpt lat="46.14703" lon="6.72136">
        <ele>2000</ele>
        <time>2026-07-02T19:30:30+00:00</time>
      </trkpt>
      <trkpt lat="46.14704" lon="6.72138">
        <ele>2000</ele>
        <time>2026-07-02T19:30:33+00:00</time>
      </trkpt>
      <trkpt lat="46.14703" lon="6.72142">
        <ele>2003</ele>
        <time>2026-07-02T19:30:36+00:00</time>
      </trkpt>
      <trkpt lat="46.14701" lon="6.72142">
        <ele>2003</ele>
        <time>2026-07-02T19:30:39+00:00</time>
      </trkpt>
      <trkpt lat="46.14699" lon="6.72148">
        <ele>2003</ele>
        <time>2026-07-02T19:30:42+00:00</time>
      </trkpt>
      <trkpt lat="46.14694" lon="6.72152">
        <ele>2009</ele>
        <time>2026-07-02T19:30:45+00:00</time>
      </trkpt>
      <trkpt lat="46.14689" lon="6.72156">
        <ele>2008</ele>
        <time>2026-07-02T19:30:48+00:00</time>
      </trkpt>
      <trkpt lat="46.14688" lon="6.72164">
        <ele>2012</ele>
        <time>2026-07-02T19:30:51+00:00</time>
      </trkpt>
      <trkpt lat="46.14684" lon="6.72167">
        <ele>2012</ele>
        <time>2026-07-02T19:30:54+00:00</time>
      </trkpt>
      <trkpt lat="46.14681" lon="6.72175">
        <ele>2014</ele>
        <time>2026-07-02T19:30:57+00:00</time>
      </trkpt>
      <trkpt lat="46.14678" lon="6.72181">
        <ele>2011</ele>
        <time>2026-07-02T19:31:00+00:00</time>
      </trkpt>
      <trkpt lat="46.14671" lon="6.72194">
        <ele>2016</ele>
        <time>2026-07-02T19:31:03+00:00</time>
      </trkpt>
      <trkpt lat="46.14672" lon="6.72198">
        <ele>2016</ele>
        <time>2026-07-02T19:31:06+00:00</time>
      </trkpt>
      <trkpt lat="46.14673" lon="6.72209">
        <ele>2009</ele>
        <time>2026-07-02T19:31:09+00:00</time>
      </trkpt>
      <trkpt lat="46.14674" lon="6.72222">
        <ele>2011</ele>
        <time>2026-07-02T19:31:12+00:00</time>
      </trkpt>
      <trkpt lat="46.14674" lon="6.72235">
        <ele>2010</ele>
        <time>2026-07-02T19:31:15+00:00</time>
      </trkpt>
      <trkpt lat="46.14675" lon="6.72245">
        <ele>2008</ele>
        <time>2026-07-02T19:31:18+00:00</time>
      </trkpt>
      <trkpt lat="46.14675" lon="6.72249">
        <ele>2008</ele>
        <time>2026-07-02T19:31:21+00:00</time>
      </trkpt>
      <trkpt lat="46.14675" lon="6.72251">
        <ele>2007</ele>
        <time>2026-07-02T19:31:24+00:00</time>
      </trkpt>
      <trkpt lat="46.14676" lon="6.72249">
        <ele>2008</ele>
        <time>2026-07-02T19:31:27+00:00</time>
      </trkpt>
      <trkpt lat="46.14678" lon="6.72247">
        <ele>2008</ele>
        <time>2026-07-02T19:31:30+00:00</time>
      </trkpt>
      <trkpt lat="46.1468" lon="6.72242">
        <ele>2008</ele>
        <time>2026-07-02T19:31:33+00:00</time>
      </trkpt>
      <trkpt lat="46.14683" lon="6.72235">
        <ele>2004</ele>
        <time>2026-07-02T19:31:36+00:00</time>
      </trkpt>
      <trkpt lat="46.14686" lon="6.72231">
        <ele>2004</ele>
        <time>2026-07-02T19:31:39+00:00</time>
      </trkpt>
      <trkpt lat="46.14688" lon="6.72226">
        <ele>2006</ele>
        <time>2026-07-02T19:31:42+00:00</time>
      </trkpt>
      <trkpt lat="46.1469" lon="6.72222">
        <ele>2006</ele>
        <time>2026-07-02T19:31:45+00:00</time>
      </trkpt>
      <trkpt lat="46.14692" lon="6.72217">
        <ele>2000</ele>
        <time>2026-07-02T19:31:48+00:00</time>
      </trkpt>
      <trkpt lat="46.14695" lon="6.72212">
        <ele>2000</ele>
        <time>2026-07-02T19:31:51+00:00</time>
      </trkpt>
      <trkpt lat="46.14698" lon="6.72208">
        <ele>2004</ele>
        <time>2026-07-02T19:31:54+00:00</time>
      </trkpt>
      <trkpt lat="46.147" lon="6.72205">
        <ele>1998</ele>
        <time>2026-07-02T19:31:57+00:00</time>
      </trkpt>
      <trkpt lat="46.14702" lon="6.72202">
        <ele>1998</ele>
        <time>2026-07-02T19:32:00+00:00</time>
      </trkpt>
      <trkpt lat="46.14703" lon="6.72199">
        <ele>2000</ele>
        <time>2026-07-02T19:32:03+00:00</time>
      </trkpt>
      <trkpt lat="46.14704" lon="6.72195">
        <ele>2000</ele>
        <time>2026-07-02T19:32:06+00:00</time>
      </trkpt>
      <trkpt lat="46.14708" lon="6.72189">
        <ele>2002</ele>
        <time>2026-07-02T19:32:09+00:00</time>
      </trkpt>
      <trkpt lat="46.14709" lon="6.72186">
        <ele>2002</ele>
        <time>2026-07-02T19:32:12+00:00</time>
      </trkpt>
      <trkpt lat="46.14709" lon="6.72182">
        <ele>2002</ele>
        <time>2026-07-02T19:32:15+00:00</time>
      </trkpt>
      <trkpt lat="46.14711" lon="6.72176">
        <ele>1995</ele>
        <time>2026-07-02T19:32:18+00:00</time>
      </trkpt>
      <trkpt lat="46.14712" lon="6.72173">
        <ele>1995</ele>
        <time>2026-07-02T19:32:21+00:00</time>
      </trkpt>
      <trkpt lat="46.14713" lon="6.72169">
        <ele>1997</ele>
        <time>2026-07-02T19:32:24+00:00</time>
      </trkpt>
      <trkpt lat="46.14714" lon="6.72165">
        <ele>1997</ele>
        <time>2026-07-02T19:32:27+00:00</time>
      </trkpt>
      <trkpt lat="46.14715" lon="6.72165">
        <ele>1997</ele>
        <time>2026-07-02T19:32:30+00:00</time>
      </trkpt>
      <trkpt lat="46.14716" lon="6.72165">
        <ele>1997</ele>
        <time>2026-07-02T19:32:33+00:00</time>
      </trkpt>
      <trkpt lat="46.14716" lon="6.72168">
        <ele>1997</ele>
        <time>2026-07-02T19:32:36+00:00</time>
      </trkpt>
      <trkpt lat="46.14716" lon="6.72173">
        <ele>1995</ele>
        <time>2026-07-02T19:32:39+00:00</time>
      </trkpt>
      <trkpt lat="46.14716" lon="6.7218">
        <ele>1995</ele>
        <time>2026-07-02T19:32:42+00:00</time>
      </trkpt>
      <trkpt lat="46.14716" lon="6.72187">
        <ele>1994</ele>
        <time>2026-07-02T19:32:45+00:00</time>
      </trkpt>
      <trkpt lat="46.14715" lon="6.72199">
        <ele>1993</ele>
        <time>2026-07-02T19:32:48+00:00</time>
      </trkpt>
      <trkpt lat="46.14716" lon="6.72206">
        <ele>1992</ele>
        <time>2026-07-02T19:32:51+00:00</time>
      </trkpt>
      <trkpt lat="46.14715" lon="6.72216">
        <ele>1989</ele>
        <time>2026-07-02T19:32:54+00:00</time>
      </trkpt>
      <trkpt lat="46.14714" lon="6.72223">
        <ele>1986</ele>
        <time>2026-07-02T19:32:57+00:00</time>
      </trkpt>
      <trkpt lat="46.14713" lon="6.72228">
        <ele>1986</ele>
        <time>2026-07-02T19:33:00+00:00</time>
      </trkpt>
      <trkpt lat="46.14713" lon="6.72232">
        <ele>1984</ele>
        <time>2026-07-02T19:33:03+00:00</time>
      </trkpt>
      <trkpt lat="46.14715" lon="6.72235">
        <ele>1984</ele>
        <time>2026-07-02T19:33:06+00:00</time>
      </trkpt>
      <trkpt lat="46.14715" lon="6.72237">
        <ele>1984</ele>
        <time>2026-07-02T19:33:09+00:00</time>
      </trkpt>
      <trkpt lat="46.14715" lon="6.72241">
        <ele>1984</ele>
        <time>2026-07-02T19:33:12+00:00</time>
      </trkpt>
      <trkpt lat="46.14715" lon="6.72245">
        <ele>1984</ele>
        <time>2026-07-02T19:33:15+00:00</time>
      </trkpt>
      <trkpt lat="46.14717" lon="6.72248">
        <ele>1984</ele>
        <time>2026-07-02T19:33:18+00:00</time>
      </trkpt>
      <trkpt lat="46.1472" lon="6.7225">
        <ele>1984</ele>
        <time>2026-07-02T19:33:21+00:00</time>
      </trkpt>
      <trkpt lat="46.14723" lon="6.72253">
        <ele>1977</ele>
        <time>2026-07-02T19:33:24+00:00</time>
      </trkpt>
      <trkpt lat="46.14726" lon="6.72253">
        <ele>1977</ele>
        <time>2026-07-02T19:33:27+00:00</time>
      </trkpt>
      <trkpt lat="46.14727" lon="6.72252">
        <ele>1977</ele>
        <time>2026-07-02T19:33:30+00:00</time>
      </trkpt>
      <trkpt lat="46.14728" lon="6.72251">
        <ele>1977</ele>
        <time>2026-07-02T19:33:33+00:00</time>
      </trkpt>
      <trkpt lat="46.1473" lon="6.72248">
        <ele>1977</ele>
        <time>2026-07-02T19:33:36+00:00</time>
      </trkpt>
      <trkpt lat="46.14731" lon="6.72247">
        <ele>1971</ele>
        <time>2026-07-02T19:33:39+00:00</time>
      </trkpt>
      <trkpt lat="46.14733" lon="6.72245">
        <ele>1971</ele>
        <time>2026-07-02T19:33:42+00:00</time>
      </trkpt>
      <trkpt lat="46.14734" lon="6.72244">
        <ele>1971</ele>
        <time>2026-07-02T19:33:45+00:00</time>
      </trkpt>
      <trkpt lat="46.14735" lon="6.72245">
        <ele>1971</ele>
        <time>2026-07-02T19:33:48+00:00</time>
      </trkpt>
      <trkpt lat="46.14737" lon="6.72247">
        <ele>1971</ele>
        <time>2026-07-02T19:33:51+00:00</time>
      </trkpt>
      <trkpt lat="46.14738" lon="6.72249">
        <ele>1971</ele>
        <time>2026-07-02T19:33:54+00:00</time>
      </trkpt>
      <trkpt lat="46.14739" lon="6.72251">
        <ele>1970</ele>
        <time>2026-07-02T19:33:57+00:00</time>
      </trkpt>
      <trkpt lat="46.14739" lon="6.72253">
        <ele>1970</ele>
        <time>2026-07-02T19:34:00+00:00</time>
      </trkpt>
      <trkpt lat="46.14742" lon="6.72256">
        <ele>1964</ele>
        <time>2026-07-02T19:34:03+00:00</time>
      </trkpt>
      <trkpt lat="46.14744" lon="6.72258">
        <ele>1964</ele>
        <time>2026-07-02T19:34:06+00:00</time>
      </trkpt>
      <trkpt lat="46.14746" lon="6.7226">
        <ele>1965</ele>
        <time>2026-07-02T19:34:09+00:00</time>
      </trkpt>
      <trkpt lat="46.14748" lon="6.72262">
        <ele>1965</ele>
        <time>2026-07-02T19:34:12+00:00</time>
      </trkpt>
      <trkpt lat="46.1475" lon="6.72263">
        <ele>1965</ele>
        <time>2026-07-02T19:34:15+00:00</time>
      </trkpt>
      <trkpt lat="46.14752" lon="6.72265">
        <ele>1959</ele>
        <time>2026-07-02T19:34:18+00:00</time>
      </trkpt>
      <trkpt lat="46.14754" lon="6.72266">
        <ele>1959</ele>
        <time>2026-07-02T19:34:21+00:00</time>
      </trkpt>
      <trkpt lat="46.14755" lon="6.72267">
        <ele>1959</ele>
        <time>2026-07-02T19:34:24+00:00</time>
      </trkpt>
      <trkpt lat="46.14757" lon="6.72269">
        <ele>1959</ele>
        <time>2026-07-02T19:34:27+00:00</time>
      </trkpt>
      <trkpt lat="46.14759" lon="6.7227">
        <ele>1959</ele>
        <time>2026-07-02T19:34:30+00:00</time>
      </trkpt>
      <trkpt lat="46.14768" lon="6.7228">
        <ele>1958</ele>
        <time>2026-07-02T19:34:33+00:00</time>
      </trkpt>
      <trkpt lat="46.14771" lon="6.7228">
        <ele>1955</ele>
        <time>2026-07-02T19:34:36+00:00</time>
      </trkpt>
      <trkpt lat="46.14773" lon="6.72278">
        <ele>1955</ele>
        <time>2026-07-02T19:34:39+00:00</time>
      </trkpt>
      <trkpt lat="46.14778" lon="6.72274">
        <ele>1955</ele>
        <time>2026-07-02T19:34:42+00:00</time>
      </trkpt>
      <trkpt lat="46.14782" lon="6.72265">
        <ele>1950</ele>
        <time>2026-07-02T19:34:45+00:00</time>
      </trkpt>
      <trkpt lat="46.14783" lon="6.7226">
        <ele>1949</ele>
        <time>2026-07-02T19:34:48+00:00</time>
      </trkpt>
      <trkpt lat="46.14784" lon="6.7226">
        <ele>1949</ele>
        <time>2026-07-02T19:34:51+00:00</time>
      </trkpt>
      <trkpt lat="46.14786" lon="6.72265">
        <ele>1950</ele>
        <time>2026-07-02T19:34:54+00:00</time>
      </trkpt>
      <trkpt lat="46.14787" lon="6.72272">
        <ele>1950</ele>
        <time>2026-07-02T19:34:57+00:00</time>
      </trkpt>
      <trkpt lat="46.14788" lon="6.72277">
        <ele>1950</ele>
        <time>2026-07-02T19:35:00+00:00</time>
      </trkpt>
      <trkpt lat="46.14792" lon="6.72281">
        <ele>1937</ele>
        <time>2026-07-02T19:35:03+00:00</time>
      </trkpt>
      <trkpt lat="46.14797" lon="6.72287">
        <ele>1937</ele>
        <time>2026-07-02T19:35:06+00:00</time>
      </trkpt>
      <trkpt lat="46.14806" lon="6.72296">
        <ele>1933</ele>
        <time>2026-07-02T19:35:09+00:00</time>
      </trkpt>
      <trkpt lat="46.14809" lon="6.72295">
        <ele>1933</ele>
        <time>2026-07-02T19:35:12+00:00</time>
      </trkpt>
      <trkpt lat="46.14818" lon="6.72302">
        <ele>1929</ele>
        <time>2026-07-02T19:35:15+00:00</time>
      </trkpt>
      <trkpt lat="46.14822" lon="6.72302">
        <ele>1925</ele>
        <time>2026-07-02T19:35:18+00:00</time>
      </trkpt>
      <trkpt lat="46.14827" lon="6.72301">
        <ele>1925</ele>
        <time>2026-07-02T19:35:21+00:00</time>
      </trkpt>
      <trkpt lat="46.14833" lon="6.723">
        <ele>1923</ele>
        <time>2026-07-02T19:35:24+00:00</time>
      </trkpt>
      <trkpt lat="46.14844" lon="6.72292">
        <ele>1920</ele>
        <time>2026-07-02T19:35:27+00:00</time>
      </trkpt>
      <trkpt lat="46.14852" lon="6.72278">
        <ele>1914</ele>
        <time>2026-07-02T19:35:30+00:00</time>
      </trkpt>
      <trkpt lat="46.14859" lon="6.72265">
        <ele>1910</ele>
        <time>2026-07-02T19:35:33+00:00</time>
      </trkpt>
      <trkpt lat="46.14862" lon="6.72263">
        <ele>1907</ele>
        <time>2026-07-02T19:35:36+00:00</time>
      </trkpt>
      <trkpt lat="46.14891" lon="6.72269">
        <ele>1894</ele>
        <time>2026-07-02T19:35:39+00:00</time>
      </trkpt>
      <trkpt lat="46.14911" lon="6.72262">
        <ele>1885</ele>
        <time>2026-07-02T19:35:42+00:00</time>
      </trkpt>
      <trkpt lat="46.14914" lon="6.72262">
        <ele>1885</ele>
        <time>2026-07-02T19:35:45+00:00</time>
      </trkpt>
      <trkpt lat="46.14918" lon="6.72259">
        <ele>1881</ele>
        <time>2026-07-02T19:35:48+00:00</time>
      </trkpt>
      <trkpt lat="46.1492" lon="6.72259">
        <ele>1874</ele>
        <time>2026-07-02T19:35:51+00:00</time>
      </trkpt>
      <trkpt lat="46.14922" lon="6.72259">
        <ele>1874</ele>
        <time>2026-07-02T19:35:54+00:00</time>
      </trkpt>
      <trkpt lat="46.14926" lon="6.7226">
        <ele>1878</ele>
        <time>2026-07-02T19:35:57+00:00</time>
      </trkpt>
      <trkpt lat="46.14938" lon="6.72256">
        <ele>1873</ele>
        <time>2026-07-02T19:36:00+00:00</time>
      </trkpt>
      <trkpt lat="46.14947" lon="6.72249">
        <ele>1870</ele>
        <time>2026-07-02T19:36:03+00:00</time>
      </trkpt>
      <trkpt lat="46.14956" lon="6.72246">
        <ele>1868</ele>
        <time>2026-07-02T19:36:06+00:00</time>
      </trkpt>
      <trkpt lat="46.14963" lon="6.72253">
        <ele>1867</ele>
        <time>2026-07-02T19:36:09+00:00</time>
      </trkpt>
      <trkpt lat="46.14976" lon="6.72253">
        <ele>1863</ele>
        <time>2026-07-02T19:36:12+00:00</time>
      </trkpt>
      <trkpt lat="46.14974" lon="6.72247">
        <ele>1861</ele>
        <time>2026-07-02T19:36:15+00:00</time>
      </trkpt>
      <trkpt lat="46.14983" lon="6.72245">
        <ele>1854</ele>
        <time>2026-07-02T19:36:18+00:00</time>
      </trkpt>
      <trkpt lat="46.14977" lon="6.72234">
        <ele>1858</ele>
        <time>2026-07-02T19:36:21+00:00</time>
      </trkpt>
      <trkpt lat="46.14975" lon="6.72227">
        <ele>1855</ele>
        <time>2026-07-02T19:36:24+00:00</time>
      </trkpt>
      <trkpt lat="46.14991" lon="6.72226">
        <ele>1846</ele>
        <time>2026-07-02T19:36:27+00:00</time>
      </trkpt>
      <trkpt lat="46.15002" lon="6.72227">
        <ele>1842</ele>
        <time>2026-07-02T19:36:30+00:00</time>
      </trkpt>
      <trkpt lat="46.15016" lon="6.72224">
        <ele>1838</ele>
        <time>2026-07-02T19:36:33+00:00</time>
      </trkpt>
      <trkpt lat="46.15034" lon="6.72217">
        <ele>1827</ele>
        <time>2026-07-02T19:36:36+00:00</time>
      </trkpt>
      <trkpt lat="46.15046" lon="6.72209">
        <ele>1814</ele>
        <time>2026-07-02T19:36:39+00:00</time>
      </trkpt>
      <trkpt lat="46.15061" lon="6.72207">
        <ele>1809</ele>
        <time>2026-07-02T19:36:42+00:00</time>
      </trkpt>
      <trkpt lat="46.15067" lon="6.72201">
        <ele>1809</ele>
        <time>2026-07-02T19:36:45+00:00</time>
      </trkpt>
      <trkpt lat="46.15074" lon="6.72196">
        <ele>1804</ele>
        <time>2026-07-02T19:36:48+00:00</time>
      </trkpt>
      <trkpt lat="46.15081" lon="6.72191">
        <ele>1804</ele>
        <time>2026-07-02T19:36:51+00:00</time>
      </trkpt>
      <trkpt lat="46.15084" lon="6.72192">
        <ele>1804</ele>
        <time>2026-07-02T19:36:54+00:00</time>
      </trkpt>
      <trkpt lat="46.15091" lon="6.72187">
        <ele>1799</ele>
        <time>2026-07-02T19:36:57+00:00</time>
      </trkpt>
      <trkpt lat="46.15094" lon="6.72181">
        <ele>1799</ele>
        <time>2026-07-02T19:37:00+00:00</time>
      </trkpt>
      <trkpt lat="46.15111" lon="6.72173">
        <ele>1786</ele>
        <time>2026-07-02T19:37:03+00:00</time>
      </trkpt>
      <trkpt lat="46.15125" lon="6.72171">
        <ele>1780</ele>
        <time>2026-07-02T19:37:06+00:00</time>
      </trkpt>
      <trkpt lat="46.15135" lon="6.72177">
        <ele>1775</ele>
        <time>2026-07-02T19:37:09+00:00</time>
      </trkpt>
      <trkpt lat="46.15135" lon="6.72172">
        <ele>1775</ele>
        <time>2026-07-02T19:37:12+00:00</time>
      </trkpt>
      <trkpt lat="46.15138" lon="6.72172">
        <ele>1775</ele>
        <time>2026-07-02T19:37:15+00:00</time>
      </trkpt>
      <trkpt lat="46.15139" lon="6.72168">
        <ele>1772</ele>
        <time>2026-07-02T19:37:18+00:00</time>
      </trkpt>
      <trkpt lat="46.15138" lon="6.7216">
        <ele>1772</ele>
        <time>2026-07-02T19:37:21+00:00</time>
      </trkpt>
      <trkpt lat="46.1514" lon="6.72159">
        <ele>1768</ele>
        <time>2026-07-02T19:37:24+00:00</time>
      </trkpt>
      <trkpt lat="46.15147" lon="6.72162">
        <ele>1769</ele>
        <time>2026-07-02T19:37:27+00:00</time>
      </trkpt>
      <trkpt lat="46.15148" lon="6.72156">
        <ele>1767</ele>
        <time>2026-07-02T19:37:30+00:00</time>
      </trkpt>
      <trkpt lat="46.15153" lon="6.72152">
        <ele>1764</ele>
        <time>2026-07-02T19:37:33+00:00</time>
      </trkpt>
      <trkpt lat="46.15156" lon="6.72152">
        <ele>1764</ele>
        <time>2026-07-02T19:37:36+00:00</time>
      </trkpt>
      <trkpt lat="46.15158" lon="6.72154">
        <ele>1764</ele>
        <time>2026-07-02T19:37:39+00:00</time>
      </trkpt>
      <trkpt lat="46.15159" lon="6.72148">
        <ele>1756</ele>
        <time>2026-07-02T19:37:42+00:00</time>
      </trkpt>
      <trkpt lat="46.1516" lon="6.72147">
        <ele>1756</ele>
        <time>2026-07-02T19:37:45+00:00</time>
      </trkpt>
      <trkpt lat="46.15166" lon="6.72159">
        <ele>1759</ele>
        <time>2026-07-02T19:37:48+00:00</time>
      </trkpt>
      <trkpt lat="46.15172" lon="6.72163">
        <ele>1755</ele>
        <time>2026-07-02T19:37:51+00:00</time>
      </trkpt>
      <trkpt lat="46.15177" lon="6.72136">
        <ele>1752</ele>
        <time>2026-07-02T19:37:54+00:00</time>
      </trkpt>
      <trkpt lat="46.15186" lon="6.72131">
        <ele>1752</ele>
        <time>2026-07-02T19:37:57+00:00</time>
      </trkpt>
      <trkpt lat="46.15196" lon="6.72126">
        <ele>1749</ele>
        <time>2026-07-02T19:38:00+00:00</time>
      </trkpt>
      <trkpt lat="46.15204" lon="6.7211">
        <ele>1746</ele>
        <time>2026-07-02T19:38:03+00:00</time>
      </trkpt>
      <trkpt lat="46.15209" lon="6.72094">
        <ele>1736</ele>
        <time>2026-07-02T19:38:06+00:00</time>
      </trkpt>
      <trkpt lat="46.15219" lon="6.72083">
        <ele>1726</ele>
        <time>2026-07-02T19:38:09+00:00</time>
      </trkpt>
      <trkpt lat="46.1525" lon="6.72065">
        <ele>1722</ele>
        <time>2026-07-02T19:38:12+00:00</time>
      </trkpt>
      <trkpt lat="46.15255" lon="6.72062">
        <ele>1722</ele>
        <time>2026-07-02T19:38:15+00:00</time>
      </trkpt>
      <trkpt lat="46.1526" lon="6.72056">
        <ele>1719</ele>
        <time>2026-07-02T19:38:18+00:00</time>
      </trkpt>
      <trkpt lat="46.15267" lon="6.72055">
        <ele>1721</ele>
        <time>2026-07-02T19:38:21+00:00</time>
      </trkpt>
      <trkpt lat="46.1528" lon="6.72056">
        <ele>1720</ele>
        <time>2026-07-02T19:38:24+00:00</time>
      </trkpt>
      <trkpt lat="46.15287" lon="6.72056">
        <ele>1720</ele>
        <time>2026-07-02T19:38:27+00:00</time>
      </trkpt>
      <trkpt lat="46.15297" lon="6.72052">
        <ele>1720</ele>
        <time>2026-07-02T19:38:30+00:00</time>
      </trkpt>
      <trkpt lat="46.15315" lon="6.72055">
        <ele>1719</ele>
        <time>2026-07-02T19:38:33+00:00</time>
      </trkpt>
      <trkpt lat="46.15321" lon="6.72062">
        <ele>1718</ele>
        <time>2026-07-02T19:38:36+00:00</time>
      </trkpt>
      <trkpt lat="46.15328" lon="6.72071">
        <ele>1720</ele>
        <time>2026-07-02T19:38:39+00:00</time>
      </trkpt>
      <trkpt lat="46.1533" lon="6.72063">
        <ele>1718</ele>
        <time>2026-07-02T19:38:42+00:00</time>
      </trkpt>
      <trkpt lat="46.15329" lon="6.72039">
        <ele>1710</ele>
        <time>2026-07-02T19:38:45+00:00</time>
      </trkpt>
      <trkpt lat="46.15336" lon="6.7204">
        <ele>1708</ele>
        <time>2026-07-02T19:38:48+00:00</time>
      </trkpt>
      <trkpt lat="46.15345" lon="6.72031">
        <ele>1704</ele>
        <time>2026-07-02T19:38:51+00:00</time>
      </trkpt>
      <trkpt lat="46.15345" lon="6.72015">
        <ele>1696</ele>
        <time>2026-07-02T19:38:54+00:00</time>
      </trkpt>
      <trkpt lat="46.15337" lon="6.71999">
        <ele>1692</ele>
        <time>2026-07-02T19:38:57+00:00</time>
      </trkpt>
      <trkpt lat="46.15353" lon="6.71991">
        <ele>1691</ele>
        <time>2026-07-02T19:39:00+00:00</time>
      </trkpt>
      <trkpt lat="46.15365" lon="6.71985">
        <ele>1687</ele>
        <time>2026-07-02T19:39:03+00:00</time>
      </trkpt>
      <trkpt lat="46.15375" lon="6.71986">
        <ele>1686</ele>
        <time>2026-07-02T19:39:06+00:00</time>
      </trkpt>
      <trkpt lat="46.15383" lon="6.71986">
        <ele>1684</ele>
        <time>2026-07-02T19:39:09+00:00</time>
      </trkpt>
      <trkpt lat="46.1539" lon="6.71983">
        <ele>1684</ele>
        <time>2026-07-02T19:39:12+00:00</time>
      </trkpt>
      <trkpt lat="46.15403" lon="6.71981">
        <ele>1682</ele>
        <time>2026-07-02T19:39:15+00:00</time>
      </trkpt>
      <trkpt lat="46.15444" lon="6.71969">
        <ele>1676</ele>
        <time>2026-07-02T19:39:18+00:00</time>
      </trkpt>
      <trkpt lat="46.15451" lon="6.71976">
        <ele>1676</ele>
        <time>2026-07-02T19:39:21+00:00</time>
      </trkpt>
      <trkpt lat="46.15456" lon="6.71978">
        <ele>1676</ele>
        <time>2026-07-02T19:39:24+00:00</time>
      </trkpt>
      <trkpt lat="46.15471" lon="6.71988">
        <ele>1667</ele>
        <time>2026-07-02T19:39:27+00:00</time>
      </trkpt>
      <trkpt lat="46.15475" lon="6.71978">
        <ele>1666</ele>
        <time>2026-07-02T19:39:30+00:00</time>
      </trkpt>
      <trkpt lat="46.15478" lon="6.71969">
        <ele>1665</ele>
        <time>2026-07-02T19:39:33+00:00</time>
      </trkpt>
      <trkpt lat="46.15486" lon="6.71968">
        <ele>1662</ele>
        <time>2026-07-02T19:39:36+00:00</time>
      </trkpt>
      <trkpt lat="46.1549" lon="6.71971">
        <ele>1663</ele>
        <time>2026-07-02T19:39:39+00:00</time>
      </trkpt>
      <trkpt lat="46.15493" lon="6.71974">
        <ele>1660</ele>
        <time>2026-07-02T19:39:42+00:00</time>
      </trkpt>
      <trkpt lat="46.15494" lon="6.71972">
        <ele>1660</ele>
        <time>2026-07-02T19:39:45+00:00</time>
      </trkpt>
      <trkpt lat="46.15494" lon="6.71964">
        <ele>1659</ele>
        <time>2026-07-02T19:39:48+00:00</time>
      </trkpt>
      <trkpt lat="46.15522" lon="6.71948">
        <ele>1651</ele>
        <time>2026-07-02T19:39:51+00:00</time>
      </trkpt>
      <trkpt lat="46.1553" lon="6.71945">
        <ele>1651</ele>
        <time>2026-07-02T19:39:54+00:00</time>
      </trkpt>
      <trkpt lat="46.15535" lon="6.71945">
        <ele>1648</ele>
        <time>2026-07-02T19:39:57+00:00</time>
      </trkpt>
      <trkpt lat="46.15538" lon="6.7195">
        <ele>1648</ele>
        <time>2026-07-02T19:40:00+00:00</time>
      </trkpt>
      <trkpt lat="46.15538" lon="6.7195">
        <ele>1648</ele>
        <time>2026-07-02T19:40:03+00:00</time>
      </trkpt>
      <trkpt lat="46.15545" lon="6.7196">
        <ele>1644</ele>
        <time>2026-07-02T19:40:06+00:00</time>
      </trkpt>
      <trkpt lat="46.1555" lon="6.71944">
        <ele>1643</ele>
        <time>2026-07-02T19:40:09+00:00</time>
      </trkpt>
      <trkpt lat="46.1556" lon="6.71935">
        <ele>1638</ele>
        <time>2026-07-02T19:40:12+00:00</time>
      </trkpt>
      <trkpt lat="46.1558" lon="6.71914">
        <ele>1633</ele>
        <time>2026-07-02T19:40:15+00:00</time>
      </trkpt>
      <trkpt lat="46.15584" lon="6.7191">
        <ele>1630</ele>
        <time>2026-07-02T19:40:18+00:00</time>
      </trkpt>
      <trkpt lat="46.1559" lon="6.71912">
        <ele>1631</ele>
        <time>2026-07-02T19:40:21+00:00</time>
      </trkpt>
      <trkpt lat="46.1559" lon="6.71901">
        <ele>1627</ele>
        <time>2026-07-02T19:40:24+00:00</time>
      </trkpt>
      <trkpt lat="46.15595" lon="6.71902">
        <ele>1627</ele>
        <time>2026-07-02T19:40:27+00:00</time>
      </trkpt>
      <trkpt lat="46.15596" lon="6.719">
        <ele>1627</ele>
        <time>2026-07-02T19:40:30+00:00</time>
      </trkpt>
      <trkpt lat="46.15595" lon="6.71882">
        <ele>1623</ele>
        <time>2026-07-02T19:40:33+00:00</time>
      </trkpt>
      <trkpt lat="46.15612" lon="6.71869">
        <ele>1608</ele>
        <time>2026-07-02T19:40:36+00:00</time>
      </trkpt>
      <trkpt lat="46.15622" lon="6.71843">
        <ele>1601</ele>
        <time>2026-07-02T19:40:39+00:00</time>
      </trkpt>
      <trkpt lat="46.15631" lon="6.71819">
        <ele>1592</ele>
        <time>2026-07-02T19:40:42+00:00</time>
      </trkpt>
      <trkpt lat="46.15637" lon="6.71812">
        <ele>1592</ele>
        <time>2026-07-02T19:40:45+00:00</time>
      </trkpt>
      <trkpt lat="46.15647" lon="6.71806">
        <ele>1589</ele>
        <time>2026-07-02T19:40:48+00:00</time>
      </trkpt>
      <trkpt lat="46.15659" lon="6.71805">
        <ele>1587</ele>
        <time>2026-07-02T19:40:51+00:00</time>
      </trkpt>
      <trkpt lat="46.15667" lon="6.71817">
        <ele>1584</ele>
        <time>2026-07-02T19:40:54+00:00</time>
      </trkpt>
      <trkpt lat="46.15672" lon="6.71821">
        <ele>1581</ele>
        <time>2026-07-02T19:40:57+00:00</time>
      </trkpt>
      <trkpt lat="46.1568" lon="6.71819">
        <ele>1576</ele>
        <time>2026-07-02T19:41:00+00:00</time>
      </trkpt>
      <trkpt lat="46.15689" lon="6.7181">
        <ele>1575</ele>
        <time>2026-07-02T19:41:03+00:00</time>
      </trkpt>
      <trkpt lat="46.15697" lon="6.71806">
        <ele>1573</ele>
        <time>2026-07-02T19:41:06+00:00</time>
      </trkpt>
      <trkpt lat="46.157" lon="6.71799">
        <ele>1571</ele>
        <time>2026-07-02T19:41:09+00:00</time>
      </trkpt>
      <trkpt lat="46.15709" lon="6.71792">
        <ele>1567</ele>
        <time>2026-07-02T19:41:12+00:00</time>
      </trkpt>
      <trkpt lat="46.15717" lon="6.71794">
        <ele>1564</ele>
        <time>2026-07-02T19:41:15+00:00</time>
      </trkpt>
      <trkpt lat="46.1573" lon="6.71795">
        <ele>1562</ele>
        <time>2026-07-02T19:41:18+00:00</time>
      </trkpt>
      <trkpt lat="46.15746" lon="6.71793">
        <ele>1555</ele>
        <time>2026-07-02T19:41:21+00:00</time>
      </trkpt>
      <trkpt lat="46.15744" lon="6.718">
        <ele>1555</ele>
        <time>2026-07-02T19:41:24+00:00</time>
      </trkpt>
      <trkpt lat="46.15743" lon="6.71806">
        <ele>1555</ele>
        <time>2026-07-02T19:41:27+00:00</time>
      </trkpt>
      <trkpt lat="46.15744" lon="6.71815">
        <ele>1555</ele>
        <time>2026-07-02T19:41:30+00:00</time>
      </trkpt>
      <trkpt lat="46.15744" lon="6.71824">
        <ele>1554</ele>
        <time>2026-07-02T19:41:33+00:00</time>
      </trkpt>
      <trkpt lat="46.15741" lon="6.71832">
        <ele>1554</ele>
        <time>2026-07-02T19:41:36+00:00</time>
      </trkpt>
      <trkpt lat="46.15738" lon="6.71839">
        <ele>1555</ele>
        <time>2026-07-02T19:41:39+00:00</time>
      </trkpt>
      <trkpt lat="46.15733" lon="6.71845">
        <ele>1551</ele>
        <time>2026-07-02T19:41:42+00:00</time>
      </trkpt>
      <trkpt lat="46.15733" lon="6.71847">
        <ele>1553</ele>
        <time>2026-07-02T19:41:45+00:00</time>
      </trkpt>
      <trkpt lat="46.15733" lon="6.71853">
        <ele>1550</ele>
        <time>2026-07-02T19:41:48+00:00</time>
      </trkpt>
      <trkpt lat="46.15733" lon="6.7186">
        <ele>1550</ele>
        <time>2026-07-02T19:41:51+00:00</time>
      </trkpt>
      <trkpt lat="46.15725" lon="6.71874">
        <ele>1553</ele>
        <time>2026-07-02T19:41:54+00:00</time>
      </trkpt>
      <trkpt lat="46.15721" lon="6.71881">
        <ele>1550</ele>
        <time>2026-07-02T19:41:57+00:00</time>
      </trkpt>
      <trkpt lat="46.15718" lon="6.71889">
        <ele>1555</ele>
        <time>2026-07-02T19:42:00+00:00</time>
      </trkpt>
      <trkpt lat="46.15713" lon="6.71898">
        <ele>1553</ele>
        <time>2026-07-02T19:42:03+00:00</time>
      </trkpt>
      <trkpt lat="46.15709" lon="6.71905">
        <ele>1555</ele>
        <time>2026-07-02T19:42:06+00:00</time>
      </trkpt>
      <trkpt lat="46.15706" lon="6.71913">
        <ele>1552</ele>
        <time>2026-07-02T19:42:09+00:00</time>
      </trkpt>
      <trkpt lat="46.15701" lon="6.71921">
        <ele>1558</ele>
        <time>2026-07-02T19:42:12+00:00</time>
      </trkpt>
      <trkpt lat="46.15695" lon="6.71929">
        <ele>1559</ele>
        <time>2026-07-02T19:42:15+00:00</time>
      </trkpt>
      <trkpt lat="46.15692" lon="6.71935">
        <ele>1555</ele>
        <time>2026-07-02T19:42:18+00:00</time>
      </trkpt>
      <trkpt lat="46.15686" lon="6.71939">
        <ele>1563</ele>
        <time>2026-07-02T19:42:21+00:00</time>
      </trkpt>
      <trkpt lat="46.1568" lon="6.71943">
        <ele>1565</ele>
        <time>2026-07-02T19:42:24+00:00</time>
      </trkpt>
      <trkpt lat="46.15671" lon="6.71948">
        <ele>1565</ele>
        <time>2026-07-02T19:42:27+00:00</time>
      </trkpt>
      <trkpt lat="46.15668" lon="6.71953">
        <ele>1557</ele>
        <time>2026-07-02T19:42:30+00:00</time>
      </trkpt>
      <trkpt lat="46.15666" lon="6.71957">
        <ele>1568</ele>
        <time>2026-07-02T19:42:33+00:00</time>
      </trkpt>
      <trkpt lat="46.15663" lon="6.7196">
        <ele>1568</ele>
        <time>2026-07-02T19:42:36+00:00</time>
      </trkpt>
      <trkpt lat="46.15657" lon="6.71963">
        <ele>1559</ele>
        <time>2026-07-02T19:42:39+00:00</time>
      </trkpt>
      <trkpt lat="46.15651" lon="6.7197">
        <ele>1558</ele>
        <time>2026-07-02T19:42:42+00:00</time>
      </trkpt>
      <trkpt lat="46.15644" lon="6.71978">
        <ele>1560</ele>
        <time>2026-07-02T19:42:45+00:00</time>
      </trkpt>
      <trkpt lat="46.15639" lon="6.71987">
        <ele>1564</ele>
        <time>2026-07-02T19:42:48+00:00</time>
      </trkpt>
      <trkpt lat="46.15633" lon="6.71996">
        <ele>1558</ele>
        <time>2026-07-02T19:42:51+00:00</time>
      </trkpt>
      <trkpt lat="46.15629" lon="6.72006">
        <ele>1565</ele>
        <time>2026-07-02T19:42:54+00:00</time>
      </trkpt>
      <trkpt lat="46.15625" lon="6.72015">
        <ele>1559</ele>
        <time>2026-07-02T19:42:57+00:00</time>
      </trkpt>
      <trkpt lat="46.15624" lon="6.7202">
        <ele>1559</ele>
        <time>2026-07-02T19:43:00+00:00</time>
      </trkpt>
      <trkpt lat="46.1562" lon="6.72026">
        <ele>1551</ele>
        <time>2026-07-02T19:43:03+00:00</time>
      </trkpt>
      <trkpt lat="46.15616" lon="6.7203">
        <ele>1553</ele>
        <time>2026-07-02T19:43:06+00:00</time>
      </trkpt>
      <trkpt lat="46.1561" lon="6.72035">
        <ele>1559</ele>
        <time>2026-07-02T19:43:09+00:00</time>
      </trkpt>
      <trkpt lat="46.15605" lon="6.72038">
        <ele>1559</ele>
        <time>2026-07-02T19:43:12+00:00</time>
      </trkpt>
      <trkpt lat="46.15602" lon="6.72043">
        <ele>1552</ele>
        <time>2026-07-02T19:43:15+00:00</time>
      </trkpt>
      <trkpt lat="46.15596" lon="6.72048">
        <ele>1558</ele>
        <time>2026-07-02T19:43:18+00:00</time>
      </trkpt>
      <trkpt lat="46.1559" lon="6.7205">
        <ele>1555</ele>
        <time>2026-07-02T19:43:21+00:00</time>
      </trkpt>
      <trkpt lat="46.15584" lon="6.72053">
        <ele>1573</ele>
        <time>2026-07-02T19:43:24+00:00</time>
      </trkpt>
      <trkpt lat="46.15578" lon="6.72058">
        <ele>1587</ele>
        <time>2026-07-02T19:43:27+00:00</time>
      </trkpt>
      <trkpt lat="46.15573" lon="6.72064">
        <ele>1571</ele>
        <time>2026-07-02T19:43:30+00:00</time>
      </trkpt>
      <trkpt lat="46.15569" lon="6.72066">
        <ele>1587</ele>
        <time>2026-07-02T19:43:33+00:00</time>
      </trkpt>
      <trkpt lat="46.15568" lon="6.72066">
        <ele>1587</ele>
        <time>2026-07-02T19:43:36+00:00</time>
      </trkpt>
      <trkpt lat="46.15565" lon="6.72066">
        <ele>1587</ele>
        <time>2026-07-02T19:43:39+00:00</time>
      </trkpt>
      <trkpt lat="46.15563" lon="6.72067">
        <ele>1587</ele>
        <time>2026-07-02T19:43:42+00:00</time>
      </trkpt>
      <trkpt lat="46.15558" lon="6.72069">
        <ele>1596</ele>
        <time>2026-07-02T19:43:45+00:00</time>
      </trkpt>
      <trkpt lat="46.15553" lon="6.72073">
        <ele>1584</ele>
        <time>2026-07-02T19:43:48+00:00</time>
      </trkpt>
      <trkpt lat="46.1555" lon="6.72077">
        <ele>1572</ele>
        <time>2026-07-02T19:43:51+00:00</time>
      </trkpt>
      <trkpt lat="46.15547" lon="6.72082">
        <ele>1571</ele>
        <time>2026-07-02T19:43:54+00:00</time>
      </trkpt>
      <trkpt lat="46.15544" lon="6.72086">
        <ele>1571</ele>
        <time>2026-07-02T19:43:57+00:00</time>
      </trkpt>
      <trkpt lat="46.15539" lon="6.72091">
        <ele>1558</ele>
        <time>2026-07-02T19:44:00+00:00</time>
      </trkpt>
      <trkpt lat="46.15536" lon="6.72094">
        <ele>1558</ele>
        <time>2026-07-02T19:44:03+00:00</time>
      </trkpt>
      <trkpt lat="46.15531" lon="6.721">
        <ele>1558</ele>
        <time>2026-07-02T19:44:06+00:00</time>
      </trkpt>
      <trkpt lat="46.15527" lon="6.72104">
        <ele>1554</ele>
        <time>2026-07-02T19:44:09+00:00</time>
      </trkpt>
      <trkpt lat="46.15524" lon="6.72107">
        <ele>1554</ele>
        <time>2026-07-02T19:44:12+00:00</time>
      </trkpt>
      <trkpt lat="46.15523" lon="6.72108">
        <ele>1554</ele>
        <time>2026-07-02T19:44:15+00:00</time>
      </trkpt>
      <trkpt lat="46.15522" lon="6.72107">
        <ele>1554</ele>
        <time>2026-07-02T19:44:18+00:00</time>
      </trkpt>
      <trkpt lat="46.1552" lon="6.72106">
        <ele>1556</ele>
        <time>2026-07-02T19:44:21+00:00</time>
      </trkpt>
      <trkpt lat="46.15517" lon="6.72106">
        <ele>1556</ele>
        <time>2026-07-02T19:44:24+00:00</time>
      </trkpt>
      <trkpt lat="46.15515" lon="6.72107">
        <ele>1556</ele>
        <time>2026-07-02T19:44:27+00:00</time>
      </trkpt>
      <trkpt lat="46.15513" lon="6.72108">
        <ele>1556</ele>
        <time>2026-07-02T19:44:30+00:00</time>
      </trkpt>
      <trkpt lat="46.15511" lon="6.72109">
        <ele>1556</ele>
        <time>2026-07-02T19:44:33+00:00</time>
      </trkpt>
      <trkpt lat="46.15512" lon="6.7211">
        <ele>1556</ele>
        <time>2026-07-02T19:44:36+00:00</time>
      </trkpt>
      <trkpt lat="46.15513" lon="6.7211">
        <ele>1545</ele>
        <time>2026-07-02T19:44:39+00:00</time>
      </trkpt>
      <trkpt lat="46.15513" lon="6.72112">
        <ele>1545</ele>
        <time>2026-07-02T19:44:42+00:00</time>
      </trkpt>
      <trkpt lat="46.15513" lon="6.72113">
        <ele>1545</ele>
        <time>2026-07-02T19:44:45+00:00</time>
      </trkpt>
      <trkpt lat="46.15512" lon="6.72113">
        <ele>1545</ele>
        <time>2026-07-02T19:44:48+00:00</time>
      </trkpt>
      <trkpt lat="46.1551" lon="6.72114">
        <ele>1552</ele>
        <time>2026-07-02T19:44:51+00:00</time>
      </trkpt>
      <trkpt lat="46.15506" lon="6.72115">
        <ele>1552</ele>
        <time>2026-07-02T19:44:54+00:00</time>
      </trkpt>
      <trkpt lat="46.15503" lon="6.72117">
        <ele>1552</ele>
        <time>2026-07-02T19:44:57+00:00</time>
      </trkpt>
      <trkpt lat="46.15499" lon="6.72121">
        <ele>1552</ele>
        <time>2026-07-02T19:45:00+00:00</time>
      </trkpt>
      <trkpt lat="46.15492" lon="6.72127">
        <ele>1547</ele>
        <time>2026-07-02T19:45:03+00:00</time>
      </trkpt>
      <trkpt lat="46.15485" lon="6.72131">
        <ele>1544</ele>
        <time>2026-07-02T19:45:06+00:00</time>
      </trkpt>
      <trkpt lat="46.1548" lon="6.72135">
        <ele>1549</ele>
        <time>2026-07-02T19:45:09+00:00</time>
      </trkpt>
      <trkpt lat="46.15474" lon="6.72136">
        <ele>1549</ele>
        <time>2026-07-02T19:45:12+00:00</time>
      </trkpt>
      <trkpt lat="46.15471" lon="6.72137">
        <ele>1549</ele>
        <time>2026-07-02T19:45:15+00:00</time>
      </trkpt>
      <trkpt lat="46.15466" lon="6.7214">
        <ele>1552</ele>
        <time>2026-07-02T19:45:18+00:00</time>
      </trkpt>
      <trkpt lat="46.15461" lon="6.72143">
        <ele>1547</ele>
        <time>2026-07-02T19:45:21+00:00</time>
      </trkpt>
      <trkpt lat="46.15456" lon="6.72147">
        <ele>1552</ele>
        <time>2026-07-02T19:45:24+00:00</time>
      </trkpt>
      <trkpt lat="46.15451" lon="6.72151">
        <ele>1541</ele>
        <time>2026-07-02T19:45:27+00:00</time>
      </trkpt>
      <trkpt lat="46.15446" lon="6.72154">
        <ele>1546</ele>
        <time>2026-07-02T19:45:30+00:00</time>
      </trkpt>
      <trkpt lat="46.15443" lon="6.72156">
        <ele>1546</ele>
        <time>2026-07-02T19:45:33+00:00</time>
      </trkpt>
      <trkpt lat="46.15441" lon="6.72161">
        <ele>1542</ele>
        <time>2026-07-02T19:45:36+00:00</time>
      </trkpt>
      <trkpt lat="46.15436" lon="6.72165">
        <ele>1547</ele>
        <time>2026-07-02T19:45:39+00:00</time>
      </trkpt>
      <trkpt lat="46.15432" lon="6.7217">
        <ele>1547</ele>
        <time>2026-07-02T19:45:42+00:00</time>
      </trkpt>
      <trkpt lat="46.15429" lon="6.72173">
        <ele>1545</ele>
        <time>2026-07-02T19:45:45+00:00</time>
      </trkpt>
      <trkpt lat="46.15423" lon="6.72176">
        <ele>1545</ele>
        <time>2026-07-02T19:45:48+00:00</time>
      </trkpt>
      <trkpt lat="46.15416" lon="6.72178">
        <ele>1549</ele>
        <time>2026-07-02T19:45:51+00:00</time>
      </trkpt>
      <trkpt lat="46.15408" lon="6.72181">
        <ele>1547</ele>
        <time>2026-07-02T19:45:54+00:00</time>
      </trkpt>
      <trkpt lat="46.15398" lon="6.72182">
        <ele>1546</ele>
        <time>2026-07-02T19:45:57+00:00</time>
      </trkpt>
      <trkpt lat="46.15394" lon="6.72183">
        <ele>1546</ele>
        <time>2026-07-02T19:46:00+00:00</time>
      </trkpt>
      <trkpt lat="46.1539" lon="6.72184">
        <ele>1549</ele>
        <time>2026-07-02T19:46:03+00:00</time>
      </trkpt>
      <trkpt lat="46.15385" lon="6.72188">
        <ele>1549</ele>
        <time>2026-07-02T19:46:06+00:00</time>
      </trkpt>
      <trkpt lat="46.1538" lon="6.72192">
        <ele>1545</ele>
        <time>2026-07-02T19:46:09+00:00</time>
      </trkpt>
      <trkpt lat="46.15374" lon="6.72195">
        <ele>1545</ele>
        <time>2026-07-02T19:46:12+00:00</time>
      </trkpt>
      <trkpt lat="46.15369" lon="6.72198">
        <ele>1549</ele>
        <time>2026-07-02T19:46:15+00:00</time>
      </trkpt>
      <trkpt lat="46.15364" lon="6.722">
        <ele>1549</ele>
        <time>2026-07-02T19:46:18+00:00</time>
      </trkpt>
      <trkpt lat="46.15362" lon="6.72201">
        <ele>1541</ele>
        <time>2026-07-02T19:46:21+00:00</time>
      </trkpt>
      <trkpt lat="46.1536" lon="6.72205">
        <ele>1546</ele>
        <time>2026-07-02T19:46:24+00:00</time>
      </trkpt>
      <trkpt lat="46.15357" lon="6.72208">
        <ele>1546</ele>
        <time>2026-07-02T19:46:27+00:00</time>
      </trkpt>
      <trkpt lat="46.1535" lon="6.72213">
        <ele>1540</ele>
        <time>2026-07-02T19:46:30+00:00</time>
      </trkpt>
      <trkpt lat="46.15347" lon="6.72216">
        <ele>1546</ele>
        <time>2026-07-02T19:46:33+00:00</time>
      </trkpt>
      <trkpt lat="46.15343" lon="6.72219">
        <ele>1540</ele>
        <time>2026-07-02T19:46:36+00:00</time>
      </trkpt>
      <trkpt lat="46.15338" lon="6.72221">
        <ele>1544</ele>
        <time>2026-07-02T19:46:39+00:00</time>
      </trkpt>
      <trkpt lat="46.15333" lon="6.72228">
        <ele>1544</ele>
        <time>2026-07-02T19:46:42+00:00</time>
      </trkpt>
      <trkpt lat="46.1533" lon="6.72234">
        <ele>1544</ele>
        <time>2026-07-02T19:46:45+00:00</time>
      </trkpt>
      <trkpt lat="46.15328" lon="6.72237">
        <ele>1544</ele>
        <time>2026-07-02T19:46:48+00:00</time>
      </trkpt>
      <trkpt lat="46.15324" lon="6.72239">
        <ele>1544</ele>
        <time>2026-07-02T19:46:51+00:00</time>
      </trkpt>
      <trkpt lat="46.15321" lon="6.72244">
        <ele>1540</ele>
        <time>2026-07-02T19:46:54+00:00</time>
      </trkpt>
      <trkpt lat="46.15319" lon="6.72249">
        <ele>1542</ele>
        <time>2026-07-02T19:46:57+00:00</time>
      </trkpt>
      <trkpt lat="46.15317" lon="6.72252">
        <ele>1538</ele>
        <time>2026-07-02T19:47:00+00:00</time>
      </trkpt>
      <trkpt lat="46.15314" lon="6.72255">
        <ele>1538</ele>
        <time>2026-07-02T19:47:03+00:00</time>
      </trkpt>
      <trkpt lat="46.15311" lon="6.72256">
        <ele>1538</ele>
        <time>2026-07-02T19:47:06+00:00</time>
      </trkpt>
      <trkpt lat="46.15308" lon="6.72258">
        <ele>1539</ele>
        <time>2026-07-02T19:47:09+00:00</time>
      </trkpt>
      <trkpt lat="46.15304" lon="6.72259">
        <ele>1539</ele>
        <time>2026-07-02T19:47:12+00:00</time>
      </trkpt>
      <trkpt lat="46.15302" lon="6.72262">
        <ele>1535</ele>
        <time>2026-07-02T19:47:15+00:00</time>
      </trkpt>
      <trkpt lat="46.15298" lon="6.72265">
        <ele>1536</ele>
        <time>2026-07-02T19:47:18+00:00</time>
      </trkpt>
      <trkpt lat="46.15295" lon="6.72267">
        <ele>1536</ele>
        <time>2026-07-02T19:47:21+00:00</time>
      </trkpt>
      <trkpt lat="46.15292" lon="6.72269">
        <ele>1536</ele>
        <time>2026-07-02T19:47:24+00:00</time>
      </trkpt>
      <trkpt lat="46.15287" lon="6.72271">
        <ele>1530</ele>
        <time>2026-07-02T19:47:27+00:00</time>
      </trkpt>
      <trkpt lat="46.15284" lon="6.72275">
        <ele>1530</ele>
        <time>2026-07-02T19:47:30+00:00</time>
      </trkpt>
      <trkpt lat="46.15282" lon="6.72279">
        <ele>1530</ele>
        <time>2026-07-02T19:47:33+00:00</time>
      </trkpt>
      <trkpt lat="46.15277" lon="6.72281">
        <ele>1535</ele>
        <time>2026-07-02T19:47:36+00:00</time>
      </trkpt>
      <trkpt lat="46.15276" lon="6.72283">
        <ele>1535</ele>
        <time>2026-07-02T19:47:39+00:00</time>
      </trkpt>
      <trkpt lat="46.15275" lon="6.72285">
        <ele>1535</ele>
        <time>2026-07-02T19:47:42+00:00</time>
      </trkpt>
      <trkpt lat="46.15274" lon="6.7229">
        <ele>1532</ele>
        <time>2026-07-02T19:47:45+00:00</time>
      </trkpt>
      <trkpt lat="46.15273" lon="6.72294">
        <ele>1532</ele>
        <time>2026-07-02T19:47:48+00:00</time>
      </trkpt>
      <trkpt lat="46.15271" lon="6.72299">
        <ele>1532</ele>
        <time>2026-07-02T19:47:51+00:00</time>
      </trkpt>
      <trkpt lat="46.15268" lon="6.72305">
        <ele>1535</ele>
        <time>2026-07-02T19:47:54+00:00</time>
      </trkpt>
      <trkpt lat="46.15266" lon="6.72311">
        <ele>1532</ele>
        <time>2026-07-02T19:47:57+00:00</time>
      </trkpt>
      <trkpt lat="46.15263" lon="6.72314">
        <ele>1532</ele>
        <time>2026-07-02T19:48:00+00:00</time>
      </trkpt>
      <trkpt lat="46.15261" lon="6.72323">
        <ele>1529</ele>
        <time>2026-07-02T19:48:03+00:00</time>
      </trkpt>
      <trkpt lat="46.15259" lon="6.7233">
        <ele>1528</ele>
        <time>2026-07-02T19:48:06+00:00</time>
      </trkpt>
      <trkpt lat="46.15257" lon="6.72338">
        <ele>1528</ele>
        <time>2026-07-02T19:48:09+00:00</time>
      </trkpt>
      <trkpt lat="46.15256" lon="6.72341">
        <ele>1526</ele>
        <time>2026-07-02T19:48:12+00:00</time>
      </trkpt>
      <trkpt lat="46.15256" lon="6.72347">
        <ele>1526</ele>
        <time>2026-07-02T19:48:15+00:00</time>
      </trkpt>
      <trkpt lat="46.15256" lon="6.72352">
        <ele>1524</ele>
        <time>2026-07-02T19:48:18+00:00</time>
      </trkpt>
      <trkpt lat="46.15254" lon="6.72358">
        <ele>1524</ele>
        <time>2026-07-02T19:48:21+00:00</time>
      </trkpt>
      <trkpt lat="46.15252" lon="6.72364">
        <ele>1522</ele>
        <time>2026-07-02T19:48:24+00:00</time>
      </trkpt>
      <trkpt lat="46.1525" lon="6.72372">
        <ele>1525</ele>
        <time>2026-07-02T19:48:27+00:00</time>
      </trkpt>
      <trkpt lat="46.15249" lon="6.72377">
        <ele>1525</ele>
        <time>2026-07-02T19:48:30+00:00</time>
      </trkpt>
      <trkpt lat="46.15246" lon="6.72382">
        <ele>1524</ele>
        <time>2026-07-02T19:48:33+00:00</time>
      </trkpt>
      <trkpt lat="46.15245" lon="6.72388">
        <ele>1524</ele>
        <time>2026-07-02T19:48:36+00:00</time>
      </trkpt>
      <trkpt lat="46.15244" lon="6.72393">
        <ele>1520</ele>
        <time>2026-07-02T19:48:39+00:00</time>
      </trkpt>
      <trkpt lat="46.15243" lon="6.724">
        <ele>1520</ele>
        <time>2026-07-02T19:48:42+00:00</time>
      </trkpt>
      <trkpt lat="46.1524" lon="6.72404">
        <ele>1518</ele>
        <time>2026-07-02T19:48:45+00:00</time>
      </trkpt>
      <trkpt lat="46.15238" lon="6.7241">
        <ele>1521</ele>
        <time>2026-07-02T19:48:48+00:00</time>
      </trkpt>
      <trkpt lat="46.15236" lon="6.72416">
        <ele>1521</ele>
        <time>2026-07-02T19:48:51+00:00</time>
      </trkpt>
      <trkpt lat="46.15236" lon="6.72423">
        <ele>1519</ele>
        <time>2026-07-02T19:48:54+00:00</time>
      </trkpt>
      <trkpt lat="46.15236" lon="6.72429">
        <ele>1519</ele>
        <time>2026-07-02T19:48:57+00:00</time>
      </trkpt>
      <trkpt lat="46.15234" lon="6.72432">
        <ele>1518</ele>
        <time>2026-07-02T19:49:00+00:00</time>
      </trkpt>
      <trkpt lat="46.15232" lon="6.72436">
        <ele>1518</ele>
        <time>2026-07-02T19:49:03+00:00</time>
      </trkpt>
      <trkpt lat="46.15232" lon="6.7244">
        <ele>1518</ele>
        <time>2026-07-02T19:49:06+00:00</time>
      </trkpt>
      <trkpt lat="46.15232" lon="6.72446">
        <ele>1516</ele>
        <time>2026-07-02T19:49:09+00:00</time>
      </trkpt>
      <trkpt lat="46.15231" lon="6.72453">
        <ele>1514</ele>
        <time>2026-07-02T19:49:12+00:00</time>
      </trkpt>
      <trkpt lat="46.15229" lon="6.72461">
        <ele>1518</ele>
        <time>2026-07-02T19:49:15+00:00</time>
      </trkpt>
      <trkpt lat="46.15228" lon="6.72468">
        <ele>1518</ele>
        <time>2026-07-02T19:49:18+00:00</time>
      </trkpt>
      <trkpt lat="46.15228" lon="6.72476">
        <ele>1516</ele>
        <time>2026-07-02T19:49:21+00:00</time>
      </trkpt>
      <trkpt lat="46.15227" lon="6.72483">
        <ele>1515</ele>
        <time>2026-07-02T19:49:24+00:00</time>
      </trkpt>
      <trkpt lat="46.15226" lon="6.72489">
        <ele>1515</ele>
        <time>2026-07-02T19:49:27+00:00</time>
      </trkpt>
      <trkpt lat="46.15224" lon="6.72497">
        <ele>1514</ele>
        <time>2026-07-02T19:49:30+00:00</time>
      </trkpt>
      <trkpt lat="46.15224" lon="6.72505">
        <ele>1514</ele>
        <time>2026-07-02T19:49:33+00:00</time>
      </trkpt>
      <trkpt lat="46.15223" lon="6.72514">
        <ele>1513</ele>
        <time>2026-07-02T19:49:36+00:00</time>
      </trkpt>
      <trkpt lat="46.15223" lon="6.72524">
        <ele>1518</ele>
        <time>2026-07-02T19:49:39+00:00</time>
      </trkpt>
      <trkpt lat="46.15221" lon="6.72529">
        <ele>1513</ele>
        <time>2026-07-02T19:49:42+00:00</time>
      </trkpt>
      <trkpt lat="46.15219" lon="6.72535">
        <ele>1524</ele>
        <time>2026-07-02T19:49:45+00:00</time>
      </trkpt>
      <trkpt lat="46.15213" lon="6.72547">
        <ele>1523</ele>
        <time>2026-07-02T19:49:48+00:00</time>
      </trkpt>
      <trkpt lat="46.15209" lon="6.72554">
        <ele>1526</ele>
        <time>2026-07-02T19:49:51+00:00</time>
      </trkpt>
      <trkpt lat="46.15207" lon="6.72561">
        <ele>1524</ele>
        <time>2026-07-02T19:49:54+00:00</time>
      </trkpt>
      <trkpt lat="46.15208" lon="6.72568">
        <ele>1524</ele>
        <time>2026-07-02T19:49:57+00:00</time>
      </trkpt>
      <trkpt lat="46.15208" lon="6.72573">
        <ele>1524</ele>
        <time>2026-07-02T19:50:00+00:00</time>
      </trkpt>
      <trkpt lat="46.15209" lon="6.72577">
        <ele>1524</ele>
        <time>2026-07-02T19:50:03+00:00</time>
      </trkpt>
      <trkpt lat="46.15208" lon="6.7258">
        <ele>1524</ele>
        <time>2026-07-02T19:50:06+00:00</time>
      </trkpt>
      <trkpt lat="46.15208" lon="6.72583">
        <ele>1525</ele>
        <time>2026-07-02T19:50:09+00:00</time>
      </trkpt>
      <trkpt lat="46.15208" lon="6.72586">
        <ele>1525</ele>
        <time>2026-07-02T19:50:12+00:00</time>
      </trkpt>
      <trkpt lat="46.1521" lon="6.72592">
        <ele>1520</ele>
        <time>2026-07-02T19:50:15+00:00</time>
      </trkpt>
      <trkpt lat="46.15211" lon="6.72596">
        <ele>1520</ele>
        <time>2026-07-02T19:50:18+00:00</time>
      </trkpt>
      <trkpt lat="46.1521" lon="6.72604">
        <ele>1528</ele>
        <time>2026-07-02T19:50:21+00:00</time>
      </trkpt>
      <trkpt lat="46.15209" lon="6.7261">
        <ele>1530</ele>
        <time>2026-07-02T19:50:24+00:00</time>
      </trkpt>
      <trkpt lat="46.1521" lon="6.72616">
        <ele>1524</ele>
        <time>2026-07-02T19:50:27+00:00</time>
      </trkpt>
      <trkpt lat="46.15211" lon="6.72623">
        <ele>1525</ele>
        <time>2026-07-02T19:50:30+00:00</time>
      </trkpt>
      <trkpt lat="46.15213" lon="6.72631">
        <ele>1528</ele>
        <time>2026-07-02T19:50:33+00:00</time>
      </trkpt>
      <trkpt lat="46.15212" lon="6.72636">
        <ele>1528</ele>
        <time>2026-07-02T19:50:36+00:00</time>
      </trkpt>
      <trkpt lat="46.15213" lon="6.72641">
        <ele>1529</ele>
        <time>2026-07-02T19:50:39+00:00</time>
      </trkpt>
      <trkpt lat="46.15214" lon="6.72646">
        <ele>1529</ele>
        <time>2026-07-02T19:50:42+00:00</time>
      </trkpt>
      <trkpt lat="46.15215" lon="6.7265">
        <ele>1530</ele>
        <time>2026-07-02T19:50:45+00:00</time>
      </trkpt>
      <trkpt lat="46.15214" lon="6.72655">
        <ele>1530</ele>
        <time>2026-07-02T19:50:48+00:00</time>
      </trkpt>
      <trkpt lat="46.15214" lon="6.7266">
        <ele>1530</ele>
        <time>2026-07-02T19:50:51+00:00</time>
      </trkpt>
      <trkpt lat="46.15214" lon="6.72665">
        <ele>1531</ele>
        <time>2026-07-02T19:50:54+00:00</time>
      </trkpt>
      <trkpt lat="46.15214" lon="6.72671">
        <ele>1531</ele>
        <time>2026-07-02T19:50:57+00:00</time>
      </trkpt>
      <trkpt lat="46.15213" lon="6.72675">
        <ele>1531</ele>
        <time>2026-07-02T19:51:00+00:00</time>
      </trkpt>
      <trkpt lat="46.15211" lon="6.72679">
        <ele>1531</ele>
        <time>2026-07-02T19:51:03+00:00</time>
      </trkpt>
      <trkpt lat="46.1521" lon="6.72682">
        <ele>1530</ele>
        <time>2026-07-02T19:51:06+00:00</time>
      </trkpt>
      <trkpt lat="46.15206" lon="6.72687">
        <ele>1532</ele>
        <time>2026-07-02T19:51:09+00:00</time>
      </trkpt>
      <trkpt lat="46.15198" lon="6.72692">
        <ele>1534</ele>
        <time>2026-07-02T19:51:12+00:00</time>
      </trkpt>
      <trkpt lat="46.1519" lon="6.72701">
        <ele>1533</ele>
        <time>2026-07-02T19:51:15+00:00</time>
      </trkpt>
      <trkpt lat="46.15185" lon="6.7271">
        <ele>1531</ele>
        <time>2026-07-02T19:51:18+00:00</time>
      </trkpt>
      <trkpt lat="46.1518" lon="6.72723">
        <ele>1534</ele>
        <time>2026-07-02T19:51:21+00:00</time>
      </trkpt>
      <trkpt lat="46.15178" lon="6.72733">
        <ele>1532</ele>
        <time>2026-07-02T19:51:24+00:00</time>
      </trkpt>
      <trkpt lat="46.15174" lon="6.7274">
        <ele>1530</ele>
        <time>2026-07-02T19:51:27+00:00</time>
      </trkpt>
      <trkpt lat="46.1517" lon="6.72747">
        <ele>1531</ele>
        <time>2026-07-02T19:51:30+00:00</time>
      </trkpt>
      <trkpt lat="46.15167" lon="6.72754">
        <ele>1529</ele>
        <time>2026-07-02T19:51:33+00:00</time>
      </trkpt>
      <trkpt lat="46.15164" lon="6.7276">
        <ele>1528</ele>
        <time>2026-07-02T19:51:36+00:00</time>
      </trkpt>
      <trkpt lat="46.15156" lon="6.72763">
        <ele>1529</ele>
        <time>2026-07-02T19:51:39+00:00</time>
      </trkpt>
      <trkpt lat="46.15147" lon="6.72767">
        <ele>1531</ele>
        <time>2026-07-02T19:51:42+00:00</time>
      </trkpt>
      <trkpt lat="46.15141" lon="6.72771">
        <ele>1527</ele>
        <time>2026-07-02T19:51:45+00:00</time>
      </trkpt>
      <trkpt lat="46.15132" lon="6.72775">
        <ele>1527</ele>
        <time>2026-07-02T19:51:48+00:00</time>
      </trkpt>
      <trkpt lat="46.15126" lon="6.72775">
        <ele>1526</ele>
        <time>2026-07-02T19:51:51+00:00</time>
      </trkpt>
      <trkpt lat="46.15118" lon="6.72773">
        <ele>1526</ele>
        <time>2026-07-02T19:51:54+00:00</time>
      </trkpt>
      <trkpt lat="46.15112" lon="6.72774">
        <ele>1527</ele>
        <time>2026-07-02T19:51:57+00:00</time>
      </trkpt>
      <trkpt lat="46.15108" lon="6.72779">
        <ele>1527</ele>
        <time>2026-07-02T19:52:00+00:00</time>
      </trkpt>
      <trkpt lat="46.15103" lon="6.72785">
        <ele>1522</ele>
        <time>2026-07-02T19:52:03+00:00</time>
      </trkpt>
      <trkpt lat="46.15097" lon="6.72787">
        <ele>1529</ele>
        <time>2026-07-02T19:52:06+00:00</time>
      </trkpt>
      <trkpt lat="46.15087" lon="6.72792">
        <ele>1524</ele>
        <time>2026-07-02T19:52:09+00:00</time>
      </trkpt>
      <trkpt lat="46.15083" lon="6.728">
        <ele>1525</ele>
        <time>2026-07-02T19:52:12+00:00</time>
      </trkpt>
      <trkpt lat="46.15078" lon="6.72804">
        <ele>1524</ele>
        <time>2026-07-02T19:52:15+00:00</time>
      </trkpt>
      <trkpt lat="46.15068" lon="6.72804">
        <ele>1522</ele>
        <time>2026-07-02T19:52:18+00:00</time>
      </trkpt>
      <trkpt lat="46.15058" lon="6.72803">
        <ele>1520</ele>
        <time>2026-07-02T19:52:21+00:00</time>
      </trkpt>
      <trkpt lat="46.15049" lon="6.728">
        <ele>1519</ele>
        <time>2026-07-02T19:52:24+00:00</time>
      </trkpt>
      <trkpt lat="46.15043" lon="6.728">
        <ele>1519</ele>
        <time>2026-07-02T19:52:27+00:00</time>
      </trkpt>
      <trkpt lat="46.15037" lon="6.72802">
        <ele>1518</ele>
        <time>2026-07-02T19:52:30+00:00</time>
      </trkpt>
      <trkpt lat="46.15029" lon="6.72807">
        <ele>1519</ele>
        <time>2026-07-02T19:52:33+00:00</time>
      </trkpt>
      <trkpt lat="46.15022" lon="6.7281">
        <ele>1516</ele>
        <time>2026-07-02T19:52:36+00:00</time>
      </trkpt>
      <trkpt lat="46.15015" lon="6.72817">
        <ele>1517</ele>
        <time>2026-07-02T19:52:39+00:00</time>
      </trkpt>
      <trkpt lat="46.15011" lon="6.72824">
        <ele>1515</ele>
        <time>2026-07-02T19:52:42+00:00</time>
      </trkpt>
      <trkpt lat="46.15007" lon="6.72827">
        <ele>1516</ele>
        <time>2026-07-02T19:52:45+00:00</time>
      </trkpt>
      <trkpt lat="46.15004" lon="6.72829">
        <ele>1516</ele>
        <time>2026-07-02T19:52:48+00:00</time>
      </trkpt>
      <trkpt lat="46.15001" lon="6.72834">
        <ele>1515</ele>
        <time>2026-07-02T19:52:51+00:00</time>
      </trkpt>
      <trkpt lat="46.15001" lon="6.72839">
        <ele>1515</ele>
        <time>2026-07-02T19:52:54+00:00</time>
      </trkpt>
      <trkpt lat="46.15" lon="6.72848">
        <ele>1515</ele>
        <time>2026-07-02T19:52:57+00:00</time>
      </trkpt>
      <trkpt lat="46.14999" lon="6.72852">
        <ele>1516</ele>
        <time>2026-07-02T19:53:00+00:00</time>
      </trkpt>
      <trkpt lat="46.14998" lon="6.72857">
        <ele>1516</ele>
        <time>2026-07-02T19:53:03+00:00</time>
      </trkpt>
      <trkpt lat="46.14997" lon="6.72868">
        <ele>1515</ele>
        <time>2026-07-02T19:53:06+00:00</time>
      </trkpt>
      <trkpt lat="46.14996" lon="6.72879">
        <ele>1513</ele>
        <time>2026-07-02T19:53:09+00:00</time>
      </trkpt>
      <trkpt lat="46.14993" lon="6.72887">
        <ele>1511</ele>
        <time>2026-07-02T19:53:12+00:00</time>
      </trkpt>
      <trkpt lat="46.14988" lon="6.72894">
        <ele>1509</ele>
        <time>2026-07-02T19:53:15+00:00</time>
      </trkpt>
      <trkpt lat="46.14984" lon="6.72903">
        <ele>1507</ele>
        <time>2026-07-02T19:53:18+00:00</time>
      </trkpt>
      <trkpt lat="46.1498" lon="6.7291">
        <ele>1507</ele>
        <time>2026-07-02T19:53:21+00:00</time>
      </trkpt>
      <trkpt lat="46.14979" lon="6.72915">
        <ele>1509</ele>
        <time>2026-07-02T19:53:24+00:00</time>
      </trkpt>
      <trkpt lat="46.14978" lon="6.72917">
        <ele>1509</ele>
        <time>2026-07-02T19:53:27+00:00</time>
      </trkpt>
      <trkpt lat="46.14976" lon="6.72926">
        <ele>1507</ele>
        <time>2026-07-02T19:53:30+00:00</time>
      </trkpt>
      <trkpt lat="46.14972" lon="6.72938">
        <ele>1507</ele>
        <time>2026-07-02T19:53:33+00:00</time>
      </trkpt>
      <trkpt lat="46.14969" lon="6.72951">
        <ele>1508</ele>
        <time>2026-07-02T19:53:36+00:00</time>
      </trkpt>
      <trkpt lat="46.14966" lon="6.72962">
        <ele>1505</ele>
        <time>2026-07-02T19:53:39+00:00</time>
      </trkpt>
      <trkpt lat="46.14964" lon="6.72972">
        <ele>1504</ele>
        <time>2026-07-02T19:53:42+00:00</time>
      </trkpt>
      <trkpt lat="46.1496" lon="6.72985">
        <ele>1502</ele>
        <time>2026-07-02T19:53:45+00:00</time>
      </trkpt>
      <trkpt lat="46.14958" lon="6.72995">
        <ele>1504</ele>
        <time>2026-07-02T19:53:48+00:00</time>
      </trkpt>
      <trkpt lat="46.14955" lon="6.73005">
        <ele>1502</ele>
        <time>2026-07-02T19:53:51+00:00</time>
      </trkpt>
      <trkpt lat="46.14953" lon="6.73017">
        <ele>1500</ele>
        <time>2026-07-02T19:53:54+00:00</time>
      </trkpt>
      <trkpt lat="46.14951" lon="6.73026">
        <ele>1498</ele>
        <time>2026-07-02T19:53:57+00:00</time>
      </trkpt>
      <trkpt lat="46.14947" lon="6.73034">
        <ele>1501</ele>
        <time>2026-07-02T19:54:00+00:00</time>
      </trkpt>
      <trkpt lat="46.14944" lon="6.73038">
        <ele>1501</ele>
        <time>2026-07-02T19:54:03+00:00</time>
      </trkpt>
      <trkpt lat="46.1494" lon="6.73041">
        <ele>1500</ele>
        <time>2026-07-02T19:54:06+00:00</time>
      </trkpt>
      <trkpt lat="46.14937" lon="6.73044">
        <ele>1500</ele>
        <time>2026-07-02T19:54:09+00:00</time>
      </trkpt>
      <trkpt lat="46.14934" lon="6.73052">
        <ele>1491</ele>
        <time>2026-07-02T19:54:12+00:00</time>
      </trkpt>
      <trkpt lat="46.1493" lon="6.73058">
        <ele>1491</ele>
        <time>2026-07-02T19:54:15+00:00</time>
      </trkpt>
      <trkpt lat="46.14924" lon="6.73066">
        <ele>1491</ele>
        <time>2026-07-02T19:54:18+00:00</time>
      </trkpt>
      <trkpt lat="46.1492" lon="6.73076">
        <ele>1495</ele>
        <time>2026-07-02T19:54:21+00:00</time>
      </trkpt>
      <trkpt lat="46.14918" lon="6.73083">
        <ele>1490</ele>
        <time>2026-07-02T19:54:24+00:00</time>
      </trkpt>
      <trkpt lat="46.14917" lon="6.73091">
        <ele>1486</ele>
        <time>2026-07-02T19:54:27+00:00</time>
      </trkpt>
      <trkpt lat="46.14913" lon="6.73095">
        <ele>1486</ele>
        <time>2026-07-02T19:54:30+00:00</time>
      </trkpt>
      <trkpt lat="46.14908" lon="6.73102">
        <ele>1484</ele>
        <time>2026-07-02T19:54:33+00:00</time>
      </trkpt>
      <trkpt lat="46.14902" lon="6.7311">
        <ele>1484</ele>
        <time>2026-07-02T19:54:36+00:00</time>
      </trkpt>
      <trkpt lat="46.14896" lon="6.73119">
        <ele>1484</ele>
        <time>2026-07-02T19:54:39+00:00</time>
      </trkpt>
      <trkpt lat="46.14891" lon="6.73129">
        <ele>1475</ele>
        <time>2026-07-02T19:54:42+00:00</time>
      </trkpt>
      <trkpt lat="46.14888" lon="6.73134">
        <ele>1474</ele>
        <time>2026-07-02T19:54:45+00:00</time>
      </trkpt>
      <trkpt lat="46.14887" lon="6.73139">
        <ele>1474</ele>
        <time>2026-07-02T19:54:48+00:00</time>
      </trkpt>
      <trkpt lat="46.14886" lon="6.73145">
        <ele>1471</ele>
        <time>2026-07-02T19:54:51+00:00</time>
      </trkpt>
      <trkpt lat="46.14883" lon="6.73152">
        <ele>1467</ele>
        <time>2026-07-02T19:54:54+00:00</time>
      </trkpt>
      <trkpt lat="46.14876" lon="6.73164">
        <ele>1468</ele>
        <time>2026-07-02T19:54:57+00:00</time>
      </trkpt>
      <trkpt lat="46.14868" lon="6.7318">
        <ele>1461</ele>
        <time>2026-07-02T19:55:00+00:00</time>
      </trkpt>
      <trkpt lat="46.14859" lon="6.73192">
        <ele>1463</ele>
        <time>2026-07-02T19:55:03+00:00</time>
      </trkpt>
      <trkpt lat="46.1485" lon="6.73204">
        <ele>1458</ele>
        <time>2026-07-02T19:55:06+00:00</time>
      </trkpt>
      <trkpt lat="46.14844" lon="6.73209">
        <ele>1461</ele>
        <time>2026-07-02T19:55:09+00:00</time>
      </trkpt>
      <trkpt lat="46.14836" lon="6.73215">
        <ele>1457</ele>
        <time>2026-07-02T19:55:12+00:00</time>
      </trkpt>
      <trkpt lat="46.14827" lon="6.73219">
        <ele>1457</ele>
        <time>2026-07-02T19:55:15+00:00</time>
      </trkpt>
      <trkpt lat="46.14819" lon="6.73221">
        <ele>1457</ele>
        <time>2026-07-02T19:55:18+00:00</time>
      </trkpt>
      <trkpt lat="46.14813" lon="6.73221">
        <ele>1450</ele>
        <time>2026-07-02T19:55:21+00:00</time>
      </trkpt>
      <trkpt lat="46.14804" lon="6.73223">
        <ele>1451</ele>
        <time>2026-07-02T19:55:24+00:00</time>
      </trkpt>
      <trkpt lat="46.14801" lon="6.73224">
        <ele>1451</ele>
        <time>2026-07-02T19:55:27+00:00</time>
      </trkpt>
      <trkpt lat="46.14794" lon="6.73226">
        <ele>1453</ele>
        <time>2026-07-02T19:55:30+00:00</time>
      </trkpt>
      <trkpt lat="46.14788" lon="6.73228">
        <ele>1455</ele>
        <time>2026-07-02T19:55:33+00:00</time>
      </trkpt>
      <trkpt lat="46.14778" lon="6.73234">
        <ele>1450</ele>
        <time>2026-07-02T19:55:36+00:00</time>
      </trkpt>
      <trkpt lat="46.14772" lon="6.73237">
        <ele>1450</ele>
        <time>2026-07-02T19:55:39+00:00</time>
      </trkpt>
      <trkpt lat="46.14768" lon="6.73238">
        <ele>1450</ele>
        <time>2026-07-02T19:55:42+00:00</time>
      </trkpt>
      <trkpt lat="46.14765" lon="6.73241">
        <ele>1441</ele>
        <time>2026-07-02T19:55:45+00:00</time>
      </trkpt>
      <trkpt lat="46.14761" lon="6.73244">
        <ele>1441</ele>
        <time>2026-07-02T19:55:48+00:00</time>
      </trkpt>
      <trkpt lat="46.14758" lon="6.73245">
        <ele>1443</ele>
        <time>2026-07-02T19:55:51+00:00</time>
      </trkpt>
      <trkpt lat="46.14756" lon="6.7325">
        <ele>1440</ele>
        <time>2026-07-02T19:55:54+00:00</time>
      </trkpt>
      <trkpt lat="46.14754" lon="6.73255">
        <ele>1440</ele>
        <time>2026-07-02T19:55:57+00:00</time>
      </trkpt>
      <trkpt lat="46.14754" lon="6.73258">
        <ele>1440</ele>
        <time>2026-07-02T19:56:00+00:00</time>
      </trkpt>
      <trkpt lat="46.14754" lon="6.73265">
        <ele>1437</ele>
        <time>2026-07-02T19:56:03+00:00</time>
      </trkpt>
      <trkpt lat="46.14754" lon="6.73272">
        <ele>1435</ele>
        <time>2026-07-02T19:56:06+00:00</time>
      </trkpt>
      <trkpt lat="46.14754" lon="6.73277">
        <ele>1435</ele>
        <time>2026-07-02T19:56:09+00:00</time>
      </trkpt>
      <trkpt lat="46.14752" lon="6.73282">
        <ele>1433</ele>
        <time>2026-07-02T19:56:12+00:00</time>
      </trkpt>
      <trkpt lat="46.14749" lon="6.73286">
        <ele>1434</ele>
        <time>2026-07-02T19:56:15+00:00</time>
      </trkpt>
      <trkpt lat="46.14749" lon="6.73288">
        <ele>1434</ele>
        <time>2026-07-02T19:56:18+00:00</time>
      </trkpt>
      <trkpt lat="46.14748" lon="6.73291">
        <ele>1432</ele>
        <time>2026-07-02T19:56:21+00:00</time>
      </trkpt>
      <trkpt lat="46.14748" lon="6.73296">
        <ele>1432</ele>
        <time>2026-07-02T19:56:24+00:00</time>
      </trkpt>
      <trkpt lat="46.14749" lon="6.733">
        <ele>1432</ele>
        <time>2026-07-02T19:56:27+00:00</time>
      </trkpt>
      <trkpt lat="46.14748" lon="6.73305">
        <ele>1430</ele>
        <time>2026-07-02T19:56:30+00:00</time>
      </trkpt>
      <trkpt lat="46.14746" lon="6.7331">
        <ele>1430</ele>
        <time>2026-07-02T19:56:33+00:00</time>
      </trkpt>
      <trkpt lat="46.14744" lon="6.73317">
        <ele>1428</ele>
        <time>2026-07-02T19:56:36+00:00</time>
      </trkpt>
      <trkpt lat="46.1474" lon="6.73323">
        <ele>1425</ele>
        <time>2026-07-02T19:56:39+00:00</time>
      </trkpt>
      <trkpt lat="46.14738" lon="6.73333">
        <ele>1424</ele>
        <time>2026-07-02T19:56:42+00:00</time>
      </trkpt>
      <trkpt lat="46.14737" lon="6.73343">
        <ele>1421</ele>
        <time>2026-07-02T19:56:45+00:00</time>
      </trkpt>
      <trkpt lat="46.14734" lon="6.73355">
        <ele>1419</ele>
        <time>2026-07-02T19:56:48+00:00</time>
      </trkpt>
      <trkpt lat="46.14732" lon="6.73358">
        <ele>1419</ele>
        <time>2026-07-02T19:56:51+00:00</time>
      </trkpt>
      <trkpt lat="46.14729" lon="6.73361">
        <ele>1419</ele>
        <time>2026-07-02T19:56:54+00:00</time>
      </trkpt>
      <trkpt lat="46.14726" lon="6.73369">
        <ele>1419</ele>
        <time>2026-07-02T19:56:57+00:00</time>
      </trkpt>
      <trkpt lat="46.14727" lon="6.73377">
        <ele>1417</ele>
        <time>2026-07-02T19:57:00+00:00</time>
      </trkpt>
      <trkpt lat="46.14729" lon="6.73384">
        <ele>1415</ele>
        <time>2026-07-02T19:57:03+00:00</time>
      </trkpt>
      <trkpt lat="46.14732" lon="6.73389">
        <ele>1410</ele>
        <time>2026-07-02T19:57:06+00:00</time>
      </trkpt>
      <trkpt lat="46.14733" lon="6.73397">
        <ele>1408</ele>
        <time>2026-07-02T19:57:09+00:00</time>
      </trkpt>
      <trkpt lat="46.14735" lon="6.73406">
        <ele>1406</ele>
        <time>2026-07-02T19:57:12+00:00</time>
      </trkpt>
      <trkpt lat="46.14739" lon="6.73415">
        <ele>1404</ele>
        <time>2026-07-02T19:57:15+00:00</time>
      </trkpt>
      <trkpt lat="46.14741" lon="6.73426">
        <ele>1399</ele>
        <time>2026-07-02T19:57:18+00:00</time>
      </trkpt>
      <trkpt lat="46.14742" lon="6.73436">
        <ele>1397</ele>
        <time>2026-07-02T19:57:21+00:00</time>
      </trkpt>
      <trkpt lat="46.1474" lon="6.73454">
        <ele>1393</ele>
        <time>2026-07-02T19:57:24+00:00</time>
      </trkpt>
      <trkpt lat="46.1474" lon="6.73464">
        <ele>1393</ele>
        <time>2026-07-02T19:57:27+00:00</time>
      </trkpt>
      <trkpt lat="46.14738" lon="6.73474">
        <ele>1390</ele>
        <time>2026-07-02T19:57:30+00:00</time>
      </trkpt>
      <trkpt lat="46.14737" lon="6.73485">
        <ele>1386</ele>
        <time>2026-07-02T19:57:33+00:00</time>
      </trkpt>
      <trkpt lat="46.14737" lon="6.73492">
        <ele>1385</ele>
        <time>2026-07-02T19:57:36+00:00</time>
      </trkpt>
      <trkpt lat="46.14733" lon="6.73496">
        <ele>1385</ele>
        <time>2026-07-02T19:57:39+00:00</time>
      </trkpt>
      <trkpt lat="46.14731" lon="6.73499">
        <ele>1385</ele>
        <time>2026-07-02T19:57:42+00:00</time>
      </trkpt>
      <trkpt lat="46.14731" lon="6.73508">
        <ele>1383</ele>
        <time>2026-07-02T19:57:45+00:00</time>
      </trkpt>
      <trkpt lat="46.14731" lon="6.73518">
        <ele>1382</ele>
        <time>2026-07-02T19:57:48+00:00</time>
      </trkpt>
      <trkpt lat="46.14731" lon="6.73525">
        <ele>1380</ele>
        <time>2026-07-02T19:57:51+00:00</time>
      </trkpt>
      <trkpt lat="46.14731" lon="6.73533">
        <ele>1379</ele>
        <time>2026-07-02T19:57:54+00:00</time>
      </trkpt>
      <trkpt lat="46.14736" lon="6.73547">
        <ele>1376</ele>
        <time>2026-07-02T19:57:57+00:00</time>
      </trkpt>
      <trkpt lat="46.14739" lon="6.73564">
        <ele>1375</ele>
        <time>2026-07-02T19:58:00+00:00</time>
      </trkpt>
      <trkpt lat="46.1474" lon="6.73576">
        <ele>1373</ele>
        <time>2026-07-02T19:58:03+00:00</time>
      </trkpt>
      <trkpt lat="46.14742" lon="6.73592">
        <ele>1371</ele>
        <time>2026-07-02T19:58:06+00:00</time>
      </trkpt>
      <trkpt lat="46.14743" lon="6.736">
        <ele>1371</ele>
        <time>2026-07-02T19:58:09+00:00</time>
      </trkpt>
      <trkpt lat="46.14747" lon="6.73614">
        <ele>1368</ele>
        <time>2026-07-02T19:58:12+00:00</time>
      </trkpt>
      <trkpt lat="46.14752" lon="6.73646">
        <ele>1366</ele>
        <time>2026-07-02T19:58:15+00:00</time>
      </trkpt>
      <trkpt lat="46.14754" lon="6.73676">
        <ele>1366</ele>
        <time>2026-07-02T19:58:18+00:00</time>
      </trkpt>
      <trkpt lat="46.14753" lon="6.73695">
        <ele>1365</ele>
        <time>2026-07-02T19:58:21+00:00</time>
      </trkpt>
      <trkpt lat="46.1475" lon="6.73713">
        <ele>1365</ele>
        <time>2026-07-02T19:58:24+00:00</time>
      </trkpt>
      <trkpt lat="46.14742" lon="6.73726">
        <ele>1363</ele>
        <time>2026-07-02T19:58:27+00:00</time>
      </trkpt>
      <trkpt lat="46.14737" lon="6.73731">
        <ele>1361</ele>
        <time>2026-07-02T19:58:30+00:00</time>
      </trkpt>
      <trkpt lat="46.14729" lon="6.73735">
        <ele>1363</ele>
        <time>2026-07-02T19:58:33+00:00</time>
      </trkpt>
      <trkpt lat="46.14727" lon="6.73739">
        <ele>1363</ele>
        <time>2026-07-02T19:58:36+00:00</time>
      </trkpt>
      <trkpt lat="46.14724" lon="6.73754">
        <ele>1362</ele>
        <time>2026-07-02T19:58:39+00:00</time>
      </trkpt>
      <trkpt lat="46.14722" lon="6.73763">
        <ele>1360</ele>
        <time>2026-07-02T19:58:42+00:00</time>
      </trkpt>
      <trkpt lat="46.14719" lon="6.7377">
        <ele>1364</ele>
        <time>2026-07-02T19:58:45+00:00</time>
      </trkpt>
      <trkpt lat="46.14719" lon="6.73777">
        <ele>1362</ele>
        <time>2026-07-02T19:58:48+00:00</time>
      </trkpt>
      <trkpt lat="46.14716" lon="6.73785">
        <ele>1359</ele>
        <time>2026-07-02T19:58:51+00:00</time>
      </trkpt>
      <trkpt lat="46.14717" lon="6.73789">
        <ele>1359</ele>
        <time>2026-07-02T19:58:54+00:00</time>
      </trkpt>
      <trkpt lat="46.14718" lon="6.73796">
        <ele>1359</ele>
        <time>2026-07-02T19:58:57+00:00</time>
      </trkpt>
      <trkpt lat="46.14718" lon="6.73801">
        <ele>1358</ele>
        <time>2026-07-02T19:59:00+00:00</time>
      </trkpt>
      <trkpt lat="46.14718" lon="6.73811">
        <ele>1357</ele>
        <time>2026-07-02T19:59:03+00:00</time>
      </trkpt>
      <trkpt lat="46.14718" lon="6.73816">
        <ele>1357</ele>
        <time>2026-07-02T19:59:06+00:00</time>
      </trkpt>
      <trkpt lat="46.14718" lon="6.73819">
        <ele>1357</ele>
        <time>2026-07-02T19:59:09+00:00</time>
      </trkpt>
      <trkpt lat="46.1472" lon="6.73826">
        <ele>1356</ele>
        <time>2026-07-02T19:59:12+00:00</time>
      </trkpt>
      <trkpt lat="46.14721" lon="6.73829">
        <ele>1353</ele>
        <time>2026-07-02T19:59:15+00:00</time>
      </trkpt>
      <trkpt lat="46.14722" lon="6.73836">
        <ele>1353</ele>
        <time>2026-07-02T19:59:18+00:00</time>
      </trkpt>
      <trkpt lat="46.14723" lon="6.73845">
        <ele>1356</ele>
        <time>2026-07-02T19:59:21+00:00</time>
      </trkpt>
      <trkpt lat="46.14723" lon="6.73853">
        <ele>1354</ele>
        <time>2026-07-02T19:59:24+00:00</time>
      </trkpt>
      <trkpt lat="46.14724" lon="6.73863">
        <ele>1354</ele>
        <time>2026-07-02T19:59:27+00:00</time>
      </trkpt>
      <trkpt lat="46.14725" lon="6.73875">
        <ele>1356</ele>
        <time>2026-07-02T19:59:30+00:00</time>
      </trkpt>
      <trkpt lat="46.14723" lon="6.73907">
        <ele>1356</ele>
        <time>2026-07-02T19:59:33+00:00</time>
      </trkpt>
      <trkpt lat="46.14716" lon="6.73927">
        <ele>1350</ele>
        <time>2026-07-02T19:59:36+00:00</time>
      </trkpt>
      <trkpt lat="46.14709" lon="6.73937">
        <ele>1349</ele>
        <time>2026-07-02T19:59:39+00:00</time>
      </trkpt>
      <trkpt lat="46.14703" lon="6.73945">
        <ele>1348</ele>
        <time>2026-07-02T19:59:42+00:00</time>
      </trkpt>
      <trkpt lat="46.14698" lon="6.7395">
        <ele>1350</ele>
        <time>2026-07-02T19:59:45+00:00</time>
      </trkpt>
      <trkpt lat="46.14694" lon="6.7396">
        <ele>1349</ele>
        <time>2026-07-02T19:59:48+00:00</time>
      </trkpt>
      <trkpt lat="46.1469" lon="6.73976">
        <ele>1345</ele>
        <time>2026-07-02T19:59:51+00:00</time>
      </trkpt>
      <trkpt lat="46.14685" lon="6.7399">
        <ele>1346</ele>
        <time>2026-07-02T19:59:54+00:00</time>
      </trkpt>
      <trkpt lat="46.14684" lon="6.73992">
        <ele>1346</ele>
        <time>2026-07-02T19:59:57+00:00</time>
      </trkpt>
      <trkpt lat="46.1468" lon="6.74002">
        <ele>1345</ele>
        <time>2026-07-02T20:00:00+00:00</time>
      </trkpt>
      <trkpt lat="46.14679" lon="6.74011">
        <ele>1347</ele>
        <time>2026-07-02T20:00:03+00:00</time>
      </trkpt>
      <trkpt lat="46.14678" lon="6.74015">
        <ele>1347</ele>
        <time>2026-07-02T20:00:06+00:00</time>
      </trkpt>
      <trkpt lat="46.14676" lon="6.74026">
        <ele>1344</ele>
        <time>2026-07-02T20:00:09+00:00</time>
      </trkpt>
      <trkpt lat="46.14652" lon="6.74074">
        <ele>1343</ele>
        <time>2026-07-02T20:00:12+00:00</time>
      </trkpt>
      <trkpt lat="46.14644" lon="6.74091">
        <ele>1340</ele>
        <time>2026-07-02T20:00:15+00:00</time>
      </trkpt>
      <trkpt lat="46.14638" lon="6.74102">
        <ele>1342</ele>
        <time>2026-07-02T20:00:18+00:00</time>
      </trkpt>
      <trkpt lat="46.14631" lon="6.74109">
        <ele>1342</ele>
        <time>2026-07-02T20:00:21+00:00</time>
      </trkpt>
      <trkpt lat="46.14628" lon="6.74118">
        <ele>1343</ele>
        <time>2026-07-02T20:00:24+00:00</time>
      </trkpt>
      <trkpt lat="46.14619" lon="6.74142">
        <ele>1342</ele>
        <time>2026-07-02T20:00:27+00:00</time>
      </trkpt>
      <trkpt lat="46.14613" lon="6.74155">
        <ele>1340</ele>
        <time>2026-07-02T20:00:30+00:00</time>
      </trkpt>
      <trkpt lat="46.14602" lon="6.74175">
        <ele>1342</ele>
        <time>2026-07-02T20:00:33+00:00</time>
      </trkpt>
      <trkpt lat="46.14598" lon="6.74183">
        <ele>1345</ele>
        <time>2026-07-02T20:00:36+00:00</time>
      </trkpt>
      <trkpt lat="46.146" lon="6.74188">
        <ele>1345</ele>
        <time>2026-07-02T20:00:39+00:00</time>
      </trkpt>
      <trkpt lat="46.14601" lon="6.74195">
        <ele>1339</ele>
        <time>2026-07-02T20:00:42+00:00</time>
      </trkpt>
      <trkpt lat="46.14601" lon="6.74202">
        <ele>1339</ele>
        <time>2026-07-02T20:00:45+00:00</time>
      </trkpt>
      <trkpt lat="46.14598" lon="6.74212">
        <ele>1340</ele>
        <time>2026-07-02T20:00:48+00:00</time>
      </trkpt>
      <trkpt lat="46.14592" lon="6.74225">
        <ele>1338</ele>
        <time>2026-07-02T20:00:51+00:00</time>
      </trkpt>
      <trkpt lat="46.14587" lon="6.74233">
        <ele>1339</ele>
        <time>2026-07-02T20:00:54+00:00</time>
      </trkpt>
      <trkpt lat="46.14581" lon="6.74245">
        <ele>1337</ele>
        <time>2026-07-02T20:00:57+00:00</time>
      </trkpt>
      <trkpt lat="46.14576" lon="6.7425">
        <ele>1337</ele>
        <time>2026-07-02T20:01:00+00:00</time>
      </trkpt>
      <trkpt lat="46.14569" lon="6.74257">
        <ele>1339</ele>
        <time>2026-07-02T20:01:03+00:00</time>
      </trkpt>
      <trkpt lat="46.14567" lon="6.74258">
        <ele>1339</ele>
        <time>2026-07-02T20:01:06+00:00</time>
      </trkpt>
      <trkpt lat="46.14559" lon="6.74268">
        <ele>1338</ele>
        <time>2026-07-02T20:01:09+00:00</time>
      </trkpt>
      <trkpt lat="46.14545" lon="6.74279">
        <ele>1337</ele>
        <time>2026-07-02T20:01:12+00:00</time>
      </trkpt>
      <trkpt lat="46.14531" lon="6.74291">
        <ele>1331</ele>
        <time>2026-07-02T20:01:15+00:00</time>
      </trkpt>
      <trkpt lat="46.14517" lon="6.74299">
        <ele>1332</ele>
        <time>2026-07-02T20:01:18+00:00</time>
      </trkpt>
      <trkpt lat="46.14506" lon="6.74307">
        <ele>1328</ele>
        <time>2026-07-02T20:01:21+00:00</time>
      </trkpt>
      <trkpt lat="46.14498" lon="6.74309">
        <ele>1328</ele>
        <time>2026-07-02T20:01:24+00:00</time>
      </trkpt>
      <trkpt lat="46.14491" lon="6.74308">
        <ele>1328</ele>
        <time>2026-07-02T20:01:27+00:00</time>
      </trkpt>
      <trkpt lat="46.14483" lon="6.74314">
        <ele>1324</ele>
        <time>2026-07-02T20:01:30+00:00</time>
      </trkpt>
      <trkpt lat="46.14476" lon="6.74319">
        <ele>1324</ele>
        <time>2026-07-02T20:01:33+00:00</time>
      </trkpt>
      <trkpt lat="46.14466" lon="6.74329">
        <ele>1322</ele>
        <time>2026-07-02T20:01:36+00:00</time>
      </trkpt>
      <trkpt lat="46.14452" lon="6.74339">
        <ele>1314</ele>
        <time>2026-07-02T20:01:39+00:00</time>
      </trkpt>
      <trkpt lat="46.14442" lon="6.74345">
        <ele>1309</ele>
        <time>2026-07-02T20:01:42+00:00</time>
      </trkpt>
      <trkpt lat="46.14434" lon="6.74355">
        <ele>1308</ele>
        <time>2026-07-02T20:01:45+00:00</time>
      </trkpt>
      <trkpt lat="46.14428" lon="6.74367">
        <ele>1308</ele>
        <time>2026-07-02T20:01:48+00:00</time>
      </trkpt>
      <trkpt lat="46.14418" lon="6.74377">
        <ele>1306</ele>
        <time>2026-07-02T20:01:51+00:00</time>
      </trkpt>
      <trkpt lat="46.14407" lon="6.74387">
        <ele>1305</ele>
        <time>2026-07-02T20:01:54+00:00</time>
      </trkpt>
      <trkpt lat="46.14394" lon="6.74402">
        <ele>1298</ele>
        <time>2026-07-02T20:01:57+00:00</time>
      </trkpt>
      <trkpt lat="46.1439" lon="6.74406">
        <ele>1300</ele>
        <time>2026-07-02T20:02:00+00:00</time>
      </trkpt>
      <trkpt lat="46.14389" lon="6.74407">
        <ele>1300</ele>
        <time>2026-07-02T20:02:03+00:00</time>
      </trkpt>
      <trkpt lat="46.14373" lon="6.74413">
        <ele>1297</ele>
        <time>2026-07-02T20:02:06+00:00</time>
      </trkpt>
      <trkpt lat="46.14364" lon="6.74414">
        <ele>1296</ele>
        <time>2026-07-02T20:02:09+00:00</time>
      </trkpt>
      <trkpt lat="46.14356" lon="6.74417">
        <ele>1299</ele>
        <time>2026-07-02T20:02:12+00:00</time>
      </trkpt>
      <trkpt lat="46.14347" lon="6.74422">
        <ele>1297</ele>
        <time>2026-07-02T20:02:15+00:00</time>
      </trkpt>
      <trkpt lat="46.14331" lon="6.7443">
        <ele>1295</ele>
        <time>2026-07-02T20:02:18+00:00</time>
      </trkpt>
      <trkpt lat="46.14318" lon="6.74442">
        <ele>1296</ele>
        <time>2026-07-02T20:02:21+00:00</time>
      </trkpt>
      <trkpt lat="46.14306" lon="6.74452">
        <ele>1293</ele>
        <time>2026-07-02T20:02:24+00:00</time>
      </trkpt>
      <trkpt lat="46.14299" lon="6.74457">
        <ele>1295</ele>
        <time>2026-07-02T20:02:27+00:00</time>
      </trkpt>
      <trkpt lat="46.14295" lon="6.74464">
        <ele>1292</ele>
        <time>2026-07-02T20:02:30+00:00</time>
      </trkpt>
      <trkpt lat="46.14279" lon="6.74462">
        <ele>1295</ele>
        <time>2026-07-02T20:02:33+00:00</time>
      </trkpt>
      <trkpt lat="46.14262" lon="6.74465">
        <ele>1293</ele>
        <time>2026-07-02T20:02:36+00:00</time>
      </trkpt>
      <trkpt lat="46.14248" lon="6.74467">
        <ele>1295</ele>
        <time>2026-07-02T20:02:39+00:00</time>
      </trkpt>
      <trkpt lat="46.14244" lon="6.7447">
        <ele>1294</ele>
        <time>2026-07-02T20:02:42+00:00</time>
      </trkpt>
      <trkpt lat="46.14242" lon="6.74472">
        <ele>1294</ele>
        <time>2026-07-02T20:02:45+00:00</time>
      </trkpt>
      <trkpt lat="46.14239" lon="6.74477">
        <ele>1297</ele>
        <time>2026-07-02T20:02:48+00:00</time>
      </trkpt>
      <trkpt lat="46.14235" lon="6.74486">
        <ele>1296</ele>
        <time>2026-07-02T20:02:51+00:00</time>
      </trkpt>
      <trkpt lat="46.14227" lon="6.74494">
        <ele>1296</ele>
        <time>2026-07-02T20:02:54+00:00</time>
      </trkpt>
      <trkpt lat="46.14219" lon="6.74501">
        <ele>1296</ele>
        <time>2026-07-02T20:02:57+00:00</time>
      </trkpt>
      <trkpt lat="46.14213" lon="6.74507">
        <ele>1296</ele>
        <time>2026-07-02T20:03:00+00:00</time>
      </trkpt>
      <trkpt lat="46.14207" lon="6.74515">
        <ele>1294</ele>
        <time>2026-07-02T20:03:03+00:00</time>
      </trkpt>
      <trkpt lat="46.14197" lon="6.74524">
        <ele>1296</ele>
        <time>2026-07-02T20:03:06+00:00</time>
      </trkpt>
      <trkpt lat="46.14191" lon="6.74526">
        <ele>1293</ele>
        <time>2026-07-02T20:03:09+00:00</time>
      </trkpt>
      <trkpt lat="46.14186" lon="6.74525">
        <ele>1296</ele>
        <time>2026-07-02T20:03:12+00:00</time>
      </trkpt>
      <trkpt lat="46.14181" lon="6.74522">
        <ele>1296</ele>
        <time>2026-07-02T20:03:15+00:00</time>
      </trkpt>
      <trkpt lat="46.14175" lon="6.74523">
        <ele>1297</ele>
        <time>2026-07-02T20:03:18+00:00</time>
      </trkpt>
      <trkpt lat="46.14164" lon="6.74525">
        <ele>1299</ele>
        <time>2026-07-02T20:03:21+00:00</time>
      </trkpt>
      <trkpt lat="46.14154" lon="6.74522">
        <ele>1301</ele>
        <time>2026-07-02T20:03:24+00:00</time>
      </trkpt>
      <trkpt lat="46.14145" lon="6.74517">
        <ele>1304</ele>
        <time>2026-07-02T20:03:27+00:00</time>
      </trkpt>
      <trkpt lat="46.14135" lon="6.74509">
        <ele>1310</ele>
        <time>2026-07-02T20:03:30+00:00</time>
      </trkpt>
      <trkpt lat="46.14127" lon="6.74507">
        <ele>1312</ele>
        <time>2026-07-02T20:03:33+00:00</time>
      </trkpt>
      <trkpt lat="46.14113" lon="6.74505">
        <ele>1314</ele>
        <time>2026-07-02T20:03:36+00:00</time>
      </trkpt>
      <trkpt lat="46.14106" lon="6.74501">
        <ele>1316</ele>
        <time>2026-07-02T20:03:39+00:00</time>
      </trkpt>
      <trkpt lat="46.14103" lon="6.74494">
        <ele>1317</ele>
        <time>2026-07-02T20:03:42+00:00</time>
      </trkpt>
      <trkpt lat="46.14103" lon="6.74488">
        <ele>1319</ele>
        <time>2026-07-02T20:03:45+00:00</time>
      </trkpt>
      <trkpt lat="46.14107" lon="6.7448">
        <ele>1322</ele>
        <time>2026-07-02T20:03:48+00:00</time>
      </trkpt>
      <trkpt lat="46.14113" lon="6.74472">
        <ele>1320</ele>
        <time>2026-07-02T20:03:51+00:00</time>
      </trkpt>
      <trkpt lat="46.14116" lon="6.74465">
        <ele>1323</ele>
        <time>2026-07-02T20:03:54+00:00</time>
      </trkpt>
      <trkpt lat="46.14119" lon="6.74459">
        <ele>1325</ele>
        <time>2026-07-02T20:03:57+00:00</time>
      </trkpt>
      <trkpt lat="46.14134" lon="6.74446">
        <ele>1325</ele>
        <time>2026-07-02T20:04:00+00:00</time>
      </trkpt>
      <trkpt lat="46.14139" lon="6.74438">
        <ele>1327</ele>
        <time>2026-07-02T20:04:03+00:00</time>
      </trkpt>
      <trkpt lat="46.1414" lon="6.74432">
        <ele>1326</ele>
        <time>2026-07-02T20:04:06+00:00</time>
      </trkpt>
      <trkpt lat="46.14138" lon="6.74427">
        <ele>1328</ele>
        <time>2026-07-02T20:04:09+00:00</time>
      </trkpt>
      <trkpt lat="46.14131" lon="6.74424">
        <ele>1328</ele>
        <time>2026-07-02T20:04:12+00:00</time>
      </trkpt>
      <trkpt lat="46.14111" lon="6.74421">
        <ele>1332</ele>
        <time>2026-07-02T20:04:15+00:00</time>
      </trkpt>
      <trkpt lat="46.14084" lon="6.74419">
        <ele>1339</ele>
        <time>2026-07-02T20:04:18+00:00</time>
      </trkpt>
      <trkpt lat="46.14074" lon="6.7442">
        <ele>1339</ele>
        <time>2026-07-02T20:04:21+00:00</time>
      </trkpt>
      <trkpt lat="46.14067" lon="6.74424">
        <ele>1344</ele>
        <time>2026-07-02T20:04:24+00:00</time>
      </trkpt>
      <trkpt lat="46.14057" lon="6.7443">
        <ele>1345</ele>
        <time>2026-07-02T20:04:27+00:00</time>
      </trkpt>
      <trkpt lat="46.1405" lon="6.74431">
        <ele>1344</ele>
        <time>2026-07-02T20:04:30+00:00</time>
      </trkpt>
      <trkpt lat="46.14043" lon="6.74431">
        <ele>1344</ele>
        <time>2026-07-02T20:04:33+00:00</time>
      </trkpt>
      <trkpt lat="46.14034" lon="6.74429">
        <ele>1347</ele>
        <time>2026-07-02T20:04:36+00:00</time>
      </trkpt>
      <trkpt lat="46.14028" lon="6.74431">
        <ele>1346</ele>
        <time>2026-07-02T20:04:39+00:00</time>
      </trkpt>
      <trkpt lat="46.14023" lon="6.74436">
        <ele>1346</ele>
        <time>2026-07-02T20:04:42+00:00</time>
      </trkpt>
      <trkpt lat="46.14019" lon="6.74444">
        <ele>1349</ele>
        <time>2026-07-02T20:04:45+00:00</time>
      </trkpt>
      <trkpt lat="46.14013" lon="6.74448">
        <ele>1349</ele>
        <time>2026-07-02T20:04:48+00:00</time>
      </trkpt>
      <trkpt lat="46.14008" lon="6.74449">
        <ele>1352</ele>
        <time>2026-07-02T20:04:51+00:00</time>
      </trkpt>
      <trkpt lat="46.14002" lon="6.74447">
        <ele>1352</ele>
        <time>2026-07-02T20:04:54+00:00</time>
      </trkpt>
      <trkpt lat="46.13997" lon="6.74444">
        <ele>1353</ele>
        <time>2026-07-02T20:04:57+00:00</time>
      </trkpt>
      <trkpt lat="46.13993" lon="6.74443">
        <ele>1353</ele>
        <time>2026-07-02T20:05:00+00:00</time>
      </trkpt>
      <trkpt lat="46.13986" lon="6.74444">
        <ele>1354</ele>
        <time>2026-07-02T20:05:03+00:00</time>
      </trkpt>
      <trkpt lat="46.13981" lon="6.74442">
        <ele>1354</ele>
        <time>2026-07-02T20:05:06+00:00</time>
      </trkpt>
      <trkpt lat="46.13978" lon="6.74439">
        <ele>1356</ele>
        <time>2026-07-02T20:05:09+00:00</time>
      </trkpt>
      <trkpt lat="46.13973" lon="6.74436">
        <ele>1356</ele>
        <time>2026-07-02T20:05:12+00:00</time>
      </trkpt>
      <trkpt lat="46.1397" lon="6.74436">
        <ele>1356</ele>
        <time>2026-07-02T20:05:15+00:00</time>
      </trkpt>
      <trkpt lat="46.13965" lon="6.74435">
        <ele>1356</ele>
        <time>2026-07-02T20:05:18+00:00</time>
      </trkpt>
      <trkpt lat="46.1396" lon="6.74432">
        <ele>1356</ele>
        <time>2026-07-02T20:05:21+00:00</time>
      </trkpt>
      <trkpt lat="46.13953" lon="6.74424">
        <ele>1359</ele>
        <time>2026-07-02T20:05:24+00:00</time>
      </trkpt>
      <trkpt lat="46.13948" lon="6.74417">
        <ele>1362</ele>
        <time>2026-07-02T20:05:27+00:00</time>
      </trkpt>
      <trkpt lat="46.1394" lon="6.74413">
        <ele>1362</ele>
        <time>2026-07-02T20:05:30+00:00</time>
      </trkpt>
      <trkpt lat="46.13935" lon="6.74409">
        <ele>1364</ele>
        <time>2026-07-02T20:05:33+00:00</time>
      </trkpt>
      <trkpt lat="46.13932" lon="6.74404">
        <ele>1364</ele>
        <time>2026-07-02T20:05:36+00:00</time>
      </trkpt>
      <trkpt lat="46.13928" lon="6.74391">
        <ele>1367</ele>
        <time>2026-07-02T20:05:39+00:00</time>
      </trkpt>
      <trkpt lat="46.13925" lon="6.74383">
        <ele>1371</ele>
        <time>2026-07-02T20:05:42+00:00</time>
      </trkpt>
      <trkpt lat="46.13919" lon="6.74381">
        <ele>1375</ele>
        <time>2026-07-02T20:05:45+00:00</time>
      </trkpt>
      <trkpt lat="46.13908" lon="6.74388">
        <ele>1380</ele>
        <time>2026-07-02T20:05:48+00:00</time>
      </trkpt>
      <trkpt lat="46.13902" lon="6.74394">
        <ele>1373</ele>
        <time>2026-07-02T20:05:51+00:00</time>
      </trkpt>
      <trkpt lat="46.13893" lon="6.7441">
        <ele>1376</ele>
        <time>2026-07-02T20:05:54+00:00</time>
      </trkpt>
      <trkpt lat="46.13884" lon="6.74427">
        <ele>1387</ele>
        <time>2026-07-02T20:05:57+00:00</time>
      </trkpt>
      <trkpt lat="46.13876" lon="6.74444">
        <ele>1390</ele>
        <time>2026-07-02T20:06:00+00:00</time>
      </trkpt>
      <trkpt lat="46.13865" lon="6.74472">
        <ele>1393</ele>
        <time>2026-07-02T20:06:03+00:00</time>
      </trkpt>
      <trkpt lat="46.13854" lon="6.74498">
        <ele>1398</ele>
        <time>2026-07-02T20:06:06+00:00</time>
      </trkpt>
      <trkpt lat="46.13847" lon="6.74516">
        <ele>1402</ele>
        <time>2026-07-02T20:06:09+00:00</time>
      </trkpt>
      <trkpt lat="46.13842" lon="6.74531">
        <ele>1400</ele>
        <time>2026-07-02T20:06:12+00:00</time>
      </trkpt>
      <trkpt lat="46.13835" lon="6.74555">
        <ele>1405</ele>
        <time>2026-07-02T20:06:15+00:00</time>
      </trkpt>
      <trkpt lat="46.13833" lon="6.74567">
        <ele>1404</ele>
        <time>2026-07-02T20:06:18+00:00</time>
      </trkpt>
      <trkpt lat="46.13831" lon="6.74577">
        <ele>1403</ele>
        <time>2026-07-02T20:06:21+00:00</time>
      </trkpt>
      <trkpt lat="46.1383" lon="6.74591">
        <ele>1406</ele>
        <time>2026-07-02T20:06:24+00:00</time>
      </trkpt>
      <trkpt lat="46.1383" lon="6.74601">
        <ele>1407</ele>
        <time>2026-07-02T20:06:27+00:00</time>
      </trkpt>
      <trkpt lat="46.1383" lon="6.7461">
        <ele>1417</ele>
        <time>2026-07-02T20:06:30+00:00</time>
      </trkpt>
      <trkpt lat="46.13826" lon="6.7462">
        <ele>1416</ele>
        <time>2026-07-02T20:06:33+00:00</time>
      </trkpt>
      <trkpt lat="46.13822" lon="6.74626">
        <ele>1416</ele>
        <time>2026-07-02T20:06:36+00:00</time>
      </trkpt>
      <trkpt lat="46.13813" lon="6.7464">
        <ele>1415</ele>
        <time>2026-07-02T20:06:39+00:00</time>
      </trkpt>
      <trkpt lat="46.13813" lon="6.74641">
        <ele>1415</ele>
        <time>2026-07-02T20:06:42+00:00</time>
      </trkpt>
      <trkpt lat="46.13809" lon="6.74648">
        <ele>1419</ele>
        <time>2026-07-02T20:06:45+00:00</time>
      </trkpt>
      <trkpt lat="46.13804" lon="6.74666">
        <ele>1419</ele>
        <time>2026-07-02T20:06:48+00:00</time>
      </trkpt>
      <trkpt lat="46.13799" lon="6.74679">
        <ele>1422</ele>
        <time>2026-07-02T20:06:51+00:00</time>
      </trkpt>
      <trkpt lat="46.13795" lon="6.74685">
        <ele>1422</ele>
        <time>2026-07-02T20:06:54+00:00</time>
      </trkpt>
      <trkpt lat="46.13792" lon="6.74687">
        <ele>1422</ele>
        <time>2026-07-02T20:06:57+00:00</time>
      </trkpt>
      <trkpt lat="46.13787" lon="6.74685">
        <ele>1423</ele>
        <time>2026-07-02T20:07:00+00:00</time>
      </trkpt>
      <trkpt lat="46.13783" lon="6.74679">
        <ele>1424</ele>
        <time>2026-07-02T20:07:03+00:00</time>
      </trkpt>
      <trkpt lat="46.13779" lon="6.74668">
        <ele>1426</ele>
        <time>2026-07-02T20:07:06+00:00</time>
      </trkpt>
      <trkpt lat="46.13776" lon="6.74656">
        <ele>1427</ele>
        <time>2026-07-02T20:07:09+00:00</time>
      </trkpt>
      <trkpt lat="46.13776" lon="6.74641">
        <ele>1427</ele>
        <time>2026-07-02T20:07:12+00:00</time>
      </trkpt>
      <trkpt lat="46.13777" lon="6.74628">
        <ele>1429</ele>
        <time>2026-07-02T20:07:15+00:00</time>
      </trkpt>
      <trkpt lat="46.13776" lon="6.74619">
        <ele>1429</ele>
        <time>2026-07-02T20:07:18+00:00</time>
      </trkpt>
      <trkpt lat="46.13775" lon="6.74605">
        <ele>1429</ele>
        <time>2026-07-02T20:07:21+00:00</time>
      </trkpt>
      <trkpt lat="46.13771" lon="6.74584">
        <ele>1430</ele>
        <time>2026-07-02T20:07:24+00:00</time>
      </trkpt>
      <trkpt lat="46.13768" lon="6.74569">
        <ele>1433</ele>
        <time>2026-07-02T20:07:27+00:00</time>
      </trkpt>
      <trkpt lat="46.13768" lon="6.74559">
        <ele>1435</ele>
        <time>2026-07-02T20:07:30+00:00</time>
      </trkpt>
      <trkpt lat="46.1377" lon="6.74551">
        <ele>1435</ele>
        <time>2026-07-02T20:07:33+00:00</time>
      </trkpt>
      <trkpt lat="46.13775" lon="6.74538">
        <ele>1437</ele>
        <time>2026-07-02T20:07:36+00:00</time>
      </trkpt>
      <trkpt lat="46.13783" lon="6.7452">
        <ele>1437</ele>
        <time>2026-07-02T20:07:39+00:00</time>
      </trkpt>
      <trkpt lat="46.13784" lon="6.74515">
        <ele>1437</ele>
        <time>2026-07-02T20:07:42+00:00</time>
      </trkpt>
      <trkpt lat="46.13782" lon="6.74511">
        <ele>1437</ele>
        <time>2026-07-02T20:07:45+00:00</time>
      </trkpt>
      <trkpt lat="46.13778" lon="6.7451">
        <ele>1439</ele>
        <time>2026-07-02T20:07:48+00:00</time>
      </trkpt>
      <trkpt lat="46.13773" lon="6.74514">
        <ele>1439</ele>
        <time>2026-07-02T20:07:51+00:00</time>
      </trkpt>
      <trkpt lat="46.13765" lon="6.7452">
        <ele>1441</ele>
        <time>2026-07-02T20:07:54+00:00</time>
      </trkpt>
      <trkpt lat="46.13759" lon="6.74521">
        <ele>1444</ele>
        <time>2026-07-02T20:07:57+00:00</time>
      </trkpt>
      <trkpt lat="46.13748" lon="6.74521">
        <ele>1446</ele>
        <time>2026-07-02T20:08:00+00:00</time>
      </trkpt>
      <trkpt lat="46.13739" lon="6.74519">
        <ele>1450</ele>
        <time>2026-07-02T20:08:03+00:00</time>
      </trkpt>
      <trkpt lat="46.13731" lon="6.74517">
        <ele>1450</ele>
        <time>2026-07-02T20:08:06+00:00</time>
      </trkpt>
      <trkpt lat="46.13725" lon="6.74517">
        <ele>1452</ele>
        <time>2026-07-02T20:08:09+00:00</time>
      </trkpt>
      <trkpt lat="46.13715" lon="6.74519">
        <ele>1455</ele>
        <time>2026-07-02T20:08:12+00:00</time>
      </trkpt>
      <trkpt lat="46.13693" lon="6.74519">
        <ele>1462</ele>
        <time>2026-07-02T20:08:15+00:00</time>
      </trkpt>
      <trkpt lat="46.1368" lon="6.74517">
        <ele>1463</ele>
        <time>2026-07-02T20:08:18+00:00</time>
      </trkpt>
      <trkpt lat="46.13676" lon="6.74514">
        <ele>1462</ele>
        <time>2026-07-02T20:08:21+00:00</time>
      </trkpt>
      <trkpt lat="46.13674" lon="6.74507">
        <ele>1466</ele>
        <time>2026-07-02T20:08:24+00:00</time>
      </trkpt>
      <trkpt lat="46.13671" lon="6.74495">
        <ele>1469</ele>
        <time>2026-07-02T20:08:27+00:00</time>
      </trkpt>
      <trkpt lat="46.13667" lon="6.74487">
        <ele>1471</ele>
        <time>2026-07-02T20:08:30+00:00</time>
      </trkpt>
      <trkpt lat="46.13662" lon="6.74482">
        <ele>1471</ele>
        <time>2026-07-02T20:08:33+00:00</time>
      </trkpt>
      <trkpt lat="46.13657" lon="6.74481">
        <ele>1471</ele>
        <time>2026-07-02T20:08:36+00:00</time>
      </trkpt>
      <trkpt lat="46.13654" lon="6.74483">
        <ele>1471</ele>
        <time>2026-07-02T20:08:39+00:00</time>
      </trkpt>
      <trkpt lat="46.13651" lon="6.74485">
        <ele>1471</ele>
        <time>2026-07-02T20:08:42+00:00</time>
      </trkpt>
      <trkpt lat="46.13644" lon="6.74499">
        <ele>1472</ele>
        <time>2026-07-02T20:08:45+00:00</time>
      </trkpt>
      <trkpt lat="46.13632" lon="6.74525">
        <ele>1475</ele>
        <time>2026-07-02T20:08:48+00:00</time>
      </trkpt>
      <trkpt lat="46.13629" lon="6.74529">
        <ele>1477</ele>
        <time>2026-07-02T20:08:51+00:00</time>
      </trkpt>
      <trkpt lat="46.13625" lon="6.74531">
        <ele>1477</ele>
        <time>2026-07-02T20:08:54+00:00</time>
      </trkpt>
      <trkpt lat="46.13622" lon="6.74529">
        <ele>1477</ele>
        <time>2026-07-02T20:08:57+00:00</time>
      </trkpt>
      <trkpt lat="46.1362" lon="6.74521">
        <ele>1481</ele>
        <time>2026-07-02T20:09:00+00:00</time>
      </trkpt>
      <trkpt lat="46.13619" lon="6.74511">
        <ele>1481</ele>
        <time>2026-07-02T20:09:03+00:00</time>
      </trkpt>
      <trkpt lat="46.13616" lon="6.74505">
        <ele>1481</ele>
        <time>2026-07-02T20:09:06+00:00</time>
      </trkpt>
      <trkpt lat="46.13611" lon="6.74503">
        <ele>1481</ele>
        <time>2026-07-02T20:09:09+00:00</time>
      </trkpt>
      <trkpt lat="46.13607" lon="6.74506">
        <ele>1485</ele>
        <time>2026-07-02T20:09:12+00:00</time>
      </trkpt>
      <trkpt lat="46.13604" lon="6.74511">
        <ele>1484</ele>
        <time>2026-07-02T20:09:15+00:00</time>
      </trkpt>
      <trkpt lat="46.13602" lon="6.74528">
        <ele>1484</ele>
        <time>2026-07-02T20:09:18+00:00</time>
      </trkpt>
      <trkpt lat="46.136" lon="6.74542">
        <ele>1486</ele>
        <time>2026-07-02T20:09:21+00:00</time>
      </trkpt>
      <trkpt lat="46.13595" lon="6.74557">
        <ele>1489</ele>
        <time>2026-07-02T20:09:24+00:00</time>
      </trkpt>
      <trkpt lat="46.13589" lon="6.7457">
        <ele>1493</ele>
        <time>2026-07-02T20:09:27+00:00</time>
      </trkpt>
      <trkpt lat="46.13582" lon="6.74581">
        <ele>1491</ele>
        <time>2026-07-02T20:09:30+00:00</time>
      </trkpt>
      <trkpt lat="46.13576" lon="6.7459">
        <ele>1500</ele>
        <time>2026-07-02T20:09:33+00:00</time>
      </trkpt>
      <trkpt lat="46.13573" lon="6.74598">
        <ele>1498</ele>
        <time>2026-07-02T20:09:36+00:00</time>
      </trkpt>
      <trkpt lat="46.13571" lon="6.74602">
        <ele>1497</ele>
        <time>2026-07-02T20:09:39+00:00</time>
      </trkpt>
      <trkpt lat="46.13568" lon="6.74605">
        <ele>1500</ele>
        <time>2026-07-02T20:09:42+00:00</time>
      </trkpt>
      <trkpt lat="46.13565" lon="6.74603">
        <ele>1500</ele>
        <time>2026-07-02T20:09:45+00:00</time>
      </trkpt>
      <trkpt lat="46.13562" lon="6.74607">
        <ele>1500</ele>
        <time>2026-07-02T20:09:48+00:00</time>
      </trkpt>
      <trkpt lat="46.13559" lon="6.74609">
        <ele>1503</ele>
        <time>2026-07-02T20:09:51+00:00</time>
      </trkpt>
      <trkpt lat="46.1355" lon="6.74612">
        <ele>1501</ele>
        <time>2026-07-02T20:09:54+00:00</time>
      </trkpt>
      <trkpt lat="46.13544" lon="6.74615">
        <ele>1503</ele>
        <time>2026-07-02T20:09:57+00:00</time>
      </trkpt>
      <trkpt lat="46.1354" lon="6.74618">
        <ele>1503</ele>
        <time>2026-07-02T20:10:00+00:00</time>
      </trkpt>
      <trkpt lat="46.13536" lon="6.74627">
        <ele>1505</ele>
        <time>2026-07-02T20:10:03+00:00</time>
      </trkpt>
      <trkpt lat="46.13533" lon="6.74633">
        <ele>1502</ele>
        <time>2026-07-02T20:10:06+00:00</time>
      </trkpt>
      <trkpt lat="46.13529" lon="6.74638">
        <ele>1503</ele>
        <time>2026-07-02T20:10:09+00:00</time>
      </trkpt>
      <trkpt lat="46.13524" lon="6.74643">
        <ele>1501</ele>
        <time>2026-07-02T20:10:12+00:00</time>
      </trkpt>
      <trkpt lat="46.13519" lon="6.74649">
        <ele>1507</ele>
        <time>2026-07-02T20:10:15+00:00</time>
      </trkpt>
      <trkpt lat="46.13512" lon="6.74658">
        <ele>1504</ele>
        <time>2026-07-02T20:10:18+00:00</time>
      </trkpt>
      <trkpt lat="46.13502" lon="6.74667">
        <ele>1504</ele>
        <time>2026-07-02T20:10:21+00:00</time>
      </trkpt>
      <trkpt lat="46.1349" lon="6.74672">
        <ele>1505</ele>
        <time>2026-07-02T20:10:24+00:00</time>
      </trkpt>
      <trkpt lat="46.13481" lon="6.74673">
        <ele>1505</ele>
        <time>2026-07-02T20:10:27+00:00</time>
      </trkpt>
      <trkpt lat="46.13474" lon="6.74681">
        <ele>1506</ele>
        <time>2026-07-02T20:10:30+00:00</time>
      </trkpt>
      <trkpt lat="46.13465" lon="6.74696">
        <ele>1508</ele>
        <time>2026-07-02T20:10:33+00:00</time>
      </trkpt>
      <trkpt lat="46.13456" lon="6.74708">
        <ele>1512</ele>
        <time>2026-07-02T20:10:36+00:00</time>
      </trkpt>
      <trkpt lat="46.13452" lon="6.74713">
        <ele>1511</ele>
        <time>2026-07-02T20:10:39+00:00</time>
      </trkpt>
      <trkpt lat="46.13448" lon="6.74719">
        <ele>1513</ele>
        <time>2026-07-02T20:10:42+00:00</time>
      </trkpt>
      <trkpt lat="46.13445" lon="6.74727">
        <ele>1513</ele>
        <time>2026-07-02T20:10:45+00:00</time>
      </trkpt>
      <trkpt lat="46.13444" lon="6.74736">
        <ele>1513</ele>
        <time>2026-07-02T20:10:48+00:00</time>
      </trkpt>
      <trkpt lat="46.13442" lon="6.7474">
        <ele>1513</ele>
        <time>2026-07-02T20:10:51+00:00</time>
      </trkpt>
      <trkpt lat="46.13438" lon="6.74743">
        <ele>1516</ele>
        <time>2026-07-02T20:10:54+00:00</time>
      </trkpt>
      <trkpt lat="46.13436" lon="6.74749">
        <ele>1516</ele>
        <time>2026-07-02T20:10:57+00:00</time>
      </trkpt>
      <trkpt lat="46.13433" lon="6.74753">
        <ele>1514</ele>
        <time>2026-07-02T20:11:00+00:00</time>
      </trkpt>
      <trkpt lat="46.13427" lon="6.74764">
        <ele>1516</ele>
        <time>2026-07-02T20:11:03+00:00</time>
      </trkpt>
      <trkpt lat="46.13425" lon="6.74771">
        <ele>1516</ele>
        <time>2026-07-02T20:11:06+00:00</time>
      </trkpt>
      <trkpt lat="46.1342" lon="6.74783">
        <ele>1519</ele>
        <time>2026-07-02T20:11:09+00:00</time>
      </trkpt>
      <trkpt lat="46.13418" lon="6.74791">
        <ele>1519</ele>
        <time>2026-07-02T20:11:12+00:00</time>
      </trkpt>
      <trkpt lat="46.13415" lon="6.74798">
        <ele>1519</ele>
        <time>2026-07-02T20:11:15+00:00</time>
      </trkpt>
      <trkpt lat="46.13411" lon="6.74806">
        <ele>1519</ele>
        <time>2026-07-02T20:11:18+00:00</time>
      </trkpt>
      <trkpt lat="46.13407" lon="6.74817">
        <ele>1522</ele>
        <time>2026-07-02T20:11:21+00:00</time>
      </trkpt>
      <trkpt lat="46.13401" lon="6.7483">
        <ele>1521</ele>
        <time>2026-07-02T20:11:24+00:00</time>
      </trkpt>
      <trkpt lat="46.13395" lon="6.74847">
        <ele>1527</ele>
        <time>2026-07-02T20:11:27+00:00</time>
      </trkpt>
      <trkpt lat="46.13395" lon="6.74858">
        <ele>1527</ele>
        <time>2026-07-02T20:11:30+00:00</time>
      </trkpt>
      <trkpt lat="46.13395" lon="6.74861">
        <ele>1528</ele>
        <time>2026-07-02T20:11:33+00:00</time>
      </trkpt>
      <trkpt lat="46.13395" lon="6.74862">
        <ele>1528</ele>
        <time>2026-07-02T20:11:36+00:00</time>
      </trkpt>
      <trkpt lat="46.13395" lon="6.74868">
        <ele>1528</ele>
        <time>2026-07-02T20:11:39+00:00</time>
      </trkpt>
      <trkpt lat="46.13394" lon="6.74876">
        <ele>1529</ele>
        <time>2026-07-02T20:11:42+00:00</time>
      </trkpt>
      <trkpt lat="46.13393" lon="6.74886">
        <ele>1529</ele>
        <time>2026-07-02T20:11:45+00:00</time>
      </trkpt>
      <trkpt lat="46.13393" lon="6.74892">
        <ele>1530</ele>
        <time>2026-07-02T20:11:48+00:00</time>
      </trkpt>
      <trkpt lat="46.13394" lon="6.74901">
        <ele>1531</ele>
        <time>2026-07-02T20:11:51+00:00</time>
      </trkpt>
      <trkpt lat="46.13396" lon="6.74906">
        <ele>1531</ele>
        <time>2026-07-02T20:11:54+00:00</time>
      </trkpt>
      <trkpt lat="46.13398" lon="6.74912">
        <ele>1529</ele>
        <time>2026-07-02T20:11:57+00:00</time>
      </trkpt>
      <trkpt lat="46.134" lon="6.7492">
        <ele>1526</ele>
        <time>2026-07-02T20:12:00+00:00</time>
      </trkpt>
      <trkpt lat="46.13401" lon="6.74925">
        <ele>1527</ele>
        <time>2026-07-02T20:12:03+00:00</time>
      </trkpt>
      <trkpt lat="46.13403" lon="6.74927">
        <ele>1527</ele>
        <time>2026-07-02T20:12:06+00:00</time>
      </trkpt>
      <trkpt lat="46.13404" lon="6.74927">
        <ele>1527</ele>
        <time>2026-07-02T20:12:09+00:00</time>
      </trkpt>
      <trkpt lat="46.13407" lon="6.74931">
        <ele>1530</ele>
        <time>2026-07-02T20:12:12+00:00</time>
      </trkpt>
      <trkpt lat="46.13409" lon="6.74934">
        <ele>1530</ele>
        <time>2026-07-02T20:12:15+00:00</time>
      </trkpt>
      <trkpt lat="46.13413" lon="6.74939">
        <ele>1530</ele>
        <time>2026-07-02T20:12:18+00:00</time>
      </trkpt>
      <trkpt lat="46.13417" lon="6.74954">
        <ele>1533</ele>
        <time>2026-07-02T20:12:21+00:00</time>
      </trkpt>
      <trkpt lat="46.13421" lon="6.74976">
        <ele>1536</ele>
        <time>2026-07-02T20:12:24+00:00</time>
      </trkpt>
      <trkpt lat="46.13423" lon="6.74987">
        <ele>1537</ele>
        <time>2026-07-02T20:12:27+00:00</time>
      </trkpt>
      <trkpt lat="46.13425" lon="6.7499">
        <ele>1537</ele>
        <time>2026-07-02T20:12:30+00:00</time>
      </trkpt>
      <trkpt lat="46.13427" lon="6.74997">
        <ele>1539</ele>
        <time>2026-07-02T20:12:33+00:00</time>
      </trkpt>
      <trkpt lat="46.1343" lon="6.74998">
        <ele>1537</ele>
        <time>2026-07-02T20:12:36+00:00</time>
      </trkpt>
      <trkpt lat="46.13432" lon="6.74999">
        <ele>1537</ele>
        <time>2026-07-02T20:12:39+00:00</time>
      </trkpt>
      <trkpt lat="46.13436" lon="6.74998">
        <ele>1537</ele>
        <time>2026-07-02T20:12:42+00:00</time>
      </trkpt>
      <trkpt lat="46.13436" lon="6.74996">
        <ele>1537</ele>
        <time>2026-07-02T20:12:45+00:00</time>
      </trkpt>
      <trkpt lat="46.13439" lon="6.74994">
        <ele>1537</ele>
        <time>2026-07-02T20:12:48+00:00</time>
      </trkpt>
      <trkpt lat="46.13442" lon="6.74993">
        <ele>1537</ele>
        <time>2026-07-02T20:12:51+00:00</time>
      </trkpt>
      <trkpt lat="46.13445" lon="6.74993">
        <ele>1537</ele>
        <time>2026-07-02T20:12:54+00:00</time>
      </trkpt>
      <trkpt lat="46.13449" lon="6.74996">
        <ele>1537</ele>
        <time>2026-07-02T20:12:57+00:00</time>
      </trkpt>
      <trkpt lat="46.13452" lon="6.74996">
        <ele>1540</ele>
        <time>2026-07-02T20:13:00+00:00</time>
      </trkpt>
      <trkpt lat="46.13459" lon="6.74995">
        <ele>1540</ele>
        <time>2026-07-02T20:13:03+00:00</time>
      </trkpt>
      <trkpt lat="46.13472" lon="6.74993">
        <ele>1548</ele>
        <time>2026-07-02T20:13:06+00:00</time>
      </trkpt>
      <trkpt lat="46.13477" lon="6.74995">
        <ele>1548</ele>
        <time>2026-07-02T20:13:09+00:00</time>
      </trkpt>
      <trkpt lat="46.13486" lon="6.74999">
        <ele>1549</ele>
        <time>2026-07-02T20:13:12+00:00</time>
      </trkpt>
      <trkpt lat="46.13493" lon="6.75007">
        <ele>1550</ele>
        <time>2026-07-02T20:13:15+00:00</time>
      </trkpt>
      <trkpt lat="46.13498" lon="6.75017">
        <ele>1554</ele>
        <time>2026-07-02T20:13:18+00:00</time>
      </trkpt>
      <trkpt lat="46.13499" lon="6.75022">
        <ele>1557</ele>
        <time>2026-07-02T20:13:21+00:00</time>
      </trkpt>
      <trkpt lat="46.13497" lon="6.75025">
        <ele>1557</ele>
        <time>2026-07-02T20:13:24+00:00</time>
      </trkpt>
      <trkpt lat="46.13491" lon="6.75025">
        <ele>1557</ele>
        <time>2026-07-02T20:13:27+00:00</time>
      </trkpt>
      <trkpt lat="46.13483" lon="6.75022">
        <ele>1560</ele>
        <time>2026-07-02T20:13:30+00:00</time>
      </trkpt>
      <trkpt lat="46.13481" lon="6.75019">
        <ele>1556</ele>
        <time>2026-07-02T20:13:33+00:00</time>
      </trkpt>
      <trkpt lat="46.13478" lon="6.7502">
        <ele>1559</ele>
        <time>2026-07-02T20:13:36+00:00</time>
      </trkpt>
      <trkpt lat="46.13478" lon="6.75026">
        <ele>1559</ele>
        <time>2026-07-02T20:13:39+00:00</time>
      </trkpt>
      <trkpt lat="46.1348" lon="6.75029">
        <ele>1560</ele>
        <time>2026-07-02T20:13:42+00:00</time>
      </trkpt>
      <trkpt lat="46.1348" lon="6.75032">
        <ele>1562</ele>
        <time>2026-07-02T20:13:45+00:00</time>
      </trkpt>
      <trkpt lat="46.13484" lon="6.75042">
        <ele>1565</ele>
        <time>2026-07-02T20:13:48+00:00</time>
      </trkpt>
      <trkpt lat="46.13485" lon="6.75049">
        <ele>1565</ele>
        <time>2026-07-02T20:13:51+00:00</time>
      </trkpt>
      <trkpt lat="46.13488" lon="6.75056">
        <ele>1569</ele>
        <time>2026-07-02T20:13:54+00:00</time>
      </trkpt>
      <trkpt lat="46.13489" lon="6.75064">
        <ele>1571</ele>
        <time>2026-07-02T20:13:57+00:00</time>
      </trkpt>
      <trkpt lat="46.13489" lon="6.75073">
        <ele>1573</ele>
        <time>2026-07-02T20:14:00+00:00</time>
      </trkpt>
      <trkpt lat="46.13487" lon="6.75082">
        <ele>1575</ele>
        <time>2026-07-02T20:14:03+00:00</time>
      </trkpt>
      <trkpt lat="46.13483" lon="6.75086">
        <ele>1575</ele>
        <time>2026-07-02T20:14:06+00:00</time>
      </trkpt>
      <trkpt lat="46.13478" lon="6.75091">
        <ele>1578</ele>
        <time>2026-07-02T20:14:09+00:00</time>
      </trkpt>
      <trkpt lat="46.13477" lon="6.75097">
        <ele>1578</ele>
        <time>2026-07-02T20:14:12+00:00</time>
      </trkpt>
      <trkpt lat="46.13479" lon="6.75104">
        <ele>1581</ele>
        <time>2026-07-02T20:14:15+00:00</time>
      </trkpt>
      <trkpt lat="46.1348" lon="6.7511">
        <ele>1579</ele>
        <time>2026-07-02T20:14:18+00:00</time>
      </trkpt>
      <trkpt lat="46.13478" lon="6.75112">
        <ele>1587</ele>
        <time>2026-07-02T20:14:21+00:00</time>
      </trkpt>
      <trkpt lat="46.13472" lon="6.75112">
        <ele>1587</ele>
        <time>2026-07-02T20:14:24+00:00</time>
      </trkpt>
      <trkpt lat="46.13468" lon="6.75113">
        <ele>1589</ele>
        <time>2026-07-02T20:14:27+00:00</time>
      </trkpt>
      <trkpt lat="46.13466" lon="6.75114">
        <ele>1589</ele>
        <time>2026-07-02T20:14:30+00:00</time>
      </trkpt>
      <trkpt lat="46.13459" lon="6.75123">
        <ele>1589</ele>
        <time>2026-07-02T20:14:33+00:00</time>
      </trkpt>
      <trkpt lat="46.13452" lon="6.75135">
        <ele>1593</ele>
        <time>2026-07-02T20:14:36+00:00</time>
      </trkpt>
      <trkpt lat="46.1345" lon="6.75142">
        <ele>1596</ele>
        <time>2026-07-02T20:14:39+00:00</time>
      </trkpt>
      <trkpt lat="46.1345" lon="6.75147">
        <ele>1596</ele>
        <time>2026-07-02T20:14:42+00:00</time>
      </trkpt>
      <trkpt lat="46.1345" lon="6.75147">
        <ele>1596</ele>
        <time>2026-07-02T20:14:45+00:00</time>
      </trkpt>
      <trkpt lat="46.13453" lon="6.75158">
        <ele>1598</ele>
        <time>2026-07-02T20:14:48+00:00</time>
      </trkpt>
      <trkpt lat="46.13456" lon="6.75167">
        <ele>1599</ele>
        <time>2026-07-02T20:14:51+00:00</time>
      </trkpt>
      <trkpt lat="46.13462" lon="6.7518">
        <ele>1607</ele>
        <time>2026-07-02T20:14:54+00:00</time>
      </trkpt>
      <trkpt lat="46.13467" lon="6.75192">
        <ele>1611</ele>
        <time>2026-07-02T20:14:57+00:00</time>
      </trkpt>
      <trkpt lat="46.1347" lon="6.752">
        <ele>1612</ele>
        <time>2026-07-02T20:15:00+00:00</time>
      </trkpt>
      <trkpt lat="46.13471" lon="6.75212">
        <ele>1612</ele>
        <time>2026-07-02T20:15:03+00:00</time>
      </trkpt>
      <trkpt lat="46.13471" lon="6.75224">
        <ele>1613</ele>
        <time>2026-07-02T20:15:06+00:00</time>
      </trkpt>
      <trkpt lat="46.1347" lon="6.75241">
        <ele>1616</ele>
        <time>2026-07-02T20:15:09+00:00</time>
      </trkpt>
      <trkpt lat="46.13472" lon="6.75251">
        <ele>1617</ele>
        <time>2026-07-02T20:15:12+00:00</time>
      </trkpt>
      <trkpt lat="46.1348" lon="6.75255">
        <ele>1614</ele>
        <time>2026-07-02T20:15:15+00:00</time>
      </trkpt>
      <trkpt lat="46.13488" lon="6.75258">
        <ele>1616</ele>
        <time>2026-07-02T20:15:18+00:00</time>
      </trkpt>
      <trkpt lat="46.13501" lon="6.75261">
        <ele>1616</ele>
        <time>2026-07-02T20:15:21+00:00</time>
      </trkpt>
      <trkpt lat="46.13511" lon="6.7526">
        <ele>1615</ele>
        <time>2026-07-02T20:15:24+00:00</time>
      </trkpt>
      <trkpt lat="46.13518" lon="6.75254">
        <ele>1615</ele>
        <time>2026-07-02T20:15:27+00:00</time>
      </trkpt>
      <trkpt lat="46.13524" lon="6.75246">
        <ele>1616</ele>
        <time>2026-07-02T20:15:30+00:00</time>
      </trkpt>
      <trkpt lat="46.13531" lon="6.75243">
        <ele>1616</ele>
        <time>2026-07-02T20:15:33+00:00</time>
      </trkpt>
      <trkpt lat="46.13536" lon="6.75242">
        <ele>1616</ele>
        <time>2026-07-02T20:15:36+00:00</time>
      </trkpt>
      <trkpt lat="46.13543" lon="6.75243">
        <ele>1616</ele>
        <time>2026-07-02T20:15:39+00:00</time>
      </trkpt>
      <trkpt lat="46.13548" lon="6.75243">
        <ele>1616</ele>
        <time>2026-07-02T20:15:42+00:00</time>
      </trkpt>
      <trkpt lat="46.13555" lon="6.75244">
        <ele>1614</ele>
        <time>2026-07-02T20:15:45+00:00</time>
      </trkpt>
      <trkpt lat="46.13563" lon="6.75245">
        <ele>1613</ele>
        <time>2026-07-02T20:15:48+00:00</time>
      </trkpt>
      <trkpt lat="46.13565" lon="6.75243">
        <ele>1613</ele>
        <time>2026-07-02T20:15:51+00:00</time>
      </trkpt>
      <trkpt lat="46.13569" lon="6.75242">
        <ele>1613</ele>
        <time>2026-07-02T20:15:54+00:00</time>
      </trkpt>
      <trkpt lat="46.13575" lon="6.75244">
        <ele>1611</ele>
        <time>2026-07-02T20:15:57+00:00</time>
      </trkpt>
      <trkpt lat="46.13579" lon="6.75243">
        <ele>1611</ele>
        <time>2026-07-02T20:16:00+00:00</time>
      </trkpt>
      <trkpt lat="46.13585" lon="6.75241">
        <ele>1612</ele>
        <time>2026-07-02T20:16:03+00:00</time>
      </trkpt>
      <trkpt lat="46.1359" lon="6.75237">
        <ele>1606</ele>
        <time>2026-07-02T20:16:06+00:00</time>
      </trkpt>
      <trkpt lat="46.13594" lon="6.75235">
        <ele>1606</ele>
        <time>2026-07-02T20:16:09+00:00</time>
      </trkpt>
      <trkpt lat="46.13601" lon="6.75231">
        <ele>1608</ele>
        <time>2026-07-02T20:16:12+00:00</time>
      </trkpt>
      <trkpt lat="46.13608" lon="6.75228">
        <ele>1609</ele>
        <time>2026-07-02T20:16:15+00:00</time>
      </trkpt>
      <trkpt lat="46.13613" lon="6.75228">
        <ele>1606</ele>
        <time>2026-07-02T20:16:18+00:00</time>
      </trkpt>
      <trkpt lat="46.1362" lon="6.75226">
        <ele>1606</ele>
        <time>2026-07-02T20:16:21+00:00</time>
      </trkpt>
      <trkpt lat="46.13621" lon="6.75226">
        <ele>1606</ele>
        <time>2026-07-02T20:16:24+00:00</time>
      </trkpt>
      <trkpt lat="46.13628" lon="6.7522">
        <ele>1606</ele>
        <time>2026-07-02T20:16:27+00:00</time>
      </trkpt>
      <trkpt lat="46.13633" lon="6.75216">
        <ele>1603</ele>
        <time>2026-07-02T20:16:30+00:00</time>
      </trkpt>
      <trkpt lat="46.13635" lon="6.75212">
        <ele>1603</ele>
        <time>2026-07-02T20:16:33+00:00</time>
      </trkpt>
      <trkpt lat="46.13642" lon="6.75204">
        <ele>1604</ele>
        <time>2026-07-02T20:16:36+00:00</time>
      </trkpt>
      <trkpt lat="46.13651" lon="6.75199">
        <ele>1603</ele>
        <time>2026-07-02T20:16:39+00:00</time>
      </trkpt>
      <trkpt lat="46.13656" lon="6.75197">
        <ele>1600</ele>
        <time>2026-07-02T20:16:42+00:00</time>
      </trkpt>
      <trkpt lat="46.13659" lon="6.75194">
        <ele>1600</ele>
        <time>2026-07-02T20:16:45+00:00</time>
      </trkpt>
      <trkpt lat="46.13665" lon="6.7519">
        <ele>1601</ele>
        <time>2026-07-02T20:16:48+00:00</time>
      </trkpt>
      <trkpt lat="46.13672" lon="6.7519">
        <ele>1601</ele>
        <time>2026-07-02T20:16:51+00:00</time>
      </trkpt>
      <trkpt lat="46.13677" lon="6.75188">
        <ele>1598</ele>
        <time>2026-07-02T20:16:54+00:00</time>
      </trkpt>
      <trkpt lat="46.13686" lon="6.75183">
        <ele>1598</ele>
        <time>2026-07-02T20:16:57+00:00</time>
      </trkpt>
      <trkpt lat="46.13692" lon="6.75181">
        <ele>1600</ele>
        <time>2026-07-02T20:17:00+00:00</time>
      </trkpt>
      <trkpt lat="46.137" lon="6.75179">
        <ele>1598</ele>
        <time>2026-07-02T20:17:03+00:00</time>
      </trkpt>
      <trkpt lat="46.13714" lon="6.75176">
        <ele>1600</ele>
        <time>2026-07-02T20:17:06+00:00</time>
      </trkpt>
      <trkpt lat="46.13728" lon="6.75177">
        <ele>1599</ele>
        <time>2026-07-02T20:17:09+00:00</time>
      </trkpt>
      <trkpt lat="46.13738" lon="6.75179">
        <ele>1600</ele>
        <time>2026-07-02T20:17:12+00:00</time>
      </trkpt>
      <trkpt lat="46.13752" lon="6.75185">
        <ele>1603</ele>
        <time>2026-07-02T20:17:15+00:00</time>
      </trkpt>
      <trkpt lat="46.1376" lon="6.75191">
        <ele>1603</ele>
        <time>2026-07-02T20:17:18+00:00</time>
      </trkpt>
      <trkpt lat="46.13782" lon="6.75204">
        <ele>1603</ele>
        <time>2026-07-02T20:17:21+00:00</time>
      </trkpt>
      <trkpt lat="46.1379" lon="6.75207">
        <ele>1603</ele>
        <time>2026-07-02T20:17:24+00:00</time>
      </trkpt>
      <trkpt lat="46.13796" lon="6.75213">
        <ele>1606</ele>
        <time>2026-07-02T20:17:27+00:00</time>
      </trkpt>
      <trkpt lat="46.13801" lon="6.75218">
        <ele>1603</ele>
        <time>2026-07-02T20:17:30+00:00</time>
      </trkpt>
      <trkpt lat="46.13805" lon="6.75218">
        <ele>1603</ele>
        <time>2026-07-02T20:17:33+00:00</time>
      </trkpt>
      <trkpt lat="46.13806" lon="6.75218">
        <ele>1603</ele>
        <time>2026-07-02T20:17:36+00:00</time>
      </trkpt>
      <trkpt lat="46.13813" lon="6.75219">
        <ele>1602</ele>
        <time>2026-07-02T20:17:39+00:00</time>
      </trkpt>
      <trkpt lat="46.13818" lon="6.75223">
        <ele>1605</ele>
        <time>2026-07-02T20:17:42+00:00</time>
      </trkpt>
      <trkpt lat="46.13822" lon="6.75227">
        <ele>1604</ele>
        <time>2026-07-02T20:17:45+00:00</time>
      </trkpt>
      <trkpt lat="46.1383" lon="6.7523">
        <ele>1607</ele>
        <time>2026-07-02T20:17:48+00:00</time>
      </trkpt>
      <trkpt lat="46.1384" lon="6.75232">
        <ele>1608</ele>
        <time>2026-07-02T20:17:51+00:00</time>
      </trkpt>
      <trkpt lat="46.13853" lon="6.75235">
        <ele>1606</ele>
        <time>2026-07-02T20:17:54+00:00</time>
      </trkpt>
      <trkpt lat="46.13872" lon="6.75243">
        <ele>1610</ele>
        <time>2026-07-02T20:17:57+00:00</time>
      </trkpt>
      <trkpt lat="46.1389" lon="6.75248">
        <ele>1610</ele>
        <time>2026-07-02T20:18:00+00:00</time>
      </trkpt>
      <trkpt lat="46.13899" lon="6.75247">
        <ele>1610</ele>
        <time>2026-07-02T20:18:03+00:00</time>
      </trkpt>
      <trkpt lat="46.13905" lon="6.75242">
        <ele>1610</ele>
        <time>2026-07-02T20:18:06+00:00</time>
      </trkpt>
      <trkpt lat="46.13917" lon="6.75231">
        <ele>1604</ele>
        <time>2026-07-02T20:18:09+00:00</time>
      </trkpt>
      <trkpt lat="46.13928" lon="6.75231">
        <ele>1604</ele>
        <time>2026-07-02T20:18:12+00:00</time>
      </trkpt>
      <trkpt lat="46.13937" lon="6.75234">
        <ele>1603</ele>
        <time>2026-07-02T20:18:15+00:00</time>
      </trkpt>
      <trkpt lat="46.13954" lon="6.75242">
        <ele>1605</ele>
        <time>2026-07-02T20:18:18+00:00</time>
      </trkpt>
      <trkpt lat="46.13969" lon="6.75247">
        <ele>1603</ele>
        <time>2026-07-02T20:18:21+00:00</time>
      </trkpt>
      <trkpt lat="46.1398" lon="6.75258">
        <ele>1602</ele>
        <time>2026-07-02T20:18:24+00:00</time>
      </trkpt>
      <trkpt lat="46.13987" lon="6.75269">
        <ele>1600</ele>
        <time>2026-07-02T20:18:27+00:00</time>
      </trkpt>
      <trkpt lat="46.13995" lon="6.75287">
        <ele>1597</ele>
        <time>2026-07-02T20:18:30+00:00</time>
      </trkpt>
      <trkpt lat="46.14001" lon="6.75308">
        <ele>1597</ele>
        <time>2026-07-02T20:18:33+00:00</time>
      </trkpt>
      <trkpt lat="46.14005" lon="6.75327">
        <ele>1593</ele>
        <time>2026-07-02T20:18:36+00:00</time>
      </trkpt>
      <trkpt lat="46.14009" lon="6.75347">
        <ele>1595</ele>
        <time>2026-07-02T20:18:39+00:00</time>
      </trkpt>
      <trkpt lat="46.14032" lon="6.75367">
        <ele>1582</ele>
        <time>2026-07-02T20:18:42+00:00</time>
      </trkpt>
      <trkpt lat="46.14045" lon="6.75381">
        <ele>1583</ele>
        <time>2026-07-02T20:18:45+00:00</time>
      </trkpt>
      <trkpt lat="46.14054" lon="6.75386">
        <ele>1581</ele>
        <time>2026-07-02T20:18:48+00:00</time>
      </trkpt>
      <trkpt lat="46.14063" lon="6.75379">
        <ele>1580</ele>
        <time>2026-07-02T20:18:51+00:00</time>
      </trkpt>
      <trkpt lat="46.14068" lon="6.75377">
        <ele>1580</ele>
        <time>2026-07-02T20:18:54+00:00</time>
      </trkpt>
      <trkpt lat="46.14072" lon="6.75379">
        <ele>1579</ele>
        <time>2026-07-02T20:18:57+00:00</time>
      </trkpt>
      <trkpt lat="46.14076" lon="6.75382">
        <ele>1577</ele>
        <time>2026-07-02T20:19:00+00:00</time>
      </trkpt>
      <trkpt lat="46.1408" lon="6.75389">
        <ele>1576</ele>
        <time>2026-07-02T20:19:03+00:00</time>
      </trkpt>
      <trkpt lat="46.14084" lon="6.75398">
        <ele>1575</ele>
        <time>2026-07-02T20:19:06+00:00</time>
      </trkpt>
      <trkpt lat="46.14091" lon="6.75419">
        <ele>1572</ele>
        <time>2026-07-02T20:19:09+00:00</time>
      </trkpt>
      <trkpt lat="46.14095" lon="6.75422">
        <ele>1571</ele>
        <time>2026-07-02T20:19:12+00:00</time>
      </trkpt>
      <trkpt lat="46.14104" lon="6.75426">
        <ele>1568</ele>
        <time>2026-07-02T20:19:15+00:00</time>
      </trkpt>
      <trkpt lat="46.14113" lon="6.75425">
        <ele>1566</ele>
        <time>2026-07-02T20:19:18+00:00</time>
      </trkpt>
      <trkpt lat="46.14118" lon="6.75426">
        <ele>1566</ele>
        <time>2026-07-02T20:19:21+00:00</time>
      </trkpt>
      <trkpt lat="46.14122" lon="6.75427">
        <ele>1563</ele>
        <time>2026-07-02T20:19:24+00:00</time>
      </trkpt>
      <trkpt lat="46.14124" lon="6.75424">
        <ele>1563</ele>
        <time>2026-07-02T20:19:27+00:00</time>
      </trkpt>
      <trkpt lat="46.14125" lon="6.75419">
        <ele>1561</ele>
        <time>2026-07-02T20:19:30+00:00</time>
      </trkpt>
      <trkpt lat="46.14122" lon="6.75411">
        <ele>1561</ele>
        <time>2026-07-02T20:19:33+00:00</time>
      </trkpt>
      <trkpt lat="46.14121" lon="6.75404">
        <ele>1561</ele>
        <time>2026-07-02T20:19:36+00:00</time>
      </trkpt>
      <trkpt lat="46.14122" lon="6.75397">
        <ele>1562</ele>
        <time>2026-07-02T20:19:39+00:00</time>
      </trkpt>
      <trkpt lat="46.14126" lon="6.7539">
        <ele>1562</ele>
        <time>2026-07-02T20:19:42+00:00</time>
      </trkpt>
      <trkpt lat="46.14133" lon="6.75383">
        <ele>1555</ele>
        <time>2026-07-02T20:19:45+00:00</time>
      </trkpt>
      <trkpt lat="46.14143" lon="6.75372">
        <ele>1552</ele>
        <time>2026-07-02T20:19:48+00:00</time>
      </trkpt>
      <trkpt lat="46.1415" lon="6.75367">
        <ele>1551</ele>
        <time>2026-07-02T20:19:51+00:00</time>
      </trkpt>
      <trkpt lat="46.14153" lon="6.75368">
        <ele>1548</ele>
        <time>2026-07-02T20:19:54+00:00</time>
      </trkpt>
      <trkpt lat="46.14159" lon="6.75377">
        <ele>1549</ele>
        <time>2026-07-02T20:19:57+00:00</time>
      </trkpt>
      <trkpt lat="46.14161" lon="6.75383">
        <ele>1545</ele>
        <time>2026-07-02T20:20:00+00:00</time>
      </trkpt>
      <trkpt lat="46.14167" lon="6.75397">
        <ele>1545</ele>
        <time>2026-07-02T20:20:03+00:00</time>
      </trkpt>
      <trkpt lat="46.14173" lon="6.75406">
        <ele>1542</ele>
        <time>2026-07-02T20:20:06+00:00</time>
      </trkpt>
      <trkpt lat="46.14183" lon="6.75418">
        <ele>1539</ele>
        <time>2026-07-02T20:20:09+00:00</time>
      </trkpt>
      <trkpt lat="46.14194" lon="6.75429">
        <ele>1535</ele>
        <time>2026-07-02T20:20:12+00:00</time>
      </trkpt>
      <trkpt lat="46.14199" lon="6.75437">
        <ele>1535</ele>
        <time>2026-07-02T20:20:15+00:00</time>
      </trkpt>
      <trkpt lat="46.1421" lon="6.75444">
        <ele>1531</ele>
        <time>2026-07-02T20:20:18+00:00</time>
      </trkpt>
      <trkpt lat="46.14217" lon="6.75453">
        <ele>1531</ele>
        <time>2026-07-02T20:20:21+00:00</time>
      </trkpt>
      <trkpt lat="46.14219" lon="6.75465">
        <ele>1532</ele>
        <time>2026-07-02T20:20:24+00:00</time>
      </trkpt>
      <trkpt lat="46.14225" lon="6.75474">
        <ele>1526</ele>
        <time>2026-07-02T20:20:27+00:00</time>
      </trkpt>
      <trkpt lat="46.14236" lon="6.75478">
        <ele>1523</ele>
        <time>2026-07-02T20:20:30+00:00</time>
      </trkpt>
      <trkpt lat="46.14249" lon="6.75482">
        <ele>1521</ele>
        <time>2026-07-02T20:20:33+00:00</time>
      </trkpt>
      <trkpt lat="46.14267" lon="6.75489">
        <ele>1513</ele>
        <time>2026-07-02T20:20:36+00:00</time>
      </trkpt>
      <trkpt lat="46.14287" lon="6.75497">
        <ele>1507</ele>
        <time>2026-07-02T20:20:39+00:00</time>
      </trkpt>
      <trkpt lat="46.14295" lon="6.75499">
        <ele>1505</ele>
        <time>2026-07-02T20:20:42+00:00</time>
      </trkpt>
      <trkpt lat="46.14299" lon="6.75504">
        <ele>1505</ele>
        <time>2026-07-02T20:20:45+00:00</time>
      </trkpt>
      <trkpt lat="46.14307" lon="6.75511">
        <ele>1504</ele>
        <time>2026-07-02T20:20:48+00:00</time>
      </trkpt>
      <trkpt lat="46.14315" lon="6.75529">
        <ele>1498</ele>
        <time>2026-07-02T20:20:51+00:00</time>
      </trkpt>
      <trkpt lat="46.14322" lon="6.75544">
        <ele>1494</ele>
        <time>2026-07-02T20:20:54+00:00</time>
      </trkpt>
      <trkpt lat="46.14336" lon="6.75572">
        <ele>1491</ele>
        <time>2026-07-02T20:20:57+00:00</time>
      </trkpt>
      <trkpt lat="46.14353" lon="6.75603">
        <ele>1486</ele>
        <time>2026-07-02T20:21:00+00:00</time>
      </trkpt>
      <trkpt lat="46.14363" lon="6.75619">
        <ele>1481</ele>
        <time>2026-07-02T20:21:03+00:00</time>
      </trkpt>
      <trkpt lat="46.14369" lon="6.75629">
        <ele>1481</ele>
        <time>2026-07-02T20:21:06+00:00</time>
      </trkpt>
      <trkpt lat="46.14372" lon="6.75637">
        <ele>1475</ele>
        <time>2026-07-02T20:21:09+00:00</time>
      </trkpt>
      <trkpt lat="46.14376" lon="6.75646">
        <ele>1474</ele>
        <time>2026-07-02T20:21:12+00:00</time>
      </trkpt>
      <trkpt lat="46.14382" lon="6.7565">
        <ele>1472</ele>
        <time>2026-07-02T20:21:15+00:00</time>
      </trkpt>
      <trkpt lat="46.14385" lon="6.75657">
        <ele>1472</ele>
        <time>2026-07-02T20:21:18+00:00</time>
      </trkpt>
      <trkpt lat="46.14387" lon="6.75669">
        <ele>1471</ele>
        <time>2026-07-02T20:21:21+00:00</time>
      </trkpt>
      <trkpt lat="46.14388" lon="6.75677">
        <ele>1472</ele>
        <time>2026-07-02T20:21:24+00:00</time>
      </trkpt>
      <trkpt lat="46.14386" lon="6.75683">
        <ele>1471</ele>
        <time>2026-07-02T20:21:27+00:00</time>
      </trkpt>
      <trkpt lat="46.14384" lon="6.75691">
        <ele>1469</ele>
        <time>2026-07-02T20:21:30+00:00</time>
      </trkpt>
      <trkpt lat="46.1437" lon="6.75711">
        <ele>1469</ele>
        <time>2026-07-02T20:21:33+00:00</time>
      </trkpt>
      <trkpt lat="46.14363" lon="6.75715">
        <ele>1471</ele>
        <time>2026-07-02T20:21:36+00:00</time>
      </trkpt>
      <trkpt lat="46.1435" lon="6.75731">
        <ele>1467</ele>
        <time>2026-07-02T20:21:39+00:00</time>
      </trkpt>
      <trkpt lat="46.14347" lon="6.75737">
        <ele>1467</ele>
        <time>2026-07-02T20:21:42+00:00</time>
      </trkpt>
      <trkpt lat="46.14341" lon="6.75766">
        <ele>1461</ele>
        <time>2026-07-02T20:21:45+00:00</time>
      </trkpt>
      <trkpt lat="46.14338" lon="6.75776">
        <ele>1465</ele>
        <time>2026-07-02T20:21:48+00:00</time>
      </trkpt>
      <trkpt lat="46.1433" lon="6.75799">
        <ele>1461</ele>
        <time>2026-07-02T20:21:51+00:00</time>
      </trkpt>
      <trkpt lat="46.14325" lon="6.75824">
        <ele>1465</ele>
        <time>2026-07-02T20:21:54+00:00</time>
      </trkpt>
      <trkpt lat="46.14321" lon="6.75837">
        <ele>1465</ele>
        <time>2026-07-02T20:21:57+00:00</time>
      </trkpt>
      <trkpt lat="46.14317" lon="6.75851">
        <ele>1469</ele>
        <time>2026-07-02T20:22:00+00:00</time>
      </trkpt>
      <trkpt lat="46.14312" lon="6.75862">
        <ele>1468</ele>
        <time>2026-07-02T20:22:03+00:00</time>
      </trkpt>
      <trkpt lat="46.1431" lon="6.75875">
        <ele>1468</ele>
        <time>2026-07-02T20:22:06+00:00</time>
      </trkpt>
      <trkpt lat="46.14305" lon="6.75891">
        <ele>1470</ele>
        <time>2026-07-02T20:22:09+00:00</time>
      </trkpt>
      <trkpt lat="46.143" lon="6.75905">
        <ele>1476</ele>
        <time>2026-07-02T20:22:12+00:00</time>
      </trkpt>
      <trkpt lat="46.14296" lon="6.75911">
        <ele>1473</ele>
        <time>2026-07-02T20:22:15+00:00</time>
      </trkpt>
      <trkpt lat="46.14293" lon="6.75917">
        <ele>1469</ele>
        <time>2026-07-02T20:22:18+00:00</time>
      </trkpt>
      <trkpt lat="46.1429" lon="6.7593">
        <ele>1471</ele>
        <time>2026-07-02T20:22:21+00:00</time>
      </trkpt>
      <trkpt lat="46.14285" lon="6.75942">
        <ele>1468</ele>
        <time>2026-07-02T20:22:24+00:00</time>
      </trkpt>
      <trkpt lat="46.14279" lon="6.75951">
        <ele>1468</ele>
        <time>2026-07-02T20:22:27+00:00</time>
      </trkpt>
      <trkpt lat="46.1427" lon="6.75963">
        <ele>1466</ele>
        <time>2026-07-02T20:22:30+00:00</time>
      </trkpt>
      <trkpt lat="46.1426" lon="6.75972">
        <ele>1459</ele>
        <time>2026-07-02T20:22:33+00:00</time>
      </trkpt>
      <trkpt lat="46.14255" lon="6.75975">
        <ele>1461</ele>
        <time>2026-07-02T20:22:36+00:00</time>
      </trkpt>
      <trkpt lat="46.14249" lon="6.75983">
        <ele>1464</ele>
        <time>2026-07-02T20:22:39+00:00</time>
      </trkpt>
      <trkpt lat="46.1424" lon="6.75993">
        <ele>1462</ele>
        <time>2026-07-02T20:22:42+00:00</time>
      </trkpt>
      <trkpt lat="46.14223" lon="6.76009">
        <ele>1463</ele>
        <time>2026-07-02T20:22:45+00:00</time>
      </trkpt>
      <trkpt lat="46.14209" lon="6.76023">
        <ele>1461</ele>
        <time>2026-07-02T20:22:48+00:00</time>
      </trkpt>
      <trkpt lat="46.14198" lon="6.76035">
        <ele>1463</ele>
        <time>2026-07-02T20:22:51+00:00</time>
      </trkpt>
      <trkpt lat="46.14188" lon="6.76047">
        <ele>1468</ele>
        <time>2026-07-02T20:22:54+00:00</time>
      </trkpt>
      <trkpt lat="46.1418" lon="6.76058">
        <ele>1466</ele>
        <time>2026-07-02T20:22:57+00:00</time>
      </trkpt>
      <trkpt lat="46.14172" lon="6.76069">
        <ele>1467</ele>
        <time>2026-07-02T20:23:00+00:00</time>
      </trkpt>
      <trkpt lat="46.14166" lon="6.7608">
        <ele>1464</ele>
        <time>2026-07-02T20:23:03+00:00</time>
      </trkpt>
      <trkpt lat="46.14162" lon="6.76086">
        <ele>1464</ele>
        <time>2026-07-02T20:23:06+00:00</time>
      </trkpt>
      <trkpt lat="46.14153" lon="6.76096">
        <ele>1463</ele>
        <time>2026-07-02T20:23:09+00:00</time>
      </trkpt>
      <trkpt lat="46.14142" lon="6.76108">
        <ele>1466</ele>
        <time>2026-07-02T20:23:12+00:00</time>
      </trkpt>
      <trkpt lat="46.14135" lon="6.76116">
        <ele>1462</ele>
        <time>2026-07-02T20:23:15+00:00</time>
      </trkpt>
      <trkpt lat="46.14127" lon="6.76129">
        <ele>1462</ele>
        <time>2026-07-02T20:23:18+00:00</time>
      </trkpt>
      <trkpt lat="46.1412" lon="6.76142">
        <ele>1458</ele>
        <time>2026-07-02T20:23:21+00:00</time>
      </trkpt>
      <trkpt lat="46.14115" lon="6.76151">
        <ele>1463</ele>
        <time>2026-07-02T20:23:24+00:00</time>
      </trkpt>
      <trkpt lat="46.1411" lon="6.76158">
        <ele>1459</ele>
        <time>2026-07-02T20:23:27+00:00</time>
      </trkpt>
      <trkpt lat="46.14103" lon="6.76163">
        <ele>1460</ele>
        <time>2026-07-02T20:23:30+00:00</time>
      </trkpt>
      <trkpt lat="46.14095" lon="6.76169">
        <ele>1460</ele>
        <time>2026-07-02T20:23:33+00:00</time>
      </trkpt>
      <trkpt lat="46.14091" lon="6.76171">
        <ele>1458</ele>
        <time>2026-07-02T20:23:36+00:00</time>
      </trkpt>
      <trkpt lat="46.14087" lon="6.76173">
        <ele>1460</ele>
        <time>2026-07-02T20:23:39+00:00</time>
      </trkpt>
      <trkpt lat="46.14084" lon="6.76177">
        <ele>1460</ele>
        <time>2026-07-02T20:23:42+00:00</time>
      </trkpt>
      <trkpt lat="46.14083" lon="6.76182">
        <ele>1458</ele>
        <time>2026-07-02T20:23:45+00:00</time>
      </trkpt>
      <trkpt lat="46.14083" lon="6.76185">
        <ele>1458</ele>
        <time>2026-07-02T20:23:48+00:00</time>
      </trkpt>
      <trkpt lat="46.14083" lon="6.76191">
        <ele>1458</ele>
        <time>2026-07-02T20:23:51+00:00</time>
      </trkpt>
      <trkpt lat="46.14083" lon="6.76202">
        <ele>1459</ele>
        <time>2026-07-02T20:23:54+00:00</time>
      </trkpt>
      <trkpt lat="46.14082" lon="6.76216">
        <ele>1458</ele>
        <time>2026-07-02T20:23:57+00:00</time>
      </trkpt>
      <trkpt lat="46.14081" lon="6.76232">
        <ele>1457</ele>
        <time>2026-07-02T20:24:00+00:00</time>
      </trkpt>
      <trkpt lat="46.14077" lon="6.76259">
        <ele>1457</ele>
        <time>2026-07-02T20:24:03+00:00</time>
      </trkpt>
      <trkpt lat="46.14072" lon="6.76288">
        <ele>1451</ele>
        <time>2026-07-02T20:24:06+00:00</time>
      </trkpt>
      <trkpt lat="46.14066" lon="6.76321">
        <ele>1450</ele>
        <time>2026-07-02T20:24:09+00:00</time>
      </trkpt>
      <trkpt lat="46.14061" lon="6.76341">
        <ele>1446</ele>
        <time>2026-07-02T20:24:12+00:00</time>
      </trkpt>
      <trkpt lat="46.14059" lon="6.76348">
        <ele>1448</ele>
        <time>2026-07-02T20:24:15+00:00</time>
      </trkpt>
      <trkpt lat="46.14057" lon="6.76386">
        <ele>1444</ele>
        <time>2026-07-02T20:24:18+00:00</time>
      </trkpt>
      <trkpt lat="46.14055" lon="6.76424">
        <ele>1442</ele>
        <time>2026-07-02T20:24:21+00:00</time>
      </trkpt>
      <trkpt lat="46.14055" lon="6.7644">
        <ele>1439</ele>
        <time>2026-07-02T20:24:24+00:00</time>
      </trkpt>
      <trkpt lat="46.14047" lon="6.76428">
        <ele>1443</ele>
        <time>2026-07-02T20:24:27+00:00</time>
      </trkpt>
      <trkpt lat="46.14038" lon="6.76417">
        <ele>1443</ele>
        <time>2026-07-02T20:24:30+00:00</time>
      </trkpt>
      <trkpt lat="46.14028" lon="6.7641">
        <ele>1444</ele>
        <time>2026-07-02T20:24:33+00:00</time>
      </trkpt>
      <trkpt lat="46.14016" lon="6.76405">
        <ele>1446</ele>
        <time>2026-07-02T20:24:36+00:00</time>
      </trkpt>
      <trkpt lat="46.14003" lon="6.76402">
        <ele>1448</ele>
        <time>2026-07-02T20:24:39+00:00</time>
      </trkpt>
      <trkpt lat="46.13984" lon="6.764">
        <ele>1451</ele>
        <time>2026-07-02T20:24:42+00:00</time>
      </trkpt>
      <trkpt lat="46.1397" lon="6.76402">
        <ele>1451</ele>
        <time>2026-07-02T20:24:45+00:00</time>
      </trkpt>
      <trkpt lat="46.13962" lon="6.76405">
        <ele>1453</ele>
        <time>2026-07-02T20:24:48+00:00</time>
      </trkpt>
      <trkpt lat="46.13953" lon="6.76413">
        <ele>1454</ele>
        <time>2026-07-02T20:24:51+00:00</time>
      </trkpt>
      <trkpt lat="46.13938" lon="6.7643">
        <ele>1460</ele>
        <time>2026-07-02T20:24:54+00:00</time>
      </trkpt>
      <trkpt lat="46.1392" lon="6.7645">
        <ele>1463</ele>
        <time>2026-07-02T20:24:57+00:00</time>
      </trkpt>
      <trkpt lat="46.13911" lon="6.7646">
        <ele>1462</ele>
        <time>2026-07-02T20:25:00+00:00</time>
      </trkpt>
      <trkpt lat="46.13906" lon="6.76466">
        <ele>1465</ele>
        <time>2026-07-02T20:25:03+00:00</time>
      </trkpt>
      <trkpt lat="46.13901" lon="6.76476">
        <ele>1464</ele>
        <time>2026-07-02T20:25:06+00:00</time>
      </trkpt>
      <trkpt lat="46.13897" lon="6.76485">
        <ele>1466</ele>
        <time>2026-07-02T20:25:09+00:00</time>
      </trkpt>
      <trkpt lat="46.13893" lon="6.7649">
        <ele>1466</ele>
        <time>2026-07-02T20:25:12+00:00</time>
      </trkpt>
      <trkpt lat="46.13887" lon="6.76492">
        <ele>1468</ele>
        <time>2026-07-02T20:25:15+00:00</time>
      </trkpt>
      <trkpt lat="46.1388" lon="6.76492">
        <ele>1470</ele>
        <time>2026-07-02T20:25:18+00:00</time>
      </trkpt>
      <trkpt lat="46.13868" lon="6.7649">
        <ele>1476</ele>
        <time>2026-07-02T20:25:21+00:00</time>
      </trkpt>
      <trkpt lat="46.13857" lon="6.76489">
        <ele>1477</ele>
        <time>2026-07-02T20:25:24+00:00</time>
      </trkpt>
      <trkpt lat="46.13842" lon="6.76488">
        <ele>1477</ele>
        <time>2026-07-02T20:25:27+00:00</time>
      </trkpt>
      <trkpt lat="46.13832" lon="6.76488">
        <ele>1478</ele>
        <time>2026-07-02T20:25:30+00:00</time>
      </trkpt>
      <trkpt lat="46.13825" lon="6.76489">
        <ele>1481</ele>
        <time>2026-07-02T20:25:33+00:00</time>
      </trkpt>
      <trkpt lat="46.13814" lon="6.76493">
        <ele>1480</ele>
        <time>2026-07-02T20:25:36+00:00</time>
      </trkpt>
      <trkpt lat="46.13798" lon="6.76502">
        <ele>1483</ele>
        <time>2026-07-02T20:25:39+00:00</time>
      </trkpt>
      <trkpt lat="46.13788" lon="6.76509">
        <ele>1479</ele>
        <time>2026-07-02T20:25:42+00:00</time>
      </trkpt>
      <trkpt lat="46.13779" lon="6.76515">
        <ele>1478</ele>
        <time>2026-07-02T20:25:45+00:00</time>
      </trkpt>
      <trkpt lat="46.13772" lon="6.76516">
        <ele>1478</ele>
        <time>2026-07-02T20:25:48+00:00</time>
      </trkpt>
      <trkpt lat="46.13764" lon="6.76514">
        <ele>1484</ele>
        <time>2026-07-02T20:25:51+00:00</time>
      </trkpt>
      <trkpt lat="46.1376" lon="6.76511">
        <ele>1477</ele>
        <time>2026-07-02T20:25:54+00:00</time>
      </trkpt>
      <trkpt lat="46.13752" lon="6.76502">
        <ele>1486</ele>
        <time>2026-07-02T20:25:57+00:00</time>
      </trkpt>
      <trkpt lat="46.13744" lon="6.76485">
        <ele>1489</ele>
        <time>2026-07-02T20:26:00+00:00</time>
      </trkpt>
      <trkpt lat="46.13736" lon="6.76477">
        <ele>1492</ele>
        <time>2026-07-02T20:26:03+00:00</time>
      </trkpt>
      <trkpt lat="46.13729" lon="6.76474">
        <ele>1494</ele>
        <time>2026-07-02T20:26:06+00:00</time>
      </trkpt>
      <trkpt lat="46.13722" lon="6.76474">
        <ele>1494</ele>
        <time>2026-07-02T20:26:09+00:00</time>
      </trkpt>
      <trkpt lat="46.13715" lon="6.76473">
        <ele>1494</ele>
        <time>2026-07-02T20:26:12+00:00</time>
      </trkpt>
      <trkpt lat="46.13703" lon="6.76465">
        <ele>1496</ele>
        <time>2026-07-02T20:26:15+00:00</time>
      </trkpt>
      <trkpt lat="46.13697" lon="6.76462">
        <ele>1497</ele>
        <time>2026-07-02T20:26:18+00:00</time>
      </trkpt>
      <trkpt lat="46.13687" lon="6.76459">
        <ele>1500</ele>
        <time>2026-07-02T20:26:21+00:00</time>
      </trkpt>
      <trkpt lat="46.13677" lon="6.76458">
        <ele>1498</ele>
        <time>2026-07-02T20:26:24+00:00</time>
      </trkpt>
      <trkpt lat="46.13672" lon="6.7646">
        <ele>1500</ele>
        <time>2026-07-02T20:26:27+00:00</time>
      </trkpt>
      <trkpt lat="46.13671" lon="6.76463">
        <ele>1500</ele>
        <time>2026-07-02T20:26:30+00:00</time>
      </trkpt>
      <trkpt lat="46.1367" lon="6.76466">
        <ele>1504</ele>
        <time>2026-07-02T20:26:33+00:00</time>
      </trkpt>
      <trkpt lat="46.1367" lon="6.76474">
        <ele>1499</ele>
        <time>2026-07-02T20:26:36+00:00</time>
      </trkpt>
      <trkpt lat="46.13672" lon="6.76487">
        <ele>1498</ele>
        <time>2026-07-02T20:26:39+00:00</time>
      </trkpt>
      <trkpt lat="46.13672" lon="6.76494">
        <ele>1501</ele>
        <time>2026-07-02T20:26:42+00:00</time>
      </trkpt>
      <trkpt lat="46.13671" lon="6.76505">
        <ele>1501</ele>
        <time>2026-07-02T20:26:45+00:00</time>
      </trkpt>
      <trkpt lat="46.13669" lon="6.76513">
        <ele>1498</ele>
        <time>2026-07-02T20:26:48+00:00</time>
      </trkpt>
      <trkpt lat="46.13665" lon="6.76517">
        <ele>1498</ele>
        <time>2026-07-02T20:26:51+00:00</time>
      </trkpt>
      <trkpt lat="46.13659" lon="6.76521">
        <ele>1498</ele>
        <time>2026-07-02T20:26:54+00:00</time>
      </trkpt>
      <trkpt lat="46.13653" lon="6.76524">
        <ele>1498</ele>
        <time>2026-07-02T20:26:57+00:00</time>
      </trkpt>
      <trkpt lat="46.13644" lon="6.76527">
        <ele>1500</ele>
        <time>2026-07-02T20:27:00+00:00</time>
      </trkpt>
      <trkpt lat="46.13635" lon="6.76529">
        <ele>1505</ele>
        <time>2026-07-02T20:27:03+00:00</time>
      </trkpt>
      <trkpt lat="46.13628" lon="6.76527">
        <ele>1507</ele>
        <time>2026-07-02T20:27:06+00:00</time>
      </trkpt>
      <trkpt lat="46.13618" lon="6.76521">
        <ele>1509</ele>
        <time>2026-07-02T20:27:09+00:00</time>
      </trkpt>
      <trkpt lat="46.13612" lon="6.76515">
        <ele>1510</ele>
        <time>2026-07-02T20:27:12+00:00</time>
      </trkpt>
      <trkpt lat="46.13604" lon="6.76504">
        <ele>1518</ele>
        <time>2026-07-02T20:27:15+00:00</time>
      </trkpt>
      <trkpt lat="46.13601" lon="6.76502">
        <ele>1512</ele>
        <time>2026-07-02T20:27:18+00:00</time>
      </trkpt>
      <trkpt lat="46.13599" lon="6.76503">
        <ele>1519</ele>
        <time>2026-07-02T20:27:21+00:00</time>
      </trkpt>
      <trkpt lat="46.13598" lon="6.76505">
        <ele>1519</ele>
        <time>2026-07-02T20:27:24+00:00</time>
      </trkpt>
      <trkpt lat="46.13596" lon="6.76509">
        <ele>1519</ele>
        <time>2026-07-02T20:27:27+00:00</time>
      </trkpt>
      <trkpt lat="46.13596" lon="6.76518">
        <ele>1514</ele>
        <time>2026-07-02T20:27:30+00:00</time>
      </trkpt>
      <trkpt lat="46.13598" lon="6.76539">
        <ele>1516</ele>
        <time>2026-07-02T20:27:33+00:00</time>
      </trkpt>
      <trkpt lat="46.136" lon="6.76583">
        <ele>1523</ele>
        <time>2026-07-02T20:27:36+00:00</time>
      </trkpt>
      <trkpt lat="46.136" lon="6.76589">
        <ele>1523</ele>
        <time>2026-07-02T20:27:39+00:00</time>
      </trkpt>
      <trkpt lat="46.13599" lon="6.76597">
        <ele>1526</ele>
        <time>2026-07-02T20:27:42+00:00</time>
      </trkpt>
      <trkpt lat="46.13613" lon="6.76614">
        <ele>1523</ele>
        <time>2026-07-02T20:27:45+00:00</time>
      </trkpt>
      <trkpt lat="46.13622" lon="6.76621">
        <ele>1522</ele>
        <time>2026-07-02T20:27:48+00:00</time>
      </trkpt>
      <trkpt lat="46.13632" lon="6.76628">
        <ele>1521</ele>
        <time>2026-07-02T20:27:51+00:00</time>
      </trkpt>
      <trkpt lat="46.13644" lon="6.76645">
        <ele>1521</ele>
        <time>2026-07-02T20:27:54+00:00</time>
      </trkpt>
      <trkpt lat="46.13646" lon="6.76647">
        <ele>1521</ele>
        <time>2026-07-02T20:27:57+00:00</time>
      </trkpt>
      <trkpt lat="46.13667" lon="6.76658">
        <ele>1519</ele>
        <time>2026-07-02T20:28:00+00:00</time>
      </trkpt>
      <trkpt lat="46.13684" lon="6.76666">
        <ele>1516</ele>
        <time>2026-07-02T20:28:03+00:00</time>
      </trkpt>
      <trkpt lat="46.137" lon="6.76676">
        <ele>1515</ele>
        <time>2026-07-02T20:28:06+00:00</time>
      </trkpt>
      <trkpt lat="46.13708" lon="6.76686">
        <ele>1511</ele>
        <time>2026-07-02T20:28:09+00:00</time>
      </trkpt>
      <trkpt lat="46.13716" lon="6.76701">
        <ele>1505</ele>
        <time>2026-07-02T20:28:12+00:00</time>
      </trkpt>
      <trkpt lat="46.13717" lon="6.7671">
        <ele>1503</ele>
        <time>2026-07-02T20:28:15+00:00</time>
      </trkpt>
      <trkpt lat="46.13716" lon="6.76713">
        <ele>1503</ele>
        <time>2026-07-02T20:28:18+00:00</time>
      </trkpt>
      <trkpt lat="46.13715" lon="6.76716">
        <ele>1503</ele>
        <time>2026-07-02T20:28:21+00:00</time>
      </trkpt>
      <trkpt lat="46.1371" lon="6.7672">
        <ele>1501</ele>
        <time>2026-07-02T20:28:24+00:00</time>
      </trkpt>
      <trkpt lat="46.13705" lon="6.76718">
        <ele>1506</ele>
        <time>2026-07-02T20:28:27+00:00</time>
      </trkpt>
      <trkpt lat="46.13697" lon="6.76712">
        <ele>1505</ele>
        <time>2026-07-02T20:28:30+00:00</time>
      </trkpt>
      <trkpt lat="46.13684" lon="6.76709">
        <ele>1505</ele>
        <time>2026-07-02T20:28:33+00:00</time>
      </trkpt>
      <trkpt lat="46.1367" lon="6.76708">
        <ele>1508</ele>
        <time>2026-07-02T20:28:36+00:00</time>
      </trkpt>
      <trkpt lat="46.13657" lon="6.76717">
        <ele>1504</ele>
        <time>2026-07-02T20:28:39+00:00</time>
      </trkpt>
      <trkpt lat="46.1365" lon="6.76719">
        <ele>1504</ele>
        <time>2026-07-02T20:28:42+00:00</time>
      </trkpt>
      <trkpt lat="46.1364" lon="6.7672">
        <ele>1504</ele>
        <time>2026-07-02T20:28:45+00:00</time>
      </trkpt>
      <trkpt lat="46.13637" lon="6.76722">
        <ele>1500</ele>
        <time>2026-07-02T20:28:48+00:00</time>
      </trkpt>
      <trkpt lat="46.13633" lon="6.76731">
        <ele>1495</ele>
        <time>2026-07-02T20:28:51+00:00</time>
      </trkpt>
      <trkpt lat="46.1363" lon="6.76741">
        <ele>1491</ele>
        <time>2026-07-02T20:28:54+00:00</time>
      </trkpt>
      <trkpt lat="46.13626" lon="6.76747">
        <ele>1491</ele>
        <time>2026-07-02T20:28:57+00:00</time>
      </trkpt>
      <trkpt lat="46.13619" lon="6.76745">
        <ele>1492</ele>
        <time>2026-07-02T20:29:00+00:00</time>
      </trkpt>
      <trkpt lat="46.13609" lon="6.76747">
        <ele>1492</ele>
        <time>2026-07-02T20:29:03+00:00</time>
      </trkpt>
      <trkpt lat="46.13601" lon="6.7675">
        <ele>1485</ele>
        <time>2026-07-02T20:29:06+00:00</time>
      </trkpt>
      <trkpt lat="46.13594" lon="6.7676">
        <ele>1486</ele>
        <time>2026-07-02T20:29:09+00:00</time>
      </trkpt>
      <trkpt lat="46.13593" lon="6.76765">
        <ele>1483</ele>
        <time>2026-07-02T20:29:12+00:00</time>
      </trkpt>
      <trkpt lat="46.13592" lon="6.76774">
        <ele>1481</ele>
        <time>2026-07-02T20:29:15+00:00</time>
      </trkpt>
      <trkpt lat="46.13593" lon="6.76776">
        <ele>1481</ele>
        <time>2026-07-02T20:29:18+00:00</time>
      </trkpt>
      <trkpt lat="46.13602" lon="6.76793">
        <ele>1478</ele>
        <time>2026-07-02T20:29:21+00:00</time>
      </trkpt>
      <trkpt lat="46.13612" lon="6.76802">
        <ele>1476</ele>
        <time>2026-07-02T20:29:24+00:00</time>
      </trkpt>
      <trkpt lat="46.13616" lon="6.76804">
        <ele>1476</ele>
        <time>2026-07-02T20:29:27+00:00</time>
      </trkpt>
      <trkpt lat="46.13618" lon="6.76808">
        <ele>1476</ele>
        <time>2026-07-02T20:29:30+00:00</time>
      </trkpt>
      <trkpt lat="46.13624" lon="6.7682">
        <ele>1474</ele>
        <time>2026-07-02T20:29:33+00:00</time>
      </trkpt>
      <trkpt lat="46.1363" lon="6.76834">
        <ele>1474</ele>
        <time>2026-07-02T20:29:36+00:00</time>
      </trkpt>
      <trkpt lat="46.13631" lon="6.7684">
        <ele>1473</ele>
        <time>2026-07-02T20:29:39+00:00</time>
      </trkpt>
      <trkpt lat="46.13633" lon="6.76852">
        <ele>1473</ele>
        <time>2026-07-02T20:29:42+00:00</time>
      </trkpt>
      <trkpt lat="46.13636" lon="6.76864">
        <ele>1473</ele>
        <time>2026-07-02T20:29:45+00:00</time>
      </trkpt>
      <trkpt lat="46.13645" lon="6.76881">
        <ele>1471</ele>
        <time>2026-07-02T20:29:48+00:00</time>
      </trkpt>
      <trkpt lat="46.13654" lon="6.7689">
        <ele>1470</ele>
        <time>2026-07-02T20:29:51+00:00</time>
      </trkpt>
      <trkpt lat="46.13662" lon="6.76897">
        <ele>1467</ele>
        <time>2026-07-02T20:29:54+00:00</time>
      </trkpt>
      <trkpt lat="46.1367" lon="6.76909">
        <ele>1465</ele>
        <time>2026-07-02T20:29:57+00:00</time>
      </trkpt>
      <trkpt lat="46.13675" lon="6.76917">
        <ele>1466</ele>
        <time>2026-07-02T20:30:00+00:00</time>
      </trkpt>
      <trkpt lat="46.13679" lon="6.76931">
        <ele>1467</ele>
        <time>2026-07-02T20:30:03+00:00</time>
      </trkpt>
      <trkpt lat="46.13681" lon="6.76942">
        <ele>1462</ele>
        <time>2026-07-02T20:30:06+00:00</time>
      </trkpt>
      <trkpt lat="46.13681" lon="6.76956">
        <ele>1462</ele>
        <time>2026-07-02T20:30:09+00:00</time>
      </trkpt>
      <trkpt lat="46.13682" lon="6.76965">
        <ele>1461</ele>
        <time>2026-07-02T20:30:12+00:00</time>
      </trkpt>
      <trkpt lat="46.1368" lon="6.76974">
        <ele>1460</ele>
        <time>2026-07-02T20:30:15+00:00</time>
      </trkpt>
      <trkpt lat="46.13674" lon="6.77012">
        <ele>1458</ele>
        <time>2026-07-02T20:30:18+00:00</time>
      </trkpt>
      <trkpt lat="46.13671" lon="6.77019">
        <ele>1454</ele>
        <time>2026-07-02T20:30:21+00:00</time>
      </trkpt>
      <trkpt lat="46.13666" lon="6.77027">
        <ele>1455</ele>
        <time>2026-07-02T20:30:24+00:00</time>
      </trkpt>
      <trkpt lat="46.13659" lon="6.77034">
        <ele>1456</ele>
        <time>2026-07-02T20:30:27+00:00</time>
      </trkpt>
      <trkpt lat="46.13655" lon="6.7704">
        <ele>1456</ele>
        <time>2026-07-02T20:30:30+00:00</time>
      </trkpt>
      <trkpt lat="46.13655" lon="6.7705">
        <ele>1453</ele>
        <time>2026-07-02T20:30:33+00:00</time>
      </trkpt>
      <trkpt lat="46.13655" lon="6.77083">
        <ele>1456</ele>
        <time>2026-07-02T20:30:36+00:00</time>
      </trkpt>
      <trkpt lat="46.13652" lon="6.7709">
        <ele>1453</ele>
        <time>2026-07-02T20:30:39+00:00</time>
      </trkpt>
      <trkpt lat="46.13649" lon="6.771">
        <ele>1461</ele>
        <time>2026-07-02T20:30:42+00:00</time>
      </trkpt>
      <trkpt lat="46.13648" lon="6.77117">
        <ele>1456</ele>
        <time>2026-07-02T20:30:45+00:00</time>
      </trkpt>
      <trkpt lat="46.13648" lon="6.77126">
        <ele>1453</ele>
        <time>2026-07-02T20:30:48+00:00</time>
      </trkpt>
      <trkpt lat="46.13646" lon="6.77148">
        <ele>1449</ele>
        <time>2026-07-02T20:30:51+00:00</time>
      </trkpt>
      <trkpt lat="46.13642" lon="6.77156">
        <ele>1446</ele>
        <time>2026-07-02T20:30:54+00:00</time>
      </trkpt>
      <trkpt lat="46.13639" lon="6.77161">
        <ele>1453</ele>
        <time>2026-07-02T20:30:57+00:00</time>
      </trkpt>
      <trkpt lat="46.13635" lon="6.77165">
        <ele>1453</ele>
        <time>2026-07-02T20:31:00+00:00</time>
      </trkpt>
      <trkpt lat="46.13629" lon="6.7717">
        <ele>1448</ele>
        <time>2026-07-02T20:31:03+00:00</time>
      </trkpt>
      <trkpt lat="46.13626" lon="6.77174">
        <ele>1448</ele>
        <time>2026-07-02T20:31:06+00:00</time>
      </trkpt>
      <trkpt lat="46.13623" lon="6.77181">
        <ele>1445</ele>
        <time>2026-07-02T20:31:09+00:00</time>
      </trkpt>
      <trkpt lat="46.13622" lon="6.77186">
        <ele>1445</ele>
        <time>2026-07-02T20:31:12+00:00</time>
      </trkpt>
      <trkpt lat="46.13623" lon="6.77195">
        <ele>1443</ele>
        <time>2026-07-02T20:31:15+00:00</time>
      </trkpt>
      <trkpt lat="46.13623" lon="6.77204">
        <ele>1443</ele>
        <time>2026-07-02T20:31:18+00:00</time>
      </trkpt>
      <trkpt lat="46.13623" lon="6.77209">
        <ele>1443</ele>
        <time>2026-07-02T20:31:21+00:00</time>
      </trkpt>
      <trkpt lat="46.1362" lon="6.77214">
        <ele>1443</ele>
        <time>2026-07-02T20:31:24+00:00</time>
      </trkpt>
      <trkpt lat="46.1362" lon="6.77216">
        <ele>1447</ele>
        <time>2026-07-02T20:31:27+00:00</time>
      </trkpt>
      <trkpt lat="46.1362" lon="6.77217">
        <ele>1447</ele>
        <time>2026-07-02T20:31:30+00:00</time>
      </trkpt>
      <trkpt lat="46.13621" lon="6.77221">
        <ele>1442</ele>
        <time>2026-07-02T20:31:33+00:00</time>
      </trkpt>
      <trkpt lat="46.13622" lon="6.77228">
        <ele>1442</ele>
        <time>2026-07-02T20:31:36+00:00</time>
      </trkpt>
      <trkpt lat="46.13623" lon="6.7723">
        <ele>1442</ele>
        <time>2026-07-02T20:31:39+00:00</time>
      </trkpt>
      <trkpt lat="46.13623" lon="6.77232">
        <ele>1442</ele>
        <time>2026-07-02T20:31:42+00:00</time>
      </trkpt>
      <trkpt lat="46.13624" lon="6.77237">
        <ele>1442</ele>
        <time>2026-07-02T20:31:45+00:00</time>
      </trkpt>
      <trkpt lat="46.13624" lon="6.77248">
        <ele>1442</ele>
        <time>2026-07-02T20:31:48+00:00</time>
      </trkpt>
      <trkpt lat="46.13625" lon="6.77255">
        <ele>1441</ele>
        <time>2026-07-02T20:31:51+00:00</time>
      </trkpt>
      <trkpt lat="46.13625" lon="6.77259">
        <ele>1441</ele>
        <time>2026-07-02T20:31:54+00:00</time>
      </trkpt>
      <trkpt lat="46.13626" lon="6.77262">
        <ele>1442</ele>
        <time>2026-07-02T20:31:57+00:00</time>
      </trkpt>
      <trkpt lat="46.13626" lon="6.7727">
        <ele>1442</ele>
        <time>2026-07-02T20:32:00+00:00</time>
      </trkpt>
      <trkpt lat="46.13628" lon="6.7728">
        <ele>1442</ele>
        <time>2026-07-02T20:32:03+00:00</time>
      </trkpt>
      <trkpt lat="46.13629" lon="6.77289">
        <ele>1443</ele>
        <time>2026-07-02T20:32:06+00:00</time>
      </trkpt>
      <trkpt lat="46.1363" lon="6.77293">
        <ele>1444</ele>
        <time>2026-07-02T20:32:09+00:00</time>
      </trkpt>
      <trkpt lat="46.1363" lon="6.77297">
        <ele>1444</ele>
        <time>2026-07-02T20:32:12+00:00</time>
      </trkpt>
      <trkpt lat="46.13631" lon="6.77301">
        <ele>1439</ele>
        <time>2026-07-02T20:32:15+00:00</time>
      </trkpt>
      <trkpt lat="46.13632" lon="6.77307">
        <ele>1439</ele>
        <time>2026-07-02T20:32:18+00:00</time>
      </trkpt>
      <trkpt lat="46.13632" lon="6.7731">
        <ele>1440</ele>
        <time>2026-07-02T20:32:21+00:00</time>
      </trkpt>
      <trkpt lat="46.13633" lon="6.77314">
        <ele>1440</ele>
        <time>2026-07-02T20:32:24+00:00</time>
      </trkpt>
      <trkpt lat="46.13634" lon="6.77318">
        <ele>1440</ele>
        <time>2026-07-02T20:32:27+00:00</time>
      </trkpt>
      <trkpt lat="46.13636" lon="6.77321">
        <ele>1442</ele>
        <time>2026-07-02T20:32:30+00:00</time>
      </trkpt>
      <trkpt lat="46.13639" lon="6.77327">
        <ele>1442</ele>
        <time>2026-07-02T20:32:33+00:00</time>
      </trkpt>
      <trkpt lat="46.13642" lon="6.77334">
        <ele>1434</ele>
        <time>2026-07-02T20:32:36+00:00</time>
      </trkpt>
      <trkpt lat="46.13643" lon="6.77338">
        <ele>1434</ele>
        <time>2026-07-02T20:32:39+00:00</time>
      </trkpt>
      <trkpt lat="46.13647" lon="6.77343">
        <ele>1435</ele>
        <time>2026-07-02T20:32:42+00:00</time>
      </trkpt>
      <trkpt lat="46.1365" lon="6.77353">
        <ele>1437</ele>
        <time>2026-07-02T20:32:45+00:00</time>
      </trkpt>
      <trkpt lat="46.13652" lon="6.77358">
        <ele>1435</ele>
        <time>2026-07-02T20:32:48+00:00</time>
      </trkpt>
      <trkpt lat="46.13654" lon="6.77363">
        <ele>1435</ele>
        <time>2026-07-02T20:32:51+00:00</time>
      </trkpt>
      <trkpt lat="46.13656" lon="6.77365">
        <ele>1435</ele>
        <time>2026-07-02T20:32:54+00:00</time>
      </trkpt>
      <trkpt lat="46.13657" lon="6.77369">
        <ele>1435</ele>
        <time>2026-07-02T20:32:57+00:00</time>
      </trkpt>
      <trkpt lat="46.13658" lon="6.77373">
        <ele>1436</ele>
        <time>2026-07-02T20:33:00+00:00</time>
      </trkpt>
      <trkpt lat="46.13657" lon="6.77378">
        <ele>1436</ele>
        <time>2026-07-02T20:33:03+00:00</time>
      </trkpt>
      <trkpt lat="46.13655" lon="6.77382">
        <ele>1435</ele>
        <time>2026-07-02T20:33:06+00:00</time>
      </trkpt>
      <trkpt lat="46.13655" lon="6.77386">
        <ele>1437</ele>
        <time>2026-07-02T20:33:09+00:00</time>
      </trkpt>
      <trkpt lat="46.13656" lon="6.77388">
        <ele>1437</ele>
        <time>2026-07-02T20:33:12+00:00</time>
      </trkpt>
      <trkpt lat="46.13657" lon="6.77391">
        <ele>1439</ele>
        <time>2026-07-02T20:33:15+00:00</time>
      </trkpt>
      <trkpt lat="46.1366" lon="6.77392">
        <ele>1434</ele>
        <time>2026-07-02T20:33:18+00:00</time>
      </trkpt>
      <trkpt lat="46.13663" lon="6.77394">
        <ele>1434</ele>
        <time>2026-07-02T20:33:21+00:00</time>
      </trkpt>
      <trkpt lat="46.13665" lon="6.77397">
        <ele>1434</ele>
        <time>2026-07-02T20:33:24+00:00</time>
      </trkpt>
      <trkpt lat="46.13667" lon="6.77402">
        <ele>1435</ele>
        <time>2026-07-02T20:33:27+00:00</time>
      </trkpt>
      <trkpt lat="46.13667" lon="6.77407">
        <ele>1435</ele>
        <time>2026-07-02T20:33:30+00:00</time>
      </trkpt>
      <trkpt lat="46.13668" lon="6.77416">
        <ele>1436</ele>
        <time>2026-07-02T20:33:33+00:00</time>
      </trkpt>
      <trkpt lat="46.1367" lon="6.77425">
        <ele>1432</ele>
        <time>2026-07-02T20:33:36+00:00</time>
      </trkpt>
      <trkpt lat="46.13672" lon="6.77436">
        <ele>1435</ele>
        <time>2026-07-02T20:33:39+00:00</time>
      </trkpt>
      <trkpt lat="46.13672" lon="6.77443">
        <ele>1432</ele>
        <time>2026-07-02T20:33:42+00:00</time>
      </trkpt>
      <trkpt lat="46.1367" lon="6.77459">
        <ele>1432</ele>
        <time>2026-07-02T20:33:45+00:00</time>
      </trkpt>
      <trkpt lat="46.13669" lon="6.77469">
        <ele>1434</ele>
        <time>2026-07-02T20:33:48+00:00</time>
      </trkpt>
      <trkpt lat="46.13668" lon="6.77477">
        <ele>1435</ele>
        <time>2026-07-02T20:33:51+00:00</time>
      </trkpt>
      <trkpt lat="46.13668" lon="6.77492">
        <ele>1433</ele>
        <time>2026-07-02T20:33:54+00:00</time>
      </trkpt>
      <trkpt lat="46.13668" lon="6.77497">
        <ele>1433</ele>
        <time>2026-07-02T20:33:57+00:00</time>
      </trkpt>
      <trkpt lat="46.13668" lon="6.77504">
        <ele>1433</ele>
        <time>2026-07-02T20:34:00+00:00</time>
      </trkpt>
      <trkpt lat="46.13669" lon="6.77509">
        <ele>1433</ele>
        <time>2026-07-02T20:34:03+00:00</time>
      </trkpt>
      <trkpt lat="46.13669" lon="6.77512">
        <ele>1433</ele>
        <time>2026-07-02T20:34:06+00:00</time>
      </trkpt>
      <trkpt lat="46.13669" lon="6.77521">
        <ele>1433</ele>
        <time>2026-07-02T20:34:09+00:00</time>
      </trkpt>
      <trkpt lat="46.1367" lon="6.77529">
        <ele>1433</ele>
        <time>2026-07-02T20:34:12+00:00</time>
      </trkpt>
      <trkpt lat="46.1367" lon="6.77534">
        <ele>1427</ele>
        <time>2026-07-02T20:34:15+00:00</time>
      </trkpt>
      <trkpt lat="46.1367" lon="6.77538">
        <ele>1433</ele>
        <time>2026-07-02T20:34:18+00:00</time>
      </trkpt>
      <trkpt lat="46.13669" lon="6.77546">
        <ele>1433</ele>
        <time>2026-07-02T20:34:21+00:00</time>
      </trkpt>
      <trkpt lat="46.13669" lon="6.7755">
        <ele>1433</ele>
        <time>2026-07-02T20:34:24+00:00</time>
      </trkpt>
      <trkpt lat="46.13669" lon="6.77555">
        <ele>1432</ele>
        <time>2026-07-02T20:34:27+00:00</time>
      </trkpt>
      <trkpt lat="46.13668" lon="6.77562">
        <ele>1432</ele>
        <time>2026-07-02T20:34:30+00:00</time>
      </trkpt>
      <trkpt lat="46.13668" lon="6.77568">
        <ele>1432</ele>
        <time>2026-07-02T20:34:33+00:00</time>
      </trkpt>
      <trkpt lat="46.13668" lon="6.7757">
        <ele>1432</ele>
        <time>2026-07-02T20:34:36+00:00</time>
      </trkpt>
      <trkpt lat="46.13668" lon="6.77576">
        <ele>1432</ele>
        <time>2026-07-02T20:34:39+00:00</time>
      </trkpt>
      <trkpt lat="46.13669" lon="6.77579">
        <ele>1432</ele>
        <time>2026-07-02T20:34:42+00:00</time>
      </trkpt>
      <trkpt lat="46.13669" lon="6.77583">
        <ele>1433</ele>
        <time>2026-07-02T20:34:45+00:00</time>
      </trkpt>
      <trkpt lat="46.13671" lon="6.77589">
        <ele>1426</ele>
        <time>2026-07-02T20:34:48+00:00</time>
      </trkpt>
      <trkpt lat="46.13673" lon="6.77595">
        <ele>1428</ele>
        <time>2026-07-02T20:34:51+00:00</time>
      </trkpt>
      <trkpt lat="46.13677" lon="6.77601">
        <ele>1431</ele>
        <time>2026-07-02T20:34:54+00:00</time>
      </trkpt>
      <trkpt lat="46.13682" lon="6.77612">
        <ele>1426</ele>
        <time>2026-07-02T20:34:57+00:00</time>
      </trkpt>
      <trkpt lat="46.13685" lon="6.77618">
        <ele>1426</ele>
        <time>2026-07-02T20:35:00+00:00</time>
      </trkpt>
      <trkpt lat="46.13688" lon="6.77624">
        <ele>1429</ele>
        <time>2026-07-02T20:35:03+00:00</time>
      </trkpt>
      <trkpt lat="46.13688" lon="6.77627">
        <ele>1429</ele>
        <time>2026-07-02T20:35:06+00:00</time>
      </trkpt>
      <trkpt lat="46.1369" lon="6.77633">
        <ele>1424</ele>
        <time>2026-07-02T20:35:09+00:00</time>
      </trkpt>
      <trkpt lat="46.13693" lon="6.7764">
        <ele>1427</ele>
        <time>2026-07-02T20:35:12+00:00</time>
      </trkpt>
      <trkpt lat="46.13696" lon="6.77649">
        <ele>1425</ele>
        <time>2026-07-02T20:35:15+00:00</time>
      </trkpt>
      <trkpt lat="46.13699" lon="6.77653">
        <ele>1429</ele>
        <time>2026-07-02T20:35:18+00:00</time>
      </trkpt>
      <trkpt lat="46.13701" lon="6.77656">
        <ele>1421</ele>
        <time>2026-07-02T20:35:21+00:00</time>
      </trkpt>
      <trkpt lat="46.13706" lon="6.77658">
        <ele>1421</ele>
        <time>2026-07-02T20:35:24+00:00</time>
      </trkpt>
      <trkpt lat="46.1371" lon="6.77662">
        <ele>1426</ele>
        <time>2026-07-02T20:35:27+00:00</time>
      </trkpt>
      <trkpt lat="46.13714" lon="6.77663">
        <ele>1424</ele>
        <time>2026-07-02T20:35:30+00:00</time>
      </trkpt>
      <trkpt lat="46.13718" lon="6.77664">
        <ele>1424</ele>
        <time>2026-07-02T20:35:33+00:00</time>
      </trkpt>
      <trkpt lat="46.1372" lon="6.77668">
        <ele>1424</ele>
        <time>2026-07-02T20:35:36+00:00</time>
      </trkpt>
      <trkpt lat="46.13726" lon="6.77671">
        <ele>1424</ele>
        <time>2026-07-02T20:35:39+00:00</time>
      </trkpt>
      <trkpt lat="46.13734" lon="6.77676">
        <ele>1423</ele>
        <time>2026-07-02T20:35:42+00:00</time>
      </trkpt>
      <trkpt lat="46.1374" lon="6.77677">
        <ele>1421</ele>
        <time>2026-07-02T20:35:45+00:00</time>
      </trkpt>
      <trkpt lat="46.13749" lon="6.77676">
        <ele>1421</ele>
        <time>2026-07-02T20:35:48+00:00</time>
      </trkpt>
      <trkpt lat="46.13756" lon="6.77676">
        <ele>1420</ele>
        <time>2026-07-02T20:35:51+00:00</time>
      </trkpt>
      <trkpt lat="46.13763" lon="6.77677">
        <ele>1419</ele>
        <time>2026-07-02T20:35:54+00:00</time>
      </trkpt>
      <trkpt lat="46.13771" lon="6.77678">
        <ele>1419</ele>
        <time>2026-07-02T20:35:57+00:00</time>
      </trkpt>
      <trkpt lat="46.13778" lon="6.77679">
        <ele>1420</ele>
        <time>2026-07-02T20:36:00+00:00</time>
      </trkpt>
      <trkpt lat="46.13786" lon="6.77677">
        <ele>1419</ele>
        <time>2026-07-02T20:36:03+00:00</time>
      </trkpt>
      <trkpt lat="46.13795" lon="6.77673">
        <ele>1420</ele>
        <time>2026-07-02T20:36:06+00:00</time>
      </trkpt>
      <trkpt lat="46.13801" lon="6.77673">
        <ele>1421</ele>
        <time>2026-07-02T20:36:09+00:00</time>
      </trkpt>
      <trkpt lat="46.13806" lon="6.77673">
        <ele>1421</ele>
        <time>2026-07-02T20:36:12+00:00</time>
      </trkpt>
      <trkpt lat="46.1381" lon="6.77673">
        <ele>1420</ele>
        <time>2026-07-02T20:36:15+00:00</time>
      </trkpt>
      <trkpt lat="46.13816" lon="6.77676">
        <ele>1420</ele>
        <time>2026-07-02T20:36:18+00:00</time>
      </trkpt>
      <trkpt lat="46.1382" lon="6.7768">
        <ele>1420</ele>
        <time>2026-07-02T20:36:21+00:00</time>
      </trkpt>
      <trkpt lat="46.13828" lon="6.77691">
        <ele>1424</ele>
        <time>2026-07-02T20:36:24+00:00</time>
      </trkpt>
      <trkpt lat="46.1383" lon="6.77693">
        <ele>1420</ele>
        <time>2026-07-02T20:36:27+00:00</time>
      </trkpt>
      <trkpt lat="46.13834" lon="6.77694">
        <ele>1420</ele>
        <time>2026-07-02T20:36:30+00:00</time>
      </trkpt>
      <trkpt lat="46.13841" lon="6.77699">
        <ele>1421</ele>
        <time>2026-07-02T20:36:33+00:00</time>
      </trkpt>
      <trkpt lat="46.13844" lon="6.77704">
        <ele>1420</ele>
        <time>2026-07-02T20:36:36+00:00</time>
      </trkpt>
      <trkpt lat="46.13845" lon="6.77717">
        <ele>1422</ele>
        <time>2026-07-02T20:36:39+00:00</time>
      </trkpt>
      <trkpt lat="46.13851" lon="6.77733">
        <ele>1421</ele>
        <time>2026-07-02T20:36:42+00:00</time>
      </trkpt>
      <trkpt lat="46.13859" lon="6.77744">
        <ele>1423</ele>
        <time>2026-07-02T20:36:45+00:00</time>
      </trkpt>
      <trkpt lat="46.13868" lon="6.77755">
        <ele>1420</ele>
        <time>2026-07-02T20:36:48+00:00</time>
      </trkpt>
      <trkpt lat="46.1388" lon="6.77762">
        <ele>1421</ele>
        <time>2026-07-02T20:36:51+00:00</time>
      </trkpt>
      <trkpt lat="46.13886" lon="6.77749">
        <ele>1420</ele>
        <time>2026-07-02T20:36:54+00:00</time>
      </trkpt>
      <trkpt lat="46.1389" lon="6.77736">
        <ele>1419</ele>
        <time>2026-07-02T20:36:57+00:00</time>
      </trkpt>
      <trkpt lat="46.13894" lon="6.77721">
        <ele>1418</ele>
        <time>2026-07-02T20:37:00+00:00</time>
      </trkpt>
      <trkpt lat="46.13895" lon="6.77716">
        <ele>1416</ele>
        <time>2026-07-02T20:37:03+00:00</time>
      </trkpt>
      <trkpt lat="46.13898" lon="6.77704">
        <ele>1415</ele>
        <time>2026-07-02T20:37:06+00:00</time>
      </trkpt>
      <trkpt lat="46.13901" lon="6.77688">
        <ele>1412</ele>
        <time>2026-07-02T20:37:09+00:00</time>
      </trkpt>
      <trkpt lat="46.13901" lon="6.77679">
        <ele>1410</ele>
        <time>2026-07-02T20:37:12+00:00</time>
      </trkpt>
      <trkpt lat="46.13901" lon="6.77671">
        <ele>1410</ele>
        <time>2026-07-02T20:37:15+00:00</time>
      </trkpt>
      <trkpt lat="46.13898" lon="6.7766">
        <ele>1409</ele>
        <time>2026-07-02T20:37:18+00:00</time>
      </trkpt>
      <trkpt lat="46.13894" lon="6.77651">
        <ele>1405</ele>
        <time>2026-07-02T20:37:21+00:00</time>
      </trkpt>
      <trkpt lat="46.1389" lon="6.77642">
        <ele>1404</ele>
        <time>2026-07-02T20:37:24+00:00</time>
      </trkpt>
      <trkpt lat="46.13885" lon="6.77626">
        <ele>1398</ele>
        <time>2026-07-02T20:37:27+00:00</time>
      </trkpt>
      <trkpt lat="46.13885" lon="6.7762">
        <ele>1394</ele>
        <time>2026-07-02T20:37:30+00:00</time>
      </trkpt>
      <trkpt lat="46.13887" lon="6.7761">
        <ele>1391</ele>
        <time>2026-07-02T20:37:33+00:00</time>
      </trkpt>
      <trkpt lat="46.13888" lon="6.776">
        <ele>1391</ele>
        <time>2026-07-02T20:37:36+00:00</time>
      </trkpt>
      <trkpt lat="46.13888" lon="6.77593">
        <ele>1384</ele>
        <time>2026-07-02T20:37:39+00:00</time>
      </trkpt>
      <trkpt lat="46.13888" lon="6.77581">
        <ele>1380</ele>
        <time>2026-07-02T20:37:42+00:00</time>
      </trkpt>
      <trkpt lat="46.13887" lon="6.77569">
        <ele>1374</ele>
        <time>2026-07-02T20:37:45+00:00</time>
      </trkpt>
      <trkpt lat="46.13885" lon="6.77562">
        <ele>1374</ele>
        <time>2026-07-02T20:37:48+00:00</time>
      </trkpt>
      <trkpt lat="46.13877" lon="6.77554">
        <ele>1370</ele>
        <time>2026-07-02T20:37:51+00:00</time>
      </trkpt>
      <trkpt lat="46.13862" lon="6.77549">
        <ele>1368</ele>
        <time>2026-07-02T20:37:54+00:00</time>
      </trkpt>
      <trkpt lat="46.13866" lon="6.77542">
        <ele>1368</ele>
        <time>2026-07-02T20:37:57+00:00</time>
      </trkpt>
      <trkpt lat="46.13868" lon="6.77536">
        <ele>1363</ele>
        <time>2026-07-02T20:38:00+00:00</time>
      </trkpt>
      <trkpt lat="46.13872" lon="6.77529">
        <ele>1360</ele>
        <time>2026-07-02T20:38:03+00:00</time>
      </trkpt>
      <trkpt lat="46.13875" lon="6.77525">
        <ele>1360</ele>
        <time>2026-07-02T20:38:06+00:00</time>
      </trkpt>
      <trkpt lat="46.1388" lon="6.77521">
        <ele>1360</ele>
        <time>2026-07-02T20:38:09+00:00</time>
      </trkpt>
      <trkpt lat="46.13883" lon="6.77519">
        <ele>1358</ele>
        <time>2026-07-02T20:38:12+00:00</time>
      </trkpt>
      <trkpt lat="46.13889" lon="6.77513">
        <ele>1358</ele>
        <time>2026-07-02T20:38:15+00:00</time>
      </trkpt>
      <trkpt lat="46.13903" lon="6.77503">
        <ele>1357</ele>
        <time>2026-07-02T20:38:18+00:00</time>
      </trkpt>
      <trkpt lat="46.13907" lon="6.77499">
        <ele>1355</ele>
        <time>2026-07-02T20:38:21+00:00</time>
      </trkpt>
      <trkpt lat="46.13911" lon="6.77493">
        <ele>1355</ele>
        <time>2026-07-02T20:38:24+00:00</time>
      </trkpt>
      <trkpt lat="46.13914" lon="6.77487">
        <ele>1353</ele>
        <time>2026-07-02T20:38:27+00:00</time>
      </trkpt>
      <trkpt lat="46.13916" lon="6.77481">
        <ele>1353</ele>
        <time>2026-07-02T20:38:30+00:00</time>
      </trkpt>
      <trkpt lat="46.13921" lon="6.77468">
        <ele>1349</ele>
        <time>2026-07-02T20:38:33+00:00</time>
      </trkpt>
      <trkpt lat="46.13926" lon="6.77455">
        <ele>1347</ele>
        <time>2026-07-02T20:38:36+00:00</time>
      </trkpt>
      <trkpt lat="46.13934" lon="6.77439">
        <ele>1346</ele>
        <time>2026-07-02T20:38:39+00:00</time>
      </trkpt>
      <trkpt lat="46.13941" lon="6.77422">
        <ele>1346</ele>
        <time>2026-07-02T20:38:42+00:00</time>
      </trkpt>
      <trkpt lat="46.13947" lon="6.77404">
        <ele>1339</ele>
        <time>2026-07-02T20:38:45+00:00</time>
      </trkpt>
      <trkpt lat="46.13951" lon="6.77397">
        <ele>1341</ele>
        <time>2026-07-02T20:38:48+00:00</time>
      </trkpt>
      <trkpt lat="46.13954" lon="6.77393">
        <ele>1341</ele>
        <time>2026-07-02T20:38:51+00:00</time>
      </trkpt>
      <trkpt lat="46.13957" lon="6.77391">
        <ele>1341</ele>
        <time>2026-07-02T20:38:54+00:00</time>
      </trkpt>
      <trkpt lat="46.1396" lon="6.77391">
        <ele>1341</ele>
        <time>2026-07-02T20:38:57+00:00</time>
      </trkpt>
      <trkpt lat="46.13968" lon="6.77393">
        <ele>1341</ele>
        <time>2026-07-02T20:39:00+00:00</time>
      </trkpt>
      <trkpt lat="46.13973" lon="6.77395">
        <ele>1341</ele>
        <time>2026-07-02T20:39:03+00:00</time>
      </trkpt>
      <trkpt lat="46.13979" lon="6.77398">
        <ele>1340</ele>
        <time>2026-07-02T20:39:06+00:00</time>
      </trkpt>
      <trkpt lat="46.13981" lon="6.774">
        <ele>1340</ele>
        <time>2026-07-02T20:39:09+00:00</time>
      </trkpt>
      <trkpt lat="46.13987" lon="6.77406">
        <ele>1340</ele>
        <time>2026-07-02T20:39:12+00:00</time>
      </trkpt>
      <trkpt lat="46.13997" lon="6.77415">
        <ele>1341</ele>
        <time>2026-07-02T20:39:15+00:00</time>
      </trkpt>
      <trkpt lat="46.14002" lon="6.7742">
        <ele>1346</ele>
        <time>2026-07-02T20:39:18+00:00</time>
      </trkpt>
      <trkpt lat="46.14008" lon="6.77423">
        <ele>1346</ele>
        <time>2026-07-02T20:39:21+00:00</time>
      </trkpt>
      <trkpt lat="46.14011" lon="6.77425">
        <ele>1345</ele>
        <time>2026-07-02T20:39:24+00:00</time>
      </trkpt>
      <trkpt lat="46.14014" lon="6.77427">
        <ele>1345</ele>
        <time>2026-07-02T20:39:27+00:00</time>
      </trkpt>
      <trkpt lat="46.14016" lon="6.77426">
        <ele>1342</ele>
        <time>2026-07-02T20:39:30+00:00</time>
      </trkpt>
      <trkpt lat="46.1402" lon="6.77422">
        <ele>1345</ele>
        <time>2026-07-02T20:39:33+00:00</time>
      </trkpt>
      <trkpt lat="46.14028" lon="6.7741">
        <ele>1343</ele>
        <time>2026-07-02T20:39:36+00:00</time>
      </trkpt>
      <trkpt lat="46.14044" lon="6.77395">
        <ele>1344</ele>
        <time>2026-07-02T20:39:39+00:00</time>
      </trkpt>
      <trkpt lat="46.14047" lon="6.77388">
        <ele>1344</ele>
        <time>2026-07-02T20:39:42+00:00</time>
      </trkpt>
      <trkpt lat="46.14051" lon="6.7738">
        <ele>1345</ele>
        <time>2026-07-02T20:39:45+00:00</time>
      </trkpt>
      <trkpt lat="46.14057" lon="6.77372">
        <ele>1344</ele>
        <time>2026-07-02T20:39:48+00:00</time>
      </trkpt>
      <trkpt lat="46.14063" lon="6.77363">
        <ele>1344</ele>
        <time>2026-07-02T20:39:51+00:00</time>
      </trkpt>
      <trkpt lat="46.14069" lon="6.77352">
        <ele>1342</ele>
        <time>2026-07-02T20:39:54+00:00</time>
      </trkpt>
      <trkpt lat="46.14075" lon="6.77341">
        <ele>1342</ele>
        <time>2026-07-02T20:39:57+00:00</time>
      </trkpt>
      <trkpt lat="46.14082" lon="6.77324">
        <ele>1341</ele>
        <time>2026-07-02T20:40:00+00:00</time>
      </trkpt>
      <trkpt lat="46.14089" lon="6.77312">
        <ele>1340</ele>
        <time>2026-07-02T20:40:03+00:00</time>
      </trkpt>
      <trkpt lat="46.14095" lon="6.77306">
        <ele>1340</ele>
        <time>2026-07-02T20:40:06+00:00</time>
      </trkpt>
      <trkpt lat="46.14096" lon="6.77306">
        <ele>1340</ele>
        <time>2026-07-02T20:40:09+00:00</time>
      </trkpt>
      <trkpt lat="46.14098" lon="6.77305">
        <ele>1340</ele>
        <time>2026-07-02T20:40:12+00:00</time>
      </trkpt>
      <trkpt lat="46.14106" lon="6.77303">
        <ele>1340</ele>
        <time>2026-07-02T20:40:15+00:00</time>
      </trkpt>
      <trkpt lat="46.14107" lon="6.77303">
        <ele>1340</ele>
        <time>2026-07-02T20:40:18+00:00</time>
      </trkpt>
      <trkpt lat="46.14112" lon="6.77302">
        <ele>1340</ele>
        <time>2026-07-02T20:40:21+00:00</time>
      </trkpt>
      <trkpt lat="46.14114" lon="6.77302">
        <ele>1340</ele>
        <time>2026-07-02T20:40:24+00:00</time>
      </trkpt>
      <trkpt lat="46.14117" lon="6.77301">
        <ele>1340</ele>
        <time>2026-07-02T20:40:27+00:00</time>
      </trkpt>
      <trkpt lat="46.14122" lon="6.77297">
        <ele>1340</ele>
        <time>2026-07-02T20:40:30+00:00</time>
      </trkpt>
      <trkpt lat="46.14148" lon="6.77283">
        <ele>1339</ele>
        <time>2026-07-02T20:40:33+00:00</time>
      </trkpt>
      <trkpt lat="46.14165" lon="6.77275">
        <ele>1338</ele>
        <time>2026-07-02T20:40:36+00:00</time>
      </trkpt>
      <trkpt lat="46.14171" lon="6.77275">
        <ele>1338</ele>
        <time>2026-07-02T20:40:39+00:00</time>
      </trkpt>
      <trkpt lat="46.14176" lon="6.77277">
        <ele>1338</ele>
        <time>2026-07-02T20:40:42+00:00</time>
      </trkpt>
      <trkpt lat="46.1418" lon="6.77281">
        <ele>1338</ele>
        <time>2026-07-02T20:40:45+00:00</time>
      </trkpt>
      <trkpt lat="46.14188" lon="6.77285">
        <ele>1338</ele>
        <time>2026-07-02T20:40:48+00:00</time>
      </trkpt>
      <trkpt lat="46.14193" lon="6.77284">
        <ele>1338</ele>
        <time>2026-07-02T20:40:51+00:00</time>
      </trkpt>
      <trkpt lat="46.14196" lon="6.77279">
        <ele>1338</ele>
        <time>2026-07-02T20:40:54+00:00</time>
      </trkpt>
      <trkpt lat="46.142" lon="6.77268">
        <ele>1339</ele>
        <time>2026-07-02T20:40:57+00:00</time>
      </trkpt>
      <trkpt lat="46.14202" lon="6.7726">
        <ele>1338</ele>
        <time>2026-07-02T20:41:00+00:00</time>
      </trkpt>
      <trkpt lat="46.14202" lon="6.7725">
        <ele>1339</ele>
        <time>2026-07-02T20:41:03+00:00</time>
      </trkpt>
      <trkpt lat="46.14203" lon="6.77238">
        <ele>1338</ele>
        <time>2026-07-02T20:41:06+00:00</time>
      </trkpt>
      <trkpt lat="46.14203" lon="6.7723">
        <ele>1338</ele>
        <time>2026-07-02T20:41:09+00:00</time>
      </trkpt>
      <trkpt lat="46.14203" lon="6.77225">
        <ele>1338</ele>
        <time>2026-07-02T20:41:12+00:00</time>
      </trkpt>
      <trkpt lat="46.14203" lon="6.77222">
        <ele>1338</ele>
        <time>2026-07-02T20:41:15+00:00</time>
      </trkpt>
      <trkpt lat="46.14199" lon="6.77201">
        <ele>1338</ele>
        <time>2026-07-02T20:41:18+00:00</time>
      </trkpt>
      <trkpt lat="46.14197" lon="6.77186">
        <ele>1338</ele>
        <time>2026-07-02T20:41:21+00:00</time>
      </trkpt>
      <trkpt lat="46.14199" lon="6.77175">
        <ele>1337</ele>
        <time>2026-07-02T20:41:24+00:00</time>
      </trkpt>
      <trkpt lat="46.14202" lon="6.77158">
        <ele>1335</ele>
        <time>2026-07-02T20:41:27+00:00</time>
      </trkpt>
      <trkpt lat="46.14203" lon="6.77145">
        <ele>1334</ele>
        <time>2026-07-02T20:41:30+00:00</time>
      </trkpt>
      <trkpt lat="46.142" lon="6.7713">
        <ele>1333</ele>
        <time>2026-07-02T20:41:33+00:00</time>
      </trkpt>
      <trkpt lat="46.14199" lon="6.77113">
        <ele>1330</ele>
        <time>2026-07-02T20:41:36+00:00</time>
      </trkpt>
      <trkpt lat="46.142" lon="6.77101">
        <ele>1329</ele>
        <time>2026-07-02T20:41:39+00:00</time>
      </trkpt>
      <trkpt lat="46.14205" lon="6.77078">
        <ele>1326</ele>
        <time>2026-07-02T20:41:42+00:00</time>
      </trkpt>
      <trkpt lat="46.1421" lon="6.77062">
        <ele>1326</ele>
        <time>2026-07-02T20:41:45+00:00</time>
      </trkpt>
      <trkpt lat="46.14213" lon="6.7705">
        <ele>1322</ele>
        <time>2026-07-02T20:41:48+00:00</time>
      </trkpt>
      <trkpt lat="46.14216" lon="6.77017">
        <ele>1319</ele>
        <time>2026-07-02T20:41:51+00:00</time>
      </trkpt>
      <trkpt lat="46.14219" lon="6.77">
        <ele>1318</ele>
        <time>2026-07-02T20:41:54+00:00</time>
      </trkpt>
      <trkpt lat="46.14226" lon="6.76975">
        <ele>1314</ele>
        <time>2026-07-02T20:41:57+00:00</time>
      </trkpt>
      <trkpt lat="46.14234" lon="6.76952">
        <ele>1313</ele>
        <time>2026-07-02T20:42:00+00:00</time>
      </trkpt>
      <trkpt lat="46.14242" lon="6.7693">
        <ele>1310</ele>
        <time>2026-07-02T20:42:03+00:00</time>
      </trkpt>
      <trkpt lat="46.14247" lon="6.76911">
        <ele>1309</ele>
        <time>2026-07-02T20:42:06+00:00</time>
      </trkpt>
      <trkpt lat="46.14253" lon="6.76884">
        <ele>1308</ele>
        <time>2026-07-02T20:42:09+00:00</time>
      </trkpt>
      <trkpt lat="46.14258" lon="6.76862">
        <ele>1307</ele>
        <time>2026-07-02T20:42:12+00:00</time>
      </trkpt>
      <trkpt lat="46.14262" lon="6.76846">
        <ele>1307</ele>
        <time>2026-07-02T20:42:15+00:00</time>
      </trkpt>
      <trkpt lat="46.14267" lon="6.76833">
        <ele>1307</ele>
        <time>2026-07-02T20:42:18+00:00</time>
      </trkpt>
      <trkpt lat="46.14277" lon="6.76822">
        <ele>1307</ele>
        <time>2026-07-02T20:42:21+00:00</time>
      </trkpt>
      <trkpt lat="46.1429" lon="6.76815">
        <ele>1307</ele>
        <time>2026-07-02T20:42:24+00:00</time>
      </trkpt>
      <trkpt lat="46.14301" lon="6.76813">
        <ele>1307</ele>
        <time>2026-07-02T20:42:27+00:00</time>
      </trkpt>
      <trkpt lat="46.14309" lon="6.76814">
        <ele>1307</ele>
        <time>2026-07-02T20:42:30+00:00</time>
      </trkpt>
      <trkpt lat="46.14323" lon="6.7682">
        <ele>1307</ele>
        <time>2026-07-02T20:42:33+00:00</time>
      </trkpt>
      <trkpt lat="46.1433" lon="6.76821">
        <ele>1308</ele>
        <time>2026-07-02T20:42:36+00:00</time>
      </trkpt>
      <trkpt lat="46.1435" lon="6.76814">
        <ele>1309</ele>
        <time>2026-07-02T20:42:39+00:00</time>
      </trkpt>
      <trkpt lat="46.14361" lon="6.7681">
        <ele>1310</ele>
        <time>2026-07-02T20:42:42+00:00</time>
      </trkpt>
      <trkpt lat="46.14371" lon="6.76811">
        <ele>1312</ele>
        <time>2026-07-02T20:42:45+00:00</time>
      </trkpt>
      <trkpt lat="46.14386" lon="6.76818">
        <ele>1314</ele>
        <time>2026-07-02T20:42:48+00:00</time>
      </trkpt>
      <trkpt lat="46.14398" lon="6.76805">
        <ele>1312</ele>
        <time>2026-07-02T20:42:51+00:00</time>
      </trkpt>
      <trkpt lat="46.14398" lon="6.76804">
        <ele>1312</ele>
        <time>2026-07-02T20:42:54+00:00</time>
      </trkpt>
      <trkpt lat="46.14404" lon="6.76786">
        <ele>1311</ele>
        <time>2026-07-02T20:42:57+00:00</time>
      </trkpt>
      <trkpt lat="46.14408" lon="6.76767">
        <ele>1309</ele>
        <time>2026-07-02T20:43:00+00:00</time>
      </trkpt>
      <trkpt lat="46.14418" lon="6.76728">
        <ele>1308</ele>
        <time>2026-07-02T20:43:03+00:00</time>
      </trkpt>
      <trkpt lat="46.14435" lon="6.76688">
        <ele>1308</ele>
        <time>2026-07-02T20:43:06+00:00</time>
      </trkpt>
      <trkpt lat="46.14443" lon="6.76664">
        <ele>1309</ele>
        <time>2026-07-02T20:43:09+00:00</time>
      </trkpt>
      <trkpt lat="46.14447" lon="6.76647">
        <ele>1306</ele>
        <time>2026-07-02T20:43:12+00:00</time>
      </trkpt>
      <trkpt lat="46.14455" lon="6.76626">
        <ele>1305</ele>
        <time>2026-07-02T20:43:15+00:00</time>
      </trkpt>
      <trkpt lat="46.14473" lon="6.76598">
        <ele>1307</ele>
        <time>2026-07-02T20:43:18+00:00</time>
      </trkpt>
      <trkpt lat="46.14482" lon="6.76584">
        <ele>1305</ele>
        <time>2026-07-02T20:43:21+00:00</time>
      </trkpt>
      <trkpt lat="46.14497" lon="6.76576">
        <ele>1308</ele>
        <time>2026-07-02T20:43:24+00:00</time>
      </trkpt>
      <trkpt lat="46.14517" lon="6.76571">
        <ele>1311</ele>
        <time>2026-07-02T20:43:27+00:00</time>
      </trkpt>
      <trkpt lat="46.1455" lon="6.7657">
        <ele>1308</ele>
        <time>2026-07-02T20:43:30+00:00</time>
      </trkpt>
      <trkpt lat="46.14558" lon="6.76563">
        <ele>1312</ele>
        <time>2026-07-02T20:43:33+00:00</time>
      </trkpt>
      <trkpt lat="46.14559" lon="6.76535">
        <ele>1306</ele>
        <time>2026-07-02T20:43:36+00:00</time>
      </trkpt>
      <trkpt lat="46.14566" lon="6.7652">
        <ele>1304</ele>
        <time>2026-07-02T20:43:39+00:00</time>
      </trkpt>
      <trkpt lat="46.14573" lon="6.76495">
        <ele>1302</ele>
        <time>2026-07-02T20:43:42+00:00</time>
      </trkpt>
      <trkpt lat="46.14583" lon="6.7646">
        <ele>1300</ele>
        <time>2026-07-02T20:43:45+00:00</time>
      </trkpt>
      <trkpt lat="46.14591" lon="6.76442">
        <ele>1298</ele>
        <time>2026-07-02T20:43:48+00:00</time>
      </trkpt>
      <trkpt lat="46.14609" lon="6.76411">
        <ele>1300</ele>
        <time>2026-07-02T20:43:51+00:00</time>
      </trkpt>
      <trkpt lat="46.14625" lon="6.76391">
        <ele>1300</ele>
        <time>2026-07-02T20:43:54+00:00</time>
      </trkpt>
      <trkpt lat="46.14636" lon="6.76376">
        <ele>1299</ele>
        <time>2026-07-02T20:43:57+00:00</time>
      </trkpt>
      <trkpt lat="46.14637" lon="6.76375">
        <ele>1299</ele>
        <time>2026-07-02T20:44:00+00:00</time>
      </trkpt>
      <trkpt lat="46.14647" lon="6.7636">
        <ele>1300</ele>
        <time>2026-07-02T20:44:03+00:00</time>
      </trkpt>
      <trkpt lat="46.14668" lon="6.76342">
        <ele>1302</ele>
        <time>2026-07-02T20:44:06+00:00</time>
      </trkpt>
      <trkpt lat="46.1468" lon="6.7634">
        <ele>1305</ele>
        <time>2026-07-02T20:44:09+00:00</time>
      </trkpt>
      <trkpt lat="46.14671" lon="6.76365">
        <ele>1308</ele>
        <time>2026-07-02T20:44:12+00:00</time>
      </trkpt>
      <trkpt lat="46.14678" lon="6.76383">
        <ele>1311</ele>
        <time>2026-07-02T20:44:15+00:00</time>
      </trkpt>
      <trkpt lat="46.14677" lon="6.76402">
        <ele>1316</ele>
        <time>2026-07-02T20:44:18+00:00</time>
      </trkpt>
      <trkpt lat="46.14675" lon="6.76425">
        <ele>1321</ele>
        <time>2026-07-02T20:44:21+00:00</time>
      </trkpt>
      <trkpt lat="46.14674" lon="6.76448">
        <ele>1326</ele>
        <time>2026-07-02T20:44:24+00:00</time>
      </trkpt>
      <trkpt lat="46.14675" lon="6.76462">
        <ele>1334</ele>
        <time>2026-07-02T20:44:27+00:00</time>
      </trkpt>
      <trkpt lat="46.14683" lon="6.76476">
        <ele>1338</ele>
        <time>2026-07-02T20:44:30+00:00</time>
      </trkpt>
      <trkpt lat="46.14698" lon="6.76485">
        <ele>1342</ele>
        <time>2026-07-02T20:44:33+00:00</time>
      </trkpt>
      <trkpt lat="46.14726" lon="6.76483">
        <ele>1346</ele>
        <time>2026-07-02T20:44:36+00:00</time>
      </trkpt>
      <trkpt lat="46.14749" lon="6.7648">
        <ele>1349</ele>
        <time>2026-07-02T20:44:39+00:00</time>
      </trkpt>
      <trkpt lat="46.14773" lon="6.7648">
        <ele>1356</ele>
        <time>2026-07-02T20:44:42+00:00</time>
      </trkpt>
      <trkpt lat="46.14785" lon="6.76486">
        <ele>1359</ele>
        <time>2026-07-02T20:44:45+00:00</time>
      </trkpt>
      <trkpt lat="46.14789" lon="6.76494">
        <ele>1361</ele>
        <time>2026-07-02T20:44:48+00:00</time>
      </trkpt>
      <trkpt lat="46.14798" lon="6.7651">
        <ele>1369</ele>
        <time>2026-07-02T20:44:51+00:00</time>
      </trkpt>
      <trkpt lat="46.14806" lon="6.76518">
        <ele>1371</ele>
        <time>2026-07-02T20:44:54+00:00</time>
      </trkpt>
      <trkpt lat="46.14808" lon="6.7652">
        <ele>1371</ele>
        <time>2026-07-02T20:44:57+00:00</time>
      </trkpt>
      <trkpt lat="46.14814" lon="6.76522">
        <ele>1374</ele>
        <time>2026-07-02T20:45:00+00:00</time>
      </trkpt>
      <trkpt lat="46.14817" lon="6.76524">
        <ele>1374</ele>
        <time>2026-07-02T20:45:03+00:00</time>
      </trkpt>
      <trkpt lat="46.14818" lon="6.76529">
        <ele>1374</ele>
        <time>2026-07-02T20:45:06+00:00</time>
      </trkpt>
      <trkpt lat="46.14819" lon="6.7654">
        <ele>1376</ele>
        <time>2026-07-02T20:45:09+00:00</time>
      </trkpt>
      <trkpt lat="46.14815" lon="6.76554">
        <ele>1380</ele>
        <time>2026-07-02T20:45:12+00:00</time>
      </trkpt>
      <trkpt lat="46.14821" lon="6.76555">
        <ele>1381</ele>
        <time>2026-07-02T20:45:15+00:00</time>
      </trkpt>
      <trkpt lat="46.14827" lon="6.76574">
        <ele>1386</ele>
        <time>2026-07-02T20:45:18+00:00</time>
      </trkpt>
      <trkpt lat="46.14838" lon="6.7661">
        <ele>1387</ele>
        <time>2026-07-02T20:45:21+00:00</time>
      </trkpt>
      <trkpt lat="46.14845" lon="6.76619">
        <ele>1388</ele>
        <time>2026-07-02T20:45:24+00:00</time>
      </trkpt>
      <trkpt lat="46.14847" lon="6.76624">
        <ele>1388</ele>
        <time>2026-07-02T20:45:27+00:00</time>
      </trkpt>
      <trkpt lat="46.14846" lon="6.7664">
        <ele>1388</ele>
        <time>2026-07-02T20:45:30+00:00</time>
      </trkpt>
      <trkpt lat="46.14848" lon="6.76652">
        <ele>1389</ele>
        <time>2026-07-02T20:45:33+00:00</time>
      </trkpt>
      <trkpt lat="46.14852" lon="6.76668">
        <ele>1388</ele>
        <time>2026-07-02T20:45:36+00:00</time>
      </trkpt>
      <trkpt lat="46.14859" lon="6.7669">
        <ele>1390</ele>
        <time>2026-07-02T20:45:39+00:00</time>
      </trkpt>
      <trkpt lat="46.1486" lon="6.76698">
        <ele>1389</ele>
        <time>2026-07-02T20:45:42+00:00</time>
      </trkpt>
      <trkpt lat="46.1486" lon="6.76706">
        <ele>1391</ele>
        <time>2026-07-02T20:45:45+00:00</time>
      </trkpt>
      <trkpt lat="46.1486" lon="6.76716">
        <ele>1389</ele>
        <time>2026-07-02T20:45:48+00:00</time>
      </trkpt>
      <trkpt lat="46.14862" lon="6.7672">
        <ele>1389</ele>
        <time>2026-07-02T20:45:51+00:00</time>
      </trkpt>
      <trkpt lat="46.14867" lon="6.7672">
        <ele>1389</ele>
        <time>2026-07-02T20:45:54+00:00</time>
      </trkpt>
      <trkpt lat="46.14882" lon="6.76723">
        <ele>1389</ele>
        <time>2026-07-02T20:45:57+00:00</time>
      </trkpt>
      <trkpt lat="46.14887" lon="6.76722">
        <ele>1389</ele>
        <time>2026-07-02T20:46:00+00:00</time>
      </trkpt>
      <trkpt lat="46.14894" lon="6.76718">
        <ele>1387</ele>
        <time>2026-07-02T20:46:03+00:00</time>
      </trkpt>
      <trkpt lat="46.14896" lon="6.76715">
        <ele>1387</ele>
        <time>2026-07-02T20:46:06+00:00</time>
      </trkpt>
      <trkpt lat="46.14897" lon="6.76709">
        <ele>1386</ele>
        <time>2026-07-02T20:46:09+00:00</time>
      </trkpt>
      <trkpt lat="46.149" lon="6.76703">
        <ele>1386</ele>
        <time>2026-07-02T20:46:12+00:00</time>
      </trkpt>
      <trkpt lat="46.14905" lon="6.767">
        <ele>1386</ele>
        <time>2026-07-02T20:46:15+00:00</time>
      </trkpt>
      <trkpt lat="46.14907" lon="6.76702">
        <ele>1386</ele>
        <time>2026-07-02T20:46:18+00:00</time>
      </trkpt>
      <trkpt lat="46.14912" lon="6.76704">
        <ele>1386</ele>
        <time>2026-07-02T20:46:21+00:00</time>
      </trkpt>
      <trkpt lat="46.14915" lon="6.76701">
        <ele>1386</ele>
        <time>2026-07-02T20:46:24+00:00</time>
      </trkpt>
      <trkpt lat="46.14919" lon="6.767">
        <ele>1386</ele>
        <time>2026-07-02T20:46:27+00:00</time>
      </trkpt>
      <trkpt lat="46.14924" lon="6.76703">
        <ele>1386</ele>
        <time>2026-07-02T20:46:30+00:00</time>
      </trkpt>
      <trkpt lat="46.14927" lon="6.76704">
        <ele>1386</ele>
        <time>2026-07-02T20:46:33+00:00</time>
      </trkpt>
      <trkpt lat="46.14932" lon="6.76703">
        <ele>1387</ele>
        <time>2026-07-02T20:46:36+00:00</time>
      </trkpt>
      <trkpt lat="46.14942" lon="6.767">
        <ele>1387</ele>
        <time>2026-07-02T20:46:39+00:00</time>
      </trkpt>
      <trkpt lat="46.14949" lon="6.76698">
        <ele>1386</ele>
        <time>2026-07-02T20:46:42+00:00</time>
      </trkpt>
      <trkpt lat="46.14953" lon="6.76697">
        <ele>1387</ele>
        <time>2026-07-02T20:46:45+00:00</time>
      </trkpt>
      <trkpt lat="46.14958" lon="6.76698">
        <ele>1387</ele>
        <time>2026-07-02T20:46:48+00:00</time>
      </trkpt>
      <trkpt lat="46.14963" lon="6.76698">
        <ele>1388</ele>
        <time>2026-07-02T20:46:51+00:00</time>
      </trkpt>
      <trkpt lat="46.14968" lon="6.76697">
        <ele>1388</ele>
        <time>2026-07-02T20:46:54+00:00</time>
      </trkpt>
      <trkpt lat="46.14975" lon="6.76694">
        <ele>1389</ele>
        <time>2026-07-02T20:46:57+00:00</time>
      </trkpt>
      <trkpt lat="46.14981" lon="6.76689">
        <ele>1389</ele>
        <time>2026-07-02T20:47:00+00:00</time>
      </trkpt>
      <trkpt lat="46.14988" lon="6.76677">
        <ele>1390</ele>
        <time>2026-07-02T20:47:03+00:00</time>
      </trkpt>
      <trkpt lat="46.14993" lon="6.7666">
        <ele>1388</ele>
        <time>2026-07-02T20:47:06+00:00</time>
      </trkpt>
      <trkpt lat="46.14993" lon="6.76643">
        <ele>1390</ele>
        <time>2026-07-02T20:47:09+00:00</time>
      </trkpt>
      <trkpt lat="46.14993" lon="6.76626">
        <ele>1388</ele>
        <time>2026-07-02T20:47:12+00:00</time>
      </trkpt>
      <trkpt lat="46.14992" lon="6.76611">
        <ele>1387</ele>
        <time>2026-07-02T20:47:15+00:00</time>
      </trkpt>
      <trkpt lat="46.14994" lon="6.76604">
        <ele>1387</ele>
        <time>2026-07-02T20:47:18+00:00</time>
      </trkpt>
      <trkpt lat="46.14995" lon="6.76596">
        <ele>1388</ele>
        <time>2026-07-02T20:47:21+00:00</time>
      </trkpt>
      <trkpt lat="46.14995" lon="6.76592">
        <ele>1386</ele>
        <time>2026-07-02T20:47:24+00:00</time>
      </trkpt>
      <trkpt lat="46.14995" lon="6.76586">
        <ele>1386</ele>
        <time>2026-07-02T20:47:27+00:00</time>
      </trkpt>
      <trkpt lat="46.14994" lon="6.76577">
        <ele>1388</ele>
        <time>2026-07-02T20:47:30+00:00</time>
      </trkpt>
      <trkpt lat="46.1499" lon="6.7657">
        <ele>1389</ele>
        <time>2026-07-02T20:47:33+00:00</time>
      </trkpt>
      <trkpt lat="46.14982" lon="6.76561">
        <ele>1389</ele>
        <time>2026-07-02T20:47:36+00:00</time>
      </trkpt>
      <trkpt lat="46.14974" lon="6.76555">
        <ele>1389</ele>
        <time>2026-07-02T20:47:39+00:00</time>
      </trkpt>
      <trkpt lat="46.14965" lon="6.76549">
        <ele>1389</ele>
        <time>2026-07-02T20:47:42+00:00</time>
      </trkpt>
      <trkpt lat="46.14959" lon="6.76545">
        <ele>1388</ele>
        <time>2026-07-02T20:47:45+00:00</time>
      </trkpt>
      <trkpt lat="46.14958" lon="6.76544">
        <ele>1388</ele>
        <time>2026-07-02T20:47:48+00:00</time>
      </trkpt>
      <trkpt lat="46.14956" lon="6.76542">
        <ele>1389</ele>
        <time>2026-07-02T20:47:51+00:00</time>
      </trkpt>
      <trkpt lat="46.14952" lon="6.76533">
        <ele>1389</ele>
        <time>2026-07-02T20:47:54+00:00</time>
      </trkpt>
      <trkpt lat="46.14956" lon="6.76534">
        <ele>1389</ele>
        <time>2026-07-02T20:47:57+00:00</time>
      </trkpt>
      <trkpt lat="46.14964" lon="6.76534">
        <ele>1390</ele>
        <time>2026-07-02T20:48:00+00:00</time>
      </trkpt>
      <trkpt lat="46.14977" lon="6.7653">
        <ele>1391</ele>
        <time>2026-07-02T20:48:03+00:00</time>
      </trkpt>
      <trkpt lat="46.14989" lon="6.76522">
        <ele>1393</ele>
        <time>2026-07-02T20:48:06+00:00</time>
      </trkpt>
      <trkpt lat="46.14996" lon="6.76518">
        <ele>1395</ele>
        <time>2026-07-02T20:48:09+00:00</time>
      </trkpt>
      <trkpt lat="46.15005" lon="6.76515">
        <ele>1396</ele>
        <time>2026-07-02T20:48:12+00:00</time>
      </trkpt>
      <trkpt lat="46.15017" lon="6.76513">
        <ele>1397</ele>
        <time>2026-07-02T20:48:15+00:00</time>
      </trkpt>
      <trkpt lat="46.15021" lon="6.76513">
        <ele>1398</ele>
        <time>2026-07-02T20:48:18+00:00</time>
      </trkpt>
      <trkpt lat="46.15026" lon="6.76512">
        <ele>1398</ele>
        <time>2026-07-02T20:48:21+00:00</time>
      </trkpt>
      <trkpt lat="46.15035" lon="6.76512">
        <ele>1399</ele>
        <time>2026-07-02T20:48:24+00:00</time>
      </trkpt>
      <trkpt lat="46.15044" lon="6.76511">
        <ele>1400</ele>
        <time>2026-07-02T20:48:27+00:00</time>
      </trkpt>
      <trkpt lat="46.15044" lon="6.76511">
        <ele>1400</ele>
        <time>2026-07-02T20:48:30+00:00</time>
      </trkpt>
      <trkpt lat="46.15044" lon="6.76511">
        <ele>1400</ele>
        <time>2026-07-02T20:48:33+00:00</time>
      </trkpt>
      <trkpt lat="46.15045" lon="6.76511">
        <ele>1400</ele>
        <time>2026-07-02T20:48:36+00:00</time>
      </trkpt>
      <trkpt lat="46.15051" lon="6.76513">
        <ele>1400</ele>
        <time>2026-07-02T20:48:39+00:00</time>
      </trkpt>
      <trkpt lat="46.15057" lon="6.7652">
        <ele>1400</ele>
        <time>2026-07-02T20:48:42+00:00</time>
      </trkpt>
      <trkpt lat="46.15061" lon="6.76526">
        <ele>1401</ele>
        <time>2026-07-02T20:48:45+00:00</time>
      </trkpt>
      <trkpt lat="46.15069" lon="6.76541">
        <ele>1403</ele>
        <time>2026-07-02T20:48:48+00:00</time>
      </trkpt>
      <trkpt lat="46.1508" lon="6.76556">
        <ele>1404</ele>
        <time>2026-07-02T20:48:51+00:00</time>
      </trkpt>
      <trkpt lat="46.15083" lon="6.76558">
        <ele>1404</ele>
        <time>2026-07-02T20:48:54+00:00</time>
      </trkpt>
      <trkpt lat="46.15088" lon="6.76559">
        <ele>1404</ele>
        <time>2026-07-02T20:48:57+00:00</time>
      </trkpt>
      <trkpt lat="46.15091" lon="6.76564">
        <ele>1405</ele>
        <time>2026-07-02T20:49:00+00:00</time>
      </trkpt>
      <trkpt lat="46.15094" lon="6.76573">
        <ele>1409</ele>
        <time>2026-07-02T20:49:03+00:00</time>
      </trkpt>
      <trkpt lat="46.15095" lon="6.76586">
        <ele>1411</ele>
        <time>2026-07-02T20:49:06+00:00</time>
      </trkpt>
      <trkpt lat="46.15094" lon="6.76618">
        <ele>1415</ele>
        <time>2026-07-02T20:49:09+00:00</time>
      </trkpt>
      <trkpt lat="46.15089" lon="6.76678">
        <ele>1422</ele>
        <time>2026-07-02T20:49:12+00:00</time>
      </trkpt>
      <trkpt lat="46.15085" lon="6.76713">
        <ele>1430</ele>
        <time>2026-07-02T20:49:15+00:00</time>
      </trkpt>
      <trkpt lat="46.15085" lon="6.76715">
        <ele>1430</ele>
        <time>2026-07-02T20:49:18+00:00</time>
      </trkpt>
      <trkpt lat="46.15084" lon="6.76732">
        <ele>1433</ele>
        <time>2026-07-02T20:49:21+00:00</time>
      </trkpt>
      <trkpt lat="46.15086" lon="6.76765">
        <ele>1438</ele>
        <time>2026-07-02T20:49:24+00:00</time>
      </trkpt>
      <trkpt lat="46.15086" lon="6.76775">
        <ele>1439</ele>
        <time>2026-07-02T20:49:27+00:00</time>
      </trkpt>
      <trkpt lat="46.15084" lon="6.76787">
        <ele>1441</ele>
        <time>2026-07-02T20:49:30+00:00</time>
      </trkpt>
      <trkpt lat="46.1508" lon="6.76793">
        <ele>1442</ele>
        <time>2026-07-02T20:49:33+00:00</time>
      </trkpt>
      <trkpt lat="46.15073" lon="6.76801">
        <ele>1442</ele>
        <time>2026-07-02T20:49:36+00:00</time>
      </trkpt>
      <trkpt lat="46.15067" lon="6.76812">
        <ele>1443</ele>
        <time>2026-07-02T20:49:39+00:00</time>
      </trkpt>
      <trkpt lat="46.15061" lon="6.76826">
        <ele>1444</ele>
        <time>2026-07-02T20:49:42+00:00</time>
      </trkpt>
      <trkpt lat="46.15052" lon="6.76848">
        <ele>1445</ele>
        <time>2026-07-02T20:49:45+00:00</time>
      </trkpt>
      <trkpt lat="46.15049" lon="6.76858">
        <ele>1444</ele>
        <time>2026-07-02T20:49:48+00:00</time>
      </trkpt>
      <trkpt lat="46.15045" lon="6.76885">
        <ele>1450</ele>
        <time>2026-07-02T20:49:51+00:00</time>
      </trkpt>
      <trkpt lat="46.15044" lon="6.76911">
        <ele>1454</ele>
        <time>2026-07-02T20:49:54+00:00</time>
      </trkpt>
      <trkpt lat="46.15044" lon="6.76928">
        <ele>1450</ele>
        <time>2026-07-02T20:49:57+00:00</time>
      </trkpt>
      <trkpt lat="46.15041" lon="6.76937">
        <ele>1457</ele>
        <time>2026-07-02T20:50:00+00:00</time>
      </trkpt>
      <trkpt lat="46.15039" lon="6.76947">
        <ele>1449</ele>
        <time>2026-07-02T20:50:03+00:00</time>
      </trkpt>
      <trkpt lat="46.15039" lon="6.76956">
        <ele>1450</ele>
        <time>2026-07-02T20:50:06+00:00</time>
      </trkpt>
      <trkpt lat="46.15044" lon="6.76981">
        <ele>1460</ele>
        <time>2026-07-02T20:50:09+00:00</time>
      </trkpt>
      <trkpt lat="46.15046" lon="6.77017">
        <ele>1464</ele>
        <time>2026-07-02T20:50:12+00:00</time>
      </trkpt>
      <trkpt lat="46.15048" lon="6.77046">
        <ele>1467</ele>
        <time>2026-07-02T20:50:15+00:00</time>
      </trkpt>
      <trkpt lat="46.1505" lon="6.77056">
        <ele>1469</ele>
        <time>2026-07-02T20:50:18+00:00</time>
      </trkpt>
      <trkpt lat="46.15058" lon="6.77087">
        <ele>1475</ele>
        <time>2026-07-02T20:50:21+00:00</time>
      </trkpt>
      <trkpt lat="46.15061" lon="6.77101">
        <ele>1479</ele>
        <time>2026-07-02T20:50:24+00:00</time>
      </trkpt>
      <trkpt lat="46.15063" lon="6.77116">
        <ele>1479</ele>
        <time>2026-07-02T20:50:27+00:00</time>
      </trkpt>
      <trkpt lat="46.15064" lon="6.77129">
        <ele>1480</ele>
        <time>2026-07-02T20:50:30+00:00</time>
      </trkpt>
      <trkpt lat="46.15062" lon="6.77141">
        <ele>1481</ele>
        <time>2026-07-02T20:50:33+00:00</time>
      </trkpt>
      <trkpt lat="46.15062" lon="6.77154">
        <ele>1481</ele>
        <time>2026-07-02T20:50:36+00:00</time>
      </trkpt>
      <trkpt lat="46.15063" lon="6.77162">
        <ele>1482</ele>
        <time>2026-07-02T20:50:39+00:00</time>
      </trkpt>
      <trkpt lat="46.1507" lon="6.77179">
        <ele>1484</ele>
        <time>2026-07-02T20:50:42+00:00</time>
      </trkpt>
      <trkpt lat="46.15077" lon="6.77197">
        <ele>1485</ele>
        <time>2026-07-02T20:50:45+00:00</time>
      </trkpt>
      <trkpt lat="46.15085" lon="6.77225">
        <ele>1487</ele>
        <time>2026-07-02T20:50:48+00:00</time>
      </trkpt>
      <trkpt lat="46.15089" lon="6.77241">
        <ele>1489</ele>
        <time>2026-07-02T20:50:51+00:00</time>
      </trkpt>
      <trkpt lat="46.15089" lon="6.77251">
        <ele>1490</ele>
        <time>2026-07-02T20:50:54+00:00</time>
      </trkpt>
      <trkpt lat="46.15086" lon="6.77266">
        <ele>1491</ele>
        <time>2026-07-02T20:50:57+00:00</time>
      </trkpt>
      <trkpt lat="46.15072" lon="6.77297">
        <ele>1496</ele>
        <time>2026-07-02T20:51:00+00:00</time>
      </trkpt>
      <trkpt lat="46.15069" lon="6.7731">
        <ele>1497</ele>
        <time>2026-07-02T20:51:03+00:00</time>
      </trkpt>
      <trkpt lat="46.1507" lon="6.77331">
        <ele>1501</ele>
        <time>2026-07-02T20:51:06+00:00</time>
      </trkpt>
      <trkpt lat="46.15072" lon="6.77347">
        <ele>1502</ele>
        <time>2026-07-02T20:51:09+00:00</time>
      </trkpt>
      <trkpt lat="46.15073" lon="6.77349">
        <ele>1502</ele>
        <time>2026-07-02T20:51:12+00:00</time>
      </trkpt>
      <trkpt lat="46.15079" lon="6.77369">
        <ele>1504</ele>
        <time>2026-07-02T20:51:15+00:00</time>
      </trkpt>
      <trkpt lat="46.15087" lon="6.77391">
        <ele>1507</ele>
        <time>2026-07-02T20:51:18+00:00</time>
      </trkpt>
      <trkpt lat="46.1509" lon="6.77403">
        <ele>1509</ele>
        <time>2026-07-02T20:51:21+00:00</time>
      </trkpt>
      <trkpt lat="46.1509" lon="6.77416">
        <ele>1510</ele>
        <time>2026-07-02T20:51:24+00:00</time>
      </trkpt>
      <trkpt lat="46.1509" lon="6.77432">
        <ele>1512</ele>
        <time>2026-07-02T20:51:27+00:00</time>
      </trkpt>
      <trkpt lat="46.1509" lon="6.77432">
        <ele>1512</ele>
        <time>2026-07-02T20:51:30+00:00</time>
      </trkpt>
      <trkpt lat="46.15088" lon="6.77443">
        <ele>1513</ele>
        <time>2026-07-02T20:51:33+00:00</time>
      </trkpt>
      <trkpt lat="46.15082" lon="6.77453">
        <ele>1515</ele>
        <time>2026-07-02T20:51:36+00:00</time>
      </trkpt>
      <trkpt lat="46.15062" lon="6.77477">
        <ele>1516</ele>
        <time>2026-07-02T20:51:39+00:00</time>
      </trkpt>
      <trkpt lat="46.15057" lon="6.77482">
        <ele>1521</ele>
        <time>2026-07-02T20:51:42+00:00</time>
      </trkpt>
      <trkpt lat="46.15049" lon="6.77484">
        <ele>1521</ele>
        <time>2026-07-02T20:51:45+00:00</time>
      </trkpt>
      <trkpt lat="46.15028" lon="6.77485">
        <ele>1523</ele>
        <time>2026-07-02T20:51:48+00:00</time>
      </trkpt>
      <trkpt lat="46.15018" lon="6.77485">
        <ele>1524</ele>
        <time>2026-07-02T20:51:51+00:00</time>
      </trkpt>
      <trkpt lat="46.15" lon="6.77481">
        <ele>1526</ele>
        <time>2026-07-02T20:51:54+00:00</time>
      </trkpt>
      <trkpt lat="46.14988" lon="6.77478">
        <ele>1525</ele>
        <time>2026-07-02T20:51:57+00:00</time>
      </trkpt>
      <trkpt lat="46.14977" lon="6.77475">
        <ele>1529</ele>
        <time>2026-07-02T20:52:00+00:00</time>
      </trkpt>
      <trkpt lat="46.1497" lon="6.77469">
        <ele>1527</ele>
        <time>2026-07-02T20:52:03+00:00</time>
      </trkpt>
      <trkpt lat="46.14958" lon="6.77457">
        <ele>1529</ele>
        <time>2026-07-02T20:52:06+00:00</time>
      </trkpt>
      <trkpt lat="46.1495" lon="6.7745">
        <ele>1531</ele>
        <time>2026-07-02T20:52:09+00:00</time>
      </trkpt>
      <trkpt lat="46.14942" lon="6.77447">
        <ele>1530</ele>
        <time>2026-07-02T20:52:12+00:00</time>
      </trkpt>
      <trkpt lat="46.14933" lon="6.77445">
        <ele>1531</ele>
        <time>2026-07-02T20:52:15+00:00</time>
      </trkpt>
      <trkpt lat="46.14923" lon="6.7744">
        <ele>1533</ele>
        <time>2026-07-02T20:52:18+00:00</time>
      </trkpt>
      <trkpt lat="46.14916" lon="6.77431">
        <ele>1534</ele>
        <time>2026-07-02T20:52:21+00:00</time>
      </trkpt>
      <trkpt lat="46.14915" lon="6.77429">
        <ele>1534</ele>
        <time>2026-07-02T20:52:24+00:00</time>
      </trkpt>
      <trkpt lat="46.14914" lon="6.77428">
        <ele>1534</ele>
        <time>2026-07-02T20:52:27+00:00</time>
      </trkpt>
      <trkpt lat="46.14908" lon="6.77427">
        <ele>1535</ele>
        <time>2026-07-02T20:52:30+00:00</time>
      </trkpt>
      <trkpt lat="46.14901" lon="6.77428">
        <ele>1535</ele>
        <time>2026-07-02T20:52:33+00:00</time>
      </trkpt>
      <trkpt lat="46.14901" lon="6.7744">
        <ele>1535</ele>
        <time>2026-07-02T20:52:36+00:00</time>
      </trkpt>
      <trkpt lat="46.14899" lon="6.77448">
        <ele>1537</ele>
        <time>2026-07-02T20:52:39+00:00</time>
      </trkpt>
      <trkpt lat="46.14895" lon="6.7746">
        <ele>1537</ele>
        <time>2026-07-02T20:52:42+00:00</time>
      </trkpt>
      <trkpt lat="46.14891" lon="6.77478">
        <ele>1539</ele>
        <time>2026-07-02T20:52:45+00:00</time>
      </trkpt>
      <trkpt lat="46.14889" lon="6.7749">
        <ele>1543</ele>
        <time>2026-07-02T20:52:48+00:00</time>
      </trkpt>
      <trkpt lat="46.14887" lon="6.77505">
        <ele>1544</ele>
        <time>2026-07-02T20:52:51+00:00</time>
      </trkpt>
      <trkpt lat="46.14891" lon="6.77517">
        <ele>1544</ele>
        <time>2026-07-02T20:52:54+00:00</time>
      </trkpt>
      <trkpt lat="46.14905" lon="6.77532">
        <ele>1548</ele>
        <time>2026-07-02T20:52:57+00:00</time>
      </trkpt>
      <trkpt lat="46.14912" lon="6.77543">
        <ele>1553</ele>
        <time>2026-07-02T20:53:00+00:00</time>
      </trkpt>
      <trkpt lat="46.14918" lon="6.77548">
        <ele>1553</ele>
        <time>2026-07-02T20:53:03+00:00</time>
      </trkpt>
      <trkpt lat="46.14922" lon="6.77555">
        <ele>1556</ele>
        <time>2026-07-02T20:53:06+00:00</time>
      </trkpt>
      <trkpt lat="46.14926" lon="6.77557">
        <ele>1556</ele>
        <time>2026-07-02T20:53:09+00:00</time>
      </trkpt>
      <trkpt lat="46.14931" lon="6.77558">
        <ele>1557</ele>
        <time>2026-07-02T20:53:12+00:00</time>
      </trkpt>
      <trkpt lat="46.14941" lon="6.77569">
        <ele>1559</ele>
        <time>2026-07-02T20:53:15+00:00</time>
      </trkpt>
      <trkpt lat="46.14948" lon="6.77573">
        <ele>1562</ele>
        <time>2026-07-02T20:53:18+00:00</time>
      </trkpt>
      <trkpt lat="46.1496" lon="6.77575">
        <ele>1562</ele>
        <time>2026-07-02T20:53:21+00:00</time>
      </trkpt>
      <trkpt lat="46.14965" lon="6.77578">
        <ele>1563</ele>
        <time>2026-07-02T20:53:24+00:00</time>
      </trkpt>
      <trkpt lat="46.14967" lon="6.77578">
        <ele>1563</ele>
        <time>2026-07-02T20:53:27+00:00</time>
      </trkpt>
      <trkpt lat="46.14969" lon="6.77577">
        <ele>1563</ele>
        <time>2026-07-02T20:53:30+00:00</time>
      </trkpt>
      <trkpt lat="46.14971" lon="6.77577">
        <ele>1563</ele>
        <time>2026-07-02T20:53:33+00:00</time>
      </trkpt>
      <trkpt lat="46.14975" lon="6.77581">
        <ele>1567</ele>
        <time>2026-07-02T20:53:36+00:00</time>
      </trkpt>
      <trkpt lat="46.1498" lon="6.77584">
        <ele>1567</ele>
        <time>2026-07-02T20:53:39+00:00</time>
      </trkpt>
      <trkpt lat="46.14984" lon="6.7759">
        <ele>1569</ele>
        <time>2026-07-02T20:53:42+00:00</time>
      </trkpt>
      <trkpt lat="46.14991" lon="6.77598">
        <ele>1569</ele>
        <time>2026-07-02T20:53:45+00:00</time>
      </trkpt>
      <trkpt lat="46.14992" lon="6.7761">
        <ele>1572</ele>
        <time>2026-07-02T20:53:48+00:00</time>
      </trkpt>
      <trkpt lat="46.14993" lon="6.77621">
        <ele>1574</ele>
        <time>2026-07-02T20:53:51+00:00</time>
      </trkpt>
      <trkpt lat="46.14996" lon="6.77629">
        <ele>1574</ele>
        <time>2026-07-02T20:53:54+00:00</time>
      </trkpt>
      <trkpt lat="46.14996" lon="6.77634">
        <ele>1575</ele>
        <time>2026-07-02T20:53:57+00:00</time>
      </trkpt>
      <trkpt lat="46.14996" lon="6.77637">
        <ele>1575</ele>
        <time>2026-07-02T20:54:00+00:00</time>
      </trkpt>
      <trkpt lat="46.14999" lon="6.77639">
        <ele>1575</ele>
        <time>2026-07-02T20:54:03+00:00</time>
      </trkpt>
      <trkpt lat="46.15005" lon="6.77641">
        <ele>1575</ele>
        <time>2026-07-02T20:54:06+00:00</time>
      </trkpt>
      <trkpt lat="46.15006" lon="6.77642">
        <ele>1575</ele>
        <time>2026-07-02T20:54:09+00:00</time>
      </trkpt>
      <trkpt lat="46.15008" lon="6.77645">
        <ele>1575</ele>
        <time>2026-07-02T20:54:12+00:00</time>
      </trkpt>
      <trkpt lat="46.15009" lon="6.77647">
        <ele>1575</ele>
        <time>2026-07-02T20:54:15+00:00</time>
      </trkpt>
      <trkpt lat="46.15012" lon="6.7765">
        <ele>1574</ele>
        <time>2026-07-02T20:54:18+00:00</time>
      </trkpt>
      <trkpt lat="46.15018" lon="6.77668">
        <ele>1576</ele>
        <time>2026-07-02T20:54:21+00:00</time>
      </trkpt>
      <trkpt lat="46.15019" lon="6.77676">
        <ele>1576</ele>
        <time>2026-07-02T20:54:24+00:00</time>
      </trkpt>
      <trkpt lat="46.15018" lon="6.77687">
        <ele>1576</ele>
        <time>2026-07-02T20:54:27+00:00</time>
      </trkpt>
      <trkpt lat="46.15018" lon="6.77696">
        <ele>1577</ele>
        <time>2026-07-02T20:54:30+00:00</time>
      </trkpt>
      <trkpt lat="46.15013" lon="6.77723">
        <ele>1579</ele>
        <time>2026-07-02T20:54:33+00:00</time>
      </trkpt>
      <trkpt lat="46.15014" lon="6.7774">
        <ele>1580</ele>
        <time>2026-07-02T20:54:36+00:00</time>
      </trkpt>
      <trkpt lat="46.15017" lon="6.77758">
        <ele>1582</ele>
        <time>2026-07-02T20:54:39+00:00</time>
      </trkpt>
      <trkpt lat="46.15017" lon="6.77774">
        <ele>1585</ele>
        <time>2026-07-02T20:54:42+00:00</time>
      </trkpt>
      <trkpt lat="46.1502" lon="6.7779">
        <ele>1590</ele>
        <time>2026-07-02T20:54:45+00:00</time>
      </trkpt>
      <trkpt lat="46.1502" lon="6.77797">
        <ele>1589</ele>
        <time>2026-07-02T20:54:48+00:00</time>
      </trkpt>
      <trkpt lat="46.15024" lon="6.77823">
        <ele>1594</ele>
        <time>2026-07-02T20:54:51+00:00</time>
      </trkpt>
      <trkpt lat="46.15027" lon="6.77835">
        <ele>1596</ele>
        <time>2026-07-02T20:54:54+00:00</time>
      </trkpt>
      <trkpt lat="46.15033" lon="6.77856">
        <ele>1601</ele>
        <time>2026-07-02T20:54:57+00:00</time>
      </trkpt>
      <trkpt lat="46.15036" lon="6.77881">
        <ele>1608</ele>
        <time>2026-07-02T20:55:00+00:00</time>
      </trkpt>
      <trkpt lat="46.15035" lon="6.77911">
        <ele>1614</ele>
        <time>2026-07-02T20:55:03+00:00</time>
      </trkpt>
      <trkpt lat="46.15032" lon="6.77931">
        <ele>1617</ele>
        <time>2026-07-02T20:55:06+00:00</time>
      </trkpt>
      <trkpt lat="46.15037" lon="6.77971">
        <ele>1625</ele>
        <time>2026-07-02T20:55:09+00:00</time>
      </trkpt>
      <trkpt lat="46.15037" lon="6.77978">
        <ele>1625</ele>
        <time>2026-07-02T20:55:12+00:00</time>
      </trkpt>
      <trkpt lat="46.15036" lon="6.7798">
        <ele>1626</ele>
        <time>2026-07-02T20:55:15+00:00</time>
      </trkpt>
      <trkpt lat="46.15037" lon="6.77986">
        <ele>1626</ele>
        <time>2026-07-02T20:55:18+00:00</time>
      </trkpt>
      <trkpt lat="46.15036" lon="6.77999">
        <ele>1627</ele>
        <time>2026-07-02T20:55:21+00:00</time>
      </trkpt>
      <trkpt lat="46.15035" lon="6.78004">
        <ele>1627</ele>
        <time>2026-07-02T20:55:24+00:00</time>
      </trkpt>
      <trkpt lat="46.15035" lon="6.78018">
        <ele>1627</ele>
        <time>2026-07-02T20:55:27+00:00</time>
      </trkpt>
      <trkpt lat="46.15038" lon="6.7803">
        <ele>1628</ele>
        <time>2026-07-02T20:55:30+00:00</time>
      </trkpt>
      <trkpt lat="46.15038" lon="6.78035">
        <ele>1629</ele>
        <time>2026-07-02T20:55:33+00:00</time>
      </trkpt>
      <trkpt lat="46.15038" lon="6.78056">
        <ele>1632</ele>
        <time>2026-07-02T20:55:36+00:00</time>
      </trkpt>
      <trkpt lat="46.15037" lon="6.78061">
        <ele>1634</ele>
        <time>2026-07-02T20:55:39+00:00</time>
      </trkpt>
      <trkpt lat="46.15037" lon="6.78066">
        <ele>1634</ele>
        <time>2026-07-02T20:55:42+00:00</time>
      </trkpt>
      <trkpt lat="46.15041" lon="6.78074">
        <ele>1635</ele>
        <time>2026-07-02T20:55:45+00:00</time>
      </trkpt>
      <trkpt lat="46.15042" lon="6.78079">
        <ele>1635</ele>
        <time>2026-07-02T20:55:48+00:00</time>
      </trkpt>
      <trkpt lat="46.15042" lon="6.78083">
        <ele>1641</ele>
        <time>2026-07-02T20:55:51+00:00</time>
      </trkpt>
      <trkpt lat="46.1504" lon="6.78088">
        <ele>1641</ele>
        <time>2026-07-02T20:55:54+00:00</time>
      </trkpt>
      <trkpt lat="46.15037" lon="6.78091">
        <ele>1644</ele>
        <time>2026-07-02T20:55:57+00:00</time>
      </trkpt>
      <trkpt lat="46.15036" lon="6.78094">
        <ele>1644</ele>
        <time>2026-07-02T20:56:00+00:00</time>
      </trkpt>
      <trkpt lat="46.15037" lon="6.78098">
        <ele>1644</ele>
        <time>2026-07-02T20:56:03+00:00</time>
      </trkpt>
      <trkpt lat="46.1504" lon="6.78101">
        <ele>1645</ele>
        <time>2026-07-02T20:56:06+00:00</time>
      </trkpt>
      <trkpt lat="46.1504" lon="6.78105">
        <ele>1645</ele>
        <time>2026-07-02T20:56:09+00:00</time>
      </trkpt>
      <trkpt lat="46.15041" lon="6.78107">
        <ele>1645</ele>
        <time>2026-07-02T20:56:12+00:00</time>
      </trkpt>
      <trkpt lat="46.15046" lon="6.78115">
        <ele>1646</ele>
        <time>2026-07-02T20:56:15+00:00</time>
      </trkpt>
      <trkpt lat="46.15049" lon="6.78114">
        <ele>1646</ele>
        <time>2026-07-02T20:56:18+00:00</time>
      </trkpt>
      <trkpt lat="46.15053" lon="6.78117">
        <ele>1648</ele>
        <time>2026-07-02T20:56:21+00:00</time>
      </trkpt>
      <trkpt lat="46.15059" lon="6.78116">
        <ele>1648</ele>
        <time>2026-07-02T20:56:24+00:00</time>
      </trkpt>
      <trkpt lat="46.15064" lon="6.78117">
        <ele>1651</ele>
        <time>2026-07-02T20:56:27+00:00</time>
      </trkpt>
      <trkpt lat="46.15086" lon="6.78126">
        <ele>1658</ele>
        <time>2026-07-02T20:56:30+00:00</time>
      </trkpt>
      <trkpt lat="46.15091" lon="6.78129">
        <ele>1660</ele>
        <time>2026-07-02T20:56:33+00:00</time>
      </trkpt>
      <trkpt lat="46.15098" lon="6.78141">
        <ele>1669</ele>
        <time>2026-07-02T20:56:36+00:00</time>
      </trkpt>
      <trkpt lat="46.15098" lon="6.7816">
        <ele>1675</ele>
        <time>2026-07-02T20:56:39+00:00</time>
      </trkpt>
      <trkpt lat="46.15089" lon="6.78188">
        <ele>1681</ele>
        <time>2026-07-02T20:56:42+00:00</time>
      </trkpt>
      <trkpt lat="46.15091" lon="6.78197">
        <ele>1684</ele>
        <time>2026-07-02T20:56:45+00:00</time>
      </trkpt>
      <trkpt lat="46.1509" lon="6.78199">
        <ele>1684</ele>
        <time>2026-07-02T20:56:48+00:00</time>
      </trkpt>
      <trkpt lat="46.15089" lon="6.78199">
        <ele>1684</ele>
        <time>2026-07-02T20:56:51+00:00</time>
      </trkpt>
      <trkpt lat="46.15087" lon="6.78203">
        <ele>1689</ele>
        <time>2026-07-02T20:56:54+00:00</time>
      </trkpt>
      <trkpt lat="46.15088" lon="6.78208">
        <ele>1689</ele>
        <time>2026-07-02T20:56:57+00:00</time>
      </trkpt>
      <trkpt lat="46.1509" lon="6.78217">
        <ele>1692</ele>
        <time>2026-07-02T20:57:00+00:00</time>
      </trkpt>
      <trkpt lat="46.15093" lon="6.78227">
        <ele>1694</ele>
        <time>2026-07-02T20:57:03+00:00</time>
      </trkpt>
      <trkpt lat="46.15094" lon="6.78239">
        <ele>1696</ele>
        <time>2026-07-02T20:57:06+00:00</time>
      </trkpt>
      <trkpt lat="46.15092" lon="6.78244">
        <ele>1697</ele>
        <time>2026-07-02T20:57:09+00:00</time>
      </trkpt>
      <trkpt lat="46.15092" lon="6.7825">
        <ele>1697</ele>
        <time>2026-07-02T20:57:12+00:00</time>
      </trkpt>
      <trkpt lat="46.15094" lon="6.78254">
        <ele>1699</ele>
        <time>2026-07-02T20:57:15+00:00</time>
      </trkpt>
      <trkpt lat="46.15092" lon="6.78262">
        <ele>1702</ele>
        <time>2026-07-02T20:57:18+00:00</time>
      </trkpt>
      <trkpt lat="46.15091" lon="6.78266">
        <ele>1702</ele>
        <time>2026-07-02T20:57:21+00:00</time>
      </trkpt>
      <trkpt lat="46.15089" lon="6.78271">
        <ele>1703</ele>
        <time>2026-07-02T20:57:24+00:00</time>
      </trkpt>
      <trkpt lat="46.15088" lon="6.78275">
        <ele>1703</ele>
        <time>2026-07-02T20:57:27+00:00</time>
      </trkpt>
      <trkpt lat="46.15089" lon="6.78279">
        <ele>1703</ele>
        <time>2026-07-02T20:57:30+00:00</time>
      </trkpt>
      <trkpt lat="46.15093" lon="6.78282">
        <ele>1705</ele>
        <time>2026-07-02T20:57:33+00:00</time>
      </trkpt>
      <trkpt lat="46.15093" lon="6.78286">
        <ele>1705</ele>
        <time>2026-07-02T20:57:36+00:00</time>
      </trkpt>
      <trkpt lat="46.15094" lon="6.78291">
        <ele>1707</ele>
        <time>2026-07-02T20:57:39+00:00</time>
      </trkpt>
      <trkpt lat="46.15096" lon="6.78296">
        <ele>1707</ele>
        <time>2026-07-02T20:57:42+00:00</time>
      </trkpt>
      <trkpt lat="46.15099" lon="6.78303">
        <ele>1710</ele>
        <time>2026-07-02T20:57:45+00:00</time>
      </trkpt>
      <trkpt lat="46.15099" lon="6.78306">
        <ele>1710</ele>
        <time>2026-07-02T20:57:48+00:00</time>
      </trkpt>
      <trkpt lat="46.15096" lon="6.78312">
        <ele>1712</ele>
        <time>2026-07-02T20:57:51+00:00</time>
      </trkpt>
      <trkpt lat="46.15096" lon="6.78315">
        <ele>1712</ele>
        <time>2026-07-02T20:57:54+00:00</time>
      </trkpt>
      <trkpt lat="46.15096" lon="6.7833">
        <ele>1716</ele>
        <time>2026-07-02T20:57:57+00:00</time>
      </trkpt>
      <trkpt lat="46.15097" lon="6.78333">
        <ele>1717</ele>
        <time>2026-07-02T20:58:00+00:00</time>
      </trkpt>
      <trkpt lat="46.15098" lon="6.78336">
        <ele>1717</ele>
        <time>2026-07-02T20:58:03+00:00</time>
      </trkpt>
      <trkpt lat="46.15097" lon="6.78364">
        <ele>1721</ele>
        <time>2026-07-02T20:58:06+00:00</time>
      </trkpt>
      <trkpt lat="46.151" lon="6.78369">
        <ele>1721</ele>
        <time>2026-07-02T20:58:09+00:00</time>
      </trkpt>
      <trkpt lat="46.151" lon="6.78371">
        <ele>1728</ele>
        <time>2026-07-02T20:58:12+00:00</time>
      </trkpt>
      <trkpt lat="46.15098" lon="6.78378">
        <ele>1723</ele>
        <time>2026-07-02T20:58:15+00:00</time>
      </trkpt>
      <trkpt lat="46.15098" lon="6.78389">
        <ele>1725</ele>
        <time>2026-07-02T20:58:18+00:00</time>
      </trkpt>
      <trkpt lat="46.15102" lon="6.78396">
        <ele>1734</ele>
        <time>2026-07-02T20:58:21+00:00</time>
      </trkpt>
      <trkpt lat="46.15103" lon="6.78402">
        <ele>1736</ele>
        <time>2026-07-02T20:58:24+00:00</time>
      </trkpt>
      <trkpt lat="46.15105" lon="6.78406">
        <ele>1736</ele>
        <time>2026-07-02T20:58:27+00:00</time>
      </trkpt>
      <trkpt lat="46.15108" lon="6.78409">
        <ele>1736</ele>
        <time>2026-07-02T20:58:30+00:00</time>
      </trkpt>
      <trkpt lat="46.15113" lon="6.78424">
        <ele>1741</ele>
        <time>2026-07-02T20:58:33+00:00</time>
      </trkpt>
      <trkpt lat="46.15111" lon="6.78434">
        <ele>1742</ele>
        <time>2026-07-02T20:58:36+00:00</time>
      </trkpt>
      <trkpt lat="46.15116" lon="6.78448">
        <ele>1743</ele>
        <time>2026-07-02T20:58:39+00:00</time>
      </trkpt>
      <trkpt lat="46.15115" lon="6.78453">
        <ele>1747</ele>
        <time>2026-07-02T20:58:42+00:00</time>
      </trkpt>
      <trkpt lat="46.15115" lon="6.78464">
        <ele>1748</ele>
        <time>2026-07-02T20:58:45+00:00</time>
      </trkpt>
      <trkpt lat="46.1511" lon="6.7848">
        <ele>1750</ele>
        <time>2026-07-02T20:58:48+00:00</time>
      </trkpt>
      <trkpt lat="46.15109" lon="6.78486">
        <ele>1750</ele>
        <time>2026-07-02T20:58:51+00:00</time>
      </trkpt>
      <trkpt lat="46.15107" lon="6.78489">
        <ele>1750</ele>
        <time>2026-07-02T20:58:54+00:00</time>
      </trkpt>
      <trkpt lat="46.15104" lon="6.78495">
        <ele>1751</ele>
        <time>2026-07-02T20:58:57+00:00</time>
      </trkpt>
      <trkpt lat="46.15105" lon="6.78499">
        <ele>1751</ele>
        <time>2026-07-02T20:59:00+00:00</time>
      </trkpt>
      <trkpt lat="46.15104" lon="6.78504">
        <ele>1753</ele>
        <time>2026-07-02T20:59:03+00:00</time>
      </trkpt>
      <trkpt lat="46.15103" lon="6.78515">
        <ele>1756</ele>
        <time>2026-07-02T20:59:06+00:00</time>
      </trkpt>
      <trkpt lat="46.15103" lon="6.78519">
        <ele>1756</ele>
        <time>2026-07-02T20:59:09+00:00</time>
      </trkpt>
      <trkpt lat="46.15102" lon="6.78527">
        <ele>1757</ele>
        <time>2026-07-02T20:59:12+00:00</time>
      </trkpt>
      <trkpt lat="46.15102" lon="6.78534">
        <ele>1759</ele>
        <time>2026-07-02T20:59:15+00:00</time>
      </trkpt>
      <trkpt lat="46.15101" lon="6.78538">
        <ele>1759</ele>
        <time>2026-07-02T20:59:18+00:00</time>
      </trkpt>
      <trkpt lat="46.15097" lon="6.78547">
        <ele>1756</ele>
        <time>2026-07-02T20:59:21+00:00</time>
      </trkpt>
      <trkpt lat="46.15091" lon="6.78561">
        <ele>1759</ele>
        <time>2026-07-02T20:59:24+00:00</time>
      </trkpt>
      <trkpt lat="46.15091" lon="6.78568">
        <ele>1759</ele>
        <time>2026-07-02T20:59:27+00:00</time>
      </trkpt>
      <trkpt lat="46.15091" lon="6.78575">
        <ele>1762</ele>
        <time>2026-07-02T20:59:30+00:00</time>
      </trkpt>
      <trkpt lat="46.15092" lon="6.78583">
        <ele>1763</ele>
        <time>2026-07-02T20:59:33+00:00</time>
      </trkpt>
      <trkpt lat="46.15093" lon="6.78597">
        <ele>1764</ele>
        <time>2026-07-02T20:59:36+00:00</time>
      </trkpt>
      <trkpt lat="46.15094" lon="6.78604">
        <ele>1765</ele>
        <time>2026-07-02T20:59:39+00:00</time>
      </trkpt>
      <trkpt lat="46.15098" lon="6.78614">
        <ele>1766</ele>
        <time>2026-07-02T20:59:42+00:00</time>
      </trkpt>
      <trkpt lat="46.15098" lon="6.7862">
        <ele>1767</ele>
        <time>2026-07-02T20:59:45+00:00</time>
      </trkpt>
      <trkpt lat="46.15101" lon="6.78629">
        <ele>1770</ele>
        <time>2026-07-02T20:59:48+00:00</time>
      </trkpt>
      <trkpt lat="46.15102" lon="6.78636">
        <ele>1772</ele>
        <time>2026-07-02T20:59:51+00:00</time>
      </trkpt>
      <trkpt lat="46.15101" lon="6.78643">
        <ele>1773</ele>
        <time>2026-07-02T20:59:54+00:00</time>
      </trkpt>
      <trkpt lat="46.15096" lon="6.78653">
        <ele>1770</ele>
        <time>2026-07-02T20:59:57+00:00</time>
      </trkpt>
      <trkpt lat="46.15096" lon="6.78657">
        <ele>1770</ele>
        <time>2026-07-02T21:00:00+00:00</time>
      </trkpt>
      <trkpt lat="46.15095" lon="6.78658">
        <ele>1770</ele>
        <time>2026-07-02T21:00:03+00:00</time>
      </trkpt>
      <trkpt lat="46.15093" lon="6.78665">
        <ele>1772</ele>
        <time>2026-07-02T21:00:06+00:00</time>
      </trkpt>
      <trkpt lat="46.15092" lon="6.78668">
        <ele>1772</ele>
        <time>2026-07-02T21:00:09+00:00</time>
      </trkpt>
      <trkpt lat="46.15092" lon="6.78671">
        <ele>1773</ele>
        <time>2026-07-02T21:00:12+00:00</time>
      </trkpt>
      <trkpt lat="46.15093" lon="6.78674">
        <ele>1773</ele>
        <time>2026-07-02T21:00:15+00:00</time>
      </trkpt>
      <trkpt lat="46.15094" lon="6.78675">
        <ele>1773</ele>
        <time>2026-07-02T21:00:18+00:00</time>
      </trkpt>
      <trkpt lat="46.15095" lon="6.7868">
        <ele>1773</ele>
        <time>2026-07-02T21:00:21+00:00</time>
      </trkpt>
      <trkpt lat="46.15094" lon="6.78686">
        <ele>1775</ele>
        <time>2026-07-02T21:00:24+00:00</time>
      </trkpt>
      <trkpt lat="46.15096" lon="6.78696">
        <ele>1778</ele>
        <time>2026-07-02T21:00:27+00:00</time>
      </trkpt>
      <trkpt lat="46.15096" lon="6.78698">
        <ele>1778</ele>
        <time>2026-07-02T21:00:30+00:00</time>
      </trkpt>
      <trkpt lat="46.15094" lon="6.78702">
        <ele>1779</ele>
        <time>2026-07-02T21:00:33+00:00</time>
      </trkpt>
      <trkpt lat="46.15094" lon="6.78705">
        <ele>1779</ele>
        <time>2026-07-02T21:00:36+00:00</time>
      </trkpt>
      <trkpt lat="46.15094" lon="6.78711">
        <ele>1782</ele>
        <time>2026-07-02T21:00:39+00:00</time>
      </trkpt>
      <trkpt lat="46.15093" lon="6.78718">
        <ele>1782</ele>
        <time>2026-07-02T21:00:42+00:00</time>
      </trkpt>
      <trkpt lat="46.15091" lon="6.78723">
        <ele>1784</ele>
        <time>2026-07-02T21:00:45+00:00</time>
      </trkpt>
      <trkpt lat="46.15086" lon="6.78726">
        <ele>1782</ele>
        <time>2026-07-02T21:00:48+00:00</time>
      </trkpt>
      <trkpt lat="46.15085" lon="6.78729">
        <ele>1782</ele>
        <time>2026-07-02T21:00:51+00:00</time>
      </trkpt>
      <trkpt lat="46.15084" lon="6.78734">
        <ele>1784</ele>
        <time>2026-07-02T21:00:54+00:00</time>
      </trkpt>
      <trkpt lat="46.15081" lon="6.78747">
        <ele>1786</ele>
        <time>2026-07-02T21:00:57+00:00</time>
      </trkpt>
      <trkpt lat="46.15081" lon="6.78753">
        <ele>1790</ele>
        <time>2026-07-02T21:01:00+00:00</time>
      </trkpt>
      <trkpt lat="46.15078" lon="6.78765">
        <ele>1791</ele>
        <time>2026-07-02T21:01:03+00:00</time>
      </trkpt>
      <trkpt lat="46.15079" lon="6.7877">
        <ele>1794</ele>
        <time>2026-07-02T21:01:06+00:00</time>
      </trkpt>
      <trkpt lat="46.15078" lon="6.78772">
        <ele>1794</ele>
        <time>2026-07-02T21:01:09+00:00</time>
      </trkpt>
      <trkpt lat="46.15074" lon="6.78772">
        <ele>1794</ele>
        <time>2026-07-02T21:01:12+00:00</time>
      </trkpt>
      <trkpt lat="46.1507" lon="6.78773">
        <ele>1794</ele>
        <time>2026-07-02T21:01:15+00:00</time>
      </trkpt>
      <trkpt lat="46.15066" lon="6.78778">
        <ele>1793</ele>
        <time>2026-07-02T21:01:18+00:00</time>
      </trkpt>
      <trkpt lat="46.15066" lon="6.7878">
        <ele>1793</ele>
        <time>2026-07-02T21:01:21+00:00</time>
      </trkpt>
      <trkpt lat="46.15071" lon="6.78783">
        <ele>1798</ele>
        <time>2026-07-02T21:01:24+00:00</time>
      </trkpt>
      <trkpt lat="46.15072" lon="6.78784">
        <ele>1798</ele>
        <time>2026-07-02T21:01:27+00:00</time>
      </trkpt>
      <trkpt lat="46.15071" lon="6.78786">
        <ele>1798</ele>
        <time>2026-07-02T21:01:30+00:00</time>
      </trkpt>
      <trkpt lat="46.15071" lon="6.78789">
        <ele>1798</ele>
        <time>2026-07-02T21:01:33+00:00</time>
      </trkpt>
      <trkpt lat="46.15073" lon="6.78794">
        <ele>1800</ele>
        <time>2026-07-02T21:01:36+00:00</time>
      </trkpt>
      <trkpt lat="46.15074" lon="6.78796">
        <ele>1800</ele>
        <time>2026-07-02T21:01:39+00:00</time>
      </trkpt>
      <trkpt lat="46.15074" lon="6.788">
        <ele>1800</ele>
        <time>2026-07-02T21:01:42+00:00</time>
      </trkpt>
      <trkpt lat="46.15079" lon="6.78809">
        <ele>1802</ele>
        <time>2026-07-02T21:01:45+00:00</time>
      </trkpt>
      <trkpt lat="46.1508" lon="6.78814">
        <ele>1807</ele>
        <time>2026-07-02T21:01:48+00:00</time>
      </trkpt>
      <trkpt lat="46.1508" lon="6.78826">
        <ele>1807</ele>
        <time>2026-07-02T21:01:51+00:00</time>
      </trkpt>
      <trkpt lat="46.15081" lon="6.78827">
        <ele>1808</ele>
        <time>2026-07-02T21:01:54+00:00</time>
      </trkpt>
      <trkpt lat="46.15082" lon="6.78829">
        <ele>1808</ele>
        <time>2026-07-02T21:01:57+00:00</time>
      </trkpt>
      <trkpt lat="46.15085" lon="6.78833">
        <ele>1810</ele>
        <time>2026-07-02T21:02:00+00:00</time>
      </trkpt>
      <trkpt lat="46.15086" lon="6.78838">
        <ele>1810</ele>
        <time>2026-07-02T21:02:03+00:00</time>
      </trkpt>
      <trkpt lat="46.15087" lon="6.78842">
        <ele>1812</ele>
        <time>2026-07-02T21:02:06+00:00</time>
      </trkpt>
      <trkpt lat="46.15086" lon="6.78858">
        <ele>1814</ele>
        <time>2026-07-02T21:02:09+00:00</time>
      </trkpt>
      <trkpt lat="46.15086" lon="6.78865">
        <ele>1816</ele>
        <time>2026-07-02T21:02:12+00:00</time>
      </trkpt>
      <trkpt lat="46.15085" lon="6.7887">
        <ele>1816</ele>
        <time>2026-07-02T21:02:15+00:00</time>
      </trkpt>
      <trkpt lat="46.15086" lon="6.78877">
        <ele>1820</ele>
        <time>2026-07-02T21:02:18+00:00</time>
      </trkpt>
      <trkpt lat="46.15086" lon="6.78907">
        <ele>1827</ele>
        <time>2026-07-02T21:02:21+00:00</time>
      </trkpt>
      <trkpt lat="46.15087" lon="6.78915">
        <ele>1829</ele>
        <time>2026-07-02T21:02:24+00:00</time>
      </trkpt>
      <trkpt lat="46.15086" lon="6.78923">
        <ele>1832</ele>
        <time>2026-07-02T21:02:27+00:00</time>
      </trkpt>
      <trkpt lat="46.15083" lon="6.78929">
        <ele>1832</ele>
        <time>2026-07-02T21:02:30+00:00</time>
      </trkpt>
      <trkpt lat="46.15079" lon="6.78932">
        <ele>1838</ele>
        <time>2026-07-02T21:02:33+00:00</time>
      </trkpt>
      <trkpt lat="46.1507" lon="6.78929">
        <ele>1833</ele>
        <time>2026-07-02T21:02:36+00:00</time>
      </trkpt>
      <trkpt lat="46.15066" lon="6.78932">
        <ele>1838</ele>
        <time>2026-07-02T21:02:39+00:00</time>
      </trkpt>
      <trkpt lat="46.15064" lon="6.78938">
        <ele>1838</ele>
        <time>2026-07-02T21:02:42+00:00</time>
      </trkpt>
      <trkpt lat="46.15064" lon="6.78945">
        <ele>1840</ele>
        <time>2026-07-02T21:02:45+00:00</time>
      </trkpt>
      <trkpt lat="46.15066" lon="6.78951">
        <ele>1844</ele>
        <time>2026-07-02T21:02:48+00:00</time>
      </trkpt>
      <trkpt lat="46.15067" lon="6.78957">
        <ele>1844</ele>
        <time>2026-07-02T21:02:51+00:00</time>
      </trkpt>
      <trkpt lat="46.15067" lon="6.78961">
        <ele>1847</ele>
        <time>2026-07-02T21:02:54+00:00</time>
      </trkpt>
      <trkpt lat="46.15071" lon="6.78963">
        <ele>1849</ele>
        <time>2026-07-02T21:02:57+00:00</time>
      </trkpt>
      <trkpt lat="46.1507" lon="6.78969">
        <ele>1849</ele>
        <time>2026-07-02T21:03:00+00:00</time>
      </trkpt>
      <trkpt lat="46.15072" lon="6.78975">
        <ele>1852</ele>
        <time>2026-07-02T21:03:03+00:00</time>
      </trkpt>
      <trkpt lat="46.15074" lon="6.78979">
        <ele>1852</ele>
        <time>2026-07-02T21:03:06+00:00</time>
      </trkpt>
      <trkpt lat="46.15076" lon="6.78981">
        <ele>1854</ele>
        <time>2026-07-02T21:03:09+00:00</time>
      </trkpt>
      <trkpt lat="46.15078" lon="6.78986">
        <ele>1854</ele>
        <time>2026-07-02T21:03:12+00:00</time>
      </trkpt>
      <trkpt lat="46.15076" lon="6.79">
        <ele>1857</ele>
        <time>2026-07-02T21:03:15+00:00</time>
      </trkpt>
      <trkpt lat="46.15074" lon="6.79002">
        <ele>1860</ele>
        <time>2026-07-02T21:03:18+00:00</time>
      </trkpt>
      <trkpt lat="46.15074" lon="6.79005">
        <ele>1860</ele>
        <time>2026-07-02T21:03:21+00:00</time>
      </trkpt>
      <trkpt lat="46.15078" lon="6.7901">
        <ele>1860</ele>
        <time>2026-07-02T21:03:24+00:00</time>
      </trkpt>
      <trkpt lat="46.15077" lon="6.79013">
        <ele>1862</ele>
        <time>2026-07-02T21:03:27+00:00</time>
      </trkpt>
      <trkpt lat="46.15077" lon="6.79015">
        <ele>1862</ele>
        <time>2026-07-02T21:03:30+00:00</time>
      </trkpt>
      <trkpt lat="46.15079" lon="6.79016">
        <ele>1862</ele>
        <time>2026-07-02T21:03:33+00:00</time>
      </trkpt>
      <trkpt lat="46.15079" lon="6.79019">
        <ele>1862</ele>
        <time>2026-07-02T21:03:36+00:00</time>
      </trkpt>
      <trkpt lat="46.15081" lon="6.79021">
        <ele>1867</ele>
        <time>2026-07-02T21:03:39+00:00</time>
      </trkpt>
      <trkpt lat="46.15083" lon="6.79026">
        <ele>1867</ele>
        <time>2026-07-02T21:03:42+00:00</time>
      </trkpt>
      <trkpt lat="46.15084" lon="6.79031">
        <ele>1870</ele>
        <time>2026-07-02T21:03:45+00:00</time>
      </trkpt>
      <trkpt lat="46.15085" lon="6.79037">
        <ele>1870</ele>
        <time>2026-07-02T21:03:48+00:00</time>
      </trkpt>
      <trkpt lat="46.15085" lon="6.79041">
        <ele>1872</ele>
        <time>2026-07-02T21:03:51+00:00</time>
      </trkpt>
      <trkpt lat="46.15085" lon="6.79046">
        <ele>1872</ele>
        <time>2026-07-02T21:03:54+00:00</time>
      </trkpt>
      <trkpt lat="46.1508" lon="6.79051">
        <ele>1876</ele>
        <time>2026-07-02T21:03:57+00:00</time>
      </trkpt>
      <trkpt lat="46.1508" lon="6.79058">
        <ele>1876</ele>
        <time>2026-07-02T21:04:00+00:00</time>
      </trkpt>
      <trkpt lat="46.15082" lon="6.79064">
        <ele>1878</ele>
        <time>2026-07-02T21:04:03+00:00</time>
      </trkpt>
      <trkpt lat="46.15081" lon="6.79069">
        <ele>1878</ele>
        <time>2026-07-02T21:04:06+00:00</time>
      </trkpt>
      <trkpt lat="46.15081" lon="6.79072">
        <ele>1879</ele>
        <time>2026-07-02T21:04:09+00:00</time>
      </trkpt>
      <trkpt lat="46.15078" lon="6.79078">
        <ele>1878</ele>
        <time>2026-07-02T21:04:12+00:00</time>
      </trkpt>
      <trkpt lat="46.15072" lon="6.79086">
        <ele>1880</ele>
        <time>2026-07-02T21:04:15+00:00</time>
      </trkpt>
      <trkpt lat="46.1506" lon="6.79107">
        <ele>1884</ele>
        <time>2026-07-02T21:04:18+00:00</time>
      </trkpt>
      <trkpt lat="46.15058" lon="6.79112">
        <ele>1889</ele>
        <time>2026-07-02T21:04:21+00:00</time>
      </trkpt>
      <trkpt lat="46.15054" lon="6.79118">
        <ele>1889</ele>
        <time>2026-07-02T21:04:24+00:00</time>
      </trkpt>
      <trkpt lat="46.15049" lon="6.79123">
        <ele>1890</ele>
        <time>2026-07-02T21:04:27+00:00</time>
      </trkpt>
      <trkpt lat="46.15048" lon="6.79129">
        <ele>1890</ele>
        <time>2026-07-02T21:04:30+00:00</time>
      </trkpt>
      <trkpt lat="46.15045" lon="6.79132">
        <ele>1892</ele>
        <time>2026-07-02T21:04:33+00:00</time>
      </trkpt>
      <trkpt lat="46.15042" lon="6.79148">
        <ele>1894</ele>
        <time>2026-07-02T21:04:36+00:00</time>
      </trkpt>
      <trkpt lat="46.15041" lon="6.79155">
        <ele>1896</ele>
        <time>2026-07-02T21:04:39+00:00</time>
      </trkpt>
      <trkpt lat="46.15043" lon="6.79157">
        <ele>1896</ele>
        <time>2026-07-02T21:04:42+00:00</time>
      </trkpt>
      <trkpt lat="46.15042" lon="6.79161">
        <ele>1898</ele>
        <time>2026-07-02T21:04:45+00:00</time>
      </trkpt>
      <trkpt lat="46.15036" lon="6.79174">
        <ele>1896</ele>
        <time>2026-07-02T21:04:48+00:00</time>
      </trkpt>
      <trkpt lat="46.15035" lon="6.79178">
        <ele>1896</ele>
        <time>2026-07-02T21:04:51+00:00</time>
      </trkpt>
      <trkpt lat="46.15038" lon="6.7919">
        <ele>1897</ele>
        <time>2026-07-02T21:04:54+00:00</time>
      </trkpt>
      <trkpt lat="46.15038" lon="6.79195">
        <ele>1899</ele>
        <time>2026-07-02T21:04:57+00:00</time>
      </trkpt>
      <trkpt lat="46.15039" lon="6.79203">
        <ele>1902</ele>
        <time>2026-07-02T21:05:00+00:00</time>
      </trkpt>
      <trkpt lat="46.15039" lon="6.79215">
        <ele>1904</ele>
        <time>2026-07-02T21:05:03+00:00</time>
      </trkpt>
      <trkpt lat="46.15038" lon="6.79222">
        <ele>1906</ele>
        <time>2026-07-02T21:05:06+00:00</time>
      </trkpt>
      <trkpt lat="46.15035" lon="6.79231">
        <ele>1910</ele>
        <time>2026-07-02T21:05:09+00:00</time>
      </trkpt>
      <trkpt lat="46.15033" lon="6.79235">
        <ele>1910</ele>
        <time>2026-07-02T21:05:12+00:00</time>
      </trkpt>
      <trkpt lat="46.15028" lon="6.79241">
        <ele>1910</ele>
        <time>2026-07-02T21:05:15+00:00</time>
      </trkpt>
      <trkpt lat="46.15025" lon="6.79247">
        <ele>1910</ele>
        <time>2026-07-02T21:05:18+00:00</time>
      </trkpt>
      <trkpt lat="46.15024" lon="6.79251">
        <ele>1912</ele>
        <time>2026-07-02T21:05:21+00:00</time>
      </trkpt>
      <trkpt lat="46.15023" lon="6.79271">
        <ele>1915</ele>
        <time>2026-07-02T21:05:24+00:00</time>
      </trkpt>
      <trkpt lat="46.15022" lon="6.79277">
        <ele>1915</ele>
        <time>2026-07-02T21:05:27+00:00</time>
      </trkpt>
      <trkpt lat="46.15032" lon="6.79272">
        <ele>1916</ele>
        <time>2026-07-02T21:05:30+00:00</time>
      </trkpt>
      <trkpt lat="46.15034" lon="6.7927">
        <ele>1916</ele>
        <time>2026-07-02T21:05:33+00:00</time>
      </trkpt>
      <trkpt lat="46.15038" lon="6.79264">
        <ele>1915</ele>
        <time>2026-07-02T21:05:36+00:00</time>
      </trkpt>
      <trkpt lat="46.15042" lon="6.79259">
        <ele>1918</ele>
        <time>2026-07-02T21:05:39+00:00</time>
      </trkpt>
      <trkpt lat="46.15046" lon="6.79256">
        <ele>1918</ele>
        <time>2026-07-02T21:05:42+00:00</time>
      </trkpt>
      <trkpt lat="46.15055" lon="6.79248">
        <ele>1919</ele>
        <time>2026-07-02T21:05:45+00:00</time>
      </trkpt>
      <trkpt lat="46.15056" lon="6.79248">
        <ele>1919</ele>
        <time>2026-07-02T21:05:48+00:00</time>
      </trkpt>
      <trkpt lat="46.1506" lon="6.79248">
        <ele>1919</ele>
        <time>2026-07-02T21:05:51+00:00</time>
      </trkpt>
      <trkpt lat="46.15063" lon="6.79246">
        <ele>1921</ele>
        <time>2026-07-02T21:05:54+00:00</time>
      </trkpt>
      <trkpt lat="46.15066" lon="6.79242">
        <ele>1921</ele>
        <time>2026-07-02T21:05:57+00:00</time>
      </trkpt>
      <trkpt lat="46.15072" lon="6.79241">
        <ele>1923</ele>
        <time>2026-07-02T21:06:00+00:00</time>
      </trkpt>
      <trkpt lat="46.15078" lon="6.79238">
        <ele>1922</ele>
        <time>2026-07-02T21:06:03+00:00</time>
      </trkpt>
      <trkpt lat="46.15085" lon="6.79234">
        <ele>1925</ele>
        <time>2026-07-02T21:06:06+00:00</time>
      </trkpt>
      <trkpt lat="46.15094" lon="6.7923">
        <ele>1928</ele>
        <time>2026-07-02T21:06:09+00:00</time>
      </trkpt>
      <trkpt lat="46.15098" lon="6.79225">
        <ele>1928</ele>
        <time>2026-07-02T21:06:12+00:00</time>
      </trkpt>
      <trkpt lat="46.15102" lon="6.7922">
        <ele>1935</ele>
        <time>2026-07-02T21:06:15+00:00</time>
      </trkpt>
      <trkpt lat="46.15104" lon="6.79218">
        <ele>1935</ele>
        <time>2026-07-02T21:06:18+00:00</time>
      </trkpt>
      <trkpt lat="46.15108" lon="6.79217">
        <ele>1935</ele>
        <time>2026-07-02T21:06:21+00:00</time>
      </trkpt>
      <trkpt lat="46.15111" lon="6.79215">
        <ele>1939</ele>
        <time>2026-07-02T21:06:24+00:00</time>
      </trkpt>
      <trkpt lat="46.15117" lon="6.79207">
        <ele>1939</ele>
        <time>2026-07-02T21:06:27+00:00</time>
      </trkpt>
      <trkpt lat="46.1512" lon="6.79203">
        <ele>1939</ele>
        <time>2026-07-02T21:06:30+00:00</time>
      </trkpt>
      <trkpt lat="46.15124" lon="6.79199">
        <ele>1943</ele>
        <time>2026-07-02T21:06:33+00:00</time>
      </trkpt>
      <trkpt lat="46.15128" lon="6.79199">
        <ele>1943</ele>
        <time>2026-07-02T21:06:36+00:00</time>
      </trkpt>
      <trkpt lat="46.15132" lon="6.79197">
        <ele>1948</ele>
        <time>2026-07-02T21:06:39+00:00</time>
      </trkpt>
      <trkpt lat="46.15135" lon="6.79193">
        <ele>1948</ele>
        <time>2026-07-02T21:06:42+00:00</time>
      </trkpt>
      <trkpt lat="46.1514" lon="6.79192">
        <ele>1952</ele>
        <time>2026-07-02T21:06:45+00:00</time>
      </trkpt>
      <trkpt lat="46.15145" lon="6.79191">
        <ele>1952</ele>
        <time>2026-07-02T21:06:48+00:00</time>
      </trkpt>
      <trkpt lat="46.15148" lon="6.7919">
        <ele>1950</ele>
        <time>2026-07-02T21:06:51+00:00</time>
      </trkpt>
      <trkpt lat="46.15149" lon="6.7919">
        <ele>1952</ele>
        <time>2026-07-02T21:06:54+00:00</time>
      </trkpt>
      <trkpt lat="46.15153" lon="6.79188">
        <ele>1955</ele>
        <time>2026-07-02T21:06:57+00:00</time>
      </trkpt>
      <trkpt lat="46.15157" lon="6.79184">
        <ele>1955</ele>
        <time>2026-07-02T21:07:00+00:00</time>
      </trkpt>
      <trkpt lat="46.1516" lon="6.79181">
        <ele>1955</ele>
        <time>2026-07-02T21:07:03+00:00</time>
      </trkpt>
      <trkpt lat="46.15161" lon="6.79178">
        <ele>1962</ele>
        <time>2026-07-02T21:07:06+00:00</time>
      </trkpt>
      <trkpt lat="46.15166" lon="6.79173">
        <ele>1962</ele>
        <time>2026-07-02T21:07:09+00:00</time>
      </trkpt>
      <trkpt lat="46.15169" lon="6.79169">
        <ele>1956</ele>
        <time>2026-07-02T21:07:12+00:00</time>
      </trkpt>
      <trkpt lat="46.15173" lon="6.79168">
        <ele>1959</ele>
        <time>2026-07-02T21:07:15+00:00</time>
      </trkpt>
      <trkpt lat="46.15178" lon="6.7917">
        <ele>1959</ele>
        <time>2026-07-02T21:07:18+00:00</time>
      </trkpt>
      <trkpt lat="46.15184" lon="6.79173">
        <ele>1966</ele>
        <time>2026-07-02T21:07:21+00:00</time>
      </trkpt>
      <trkpt lat="46.15186" lon="6.79174">
        <ele>1966</ele>
        <time>2026-07-02T21:07:24+00:00</time>
      </trkpt>
      <trkpt lat="46.15187" lon="6.7917">
        <ele>1964</ele>
        <time>2026-07-02T21:07:27+00:00</time>
      </trkpt>
      <trkpt lat="46.15186" lon="6.79167">
        <ele>1964</ele>
        <time>2026-07-02T21:07:30+00:00</time>
      </trkpt>
      <trkpt lat="46.15185" lon="6.79165">
        <ele>1964</ele>
        <time>2026-07-02T21:07:33+00:00</time>
      </trkpt>
      <trkpt lat="46.15185" lon="6.79163">
        <ele>1964</ele>
        <time>2026-07-02T21:07:36+00:00</time>
      </trkpt>
      <trkpt lat="46.15187" lon="6.79164">
        <ele>1964</ele>
        <time>2026-07-02T21:07:39+00:00</time>
      </trkpt>
      <trkpt lat="46.15191" lon="6.79163">
        <ele>1971</ele>
        <time>2026-07-02T21:07:42+00:00</time>
      </trkpt>
      <trkpt lat="46.15194" lon="6.79162">
        <ele>1971</ele>
        <time>2026-07-02T21:07:45+00:00</time>
      </trkpt>
      <trkpt lat="46.15196" lon="6.79164">
        <ele>1971</ele>
        <time>2026-07-02T21:07:48+00:00</time>
      </trkpt>
      <trkpt lat="46.15197" lon="6.79163">
        <ele>1971</ele>
        <time>2026-07-02T21:07:51+00:00</time>
      </trkpt>
      <trkpt lat="46.15199" lon="6.79161">
        <ele>1971</ele>
        <time>2026-07-02T21:07:54+00:00</time>
      </trkpt>
      <trkpt lat="46.15201" lon="6.79161">
        <ele>1978</ele>
        <time>2026-07-02T21:07:57+00:00</time>
      </trkpt>
      <trkpt lat="46.15202" lon="6.79161">
        <ele>1978</ele>
        <time>2026-07-02T21:08:00+00:00</time>
      </trkpt>
      <trkpt lat="46.15203" lon="6.79162">
        <ele>1978</ele>
        <time>2026-07-02T21:08:03+00:00</time>
      </trkpt>
      <trkpt lat="46.15206" lon="6.79159">
        <ele>1975</ele>
        <time>2026-07-02T21:08:06+00:00</time>
      </trkpt>
      <trkpt lat="46.15208" lon="6.79155">
        <ele>1975</ele>
        <time>2026-07-02T21:08:09+00:00</time>
      </trkpt>
      <trkpt lat="46.15212" lon="6.79152">
        <ele>1982</ele>
        <time>2026-07-02T21:08:12+00:00</time>
      </trkpt>
      <trkpt lat="46.15217" lon="6.7915">
        <ele>1982</ele>
        <time>2026-07-02T21:08:15+00:00</time>
      </trkpt>
      <trkpt lat="46.1522" lon="6.79149">
        <ele>1990</ele>
        <time>2026-07-02T21:08:18+00:00</time>
      </trkpt>
      <trkpt lat="46.15225" lon="6.79143">
        <ele>1990</ele>
        <time>2026-07-02T21:08:21+00:00</time>
      </trkpt>
      <trkpt lat="46.15228" lon="6.79138">
        <ele>1987</ele>
        <time>2026-07-02T21:08:24+00:00</time>
      </trkpt>
      <trkpt lat="46.1523" lon="6.79136">
        <ele>1990</ele>
        <time>2026-07-02T21:08:27+00:00</time>
      </trkpt>
      <trkpt lat="46.15233" lon="6.79136">
        <ele>1990</ele>
        <time>2026-07-02T21:08:30+00:00</time>
      </trkpt>
      <trkpt lat="46.15236" lon="6.79134">
        <ele>1990</ele>
        <time>2026-07-02T21:08:33+00:00</time>
      </trkpt>
      <trkpt lat="46.1524" lon="6.79127">
        <ele>1990</ele>
        <time>2026-07-02T21:08:36+00:00</time>
      </trkpt>
      <trkpt lat="46.15243" lon="6.79122">
        <ele>1993</ele>
        <time>2026-07-02T21:08:39+00:00</time>
      </trkpt>
      <trkpt lat="46.15248" lon="6.79115">
        <ele>1994</ele>
        <time>2026-07-02T21:08:42+00:00</time>
      </trkpt>
      <trkpt lat="46.15249" lon="6.79114">
        <ele>1994</ele>
        <time>2026-07-02T21:08:45+00:00</time>
      </trkpt>
      <trkpt lat="46.15251" lon="6.79114">
        <ele>1997</ele>
        <time>2026-07-02T21:08:48+00:00</time>
      </trkpt>
      <trkpt lat="46.15255" lon="6.79107">
        <ele>1996</ele>
        <time>2026-07-02T21:08:51+00:00</time>
      </trkpt>
      <trkpt lat="46.1526" lon="6.79104">
        <ele>1996</ele>
        <time>2026-07-02T21:08:54+00:00</time>
      </trkpt>
      <trkpt lat="46.15264" lon="6.79098">
        <ele>1998</ele>
        <time>2026-07-02T21:08:57+00:00</time>
      </trkpt>
      <trkpt lat="46.15268" lon="6.79092">
        <ele>1998</ele>
        <time>2026-07-02T21:09:00+00:00</time>
      </trkpt>
      <trkpt lat="46.15271" lon="6.79089">
        <ele>2002</ele>
        <time>2026-07-02T21:09:03+00:00</time>
      </trkpt>
      <trkpt lat="46.15275" lon="6.79083">
        <ele>2002</ele>
        <time>2026-07-02T21:09:06+00:00</time>
      </trkpt>
      <trkpt lat="46.15279" lon="6.79079">
        <ele>2000</ele>
        <time>2026-07-02T21:09:09+00:00</time>
      </trkpt>
      <trkpt lat="46.15283" lon="6.79076">
        <ele>2010</ele>
        <time>2026-07-02T21:09:12+00:00</time>
      </trkpt>
      <trkpt lat="46.1529" lon="6.79074">
        <ele>2013</ele>
        <time>2026-07-02T21:09:15+00:00</time>
      </trkpt>
      <trkpt lat="46.15296" lon="6.79073">
        <ele>2013</ele>
        <time>2026-07-02T21:09:18+00:00</time>
      </trkpt>
      <trkpt lat="46.15301" lon="6.79071">
        <ele>2016</ele>
        <time>2026-07-02T21:09:21+00:00</time>
      </trkpt>
      <trkpt lat="46.15304" lon="6.79066">
        <ele>2016</ele>
        <time>2026-07-02T21:09:24+00:00</time>
      </trkpt>
      <trkpt lat="46.15308" lon="6.79061">
        <ele>2016</ele>
        <time>2026-07-02T21:09:27+00:00</time>
      </trkpt>
      <trkpt lat="46.15312" lon="6.7906">
        <ele>2020</ele>
        <time>2026-07-02T21:09:30+00:00</time>
      </trkpt>
      <trkpt lat="46.15315" lon="6.79061">
        <ele>2020</ele>
        <time>2026-07-02T21:09:33+00:00</time>
      </trkpt>
      <trkpt lat="46.1532" lon="6.79058">
        <ele>2024</ele>
        <time>2026-07-02T21:09:36+00:00</time>
      </trkpt>
      <trkpt lat="46.15324" lon="6.79057">
        <ele>2024</ele>
        <time>2026-07-02T21:09:39+00:00</time>
      </trkpt>
      <trkpt lat="46.15327" lon="6.79053">
        <ele>2024</ele>
        <time>2026-07-02T21:09:42+00:00</time>
      </trkpt>
      <trkpt lat="46.15333" lon="6.79049">
        <ele>2028</ele>
        <time>2026-07-02T21:09:45+00:00</time>
      </trkpt>
      <trkpt lat="46.15337" lon="6.79045">
        <ele>2028</ele>
        <time>2026-07-02T21:09:48+00:00</time>
      </trkpt>
      <trkpt lat="46.15339" lon="6.7904">
        <ele>2026</ele>
        <time>2026-07-02T21:09:51+00:00</time>
      </trkpt>
      <trkpt lat="46.15339" lon="6.79035">
        <ele>2026</ele>
        <time>2026-07-02T21:09:54+00:00</time>
      </trkpt>
      <trkpt lat="46.15341" lon="6.79028">
        <ele>2040</ele>
        <time>2026-07-02T21:09:57+00:00</time>
      </trkpt>
      <trkpt lat="46.15344" lon="6.79022">
        <ele>2040</ele>
        <time>2026-07-02T21:10:00+00:00</time>
      </trkpt>
      <trkpt lat="46.15348" lon="6.79015">
        <ele>2039</ele>
        <time>2026-07-02T21:10:03+00:00</time>
      </trkpt>
      <trkpt lat="46.15352" lon="6.79011">
        <ele>2047</ele>
        <time>2026-07-02T21:10:06+00:00</time>
      </trkpt>
      <trkpt lat="46.15353" lon="6.79005">
        <ele>2045</ele>
        <time>2026-07-02T21:10:09+00:00</time>
      </trkpt>
      <trkpt lat="46.15353" lon="6.78999">
        <ele>2044</ele>
        <time>2026-07-02T21:10:12+00:00</time>
      </trkpt>
      <trkpt lat="46.15355" lon="6.78996">
        <ele>2044</ele>
        <time>2026-07-02T21:10:15+00:00</time>
      </trkpt>
      <trkpt lat="46.15356" lon="6.78993">
        <ele>2044</ele>
        <time>2026-07-02T21:10:18+00:00</time>
      </trkpt>
      <trkpt lat="46.15357" lon="6.78988">
        <ele>2044</ele>
        <time>2026-07-02T21:10:21+00:00</time>
      </trkpt>
      <trkpt lat="46.15357" lon="6.78982">
        <ele>2044</ele>
        <time>2026-07-02T21:10:24+00:00</time>
      </trkpt>
      <trkpt lat="46.15357" lon="6.78979">
        <ele>2045</ele>
        <time>2026-07-02T21:10:27+00:00</time>
      </trkpt>
      <trkpt lat="46.15358" lon="6.78976">
        <ele>2045</ele>
        <time>2026-07-02T21:10:30+00:00</time>
      </trkpt>
      <trkpt lat="46.15361" lon="6.78974">
        <ele>2053</ele>
        <time>2026-07-02T21:10:33+00:00</time>
      </trkpt>
      <trkpt lat="46.15362" lon="6.78972">
        <ele>2053</ele>
        <time>2026-07-02T21:10:36+00:00</time>
      </trkpt>
      <trkpt lat="46.15363" lon="6.78967">
        <ele>2052</ele>
        <time>2026-07-02T21:10:39+00:00</time>
      </trkpt>
      <trkpt lat="46.15363" lon="6.78959">
        <ele>2051</ele>
        <time>2026-07-02T21:10:42+00:00</time>
      </trkpt>
      <trkpt lat="46.15364" lon="6.78954">
        <ele>2051</ele>
        <time>2026-07-02T21:10:45+00:00</time>
      </trkpt>
      <trkpt lat="46.15367" lon="6.78951">
        <ele>2051</ele>
        <time>2026-07-02T21:10:48+00:00</time>
      </trkpt>
      <trkpt lat="46.1537" lon="6.78948">
        <ele>2055</ele>
        <time>2026-07-02T21:10:51+00:00</time>
      </trkpt>
      <trkpt lat="46.15372" lon="6.78942">
        <ele>2055</ele>
        <time>2026-07-02T21:10:54+00:00</time>
      </trkpt>
      <trkpt lat="46.15373" lon="6.78937">
        <ele>2051</ele>
        <time>2026-07-02T21:10:57+00:00</time>
      </trkpt>
      <trkpt lat="46.15374" lon="6.78931">
        <ele>2053</ele>
        <time>2026-07-02T21:11:00+00:00</time>
      </trkpt>
      <trkpt lat="46.15373" lon="6.78923">
        <ele>2054</ele>
        <time>2026-07-02T21:11:03+00:00</time>
      </trkpt>
      <trkpt lat="46.15372" lon="6.78918">
        <ele>2053</ele>
        <time>2026-07-02T21:11:06+00:00</time>
      </trkpt>
      <trkpt lat="46.15371" lon="6.78913">
        <ele>2053</ele>
        <time>2026-07-02T21:11:09+00:00</time>
      </trkpt>
      <trkpt lat="46.1537" lon="6.78909">
        <ele>2051</ele>
        <time>2026-07-02T21:11:12+00:00</time>
      </trkpt>
      <trkpt lat="46.15372" lon="6.78908">
        <ele>2051</ele>
        <time>2026-07-02T21:11:15+00:00</time>
      </trkpt>
      <trkpt lat="46.15375" lon="6.78907">
        <ele>2051</ele>
        <time>2026-07-02T21:11:18+00:00</time>
      </trkpt>
      <trkpt lat="46.15376" lon="6.78906">
        <ele>2051</ele>
        <time>2026-07-02T21:11:21+00:00</time>
      </trkpt>
      <trkpt lat="46.15376" lon="6.78903">
        <ele>2051</ele>
        <time>2026-07-02T21:11:24+00:00</time>
      </trkpt>
      <trkpt lat="46.15375" lon="6.78901">
        <ele>2051</ele>
        <time>2026-07-02T21:11:27+00:00</time>
      </trkpt>
      <trkpt lat="46.15376" lon="6.78899">
        <ele>2047</ele>
        <time>2026-07-02T21:11:30+00:00</time>
      </trkpt>
      <trkpt lat="46.15381" lon="6.78897">
        <ele>2054</ele>
        <time>2026-07-02T21:11:33+00:00</time>
      </trkpt>
      <trkpt lat="46.15388" lon="6.78897">
        <ele>2054</ele>
        <time>2026-07-02T21:11:36+00:00</time>
      </trkpt>
      <trkpt lat="46.15395" lon="6.78896">
        <ele>2060</ele>
        <time>2026-07-02T21:11:39+00:00</time>
      </trkpt>
      <trkpt lat="46.15401" lon="6.78896">
        <ele>2072</ele>
        <time>2026-07-02T21:11:42+00:00</time>
      </trkpt>
      <trkpt lat="46.15406" lon="6.78896">
        <ele>2072</ele>
        <time>2026-07-02T21:11:45+00:00</time>
      </trkpt>
      <trkpt lat="46.15408" lon="6.78895">
        <ele>2072</ele>
        <time>2026-07-02T21:11:48+00:00</time>
      </trkpt>
      <trkpt lat="46.15409" lon="6.78893">
        <ele>2072</ele>
        <time>2026-07-02T21:11:51+00:00</time>
      </trkpt>
      <trkpt lat="46.15413" lon="6.78887">
        <ele>2074</ele>
        <time>2026-07-02T21:11:54+00:00</time>
      </trkpt>
      <trkpt lat="46.15414" lon="6.78883">
        <ele>2074</ele>
        <time>2026-07-02T21:11:57+00:00</time>
      </trkpt>
      <trkpt lat="46.15414" lon="6.78877">
        <ele>2072</ele>
        <time>2026-07-02T21:12:00+00:00</time>
      </trkpt>
      <trkpt lat="46.15414" lon="6.78873">
        <ele>2072</ele>
        <time>2026-07-02T21:12:03+00:00</time>
      </trkpt>
      <trkpt lat="46.15416" lon="6.78871">
        <ele>2072</ele>
        <time>2026-07-02T21:12:06+00:00</time>
      </trkpt>
      <trkpt lat="46.15417" lon="6.78868">
        <ele>2070</ele>
        <time>2026-07-02T21:12:09+00:00</time>
      </trkpt>
      <trkpt lat="46.15417" lon="6.78863">
        <ele>2070</ele>
        <time>2026-07-02T21:12:12+00:00</time>
      </trkpt>
      <trkpt lat="46.15418" lon="6.78858">
        <ele>2068</ele>
        <time>2026-07-02T21:12:15+00:00</time>
      </trkpt>
      <trkpt lat="46.1542" lon="6.78861">
        <ele>2071</ele>
        <time>2026-07-02T21:12:18+00:00</time>
      </trkpt>
      <trkpt lat="46.15421" lon="6.78863">
        <ele>2071</ele>
        <time>2026-07-02T21:12:21+00:00</time>
      </trkpt>
      <trkpt lat="46.15421" lon="6.78866">
        <ele>2071</ele>
        <time>2026-07-02T21:12:24+00:00</time>
      </trkpt>
      <trkpt lat="46.15421" lon="6.78867">
        <ele>2071</ele>
        <time>2026-07-02T21:12:27+00:00</time>
      </trkpt>
      <trkpt lat="46.15423" lon="6.78871">
        <ele>2075</ele>
        <time>2026-07-02T21:12:30+00:00</time>
      </trkpt>
      <trkpt lat="46.15425" lon="6.78877">
        <ele>2075</ele>
        <time>2026-07-02T21:12:33+00:00</time>
      </trkpt>
      <trkpt lat="46.15427" lon="6.78884">
        <ele>2077</ele>
        <time>2026-07-02T21:12:36+00:00</time>
      </trkpt>
      <trkpt lat="46.1543" lon="6.78891">
        <ele>2079</ele>
        <time>2026-07-02T21:12:39+00:00</time>
      </trkpt>
      <trkpt lat="46.15431" lon="6.78898">
        <ele>2080</ele>
        <time>2026-07-02T21:12:42+00:00</time>
      </trkpt>
      <trkpt lat="46.15432" lon="6.78903">
        <ele>2083</ele>
        <time>2026-07-02T21:12:45+00:00</time>
      </trkpt>
      <trkpt lat="46.15432" lon="6.78904">
        <ele>2083</ele>
        <time>2026-07-02T21:12:48+00:00</time>
      </trkpt>
      <trkpt lat="46.15432" lon="6.78907">
        <ele>2083</ele>
        <time>2026-07-02T21:12:51+00:00</time>
      </trkpt>
      <trkpt lat="46.15433" lon="6.78908">
        <ele>2083</ele>
        <time>2026-07-02T21:12:54+00:00</time>
      </trkpt>
      <trkpt lat="46.15436" lon="6.78915">
        <ele>2086</ele>
        <time>2026-07-02T21:12:57+00:00</time>
      </trkpt>
      <trkpt lat="46.15441" lon="6.78926">
        <ele>2089</ele>
        <time>2026-07-02T21:13:00+00:00</time>
      </trkpt>
      <trkpt lat="46.15447" lon="6.78939">
        <ele>2096</ele>
        <time>2026-07-02T21:13:03+00:00</time>
      </trkpt>
      <trkpt lat="46.15451" lon="6.78947">
        <ele>2098</ele>
        <time>2026-07-02T21:13:06+00:00</time>
      </trkpt>
      <trkpt lat="46.15454" lon="6.78952">
        <ele>2101</ele>
        <time>2026-07-02T21:13:09+00:00</time>
      </trkpt>
      <trkpt lat="46.15455" lon="6.78957">
        <ele>2101</ele>
        <time>2026-07-02T21:13:12+00:00</time>
      </trkpt>
      <trkpt lat="46.15457" lon="6.7896">
        <ele>2101</ele>
        <time>2026-07-02T21:13:15+00:00</time>
      </trkpt>
      <trkpt lat="46.15463" lon="6.78967">
        <ele>2100</ele>
        <time>2026-07-02T21:13:18+00:00</time>
      </trkpt>
      <trkpt lat="46.15469" lon="6.78973">
        <ele>2104</ele>
        <time>2026-07-02T21:13:21+00:00</time>
      </trkpt>
      <trkpt lat="46.15474" lon="6.7898">
        <ele>2105</ele>
        <time>2026-07-02T21:13:24+00:00</time>
      </trkpt>
      <trkpt lat="46.15478" lon="6.78985">
        <ele>2105</ele>
        <time>2026-07-02T21:13:27+00:00</time>
      </trkpt>
      <trkpt lat="46.15486" lon="6.78993">
        <ele>2104</ele>
        <time>2026-07-02T21:13:30+00:00</time>
      </trkpt>
      <trkpt lat="46.15492" lon="6.78998">
        <ele>2105</ele>
        <time>2026-07-02T21:13:33+00:00</time>
      </trkpt>
      <trkpt lat="46.15502" lon="6.79003">
        <ele>2105</ele>
        <time>2026-07-02T21:13:36+00:00</time>
      </trkpt>
      <trkpt lat="46.15504" lon="6.79004">
        <ele>2103</ele>
        <time>2026-07-02T21:13:39+00:00</time>
      </trkpt>
      <trkpt lat="46.1551" lon="6.79006">
        <ele>2101</ele>
        <time>2026-07-02T21:13:42+00:00</time>
      </trkpt>
      <trkpt lat="46.15517" lon="6.79011">
        <ele>2105</ele>
        <time>2026-07-02T21:13:45+00:00</time>
      </trkpt>
      <trkpt lat="46.15522" lon="6.79013">
        <ele>2103</ele>
        <time>2026-07-02T21:13:48+00:00</time>
      </trkpt>
      <trkpt lat="46.15532" lon="6.79015">
        <ele>2102</ele>
        <time>2026-07-02T21:13:51+00:00</time>
      </trkpt>
      <trkpt lat="46.15541" lon="6.79015">
        <ele>2103</ele>
        <time>2026-07-02T21:13:54+00:00</time>
      </trkpt>
      <trkpt lat="46.15544" lon="6.79016">
        <ele>2103</ele>
        <time>2026-07-02T21:13:57+00:00</time>
      </trkpt>
      <trkpt lat="46.15548" lon="6.79015">
        <ele>2103</ele>
        <time>2026-07-02T21:14:00+00:00</time>
      </trkpt>
      <trkpt lat="46.15551" lon="6.79017">
        <ele>2103</ele>
        <time>2026-07-02T21:14:03+00:00</time>
      </trkpt>
      <trkpt lat="46.15556" lon="6.79014">
        <ele>2103</ele>
        <time>2026-07-02T21:14:06+00:00</time>
      </trkpt>
      <trkpt lat="46.15563" lon="6.79012">
        <ele>2103</ele>
        <time>2026-07-02T21:14:09+00:00</time>
      </trkpt>
      <trkpt lat="46.15572" lon="6.7901">
        <ele>2101</ele>
        <time>2026-07-02T21:14:12+00:00</time>
      </trkpt>
      <trkpt lat="46.15578" lon="6.79007">
        <ele>2101</ele>
        <time>2026-07-02T21:14:15+00:00</time>
      </trkpt>
      <trkpt lat="46.15582" lon="6.79008">
        <ele>2106</ele>
        <time>2026-07-02T21:14:18+00:00</time>
      </trkpt>
      <trkpt lat="46.15584" lon="6.79007">
        <ele>2106</ele>
        <time>2026-07-02T21:14:21+00:00</time>
      </trkpt>
      <trkpt lat="46.15589" lon="6.79005">
        <ele>2106</ele>
        <time>2026-07-02T21:14:24+00:00</time>
      </trkpt>
      <trkpt lat="46.15593" lon="6.79005">
        <ele>2108</ele>
        <time>2026-07-02T21:14:27+00:00</time>
      </trkpt>
      <trkpt lat="46.15595" lon="6.79008">
        <ele>2108</ele>
        <time>2026-07-02T21:14:30+00:00</time>
      </trkpt>
      <trkpt lat="46.15597" lon="6.79015">
        <ele>2113</ele>
        <time>2026-07-02T21:14:33+00:00</time>
      </trkpt>
      <trkpt lat="46.15599" lon="6.79017">
        <ele>2113</ele>
        <time>2026-07-02T21:14:36+00:00</time>
      </trkpt>
      <trkpt lat="46.15603" lon="6.79017">
        <ele>2114</ele>
        <time>2026-07-02T21:14:39+00:00</time>
      </trkpt>
      <trkpt lat="46.15606" lon="6.79017">
        <ele>2114</ele>
        <time>2026-07-02T21:14:42+00:00</time>
      </trkpt>
      <trkpt lat="46.15609" lon="6.79019">
        <ele>2114</ele>
        <time>2026-07-02T21:14:45+00:00</time>
      </trkpt>
      <trkpt lat="46.15612" lon="6.79022">
        <ele>2118</ele>
        <time>2026-07-02T21:14:48+00:00</time>
      </trkpt>
      <trkpt lat="46.15616" lon="6.79026">
        <ele>2118</ele>
        <time>2026-07-02T21:14:51+00:00</time>
      </trkpt>
      <trkpt lat="46.15623" lon="6.7903">
        <ele>2116</ele>
        <time>2026-07-02T21:14:54+00:00</time>
      </trkpt>
      <trkpt lat="46.1563" lon="6.79032">
        <ele>2120</ele>
        <time>2026-07-02T21:14:57+00:00</time>
      </trkpt>
      <trkpt lat="46.15636" lon="6.79034">
        <ele>2118</ele>
        <time>2026-07-02T21:15:00+00:00</time>
      </trkpt>
      <trkpt lat="46.15638" lon="6.79035">
        <ele>2118</ele>
        <time>2026-07-02T21:15:03+00:00</time>
      </trkpt>
      <trkpt lat="46.15645" lon="6.79035">
        <ele>2114</ele>
        <time>2026-07-02T21:15:06+00:00</time>
      </trkpt>
      <trkpt lat="46.15651" lon="6.79034">
        <ele>2114</ele>
        <time>2026-07-02T21:15:09+00:00</time>
      </trkpt>
      <trkpt lat="46.15657" lon="6.79031">
        <ele>2114</ele>
        <time>2026-07-02T21:15:12+00:00</time>
      </trkpt>
      <trkpt lat="46.15664" lon="6.79028">
        <ele>2108</ele>
        <time>2026-07-02T21:15:15+00:00</time>
      </trkpt>
      <trkpt lat="46.15671" lon="6.79027">
        <ele>2108</ele>
        <time>2026-07-02T21:15:18+00:00</time>
      </trkpt>
      <trkpt lat="46.15674" lon="6.79028">
        <ele>2108</ele>
        <time>2026-07-02T21:15:21+00:00</time>
      </trkpt>
      <trkpt lat="46.15677" lon="6.79034">
        <ele>2119</ele>
        <time>2026-07-02T21:15:24+00:00</time>
      </trkpt>
      <trkpt lat="46.15681" lon="6.79044">
        <ele>2115</ele>
        <time>2026-07-02T21:15:27+00:00</time>
      </trkpt>
      <trkpt lat="46.15686" lon="6.79052">
        <ele>2124</ele>
        <time>2026-07-02T21:15:30+00:00</time>
      </trkpt>
      <trkpt lat="46.15689" lon="6.79055">
        <ele>2117</ele>
        <time>2026-07-02T21:15:33+00:00</time>
      </trkpt>
      <trkpt lat="46.15693" lon="6.79056">
        <ele>2120</ele>
        <time>2026-07-02T21:15:36+00:00</time>
      </trkpt>
      <trkpt lat="46.15696" lon="6.79055">
        <ele>2120</ele>
        <time>2026-07-02T21:15:39+00:00</time>
      </trkpt>
      <trkpt lat="46.15699" lon="6.79056">
        <ele>2120</ele>
        <time>2026-07-02T21:15:42+00:00</time>
      </trkpt>
      <trkpt lat="46.15703" lon="6.79059">
        <ele>2112</ele>
        <time>2026-07-02T21:15:45+00:00</time>
      </trkpt>
      <trkpt lat="46.15706" lon="6.79063">
        <ele>2116</ele>
        <time>2026-07-02T21:15:48+00:00</time>
      </trkpt>
      <trkpt lat="46.15713" lon="6.79063">
        <ele>2112</ele>
        <time>2026-07-02T21:15:51+00:00</time>
      </trkpt>
      <trkpt lat="46.15722" lon="6.79065">
        <ele>2109</ele>
        <time>2026-07-02T21:15:54+00:00</time>
      </trkpt>
      <trkpt lat="46.15729" lon="6.79067">
        <ele>2114</ele>
        <time>2026-07-02T21:15:57+00:00</time>
      </trkpt>
      <trkpt lat="46.15732" lon="6.7907">
        <ele>2111</ele>
        <time>2026-07-02T21:16:00+00:00</time>
      </trkpt>
      <trkpt lat="46.15739" lon="6.79075">
        <ele>2111</ele>
        <time>2026-07-02T21:16:03+00:00</time>
      </trkpt>
      <trkpt lat="46.15743" lon="6.7908">
        <ele>2108</ele>
        <time>2026-07-02T21:16:06+00:00</time>
      </trkpt>
      <trkpt lat="46.15748" lon="6.79085">
        <ele>2113</ele>
        <time>2026-07-02T21:16:09+00:00</time>
      </trkpt>
      <trkpt lat="46.15752" lon="6.7909">
        <ele>2110</ele>
        <time>2026-07-02T21:16:12+00:00</time>
      </trkpt>
      <trkpt lat="46.15756" lon="6.79096">
        <ele>2115</ele>
        <time>2026-07-02T21:16:15+00:00</time>
      </trkpt>
      <trkpt lat="46.15761" lon="6.79099">
        <ele>2106</ele>
        <time>2026-07-02T21:16:18+00:00</time>
      </trkpt>
      <trkpt lat="46.15767" lon="6.79102">
        <ele>2111</ele>
        <time>2026-07-02T21:16:21+00:00</time>
      </trkpt>
      <trkpt lat="46.15777" lon="6.79105">
        <ele>2107</ele>
        <time>2026-07-02T21:16:24+00:00</time>
      </trkpt>
      <trkpt lat="46.15782" lon="6.79108">
        <ele>2104</ele>
        <time>2026-07-02T21:16:27+00:00</time>
      </trkpt>
      <trkpt lat="46.15787" lon="6.79108">
        <ele>2113</ele>
        <time>2026-07-02T21:16:30+00:00</time>
      </trkpt>
      <trkpt lat="46.1579" lon="6.79111">
        <ele>2115</ele>
        <time>2026-07-02T21:16:33+00:00</time>
      </trkpt>
      <trkpt lat="46.15794" lon="6.79114">
        <ele>2112</ele>
        <time>2026-07-02T21:16:36+00:00</time>
      </trkpt>
      <trkpt lat="46.15796" lon="6.79115">
        <ele>2112</ele>
        <time>2026-07-02T21:16:39+00:00</time>
      </trkpt>
      <trkpt lat="46.15799" lon="6.79118">
        <ele>2112</ele>
        <time>2026-07-02T21:16:42+00:00</time>
      </trkpt>
      <trkpt lat="46.15805" lon="6.79124">
        <ele>2113</ele>
        <time>2026-07-02T21:16:45+00:00</time>
      </trkpt>
      <trkpt lat="46.15809" lon="6.79128">
        <ele>2115</ele>
        <time>2026-07-02T21:16:48+00:00</time>
      </trkpt>
      <trkpt lat="46.15811" lon="6.79131">
        <ele>2118</ele>
        <time>2026-07-02T21:16:51+00:00</time>
      </trkpt>
      <trkpt lat="46.15815" lon="6.79133">
        <ele>2118</ele>
        <time>2026-07-02T21:16:54+00:00</time>
      </trkpt>
      <trkpt lat="46.15819" lon="6.79136">
        <ele>2118</ele>
        <time>2026-07-02T21:16:57+00:00</time>
      </trkpt>
      <trkpt lat="46.15822" lon="6.79139">
        <ele>2113</ele>
        <time>2026-07-02T21:17:00+00:00</time>
      </trkpt>
      <trkpt lat="46.15829" lon="6.79144">
        <ele>2120</ele>
        <time>2026-07-02T21:17:03+00:00</time>
      </trkpt>
      <trkpt lat="46.15835" lon="6.79147">
        <ele>2118</ele>
        <time>2026-07-02T21:17:06+00:00</time>
      </trkpt>
      <trkpt lat="46.15845" lon="6.7915">
        <ele>2116</ele>
        <time>2026-07-02T21:17:09+00:00</time>
      </trkpt>
      <trkpt lat="46.15854" lon="6.79155">
        <ele>2118</ele>
        <time>2026-07-02T21:17:12+00:00</time>
      </trkpt>
      <trkpt lat="46.15861" lon="6.7916">
        <ele>2119</ele>
        <time>2026-07-02T21:17:15+00:00</time>
      </trkpt>
      <trkpt lat="46.15866" lon="6.79164">
        <ele>2119</ele>
        <time>2026-07-02T21:17:18+00:00</time>
      </trkpt>
      <trkpt lat="46.15871" lon="6.79169">
        <ele>2118</ele>
        <time>2026-07-02T21:17:21+00:00</time>
      </trkpt>
      <trkpt lat="46.15875" lon="6.79172">
        <ele>2118</ele>
        <time>2026-07-02T21:17:24+00:00</time>
      </trkpt>
      <trkpt lat="46.15878" lon="6.79175">
        <ele>2118</ele>
        <time>2026-07-02T21:17:27+00:00</time>
      </trkpt>
      <trkpt lat="46.1588" lon="6.79179">
        <ele>2121</ele>
        <time>2026-07-02T21:17:30+00:00</time>
      </trkpt>
      <trkpt lat="46.15881" lon="6.79182">
        <ele>2121</ele>
        <time>2026-07-02T21:17:33+00:00</time>
      </trkpt>
      <trkpt lat="46.15883" lon="6.79188">
        <ele>2121</ele>
        <time>2026-07-02T21:17:36+00:00</time>
      </trkpt>
      <trkpt lat="46.15886" lon="6.79196">
        <ele>2120</ele>
        <time>2026-07-02T21:17:39+00:00</time>
      </trkpt>
      <trkpt lat="46.15889" lon="6.792">
        <ele>2119</ele>
        <time>2026-07-02T21:17:42+00:00</time>
      </trkpt>
      <trkpt lat="46.15896" lon="6.79206">
        <ele>2129</ele>
        <time>2026-07-02T21:17:45+00:00</time>
      </trkpt>
      <trkpt lat="46.15902" lon="6.79211">
        <ele>2133</ele>
        <time>2026-07-02T21:17:48+00:00</time>
      </trkpt>
      <trkpt lat="46.15905" lon="6.79214">
        <ele>2133</ele>
        <time>2026-07-02T21:17:51+00:00</time>
      </trkpt>
      <trkpt lat="46.15911" lon="6.79216">
        <ele>2136</ele>
        <time>2026-07-02T21:17:54+00:00</time>
      </trkpt>
      <trkpt lat="46.15915" lon="6.79221">
        <ele>2137</ele>
        <time>2026-07-02T21:17:57+00:00</time>
      </trkpt>
      <trkpt lat="46.15917" lon="6.79223">
        <ele>2137</ele>
        <time>2026-07-02T21:18:00+00:00</time>
      </trkpt>
      <trkpt lat="46.15923" lon="6.79226">
        <ele>2139</ele>
        <time>2026-07-02T21:18:03+00:00</time>
      </trkpt>
      <trkpt lat="46.15931" lon="6.79231">
        <ele>2138</ele>
        <time>2026-07-02T21:18:06+00:00</time>
      </trkpt>
      <trkpt lat="46.15938" lon="6.79234">
        <ele>2138</ele>
        <time>2026-07-02T21:18:09+00:00</time>
      </trkpt>
      <trkpt lat="46.15946" lon="6.79238">
        <ele>2141</ele>
        <time>2026-07-02T21:18:12+00:00</time>
      </trkpt>
      <trkpt lat="46.15951" lon="6.79243">
        <ele>2149</ele>
        <time>2026-07-02T21:18:15+00:00</time>
      </trkpt>
      <trkpt lat="46.15954" lon="6.79249">
        <ele>2143</ele>
        <time>2026-07-02T21:18:18+00:00</time>
      </trkpt>
      <trkpt lat="46.15956" lon="6.79251">
        <ele>2147</ele>
        <time>2026-07-02T21:18:21+00:00</time>
      </trkpt>
      <trkpt lat="46.15958" lon="6.79251">
        <ele>2147</ele>
        <time>2026-07-02T21:18:24+00:00</time>
      </trkpt>
      <trkpt lat="46.15962" lon="6.79251">
        <ele>2153</ele>
        <time>2026-07-02T21:18:27+00:00</time>
      </trkpt>
      <trkpt lat="46.15964" lon="6.79251">
        <ele>2153</ele>
        <time>2026-07-02T21:18:30+00:00</time>
      </trkpt>
      <trkpt lat="46.15966" lon="6.79253">
        <ele>2153</ele>
        <time>2026-07-02T21:18:33+00:00</time>
      </trkpt>
      <trkpt lat="46.15967" lon="6.79257">
        <ele>2153</ele>
        <time>2026-07-02T21:18:36+00:00</time>
      </trkpt>
      <trkpt lat="46.15969" lon="6.79261">
        <ele>2148</ele>
        <time>2026-07-02T21:18:39+00:00</time>
      </trkpt>
      <trkpt lat="46.15974" lon="6.79265">
        <ele>2153</ele>
        <time>2026-07-02T21:18:42+00:00</time>
      </trkpt>
      <trkpt lat="46.1598" lon="6.79268">
        <ele>2153</ele>
        <time>2026-07-02T21:18:45+00:00</time>
      </trkpt>
      <trkpt lat="46.15985" lon="6.79267">
        <ele>2157</ele>
        <time>2026-07-02T21:18:48+00:00</time>
      </trkpt>
      <trkpt lat="46.15992" lon="6.79264">
        <ele>2160</ele>
        <time>2026-07-02T21:18:51+00:00</time>
      </trkpt>
      <trkpt lat="46.15996" lon="6.79261">
        <ele>2160</ele>
        <time>2026-07-02T21:18:54+00:00</time>
      </trkpt>
      <trkpt lat="46.15999" lon="6.79258">
        <ele>2162</ele>
        <time>2026-07-02T21:18:57+00:00</time>
      </trkpt>
      <trkpt lat="46.16006" lon="6.79256">
        <ele>2163</ele>
        <time>2026-07-02T21:19:00+00:00</time>
      </trkpt>
      <trkpt lat="46.16011" lon="6.79253">
        <ele>2167</ele>
        <time>2026-07-02T21:19:03+00:00</time>
      </trkpt>
      <trkpt lat="46.16015" lon="6.79252">
        <ele>2167</ele>
        <time>2026-07-02T21:19:06+00:00</time>
      </trkpt>
      <trkpt lat="46.16021" lon="6.79248">
        <ele>2168</ele>
        <time>2026-07-02T21:19:09+00:00</time>
      </trkpt>
      <trkpt lat="46.16032" lon="6.79243">
        <ele>2170</ele>
        <time>2026-07-02T21:19:12+00:00</time>
      </trkpt>
      <trkpt lat="46.16041" lon="6.79238">
        <ele>2172</ele>
        <time>2026-07-02T21:19:15+00:00</time>
      </trkpt>
      <trkpt lat="46.16056" lon="6.7923">
        <ele>2175</ele>
        <time>2026-07-02T21:19:18+00:00</time>
      </trkpt>
      <trkpt lat="46.1607" lon="6.79222">
        <ele>2181</ele>
        <time>2026-07-02T21:19:21+00:00</time>
      </trkpt>
      <trkpt lat="46.1608" lon="6.79217">
        <ele>2182</ele>
        <time>2026-07-02T21:19:24+00:00</time>
      </trkpt>
      <trkpt lat="46.16083" lon="6.79217">
        <ele>2182</ele>
        <time>2026-07-02T21:19:27+00:00</time>
      </trkpt>
      <trkpt lat="46.16093" lon="6.79209">
        <ele>2181</ele>
        <time>2026-07-02T21:19:30+00:00</time>
      </trkpt>
      <trkpt lat="46.16104" lon="6.79203">
        <ele>2182</ele>
        <time>2026-07-02T21:19:33+00:00</time>
      </trkpt>
      <trkpt lat="46.16111" lon="6.792">
        <ele>2184</ele>
        <time>2026-07-02T21:19:36+00:00</time>
      </trkpt>
      <trkpt lat="46.16111" lon="6.792">
        <ele>2184</ele>
        <time>2026-07-02T21:19:39+00:00</time>
      </trkpt>
      <trkpt lat="46.16116" lon="6.79197">
        <ele>2184</ele>
        <time>2026-07-02T21:19:42+00:00</time>
      </trkpt>
      <trkpt lat="46.16123" lon="6.79186">
        <ele>2183</ele>
        <time>2026-07-02T21:19:45+00:00</time>
      </trkpt>
      <trkpt lat="46.16128" lon="6.79182">
        <ele>2183</ele>
        <time>2026-07-02T21:19:48+00:00</time>
      </trkpt>
      <trkpt lat="46.16135" lon="6.79178">
        <ele>2189</ele>
        <time>2026-07-02T21:19:51+00:00</time>
      </trkpt>
      <trkpt lat="46.16141" lon="6.79176">
        <ele>2186</ele>
        <time>2026-07-02T21:19:54+00:00</time>
      </trkpt>
      <trkpt lat="46.16143" lon="6.79174">
        <ele>2194</ele>
        <time>2026-07-02T21:19:57+00:00</time>
      </trkpt>
      <trkpt lat="46.16146" lon="6.79168">
        <ele>2187</ele>
        <time>2026-07-02T21:20:00+00:00</time>
      </trkpt>
      <trkpt lat="46.16149" lon="6.79163">
        <ele>2187</ele>
        <time>2026-07-02T21:20:03+00:00</time>
      </trkpt>
      <trkpt lat="46.16153" lon="6.79157">
        <ele>2190</ele>
        <time>2026-07-02T21:20:06+00:00</time>
      </trkpt>
      <trkpt lat="46.16154" lon="6.79157">
        <ele>2190</ele>
        <time>2026-07-02T21:20:09+00:00</time>
      </trkpt>
      <trkpt lat="46.16159" lon="6.7915">
        <ele>2187</ele>
        <time>2026-07-02T21:20:12+00:00</time>
      </trkpt>
      <trkpt lat="46.16163" lon="6.79145">
        <ele>2193</ele>
        <time>2026-07-02T21:20:15+00:00</time>
      </trkpt>
      <trkpt lat="46.16167" lon="6.7914">
        <ele>2193</ele>
        <time>2026-07-02T21:20:18+00:00</time>
      </trkpt>
      <trkpt lat="46.1617" lon="6.79138">
        <ele>2190</ele>
        <time>2026-07-02T21:20:21+00:00</time>
      </trkpt>
      <trkpt lat="46.16173" lon="6.79136">
        <ele>2196</ele>
        <time>2026-07-02T21:20:24+00:00</time>
      </trkpt>
      <trkpt lat="46.16175" lon="6.79132">
        <ele>2196</ele>
        <time>2026-07-02T21:20:27+00:00</time>
      </trkpt>
      <trkpt lat="46.16177" lon="6.7913">
        <ele>2193</ele>
        <time>2026-07-02T21:20:30+00:00</time>
      </trkpt>
      <trkpt lat="46.1618" lon="6.79124">
        <ele>2193</ele>
        <time>2026-07-02T21:20:33+00:00</time>
      </trkpt>
      <trkpt lat="46.16184" lon="6.7912">
        <ele>2199</ele>
        <time>2026-07-02T21:20:36+00:00</time>
      </trkpt>
      <trkpt lat="46.16187" lon="6.79113">
        <ele>2196</ele>
        <time>2026-07-02T21:20:39+00:00</time>
      </trkpt>
      <trkpt lat="46.16189" lon="6.79105">
        <ele>2192</ele>
        <time>2026-07-02T21:20:42+00:00</time>
      </trkpt>
      <trkpt lat="46.16189" lon="6.79102">
        <ele>2192</ele>
        <time>2026-07-02T21:20:45+00:00</time>
      </trkpt>
      <trkpt lat="46.1619" lon="6.79096">
        <ele>2203</ele>
        <time>2026-07-02T21:20:48+00:00</time>
      </trkpt>
      <trkpt lat="46.16191" lon="6.79092">
        <ele>2203</ele>
        <time>2026-07-02T21:20:51+00:00</time>
      </trkpt>
      <trkpt lat="46.16194" lon="6.7909">
        <ele>2201</ele>
        <time>2026-07-02T21:20:54+00:00</time>
      </trkpt>
      <trkpt lat="46.16198" lon="6.79083">
        <ele>2201</ele>
        <time>2026-07-02T21:20:57+00:00</time>
      </trkpt>
      <trkpt lat="46.16202" lon="6.79078">
        <ele>2206</ele>
        <time>2026-07-02T21:21:00+00:00</time>
      </trkpt>
      <trkpt lat="46.16203" lon="6.79077">
        <ele>2206</ele>
        <time>2026-07-02T21:21:03+00:00</time>
      </trkpt>
      <trkpt lat="46.16203" lon="6.79076">
        <ele>2206</ele>
        <time>2026-07-02T21:21:06+00:00</time>
      </trkpt>
      <trkpt lat="46.16203" lon="6.79073">
        <ele>2206</ele>
        <time>2026-07-02T21:21:09+00:00</time>
      </trkpt>
      <trkpt lat="46.16204" lon="6.79066">
        <ele>2201</ele>
        <time>2026-07-02T21:21:12+00:00</time>
      </trkpt>
      <trkpt lat="46.16205" lon="6.79055">
        <ele>2202</ele>
        <time>2026-07-02T21:21:15+00:00</time>
      </trkpt>
      <trkpt lat="46.16208" lon="6.79042">
        <ele>2200</ele>
        <time>2026-07-02T21:21:18+00:00</time>
      </trkpt>
      <trkpt lat="46.16207" lon="6.79035">
        <ele>2202</ele>
        <time>2026-07-02T21:21:21+00:00</time>
      </trkpt>
      <trkpt lat="46.16206" lon="6.79024">
        <ele>2199</ele>
        <time>2026-07-02T21:21:24+00:00</time>
      </trkpt>
      <trkpt lat="46.16206" lon="6.79011">
        <ele>2198</ele>
        <time>2026-07-02T21:21:27+00:00</time>
      </trkpt>
      <trkpt lat="46.16218" lon="6.79024">
        <ele>2204</ele>
        <time>2026-07-02T21:21:30+00:00</time>
      </trkpt>
      <trkpt lat="46.16225" lon="6.79027">
        <ele>2208</ele>
        <time>2026-07-02T21:21:33+00:00</time>
      </trkpt>
      <trkpt lat="46.16238" lon="6.79032">
        <ele>2212</ele>
        <time>2026-07-02T21:21:36+00:00</time>
      </trkpt>
      <trkpt lat="46.16245" lon="6.79033">
        <ele>2215</ele>
        <time>2026-07-02T21:21:39+00:00</time>
      </trkpt>
      <trkpt lat="46.16269" lon="6.79036">
        <ele>2216</ele>
        <time>2026-07-02T21:21:42+00:00</time>
      </trkpt>
      <trkpt lat="46.1629" lon="6.79042">
        <ele>2217</ele>
        <time>2026-07-02T21:21:45+00:00</time>
      </trkpt>
      <trkpt lat="46.16299" lon="6.79045">
        <ele>2220</ele>
        <time>2026-07-02T21:21:48+00:00</time>
      </trkpt>
      <trkpt lat="46.16309" lon="6.79047">
        <ele>2217</ele>
        <time>2026-07-02T21:21:51+00:00</time>
      </trkpt>
      <trkpt lat="46.16316" lon="6.7905">
        <ele>2227</ele>
        <time>2026-07-02T21:21:54+00:00</time>
      </trkpt>
      <trkpt lat="46.16322" lon="6.79052">
        <ele>2226</ele>
        <time>2026-07-02T21:21:57+00:00</time>
      </trkpt>
      <trkpt lat="46.16327" lon="6.79049">
        <ele>2217</ele>
        <time>2026-07-02T21:22:00+00:00</time>
      </trkpt>
      <trkpt lat="46.16331" lon="6.79049">
        <ele>2216</ele>
        <time>2026-07-02T21:22:03+00:00</time>
      </trkpt>
      <trkpt lat="46.16349" lon="6.7906">
        <ele>2224</ele>
        <time>2026-07-02T21:22:06+00:00</time>
      </trkpt>
      <trkpt lat="46.16352" lon="6.79063">
        <ele>2228</ele>
        <time>2026-07-02T21:22:09+00:00</time>
      </trkpt>
      <trkpt lat="46.16357" lon="6.79074">
        <ele>2231</ele>
        <time>2026-07-02T21:22:12+00:00</time>
      </trkpt>
      <trkpt lat="46.1636" lon="6.79078">
        <ele>2231</ele>
        <time>2026-07-02T21:22:15+00:00</time>
      </trkpt>
      <trkpt lat="46.16366" lon="6.79078">
        <ele>2231</ele>
        <time>2026-07-02T21:22:18+00:00</time>
      </trkpt>
      <trkpt lat="46.16371" lon="6.79076">
        <ele>2232</ele>
        <time>2026-07-02T21:22:21+00:00</time>
      </trkpt>
      <trkpt lat="46.16376" lon="6.79076">
        <ele>2232</ele>
        <time>2026-07-02T21:22:24+00:00</time>
      </trkpt>
      <trkpt lat="46.164" lon="6.79088">
        <ele>2230</ele>
        <time>2026-07-02T21:22:27+00:00</time>
      </trkpt>
      <trkpt lat="46.16411" lon="6.79092">
        <ele>2231</ele>
        <time>2026-07-02T21:22:30+00:00</time>
      </trkpt>
      <trkpt lat="46.16421" lon="6.79093">
        <ele>2230</ele>
        <time>2026-07-02T21:22:33+00:00</time>
      </trkpt>
      <trkpt lat="46.16429" lon="6.79091">
        <ele>2230</ele>
        <time>2026-07-02T21:22:36+00:00</time>
      </trkpt>
      <trkpt lat="46.16437" lon="6.79092">
        <ele>2228</ele>
        <time>2026-07-02T21:22:39+00:00</time>
      </trkpt>
      <trkpt lat="46.16447" lon="6.79096">
        <ele>2226</ele>
        <time>2026-07-02T21:22:42+00:00</time>
      </trkpt>
      <trkpt lat="46.16455" lon="6.79101">
        <ele>2226</ele>
        <time>2026-07-02T21:22:45+00:00</time>
      </trkpt>
      <trkpt lat="46.16458" lon="6.7911">
        <ele>2228</ele>
        <time>2026-07-02T21:22:48+00:00</time>
      </trkpt>
      <trkpt lat="46.16461" lon="6.79125">
        <ele>2224</ele>
        <time>2026-07-02T21:22:51+00:00</time>
      </trkpt>
      <trkpt lat="46.16474" lon="6.79144">
        <ele>2220</ele>
        <time>2026-07-02T21:22:54+00:00</time>
      </trkpt>
      <trkpt lat="46.16482" lon="6.79175">
        <ele>2222</ele>
        <time>2026-07-02T21:22:57+00:00</time>
      </trkpt>
      <trkpt lat="46.16489" lon="6.79195">
        <ele>2219</ele>
        <time>2026-07-02T21:23:00+00:00</time>
      </trkpt>
      <trkpt lat="46.16489" lon="6.79219">
        <ele>2220</ele>
        <time>2026-07-02T21:23:03+00:00</time>
      </trkpt>
      <trkpt lat="46.16492" lon="6.79248">
        <ele>2216</ele>
        <time>2026-07-02T21:23:06+00:00</time>
      </trkpt>
      <trkpt lat="46.16494" lon="6.79259">
        <ele>2216</ele>
        <time>2026-07-02T21:23:09+00:00</time>
      </trkpt>
      <trkpt lat="46.16498" lon="6.79257">
        <ele>2216</ele>
        <time>2026-07-02T21:23:12+00:00</time>
      </trkpt>
      <trkpt lat="46.16502" lon="6.79257">
        <ele>2214</ele>
        <time>2026-07-02T21:23:15+00:00</time>
      </trkpt>
      <trkpt lat="46.16506" lon="6.79259">
        <ele>2214</ele>
        <time>2026-07-02T21:23:18+00:00</time>
      </trkpt>
      <trkpt lat="46.16512" lon="6.79262">
        <ele>2211</ele>
        <time>2026-07-02T21:23:21+00:00</time>
      </trkpt>
      <trkpt lat="46.16516" lon="6.79267">
        <ele>2211</ele>
        <time>2026-07-02T21:23:24+00:00</time>
      </trkpt>
      <trkpt lat="46.16523" lon="6.79275">
        <ele>2209</ele>
        <time>2026-07-02T21:23:27+00:00</time>
      </trkpt>
      <trkpt lat="46.16532" lon="6.79285">
        <ele>2206</ele>
        <time>2026-07-02T21:23:30+00:00</time>
      </trkpt>
      <trkpt lat="46.16539" lon="6.79293">
        <ele>2206</ele>
        <time>2026-07-02T21:23:33+00:00</time>
      </trkpt>
      <trkpt lat="46.16547" lon="6.79302">
        <ele>2203</ele>
        <time>2026-07-02T21:23:36+00:00</time>
      </trkpt>
      <trkpt lat="46.16556" lon="6.79313">
        <ele>2199</ele>
        <time>2026-07-02T21:23:39+00:00</time>
      </trkpt>
      <trkpt lat="46.16562" lon="6.79318">
        <ele>2196</ele>
        <time>2026-07-02T21:23:42+00:00</time>
      </trkpt>
      <trkpt lat="46.16569" lon="6.79322">
        <ele>2196</ele>
        <time>2026-07-02T21:23:45+00:00</time>
      </trkpt>
      <trkpt lat="46.16575" lon="6.79325">
        <ele>2194</ele>
        <time>2026-07-02T21:23:48+00:00</time>
      </trkpt>
      <trkpt lat="46.1658" lon="6.79325">
        <ele>2192</ele>
        <time>2026-07-02T21:23:51+00:00</time>
      </trkpt>
      <trkpt lat="46.16584" lon="6.79324">
        <ele>2192</ele>
        <time>2026-07-02T21:23:54+00:00</time>
      </trkpt>
      <trkpt lat="46.16589" lon="6.7932">
        <ele>2192</ele>
        <time>2026-07-02T21:23:57+00:00</time>
      </trkpt>
      <trkpt lat="46.16592" lon="6.79315">
        <ele>2189</ele>
        <time>2026-07-02T21:24:00+00:00</time>
      </trkpt>
      <trkpt lat="46.16596" lon="6.79308">
        <ele>2189</ele>
        <time>2026-07-02T21:24:03+00:00</time>
      </trkpt>
      <trkpt lat="46.16599" lon="6.79301">
        <ele>2189</ele>
        <time>2026-07-02T21:24:06+00:00</time>
      </trkpt>
      <trkpt lat="46.166" lon="6.79295">
        <ele>2186</ele>
        <time>2026-07-02T21:24:09+00:00</time>
      </trkpt>
      <trkpt lat="46.16602" lon="6.79287">
        <ele>2188</ele>
        <time>2026-07-02T21:24:12+00:00</time>
      </trkpt>
      <trkpt lat="46.16602" lon="6.79279">
        <ele>2185</ele>
        <time>2026-07-02T21:24:15+00:00</time>
      </trkpt>
      <trkpt lat="46.16602" lon="6.79273">
        <ele>2185</ele>
        <time>2026-07-02T21:24:18+00:00</time>
      </trkpt>
      <trkpt lat="46.16601" lon="6.79263">
        <ele>2184</ele>
        <time>2026-07-02T21:24:21+00:00</time>
      </trkpt>
      <trkpt lat="46.166" lon="6.79257">
        <ele>2187</ele>
        <time>2026-07-02T21:24:24+00:00</time>
      </trkpt>
      <trkpt lat="46.16599" lon="6.7925">
        <ele>2187</ele>
        <time>2026-07-02T21:24:27+00:00</time>
      </trkpt>
      <trkpt lat="46.16598" lon="6.79243">
        <ele>2186</ele>
        <time>2026-07-02T21:24:30+00:00</time>
      </trkpt>
      <trkpt lat="46.16598" lon="6.79236">
        <ele>2186</ele>
        <time>2026-07-02T21:24:33+00:00</time>
      </trkpt>
      <trkpt lat="46.16598" lon="6.7923">
        <ele>2186</ele>
        <time>2026-07-02T21:24:36+00:00</time>
      </trkpt>
      <trkpt lat="46.16599" lon="6.79224">
        <ele>2185</ele>
        <time>2026-07-02T21:24:39+00:00</time>
      </trkpt>
      <trkpt lat="46.16601" lon="6.79217">
        <ele>2182</ele>
        <time>2026-07-02T21:24:42+00:00</time>
      </trkpt>
      <trkpt lat="46.16603" lon="6.79211">
        <ele>2182</ele>
        <time>2026-07-02T21:24:45+00:00</time>
      </trkpt>
      <trkpt lat="46.16604" lon="6.79208">
        <ele>2182</ele>
        <time>2026-07-02T21:24:48+00:00</time>
      </trkpt>
      <trkpt lat="46.16605" lon="6.79206">
        <ele>2182</ele>
        <time>2026-07-02T21:24:51+00:00</time>
      </trkpt>
      <trkpt lat="46.16609" lon="6.79201">
        <ele>2182</ele>
        <time>2026-07-02T21:24:54+00:00</time>
      </trkpt>
      <trkpt lat="46.16612" lon="6.79197">
        <ele>2179</ele>
        <time>2026-07-02T21:24:57+00:00</time>
      </trkpt>
      <trkpt lat="46.16614" lon="6.79195">
        <ele>2179</ele>
        <time>2026-07-02T21:25:00+00:00</time>
      </trkpt>
      <trkpt lat="46.16618" lon="6.79193">
        <ele>2179</ele>
        <time>2026-07-02T21:25:03+00:00</time>
      </trkpt>
      <trkpt lat="46.16622" lon="6.79193">
        <ele>2179</ele>
        <time>2026-07-02T21:25:06+00:00</time>
      </trkpt>
      <trkpt lat="46.16626" lon="6.79196">
        <ele>2179</ele>
        <time>2026-07-02T21:25:09+00:00</time>
      </trkpt>
      <trkpt lat="46.16628" lon="6.792">
        <ele>2177</ele>
        <time>2026-07-02T21:25:12+00:00</time>
      </trkpt>
      <trkpt lat="46.16629" lon="6.79205">
        <ele>2177</ele>
        <time>2026-07-02T21:25:15+00:00</time>
      </trkpt>
      <trkpt lat="46.16629" lon="6.79206">
        <ele>2177</ele>
        <time>2026-07-02T21:25:18+00:00</time>
      </trkpt>
      <trkpt lat="46.16633" lon="6.79205">
        <ele>2175</ele>
        <time>2026-07-02T21:25:21+00:00</time>
      </trkpt>
      <trkpt lat="46.16636" lon="6.7921">
        <ele>2175</ele>
        <time>2026-07-02T21:25:24+00:00</time>
      </trkpt>
      <trkpt lat="46.16641" lon="6.79217">
        <ele>2171</ele>
        <time>2026-07-02T21:25:27+00:00</time>
      </trkpt>
      <trkpt lat="46.16644" lon="6.7922">
        <ele>2171</ele>
        <time>2026-07-02T21:25:30+00:00</time>
      </trkpt>
      <trkpt lat="46.16646" lon="6.7922">
        <ele>2171</ele>
        <time>2026-07-02T21:25:33+00:00</time>
      </trkpt>
      <trkpt lat="46.16648" lon="6.79218">
        <ele>2171</ele>
        <time>2026-07-02T21:25:36+00:00</time>
      </trkpt>
      <trkpt lat="46.1665" lon="6.79218">
        <ele>2166</ele>
        <time>2026-07-02T21:25:39+00:00</time>
      </trkpt>
      <trkpt lat="46.16652" lon="6.79219">
        <ele>2166</ele>
        <time>2026-07-02T21:25:42+00:00</time>
      </trkpt>
      <trkpt lat="46.16654" lon="6.79219">
        <ele>2166</ele>
        <time>2026-07-02T21:25:45+00:00</time>
      </trkpt>
      <trkpt lat="46.16658" lon="6.79216">
        <ele>2166</ele>
        <time>2026-07-02T21:25:48+00:00</time>
      </trkpt>
      <trkpt lat="46.1666" lon="6.79214">
        <ele>2161</ele>
        <time>2026-07-02T21:25:51+00:00</time>
      </trkpt>
      <trkpt lat="46.16663" lon="6.79212">
        <ele>2161</ele>
        <time>2026-07-02T21:25:54+00:00</time>
      </trkpt>
      <trkpt lat="46.16666" lon="6.79213">
        <ele>2161</ele>
        <time>2026-07-02T21:25:57+00:00</time>
      </trkpt>
      <trkpt lat="46.16668" lon="6.79214">
        <ele>2161</ele>
        <time>2026-07-02T21:26:00+00:00</time>
      </trkpt>
      <trkpt lat="46.16671" lon="6.79214">
        <ele>2152</ele>
        <time>2026-07-02T21:26:03+00:00</time>
      </trkpt>
      <trkpt lat="46.16673" lon="6.79214">
        <ele>2152</ele>
        <time>2026-07-02T21:26:06+00:00</time>
      </trkpt>
      <trkpt lat="46.16675" lon="6.79215">
        <ele>2152</ele>
        <time>2026-07-02T21:26:09+00:00</time>
      </trkpt>
      <trkpt lat="46.16678" lon="6.79216">
        <ele>2152</ele>
        <time>2026-07-02T21:26:12+00:00</time>
      </trkpt>
      <trkpt lat="46.16681" lon="6.79214">
        <ele>2150</ele>
        <time>2026-07-02T21:26:15+00:00</time>
      </trkpt>
      <trkpt lat="46.16684" lon="6.79211">
        <ele>2150</ele>
        <time>2026-07-02T21:26:18+00:00</time>
      </trkpt>
      <trkpt lat="46.16686" lon="6.79208">
        <ele>2150</ele>
        <time>2026-07-02T21:26:21+00:00</time>
      </trkpt>
      <trkpt lat="46.16688" lon="6.79207">
        <ele>2150</ele>
        <time>2026-07-02T21:26:24+00:00</time>
      </trkpt>
      <trkpt lat="46.16694" lon="6.79207">
        <ele>2150</ele>
        <time>2026-07-02T21:26:27+00:00</time>
      </trkpt>
      <trkpt lat="46.16698" lon="6.79208">
        <ele>2150</ele>
        <time>2026-07-02T21:26:30+00:00</time>
      </trkpt>
      <trkpt lat="46.16704" lon="6.79208">
        <ele>2150</ele>
        <time>2026-07-02T21:26:33+00:00</time>
      </trkpt>
      <trkpt lat="46.1671" lon="6.79208">
        <ele>2148</ele>
        <time>2026-07-02T21:26:36+00:00</time>
      </trkpt>
      <trkpt lat="46.16714" lon="6.79206">
        <ele>2148</ele>
        <time>2026-07-02T21:26:39+00:00</time>
      </trkpt>
      <trkpt lat="46.16718" lon="6.79204">
        <ele>2148</ele>
        <time>2026-07-02T21:26:42+00:00</time>
      </trkpt>
      <trkpt lat="46.16721" lon="6.79206">
        <ele>2146</ele>
        <time>2026-07-02T21:26:45+00:00</time>
      </trkpt>
      <trkpt lat="46.16725" lon="6.79207">
        <ele>2146</ele>
        <time>2026-07-02T21:26:48+00:00</time>
      </trkpt>
      <trkpt lat="46.16729" lon="6.79207">
        <ele>2146</ele>
        <time>2026-07-02T21:26:51+00:00</time>
      </trkpt>
      <trkpt lat="46.16737" lon="6.79206">
        <ele>2141</ele>
        <time>2026-07-02T21:26:54+00:00</time>
      </trkpt>
      <trkpt lat="46.16742" lon="6.79205">
        <ele>2139</ele>
        <time>2026-07-02T21:26:57+00:00</time>
      </trkpt>
      <trkpt lat="46.16746" lon="6.79206">
        <ele>2139</ele>
        <time>2026-07-02T21:27:00+00:00</time>
      </trkpt>
      <trkpt lat="46.16749" lon="6.79208">
        <ele>2139</ele>
        <time>2026-07-02T21:27:03+00:00</time>
      </trkpt>
      <trkpt lat="46.16753" lon="6.79209">
        <ele>2136</ele>
        <time>2026-07-02T21:27:06+00:00</time>
      </trkpt>
      <trkpt lat="46.16759" lon="6.79211">
        <ele>2136</ele>
        <time>2026-07-02T21:27:09+00:00</time>
      </trkpt>
      <trkpt lat="46.16766" lon="6.79215">
        <ele>2133</ele>
        <time>2026-07-02T21:27:12+00:00</time>
      </trkpt>
      <trkpt lat="46.16771" lon="6.79218">
        <ele>2129</ele>
        <time>2026-07-02T21:27:15+00:00</time>
      </trkpt>
      <trkpt lat="46.16772" lon="6.79221">
        <ele>2129</ele>
        <time>2026-07-02T21:27:18+00:00</time>
      </trkpt>
      <trkpt lat="46.16772" lon="6.79225">
        <ele>2129</ele>
        <time>2026-07-02T21:27:21+00:00</time>
      </trkpt>
      <trkpt lat="46.16773" lon="6.79228">
        <ele>2129</ele>
        <time>2026-07-02T21:27:24+00:00</time>
      </trkpt>
      <trkpt lat="46.16775" lon="6.79232">
        <ele>2127</ele>
        <time>2026-07-02T21:27:27+00:00</time>
      </trkpt>
      <trkpt lat="46.1678" lon="6.79235">
        <ele>2127</ele>
        <time>2026-07-02T21:27:30+00:00</time>
      </trkpt>
      <trkpt lat="46.16783" lon="6.79236">
        <ele>2125</ele>
        <time>2026-07-02T21:27:33+00:00</time>
      </trkpt>
      <trkpt lat="46.16787" lon="6.79235">
        <ele>2125</ele>
        <time>2026-07-02T21:27:36+00:00</time>
      </trkpt>
      <trkpt lat="46.16791" lon="6.79233">
        <ele>2119</ele>
        <time>2026-07-02T21:27:39+00:00</time>
      </trkpt>
      <trkpt lat="46.16795" lon="6.79231">
        <ele>2119</ele>
        <time>2026-07-02T21:27:42+00:00</time>
      </trkpt>
      <trkpt lat="46.16799" lon="6.7923">
        <ele>2119</ele>
        <time>2026-07-02T21:27:45+00:00</time>
      </trkpt>
      <trkpt lat="46.16803" lon="6.7923">
        <ele>2118</ele>
        <time>2026-07-02T21:27:48+00:00</time>
      </trkpt>
      <trkpt lat="46.16808" lon="6.79227">
        <ele>2118</ele>
        <time>2026-07-02T21:27:51+00:00</time>
      </trkpt>
      <trkpt lat="46.16811" lon="6.79227">
        <ele>2114</ele>
        <time>2026-07-02T21:27:54+00:00</time>
      </trkpt>
      <trkpt lat="46.16814" lon="6.79224">
        <ele>2114</ele>
        <time>2026-07-02T21:27:57+00:00</time>
      </trkpt>
      <trkpt lat="46.16819" lon="6.79226">
        <ele>2114</ele>
        <time>2026-07-02T21:28:00+00:00</time>
      </trkpt>
      <trkpt lat="46.16822" lon="6.79225">
        <ele>2111</ele>
        <time>2026-07-02T21:28:03+00:00</time>
      </trkpt>
      <trkpt lat="46.16824" lon="6.79227">
        <ele>2111</ele>
        <time>2026-07-02T21:28:06+00:00</time>
      </trkpt>
      <trkpt lat="46.16829" lon="6.79226">
        <ele>2111</ele>
        <time>2026-07-02T21:28:09+00:00</time>
      </trkpt>
      <trkpt lat="46.16836" lon="6.79218">
        <ele>2107</ele>
        <time>2026-07-02T21:28:12+00:00</time>
      </trkpt>
      <trkpt lat="46.16839" lon="6.79215">
        <ele>2107</ele>
        <time>2026-07-02T21:28:15+00:00</time>
      </trkpt>
      <trkpt lat="46.16845" lon="6.79205">
        <ele>2104</ele>
        <time>2026-07-02T21:28:18+00:00</time>
      </trkpt>
      <trkpt lat="46.1685" lon="6.79199">
        <ele>2098</ele>
        <time>2026-07-02T21:28:21+00:00</time>
      </trkpt>
      <trkpt lat="46.16857" lon="6.79196">
        <ele>2098</ele>
        <time>2026-07-02T21:28:24+00:00</time>
      </trkpt>
      <trkpt lat="46.16869" lon="6.79194">
        <ele>2093</ele>
        <time>2026-07-02T21:28:27+00:00</time>
      </trkpt>
      <trkpt lat="46.16884" lon="6.79188">
        <ele>2087</ele>
        <time>2026-07-02T21:28:30+00:00</time>
      </trkpt>
      <trkpt lat="46.16887" lon="6.79186">
        <ele>2087</ele>
        <time>2026-07-02T21:28:33+00:00</time>
      </trkpt>
      <trkpt lat="46.16889" lon="6.79184">
        <ele>2087</ele>
        <time>2026-07-02T21:28:36+00:00</time>
      </trkpt>
      <trkpt lat="46.16904" lon="6.79186">
        <ele>2079</ele>
        <time>2026-07-02T21:28:39+00:00</time>
      </trkpt>
      <trkpt lat="46.16915" lon="6.79181">
        <ele>2072</ele>
        <time>2026-07-02T21:28:42+00:00</time>
      </trkpt>
      <trkpt lat="46.16917" lon="6.79168">
        <ele>2071</ele>
        <time>2026-07-02T21:28:45+00:00</time>
      </trkpt>
      <trkpt lat="46.16926" lon="6.79165">
        <ele>2067</ele>
        <time>2026-07-02T21:28:48+00:00</time>
      </trkpt>
      <trkpt lat="46.16933" lon="6.79165">
        <ele>2063</ele>
        <time>2026-07-02T21:28:51+00:00</time>
      </trkpt>
      <trkpt lat="46.16937" lon="6.79163">
        <ele>2063</ele>
        <time>2026-07-02T21:28:54+00:00</time>
      </trkpt>
      <trkpt lat="46.16943" lon="6.79161">
        <ele>2059</ele>
        <time>2026-07-02T21:28:57+00:00</time>
      </trkpt>
      <trkpt lat="46.16951" lon="6.79159">
        <ele>2055</ele>
        <time>2026-07-02T21:29:00+00:00</time>
      </trkpt>
      <trkpt lat="46.16956" lon="6.79158">
        <ele>2055</ele>
        <time>2026-07-02T21:29:03+00:00</time>
      </trkpt>
      <trkpt lat="46.16968" lon="6.79156">
        <ele>2052</ele>
        <time>2026-07-02T21:29:06+00:00</time>
      </trkpt>
      <trkpt lat="46.16968" lon="6.79149">
        <ele>2050</ele>
        <time>2026-07-02T21:29:09+00:00</time>
      </trkpt>
      <trkpt lat="46.1697" lon="6.7914">
        <ele>2048</ele>
        <time>2026-07-02T21:29:12+00:00</time>
      </trkpt>
      <trkpt lat="46.16979" lon="6.79133">
        <ele>2047</ele>
        <time>2026-07-02T21:29:15+00:00</time>
      </trkpt>
      <trkpt lat="46.16985" lon="6.79135">
        <ele>2043</ele>
        <time>2026-07-02T21:29:18+00:00</time>
      </trkpt>
      <trkpt lat="46.17001" lon="6.79141">
        <ele>2039</ele>
        <time>2026-07-02T21:29:21+00:00</time>
      </trkpt>
      <trkpt lat="46.17005" lon="6.79137">
        <ele>2038</ele>
        <time>2026-07-02T21:29:24+00:00</time>
      </trkpt>
      <trkpt lat="46.17025" lon="6.79134">
        <ele>2033</ele>
        <time>2026-07-02T21:29:27+00:00</time>
      </trkpt>
      <trkpt lat="46.17035" lon="6.79136">
        <ele>2031</ele>
        <time>2026-07-02T21:29:30+00:00</time>
      </trkpt>
      <trkpt lat="46.1704" lon="6.79129">
        <ele>2030</ele>
        <time>2026-07-02T21:29:33+00:00</time>
      </trkpt>
      <trkpt lat="46.17043" lon="6.79126">
        <ele>2025</ele>
        <time>2026-07-02T21:29:36+00:00</time>
      </trkpt>
      <trkpt lat="46.17049" lon="6.79129">
        <ele>2025</ele>
        <time>2026-07-02T21:29:39+00:00</time>
      </trkpt>
      <trkpt lat="46.17059" lon="6.79126">
        <ele>2022</ele>
        <time>2026-07-02T21:29:42+00:00</time>
      </trkpt>
      <trkpt lat="46.17063" lon="6.79123">
        <ele>2019</ele>
        <time>2026-07-02T21:29:45+00:00</time>
      </trkpt>
      <trkpt lat="46.17069" lon="6.79127">
        <ele>2019</ele>
        <time>2026-07-02T21:29:48+00:00</time>
      </trkpt>
      <trkpt lat="46.17076" lon="6.79127">
        <ele>2017</ele>
        <time>2026-07-02T21:29:51+00:00</time>
      </trkpt>
      <trkpt lat="46.17079" lon="6.79128">
        <ele>2017</ele>
        <time>2026-07-02T21:29:54+00:00</time>
      </trkpt>
      <trkpt lat="46.1709" lon="6.79135">
        <ele>2015</ele>
        <time>2026-07-02T21:29:57+00:00</time>
      </trkpt>
      <trkpt lat="46.17094" lon="6.79135">
        <ele>2015</ele>
        <time>2026-07-02T21:30:00+00:00</time>
      </trkpt>
      <trkpt lat="46.17098" lon="6.79137">
        <ele>2015</ele>
        <time>2026-07-02T21:30:03+00:00</time>
      </trkpt>
      <trkpt lat="46.17105" lon="6.79138">
        <ele>2012</ele>
        <time>2026-07-02T21:30:06+00:00</time>
      </trkpt>
      <trkpt lat="46.17108" lon="6.79139">
        <ele>2012</ele>
        <time>2026-07-02T21:30:09+00:00</time>
      </trkpt>
      <trkpt lat="46.1711" lon="6.7914">
        <ele>2010</ele>
        <time>2026-07-02T21:30:12+00:00</time>
      </trkpt>
      <trkpt lat="46.17114" lon="6.79139">
        <ele>2010</ele>
        <time>2026-07-02T21:30:15+00:00</time>
      </trkpt>
      <trkpt lat="46.17118" lon="6.79138">
        <ele>2010</ele>
        <time>2026-07-02T21:30:18+00:00</time>
      </trkpt>
      <trkpt lat="46.17121" lon="6.79141">
        <ele>2010</ele>
        <time>2026-07-02T21:30:21+00:00</time>
      </trkpt>
      <trkpt lat="46.17126" lon="6.79149">
        <ele>2010</ele>
        <time>2026-07-02T21:30:24+00:00</time>
      </trkpt>
      <trkpt lat="46.17136" lon="6.79149">
        <ele>2008</ele>
        <time>2026-07-02T21:30:27+00:00</time>
      </trkpt>
      <trkpt lat="46.1714" lon="6.79144">
        <ele>2007</ele>
        <time>2026-07-02T21:30:30+00:00</time>
      </trkpt>
      <trkpt lat="46.17142" lon="6.79142">
        <ele>2007</ele>
        <time>2026-07-02T21:30:33+00:00</time>
      </trkpt>
      <trkpt lat="46.17148" lon="6.79133">
        <ele>2006</ele>
        <time>2026-07-02T21:30:36+00:00</time>
      </trkpt>
      <trkpt lat="46.17151" lon="6.79131">
        <ele>2005</ele>
        <time>2026-07-02T21:30:39+00:00</time>
      </trkpt>
      <trkpt lat="46.17153" lon="6.7913">
        <ele>2004</ele>
        <time>2026-07-02T21:30:42+00:00</time>
      </trkpt>
      <trkpt lat="46.17153" lon="6.79129">
        <ele>2004</ele>
        <time>2026-07-02T21:30:45+00:00</time>
      </trkpt>
      <trkpt lat="46.17162" lon="6.79124">
        <ele>2002</ele>
        <time>2026-07-02T21:30:48+00:00</time>
      </trkpt>
      <trkpt lat="46.17166" lon="6.79123">
        <ele>2002</ele>
        <time>2026-07-02T21:30:51+00:00</time>
      </trkpt>
      <trkpt lat="46.17171" lon="6.79121">
        <ele>2000</ele>
        <time>2026-07-02T21:30:54+00:00</time>
      </trkpt>
      <trkpt lat="46.17179" lon="6.79125">
        <ele>2000</ele>
        <time>2026-07-02T21:30:57+00:00</time>
      </trkpt>
      <trkpt lat="46.17184" lon="6.79127">
        <ele>1997</ele>
        <time>2026-07-02T21:31:00+00:00</time>
      </trkpt>
      <trkpt lat="46.17186" lon="6.79131">
        <ele>1998</ele>
        <time>2026-07-02T21:31:03+00:00</time>
      </trkpt>
      <trkpt lat="46.17196" lon="6.79134">
        <ele>1995</ele>
        <time>2026-07-02T21:31:06+00:00</time>
      </trkpt>
      <trkpt lat="46.17199" lon="6.79139">
        <ele>1995</ele>
        <time>2026-07-02T21:31:09+00:00</time>
      </trkpt>
      <trkpt lat="46.172" lon="6.7914">
        <ele>1995</ele>
        <time>2026-07-02T21:31:12+00:00</time>
      </trkpt>
      <trkpt lat="46.17206" lon="6.79131">
        <ele>1990</ele>
        <time>2026-07-02T21:31:15+00:00</time>
      </trkpt>
      <trkpt lat="46.17209" lon="6.79133">
        <ele>1990</ele>
        <time>2026-07-02T21:31:18+00:00</time>
      </trkpt>
      <trkpt lat="46.17227" lon="6.79122">
        <ele>1980</ele>
        <time>2026-07-02T21:31:21+00:00</time>
      </trkpt>
      <trkpt lat="46.1723" lon="6.79114">
        <ele>1982</ele>
        <time>2026-07-02T21:31:24+00:00</time>
      </trkpt>
      <trkpt lat="46.1723" lon="6.79113">
        <ele>1979</ele>
        <time>2026-07-02T21:31:27+00:00</time>
      </trkpt>
      <trkpt lat="46.17238" lon="6.79101">
        <ele>1980</ele>
        <time>2026-07-02T21:31:30+00:00</time>
      </trkpt>
      <trkpt lat="46.17246" lon="6.79097">
        <ele>1977</ele>
        <time>2026-07-02T21:31:33+00:00</time>
      </trkpt>
      <trkpt lat="46.17251" lon="6.79096">
        <ele>1973</ele>
        <time>2026-07-02T21:31:36+00:00</time>
      </trkpt>
      <trkpt lat="46.17256" lon="6.79095">
        <ele>1973</ele>
        <time>2026-07-02T21:31:39+00:00</time>
      </trkpt>
      <trkpt lat="46.17259" lon="6.79093">
        <ele>1973</ele>
        <time>2026-07-02T21:31:42+00:00</time>
      </trkpt>
      <trkpt lat="46.17267" lon="6.79092">
        <ele>1969</ele>
        <time>2026-07-02T21:31:45+00:00</time>
      </trkpt>
      <trkpt lat="46.17271" lon="6.79094">
        <ele>1966</ele>
        <time>2026-07-02T21:31:48+00:00</time>
      </trkpt>
      <trkpt lat="46.17276" lon="6.7909">
        <ele>1965</ele>
        <time>2026-07-02T21:31:51+00:00</time>
      </trkpt>
      <trkpt lat="46.1728" lon="6.7909">
        <ele>1965</ele>
        <time>2026-07-02T21:31:54+00:00</time>
      </trkpt>
      <trkpt lat="46.17281" lon="6.79085">
        <ele>1957</ele>
        <time>2026-07-02T21:31:57+00:00</time>
      </trkpt>
      <trkpt lat="46.17284" lon="6.79087">
        <ele>1957</ele>
        <time>2026-07-02T21:32:00+00:00</time>
      </trkpt>
      <trkpt lat="46.17287" lon="6.79086">
        <ele>1957</ele>
        <time>2026-07-02T21:32:03+00:00</time>
      </trkpt>
      <trkpt lat="46.17291" lon="6.79077">
        <ele>1953</ele>
        <time>2026-07-02T21:32:06+00:00</time>
      </trkpt>
      <trkpt lat="46.17297" lon="6.79068">
        <ele>1953</ele>
        <time>2026-07-02T21:32:09+00:00</time>
      </trkpt>
      <trkpt lat="46.17299" lon="6.79065">
        <ele>1953</ele>
        <time>2026-07-02T21:32:12+00:00</time>
      </trkpt>
      <trkpt lat="46.17299" lon="6.79056">
        <ele>1953</ele>
        <time>2026-07-02T21:32:15+00:00</time>
      </trkpt>
      <trkpt lat="46.17314" lon="6.79051">
        <ele>1945</ele>
        <time>2026-07-02T21:32:18+00:00</time>
      </trkpt>
      <trkpt lat="46.17321" lon="6.79047">
        <ele>1942</ele>
        <time>2026-07-02T21:32:21+00:00</time>
      </trkpt>
      <trkpt lat="46.17325" lon="6.79041">
        <ele>1942</ele>
        <time>2026-07-02T21:32:24+00:00</time>
      </trkpt>
      <trkpt lat="46.17336" lon="6.79045">
        <ele>1938</ele>
        <time>2026-07-02T21:32:27+00:00</time>
      </trkpt>
      <trkpt lat="46.17338" lon="6.79049">
        <ele>1938</ele>
        <time>2026-07-02T21:32:30+00:00</time>
      </trkpt>
      <trkpt lat="46.17338" lon="6.79054">
        <ele>1938</ele>
        <time>2026-07-02T21:32:33+00:00</time>
      </trkpt>
      <trkpt lat="46.17344" lon="6.79053">
        <ele>1932</ele>
        <time>2026-07-02T21:32:36+00:00</time>
      </trkpt>
      <trkpt lat="46.17352" lon="6.79063">
        <ele>1930</ele>
        <time>2026-07-02T21:32:39+00:00</time>
      </trkpt>
      <trkpt lat="46.17356" lon="6.79064">
        <ele>1930</ele>
        <time>2026-07-02T21:32:42+00:00</time>
      </trkpt>
      <trkpt lat="46.17359" lon="6.79064">
        <ele>1930</ele>
        <time>2026-07-02T21:32:45+00:00</time>
      </trkpt>
      <trkpt lat="46.17364" lon="6.79063">
        <ele>1928</ele>
        <time>2026-07-02T21:32:48+00:00</time>
      </trkpt>
      <trkpt lat="46.17368" lon="6.79062">
        <ele>1928</ele>
        <time>2026-07-02T21:32:51+00:00</time>
      </trkpt>
      <trkpt lat="46.17373" lon="6.79059">
        <ele>1926</ele>
        <time>2026-07-02T21:32:54+00:00</time>
      </trkpt>
      <trkpt lat="46.17376" lon="6.79058">
        <ele>1926</ele>
        <time>2026-07-02T21:32:57+00:00</time>
      </trkpt>
      <trkpt lat="46.1738" lon="6.79058">
        <ele>1926</ele>
        <time>2026-07-02T21:33:00+00:00</time>
      </trkpt>
      <trkpt lat="46.17387" lon="6.7906">
        <ele>1924</ele>
        <time>2026-07-02T21:33:03+00:00</time>
      </trkpt>
      <trkpt lat="46.17397" lon="6.79063">
        <ele>1922</ele>
        <time>2026-07-02T21:33:06+00:00</time>
      </trkpt>
      <trkpt lat="46.17406" lon="6.79065">
        <ele>1918</ele>
        <time>2026-07-02T21:33:09+00:00</time>
      </trkpt>
      <trkpt lat="46.17409" lon="6.79064">
        <ele>1918</ele>
        <time>2026-07-02T21:33:12+00:00</time>
      </trkpt>
      <trkpt lat="46.17412" lon="6.79063">
        <ele>1915</ele>
        <time>2026-07-02T21:33:15+00:00</time>
      </trkpt>
      <trkpt lat="46.17416" lon="6.7906">
        <ele>1916</ele>
        <time>2026-07-02T21:33:18+00:00</time>
      </trkpt>
      <trkpt lat="46.1742" lon="6.79056">
        <ele>1913</ele>
        <time>2026-07-02T21:33:21+00:00</time>
      </trkpt>
      <trkpt lat="46.17426" lon="6.79054">
        <ele>1913</ele>
        <time>2026-07-02T21:33:24+00:00</time>
      </trkpt>
      <trkpt lat="46.17429" lon="6.79054">
        <ele>1913</ele>
        <time>2026-07-02T21:33:27+00:00</time>
      </trkpt>
      <trkpt lat="46.17434" lon="6.79052">
        <ele>1911</ele>
        <time>2026-07-02T21:33:30+00:00</time>
      </trkpt>
      <trkpt lat="46.17438" lon="6.7905">
        <ele>1911</ele>
        <time>2026-07-02T21:33:33+00:00</time>
      </trkpt>
      <trkpt lat="46.17445" lon="6.79048">
        <ele>1908</ele>
        <time>2026-07-02T21:33:36+00:00</time>
      </trkpt>
      <trkpt lat="46.17449" lon="6.79047">
        <ele>1908</ele>
        <time>2026-07-02T21:33:39+00:00</time>
      </trkpt>
      <trkpt lat="46.17451" lon="6.79045">
        <ele>1905</ele>
        <time>2026-07-02T21:33:42+00:00</time>
      </trkpt>
      <trkpt lat="46.17453" lon="6.79043">
        <ele>1905</ele>
        <time>2026-07-02T21:33:45+00:00</time>
      </trkpt>
      <trkpt lat="46.17453" lon="6.79038">
        <ele>1905</ele>
        <time>2026-07-02T21:33:48+00:00</time>
      </trkpt>
      <trkpt lat="46.17458" lon="6.79032">
        <ele>1905</ele>
        <time>2026-07-02T21:33:51+00:00</time>
      </trkpt>
      <trkpt lat="46.17468" lon="6.79028">
        <ele>1901</ele>
        <time>2026-07-02T21:33:54+00:00</time>
      </trkpt>
      <trkpt lat="46.17474" lon="6.79025">
        <ele>1900</ele>
        <time>2026-07-02T21:33:57+00:00</time>
      </trkpt>
      <trkpt lat="46.17482" lon="6.79013">
        <ele>1899</ele>
        <time>2026-07-02T21:34:00+00:00</time>
      </trkpt>
      <trkpt lat="46.17485" lon="6.79011">
        <ele>1899</ele>
        <time>2026-07-02T21:34:03+00:00</time>
      </trkpt>
      <trkpt lat="46.17488" lon="6.79009">
        <ele>1899</ele>
        <time>2026-07-02T21:34:06+00:00</time>
      </trkpt>
      <trkpt lat="46.17493" lon="6.79007">
        <ele>1898</ele>
        <time>2026-07-02T21:34:09+00:00</time>
      </trkpt>
      <trkpt lat="46.17498" lon="6.79006">
        <ele>1898</ele>
        <time>2026-07-02T21:34:12+00:00</time>
      </trkpt>
      <trkpt lat="46.17506" lon="6.7901">
        <ele>1897</ele>
        <time>2026-07-02T21:34:15+00:00</time>
      </trkpt>
      <trkpt lat="46.17508" lon="6.79011">
        <ele>1897</ele>
        <time>2026-07-02T21:34:18+00:00</time>
      </trkpt>
      <trkpt lat="46.17512" lon="6.79012">
        <ele>1896</ele>
        <time>2026-07-02T21:34:21+00:00</time>
      </trkpt>
      <trkpt lat="46.17521" lon="6.79005">
        <ele>1894</ele>
        <time>2026-07-02T21:34:24+00:00</time>
      </trkpt>
      <trkpt lat="46.17529" lon="6.78991">
        <ele>1894</ele>
        <time>2026-07-02T21:34:27+00:00</time>
      </trkpt>
      <trkpt lat="46.17534" lon="6.78988">
        <ele>1892</ele>
        <time>2026-07-02T21:34:30+00:00</time>
      </trkpt>
      <trkpt lat="46.17542" lon="6.78984">
        <ele>1891</ele>
        <time>2026-07-02T21:34:33+00:00</time>
      </trkpt>
      <trkpt lat="46.17547" lon="6.78981">
        <ele>1891</ele>
        <time>2026-07-02T21:34:36+00:00</time>
      </trkpt>
      <trkpt lat="46.17551" lon="6.78978">
        <ele>1889</ele>
        <time>2026-07-02T21:34:39+00:00</time>
      </trkpt>
      <trkpt lat="46.17554" lon="6.78974">
        <ele>1889</ele>
        <time>2026-07-02T21:34:42+00:00</time>
      </trkpt>
      <trkpt lat="46.1756" lon="6.78968">
        <ele>1888</ele>
        <time>2026-07-02T21:34:45+00:00</time>
      </trkpt>
      <trkpt lat="46.17564" lon="6.78962">
        <ele>1888</ele>
        <time>2026-07-02T21:34:48+00:00</time>
      </trkpt>
      <trkpt lat="46.17569" lon="6.78952">
        <ele>1887</ele>
        <time>2026-07-02T21:34:51+00:00</time>
      </trkpt>
      <trkpt lat="46.17574" lon="6.78948">
        <ele>1885</ele>
        <time>2026-07-02T21:34:54+00:00</time>
      </trkpt>
      <trkpt lat="46.17579" lon="6.78946">
        <ele>1885</ele>
        <time>2026-07-02T21:34:57+00:00</time>
      </trkpt>
      <trkpt lat="46.17585" lon="6.78945">
        <ele>1883</ele>
        <time>2026-07-02T21:35:00+00:00</time>
      </trkpt>
      <trkpt lat="46.17595" lon="6.78943">
        <ele>1882</ele>
        <time>2026-07-02T21:35:03+00:00</time>
      </trkpt>
      <trkpt lat="46.17603" lon="6.78939">
        <ele>1880</ele>
        <time>2026-07-02T21:35:06+00:00</time>
      </trkpt>
      <trkpt lat="46.17612" lon="6.78935">
        <ele>1879</ele>
        <time>2026-07-02T21:35:09+00:00</time>
      </trkpt>
      <trkpt lat="46.1762" lon="6.78933">
        <ele>1877</ele>
        <time>2026-07-02T21:35:12+00:00</time>
      </trkpt>
      <trkpt lat="46.17629" lon="6.7893">
        <ele>1876</ele>
        <time>2026-07-02T21:35:15+00:00</time>
      </trkpt>
      <trkpt lat="46.17634" lon="6.78929">
        <ele>1875</ele>
        <time>2026-07-02T21:35:18+00:00</time>
      </trkpt>
      <trkpt lat="46.17639" lon="6.7893">
        <ele>1875</ele>
        <time>2026-07-02T21:35:21+00:00</time>
      </trkpt>
      <trkpt lat="46.17642" lon="6.78932">
        <ele>1873</ele>
        <time>2026-07-02T21:35:24+00:00</time>
      </trkpt>
      <trkpt lat="46.17645" lon="6.78934">
        <ele>1873</ele>
        <time>2026-07-02T21:35:27+00:00</time>
      </trkpt>
      <trkpt lat="46.17647" lon="6.78938">
        <ele>1873</ele>
        <time>2026-07-02T21:35:30+00:00</time>
      </trkpt>
      <trkpt lat="46.17649" lon="6.78941">
        <ele>1873</ele>
        <time>2026-07-02T21:35:33+00:00</time>
      </trkpt>
      <trkpt lat="46.1765" lon="6.78946">
        <ele>1873</ele>
        <time>2026-07-02T21:35:36+00:00</time>
      </trkpt>
      <trkpt lat="46.1765" lon="6.78955">
        <ele>1873</ele>
        <time>2026-07-02T21:35:39+00:00</time>
      </trkpt>
      <trkpt lat="46.17649" lon="6.78964">
        <ele>1873</ele>
        <time>2026-07-02T21:35:42+00:00</time>
      </trkpt>
      <trkpt lat="46.17647" lon="6.7897">
        <ele>1871</ele>
        <time>2026-07-02T21:35:45+00:00</time>
      </trkpt>
      <trkpt lat="46.17642" lon="6.78981">
        <ele>1869</ele>
        <time>2026-07-02T21:35:48+00:00</time>
      </trkpt>
      <trkpt lat="46.17639" lon="6.78988">
        <ele>1873</ele>
        <time>2026-07-02T21:35:51+00:00</time>
      </trkpt>
      <trkpt lat="46.17638" lon="6.78991">
        <ele>1867</ele>
        <time>2026-07-02T21:35:54+00:00</time>
      </trkpt>
      <trkpt lat="46.17638" lon="6.78994">
        <ele>1867</ele>
        <time>2026-07-02T21:35:57+00:00</time>
      </trkpt>
      <trkpt lat="46.17639" lon="6.78995">
        <ele>1867</ele>
        <time>2026-07-02T21:36:00+00:00</time>
      </trkpt>
      <trkpt lat="46.17641" lon="6.78997">
        <ele>1866</ele>
        <time>2026-07-02T21:36:03+00:00</time>
      </trkpt>
      <trkpt lat="46.17643" lon="6.78997">
        <ele>1866</ele>
        <time>2026-07-02T21:36:06+00:00</time>
      </trkpt>
      <trkpt lat="46.17647" lon="6.78995">
        <ele>1866</ele>
        <time>2026-07-02T21:36:09+00:00</time>
      </trkpt>
      <trkpt lat="46.17656" lon="6.78991">
        <ele>1865</ele>
        <time>2026-07-02T21:36:12+00:00</time>
      </trkpt>
      <trkpt lat="46.1767" lon="6.78987">
        <ele>1867</ele>
        <time>2026-07-02T21:36:15+00:00</time>
      </trkpt>
      <trkpt lat="46.17679" lon="6.78985">
        <ele>1865</ele>
        <time>2026-07-02T21:36:18+00:00</time>
      </trkpt>
      <trkpt lat="46.17684" lon="6.78985">
        <ele>1863</ele>
        <time>2026-07-02T21:36:21+00:00</time>
      </trkpt>
      <trkpt lat="46.17688" lon="6.78987">
        <ele>1863</ele>
        <time>2026-07-02T21:36:24+00:00</time>
      </trkpt>
      <trkpt lat="46.17691" lon="6.78988">
        <ele>1860</ele>
        <time>2026-07-02T21:36:27+00:00</time>
      </trkpt>
      <trkpt lat="46.17695" lon="6.78992">
        <ele>1855</ele>
        <time>2026-07-02T21:36:30+00:00</time>
      </trkpt>
      <trkpt lat="46.17701" lon="6.79004">
        <ele>1851</ele>
        <time>2026-07-02T21:36:33+00:00</time>
      </trkpt>
      <trkpt lat="46.1771" lon="6.79015">
        <ele>1851</ele>
        <time>2026-07-02T21:36:36+00:00</time>
      </trkpt>
      <trkpt lat="46.17719" lon="6.79027">
        <ele>1850</ele>
        <time>2026-07-02T21:36:39+00:00</time>
      </trkpt>
      <trkpt lat="46.17735" lon="6.79033">
        <ele>1849</ele>
        <time>2026-07-02T21:36:42+00:00</time>
      </trkpt>
      <trkpt lat="46.17739" lon="6.79015">
        <ele>1849</ele>
        <time>2026-07-02T21:36:45+00:00</time>
      </trkpt>
      <trkpt lat="46.17747" lon="6.79">
        <ele>1849</ele>
        <time>2026-07-02T21:36:48+00:00</time>
      </trkpt>
      <trkpt lat="46.17753" lon="6.78991">
        <ele>1848</ele>
        <time>2026-07-02T21:36:51+00:00</time>
      </trkpt>
      <trkpt lat="46.17762" lon="6.78974">
        <ele>1846</ele>
        <time>2026-07-02T21:36:54+00:00</time>
      </trkpt>
      <trkpt lat="46.1777" lon="6.7896">
        <ele>1848</ele>
        <time>2026-07-02T21:36:57+00:00</time>
      </trkpt>
      <trkpt lat="46.17774" lon="6.78951">
        <ele>1846</ele>
        <time>2026-07-02T21:37:00+00:00</time>
      </trkpt>
      <trkpt lat="46.17777" lon="6.78941">
        <ele>1846</ele>
        <time>2026-07-02T21:37:03+00:00</time>
      </trkpt>
      <trkpt lat="46.1778" lon="6.78931">
        <ele>1846</ele>
        <time>2026-07-02T21:37:06+00:00</time>
      </trkpt>
      <trkpt lat="46.17783" lon="6.78921">
        <ele>1846</ele>
        <time>2026-07-02T21:37:09+00:00</time>
      </trkpt>
      <trkpt lat="46.17787" lon="6.78901">
        <ele>1846</ele>
        <time>2026-07-02T21:37:12+00:00</time>
      </trkpt>
      <trkpt lat="46.17792" lon="6.78875">
        <ele>1843</ele>
        <time>2026-07-02T21:37:15+00:00</time>
      </trkpt>
      <trkpt lat="46.17796" lon="6.78854">
        <ele>1842</ele>
        <time>2026-07-02T21:37:18+00:00</time>
      </trkpt>
      <trkpt lat="46.17801" lon="6.7883">
        <ele>1840</ele>
        <time>2026-07-02T21:37:21+00:00</time>
      </trkpt>
      <trkpt lat="46.17805" lon="6.78814">
        <ele>1839</ele>
        <time>2026-07-02T21:37:24+00:00</time>
      </trkpt>
      <trkpt lat="46.1781" lon="6.788">
        <ele>1838</ele>
        <time>2026-07-02T21:37:27+00:00</time>
      </trkpt>
      <trkpt lat="46.17814" lon="6.78789">
        <ele>1837</ele>
        <time>2026-07-02T21:37:30+00:00</time>
      </trkpt>
      <trkpt lat="46.17816" lon="6.78784">
        <ele>1837</ele>
        <time>2026-07-02T21:37:33+00:00</time>
      </trkpt>
      <trkpt lat="46.17819" lon="6.78778">
        <ele>1838</ele>
        <time>2026-07-02T21:37:36+00:00</time>
      </trkpt>
      <trkpt lat="46.17826" lon="6.78766">
        <ele>1837</ele>
        <time>2026-07-02T21:37:39+00:00</time>
      </trkpt>
      <trkpt lat="46.17847" lon="6.78737">
        <ele>1834</ele>
        <time>2026-07-02T21:37:42+00:00</time>
      </trkpt>
      <trkpt lat="46.17862" lon="6.78716">
        <ele>1833</ele>
        <time>2026-07-02T21:37:45+00:00</time>
      </trkpt>
      <trkpt lat="46.17874" lon="6.78702">
        <ele>1830</ele>
        <time>2026-07-02T21:37:48+00:00</time>
      </trkpt>
      <trkpt lat="46.17878" lon="6.78698">
        <ele>1833</ele>
        <time>2026-07-02T21:37:51+00:00</time>
      </trkpt>
      <trkpt lat="46.17883" lon="6.78693">
        <ele>1827</ele>
        <time>2026-07-02T21:37:54+00:00</time>
      </trkpt>
      <trkpt lat="46.17895" lon="6.78686">
        <ele>1828</ele>
        <time>2026-07-02T21:37:57+00:00</time>
      </trkpt>
      <trkpt lat="46.17908" lon="6.78681">
        <ele>1826</ele>
        <time>2026-07-02T21:38:00+00:00</time>
      </trkpt>
      <trkpt lat="46.17916" lon="6.78673">
        <ele>1825</ele>
        <time>2026-07-02T21:38:03+00:00</time>
      </trkpt>
      <trkpt lat="46.17935" lon="6.78649">
        <ele>1824</ele>
        <time>2026-07-02T21:38:06+00:00</time>
      </trkpt>
      <trkpt lat="46.17942" lon="6.78633">
        <ele>1819</ele>
        <time>2026-07-02T21:38:09+00:00</time>
      </trkpt>
      <trkpt lat="46.17948" lon="6.78629">
        <ele>1820</ele>
        <time>2026-07-02T21:38:12+00:00</time>
      </trkpt>
      <trkpt lat="46.17956" lon="6.78619">
        <ele>1818</ele>
        <time>2026-07-02T21:38:15+00:00</time>
      </trkpt>
      <trkpt lat="46.17969" lon="6.78601">
        <ele>1817</ele>
        <time>2026-07-02T21:38:18+00:00</time>
      </trkpt>
      <trkpt lat="46.17982" lon="6.78591">
        <ele>1811</ele>
        <time>2026-07-02T21:38:21+00:00</time>
      </trkpt>
      <trkpt lat="46.18003" lon="6.78576">
        <ele>1814</ele>
        <time>2026-07-02T21:38:24+00:00</time>
      </trkpt>
      <trkpt lat="46.18039" lon="6.78549">
        <ele>1812</ele>
        <time>2026-07-02T21:38:27+00:00</time>
      </trkpt>
      <trkpt lat="46.1806" lon="6.78538">
        <ele>1808</ele>
        <time>2026-07-02T21:38:30+00:00</time>
      </trkpt>
      <trkpt lat="46.18081" lon="6.78529">
        <ele>1803</ele>
        <time>2026-07-02T21:38:33+00:00</time>
      </trkpt>
      <trkpt lat="46.18103" lon="6.78517">
        <ele>1802</ele>
        <time>2026-07-02T21:38:36+00:00</time>
      </trkpt>
      <trkpt lat="46.18114" lon="6.78511">
        <ele>1797</ele>
        <time>2026-07-02T21:38:39+00:00</time>
      </trkpt>
      <trkpt lat="46.18125" lon="6.78503">
        <ele>1801</ele>
        <time>2026-07-02T21:38:42+00:00</time>
      </trkpt>
      <trkpt lat="46.18135" lon="6.78494">
        <ele>1796</ele>
        <time>2026-07-02T21:38:45+00:00</time>
      </trkpt>
      <trkpt lat="46.18153" lon="6.78483">
        <ele>1798</ele>
        <time>2026-07-02T21:38:48+00:00</time>
      </trkpt>
      <trkpt lat="46.18173" lon="6.78469">
        <ele>1795</ele>
        <time>2026-07-02T21:38:51+00:00</time>
      </trkpt>
      <trkpt lat="46.18191" lon="6.78455">
        <ele>1795</ele>
        <time>2026-07-02T21:38:54+00:00</time>
      </trkpt>
      <trkpt lat="46.18219" lon="6.78435">
        <ele>1795</ele>
        <time>2026-07-02T21:38:57+00:00</time>
      </trkpt>
      <trkpt lat="46.18238" lon="6.7842">
        <ele>1795</ele>
        <time>2026-07-02T21:39:00+00:00</time>
      </trkpt>
      <trkpt lat="46.18254" lon="6.7841">
        <ele>1782</ele>
        <time>2026-07-02T21:39:03+00:00</time>
      </trkpt>
      <trkpt lat="46.18267" lon="6.78404">
        <ele>1777</ele>
        <time>2026-07-02T21:39:06+00:00</time>
      </trkpt>
      <trkpt lat="46.18279" lon="6.78398">
        <ele>1780</ele>
        <time>2026-07-02T21:39:09+00:00</time>
      </trkpt>
      <trkpt lat="46.18289" lon="6.78392">
        <ele>1775</ele>
        <time>2026-07-02T21:39:12+00:00</time>
      </trkpt>
      <trkpt lat="46.18298" lon="6.78386">
        <ele>1782</ele>
        <time>2026-07-02T21:39:15+00:00</time>
      </trkpt>
      <trkpt lat="46.18305" lon="6.78379">
        <ele>1783</ele>
        <time>2026-07-02T21:39:18+00:00</time>
      </trkpt>
      <trkpt lat="46.18314" lon="6.78372">
        <ele>1776</ele>
        <time>2026-07-02T21:39:21+00:00</time>
      </trkpt>
      <trkpt lat="46.18321" lon="6.78364">
        <ele>1772</ele>
        <time>2026-07-02T21:39:24+00:00</time>
      </trkpt>
      <trkpt lat="46.18329" lon="6.78355">
        <ele>1778</ele>
        <time>2026-07-02T21:39:27+00:00</time>
      </trkpt>
      <trkpt lat="46.18337" lon="6.78345">
        <ele>1772</ele>
        <time>2026-07-02T21:39:30+00:00</time>
      </trkpt>
      <trkpt lat="46.18347" lon="6.78337">
        <ele>1777</ele>
        <time>2026-07-02T21:39:33+00:00</time>
      </trkpt>
      <trkpt lat="46.18361" lon="6.78326">
        <ele>1769</ele>
        <time>2026-07-02T21:39:36+00:00</time>
      </trkpt>
      <trkpt lat="46.18372" lon="6.78316">
        <ele>1767</ele>
        <time>2026-07-02T21:39:39+00:00</time>
      </trkpt>
      <trkpt lat="46.18381" lon="6.78307">
        <ele>1769</ele>
        <time>2026-07-02T21:39:42+00:00</time>
      </trkpt>
      <trkpt lat="46.18388" lon="6.783">
        <ele>1771</ele>
        <time>2026-07-02T21:39:45+00:00</time>
      </trkpt>
      <trkpt lat="46.18395" lon="6.78291">
        <ele>1766</ele>
        <time>2026-07-02T21:39:48+00:00</time>
      </trkpt>
      <trkpt lat="46.18404" lon="6.78279">
        <ele>1769</ele>
        <time>2026-07-02T21:39:51+00:00</time>
      </trkpt>
      <trkpt lat="46.18417" lon="6.78261">
        <ele>1766</ele>
        <time>2026-07-02T21:39:54+00:00</time>
      </trkpt>
      <trkpt lat="46.18435" lon="6.78231">
        <ele>1764</ele>
        <time>2026-07-02T21:39:57+00:00</time>
      </trkpt>
      <trkpt lat="46.1845" lon="6.7821">
        <ele>1766</ele>
        <time>2026-07-02T21:40:00+00:00</time>
      </trkpt>
      <trkpt lat="46.18469" lon="6.78186">
        <ele>1764</ele>
        <time>2026-07-02T21:40:03+00:00</time>
      </trkpt>
      <trkpt lat="46.18484" lon="6.78166">
        <ele>1763</ele>
        <time>2026-07-02T21:40:06+00:00</time>
      </trkpt>
      <trkpt lat="46.18511" lon="6.78127">
        <ele>1768</ele>
        <time>2026-07-02T21:40:09+00:00</time>
      </trkpt>
      <trkpt lat="46.18526" lon="6.78109">
        <ele>1767</ele>
        <time>2026-07-02T21:40:12+00:00</time>
      </trkpt>
      <trkpt lat="46.18536" lon="6.78099">
        <ele>1774</ele>
        <time>2026-07-02T21:40:15+00:00</time>
      </trkpt>
      <trkpt lat="46.18547" lon="6.78091">
        <ele>1767</ele>
        <time>2026-07-02T21:40:18+00:00</time>
      </trkpt>
      <trkpt lat="46.18559" lon="6.78083">
        <ele>1762</ele>
        <time>2026-07-02T21:40:21+00:00</time>
      </trkpt>
      <trkpt lat="46.18559" lon="6.78083">
        <ele>1762</ele>
        <time>2026-07-02T21:40:24+00:00</time>
      </trkpt>
      <trkpt lat="46.18565" lon="6.78079">
        <ele>1764</ele>
        <time>2026-07-02T21:40:27+00:00</time>
      </trkpt>
      <trkpt lat="46.18574" lon="6.78075">
        <ele>1760</ele>
        <time>2026-07-02T21:40:30+00:00</time>
      </trkpt>
      <trkpt lat="46.18585" lon="6.78071">
        <ele>1756</ele>
        <time>2026-07-02T21:40:33+00:00</time>
      </trkpt>
      <trkpt lat="46.18597" lon="6.78068">
        <ele>1757</ele>
        <time>2026-07-02T21:40:36+00:00</time>
      </trkpt>
      <trkpt lat="46.18607" lon="6.78066">
        <ele>1755</ele>
        <time>2026-07-02T21:40:39+00:00</time>
      </trkpt>
      <trkpt lat="46.18619" lon="6.78062">
        <ele>1752</ele>
        <time>2026-07-02T21:40:42+00:00</time>
      </trkpt>
      <trkpt lat="46.18632" lon="6.78058">
        <ele>1752</ele>
        <time>2026-07-02T21:40:45+00:00</time>
      </trkpt>
      <trkpt lat="46.1864" lon="6.78054">
        <ele>1752</ele>
        <time>2026-07-02T21:40:48+00:00</time>
      </trkpt>
      <trkpt lat="46.18647" lon="6.78048">
        <ele>1753</ele>
        <time>2026-07-02T21:40:51+00:00</time>
      </trkpt>
      <trkpt lat="46.18654" lon="6.78042">
        <ele>1750</ele>
        <time>2026-07-02T21:40:54+00:00</time>
      </trkpt>
      <trkpt lat="46.18663" lon="6.78035">
        <ele>1749</ele>
        <time>2026-07-02T21:40:57+00:00</time>
      </trkpt>
      <trkpt lat="46.18673" lon="6.7803">
        <ele>1744</ele>
        <time>2026-07-02T21:41:00+00:00</time>
      </trkpt>
      <trkpt lat="46.1868" lon="6.78025">
        <ele>1740</ele>
        <time>2026-07-02T21:41:03+00:00</time>
      </trkpt>
      <trkpt lat="46.18693" lon="6.78015">
        <ele>1739</ele>
        <time>2026-07-02T21:41:06+00:00</time>
      </trkpt>
      <trkpt lat="46.18706" lon="6.78005">
        <ele>1737</ele>
        <time>2026-07-02T21:41:09+00:00</time>
      </trkpt>
      <trkpt lat="46.18715" lon="6.77999">
        <ele>1737</ele>
        <time>2026-07-02T21:41:12+00:00</time>
      </trkpt>
      <trkpt lat="46.18726" lon="6.77991">
        <ele>1736</ele>
        <time>2026-07-02T21:41:15+00:00</time>
      </trkpt>
      <trkpt lat="46.18732" lon="6.77985">
        <ele>1733</ele>
        <time>2026-07-02T21:41:18+00:00</time>
      </trkpt>
      <trkpt lat="46.18738" lon="6.77977">
        <ele>1733</ele>
        <time>2026-07-02T21:41:21+00:00</time>
      </trkpt>
      <trkpt lat="46.18745" lon="6.77967">
        <ele>1732</ele>
        <time>2026-07-02T21:41:24+00:00</time>
      </trkpt>
      <trkpt lat="46.18749" lon="6.77958">
        <ele>1733</ele>
        <time>2026-07-02T21:41:27+00:00</time>
      </trkpt>
      <trkpt lat="46.18752" lon="6.77951">
        <ele>1733</ele>
        <time>2026-07-02T21:41:30+00:00</time>
      </trkpt>
      <trkpt lat="46.18753" lon="6.77941">
        <ele>1733</ele>
        <time>2026-07-02T21:41:33+00:00</time>
      </trkpt>
      <trkpt lat="46.18755" lon="6.77925">
        <ele>1734</ele>
        <time>2026-07-02T21:41:36+00:00</time>
      </trkpt>
      <trkpt lat="46.18754" lon="6.7792">
        <ele>1735</ele>
        <time>2026-07-02T21:41:39+00:00</time>
      </trkpt>
      <trkpt lat="46.18755" lon="6.77899">
        <ele>1736</ele>
        <time>2026-07-02T21:41:42+00:00</time>
      </trkpt>
      <trkpt lat="46.18758" lon="6.77876">
        <ele>1736</ele>
        <time>2026-07-02T21:41:45+00:00</time>
      </trkpt>
      <trkpt lat="46.18758" lon="6.77872">
        <ele>1736</ele>
        <time>2026-07-02T21:41:48+00:00</time>
      </trkpt>
      <trkpt lat="46.18762" lon="6.77849">
        <ele>1739</ele>
        <time>2026-07-02T21:41:51+00:00</time>
      </trkpt>
      <trkpt lat="46.18765" lon="6.77819">
        <ele>1741</ele>
        <time>2026-07-02T21:41:54+00:00</time>
      </trkpt>
      <trkpt lat="46.18767" lon="6.77804">
        <ele>1743</ele>
        <time>2026-07-02T21:41:57+00:00</time>
      </trkpt>
      <trkpt lat="46.18768" lon="6.77794">
        <ele>1744</ele>
        <time>2026-07-02T21:42:00+00:00</time>
      </trkpt>
      <trkpt lat="46.18767" lon="6.77782">
        <ele>1745</ele>
        <time>2026-07-02T21:42:03+00:00</time>
      </trkpt>
      <trkpt lat="46.18767" lon="6.77769">
        <ele>1750</ele>
        <time>2026-07-02T21:42:06+00:00</time>
      </trkpt>
      <trkpt lat="46.18765" lon="6.77753">
        <ele>1751</ele>
        <time>2026-07-02T21:42:09+00:00</time>
      </trkpt>
      <trkpt lat="46.18763" lon="6.77734">
        <ele>1753</ele>
        <time>2026-07-02T21:42:12+00:00</time>
      </trkpt>
      <trkpt lat="46.18763" lon="6.77733">
        <ele>1753</ele>
        <time>2026-07-02T21:42:15+00:00</time>
      </trkpt>
      <trkpt lat="46.18763" lon="6.77727">
        <ele>1754</ele>
        <time>2026-07-02T21:42:18+00:00</time>
      </trkpt>
      <trkpt lat="46.18763" lon="6.77719">
        <ele>1755</ele>
        <time>2026-07-02T21:42:21+00:00</time>
      </trkpt>
      <trkpt lat="46.18764" lon="6.77708">
        <ele>1756</ele>
        <time>2026-07-02T21:42:24+00:00</time>
      </trkpt>
      <trkpt lat="46.18768" lon="6.77692">
        <ele>1756</ele>
        <time>2026-07-02T21:42:27+00:00</time>
      </trkpt>
      <trkpt lat="46.18767" lon="6.77688">
        <ele>1757</ele>
        <time>2026-07-02T21:42:30+00:00</time>
      </trkpt>
      <trkpt lat="46.18766" lon="6.7768">
        <ele>1757</ele>
        <time>2026-07-02T21:42:33+00:00</time>
      </trkpt>
      <trkpt lat="46.18765" lon="6.77664">
        <ele>1758</ele>
        <time>2026-07-02T21:42:36+00:00</time>
      </trkpt>
      <trkpt lat="46.18763" lon="6.77647">
        <ele>1760</ele>
        <time>2026-07-02T21:42:39+00:00</time>
      </trkpt>
      <trkpt lat="46.18762" lon="6.77637">
        <ele>1761</ele>
        <time>2026-07-02T21:42:42+00:00</time>
      </trkpt>
      <trkpt lat="46.1876" lon="6.77617">
        <ele>1764</ele>
        <time>2026-07-02T21:42:45+00:00</time>
      </trkpt>
      <trkpt lat="46.18759" lon="6.77605">
        <ele>1765</ele>
        <time>2026-07-02T21:42:48+00:00</time>
      </trkpt>
      <trkpt lat="46.18759" lon="6.7759">
        <ele>1767</ele>
        <time>2026-07-02T21:42:51+00:00</time>
      </trkpt>
      <trkpt lat="46.18761" lon="6.77574">
        <ele>1766</ele>
        <time>2026-07-02T21:42:54+00:00</time>
      </trkpt>
      <trkpt lat="46.18765" lon="6.77558">
        <ele>1767</ele>
        <time>2026-07-02T21:42:57+00:00</time>
      </trkpt>
      <trkpt lat="46.1877" lon="6.77545">
        <ele>1767</ele>
        <time>2026-07-02T21:43:00+00:00</time>
      </trkpt>
      <trkpt lat="46.18767" lon="6.77546">
        <ele>1767</ele>
        <time>2026-07-02T21:43:03+00:00</time>
      </trkpt>
      <trkpt lat="46.18765" lon="6.77548">
        <ele>1767</ele>
        <time>2026-07-02T21:43:06+00:00</time>
      </trkpt>
      <trkpt lat="46.18762" lon="6.77551">
        <ele>1767</ele>
        <time>2026-07-02T21:43:09+00:00</time>
      </trkpt>
      <trkpt lat="46.18758" lon="6.77555">
        <ele>1768</ele>
        <time>2026-07-02T21:43:12+00:00</time>
      </trkpt>
      <trkpt lat="46.18753" lon="6.77558">
        <ele>1768</ele>
        <time>2026-07-02T21:43:15+00:00</time>
      </trkpt>
      <trkpt lat="46.18747" lon="6.7756">
        <ele>1769</ele>
        <time>2026-07-02T21:43:18+00:00</time>
      </trkpt>
      <trkpt lat="46.18738" lon="6.7756">
        <ele>1771</ele>
        <time>2026-07-02T21:43:21+00:00</time>
      </trkpt>
      <trkpt lat="46.1873" lon="6.77562">
        <ele>1771</ele>
        <time>2026-07-02T21:43:24+00:00</time>
      </trkpt>
      <trkpt lat="46.18716" lon="6.77569">
        <ele>1777</ele>
        <time>2026-07-02T21:43:27+00:00</time>
      </trkpt>
      <trkpt lat="46.18706" lon="6.77577">
        <ele>1779</ele>
        <time>2026-07-02T21:43:30+00:00</time>
      </trkpt>
      <trkpt lat="46.18695" lon="6.77585">
        <ele>1781</ele>
        <time>2026-07-02T21:43:33+00:00</time>
      </trkpt>
      <trkpt lat="46.18685" lon="6.77591">
        <ele>1783</ele>
        <time>2026-07-02T21:43:36+00:00</time>
      </trkpt>
      <trkpt lat="46.18678" lon="6.77597">
        <ele>1784</ele>
        <time>2026-07-02T21:43:39+00:00</time>
      </trkpt>
      <trkpt lat="46.18672" lon="6.77601">
        <ele>1784</ele>
        <time>2026-07-02T21:43:42+00:00</time>
      </trkpt>
      <trkpt lat="46.18665" lon="6.77604">
        <ele>1781</ele>
        <time>2026-07-02T21:43:45+00:00</time>
      </trkpt>
      <trkpt lat="46.18664" lon="6.77589">
        <ele>1784</ele>
        <time>2026-07-02T21:43:48+00:00</time>
      </trkpt>
      <trkpt lat="46.18661" lon="6.77585">
        <ele>1784</ele>
        <time>2026-07-02T21:43:51+00:00</time>
      </trkpt>
      <trkpt lat="46.18657" lon="6.77579">
        <ele>1782</ele>
        <time>2026-07-02T21:43:54+00:00</time>
      </trkpt>
      <trkpt lat="46.18654" lon="6.77575">
        <ele>1780</ele>
        <time>2026-07-02T21:43:57+00:00</time>
      </trkpt>
      <trkpt lat="46.18652" lon="6.77574">
        <ele>1780</ele>
        <time>2026-07-02T21:44:00+00:00</time>
      </trkpt>
      <trkpt lat="46.18649" lon="6.77573">
        <ele>1777</ele>
        <time>2026-07-02T21:44:03+00:00</time>
      </trkpt>
      <trkpt lat="46.18647" lon="6.77573">
        <ele>1777</ele>
        <time>2026-07-02T21:44:06+00:00</time>
      </trkpt>
      <trkpt lat="46.18646" lon="6.77575">
        <ele>1777</ele>
        <time>2026-07-02T21:44:09+00:00</time>
      </trkpt>
      <trkpt lat="46.18644" lon="6.77577">
        <ele>1777</ele>
        <time>2026-07-02T21:44:12+00:00</time>
      </trkpt>
      <trkpt lat="46.18643" lon="6.7758">
        <ele>1777</ele>
        <time>2026-07-02T21:44:15+00:00</time>
      </trkpt>
      <trkpt lat="46.18641" lon="6.77582">
        <ele>1780</ele>
        <time>2026-07-02T21:44:18+00:00</time>
      </trkpt>
      <trkpt lat="46.18639" lon="6.77583">
        <ele>1781</ele>
        <time>2026-07-02T21:44:21+00:00</time>
      </trkpt>
      <trkpt lat="46.18637" lon="6.77583">
        <ele>1781</ele>
        <time>2026-07-02T21:44:24+00:00</time>
      </trkpt>
      <trkpt lat="46.18633" lon="6.77584">
        <ele>1781</ele>
        <time>2026-07-02T21:44:27+00:00</time>
      </trkpt>
      <trkpt lat="46.18628" lon="6.77584">
        <ele>1778</ele>
        <time>2026-07-02T21:44:30+00:00</time>
      </trkpt>
      <trkpt lat="46.18624" lon="6.77585">
        <ele>1778</ele>
        <time>2026-07-02T21:44:33+00:00</time>
      </trkpt>
      <trkpt lat="46.18621" lon="6.77585">
        <ele>1779</ele>
        <time>2026-07-02T21:44:36+00:00</time>
      </trkpt>
      <trkpt lat="46.18616" lon="6.77588">
        <ele>1775</ele>
        <time>2026-07-02T21:44:39+00:00</time>
      </trkpt>
      <trkpt lat="46.18613" lon="6.77589">
        <ele>1775</ele>
        <time>2026-07-02T21:44:42+00:00</time>
      </trkpt>
      <trkpt lat="46.18609" lon="6.77591">
        <ele>1779</ele>
        <time>2026-07-02T21:44:45+00:00</time>
      </trkpt>
      <trkpt lat="46.18604" lon="6.77594">
        <ele>1779</ele>
        <time>2026-07-02T21:44:48+00:00</time>
      </trkpt>
      <trkpt lat="46.18601" lon="6.77599">
        <ele>1779</ele>
        <time>2026-07-02T21:44:51+00:00</time>
      </trkpt>
      <trkpt lat="46.18598" lon="6.77602">
        <ele>1791</ele>
        <time>2026-07-02T21:44:54+00:00</time>
      </trkpt>
      <trkpt lat="46.18595" lon="6.77604">
        <ele>1791</ele>
        <time>2026-07-02T21:44:57+00:00</time>
      </trkpt>
      <trkpt lat="46.18592" lon="6.77609">
        <ele>1791</ele>
        <time>2026-07-02T21:45:00+00:00</time>
      </trkpt>
      <trkpt lat="46.18588" lon="6.77615">
        <ele>1796</ele>
        <time>2026-07-02T21:45:03+00:00</time>
      </trkpt>
      <trkpt lat="46.18585" lon="6.77619">
        <ele>1796</ele>
        <time>2026-07-02T21:45:06+00:00</time>
      </trkpt>
      <trkpt lat="46.18584" lon="6.77622">
        <ele>1800</ele>
        <time>2026-07-02T21:45:09+00:00</time>
      </trkpt>
      <trkpt lat="46.1858" lon="6.77632">
        <ele>1804</ele>
        <time>2026-07-02T21:45:12+00:00</time>
      </trkpt>
      <trkpt lat="46.18576" lon="6.7764">
        <ele>1804</ele>
        <time>2026-07-02T21:45:15+00:00</time>
      </trkpt>
      <trkpt lat="46.18573" lon="6.77645">
        <ele>1800</ele>
        <time>2026-07-02T21:45:18+00:00</time>
      </trkpt>
      <trkpt lat="46.18571" lon="6.77646">
        <ele>1807</ele>
        <time>2026-07-02T21:45:21+00:00</time>
      </trkpt>
      <trkpt lat="46.18569" lon="6.77645">
        <ele>1808</ele>
        <time>2026-07-02T21:45:24+00:00</time>
      </trkpt>
      <trkpt lat="46.18565" lon="6.77644">
        <ele>1808</ele>
        <time>2026-07-02T21:45:27+00:00</time>
      </trkpt>
      <trkpt lat="46.18563" lon="6.77643">
        <ele>1808</ele>
        <time>2026-07-02T21:45:30+00:00</time>
      </trkpt>
      <trkpt lat="46.18561" lon="6.77641">
        <ele>1808</ele>
        <time>2026-07-02T21:45:33+00:00</time>
      </trkpt>
      <trkpt lat="46.18557" lon="6.77636">
        <ele>1807</ele>
        <time>2026-07-02T21:45:36+00:00</time>
      </trkpt>
      <trkpt lat="46.18554" lon="6.7763">
        <ele>1804</ele>
        <time>2026-07-02T21:45:39+00:00</time>
      </trkpt>
      <trkpt lat="46.18552" lon="6.77624">
        <ele>1804</ele>
        <time>2026-07-02T21:45:42+00:00</time>
      </trkpt>
      <trkpt lat="46.18551" lon="6.77622">
        <ele>1804</ele>
        <time>2026-07-02T21:45:45+00:00</time>
      </trkpt>
      <trkpt lat="46.18548" lon="6.77621">
        <ele>1806</ele>
        <time>2026-07-02T21:45:48+00:00</time>
      </trkpt>
      <trkpt lat="46.18543" lon="6.77622">
        <ele>1806</ele>
        <time>2026-07-02T21:45:51+00:00</time>
      </trkpt>
      <trkpt lat="46.18538" lon="6.77623">
        <ele>1806</ele>
        <time>2026-07-02T21:45:54+00:00</time>
      </trkpt>
      <trkpt lat="46.18533" lon="6.77625">
        <ele>1806</ele>
        <time>2026-07-02T21:45:57+00:00</time>
      </trkpt>
      <trkpt lat="46.1853" lon="6.77627">
        <ele>1806</ele>
        <time>2026-07-02T21:46:00+00:00</time>
      </trkpt>
      <trkpt lat="46.18522" lon="6.77632">
        <ele>1810</ele>
        <time>2026-07-02T21:46:03+00:00</time>
      </trkpt>
      <trkpt lat="46.18519" lon="6.77636">
        <ele>1810</ele>
        <time>2026-07-02T21:46:06+00:00</time>
      </trkpt>
      <trkpt lat="46.18515" lon="6.77641">
        <ele>1813</ele>
        <time>2026-07-02T21:46:09+00:00</time>
      </trkpt>
      <trkpt lat="46.18512" lon="6.77645">
        <ele>1813</ele>
        <time>2026-07-02T21:46:12+00:00</time>
      </trkpt>
      <trkpt lat="46.18511" lon="6.7765">
        <ele>1813</ele>
        <time>2026-07-02T21:46:15+00:00</time>
      </trkpt>
      <trkpt lat="46.18508" lon="6.77651">
        <ele>1816</ele>
        <time>2026-07-02T21:46:18+00:00</time>
      </trkpt>
      <trkpt lat="46.18507" lon="6.77651">
        <ele>1816</ele>
        <time>2026-07-02T21:46:21+00:00</time>
      </trkpt>
      <trkpt lat="46.18505" lon="6.7765">
        <ele>1808</ele>
        <time>2026-07-02T21:46:24+00:00</time>
      </trkpt>
      <trkpt lat="46.18504" lon="6.77647">
        <ele>1813</ele>
        <time>2026-07-02T21:46:27+00:00</time>
      </trkpt>
      <trkpt lat="46.18503" lon="6.77643">
        <ele>1813</ele>
        <time>2026-07-02T21:46:30+00:00</time>
      </trkpt>
      <trkpt lat="46.18502" lon="6.77638">
        <ele>1809</ele>
        <time>2026-07-02T21:46:33+00:00</time>
      </trkpt>
      <trkpt lat="46.18502" lon="6.77637">
        <ele>1809</ele>
        <time>2026-07-02T21:46:36+00:00</time>
      </trkpt>
      <trkpt lat="46.18502" lon="6.77636">
        <ele>1809</ele>
        <time>2026-07-02T21:46:39+00:00</time>
      </trkpt>
      <trkpt lat="46.18501" lon="6.77636">
        <ele>1809</ele>
        <time>2026-07-02T21:46:42+00:00</time>
      </trkpt>
      <trkpt lat="46.18495" lon="6.77636">
        <ele>1807</ele>
        <time>2026-07-02T21:46:45+00:00</time>
      </trkpt>
      <trkpt lat="46.18492" lon="6.77636">
        <ele>1807</ele>
        <time>2026-07-02T21:46:48+00:00</time>
      </trkpt>
      <trkpt lat="46.18488" lon="6.77634">
        <ele>1804</ele>
        <time>2026-07-02T21:46:51+00:00</time>
      </trkpt>
      <trkpt lat="46.18486" lon="6.77635">
        <ele>1804</ele>
        <time>2026-07-02T21:46:54+00:00</time>
      </trkpt>
      <trkpt lat="46.18484" lon="6.77636">
        <ele>1804</ele>
        <time>2026-07-02T21:46:57+00:00</time>
      </trkpt>
      <trkpt lat="46.1848" lon="6.77641">
        <ele>1807</ele>
        <time>2026-07-02T21:47:00+00:00</time>
      </trkpt>
      <trkpt lat="46.18478" lon="6.77643">
        <ele>1807</ele>
        <time>2026-07-02T21:47:03+00:00</time>
      </trkpt>
      <trkpt lat="46.18476" lon="6.77644">
        <ele>1807</ele>
        <time>2026-07-02T21:47:06+00:00</time>
      </trkpt>
      <trkpt lat="46.18473" lon="6.77643">
        <ele>1807</ele>
        <time>2026-07-02T21:47:09+00:00</time>
      </trkpt>
      <trkpt lat="46.18468" lon="6.77644">
        <ele>1806</ele>
        <time>2026-07-02T21:47:12+00:00</time>
      </trkpt>
      <trkpt lat="46.18467" lon="6.77644">
        <ele>1806</ele>
        <time>2026-07-02T21:47:15+00:00</time>
      </trkpt>
      <trkpt lat="46.18467" lon="6.77643">
        <ele>1806</ele>
        <time>2026-07-02T21:47:18+00:00</time>
      </trkpt>
      <trkpt lat="46.18468" lon="6.7764">
        <ele>1806</ele>
        <time>2026-07-02T21:47:21+00:00</time>
      </trkpt>
      <trkpt lat="46.1847" lon="6.77634">
        <ele>1802</ele>
        <time>2026-07-02T21:47:24+00:00</time>
      </trkpt>
      <trkpt lat="46.18472" lon="6.77628">
        <ele>1798</ele>
        <time>2026-07-02T21:47:27+00:00</time>
      </trkpt>
      <trkpt lat="46.18474" lon="6.77621">
        <ele>1798</ele>
        <time>2026-07-02T21:47:30+00:00</time>
      </trkpt>
      <trkpt lat="46.18476" lon="6.77616">
        <ele>1793</ele>
        <time>2026-07-02T21:47:33+00:00</time>
      </trkpt>
      <trkpt lat="46.18477" lon="6.77614">
        <ele>1793</ele>
        <time>2026-07-02T21:47:36+00:00</time>
      </trkpt>
      <trkpt lat="46.18477" lon="6.77613">
        <ele>1793</ele>
        <time>2026-07-02T21:47:39+00:00</time>
      </trkpt>
      <trkpt lat="46.18476" lon="6.77612">
        <ele>1793</ele>
        <time>2026-07-02T21:47:42+00:00</time>
      </trkpt>
      <trkpt lat="46.18475" lon="6.77612">
        <ele>1793</ele>
        <time>2026-07-02T21:47:45+00:00</time>
      </trkpt>
      <trkpt lat="46.18471" lon="6.77613">
        <ele>1793</ele>
        <time>2026-07-02T21:47:48+00:00</time>
      </trkpt>
      <trkpt lat="46.18467" lon="6.77614">
        <ele>1792</ele>
        <time>2026-07-02T21:47:51+00:00</time>
      </trkpt>
      <trkpt lat="46.18466" lon="6.77614">
        <ele>1792</ele>
        <time>2026-07-02T21:47:54+00:00</time>
      </trkpt>
      <trkpt lat="46.18463" lon="6.77613">
        <ele>1792</ele>
        <time>2026-07-02T21:47:57+00:00</time>
      </trkpt>
      <trkpt lat="46.18459" lon="6.77614">
        <ele>1792</ele>
        <time>2026-07-02T21:48:00+00:00</time>
      </trkpt>
      <trkpt lat="46.18453" lon="6.77613">
        <ele>1792</ele>
        <time>2026-07-02T21:48:03+00:00</time>
      </trkpt>
      <trkpt lat="46.18448" lon="6.77613">
        <ele>1792</ele>
        <time>2026-07-02T21:48:06+00:00</time>
      </trkpt>
      <trkpt lat="46.18444" lon="6.77611">
        <ele>1792</ele>
        <time>2026-07-02T21:48:09+00:00</time>
      </trkpt>
      <trkpt lat="46.18438" lon="6.7761">
        <ele>1793</ele>
        <time>2026-07-02T21:48:12+00:00</time>
      </trkpt>
      <trkpt lat="46.18431" lon="6.77609">
        <ele>1788</ele>
        <time>2026-07-02T21:48:15+00:00</time>
      </trkpt>
      <trkpt lat="46.18427" lon="6.77609">
        <ele>1790</ele>
        <time>2026-07-02T21:48:18+00:00</time>
      </trkpt>
      <trkpt lat="46.18424" lon="6.7761">
        <ele>1795</ele>
        <time>2026-07-02T21:48:21+00:00</time>
      </trkpt>
      <trkpt lat="46.18417" lon="6.77611">
        <ele>1796</ele>
        <time>2026-07-02T21:48:24+00:00</time>
      </trkpt>
      <trkpt lat="46.18406" lon="6.77612">
        <ele>1797</ele>
        <time>2026-07-02T21:48:27+00:00</time>
      </trkpt>
      <trkpt lat="46.18399" lon="6.77614">
        <ele>1799</ele>
        <time>2026-07-02T21:48:30+00:00</time>
      </trkpt>
      <trkpt lat="46.18393" lon="6.77618">
        <ele>1799</ele>
        <time>2026-07-02T21:48:33+00:00</time>
      </trkpt>
      <trkpt lat="46.1839" lon="6.77619">
        <ele>1801</ele>
        <time>2026-07-02T21:48:36+00:00</time>
      </trkpt>
      <trkpt lat="46.18384" lon="6.77617">
        <ele>1801</ele>
        <time>2026-07-02T21:48:39+00:00</time>
      </trkpt>
      <trkpt lat="46.18378" lon="6.77617">
        <ele>1804</ele>
        <time>2026-07-02T21:48:42+00:00</time>
      </trkpt>
      <trkpt lat="46.18369" lon="6.77618">
        <ele>1811</ele>
        <time>2026-07-02T21:48:45+00:00</time>
      </trkpt>
      <trkpt lat="46.18366" lon="6.77618">
        <ele>1811</ele>
        <time>2026-07-02T21:48:48+00:00</time>
      </trkpt>
      <trkpt lat="46.18363" lon="6.77617">
        <ele>1811</ele>
        <time>2026-07-02T21:48:51+00:00</time>
      </trkpt>
      <trkpt lat="46.18361" lon="6.77615">
        <ele>1811</ele>
        <time>2026-07-02T21:48:54+00:00</time>
      </trkpt>
      <trkpt lat="46.18359" lon="6.77613">
        <ele>1815</ele>
        <time>2026-07-02T21:48:57+00:00</time>
      </trkpt>
      <trkpt lat="46.18357" lon="6.77613">
        <ele>1815</ele>
        <time>2026-07-02T21:49:00+00:00</time>
      </trkpt>
      <trkpt lat="46.18356" lon="6.77614">
        <ele>1815</ele>
        <time>2026-07-02T21:49:03+00:00</time>
      </trkpt>
      <trkpt lat="46.18356" lon="6.77616">
        <ele>1815</ele>
        <time>2026-07-02T21:49:06+00:00</time>
      </trkpt>
      <trkpt lat="46.18356" lon="6.77621">
        <ele>1815</ele>
        <time>2026-07-02T21:49:09+00:00</time>
      </trkpt>
      <trkpt lat="46.18355" lon="6.77622">
        <ele>1815</ele>
        <time>2026-07-02T21:49:12+00:00</time>
      </trkpt>
      <trkpt lat="46.18354" lon="6.77622">
        <ele>1815</ele>
        <time>2026-07-02T21:49:15+00:00</time>
      </trkpt>
      <trkpt lat="46.18352" lon="6.7762">
        <ele>1815</ele>
        <time>2026-07-02T21:49:18+00:00</time>
      </trkpt>
      <trkpt lat="46.18351" lon="6.77618">
        <ele>1815</ele>
        <time>2026-07-02T21:49:21+00:00</time>
      </trkpt>
      <trkpt lat="46.18349" lon="6.77616">
        <ele>1819</ele>
        <time>2026-07-02T21:49:24+00:00</time>
      </trkpt>
      <trkpt lat="46.18347" lon="6.77613">
        <ele>1819</ele>
        <time>2026-07-02T21:49:27+00:00</time>
      </trkpt>
      <trkpt lat="46.18346" lon="6.77612">
        <ele>1819</ele>
        <time>2026-07-02T21:49:30+00:00</time>
      </trkpt>
      <trkpt lat="46.18344" lon="6.77612">
        <ele>1819</ele>
        <time>2026-07-02T21:49:33+00:00</time>
      </trkpt>
      <trkpt lat="46.18343" lon="6.77611">
        <ele>1819</ele>
        <time>2026-07-02T21:49:36+00:00</time>
      </trkpt>
      <trkpt lat="46.18342" lon="6.77609">
        <ele>1819</ele>
        <time>2026-07-02T21:49:39+00:00</time>
      </trkpt>
      <trkpt lat="46.18341" lon="6.77606">
        <ele>1819</ele>
        <time>2026-07-02T21:49:42+00:00</time>
      </trkpt>
      <trkpt lat="46.18341" lon="6.77604">
        <ele>1819</ele>
        <time>2026-07-02T21:49:45+00:00</time>
      </trkpt>
      <trkpt lat="46.1834" lon="6.77603">
        <ele>1823</ele>
        <time>2026-07-02T21:49:48+00:00</time>
      </trkpt>
      <trkpt lat="46.18338" lon="6.776">
        <ele>1822</ele>
        <time>2026-07-02T21:49:51+00:00</time>
      </trkpt>
      <trkpt lat="46.18337" lon="6.77596">
        <ele>1822</ele>
        <time>2026-07-02T21:49:54+00:00</time>
      </trkpt>
      <trkpt lat="46.18335" lon="6.77592">
        <ele>1822</ele>
        <time>2026-07-02T21:49:57+00:00</time>
      </trkpt>
      <trkpt lat="46.18332" lon="6.77588">
        <ele>1821</ele>
        <time>2026-07-02T21:50:00+00:00</time>
      </trkpt>
      <trkpt lat="46.1833" lon="6.77585">
        <ele>1824</ele>
        <time>2026-07-02T21:50:03+00:00</time>
      </trkpt>
      <trkpt lat="46.1833" lon="6.77585">
        <ele>1824</ele>
        <time>2026-07-02T21:50:06+00:00</time>
      </trkpt>
      <trkpt lat="46.18328" lon="6.77586">
        <ele>1824</ele>
        <time>2026-07-02T21:50:09+00:00</time>
      </trkpt>
      <trkpt lat="46.18329" lon="6.7759">
        <ele>1824</ele>
        <time>2026-07-02T21:50:12+00:00</time>
      </trkpt>
      <trkpt lat="46.18328" lon="6.77591">
        <ele>1825</ele>
        <time>2026-07-02T21:50:15+00:00</time>
      </trkpt>
      <trkpt lat="46.18327" lon="6.7759">
        <ele>1824</ele>
        <time>2026-07-02T21:50:18+00:00</time>
      </trkpt>
      <trkpt lat="46.18326" lon="6.77588">
        <ele>1824</ele>
        <time>2026-07-02T21:50:21+00:00</time>
      </trkpt>
      <trkpt lat="46.18324" lon="6.77586">
        <ele>1824</ele>
        <time>2026-07-02T21:50:24+00:00</time>
      </trkpt>
      <trkpt lat="46.18324" lon="6.77584">
        <ele>1824</ele>
        <time>2026-07-02T21:50:27+00:00</time>
      </trkpt>
      <trkpt lat="46.18323" lon="6.77583">
        <ele>1824</ele>
        <time>2026-07-02T21:50:30+00:00</time>
      </trkpt>
      <trkpt lat="46.18323" lon="6.77583">
        <ele>1824</ele>
        <time>2026-07-02T21:50:33+00:00</time>
      </trkpt>
      <trkpt lat="46.18322" lon="6.77584">
        <ele>1824</ele>
        <time>2026-07-02T21:50:36+00:00</time>
      </trkpt>
      <trkpt lat="46.1832" lon="6.77586">
        <ele>1826</ele>
        <time>2026-07-02T21:50:39+00:00</time>
      </trkpt>
      <trkpt lat="46.18318" lon="6.77587">
        <ele>1826</ele>
        <time>2026-07-02T21:50:42+00:00</time>
      </trkpt>
      <trkpt lat="46.18316" lon="6.77587">
        <ele>1826</ele>
        <time>2026-07-02T21:50:45+00:00</time>
      </trkpt>
      <trkpt lat="46.18314" lon="6.77587">
        <ele>1826</ele>
        <time>2026-07-02T21:50:48+00:00</time>
      </trkpt>
      <trkpt lat="46.1831" lon="6.77589">
        <ele>1826</ele>
        <time>2026-07-02T21:50:51+00:00</time>
      </trkpt>
      <trkpt lat="46.18306" lon="6.77591">
        <ele>1830</ele>
        <time>2026-07-02T21:50:54+00:00</time>
      </trkpt>
      <trkpt lat="46.18302" lon="6.77593">
        <ele>1830</ele>
        <time>2026-07-02T21:50:57+00:00</time>
      </trkpt>
      <trkpt lat="46.18298" lon="6.77594">
        <ele>1831</ele>
        <time>2026-07-02T21:51:00+00:00</time>
      </trkpt>
      <trkpt lat="46.18296" lon="6.77595">
        <ele>1831</ele>
        <time>2026-07-02T21:51:03+00:00</time>
      </trkpt>
      <trkpt lat="46.18295" lon="6.77596">
        <ele>1831</ele>
        <time>2026-07-02T21:51:06+00:00</time>
      </trkpt>
      <trkpt lat="46.18293" lon="6.77598">
        <ele>1831</ele>
        <time>2026-07-02T21:51:09+00:00</time>
      </trkpt>
      <trkpt lat="46.18291" lon="6.77599">
        <ele>1831</ele>
        <time>2026-07-02T21:51:12+00:00</time>
      </trkpt>
      <trkpt lat="46.18289" lon="6.77599">
        <ele>1834</ele>
        <time>2026-07-02T21:51:15+00:00</time>
      </trkpt>
      <trkpt lat="46.18288" lon="6.77599">
        <ele>1830</ele>
        <time>2026-07-02T21:51:18+00:00</time>
      </trkpt>
      <trkpt lat="46.18286" lon="6.77596">
        <ele>1834</ele>
        <time>2026-07-02T21:51:21+00:00</time>
      </trkpt>
      <trkpt lat="46.18285" lon="6.77593">
        <ele>1834</ele>
        <time>2026-07-02T21:51:24+00:00</time>
      </trkpt>
      <trkpt lat="46.18284" lon="6.7759">
        <ele>1834</ele>
        <time>2026-07-02T21:51:27+00:00</time>
      </trkpt>
      <trkpt lat="46.18281" lon="6.77587">
        <ele>1833</ele>
        <time>2026-07-02T21:51:30+00:00</time>
      </trkpt>
      <trkpt lat="46.1828" lon="6.77584">
        <ele>1837</ele>
        <time>2026-07-02T21:51:33+00:00</time>
      </trkpt>
      <trkpt lat="46.18279" lon="6.77582">
        <ele>1837</ele>
        <time>2026-07-02T21:51:36+00:00</time>
      </trkpt>
      <trkpt lat="46.18278" lon="6.77578">
        <ele>1834</ele>
        <time>2026-07-02T21:51:39+00:00</time>
      </trkpt>
      <trkpt lat="46.18277" lon="6.77569">
        <ele>1830</ele>
        <time>2026-07-02T21:51:42+00:00</time>
      </trkpt>
      <trkpt lat="46.18276" lon="6.77563">
        <ele>1830</ele>
        <time>2026-07-02T21:51:45+00:00</time>
      </trkpt>
      <trkpt lat="46.18276" lon="6.77561">
        <ele>1830</ele>
        <time>2026-07-02T21:51:48+00:00</time>
      </trkpt>
      <trkpt lat="46.18276" lon="6.77559">
        <ele>1827</ele>
        <time>2026-07-02T21:51:51+00:00</time>
      </trkpt>
      <trkpt lat="46.18277" lon="6.77557">
        <ele>1827</ele>
        <time>2026-07-02T21:51:54+00:00</time>
      </trkpt>
      <trkpt lat="46.18277" lon="6.7755">
        <ele>1827</ele>
        <time>2026-07-02T21:51:57+00:00</time>
      </trkpt>
      <trkpt lat="46.18277" lon="6.77546">
        <ele>1823</ele>
        <time>2026-07-02T21:52:00+00:00</time>
      </trkpt>
      <trkpt lat="46.18276" lon="6.77544">
        <ele>1823</ele>
        <time>2026-07-02T21:52:03+00:00</time>
      </trkpt>
      <trkpt lat="46.18275" lon="6.77542">
        <ele>1823</ele>
        <time>2026-07-02T21:52:06+00:00</time>
      </trkpt>
      <trkpt lat="46.18273" lon="6.7754">
        <ele>1816</ele>
        <time>2026-07-02T21:52:09+00:00</time>
      </trkpt>
      <trkpt lat="46.18271" lon="6.77537">
        <ele>1816</ele>
        <time>2026-07-02T21:52:12+00:00</time>
      </trkpt>
      <trkpt lat="46.1827" lon="6.77535">
        <ele>1816</ele>
        <time>2026-07-02T21:52:15+00:00</time>
      </trkpt>
      <trkpt lat="46.18269" lon="6.77533">
        <ele>1819</ele>
        <time>2026-07-02T21:52:18+00:00</time>
      </trkpt>
      <trkpt lat="46.18267" lon="6.77531">
        <ele>1819</ele>
        <time>2026-07-02T21:52:21+00:00</time>
      </trkpt>
      <trkpt lat="46.18267" lon="6.77529">
        <ele>1811</ele>
        <time>2026-07-02T21:52:24+00:00</time>
      </trkpt>
      <trkpt lat="46.18267" lon="6.77525">
        <ele>1811</ele>
        <time>2026-07-02T21:52:27+00:00</time>
      </trkpt>
      <trkpt lat="46.18266" lon="6.77524">
        <ele>1811</ele>
        <time>2026-07-02T21:52:30+00:00</time>
      </trkpt>
      <trkpt lat="46.18265" lon="6.77522">
        <ele>1811</ele>
        <time>2026-07-02T21:52:33+00:00</time>
      </trkpt>
      <trkpt lat="46.18263" lon="6.77522">
        <ele>1811</ele>
        <time>2026-07-02T21:52:36+00:00</time>
      </trkpt>
      <trkpt lat="46.1826" lon="6.77521">
        <ele>1811</ele>
        <time>2026-07-02T21:52:39+00:00</time>
      </trkpt>
      <trkpt lat="46.18259" lon="6.77521">
        <ele>1814</ele>
        <time>2026-07-02T21:52:42+00:00</time>
      </trkpt>
      <trkpt lat="46.18257" lon="6.7752">
        <ele>1805</ele>
        <time>2026-07-02T21:52:45+00:00</time>
      </trkpt>
      <trkpt lat="46.18255" lon="6.77518">
        <ele>1805</ele>
        <time>2026-07-02T21:52:48+00:00</time>
      </trkpt>
      <trkpt lat="46.18254" lon="6.77516">
        <ele>1805</ele>
        <time>2026-07-02T21:52:51+00:00</time>
      </trkpt>
      <trkpt lat="46.18254" lon="6.77515">
        <ele>1805</ele>
        <time>2026-07-02T21:52:54+00:00</time>
      </trkpt>
      <trkpt lat="46.18256" lon="6.77514">
        <ele>1805</ele>
        <time>2026-07-02T21:52:57+00:00</time>
      </trkpt>
      <trkpt lat="46.18258" lon="6.77514">
        <ele>1805</ele>
        <time>2026-07-02T21:53:00+00:00</time>
      </trkpt>
      <trkpt lat="46.18257" lon="6.77513">
        <ele>1805</ele>
        <time>2026-07-02T21:53:03+00:00</time>
      </trkpt>
      <trkpt lat="46.18256" lon="6.77511">
        <ele>1805</ele>
        <time>2026-07-02T21:53:06+00:00</time>
      </trkpt>
      <trkpt lat="46.18254" lon="6.77508">
        <ele>1805</ele>
        <time>2026-07-02T21:53:09+00:00</time>
      </trkpt>
      <trkpt lat="46.18253" lon="6.77507">
        <ele>1799</ele>
        <time>2026-07-02T21:53:12+00:00</time>
      </trkpt>
      <trkpt lat="46.18252" lon="6.77503">
        <ele>1799</ele>
        <time>2026-07-02T21:53:15+00:00</time>
      </trkpt>
      <trkpt lat="46.18251" lon="6.77501">
        <ele>1799</ele>
        <time>2026-07-02T21:53:18+00:00</time>
      </trkpt>
      <trkpt lat="46.18251" lon="6.77498">
        <ele>1797</ele>
        <time>2026-07-02T21:53:21+00:00</time>
      </trkpt>
      <trkpt lat="46.18251" lon="6.77495">
        <ele>1797</ele>
        <time>2026-07-02T21:53:24+00:00</time>
      </trkpt>
      <trkpt lat="46.18252" lon="6.77492">
        <ele>1797</ele>
        <time>2026-07-02T21:53:27+00:00</time>
      </trkpt>
      <trkpt lat="46.18252" lon="6.77488">
        <ele>1797</ele>
        <time>2026-07-02T21:53:30+00:00</time>
      </trkpt>
      <trkpt lat="46.18254" lon="6.77484">
        <ele>1797</ele>
        <time>2026-07-02T21:53:33+00:00</time>
      </trkpt>
      <trkpt lat="46.18256" lon="6.77479">
        <ele>1800</ele>
        <time>2026-07-02T21:53:36+00:00</time>
      </trkpt>
      <trkpt lat="46.18257" lon="6.77477">
        <ele>1800</ele>
        <time>2026-07-02T21:53:39+00:00</time>
      </trkpt>
      <trkpt lat="46.18259" lon="6.77474">
        <ele>1800</ele>
        <time>2026-07-02T21:53:42+00:00</time>
      </trkpt>
      <trkpt lat="46.1826" lon="6.77473">
        <ele>1793</ele>
        <time>2026-07-02T21:53:45+00:00</time>
      </trkpt>
      <trkpt lat="46.18261" lon="6.77471">
        <ele>1793</ele>
        <time>2026-07-02T21:53:48+00:00</time>
      </trkpt>
      <trkpt lat="46.18262" lon="6.77468">
        <ele>1795</ele>
        <time>2026-07-02T21:53:51+00:00</time>
      </trkpt>
      <trkpt lat="46.18263" lon="6.77465">
        <ele>1795</ele>
        <time>2026-07-02T21:53:54+00:00</time>
      </trkpt>
      <trkpt lat="46.18264" lon="6.77461">
        <ele>1795</ele>
        <time>2026-07-02T21:53:57+00:00</time>
      </trkpt>
      <trkpt lat="46.18263" lon="6.77456">
        <ele>1796</ele>
        <time>2026-07-02T21:54:00+00:00</time>
      </trkpt>
      <trkpt lat="46.18263" lon="6.77453">
        <ele>1796</ele>
        <time>2026-07-02T21:54:03+00:00</time>
      </trkpt>
      <trkpt lat="46.18265" lon="6.7745">
        <ele>1796</ele>
        <time>2026-07-02T21:54:06+00:00</time>
      </trkpt>
      <trkpt lat="46.18266" lon="6.77446">
        <ele>1798</ele>
        <time>2026-07-02T21:54:09+00:00</time>
      </trkpt>
      <trkpt lat="46.18268" lon="6.77441">
        <ele>1798</ele>
        <time>2026-07-02T21:54:12+00:00</time>
      </trkpt>
      <trkpt lat="46.18269" lon="6.77441">
        <ele>1798</ele>
        <time>2026-07-02T21:54:15+00:00</time>
      </trkpt>
      <trkpt lat="46.18269" lon="6.77441">
        <ele>1798</ele>
        <time>2026-07-02T21:54:18+00:00</time>
      </trkpt>
      <trkpt lat="46.1827" lon="6.77444">
        <ele>1791</ele>
        <time>2026-07-02T21:54:21+00:00</time>
      </trkpt>
      <trkpt lat="46.18271" lon="6.77446">
        <ele>1791</ele>
        <time>2026-07-02T21:54:24+00:00</time>
      </trkpt>
      <trkpt lat="46.18272" lon="6.77446">
        <ele>1791</ele>
        <time>2026-07-02T21:54:27+00:00</time>
      </trkpt>
      <trkpt lat="46.18273" lon="6.77445">
        <ele>1791</ele>
        <time>2026-07-02T21:54:30+00:00</time>
      </trkpt>
      <trkpt lat="46.18273" lon="6.77443">
        <ele>1791</ele>
        <time>2026-07-02T21:54:33+00:00</time>
      </trkpt>
      <trkpt lat="46.18273" lon="6.77441">
        <ele>1791</ele>
        <time>2026-07-02T21:54:36+00:00</time>
      </trkpt>
      <trkpt lat="46.18275" lon="6.77434">
        <ele>1793</ele>
        <time>2026-07-02T21:54:39+00:00</time>
      </trkpt>
      <trkpt lat="46.18276" lon="6.77433">
        <ele>1793</ele>
        <time>2026-07-02T21:54:42+00:00</time>
      </trkpt>
      <trkpt lat="46.18277" lon="6.77434">
        <ele>1793</ele>
        <time>2026-07-02T21:54:45+00:00</time>
      </trkpt>
      <trkpt lat="46.18278" lon="6.77435">
        <ele>1793</ele>
        <time>2026-07-02T21:54:48+00:00</time>
      </trkpt>
      <trkpt lat="46.18279" lon="6.77437">
        <ele>1793</ele>
        <time>2026-07-02T21:54:51+00:00</time>
      </trkpt>
      <trkpt lat="46.18279" lon="6.77436">
        <ele>1793</ele>
        <time>2026-07-02T21:54:54+00:00</time>
      </trkpt>
      <trkpt lat="46.1828" lon="6.77435">
        <ele>1786</ele>
        <time>2026-07-02T21:54:57+00:00</time>
      </trkpt>
      <trkpt lat="46.18281" lon="6.77433">
        <ele>1786</ele>
        <time>2026-07-02T21:55:00+00:00</time>
      </trkpt>
      <trkpt lat="46.18283" lon="6.77432">
        <ele>1786</ele>
        <time>2026-07-02T21:55:03+00:00</time>
      </trkpt>
      <trkpt lat="46.18284" lon="6.77431">
        <ele>1793</ele>
        <time>2026-07-02T21:55:06+00:00</time>
      </trkpt>
      <trkpt lat="46.18283" lon="6.77427">
        <ele>1787</ele>
        <time>2026-07-02T21:55:09+00:00</time>
      </trkpt>
      <trkpt lat="46.1828" lon="6.77418">
        <ele>1789</ele>
        <time>2026-07-02T21:55:12+00:00</time>
      </trkpt>
      <trkpt lat="46.18277" lon="6.77409">
        <ele>1796</ele>
        <time>2026-07-02T21:55:15+00:00</time>
      </trkpt>
      <trkpt lat="46.18274" lon="6.77401">
        <ele>1796</ele>
        <time>2026-07-02T21:55:18+00:00</time>
      </trkpt>
      <trkpt lat="46.18271" lon="6.77395">
        <ele>1796</ele>
        <time>2026-07-02T21:55:21+00:00</time>
      </trkpt>
      <trkpt lat="46.18268" lon="6.77388">
        <ele>1803</ele>
        <time>2026-07-02T21:55:24+00:00</time>
      </trkpt>
      <trkpt lat="46.18263" lon="6.77374">
        <ele>1803</ele>
        <time>2026-07-02T21:55:27+00:00</time>
      </trkpt>
      <trkpt lat="46.18259" lon="6.7736">
        <ele>1808</ele>
        <time>2026-07-02T21:55:30+00:00</time>
      </trkpt>
      <trkpt lat="46.18256" lon="6.77348">
        <ele>1805</ele>
        <time>2026-07-02T21:55:33+00:00</time>
      </trkpt>
      <trkpt lat="46.18254" lon="6.77342">
        <ele>1805</ele>
        <time>2026-07-02T21:55:36+00:00</time>
      </trkpt>
      <trkpt lat="46.18252" lon="6.77338">
        <ele>1801</ele>
        <time>2026-07-02T21:55:39+00:00</time>
      </trkpt>
      <trkpt lat="46.18249" lon="6.77336">
        <ele>1813</ele>
        <time>2026-07-02T21:55:42+00:00</time>
      </trkpt>
      <trkpt lat="46.18242" lon="6.77331">
        <ele>1813</ele>
        <time>2026-07-02T21:55:45+00:00</time>
      </trkpt>
      <trkpt lat="46.18241" lon="6.7733">
        <ele>1813</ele>
        <time>2026-07-02T21:55:48+00:00</time>
      </trkpt>
      <trkpt lat="46.18239" lon="6.77329">
        <ele>1815</ele>
        <time>2026-07-02T21:55:51+00:00</time>
      </trkpt>
      <trkpt lat="46.18236" lon="6.77325">
        <ele>1815</ele>
        <time>2026-07-02T21:55:54+00:00</time>
      </trkpt>
      <trkpt lat="46.18233" lon="6.77322">
        <ele>1815</ele>
        <time>2026-07-02T21:55:57+00:00</time>
      </trkpt>
      <trkpt lat="46.1823" lon="6.77318">
        <ele>1812</ele>
        <time>2026-07-02T21:56:00+00:00</time>
      </trkpt>
      <trkpt lat="46.18227" lon="6.77313">
        <ele>1811</ele>
        <time>2026-07-02T21:56:03+00:00</time>
      </trkpt>
      <trkpt lat="46.18224" lon="6.77309">
        <ele>1814</ele>
        <time>2026-07-02T21:56:06+00:00</time>
      </trkpt>
      <trkpt lat="46.18222" lon="6.77305">
        <ele>1814</ele>
        <time>2026-07-02T21:56:09+00:00</time>
      </trkpt>
      <trkpt lat="46.1822" lon="6.773">
        <ele>1819</ele>
        <time>2026-07-02T21:56:12+00:00</time>
      </trkpt>
      <trkpt lat="46.18218" lon="6.77294">
        <ele>1816</ele>
        <time>2026-07-02T21:56:15+00:00</time>
      </trkpt>
      <trkpt lat="46.18216" lon="6.77284">
        <ele>1809</ele>
        <time>2026-07-02T21:56:18+00:00</time>
      </trkpt>
      <trkpt lat="46.18215" lon="6.77275">
        <ele>1806</ele>
        <time>2026-07-02T21:56:21+00:00</time>
      </trkpt>
      <trkpt lat="46.18212" lon="6.77268">
        <ele>1803</ele>
        <time>2026-07-02T21:56:24+00:00</time>
      </trkpt>
      <trkpt lat="46.1821" lon="6.77263">
        <ele>1807</ele>
        <time>2026-07-02T21:56:27+00:00</time>
      </trkpt>
      <trkpt lat="46.18207" lon="6.77261">
        <ele>1807</ele>
        <time>2026-07-02T21:56:30+00:00</time>
      </trkpt>
      <trkpt lat="46.18204" lon="6.77259">
        <ele>1803</ele>
        <time>2026-07-02T21:56:33+00:00</time>
      </trkpt>
      <trkpt lat="46.18202" lon="6.77258">
        <ele>1803</ele>
        <time>2026-07-02T21:56:36+00:00</time>
      </trkpt>
      <trkpt lat="46.182" lon="6.77258">
        <ele>1807</ele>
        <time>2026-07-02T21:56:39+00:00</time>
      </trkpt>
      <trkpt lat="46.18198" lon="6.77257">
        <ele>1807</ele>
        <time>2026-07-02T21:56:42+00:00</time>
      </trkpt>
      <trkpt lat="46.18197" lon="6.77256">
        <ele>1807</ele>
        <time>2026-07-02T21:56:45+00:00</time>
      </trkpt>
      <trkpt lat="46.18197" lon="6.77255">
        <ele>1807</ele>
        <time>2026-07-02T21:56:48+00:00</time>
      </trkpt>
      <trkpt lat="46.18197" lon="6.77254">
        <ele>1807</ele>
        <time>2026-07-02T21:56:51+00:00</time>
      </trkpt>
      <trkpt lat="46.18196" lon="6.77252">
        <ele>1807</ele>
        <time>2026-07-02T21:56:54+00:00</time>
      </trkpt>
      <trkpt lat="46.18196" lon="6.77252">
        <ele>1807</ele>
        <time>2026-07-02T21:56:57+00:00</time>
      </trkpt>
      <trkpt lat="46.18194" lon="6.77251">
        <ele>1807</ele>
        <time>2026-07-02T21:57:00+00:00</time>
      </trkpt>
      <trkpt lat="46.18192" lon="6.77248">
        <ele>1804</ele>
        <time>2026-07-02T21:57:03+00:00</time>
      </trkpt>
      <trkpt lat="46.18191" lon="6.77246">
        <ele>1809</ele>
        <time>2026-07-02T21:57:06+00:00</time>
      </trkpt>
      <trkpt lat="46.1819" lon="6.77244">
        <ele>1804</ele>
        <time>2026-07-02T21:57:09+00:00</time>
      </trkpt>
      <trkpt lat="46.18188" lon="6.77242">
        <ele>1811</ele>
        <time>2026-07-02T21:57:12+00:00</time>
      </trkpt>
      <trkpt lat="46.18186" lon="6.77242">
        <ele>1811</ele>
        <time>2026-07-02T21:57:15+00:00</time>
      </trkpt>
      <trkpt lat="46.18179" lon="6.7724">
        <ele>1811</ele>
        <time>2026-07-02T21:57:18+00:00</time>
      </trkpt>
      <trkpt lat="46.18175" lon="6.77238">
        <ele>1811</ele>
        <time>2026-07-02T21:57:21+00:00</time>
      </trkpt>
      <trkpt lat="46.18171" lon="6.77235">
        <ele>1808</ele>
        <time>2026-07-02T21:57:24+00:00</time>
      </trkpt>
      <trkpt lat="46.18165" lon="6.77229">
        <ele>1807</ele>
        <time>2026-07-02T21:57:27+00:00</time>
      </trkpt>
      <trkpt lat="46.18163" lon="6.77225">
        <ele>1807</ele>
        <time>2026-07-02T21:57:30+00:00</time>
      </trkpt>
      <trkpt lat="46.1816" lon="6.7722">
        <ele>1807</ele>
        <time>2026-07-02T21:57:33+00:00</time>
      </trkpt>
      <trkpt lat="46.18156" lon="6.77214">
        <ele>1807</ele>
        <time>2026-07-02T21:57:36+00:00</time>
      </trkpt>
      <trkpt lat="46.18152" lon="6.77208">
        <ele>1803</ele>
        <time>2026-07-02T21:57:39+00:00</time>
      </trkpt>
      <trkpt lat="46.18149" lon="6.77202">
        <ele>1806</ele>
        <time>2026-07-02T21:57:42+00:00</time>
      </trkpt>
      <trkpt lat="46.18146" lon="6.77197">
        <ele>1802</ele>
        <time>2026-07-02T21:57:45+00:00</time>
      </trkpt>
      <trkpt lat="46.18142" lon="6.77194">
        <ele>1802</ele>
        <time>2026-07-02T21:57:48+00:00</time>
      </trkpt>
      <trkpt lat="46.18139" lon="6.77192">
        <ele>1805</ele>
        <time>2026-07-02T21:57:51+00:00</time>
      </trkpt>
      <trkpt lat="46.18137" lon="6.77188">
        <ele>1801</ele>
        <time>2026-07-02T21:57:54+00:00</time>
      </trkpt>
      <trkpt lat="46.18134" lon="6.77184">
        <ele>1801</ele>
        <time>2026-07-02T21:57:57+00:00</time>
      </trkpt>
      <trkpt lat="46.18131" lon="6.77182">
        <ele>1801</ele>
        <time>2026-07-02T21:58:00+00:00</time>
      </trkpt>
      <trkpt lat="46.18127" lon="6.77179">
        <ele>1801</ele>
        <time>2026-07-02T21:58:03+00:00</time>
      </trkpt>
      <trkpt lat="46.18122" lon="6.77178">
        <ele>1801</ele>
        <time>2026-07-02T21:58:06+00:00</time>
      </trkpt>
      <trkpt lat="46.18117" lon="6.77177">
        <ele>1802</ele>
        <time>2026-07-02T21:58:09+00:00</time>
      </trkpt>
      <trkpt lat="46.18114" lon="6.77177">
        <ele>1802</ele>
        <time>2026-07-02T21:58:12+00:00</time>
      </trkpt>
      <trkpt lat="46.1811" lon="6.77174">
        <ele>1802</ele>
        <time>2026-07-02T21:58:15+00:00</time>
      </trkpt>
      <trkpt lat="46.18107" lon="6.77172">
        <ele>1802</ele>
        <time>2026-07-02T21:58:18+00:00</time>
      </trkpt>
      <trkpt lat="46.18103" lon="6.77167">
        <ele>1796</ele>
        <time>2026-07-02T21:58:21+00:00</time>
      </trkpt>
      <trkpt lat="46.181" lon="6.77164">
        <ele>1796</ele>
        <time>2026-07-02T21:58:24+00:00</time>
      </trkpt>
      <trkpt lat="46.18094" lon="6.7716">
        <ele>1797</ele>
        <time>2026-07-02T21:58:27+00:00</time>
      </trkpt>
      <trkpt lat="46.18091" lon="6.77157">
        <ele>1794</ele>
        <time>2026-07-02T21:58:30+00:00</time>
      </trkpt>
      <trkpt lat="46.18089" lon="6.77152">
        <ele>1795</ele>
        <time>2026-07-02T21:58:33+00:00</time>
      </trkpt>
      <trkpt lat="46.18088" lon="6.77149">
        <ele>1795</ele>
        <time>2026-07-02T21:58:36+00:00</time>
      </trkpt>
      <trkpt lat="46.18087" lon="6.77148">
        <ele>1793</ele>
        <time>2026-07-02T21:58:39+00:00</time>
      </trkpt>
      <trkpt lat="46.18085" lon="6.77147">
        <ele>1793</ele>
        <time>2026-07-02T21:58:42+00:00</time>
      </trkpt>
      <trkpt lat="46.18083" lon="6.77146">
        <ele>1793</ele>
        <time>2026-07-02T21:58:45+00:00</time>
      </trkpt>
      <trkpt lat="46.18077" lon="6.77147">
        <ele>1793</ele>
        <time>2026-07-02T21:58:48+00:00</time>
      </trkpt>
      <trkpt lat="46.18074" lon="6.77146">
        <ele>1793</ele>
        <time>2026-07-02T21:58:51+00:00</time>
      </trkpt>
      <trkpt lat="46.18071" lon="6.77144">
        <ele>1793</ele>
        <time>2026-07-02T21:58:54+00:00</time>
      </trkpt>
      <trkpt lat="46.18068" lon="6.77141">
        <ele>1794</ele>
        <time>2026-07-02T21:58:57+00:00</time>
      </trkpt>
      <trkpt lat="46.18065" lon="6.77138">
        <ele>1791</ele>
        <time>2026-07-02T21:59:00+00:00</time>
      </trkpt>
      <trkpt lat="46.18063" lon="6.77134">
        <ele>1791</ele>
        <time>2026-07-02T21:59:03+00:00</time>
      </trkpt>
      <trkpt lat="46.18062" lon="6.7713">
        <ele>1791</ele>
        <time>2026-07-02T21:59:06+00:00</time>
      </trkpt>
      <trkpt lat="46.18062" lon="6.77127">
        <ele>1787</ele>
        <time>2026-07-02T21:59:09+00:00</time>
      </trkpt>
      <trkpt lat="46.18062" lon="6.77124">
        <ele>1787</ele>
        <time>2026-07-02T21:59:12+00:00</time>
      </trkpt>
      <trkpt lat="46.18061" lon="6.77119">
        <ele>1784</ele>
        <time>2026-07-02T21:59:15+00:00</time>
      </trkpt>
      <trkpt lat="46.18061" lon="6.77116">
        <ele>1784</ele>
        <time>2026-07-02T21:59:18+00:00</time>
      </trkpt>
      <trkpt lat="46.1806" lon="6.77115">
        <ele>1784</ele>
        <time>2026-07-02T21:59:21+00:00</time>
      </trkpt>
      <trkpt lat="46.18059" lon="6.77114">
        <ele>1783</ele>
        <time>2026-07-02T21:59:24+00:00</time>
      </trkpt>
      <trkpt lat="46.18058" lon="6.77113">
        <ele>1783</ele>
        <time>2026-07-02T21:59:27+00:00</time>
      </trkpt>
      <trkpt lat="46.18055" lon="6.77115">
        <ele>1783</ele>
        <time>2026-07-02T21:59:30+00:00</time>
      </trkpt>
      <trkpt lat="46.18047" lon="6.77117">
        <ele>1782</ele>
        <time>2026-07-02T21:59:33+00:00</time>
      </trkpt>
      <trkpt lat="46.1804" lon="6.77119">
        <ele>1784</ele>
        <time>2026-07-02T21:59:36+00:00</time>
      </trkpt>
      <trkpt lat="46.18037" lon="6.77121">
        <ele>1786</ele>
        <time>2026-07-02T21:59:39+00:00</time>
      </trkpt>
      <trkpt lat="46.18033" lon="6.77122">
        <ele>1786</ele>
        <time>2026-07-02T21:59:42+00:00</time>
      </trkpt>
      <trkpt lat="46.18029" lon="6.77122">
        <ele>1787</ele>
        <time>2026-07-02T21:59:45+00:00</time>
      </trkpt>
      <trkpt lat="46.18027" lon="6.7712">
        <ele>1787</ele>
        <time>2026-07-02T21:59:48+00:00</time>
      </trkpt>
      <trkpt lat="46.18025" lon="6.77118">
        <ele>1784</ele>
        <time>2026-07-02T21:59:51+00:00</time>
      </trkpt>
      <trkpt lat="46.18023" lon="6.77115">
        <ele>1784</ele>
        <time>2026-07-02T21:59:54+00:00</time>
      </trkpt>
      <trkpt lat="46.18022" lon="6.77111">
        <ele>1784</ele>
        <time>2026-07-02T21:59:57+00:00</time>
      </trkpt>
      <trkpt lat="46.18021" lon="6.77105">
        <ele>1780</ele>
        <time>2026-07-02T22:00:00+00:00</time>
      </trkpt>
      <trkpt lat="46.1802" lon="6.77098">
        <ele>1781</ele>
        <time>2026-07-02T22:00:03+00:00</time>
      </trkpt>
      <trkpt lat="46.18018" lon="6.77094">
        <ele>1781</ele>
        <time>2026-07-02T22:00:06+00:00</time>
      </trkpt>
      <trkpt lat="46.18017" lon="6.77091">
        <ele>1781</ele>
        <time>2026-07-02T22:00:09+00:00</time>
      </trkpt>
      <trkpt lat="46.18015" lon="6.77089">
        <ele>1782</ele>
        <time>2026-07-02T22:00:12+00:00</time>
      </trkpt>
      <trkpt lat="46.18011" lon="6.77086">
        <ele>1780</ele>
        <time>2026-07-02T22:00:15+00:00</time>
      </trkpt>
      <trkpt lat="46.18009" lon="6.77084">
        <ele>1783</ele>
        <time>2026-07-02T22:00:18+00:00</time>
      </trkpt>
      <trkpt lat="46.18008" lon="6.77079">
        <ele>1782</ele>
        <time>2026-07-02T22:00:21+00:00</time>
      </trkpt>
      <trkpt lat="46.18007" lon="6.77075">
        <ele>1782</ele>
        <time>2026-07-02T22:00:24+00:00</time>
      </trkpt>
      <trkpt lat="46.18005" lon="6.7707">
        <ele>1782</ele>
        <time>2026-07-02T22:00:27+00:00</time>
      </trkpt>
      <trkpt lat="46.18005" lon="6.77067">
        <ele>1781</ele>
        <time>2026-07-02T22:00:30+00:00</time>
      </trkpt>
      <trkpt lat="46.18003" lon="6.77057">
        <ele>1781</ele>
        <time>2026-07-02T22:00:33+00:00</time>
      </trkpt>
      <trkpt lat="46.18004" lon="6.77044">
        <ele>1779</ele>
        <time>2026-07-02T22:00:36+00:00</time>
      </trkpt>
      <trkpt lat="46.18001" lon="6.77029">
        <ele>1778</ele>
        <time>2026-07-02T22:00:39+00:00</time>
      </trkpt>
      <trkpt lat="46.17999" lon="6.76991">
        <ele>1775</ele>
        <time>2026-07-02T22:00:42+00:00</time>
      </trkpt>
      <trkpt lat="46.18001" lon="6.76979">
        <ele>1771</ele>
        <time>2026-07-02T22:00:45+00:00</time>
      </trkpt>
      <trkpt lat="46.18002" lon="6.76964">
        <ele>1771</ele>
        <time>2026-07-02T22:00:48+00:00</time>
      </trkpt>
      <trkpt lat="46.17999" lon="6.76931">
        <ele>1769</ele>
        <time>2026-07-02T22:00:51+00:00</time>
      </trkpt>
      <trkpt lat="46.17998" lon="6.76922">
        <ele>1767</ele>
        <time>2026-07-02T22:00:54+00:00</time>
      </trkpt>
      <trkpt lat="46.17996" lon="6.76912">
        <ele>1765</ele>
        <time>2026-07-02T22:00:57+00:00</time>
      </trkpt>
      <trkpt lat="46.17995" lon="6.76897">
        <ele>1766</ele>
        <time>2026-07-02T22:01:00+00:00</time>
      </trkpt>
      <trkpt lat="46.17992" lon="6.76853">
        <ele>1772</ele>
        <time>2026-07-02T22:01:03+00:00</time>
      </trkpt>
      <trkpt lat="46.17991" lon="6.76839">
        <ele>1768</ele>
        <time>2026-07-02T22:01:06+00:00</time>
      </trkpt>
      <trkpt lat="46.17991" lon="6.76829">
        <ele>1775</ele>
        <time>2026-07-02T22:01:09+00:00</time>
      </trkpt>
      <trkpt lat="46.17995" lon="6.76812">
        <ele>1774</ele>
        <time>2026-07-02T22:01:12+00:00</time>
      </trkpt>
      <trkpt lat="46.17998" lon="6.76798">
        <ele>1782</ele>
        <time>2026-07-02T22:01:15+00:00</time>
      </trkpt>
      <trkpt lat="46.18" lon="6.7679">
        <ele>1781</ele>
        <time>2026-07-02T22:01:18+00:00</time>
      </trkpt>
      <trkpt lat="46.18001" lon="6.76783">
        <ele>1776</ele>
        <time>2026-07-02T22:01:21+00:00</time>
      </trkpt>
      <trkpt lat="46.18001" lon="6.76775">
        <ele>1775</ele>
        <time>2026-07-02T22:01:24+00:00</time>
      </trkpt>
      <trkpt lat="46.18" lon="6.76766">
        <ele>1780</ele>
        <time>2026-07-02T22:01:27+00:00</time>
      </trkpt>
      <trkpt lat="46.17999" lon="6.7676">
        <ele>1780</ele>
        <time>2026-07-02T22:01:30+00:00</time>
      </trkpt>
      <trkpt lat="46.17994" lon="6.76751">
        <ele>1780</ele>
        <time>2026-07-02T22:01:33+00:00</time>
      </trkpt>
      <trkpt lat="46.17985" lon="6.76738">
        <ele>1781</ele>
        <time>2026-07-02T22:01:36+00:00</time>
      </trkpt>
      <trkpt lat="46.17973" lon="6.76726">
        <ele>1782</ele>
        <time>2026-07-02T22:01:39+00:00</time>
      </trkpt>
      <trkpt lat="46.17959" lon="6.76706">
        <ele>1782</ele>
        <time>2026-07-02T22:01:42+00:00</time>
      </trkpt>
      <trkpt lat="46.17953" lon="6.76683">
        <ele>1782</ele>
        <time>2026-07-02T22:01:45+00:00</time>
      </trkpt>
      <trkpt lat="46.17953" lon="6.7668">
        <ele>1782</ele>
        <time>2026-07-02T22:01:48+00:00</time>
      </trkpt>
      <trkpt lat="46.17953" lon="6.76675">
        <ele>1781</ele>
        <time>2026-07-02T22:01:51+00:00</time>
      </trkpt>
      <trkpt lat="46.17951" lon="6.7667">
        <ele>1781</ele>
        <time>2026-07-02T22:01:54+00:00</time>
      </trkpt>
      <trkpt lat="46.17949" lon="6.76668">
        <ele>1783</ele>
        <time>2026-07-02T22:01:57+00:00</time>
      </trkpt>
      <trkpt lat="46.17947" lon="6.76666">
        <ele>1783</ele>
        <time>2026-07-02T22:02:00+00:00</time>
      </trkpt>
      <trkpt lat="46.17946" lon="6.76664">
        <ele>1783</ele>
        <time>2026-07-02T22:02:03+00:00</time>
      </trkpt>
      <trkpt lat="46.17945" lon="6.7666">
        <ele>1781</ele>
        <time>2026-07-02T22:02:06+00:00</time>
      </trkpt>
      <trkpt lat="46.17943" lon="6.76654">
        <ele>1781</ele>
        <time>2026-07-02T22:02:09+00:00</time>
      </trkpt>
      <trkpt lat="46.1794" lon="6.76648">
        <ele>1779</ele>
        <time>2026-07-02T22:02:12+00:00</time>
      </trkpt>
      <trkpt lat="46.17939" lon="6.76644">
        <ele>1785</ele>
        <time>2026-07-02T22:02:15+00:00</time>
      </trkpt>
      <trkpt lat="46.17937" lon="6.76642">
        <ele>1785</ele>
        <time>2026-07-02T22:02:18+00:00</time>
      </trkpt>
      <trkpt lat="46.17935" lon="6.7664">
        <ele>1783</ele>
        <time>2026-07-02T22:02:21+00:00</time>
      </trkpt>
      <trkpt lat="46.17931" lon="6.76636">
        <ele>1783</ele>
        <time>2026-07-02T22:02:24+00:00</time>
      </trkpt>
      <trkpt lat="46.17926" lon="6.76629">
        <ele>1780</ele>
        <time>2026-07-02T22:02:27+00:00</time>
      </trkpt>
      <trkpt lat="46.17922" lon="6.76623">
        <ele>1780</ele>
        <time>2026-07-02T22:02:30+00:00</time>
      </trkpt>
      <trkpt lat="46.17919" lon="6.76618">
        <ele>1780</ele>
        <time>2026-07-02T22:02:33+00:00</time>
      </trkpt>
      <trkpt lat="46.17914" lon="6.76611">
        <ele>1780</ele>
        <time>2026-07-02T22:02:36+00:00</time>
      </trkpt>
      <trkpt lat="46.17911" lon="6.76608">
        <ele>1777</ele>
        <time>2026-07-02T22:02:39+00:00</time>
      </trkpt>
      <trkpt lat="46.17909" lon="6.76606">
        <ele>1780</ele>
        <time>2026-07-02T22:02:42+00:00</time>
      </trkpt>
      <trkpt lat="46.17907" lon="6.76603">
        <ele>1780</ele>
        <time>2026-07-02T22:02:45+00:00</time>
      </trkpt>
      <trkpt lat="46.17905" lon="6.76599">
        <ele>1776</ele>
        <time>2026-07-02T22:02:48+00:00</time>
      </trkpt>
      <trkpt lat="46.17904" lon="6.76597">
        <ele>1776</ele>
        <time>2026-07-02T22:02:51+00:00</time>
      </trkpt>
      <trkpt lat="46.179" lon="6.76594">
        <ele>1776</ele>
        <time>2026-07-02T22:02:54+00:00</time>
      </trkpt>
      <trkpt lat="46.17898" lon="6.76592">
        <ele>1778</ele>
        <time>2026-07-02T22:02:57+00:00</time>
      </trkpt>
      <trkpt lat="46.17894" lon="6.7659">
        <ele>1776</ele>
        <time>2026-07-02T22:03:00+00:00</time>
      </trkpt>
      <trkpt lat="46.17889" lon="6.76585">
        <ele>1776</ele>
        <time>2026-07-02T22:03:03+00:00</time>
      </trkpt>
      <trkpt lat="46.17885" lon="6.76582">
        <ele>1776</ele>
        <time>2026-07-02T22:03:06+00:00</time>
      </trkpt>
      <trkpt lat="46.1788" lon="6.76578">
        <ele>1776</ele>
        <time>2026-07-02T22:03:09+00:00</time>
      </trkpt>
      <trkpt lat="46.17875" lon="6.76574">
        <ele>1776</ele>
        <time>2026-07-02T22:03:12+00:00</time>
      </trkpt>
      <trkpt lat="46.1787" lon="6.76569">
        <ele>1766</ele>
        <time>2026-07-02T22:03:15+00:00</time>
      </trkpt>
      <trkpt lat="46.17863" lon="6.76564">
        <ele>1768</ele>
        <time>2026-07-02T22:03:18+00:00</time>
      </trkpt>
      <trkpt lat="46.1786" lon="6.76561">
        <ele>1770</ele>
        <time>2026-07-02T22:03:21+00:00</time>
      </trkpt>
      <trkpt lat="46.17854" lon="6.76556">
        <ele>1766</ele>
        <time>2026-07-02T22:03:24+00:00</time>
      </trkpt>
      <trkpt lat="46.1785" lon="6.76552">
        <ele>1766</ele>
        <time>2026-07-02T22:03:27+00:00</time>
      </trkpt>
      <trkpt lat="46.17849" lon="6.76549">
        <ele>1765</ele>
        <time>2026-07-02T22:03:30+00:00</time>
      </trkpt>
      <trkpt lat="46.17844" lon="6.76543">
        <ele>1765</ele>
        <time>2026-07-02T22:03:33+00:00</time>
      </trkpt>
      <trkpt lat="46.17842" lon="6.76541">
        <ele>1765</ele>
        <time>2026-07-02T22:03:36+00:00</time>
      </trkpt>
      <trkpt lat="46.17836" lon="6.76539">
        <ele>1764</ele>
        <time>2026-07-02T22:03:39+00:00</time>
      </trkpt>
      <trkpt lat="46.17834" lon="6.76537">
        <ele>1764</ele>
        <time>2026-07-02T22:03:42+00:00</time>
      </trkpt>
      <trkpt lat="46.17832" lon="6.76535">
        <ele>1764</ele>
        <time>2026-07-02T22:03:45+00:00</time>
      </trkpt>
      <trkpt lat="46.17827" lon="6.76531">
        <ele>1766</ele>
        <time>2026-07-02T22:03:48+00:00</time>
      </trkpt>
      <trkpt lat="46.17822" lon="6.76528">
        <ele>1763</ele>
        <time>2026-07-02T22:03:51+00:00</time>
      </trkpt>
      <trkpt lat="46.17802" lon="6.76514">
        <ele>1763</ele>
        <time>2026-07-02T22:03:54+00:00</time>
      </trkpt>
      <trkpt lat="46.17797" lon="6.76509">
        <ele>1755</ele>
        <time>2026-07-02T22:03:57+00:00</time>
      </trkpt>
      <trkpt lat="46.17794" lon="6.76507">
        <ele>1755</ele>
        <time>2026-07-02T22:04:00+00:00</time>
      </trkpt>
      <trkpt lat="46.17791" lon="6.76504">
        <ele>1755</ele>
        <time>2026-07-02T22:04:03+00:00</time>
      </trkpt>
      <trkpt lat="46.1779" lon="6.76501">
        <ele>1755</ele>
        <time>2026-07-02T22:04:06+00:00</time>
      </trkpt>
      <trkpt lat="46.17788" lon="6.765">
        <ele>1756</ele>
        <time>2026-07-02T22:04:09+00:00</time>
      </trkpt>
      <trkpt lat="46.17786" lon="6.765">
        <ele>1752</ele>
        <time>2026-07-02T22:04:12+00:00</time>
      </trkpt>
      <trkpt lat="46.17783" lon="6.76499">
        <ele>1752</ele>
        <time>2026-07-02T22:04:15+00:00</time>
      </trkpt>
      <trkpt lat="46.17781" lon="6.76497">
        <ele>1752</ele>
        <time>2026-07-02T22:04:18+00:00</time>
      </trkpt>
      <trkpt lat="46.17773" lon="6.7649">
        <ele>1748</ele>
        <time>2026-07-02T22:04:21+00:00</time>
      </trkpt>
      <trkpt lat="46.17768" lon="6.76486">
        <ele>1748</ele>
        <time>2026-07-02T22:04:24+00:00</time>
      </trkpt>
      <trkpt lat="46.17763" lon="6.76485">
        <ele>1748</ele>
        <time>2026-07-02T22:04:27+00:00</time>
      </trkpt>
      <trkpt lat="46.17757" lon="6.76484">
        <ele>1750</ele>
        <time>2026-07-02T22:04:30+00:00</time>
      </trkpt>
      <trkpt lat="46.17754" lon="6.76481">
        <ele>1750</ele>
        <time>2026-07-02T22:04:33+00:00</time>
      </trkpt>
      <trkpt lat="46.17751" lon="6.76478">
        <ele>1747</ele>
        <time>2026-07-02T22:04:36+00:00</time>
      </trkpt>
      <trkpt lat="46.17745" lon="6.76473">
        <ele>1748</ele>
        <time>2026-07-02T22:04:39+00:00</time>
      </trkpt>
      <trkpt lat="46.17742" lon="6.7647">
        <ele>1744</ele>
        <time>2026-07-02T22:04:42+00:00</time>
      </trkpt>
      <trkpt lat="46.17738" lon="6.76468">
        <ele>1745</ele>
        <time>2026-07-02T22:04:45+00:00</time>
      </trkpt>
      <trkpt lat="46.17737" lon="6.76467">
        <ele>1745</ele>
        <time>2026-07-02T22:04:48+00:00</time>
      </trkpt>
      <trkpt lat="46.17735" lon="6.76467">
        <ele>1745</ele>
        <time>2026-07-02T22:04:51+00:00</time>
      </trkpt>
      <trkpt lat="46.17732" lon="6.76467">
        <ele>1745</ele>
        <time>2026-07-02T22:04:54+00:00</time>
      </trkpt>
      <trkpt lat="46.17729" lon="6.76467">
        <ele>1745</ele>
        <time>2026-07-02T22:04:57+00:00</time>
      </trkpt>
      <trkpt lat="46.17722" lon="6.76471">
        <ele>1748</ele>
        <time>2026-07-02T22:05:00+00:00</time>
      </trkpt>
      <trkpt lat="46.17713" lon="6.76474">
        <ele>1749</ele>
        <time>2026-07-02T22:05:03+00:00</time>
      </trkpt>
      <trkpt lat="46.17707" lon="6.76478">
        <ele>1749</ele>
        <time>2026-07-02T22:05:06+00:00</time>
      </trkpt>
      <trkpt lat="46.17703" lon="6.7648">
        <ele>1753</ele>
        <time>2026-07-02T22:05:09+00:00</time>
      </trkpt>
      <trkpt lat="46.17698" lon="6.76482">
        <ele>1754</ele>
        <time>2026-07-02T22:05:12+00:00</time>
      </trkpt>
      <trkpt lat="46.17696" lon="6.76482">
        <ele>1754</ele>
        <time>2026-07-02T22:05:15+00:00</time>
      </trkpt>
      <trkpt lat="46.17693" lon="6.76482">
        <ele>1754</ele>
        <time>2026-07-02T22:05:18+00:00</time>
      </trkpt>
      <trkpt lat="46.17689" lon="6.76484">
        <ele>1756</ele>
        <time>2026-07-02T22:05:21+00:00</time>
      </trkpt>
      <trkpt lat="46.17685" lon="6.76485">
        <ele>1756</ele>
        <time>2026-07-02T22:05:24+00:00</time>
      </trkpt>
      <trkpt lat="46.1768" lon="6.76488">
        <ele>1756</ele>
        <time>2026-07-02T22:05:27+00:00</time>
      </trkpt>
      <trkpt lat="46.17676" lon="6.76491">
        <ele>1759</ele>
        <time>2026-07-02T22:05:30+00:00</time>
      </trkpt>
      <trkpt lat="46.17674" lon="6.76492">
        <ele>1759</ele>
        <time>2026-07-02T22:05:33+00:00</time>
      </trkpt>
      <trkpt lat="46.17673" lon="6.76493">
        <ele>1759</ele>
        <time>2026-07-02T22:05:36+00:00</time>
      </trkpt>
      <trkpt lat="46.1767" lon="6.76493">
        <ele>1759</ele>
        <time>2026-07-02T22:05:39+00:00</time>
      </trkpt>
      <trkpt lat="46.17668" lon="6.76493">
        <ele>1760</ele>
        <time>2026-07-02T22:05:42+00:00</time>
      </trkpt>
      <trkpt lat="46.17663" lon="6.76496">
        <ele>1760</ele>
        <time>2026-07-02T22:05:45+00:00</time>
      </trkpt>
      <trkpt lat="46.1766" lon="6.76497">
        <ele>1762</ele>
        <time>2026-07-02T22:05:48+00:00</time>
      </trkpt>
      <trkpt lat="46.17657" lon="6.76497">
        <ele>1762</ele>
        <time>2026-07-02T22:05:51+00:00</time>
      </trkpt>
      <trkpt lat="46.17655" lon="6.76498">
        <ele>1762</ele>
        <time>2026-07-02T22:05:54+00:00</time>
      </trkpt>
      <trkpt lat="46.17653" lon="6.76498">
        <ele>1762</ele>
        <time>2026-07-02T22:05:57+00:00</time>
      </trkpt>
      <trkpt lat="46.1765" lon="6.76502">
        <ele>1766</ele>
        <time>2026-07-02T22:06:00+00:00</time>
      </trkpt>
      <trkpt lat="46.17646" lon="6.76504">
        <ele>1766</ele>
        <time>2026-07-02T22:06:03+00:00</time>
      </trkpt>
      <trkpt lat="46.17643" lon="6.76505">
        <ele>1766</ele>
        <time>2026-07-02T22:06:06+00:00</time>
      </trkpt>
      <trkpt lat="46.17641" lon="6.76506">
        <ele>1766</ele>
        <time>2026-07-02T22:06:09+00:00</time>
      </trkpt>
      <trkpt lat="46.17635" lon="6.7651">
        <ele>1773</ele>
        <time>2026-07-02T22:06:12+00:00</time>
      </trkpt>
      <trkpt lat="46.17628" lon="6.76515">
        <ele>1775</ele>
        <time>2026-07-02T22:06:15+00:00</time>
      </trkpt>
      <trkpt lat="46.1762" lon="6.76521">
        <ele>1778</ele>
        <time>2026-07-02T22:06:18+00:00</time>
      </trkpt>
      <trkpt lat="46.17616" lon="6.76522">
        <ele>1778</ele>
        <time>2026-07-02T22:06:21+00:00</time>
      </trkpt>
      <trkpt lat="46.17614" lon="6.76523">
        <ele>1778</ele>
        <time>2026-07-02T22:06:24+00:00</time>
      </trkpt>
      <trkpt lat="46.17612" lon="6.76522">
        <ele>1778</ele>
        <time>2026-07-02T22:06:27+00:00</time>
      </trkpt>
      <trkpt lat="46.17609" lon="6.76523">
        <ele>1780</ele>
        <time>2026-07-02T22:06:30+00:00</time>
      </trkpt>
      <trkpt lat="46.17603" lon="6.76526">
        <ele>1780</ele>
        <time>2026-07-02T22:06:33+00:00</time>
      </trkpt>
      <trkpt lat="46.17597" lon="6.76528">
        <ele>1782</ele>
        <time>2026-07-02T22:06:36+00:00</time>
      </trkpt>
      <trkpt lat="46.17592" lon="6.7653">
        <ele>1782</ele>
        <time>2026-07-02T22:06:39+00:00</time>
      </trkpt>
      <trkpt lat="46.1759" lon="6.7653">
        <ele>1782</ele>
        <time>2026-07-02T22:06:42+00:00</time>
      </trkpt>
      <trkpt lat="46.17589" lon="6.76531">
        <ele>1786</ele>
        <time>2026-07-02T22:06:45+00:00</time>
      </trkpt>
      <trkpt lat="46.17588" lon="6.76532">
        <ele>1786</ele>
        <time>2026-07-02T22:06:48+00:00</time>
      </trkpt>
      <trkpt lat="46.17585" lon="6.76532">
        <ele>1786</ele>
        <time>2026-07-02T22:06:51+00:00</time>
      </trkpt>
      <trkpt lat="46.17581" lon="6.76531">
        <ele>1786</ele>
        <time>2026-07-02T22:06:54+00:00</time>
      </trkpt>
      <trkpt lat="46.17576" lon="6.7653">
        <ele>1791</ele>
        <time>2026-07-02T22:06:57+00:00</time>
      </trkpt>
      <trkpt lat="46.17571" lon="6.76529">
        <ele>1789</ele>
        <time>2026-07-02T22:07:00+00:00</time>
      </trkpt>
      <trkpt lat="46.17565" lon="6.76527">
        <ele>1792</ele>
        <time>2026-07-02T22:07:03+00:00</time>
      </trkpt>
      <trkpt lat="46.17563" lon="6.76527">
        <ele>1792</ele>
        <time>2026-07-02T22:07:06+00:00</time>
      </trkpt>
      <trkpt lat="46.17559" lon="6.76527">
        <ele>1794</ele>
        <time>2026-07-02T22:07:09+00:00</time>
      </trkpt>
      <trkpt lat="46.17556" lon="6.76527">
        <ele>1794</ele>
        <time>2026-07-02T22:07:12+00:00</time>
      </trkpt>
      <trkpt lat="46.17551" lon="6.76529">
        <ele>1794</ele>
        <time>2026-07-02T22:07:15+00:00</time>
      </trkpt>
      <trkpt lat="46.17546" lon="6.76529">
        <ele>1797</ele>
        <time>2026-07-02T22:07:18+00:00</time>
      </trkpt>
      <trkpt lat="46.17545" lon="6.76529">
        <ele>1797</ele>
        <time>2026-07-02T22:07:21+00:00</time>
      </trkpt>
      <trkpt lat="46.17543" lon="6.76528">
        <ele>1797</ele>
        <time>2026-07-02T22:07:24+00:00</time>
      </trkpt>
      <trkpt lat="46.17541" lon="6.76527">
        <ele>1797</ele>
        <time>2026-07-02T22:07:27+00:00</time>
      </trkpt>
      <trkpt lat="46.1754" lon="6.76527">
        <ele>1801</ele>
        <time>2026-07-02T22:07:30+00:00</time>
      </trkpt>
      <trkpt lat="46.17538" lon="6.76526">
        <ele>1801</ele>
        <time>2026-07-02T22:07:33+00:00</time>
      </trkpt>
      <trkpt lat="46.17536" lon="6.76525">
        <ele>1801</ele>
        <time>2026-07-02T22:07:36+00:00</time>
      </trkpt>
      <trkpt lat="46.17534" lon="6.76523">
        <ele>1801</ele>
        <time>2026-07-02T22:07:39+00:00</time>
      </trkpt>
      <trkpt lat="46.17533" lon="6.76522">
        <ele>1801</ele>
        <time>2026-07-02T22:07:42+00:00</time>
      </trkpt>
      <trkpt lat="46.17532" lon="6.76522">
        <ele>1801</ele>
        <time>2026-07-02T22:07:45+00:00</time>
      </trkpt>
      <trkpt lat="46.17529" lon="6.76522">
        <ele>1804</ele>
        <time>2026-07-02T22:07:48+00:00</time>
      </trkpt>
      <trkpt lat="46.17527" lon="6.76521">
        <ele>1804</ele>
        <time>2026-07-02T22:07:51+00:00</time>
      </trkpt>
      <trkpt lat="46.17524" lon="6.7652">
        <ele>1801</ele>
        <time>2026-07-02T22:07:54+00:00</time>
      </trkpt>
      <trkpt lat="46.17523" lon="6.76519">
        <ele>1801</ele>
        <time>2026-07-02T22:07:57+00:00</time>
      </trkpt>
      <trkpt lat="46.17522" lon="6.76519">
        <ele>1801</ele>
        <time>2026-07-02T22:08:00+00:00</time>
      </trkpt>
      <trkpt lat="46.1752" lon="6.76519">
        <ele>1807</ele>
        <time>2026-07-02T22:08:03+00:00</time>
      </trkpt>
      <trkpt lat="46.17517" lon="6.7652">
        <ele>1807</ele>
        <time>2026-07-02T22:08:06+00:00</time>
      </trkpt>
      <trkpt lat="46.17514" lon="6.7652">
        <ele>1810</ele>
        <time>2026-07-02T22:08:09+00:00</time>
      </trkpt>
      <trkpt lat="46.17511" lon="6.76521">
        <ele>1810</ele>
        <time>2026-07-02T22:08:12+00:00</time>
      </trkpt>
      <trkpt lat="46.17501" lon="6.76521">
        <ele>1813</ele>
        <time>2026-07-02T22:08:15+00:00</time>
      </trkpt>
      <trkpt lat="46.17494" lon="6.76521">
        <ele>1809</ele>
        <time>2026-07-02T22:08:18+00:00</time>
      </trkpt>
      <trkpt lat="46.17491" lon="6.76522">
        <ele>1815</ele>
        <time>2026-07-02T22:08:21+00:00</time>
      </trkpt>
      <trkpt lat="46.17489" lon="6.76521">
        <ele>1817</ele>
        <time>2026-07-02T22:08:24+00:00</time>
      </trkpt>
      <trkpt lat="46.17487" lon="6.7652">
        <ele>1815</ele>
        <time>2026-07-02T22:08:27+00:00</time>
      </trkpt>
      <trkpt lat="46.17487" lon="6.76519">
        <ele>1815</ele>
        <time>2026-07-02T22:08:30+00:00</time>
      </trkpt>
      <trkpt lat="46.17483" lon="6.76516">
        <ele>1815</ele>
        <time>2026-07-02T22:08:33+00:00</time>
      </trkpt>
      <trkpt lat="46.17479" lon="6.76512">
        <ele>1817</ele>
        <time>2026-07-02T22:08:36+00:00</time>
      </trkpt>
      <trkpt lat="46.17478" lon="6.76511">
        <ele>1817</ele>
        <time>2026-07-02T22:08:39+00:00</time>
      </trkpt>
      <trkpt lat="46.17475" lon="6.76509">
        <ele>1812</ele>
        <time>2026-07-02T22:08:42+00:00</time>
      </trkpt>
      <trkpt lat="46.17473" lon="6.76506">
        <ele>1812</ele>
        <time>2026-07-02T22:08:45+00:00</time>
      </trkpt>
      <trkpt lat="46.1747" lon="6.76503">
        <ele>1812</ele>
        <time>2026-07-02T22:08:48+00:00</time>
      </trkpt>
      <trkpt lat="46.17466" lon="6.76499">
        <ele>1812</ele>
        <time>2026-07-02T22:08:51+00:00</time>
      </trkpt>
      <trkpt lat="46.17464" lon="6.76496">
        <ele>1812</ele>
        <time>2026-07-02T22:08:54+00:00</time>
      </trkpt>
      <trkpt lat="46.17461" lon="6.76493">
        <ele>1812</ele>
        <time>2026-07-02T22:08:57+00:00</time>
      </trkpt>
      <trkpt lat="46.17458" lon="6.76491">
        <ele>1812</ele>
        <time>2026-07-02T22:09:00+00:00</time>
      </trkpt>
      <trkpt lat="46.17453" lon="6.76489">
        <ele>1812</ele>
        <time>2026-07-02T22:09:03+00:00</time>
      </trkpt>
      <trkpt lat="46.1745" lon="6.76487">
        <ele>1812</ele>
        <time>2026-07-02T22:09:06+00:00</time>
      </trkpt>
      <trkpt lat="46.17448" lon="6.76485">
        <ele>1813</ele>
        <time>2026-07-02T22:09:09+00:00</time>
      </trkpt>
      <trkpt lat="46.17447" lon="6.76482">
        <ele>1813</ele>
        <time>2026-07-02T22:09:12+00:00</time>
      </trkpt>
      <trkpt lat="46.17445" lon="6.7648">
        <ele>1813</ele>
        <time>2026-07-02T22:09:15+00:00</time>
      </trkpt>
      <trkpt lat="46.17443" lon="6.76478">
        <ele>1812</ele>
        <time>2026-07-02T22:09:18+00:00</time>
      </trkpt>
      <trkpt lat="46.17441" lon="6.76476">
        <ele>1812</ele>
        <time>2026-07-02T22:09:21+00:00</time>
      </trkpt>
      <trkpt lat="46.1744" lon="6.76474">
        <ele>1813</ele>
        <time>2026-07-02T22:09:24+00:00</time>
      </trkpt>
      <trkpt lat="46.17437" lon="6.76473">
        <ele>1813</ele>
        <time>2026-07-02T22:09:27+00:00</time>
      </trkpt>
      <trkpt lat="46.17435" lon="6.76472">
        <ele>1813</ele>
        <time>2026-07-02T22:09:30+00:00</time>
      </trkpt>
      <trkpt lat="46.17434" lon="6.76471">
        <ele>1813</ele>
        <time>2026-07-02T22:09:33+00:00</time>
      </trkpt>
      <trkpt lat="46.17433" lon="6.76468">
        <ele>1811</ele>
        <time>2026-07-02T22:09:36+00:00</time>
      </trkpt>
      <trkpt lat="46.17432" lon="6.76465">
        <ele>1811</ele>
        <time>2026-07-02T22:09:39+00:00</time>
      </trkpt>
      <trkpt lat="46.1743" lon="6.76463">
        <ele>1812</ele>
        <time>2026-07-02T22:09:42+00:00</time>
      </trkpt>
      <trkpt lat="46.17428" lon="6.76462">
        <ele>1812</ele>
        <time>2026-07-02T22:09:45+00:00</time>
      </trkpt>
      <trkpt lat="46.17426" lon="6.76461">
        <ele>1812</ele>
        <time>2026-07-02T22:09:48+00:00</time>
      </trkpt>
      <trkpt lat="46.17425" lon="6.76459">
        <ele>1809</ele>
        <time>2026-07-02T22:09:51+00:00</time>
      </trkpt>
      <trkpt lat="46.17423" lon="6.76459">
        <ele>1809</ele>
        <time>2026-07-02T22:09:54+00:00</time>
      </trkpt>
      <trkpt lat="46.17421" lon="6.76458">
        <ele>1809</ele>
        <time>2026-07-02T22:09:57+00:00</time>
      </trkpt>
      <trkpt lat="46.17418" lon="6.76459">
        <ele>1810</ele>
        <time>2026-07-02T22:10:00+00:00</time>
      </trkpt>
      <trkpt lat="46.17414" lon="6.76459">
        <ele>1810</ele>
        <time>2026-07-02T22:10:03+00:00</time>
      </trkpt>
      <trkpt lat="46.17411" lon="6.7646">
        <ele>1810</ele>
        <time>2026-07-02T22:10:06+00:00</time>
      </trkpt>
      <trkpt lat="46.17408" lon="6.76459">
        <ele>1811</ele>
        <time>2026-07-02T22:10:09+00:00</time>
      </trkpt>
      <trkpt lat="46.17405" lon="6.76458">
        <ele>1811</ele>
        <time>2026-07-02T22:10:12+00:00</time>
      </trkpt>
      <trkpt lat="46.17402" lon="6.76457">
        <ele>1811</ele>
        <time>2026-07-02T22:10:15+00:00</time>
      </trkpt>
      <trkpt lat="46.174" lon="6.76456">
        <ele>1816</ele>
        <time>2026-07-02T22:10:18+00:00</time>
      </trkpt>
      <trkpt lat="46.17397" lon="6.76454">
        <ele>1816</ele>
        <time>2026-07-02T22:10:21+00:00</time>
      </trkpt>
      <trkpt lat="46.17395" lon="6.76452">
        <ele>1816</ele>
        <time>2026-07-02T22:10:24+00:00</time>
      </trkpt>
      <trkpt lat="46.17393" lon="6.7645">
        <ele>1816</ele>
        <time>2026-07-02T22:10:27+00:00</time>
      </trkpt>
      <trkpt lat="46.17391" lon="6.76447">
        <ele>1811</ele>
        <time>2026-07-02T22:10:30+00:00</time>
      </trkpt>
      <trkpt lat="46.17391" lon="6.76444">
        <ele>1811</ele>
        <time>2026-07-02T22:10:33+00:00</time>
      </trkpt>
      <trkpt lat="46.1739" lon="6.7644">
        <ele>1811</ele>
        <time>2026-07-02T22:10:36+00:00</time>
      </trkpt>
      <trkpt lat="46.1739" lon="6.76438">
        <ele>1809</ele>
        <time>2026-07-02T22:10:39+00:00</time>
      </trkpt>
      <trkpt lat="46.17389" lon="6.76436">
        <ele>1809</ele>
        <time>2026-07-02T22:10:42+00:00</time>
      </trkpt>
      <trkpt lat="46.17387" lon="6.76433">
        <ele>1809</ele>
        <time>2026-07-02T22:10:45+00:00</time>
      </trkpt>
      <trkpt lat="46.17383" lon="6.76427">
        <ele>1805</ele>
        <time>2026-07-02T22:10:48+00:00</time>
      </trkpt>
      <trkpt lat="46.17381" lon="6.76425">
        <ele>1805</ele>
        <time>2026-07-02T22:10:51+00:00</time>
      </trkpt>
      <trkpt lat="46.1738" lon="6.76424">
        <ele>1806</ele>
        <time>2026-07-02T22:10:54+00:00</time>
      </trkpt>
      <trkpt lat="46.17378" lon="6.76423">
        <ele>1806</ele>
        <time>2026-07-02T22:10:57+00:00</time>
      </trkpt>
      <trkpt lat="46.17376" lon="6.76423">
        <ele>1806</ele>
        <time>2026-07-02T22:11:00+00:00</time>
      </trkpt>
      <trkpt lat="46.17375" lon="6.76422">
        <ele>1806</ele>
        <time>2026-07-02T22:11:03+00:00</time>
      </trkpt>
      <trkpt lat="46.17372" lon="6.7642">
        <ele>1803</ele>
        <time>2026-07-02T22:11:06+00:00</time>
      </trkpt>
      <trkpt lat="46.17371" lon="6.76418">
        <ele>1803</ele>
        <time>2026-07-02T22:11:09+00:00</time>
      </trkpt>
      <trkpt lat="46.1737" lon="6.76416">
        <ele>1806</ele>
        <time>2026-07-02T22:11:12+00:00</time>
      </trkpt>
      <trkpt lat="46.17367" lon="6.76412">
        <ele>1806</ele>
        <time>2026-07-02T22:11:15+00:00</time>
      </trkpt>
      <trkpt lat="46.17364" lon="6.76409">
        <ele>1804</ele>
        <time>2026-07-02T22:11:18+00:00</time>
      </trkpt>
      <trkpt lat="46.17358" lon="6.76406">
        <ele>1809</ele>
        <time>2026-07-02T22:11:21+00:00</time>
      </trkpt>
      <trkpt lat="46.17358" lon="6.76405">
        <ele>1809</ele>
        <time>2026-07-02T22:11:24+00:00</time>
      </trkpt>
      <trkpt lat="46.17358" lon="6.76403">
        <ele>1809</ele>
        <time>2026-07-02T22:11:27+00:00</time>
      </trkpt>
      <trkpt lat="46.17363" lon="6.76391">
        <ele>1803</ele>
        <time>2026-07-02T22:11:30+00:00</time>
      </trkpt>
      <trkpt lat="46.17364" lon="6.76384">
        <ele>1802</ele>
        <time>2026-07-02T22:11:33+00:00</time>
      </trkpt>
      <trkpt lat="46.17367" lon="6.76379">
        <ele>1800</ele>
        <time>2026-07-02T22:11:36+00:00</time>
      </trkpt>
      <trkpt lat="46.17365" lon="6.76374">
        <ele>1800</ele>
        <time>2026-07-02T22:11:39+00:00</time>
      </trkpt>
      <trkpt lat="46.17367" lon="6.7637">
        <ele>1799</ele>
        <time>2026-07-02T22:11:42+00:00</time>
      </trkpt>
      <trkpt lat="46.17374" lon="6.76358">
        <ele>1794</ele>
        <time>2026-07-02T22:11:45+00:00</time>
      </trkpt>
      <trkpt lat="46.17372" lon="6.76339">
        <ele>1792</ele>
        <time>2026-07-02T22:11:48+00:00</time>
      </trkpt>
      <trkpt lat="46.17376" lon="6.76335">
        <ele>1792</ele>
        <time>2026-07-02T22:11:51+00:00</time>
      </trkpt>
      <trkpt lat="46.17377" lon="6.76329">
        <ele>1788</ele>
        <time>2026-07-02T22:11:54+00:00</time>
      </trkpt>
      <trkpt lat="46.17379" lon="6.76324">
        <ele>1788</ele>
        <time>2026-07-02T22:11:57+00:00</time>
      </trkpt>
      <trkpt lat="46.17376" lon="6.76323">
        <ele>1788</ele>
        <time>2026-07-02T22:12:00+00:00</time>
      </trkpt>
      <trkpt lat="46.17375" lon="6.76322">
        <ele>1788</ele>
        <time>2026-07-02T22:12:03+00:00</time>
      </trkpt>
      <trkpt lat="46.17377" lon="6.76317">
        <ele>1786</ele>
        <time>2026-07-02T22:12:06+00:00</time>
      </trkpt>
      <trkpt lat="46.17376" lon="6.76314">
        <ele>1786</ele>
        <time>2026-07-02T22:12:09+00:00</time>
      </trkpt>
      <trkpt lat="46.17376" lon="6.7631">
        <ele>1786</ele>
        <time>2026-07-02T22:12:12+00:00</time>
      </trkpt>
      <trkpt lat="46.17378" lon="6.76307">
        <ele>1785</ele>
        <time>2026-07-02T22:12:15+00:00</time>
      </trkpt>
      <trkpt lat="46.17377" lon="6.76302">
        <ele>1785</ele>
        <time>2026-07-02T22:12:18+00:00</time>
      </trkpt>
      <trkpt lat="46.17378" lon="6.76298">
        <ele>1783</ele>
        <time>2026-07-02T22:12:21+00:00</time>
      </trkpt>
      <trkpt lat="46.17378" lon="6.76288">
        <ele>1782</ele>
        <time>2026-07-02T22:12:24+00:00</time>
      </trkpt>
      <trkpt lat="46.1738" lon="6.76283">
        <ele>1782</ele>
        <time>2026-07-02T22:12:27+00:00</time>
      </trkpt>
      <trkpt lat="46.1738" lon="6.76269">
        <ele>1779</ele>
        <time>2026-07-02T22:12:30+00:00</time>
      </trkpt>
      <trkpt lat="46.17378" lon="6.76265">
        <ele>1779</ele>
        <time>2026-07-02T22:12:33+00:00</time>
      </trkpt>
      <trkpt lat="46.17379" lon="6.76254">
        <ele>1777</ele>
        <time>2026-07-02T22:12:36+00:00</time>
      </trkpt>
      <trkpt lat="46.17381" lon="6.76246">
        <ele>1772</ele>
        <time>2026-07-02T22:12:39+00:00</time>
      </trkpt>
      <trkpt lat="46.17377" lon="6.76217">
        <ele>1772</ele>
        <time>2026-07-02T22:12:42+00:00</time>
      </trkpt>
      <trkpt lat="46.17378" lon="6.76203">
        <ele>1772</ele>
        <time>2026-07-02T22:12:45+00:00</time>
      </trkpt>
      <trkpt lat="46.17376" lon="6.76181">
        <ele>1769</ele>
        <time>2026-07-02T22:12:48+00:00</time>
      </trkpt>
      <trkpt lat="46.17372" lon="6.76167">
        <ele>1767</ele>
        <time>2026-07-02T22:12:51+00:00</time>
      </trkpt>
      <trkpt lat="46.17372" lon="6.76159">
        <ele>1766</ele>
        <time>2026-07-02T22:12:54+00:00</time>
      </trkpt>
      <trkpt lat="46.17372" lon="6.76148">
        <ele>1765</ele>
        <time>2026-07-02T22:12:57+00:00</time>
      </trkpt>
      <trkpt lat="46.17371" lon="6.76137">
        <ele>1763</ele>
        <time>2026-07-02T22:13:00+00:00</time>
      </trkpt>
      <trkpt lat="46.17372" lon="6.7613">
        <ele>1762</ele>
        <time>2026-07-02T22:13:03+00:00</time>
      </trkpt>
      <trkpt lat="46.17372" lon="6.76122">
        <ele>1762</ele>
        <time>2026-07-02T22:13:06+00:00</time>
      </trkpt>
      <trkpt lat="46.17373" lon="6.76117">
        <ele>1761</ele>
        <time>2026-07-02T22:13:09+00:00</time>
      </trkpt>
      <trkpt lat="46.1737" lon="6.76109">
        <ele>1760</ele>
        <time>2026-07-02T22:13:12+00:00</time>
      </trkpt>
      <trkpt lat="46.17369" lon="6.76103">
        <ele>1764</ele>
        <time>2026-07-02T22:13:15+00:00</time>
      </trkpt>
      <trkpt lat="46.17367" lon="6.76095">
        <ele>1762</ele>
        <time>2026-07-02T22:13:18+00:00</time>
      </trkpt>
      <trkpt lat="46.17364" lon="6.76088">
        <ele>1760</ele>
        <time>2026-07-02T22:13:21+00:00</time>
      </trkpt>
      <trkpt lat="46.17356" lon="6.76079">
        <ele>1759</ele>
        <time>2026-07-02T22:13:24+00:00</time>
      </trkpt>
      <trkpt lat="46.17354" lon="6.76075">
        <ele>1759</ele>
        <time>2026-07-02T22:13:27+00:00</time>
      </trkpt>
      <trkpt lat="46.17349" lon="6.76061">
        <ele>1760</ele>
        <time>2026-07-02T22:13:30+00:00</time>
      </trkpt>
      <trkpt lat="46.17344" lon="6.76059">
        <ele>1756</ele>
        <time>2026-07-02T22:13:33+00:00</time>
      </trkpt>
      <trkpt lat="46.17337" lon="6.76058">
        <ele>1761</ele>
        <time>2026-07-02T22:13:36+00:00</time>
      </trkpt>
      <trkpt lat="46.17334" lon="6.76056">
        <ele>1761</ele>
        <time>2026-07-02T22:13:39+00:00</time>
      </trkpt>
      <trkpt lat="46.17329" lon="6.76042">
        <ele>1760</ele>
        <time>2026-07-02T22:13:42+00:00</time>
      </trkpt>
      <trkpt lat="46.17325" lon="6.76037">
        <ele>1757</ele>
        <time>2026-07-02T22:13:45+00:00</time>
      </trkpt>
      <trkpt lat="46.17319" lon="6.76034">
        <ele>1760</ele>
        <time>2026-07-02T22:13:48+00:00</time>
      </trkpt>
      <trkpt lat="46.17313" lon="6.76034">
        <ele>1760</ele>
        <time>2026-07-02T22:13:51+00:00</time>
      </trkpt>
      <trkpt lat="46.1731" lon="6.76032">
        <ele>1760</ele>
        <time>2026-07-02T22:13:54+00:00</time>
      </trkpt>
      <trkpt lat="46.17309" lon="6.76031">
        <ele>1763</ele>
        <time>2026-07-02T22:13:57+00:00</time>
      </trkpt>
      <trkpt lat="46.17312" lon="6.76019">
        <ele>1752</ele>
        <time>2026-07-02T22:14:00+00:00</time>
      </trkpt>
      <trkpt lat="46.17311" lon="6.76012">
        <ele>1752</ele>
        <time>2026-07-02T22:14:03+00:00</time>
      </trkpt>
      <trkpt lat="46.17305" lon="6.76006">
        <ele>1760</ele>
        <time>2026-07-02T22:14:06+00:00</time>
      </trkpt>
      <trkpt lat="46.17293" lon="6.76002">
        <ele>1757</ele>
        <time>2026-07-02T22:14:09+00:00</time>
      </trkpt>
      <trkpt lat="46.17288" lon="6.76001">
        <ele>1760</ele>
        <time>2026-07-02T22:14:12+00:00</time>
      </trkpt>
      <trkpt lat="46.17287" lon="6.76001">
        <ele>1760</ele>
        <time>2026-07-02T22:14:15+00:00</time>
      </trkpt>
      <trkpt lat="46.17288" lon="6.75995">
        <ele>1760</ele>
        <time>2026-07-02T22:14:18+00:00</time>
      </trkpt>
      <trkpt lat="46.17295" lon="6.75984">
        <ele>1755</ele>
        <time>2026-07-02T22:14:21+00:00</time>
      </trkpt>
      <trkpt lat="46.1732" lon="6.75955">
        <ele>1742</ele>
        <time>2026-07-02T22:14:24+00:00</time>
      </trkpt>
      <trkpt lat="46.17325" lon="6.75942">
        <ele>1741</ele>
        <time>2026-07-02T22:14:27+00:00</time>
      </trkpt>
      <trkpt lat="46.17325" lon="6.75938">
        <ele>1737</ele>
        <time>2026-07-02T22:14:30+00:00</time>
      </trkpt>
      <trkpt lat="46.17321" lon="6.75933">
        <ele>1737</ele>
        <time>2026-07-02T22:14:33+00:00</time>
      </trkpt>
      <trkpt lat="46.17301" lon="6.75933">
        <ele>1742</ele>
        <time>2026-07-02T22:14:36+00:00</time>
      </trkpt>
      <trkpt lat="46.17298" lon="6.75931">
        <ele>1747</ele>
        <time>2026-07-02T22:14:39+00:00</time>
      </trkpt>
      <trkpt lat="46.17296" lon="6.75931">
        <ele>1747</ele>
        <time>2026-07-02T22:14:42+00:00</time>
      </trkpt>
      <trkpt lat="46.17295" lon="6.75925">
        <ele>1749</ele>
        <time>2026-07-02T22:14:45+00:00</time>
      </trkpt>
      <trkpt lat="46.17306" lon="6.759">
        <ele>1737</ele>
        <time>2026-07-02T22:14:48+00:00</time>
      </trkpt>
      <trkpt lat="46.17317" lon="6.75878">
        <ele>1738</ele>
        <time>2026-07-02T22:14:51+00:00</time>
      </trkpt>
      <trkpt lat="46.17322" lon="6.75865">
        <ele>1733</ele>
        <time>2026-07-02T22:14:54+00:00</time>
      </trkpt>
      <trkpt lat="46.17318" lon="6.75856">
        <ele>1735</ele>
        <time>2026-07-02T22:14:57+00:00</time>
      </trkpt>
      <trkpt lat="46.17312" lon="6.7584">
        <ele>1731</ele>
        <time>2026-07-02T22:15:00+00:00</time>
      </trkpt>
      <trkpt lat="46.17298" lon="6.75803">
        <ele>1730</ele>
        <time>2026-07-02T22:15:03+00:00</time>
      </trkpt>
      <trkpt lat="46.17297" lon="6.75788">
        <ele>1727</ele>
        <time>2026-07-02T22:15:06+00:00</time>
      </trkpt>
      <trkpt lat="46.17296" lon="6.75783">
        <ele>1727</ele>
        <time>2026-07-02T22:15:09+00:00</time>
      </trkpt>
      <trkpt lat="46.17296" lon="6.7578">
        <ele>1726</ele>
        <time>2026-07-02T22:15:12+00:00</time>
      </trkpt>
      <trkpt lat="46.17298" lon="6.75767">
        <ele>1727</ele>
        <time>2026-07-02T22:15:15+00:00</time>
      </trkpt>
      <trkpt lat="46.17299" lon="6.75766">
        <ele>1727</ele>
        <time>2026-07-02T22:15:18+00:00</time>
      </trkpt>
      <trkpt lat="46.173" lon="6.75765">
        <ele>1725</ele>
        <time>2026-07-02T22:15:21+00:00</time>
      </trkpt>
      <trkpt lat="46.17308" lon="6.75767">
        <ele>1725</ele>
        <time>2026-07-02T22:15:24+00:00</time>
      </trkpt>
      <trkpt lat="46.17313" lon="6.75767">
        <ele>1724</ele>
        <time>2026-07-02T22:15:27+00:00</time>
      </trkpt>
      <trkpt lat="46.17323" lon="6.75765">
        <ele>1723</ele>
        <time>2026-07-02T22:15:30+00:00</time>
      </trkpt>
      <trkpt lat="46.17336" lon="6.75755">
        <ele>1724</ele>
        <time>2026-07-02T22:15:33+00:00</time>
      </trkpt>
      <trkpt lat="46.17341" lon="6.75752">
        <ele>1721</ele>
        <time>2026-07-02T22:15:36+00:00</time>
      </trkpt>
      <trkpt lat="46.1735" lon="6.75747">
        <ele>1721</ele>
        <time>2026-07-02T22:15:39+00:00</time>
      </trkpt>
      <trkpt lat="46.17359" lon="6.75739">
        <ele>1720</ele>
        <time>2026-07-02T22:15:42+00:00</time>
      </trkpt>
      <trkpt lat="46.17364" lon="6.75734">
        <ele>1717</ele>
        <time>2026-07-02T22:15:45+00:00</time>
      </trkpt>
      <trkpt lat="46.17368" lon="6.75728">
        <ele>1718</ele>
        <time>2026-07-02T22:15:48+00:00</time>
      </trkpt>
      <trkpt lat="46.17374" lon="6.75723">
        <ele>1715</ele>
        <time>2026-07-02T22:15:51+00:00</time>
      </trkpt>
      <trkpt lat="46.17377" lon="6.75718">
        <ele>1717</ele>
        <time>2026-07-02T22:15:54+00:00</time>
      </trkpt>
      <trkpt lat="46.17383" lon="6.75715">
        <ele>1714</ele>
        <time>2026-07-02T22:15:57+00:00</time>
      </trkpt>
      <trkpt lat="46.17388" lon="6.757">
        <ele>1716</ele>
        <time>2026-07-02T22:16:00+00:00</time>
      </trkpt>
      <trkpt lat="46.1739" lon="6.75695">
        <ele>1713</ele>
        <time>2026-07-02T22:16:03+00:00</time>
      </trkpt>
      <trkpt lat="46.17399" lon="6.75683">
        <ele>1714</ele>
        <time>2026-07-02T22:16:06+00:00</time>
      </trkpt>
      <trkpt lat="46.17401" lon="6.75678">
        <ele>1710</ele>
        <time>2026-07-02T22:16:09+00:00</time>
      </trkpt>
      <trkpt lat="46.17411" lon="6.75667">
        <ele>1708</ele>
        <time>2026-07-02T22:16:12+00:00</time>
      </trkpt>
      <trkpt lat="46.17422" lon="6.75655">
        <ele>1707</ele>
        <time>2026-07-02T22:16:15+00:00</time>
      </trkpt>
      <trkpt lat="46.17427" lon="6.75643">
        <ele>1707</ele>
        <time>2026-07-02T22:16:18+00:00</time>
      </trkpt>
      <trkpt lat="46.1743" lon="6.75636">
        <ele>1707</ele>
        <time>2026-07-02T22:16:21+00:00</time>
      </trkpt>
      <trkpt lat="46.17429" lon="6.7563">
        <ele>1707</ele>
        <time>2026-07-02T22:16:24+00:00</time>
      </trkpt>
      <trkpt lat="46.17429" lon="6.75629">
        <ele>1707</ele>
        <time>2026-07-02T22:16:27+00:00</time>
      </trkpt>
      <trkpt lat="46.17438" lon="6.75614">
        <ele>1705</ele>
        <time>2026-07-02T22:16:30+00:00</time>
      </trkpt>
      <trkpt lat="46.17439" lon="6.75608">
        <ele>1706</ele>
        <time>2026-07-02T22:16:33+00:00</time>
      </trkpt>
      <trkpt lat="46.17441" lon="6.75603">
        <ele>1704</ele>
        <time>2026-07-02T22:16:36+00:00</time>
      </trkpt>
      <trkpt lat="46.17444" lon="6.7559">
        <ele>1703</ele>
        <time>2026-07-02T22:16:39+00:00</time>
      </trkpt>
      <trkpt lat="46.17448" lon="6.75579">
        <ele>1702</ele>
        <time>2026-07-02T22:16:42+00:00</time>
      </trkpt>
      <trkpt lat="46.17449" lon="6.75574">
        <ele>1702</ele>
        <time>2026-07-02T22:16:45+00:00</time>
      </trkpt>
      <trkpt lat="46.17449" lon="6.7557">
        <ele>1702</ele>
        <time>2026-07-02T22:16:48+00:00</time>
      </trkpt>
      <trkpt lat="46.17447" lon="6.75567">
        <ele>1701</ele>
        <time>2026-07-02T22:16:51+00:00</time>
      </trkpt>
      <trkpt lat="46.17446" lon="6.75558">
        <ele>1700</ele>
        <time>2026-07-02T22:16:54+00:00</time>
      </trkpt>
      <trkpt lat="46.17443" lon="6.75549">
        <ele>1703</ele>
        <time>2026-07-02T22:16:57+00:00</time>
      </trkpt>
      <trkpt lat="46.17442" lon="6.75543">
        <ele>1700</ele>
        <time>2026-07-02T22:17:00+00:00</time>
      </trkpt>
      <trkpt lat="46.17453" lon="6.75536">
        <ele>1706</ele>
        <time>2026-07-02T22:17:03+00:00</time>
      </trkpt>
      <trkpt lat="46.17464" lon="6.7553">
        <ele>1701</ele>
        <time>2026-07-02T22:17:06+00:00</time>
      </trkpt>
      <trkpt lat="46.17467" lon="6.75527">
        <ele>1704</ele>
        <time>2026-07-02T22:17:09+00:00</time>
      </trkpt>
      <trkpt lat="46.1747" lon="6.75524">
        <ele>1704</ele>
        <time>2026-07-02T22:17:12+00:00</time>
      </trkpt>
      <trkpt lat="46.17471" lon="6.75518">
        <ele>1700</ele>
        <time>2026-07-02T22:17:15+00:00</time>
      </trkpt>
      <trkpt lat="46.17471" lon="6.75512">
        <ele>1700</ele>
        <time>2026-07-02T22:17:18+00:00</time>
      </trkpt>
      <trkpt lat="46.17456" lon="6.75477">
        <ele>1700</ele>
        <time>2026-07-02T22:17:21+00:00</time>
      </trkpt>
      <trkpt lat="46.17455" lon="6.7547">
        <ele>1699</ele>
        <time>2026-07-02T22:17:24+00:00</time>
      </trkpt>
      <trkpt lat="46.17455" lon="6.75462">
        <ele>1699</ele>
        <time>2026-07-02T22:17:27+00:00</time>
      </trkpt>
      <trkpt lat="46.17455" lon="6.75456">
        <ele>1700</ele>
        <time>2026-07-02T22:17:30+00:00</time>
      </trkpt>
      <trkpt lat="46.17456" lon="6.75452">
        <ele>1700</ele>
        <time>2026-07-02T22:17:33+00:00</time>
      </trkpt>
      <trkpt lat="46.17456" lon="6.7545">
        <ele>1700</ele>
        <time>2026-07-02T22:17:36+00:00</time>
      </trkpt>
      <trkpt lat="46.17454" lon="6.75445">
        <ele>1700</ele>
        <time>2026-07-02T22:17:39+00:00</time>
      </trkpt>
      <trkpt lat="46.17451" lon="6.75432">
        <ele>1699</ele>
        <time>2026-07-02T22:17:42+00:00</time>
      </trkpt>
      <trkpt lat="46.1745" lon="6.75424">
        <ele>1700</ele>
        <time>2026-07-02T22:17:45+00:00</time>
      </trkpt>
      <trkpt lat="46.17452" lon="6.75414">
        <ele>1698</ele>
        <time>2026-07-02T22:17:48+00:00</time>
      </trkpt>
      <trkpt lat="46.17455" lon="6.75401">
        <ele>1699</ele>
        <time>2026-07-02T22:17:51+00:00</time>
      </trkpt>
      <trkpt lat="46.17458" lon="6.75391">
        <ele>1698</ele>
        <time>2026-07-02T22:17:54+00:00</time>
      </trkpt>
      <trkpt lat="46.17461" lon="6.75378">
        <ele>1693</ele>
        <time>2026-07-02T22:17:57+00:00</time>
      </trkpt>
      <trkpt lat="46.17464" lon="6.75373">
        <ele>1693</ele>
        <time>2026-07-02T22:18:00+00:00</time>
      </trkpt>
      <trkpt lat="46.17469" lon="6.75367">
        <ele>1698</ele>
        <time>2026-07-02T22:18:03+00:00</time>
      </trkpt>
      <trkpt lat="46.17474" lon="6.75359">
        <ele>1697</ele>
        <time>2026-07-02T22:18:06+00:00</time>
      </trkpt>
      <trkpt lat="46.17477" lon="6.75353">
        <ele>1697</ele>
        <time>2026-07-02T22:18:09+00:00</time>
      </trkpt>
      <trkpt lat="46.17479" lon="6.7535">
        <ele>1702</ele>
        <time>2026-07-02T22:18:12+00:00</time>
      </trkpt>
      <trkpt lat="46.17486" lon="6.75344">
        <ele>1698</ele>
        <time>2026-07-02T22:18:15+00:00</time>
      </trkpt>
      <trkpt lat="46.17489" lon="6.75338">
        <ele>1702</ele>
        <time>2026-07-02T22:18:18+00:00</time>
      </trkpt>
      <trkpt lat="46.17491" lon="6.75337">
        <ele>1698</ele>
        <time>2026-07-02T22:18:21+00:00</time>
      </trkpt>
      <trkpt lat="46.175" lon="6.75333">
        <ele>1698</ele>
        <time>2026-07-02T22:18:24+00:00</time>
      </trkpt>
      <trkpt lat="46.17505" lon="6.75327">
        <ele>1692</ele>
        <time>2026-07-02T22:18:27+00:00</time>
      </trkpt>
      <trkpt lat="46.17506" lon="6.75323">
        <ele>1700</ele>
        <time>2026-07-02T22:18:30+00:00</time>
      </trkpt>
      <trkpt lat="46.17514" lon="6.75313">
        <ele>1696</ele>
        <time>2026-07-02T22:18:33+00:00</time>
      </trkpt>
      <trkpt lat="46.17524" lon="6.75306">
        <ele>1687</ele>
        <time>2026-07-02T22:18:36+00:00</time>
      </trkpt>
      <trkpt lat="46.17525" lon="6.75303">
        <ele>1687</ele>
        <time>2026-07-02T22:18:39+00:00</time>
      </trkpt>
      <trkpt lat="46.17526" lon="6.75303">
        <ele>1687</ele>
        <time>2026-07-02T22:18:42+00:00</time>
      </trkpt>
      <trkpt lat="46.17533" lon="6.753">
        <ele>1684</ele>
        <time>2026-07-02T22:18:45+00:00</time>
      </trkpt>
      <trkpt lat="46.17565" lon="6.75286">
        <ele>1678</ele>
        <time>2026-07-02T22:18:48+00:00</time>
      </trkpt>
      <trkpt lat="46.1757" lon="6.75276">
        <ele>1675</ele>
        <time>2026-07-02T22:18:51+00:00</time>
      </trkpt>
      <trkpt lat="46.17576" lon="6.75274">
        <ele>1675</ele>
        <time>2026-07-02T22:18:54+00:00</time>
      </trkpt>
      <trkpt lat="46.17578" lon="6.75271">
        <ele>1675</ele>
        <time>2026-07-02T22:18:57+00:00</time>
      </trkpt>
      <trkpt lat="46.1758" lon="6.75266">
        <ele>1669</ele>
        <time>2026-07-02T22:19:00+00:00</time>
      </trkpt>
      <trkpt lat="46.17582" lon="6.75265">
        <ele>1669</ele>
        <time>2026-07-02T22:19:03+00:00</time>
      </trkpt>
      <trkpt lat="46.17592" lon="6.75252">
        <ele>1664</ele>
        <time>2026-07-02T22:19:06+00:00</time>
      </trkpt>
      <trkpt lat="46.17595" lon="6.75243">
        <ele>1664</ele>
        <time>2026-07-02T22:19:09+00:00</time>
      </trkpt>
      <trkpt lat="46.17597" lon="6.75239">
        <ele>1665</ele>
        <time>2026-07-02T22:19:12+00:00</time>
      </trkpt>
      <trkpt lat="46.176" lon="6.75236">
        <ele>1665</ele>
        <time>2026-07-02T22:19:15+00:00</time>
      </trkpt>
      <trkpt lat="46.176" lon="6.75233">
        <ele>1665</ele>
        <time>2026-07-02T22:19:18+00:00</time>
      </trkpt>
      <trkpt lat="46.17607" lon="6.75227">
        <ele>1660</ele>
        <time>2026-07-02T22:19:21+00:00</time>
      </trkpt>
      <trkpt lat="46.17611" lon="6.75216">
        <ele>1655</ele>
        <time>2026-07-02T22:19:24+00:00</time>
      </trkpt>
      <trkpt lat="46.17617" lon="6.75205">
        <ele>1656</ele>
        <time>2026-07-02T22:19:27+00:00</time>
      </trkpt>
      <trkpt lat="46.17629" lon="6.75196">
        <ele>1654</ele>
        <time>2026-07-02T22:19:30+00:00</time>
      </trkpt>
      <trkpt lat="46.1764" lon="6.7519">
        <ele>1642</ele>
        <time>2026-07-02T22:19:33+00:00</time>
      </trkpt>
      <trkpt lat="46.17645" lon="6.75185">
        <ele>1642</ele>
        <time>2026-07-02T22:19:36+00:00</time>
      </trkpt>
      <trkpt lat="46.17651" lon="6.75181">
        <ele>1647</ele>
        <time>2026-07-02T22:19:39+00:00</time>
      </trkpt>
      <trkpt lat="46.17659" lon="6.75178">
        <ele>1642</ele>
        <time>2026-07-02T22:19:42+00:00</time>
      </trkpt>
      <trkpt lat="46.17664" lon="6.75174">
        <ele>1638</ele>
        <time>2026-07-02T22:19:45+00:00</time>
      </trkpt>
      <trkpt lat="46.17665" lon="6.75173">
        <ele>1638</ele>
        <time>2026-07-02T22:19:48+00:00</time>
      </trkpt>
      <trkpt lat="46.17683" lon="6.75164">
        <ele>1641</ele>
        <time>2026-07-02T22:19:51+00:00</time>
      </trkpt>
      <trkpt lat="46.17684" lon="6.75162">
        <ele>1641</ele>
        <time>2026-07-02T22:19:54+00:00</time>
      </trkpt>
      <trkpt lat="46.17687" lon="6.75162">
        <ele>1641</ele>
        <time>2026-07-02T22:19:57+00:00</time>
      </trkpt>
      <trkpt lat="46.1769" lon="6.75163">
        <ele>1633</ele>
        <time>2026-07-02T22:20:00+00:00</time>
      </trkpt>
      <trkpt lat="46.17696" lon="6.7516">
        <ele>1643</ele>
        <time>2026-07-02T22:20:03+00:00</time>
      </trkpt>
      <trkpt lat="46.177" lon="6.75157">
        <ele>1626</ele>
        <time>2026-07-02T22:20:06+00:00</time>
      </trkpt>
      <trkpt lat="46.17707" lon="6.75151">
        <ele>1626</ele>
        <time>2026-07-02T22:20:09+00:00</time>
      </trkpt>
      <trkpt lat="46.17712" lon="6.75145">
        <ele>1624</ele>
        <time>2026-07-02T22:20:12+00:00</time>
      </trkpt>
      <trkpt lat="46.17716" lon="6.75142">
        <ele>1626</ele>
        <time>2026-07-02T22:20:15+00:00</time>
      </trkpt>
      <trkpt lat="46.1772" lon="6.75138">
        <ele>1622</ele>
        <time>2026-07-02T22:20:18+00:00</time>
      </trkpt>
      <trkpt lat="46.17722" lon="6.75134">
        <ele>1622</ele>
        <time>2026-07-02T22:20:21+00:00</time>
      </trkpt>
      <trkpt lat="46.17722" lon="6.7513">
        <ele>1622</ele>
        <time>2026-07-02T22:20:24+00:00</time>
      </trkpt>
      <trkpt lat="46.17724" lon="6.75126">
        <ele>1624</ele>
        <time>2026-07-02T22:20:27+00:00</time>
      </trkpt>
      <trkpt lat="46.17726" lon="6.75123">
        <ele>1624</ele>
        <time>2026-07-02T22:20:30+00:00</time>
      </trkpt>
      <trkpt lat="46.17728" lon="6.75118">
        <ele>1627</ele>
        <time>2026-07-02T22:20:33+00:00</time>
      </trkpt>
      <trkpt lat="46.1773" lon="6.75109">
        <ele>1627</ele>
        <time>2026-07-02T22:20:36+00:00</time>
      </trkpt>
      <trkpt lat="46.17738" lon="6.75095">
        <ele>1629</ele>
        <time>2026-07-02T22:20:39+00:00</time>
      </trkpt>
      <trkpt lat="46.17741" lon="6.75082">
        <ele>1624</ele>
        <time>2026-07-02T22:20:42+00:00</time>
      </trkpt>
      <trkpt lat="46.17748" lon="6.75065">
        <ele>1629</ele>
        <time>2026-07-02T22:20:45+00:00</time>
      </trkpt>
      <trkpt lat="46.17752" lon="6.7506">
        <ele>1626</ele>
        <time>2026-07-02T22:20:48+00:00</time>
      </trkpt>
      <trkpt lat="46.17769" lon="6.7503">
        <ele>1628</ele>
        <time>2026-07-02T22:20:51+00:00</time>
      </trkpt>
      <trkpt lat="46.17773" lon="6.75023">
        <ele>1627</ele>
        <time>2026-07-02T22:20:54+00:00</time>
      </trkpt>
      <trkpt lat="46.17777" lon="6.75019">
        <ele>1629</ele>
        <time>2026-07-02T22:20:57+00:00</time>
      </trkpt>
      <trkpt lat="46.17783" lon="6.75005">
        <ele>1628</ele>
        <time>2026-07-02T22:21:00+00:00</time>
      </trkpt>
      <trkpt lat="46.17786" lon="6.74999">
        <ele>1630</ele>
        <time>2026-07-02T22:21:03+00:00</time>
      </trkpt>
      <trkpt lat="46.17795" lon="6.74987">
        <ele>1632</ele>
        <time>2026-07-02T22:21:06+00:00</time>
      </trkpt>
      <trkpt lat="46.17808" lon="6.74973">
        <ele>1632</ele>
        <time>2026-07-02T22:21:09+00:00</time>
      </trkpt>
      <trkpt lat="46.17831" lon="6.7495">
        <ele>1632</ele>
        <time>2026-07-02T22:21:12+00:00</time>
      </trkpt>
      <trkpt lat="46.17836" lon="6.74945">
        <ele>1632</ele>
        <time>2026-07-02T22:21:15+00:00</time>
      </trkpt>
      <trkpt lat="46.17845" lon="6.74941">
        <ele>1631</ele>
        <time>2026-07-02T22:21:18+00:00</time>
      </trkpt>
      <trkpt lat="46.17855" lon="6.74931">
        <ele>1631</ele>
        <time>2026-07-02T22:21:21+00:00</time>
      </trkpt>
      <trkpt lat="46.17859" lon="6.74929">
        <ele>1630</ele>
        <time>2026-07-02T22:21:24+00:00</time>
      </trkpt>
      <trkpt lat="46.17862" lon="6.74925">
        <ele>1628</ele>
        <time>2026-07-02T22:21:27+00:00</time>
      </trkpt>
      <trkpt lat="46.17873" lon="6.74925">
        <ele>1627</ele>
        <time>2026-07-02T22:21:30+00:00</time>
      </trkpt>
      <trkpt lat="46.1788" lon="6.74923">
        <ele>1627</ele>
        <time>2026-07-02T22:21:33+00:00</time>
      </trkpt>
      <trkpt lat="46.17892" lon="6.74917">
        <ele>1624</ele>
        <time>2026-07-02T22:21:36+00:00</time>
      </trkpt>
      <trkpt lat="46.17911" lon="6.74906">
        <ele>1622</ele>
        <time>2026-07-02T22:21:39+00:00</time>
      </trkpt>
      <trkpt lat="46.17923" lon="6.74896">
        <ele>1621</ele>
        <time>2026-07-02T22:21:42+00:00</time>
      </trkpt>
      <trkpt lat="46.17933" lon="6.74887">
        <ele>1621</ele>
        <time>2026-07-02T22:21:45+00:00</time>
      </trkpt>
      <trkpt lat="46.1794" lon="6.74877">
        <ele>1621</ele>
        <time>2026-07-02T22:21:48+00:00</time>
      </trkpt>
      <trkpt lat="46.17949" lon="6.74863">
        <ele>1621</ele>
        <time>2026-07-02T22:21:51+00:00</time>
      </trkpt>
      <trkpt lat="46.17956" lon="6.74848">
        <ele>1620</ele>
        <time>2026-07-02T22:21:54+00:00</time>
      </trkpt>
      <trkpt lat="46.17963" lon="6.74834">
        <ele>1618</ele>
        <time>2026-07-02T22:21:57+00:00</time>
      </trkpt>
      <trkpt lat="46.17968" lon="6.74826">
        <ele>1618</ele>
        <time>2026-07-02T22:22:00+00:00</time>
      </trkpt>
      <trkpt lat="46.17973" lon="6.74815">
        <ele>1617</ele>
        <time>2026-07-02T22:22:03+00:00</time>
      </trkpt>
      <trkpt lat="46.17979" lon="6.74802">
        <ele>1615</ele>
        <time>2026-07-02T22:22:06+00:00</time>
      </trkpt>
      <trkpt lat="46.17984" lon="6.7479">
        <ele>1614</ele>
        <time>2026-07-02T22:22:09+00:00</time>
      </trkpt>
      <trkpt lat="46.17985" lon="6.74785">
        <ele>1614</ele>
        <time>2026-07-02T22:22:12+00:00</time>
      </trkpt>
      <trkpt lat="46.17988" lon="6.74778">
        <ele>1613</ele>
        <time>2026-07-02T22:22:15+00:00</time>
      </trkpt>
      <trkpt lat="46.17989" lon="6.74772">
        <ele>1613</ele>
        <time>2026-07-02T22:22:18+00:00</time>
      </trkpt>
      <trkpt lat="46.1799" lon="6.74758">
        <ele>1611</ele>
        <time>2026-07-02T22:22:21+00:00</time>
      </trkpt>
      <trkpt lat="46.17991" lon="6.74751">
        <ele>1610</ele>
        <time>2026-07-02T22:22:24+00:00</time>
      </trkpt>
      <trkpt lat="46.17992" lon="6.74748">
        <ele>1608</ele>
        <time>2026-07-02T22:22:27+00:00</time>
      </trkpt>
      <trkpt lat="46.17996" lon="6.74739">
        <ele>1607</ele>
        <time>2026-07-02T22:22:30+00:00</time>
      </trkpt>
      <trkpt lat="46.18002" lon="6.7473">
        <ele>1603</ele>
        <time>2026-07-02T22:22:33+00:00</time>
      </trkpt>
      <trkpt lat="46.18007" lon="6.74722">
        <ele>1603</ele>
        <time>2026-07-02T22:22:36+00:00</time>
      </trkpt>
      <trkpt lat="46.18013" lon="6.7471">
        <ele>1597</ele>
        <time>2026-07-02T22:22:39+00:00</time>
      </trkpt>
      <trkpt lat="46.18018" lon="6.74702">
        <ele>1596</ele>
        <time>2026-07-02T22:22:42+00:00</time>
      </trkpt>
      <trkpt lat="46.1802" lon="6.74698">
        <ele>1594</ele>
        <time>2026-07-02T22:22:45+00:00</time>
      </trkpt>
      <trkpt lat="46.18024" lon="6.74698">
        <ele>1593</ele>
        <time>2026-07-02T22:22:48+00:00</time>
      </trkpt>
      <trkpt lat="46.18023" lon="6.74685">
        <ele>1590</ele>
        <time>2026-07-02T22:22:51+00:00</time>
      </trkpt>
      <trkpt lat="46.1802" lon="6.74669">
        <ele>1586</ele>
        <time>2026-07-02T22:22:54+00:00</time>
      </trkpt>
      <trkpt lat="46.18016" lon="6.74651">
        <ele>1585</ele>
        <time>2026-07-02T22:22:57+00:00</time>
      </trkpt>
      <trkpt lat="46.18015" lon="6.74634">
        <ele>1582</ele>
        <time>2026-07-02T22:23:00+00:00</time>
      </trkpt>
      <trkpt lat="46.18015" lon="6.74611">
        <ele>1578</ele>
        <time>2026-07-02T22:23:03+00:00</time>
      </trkpt>
      <trkpt lat="46.18009" lon="6.74588">
        <ele>1575</ele>
        <time>2026-07-02T22:23:06+00:00</time>
      </trkpt>
      <trkpt lat="46.18006" lon="6.74566">
        <ele>1570</ele>
        <time>2026-07-02T22:23:09+00:00</time>
      </trkpt>
      <trkpt lat="46.18005" lon="6.7455">
        <ele>1565</ele>
        <time>2026-07-02T22:23:12+00:00</time>
      </trkpt>
      <trkpt lat="46.17997" lon="6.74551">
        <ele>1564</ele>
        <time>2026-07-02T22:23:15+00:00</time>
      </trkpt>
      <trkpt lat="46.1799" lon="6.74553">
        <ele>1560</ele>
        <time>2026-07-02T22:23:18+00:00</time>
      </trkpt>
      <trkpt lat="46.17977" lon="6.74562">
        <ele>1562</ele>
        <time>2026-07-02T22:23:21+00:00</time>
      </trkpt>
      <trkpt lat="46.17965" lon="6.74574">
        <ele>1560</ele>
        <time>2026-07-02T22:23:24+00:00</time>
      </trkpt>
      <trkpt lat="46.17959" lon="6.74575">
        <ele>1559</ele>
        <time>2026-07-02T22:23:27+00:00</time>
      </trkpt>
      <trkpt lat="46.17954" lon="6.74573">
        <ele>1559</ele>
        <time>2026-07-02T22:23:30+00:00</time>
      </trkpt>
      <trkpt lat="46.17949" lon="6.74566">
        <ele>1553</ele>
        <time>2026-07-02T22:23:33+00:00</time>
      </trkpt>
      <trkpt lat="46.17943" lon="6.7456">
        <ele>1552</ele>
        <time>2026-07-02T22:23:36+00:00</time>
      </trkpt>
      <trkpt lat="46.17942" lon="6.74552">
        <ele>1552</ele>
        <time>2026-07-02T22:23:39+00:00</time>
      </trkpt>
      <trkpt lat="46.1794" lon="6.74541">
        <ele>1553</ele>
        <time>2026-07-02T22:23:42+00:00</time>
      </trkpt>
      <trkpt lat="46.1794" lon="6.74534">
        <ele>1550</ele>
        <time>2026-07-02T22:23:45+00:00</time>
      </trkpt>
      <trkpt lat="46.17942" lon="6.74529">
        <ele>1549</ele>
        <time>2026-07-02T22:23:48+00:00</time>
      </trkpt>
      <trkpt lat="46.17944" lon="6.74525">
        <ele>1549</ele>
        <time>2026-07-02T22:23:51+00:00</time>
      </trkpt>
      <trkpt lat="46.17945" lon="6.74523">
        <ele>1549</ele>
        <time>2026-07-02T22:23:54+00:00</time>
      </trkpt>
      <trkpt lat="46.17946" lon="6.7452">
        <ele>1549</ele>
        <time>2026-07-02T22:23:57+00:00</time>
      </trkpt>
      <trkpt lat="46.17944" lon="6.74514">
        <ele>1547</ele>
        <time>2026-07-02T22:24:00+00:00</time>
      </trkpt>
      <trkpt lat="46.17943" lon="6.74508">
        <ele>1545</ele>
        <time>2026-07-02T22:24:03+00:00</time>
      </trkpt>
      <trkpt lat="46.17942" lon="6.74503">
        <ele>1545</ele>
        <time>2026-07-02T22:24:06+00:00</time>
      </trkpt>
      <trkpt lat="46.17942" lon="6.74499">
        <ele>1544</ele>
        <time>2026-07-02T22:24:09+00:00</time>
      </trkpt>
      <trkpt lat="46.17944" lon="6.74493">
        <ele>1544</ele>
        <time>2026-07-02T22:24:12+00:00</time>
      </trkpt>
      <trkpt lat="46.17947" lon="6.74489">
        <ele>1543</ele>
        <time>2026-07-02T22:24:15+00:00</time>
      </trkpt>
      <trkpt lat="46.17956" lon="6.74483">
        <ele>1543</ele>
        <time>2026-07-02T22:24:18+00:00</time>
      </trkpt>
      <trkpt lat="46.17962" lon="6.7448">
        <ele>1541</ele>
        <time>2026-07-02T22:24:21+00:00</time>
      </trkpt>
      <trkpt lat="46.1797" lon="6.74476">
        <ele>1541</ele>
        <time>2026-07-02T22:24:24+00:00</time>
      </trkpt>
      <trkpt lat="46.17973" lon="6.74473">
        <ele>1539</ele>
        <time>2026-07-02T22:24:27+00:00</time>
      </trkpt>
      <trkpt lat="46.17975" lon="6.74469">
        <ele>1538</ele>
        <time>2026-07-02T22:24:30+00:00</time>
      </trkpt>
      <trkpt lat="46.17977" lon="6.74465">
        <ele>1538</ele>
        <time>2026-07-02T22:24:33+00:00</time>
      </trkpt>
      <trkpt lat="46.17977" lon="6.74457">
        <ele>1538</ele>
        <time>2026-07-02T22:24:36+00:00</time>
      </trkpt>
      <trkpt lat="46.17976" lon="6.74443">
        <ele>1536</ele>
        <time>2026-07-02T22:24:39+00:00</time>
      </trkpt>
      <trkpt lat="46.17975" lon="6.74426">
        <ele>1532</ele>
        <time>2026-07-02T22:24:42+00:00</time>
      </trkpt>
      <trkpt lat="46.17974" lon="6.74411">
        <ele>1531</ele>
        <time>2026-07-02T22:24:45+00:00</time>
      </trkpt>
      <trkpt lat="46.17972" lon="6.74401">
        <ele>1530</ele>
        <time>2026-07-02T22:24:48+00:00</time>
      </trkpt>
      <trkpt lat="46.17972" lon="6.74396">
        <ele>1529</ele>
        <time>2026-07-02T22:24:51+00:00</time>
      </trkpt>
      <trkpt lat="46.17972" lon="6.74386">
        <ele>1527</ele>
        <time>2026-07-02T22:24:54+00:00</time>
      </trkpt>
      <trkpt lat="46.17972" lon="6.7438">
        <ele>1527</ele>
        <time>2026-07-02T22:24:57+00:00</time>
      </trkpt>
      <trkpt lat="46.17973" lon="6.74376">
        <ele>1527</ele>
        <time>2026-07-02T22:25:00+00:00</time>
      </trkpt>
      <trkpt lat="46.17977" lon="6.7437">
        <ele>1527</ele>
        <time>2026-07-02T22:25:03+00:00</time>
      </trkpt>
      <trkpt lat="46.17981" lon="6.74363">
        <ele>1526</ele>
        <time>2026-07-02T22:25:06+00:00</time>
      </trkpt>
      <trkpt lat="46.17983" lon="6.74359">
        <ele>1524</ele>
        <time>2026-07-02T22:25:09+00:00</time>
      </trkpt>
      <trkpt lat="46.17985" lon="6.74348">
        <ele>1522</ele>
        <time>2026-07-02T22:25:12+00:00</time>
      </trkpt>
      <trkpt lat="46.17986" lon="6.74338">
        <ele>1520</ele>
        <time>2026-07-02T22:25:15+00:00</time>
      </trkpt>
      <trkpt lat="46.17988" lon="6.74331">
        <ele>1520</ele>
        <time>2026-07-02T22:25:18+00:00</time>
      </trkpt>
      <trkpt lat="46.1799" lon="6.74327">
        <ele>1516</ele>
        <time>2026-07-02T22:25:21+00:00</time>
      </trkpt>
      <trkpt lat="46.17995" lon="6.74318">
        <ele>1515</ele>
        <time>2026-07-02T22:25:24+00:00</time>
      </trkpt>
      <trkpt lat="46.18001" lon="6.74306">
        <ele>1515</ele>
        <time>2026-07-02T22:25:27+00:00</time>
      </trkpt>
      <trkpt lat="46.18006" lon="6.74283">
        <ele>1511</ele>
        <time>2026-07-02T22:25:30+00:00</time>
      </trkpt>
      <trkpt lat="46.18011" lon="6.74267">
        <ele>1508</ele>
        <time>2026-07-02T22:25:33+00:00</time>
      </trkpt>
      <trkpt lat="46.18012" lon="6.74256">
        <ele>1507</ele>
        <time>2026-07-02T22:25:36+00:00</time>
      </trkpt>
      <trkpt lat="46.1801" lon="6.74246">
        <ele>1503</ele>
        <time>2026-07-02T22:25:39+00:00</time>
      </trkpt>
      <trkpt lat="46.18005" lon="6.74243">
        <ele>1503</ele>
        <time>2026-07-02T22:25:42+00:00</time>
      </trkpt>
      <trkpt lat="46.17997" lon="6.74242">
        <ele>1500</ele>
        <time>2026-07-02T22:25:45+00:00</time>
      </trkpt>
      <trkpt lat="46.17987" lon="6.7424">
        <ele>1497</ele>
        <time>2026-07-02T22:25:48+00:00</time>
      </trkpt>
      <trkpt lat="46.17981" lon="6.74231">
        <ele>1495</ele>
        <time>2026-07-02T22:25:51+00:00</time>
      </trkpt>
      <trkpt lat="46.17981" lon="6.74207">
        <ele>1492</ele>
        <time>2026-07-02T22:25:54+00:00</time>
      </trkpt>
      <trkpt lat="46.17984" lon="6.74181">
        <ele>1489</ele>
        <time>2026-07-02T22:25:57+00:00</time>
      </trkpt>
      <trkpt lat="46.17988" lon="6.74149">
        <ele>1484</ele>
        <time>2026-07-02T22:26:00+00:00</time>
      </trkpt>
      <trkpt lat="46.17993" lon="6.74123">
        <ele>1482</ele>
        <time>2026-07-02T22:26:03+00:00</time>
      </trkpt>
      <trkpt lat="46.17995" lon="6.74081">
        <ele>1473</ele>
        <time>2026-07-02T22:26:06+00:00</time>
      </trkpt>
      <trkpt lat="46.17996" lon="6.7405">
        <ele>1469</ele>
        <time>2026-07-02T22:26:09+00:00</time>
      </trkpt>
      <trkpt lat="46.17994" lon="6.74021">
        <ele>1463</ele>
        <time>2026-07-02T22:26:12+00:00</time>
      </trkpt>
      <trkpt lat="46.17991" lon="6.74">
        <ele>1458</ele>
        <time>2026-07-02T22:26:15+00:00</time>
      </trkpt>
      <trkpt lat="46.17982" lon="6.73969">
        <ele>1455</ele>
        <time>2026-07-02T22:26:18+00:00</time>
      </trkpt>
      <trkpt lat="46.17972" lon="6.73946">
        <ele>1453</ele>
        <time>2026-07-02T22:26:21+00:00</time>
      </trkpt>
      <trkpt lat="46.17968" lon="6.73928">
        <ele>1452</ele>
        <time>2026-07-02T22:26:24+00:00</time>
      </trkpt>
      <trkpt lat="46.17959" lon="6.73907">
        <ele>1451</ele>
        <time>2026-07-02T22:26:27+00:00</time>
      </trkpt>
      <trkpt lat="46.17945" lon="6.73875">
        <ele>1445</ele>
        <time>2026-07-02T22:26:30+00:00</time>
      </trkpt>
      <trkpt lat="46.17943" lon="6.73868">
        <ele>1444</ele>
        <time>2026-07-02T22:26:33+00:00</time>
      </trkpt>
      <trkpt lat="46.17941" lon="6.73857">
        <ele>1444</ele>
        <time>2026-07-02T22:26:36+00:00</time>
      </trkpt>
      <trkpt lat="46.17938" lon="6.73849">
        <ele>1442</ele>
        <time>2026-07-02T22:26:39+00:00</time>
      </trkpt>
      <trkpt lat="46.17937" lon="6.73847">
        <ele>1442</ele>
        <time>2026-07-02T22:26:42+00:00</time>
      </trkpt>
      <trkpt lat="46.17933" lon="6.7384">
        <ele>1442</ele>
        <time>2026-07-02T22:26:45+00:00</time>
      </trkpt>
      <trkpt lat="46.17926" lon="6.73829">
        <ele>1441</ele>
        <time>2026-07-02T22:26:48+00:00</time>
      </trkpt>
      <trkpt lat="46.17925" lon="6.73825">
        <ele>1441</ele>
        <time>2026-07-02T22:26:51+00:00</time>
      </trkpt>
      <trkpt lat="46.17925" lon="6.73819">
        <ele>1440</ele>
        <time>2026-07-02T22:26:54+00:00</time>
      </trkpt>
      <trkpt lat="46.17925" lon="6.73815">
        <ele>1440</ele>
        <time>2026-07-02T22:26:57+00:00</time>
      </trkpt>
      <trkpt lat="46.1793" lon="6.738">
        <ele>1439</ele>
        <time>2026-07-02T22:27:00+00:00</time>
      </trkpt>
      <trkpt lat="46.17934" lon="6.7379">
        <ele>1434</ele>
        <time>2026-07-02T22:27:03+00:00</time>
      </trkpt>
      <trkpt lat="46.17941" lon="6.7378">
        <ele>1431</ele>
        <time>2026-07-02T22:27:06+00:00</time>
      </trkpt>
      <trkpt lat="46.17947" lon="6.73769">
        <ele>1428</ele>
        <time>2026-07-02T22:27:09+00:00</time>
      </trkpt>
      <trkpt lat="46.17956" lon="6.73752">
        <ele>1426</ele>
        <time>2026-07-02T22:27:12+00:00</time>
      </trkpt>
      <trkpt lat="46.17961" lon="6.73747">
        <ele>1425</ele>
        <time>2026-07-02T22:27:15+00:00</time>
      </trkpt>
      <trkpt lat="46.17967" lon="6.73744">
        <ele>1425</ele>
        <time>2026-07-02T22:27:18+00:00</time>
      </trkpt>
      <trkpt lat="46.17971" lon="6.73743">
        <ele>1423</ele>
        <time>2026-07-02T22:27:21+00:00</time>
      </trkpt>
      <trkpt lat="46.17971" lon="6.73743">
        <ele>1423</ele>
        <time>2026-07-02T22:27:24+00:00</time>
      </trkpt>
      <trkpt lat="46.17973" lon="6.73743">
        <ele>1423</ele>
        <time>2026-07-02T22:27:27+00:00</time>
      </trkpt>
      <trkpt lat="46.17978" lon="6.73745">
        <ele>1423</ele>
        <time>2026-07-02T22:27:30+00:00</time>
      </trkpt>
      <trkpt lat="46.17984" lon="6.73752">
        <ele>1425</ele>
        <time>2026-07-02T22:27:33+00:00</time>
      </trkpt>
      <trkpt lat="46.17991" lon="6.73764">
        <ele>1424</ele>
        <time>2026-07-02T22:27:36+00:00</time>
      </trkpt>
      <trkpt lat="46.17997" lon="6.73775">
        <ele>1425</ele>
        <time>2026-07-02T22:27:39+00:00</time>
      </trkpt>
      <trkpt lat="46.18006" lon="6.73795">
        <ele>1426</ele>
        <time>2026-07-02T22:27:42+00:00</time>
      </trkpt>
      <trkpt lat="46.18012" lon="6.73804">
        <ele>1423</ele>
        <time>2026-07-02T22:27:45+00:00</time>
      </trkpt>
      <trkpt lat="46.18018" lon="6.73815">
        <ele>1422</ele>
        <time>2026-07-02T22:27:48+00:00</time>
      </trkpt>
      <trkpt lat="46.18029" lon="6.73832">
        <ele>1421</ele>
        <time>2026-07-02T22:27:51+00:00</time>
      </trkpt>
      <trkpt lat="46.18039" lon="6.73844">
        <ele>1419</ele>
        <time>2026-07-02T22:27:54+00:00</time>
      </trkpt>
      <trkpt lat="46.18045" lon="6.73851">
        <ele>1418</ele>
        <time>2026-07-02T22:27:57+00:00</time>
      </trkpt>
      <trkpt lat="46.18051" lon="6.73859">
        <ele>1410</ele>
        <time>2026-07-02T22:28:00+00:00</time>
      </trkpt>
      <trkpt lat="46.18059" lon="6.73874">
        <ele>1415</ele>
        <time>2026-07-02T22:28:03+00:00</time>
      </trkpt>
      <trkpt lat="46.18066" lon="6.73886">
        <ele>1409</ele>
        <time>2026-07-02T22:28:06+00:00</time>
      </trkpt>
      <trkpt lat="46.1807" lon="6.73892">
        <ele>1412</ele>
        <time>2026-07-02T22:28:09+00:00</time>
      </trkpt>
      <trkpt lat="46.18078" lon="6.73902">
        <ele>1408</ele>
        <time>2026-07-02T22:28:12+00:00</time>
      </trkpt>
      <trkpt lat="46.18087" lon="6.73911">
        <ele>1406</ele>
        <time>2026-07-02T22:28:15+00:00</time>
      </trkpt>
      <trkpt lat="46.18095" lon="6.73924">
        <ele>1404</ele>
        <time>2026-07-02T22:28:18+00:00</time>
      </trkpt>
      <trkpt lat="46.181" lon="6.7394">
        <ele>1408</ele>
        <time>2026-07-02T22:28:21+00:00</time>
      </trkpt>
      <trkpt lat="46.18103" lon="6.73954">
        <ele>1399</ele>
        <time>2026-07-02T22:28:24+00:00</time>
      </trkpt>
      <trkpt lat="46.18111" lon="6.73974">
        <ele>1396</ele>
        <time>2026-07-02T22:28:27+00:00</time>
      </trkpt>
      <trkpt lat="46.18119" lon="6.73985">
        <ele>1399</ele>
        <time>2026-07-02T22:28:30+00:00</time>
      </trkpt>
      <trkpt lat="46.18125" lon="6.73994">
        <ele>1397</ele>
        <time>2026-07-02T22:28:33+00:00</time>
      </trkpt>
      <trkpt lat="46.1813" lon="6.73999">
        <ele>1397</ele>
        <time>2026-07-02T22:28:36+00:00</time>
      </trkpt>
      <trkpt lat="46.18144" lon="6.7402">
        <ele>1389</ele>
        <time>2026-07-02T22:28:39+00:00</time>
      </trkpt>
      <trkpt lat="46.18154" lon="6.7403">
        <ele>1388</ele>
        <time>2026-07-02T22:28:42+00:00</time>
      </trkpt>
      <trkpt lat="46.1818" lon="6.74052">
        <ele>1387</ele>
        <time>2026-07-02T22:28:45+00:00</time>
      </trkpt>
      <trkpt lat="46.18188" lon="6.74058">
        <ele>1383</ele>
        <time>2026-07-02T22:28:48+00:00</time>
      </trkpt>
      <trkpt lat="46.18204" lon="6.74073">
        <ele>1378</ele>
        <time>2026-07-02T22:28:51+00:00</time>
      </trkpt>
      <trkpt lat="46.18211" lon="6.7408">
        <ele>1375</ele>
        <time>2026-07-02T22:28:54+00:00</time>
      </trkpt>
      <trkpt lat="46.18218" lon="6.74086">
        <ele>1378</ele>
        <time>2026-07-02T22:28:57+00:00</time>
      </trkpt>
      <trkpt lat="46.18231" lon="6.74099">
        <ele>1375</ele>
        <time>2026-07-02T22:29:00+00:00</time>
      </trkpt>
      <trkpt lat="46.18239" lon="6.7411">
        <ele>1373</ele>
        <time>2026-07-02T22:29:03+00:00</time>
      </trkpt>
      <trkpt lat="46.18246" lon="6.74122">
        <ele>1373</ele>
        <time>2026-07-02T22:29:06+00:00</time>
      </trkpt>
      <trkpt lat="46.18254" lon="6.74136">
        <ele>1367</ele>
        <time>2026-07-02T22:29:09+00:00</time>
      </trkpt>
      <trkpt lat="46.18259" lon="6.7414">
        <ele>1368</ele>
        <time>2026-07-02T22:29:12+00:00</time>
      </trkpt>
      <trkpt lat="46.18264" lon="6.74141">
        <ele>1366</ele>
        <time>2026-07-02T22:29:15+00:00</time>
      </trkpt>
      <trkpt lat="46.18269" lon="6.7414">
        <ele>1364</ele>
        <time>2026-07-02T22:29:18+00:00</time>
      </trkpt>
      <trkpt lat="46.18275" lon="6.7414">
        <ele>1363</ele>
        <time>2026-07-02T22:29:21+00:00</time>
      </trkpt>
      <trkpt lat="46.18283" lon="6.74144">
        <ele>1362</ele>
        <time>2026-07-02T22:29:24+00:00</time>
      </trkpt>
      <trkpt lat="46.18288" lon="6.7415">
        <ele>1364</ele>
        <time>2026-07-02T22:29:27+00:00</time>
      </trkpt>
      <trkpt lat="46.18301" lon="6.74164">
        <ele>1359</ele>
        <time>2026-07-02T22:29:30+00:00</time>
      </trkpt>
      <trkpt lat="46.18306" lon="6.74168">
        <ele>1359</ele>
        <time>2026-07-02T22:29:33+00:00</time>
      </trkpt>
      <trkpt lat="46.18312" lon="6.74175">
        <ele>1355</ele>
        <time>2026-07-02T22:29:36+00:00</time>
      </trkpt>
      <trkpt lat="46.18324" lon="6.74185">
        <ele>1355</ele>
        <time>2026-07-02T22:29:39+00:00</time>
      </trkpt>
      <trkpt lat="46.18336" lon="6.74189">
        <ele>1351</ele>
        <time>2026-07-02T22:29:42+00:00</time>
      </trkpt>
      <trkpt lat="46.18335" lon="6.74176">
        <ele>1347</ele>
        <time>2026-07-02T22:29:45+00:00</time>
      </trkpt>
      <trkpt lat="46.18331" lon="6.74163">
        <ele>1345</ele>
        <time>2026-07-02T22:29:48+00:00</time>
      </trkpt>
      <trkpt lat="46.18324" lon="6.74128">
        <ele>1340</ele>
        <time>2026-07-02T22:29:51+00:00</time>
      </trkpt>
      <trkpt lat="46.18313" lon="6.74072">
        <ele>1331</ele>
        <time>2026-07-02T22:29:54+00:00</time>
      </trkpt>
      <trkpt lat="46.18306" lon="6.74034">
        <ele>1326</ele>
        <time>2026-07-02T22:29:57+00:00</time>
      </trkpt>
      <trkpt lat="46.18304" lon="6.74005">
        <ele>1318</ele>
        <time>2026-07-02T22:30:00+00:00</time>
      </trkpt>
      <trkpt lat="46.18301" lon="6.73982">
        <ele>1312</ele>
        <time>2026-07-02T22:30:03+00:00</time>
      </trkpt>
      <trkpt lat="46.1829" lon="6.73961">
        <ele>1306</ele>
        <time>2026-07-02T22:30:06+00:00</time>
      </trkpt>
      <trkpt lat="46.18283" lon="6.73941">
        <ele>1302</ele>
        <time>2026-07-02T22:30:09+00:00</time>
      </trkpt>
      <trkpt lat="46.18278" lon="6.73924">
        <ele>1300</ele>
        <time>2026-07-02T22:30:12+00:00</time>
      </trkpt>
      <trkpt lat="46.18274" lon="6.73894">
        <ele>1294</ele>
        <time>2026-07-02T22:30:15+00:00</time>
      </trkpt>
      <trkpt lat="46.18276" lon="6.7387">
        <ele>1287</ele>
        <time>2026-07-02T22:30:18+00:00</time>
      </trkpt>
      <trkpt lat="46.18283" lon="6.73863">
        <ele>1283</ele>
        <time>2026-07-02T22:30:21+00:00</time>
      </trkpt>
      <trkpt lat="46.18295" lon="6.73857">
        <ele>1278</ele>
        <time>2026-07-02T22:30:24+00:00</time>
      </trkpt>
      <trkpt lat="46.18291" lon="6.73837">
        <ele>1272</ele>
        <time>2026-07-02T22:30:27+00:00</time>
      </trkpt>
      <trkpt lat="46.18284" lon="6.73813">
        <ele>1267</ele>
        <time>2026-07-02T22:30:30+00:00</time>
      </trkpt>
      <trkpt lat="46.18275" lon="6.73797">
        <ele>1263</ele>
        <time>2026-07-02T22:30:33+00:00</time>
      </trkpt>
      <trkpt lat="46.18266" lon="6.73776">
        <ele>1259</ele>
        <time>2026-07-02T22:30:36+00:00</time>
      </trkpt>
      <trkpt lat="46.18266" lon="6.73776">
        <ele>1259</ele>
        <time>2026-07-02T22:30:39+00:00</time>
      </trkpt>
      <trkpt lat="46.18264" lon="6.73761">
        <ele>1257</ele>
        <time>2026-07-02T22:30:42+00:00</time>
      </trkpt>
      <trkpt lat="46.18253" lon="6.73741">
        <ele>1252</ele>
        <time>2026-07-02T22:30:45+00:00</time>
      </trkpt>
      <trkpt lat="46.1824" lon="6.73716">
        <ele>1251</ele>
        <time>2026-07-02T22:30:48+00:00</time>
      </trkpt>
      <trkpt lat="46.18224" lon="6.73685">
        <ele>1250</ele>
        <time>2026-07-02T22:30:51+00:00</time>
      </trkpt>
      <trkpt lat="46.18209" lon="6.7365">
        <ele>1250</ele>
        <time>2026-07-02T22:30:54+00:00</time>
      </trkpt>
      <trkpt lat="46.18197" lon="6.73592">
        <ele>1248</ele>
        <time>2026-07-02T22:30:57+00:00</time>
      </trkpt>
      <trkpt lat="46.18187" lon="6.73543">
        <ele>1247</ele>
        <time>2026-07-02T22:31:00+00:00</time>
      </trkpt>
      <trkpt lat="46.18173" lon="6.73515">
        <ele>1241</ele>
        <time>2026-07-02T22:31:03+00:00</time>
      </trkpt>
      <trkpt lat="46.18154" lon="6.73471">
        <ele>1232</ele>
        <time>2026-07-02T22:31:06+00:00</time>
      </trkpt>
      <trkpt lat="46.18136" lon="6.73424">
        <ele>1230</ele>
        <time>2026-07-02T22:31:09+00:00</time>
      </trkpt>
      <trkpt lat="46.18117" lon="6.73382">
        <ele>1229</ele>
        <time>2026-07-02T22:31:12+00:00</time>
      </trkpt>
      <trkpt lat="46.18096" lon="6.73325">
        <ele>1218</ele>
        <time>2026-07-02T22:31:15+00:00</time>
      </trkpt>
      <trkpt lat="46.1809" lon="6.73302">
        <ele>1214</ele>
        <time>2026-07-02T22:31:18+00:00</time>
      </trkpt>
      <trkpt lat="46.18093" lon="6.73275">
        <ele>1207</ele>
        <time>2026-07-02T22:31:21+00:00</time>
      </trkpt>
      <trkpt lat="46.18095" lon="6.73245">
        <ele>1199</ele>
        <time>2026-07-02T22:31:24+00:00</time>
      </trkpt>
      <trkpt lat="46.18092" lon="6.73216">
        <ele>1190</ele>
        <time>2026-07-02T22:31:27+00:00</time>
      </trkpt>
      <trkpt lat="46.18088" lon="6.7319">
        <ele>1184</ele>
        <time>2026-07-02T22:31:30+00:00</time>
      </trkpt>
      <trkpt lat="46.18085" lon="6.73153">
        <ele>1177</ele>
        <time>2026-07-02T22:31:33+00:00</time>
      </trkpt>
      <trkpt lat="46.18088" lon="6.73122">
        <ele>1169</ele>
        <time>2026-07-02T22:31:36+00:00</time>
      </trkpt>
      <trkpt lat="46.18092" lon="6.73099">
        <ele>1159</ele>
        <time>2026-07-02T22:31:39+00:00</time>
      </trkpt>
      <trkpt lat="46.18103" lon="6.73084">
        <ele>1149</ele>
        <time>2026-07-02T22:31:42+00:00</time>
      </trkpt>
      <trkpt lat="46.18114" lon="6.73083">
        <ele>1144</ele>
        <time>2026-07-02T22:31:45+00:00</time>
      </trkpt>
      <trkpt lat="46.1813" lon="6.73085">
        <ele>1137</ele>
        <time>2026-07-02T22:31:48+00:00</time>
      </trkpt>
      <trkpt lat="46.18149" lon="6.73081">
        <ele>1134</ele>
        <time>2026-07-02T22:31:51+00:00</time>
      </trkpt>
      <trkpt lat="46.18171" lon="6.7308">
        <ele>1121</ele>
        <time>2026-07-02T22:31:54+00:00</time>
      </trkpt>
      <trkpt lat="46.18191" lon="6.73081">
        <ele>1117</ele>
        <time>2026-07-02T22:31:57+00:00</time>
      </trkpt>
      <trkpt lat="46.18218" lon="6.73082">
        <ele>1111</ele>
        <time>2026-07-02T22:32:00+00:00</time>
      </trkpt>
      <trkpt lat="46.18237" lon="6.73078">
        <ele>1100</ele>
        <time>2026-07-02T22:32:03+00:00</time>
      </trkpt>
      <trkpt lat="46.18237" lon="6.73066">
        <ele>1099</ele>
        <time>2026-07-02T22:32:06+00:00</time>
      </trkpt>
      <trkpt lat="46.18217" lon="6.73035">
        <ele>1098</ele>
        <time>2026-07-02T22:32:09+00:00</time>
      </trkpt>
      <trkpt lat="46.18202" lon="6.73008">
        <ele>1097</ele>
        <time>2026-07-02T22:32:12+00:00</time>
      </trkpt>
      <trkpt lat="46.18187" lon="6.7298">
        <ele>1096</ele>
        <time>2026-07-02T22:32:15+00:00</time>
      </trkpt>
      <trkpt lat="46.18159" lon="6.72934">
        <ele>1092</ele>
        <time>2026-07-02T22:32:18+00:00</time>
      </trkpt>
      <trkpt lat="46.18134" lon="6.72887">
        <ele>1091</ele>
        <time>2026-07-02T22:32:21+00:00</time>
      </trkpt>
      <trkpt lat="46.18119" lon="6.7285">
        <ele>1091</ele>
        <time>2026-07-02T22:32:24+00:00</time>
      </trkpt>
      <trkpt lat="46.18103" lon="6.72802">
        <ele>1091</ele>
        <time>2026-07-02T22:32:27+00:00</time>
      </trkpt>
      <trkpt lat="46.18092" lon="6.72775">
        <ele>1094</ele>
        <time>2026-07-02T22:32:30+00:00</time>
      </trkpt>
      <trkpt lat="46.18077" lon="6.72726">
        <ele>1098</ele>
        <time>2026-07-02T22:32:33+00:00</time>
      </trkpt>
      <trkpt lat="46.1806" lon="6.72682">
        <ele>1098</ele>
        <time>2026-07-02T22:32:36+00:00</time>
      </trkpt>
      <trkpt lat="46.1805" lon="6.72641">
        <ele>1105</ele>
        <time>2026-07-02T22:32:39+00:00</time>
      </trkpt>
      <trkpt lat="46.18043" lon="6.7262">
        <ele>1102</ele>
        <time>2026-07-02T22:32:42+00:00</time>
      </trkpt>
      <trkpt lat="46.18029" lon="6.72595">
        <ele>1109</ele>
        <time>2026-07-02T22:32:45+00:00</time>
      </trkpt>
      <trkpt lat="46.18008" lon="6.7257">
        <ele>1111</ele>
        <time>2026-07-02T22:32:48+00:00</time>
      </trkpt>
      <trkpt lat="46.17992" lon="6.7254">
        <ele>1112</ele>
        <time>2026-07-02T22:32:51+00:00</time>
      </trkpt>
      <trkpt lat="46.17981" lon="6.72512">
        <ele>1112</ele>
        <time>2026-07-02T22:32:54+00:00</time>
      </trkpt>
      <trkpt lat="46.17978" lon="6.72491">
        <ele>1115</ele>
        <time>2026-07-02T22:32:57+00:00</time>
      </trkpt>
      <trkpt lat="46.17972" lon="6.72469">
        <ele>1112</ele>
        <time>2026-07-02T22:33:00+00:00</time>
      </trkpt>
      <trkpt lat="46.17966" lon="6.72447">
        <ele>1116</ele>
        <time>2026-07-02T22:33:03+00:00</time>
      </trkpt>
      <trkpt lat="46.17955" lon="6.7242">
        <ele>1117</ele>
        <time>2026-07-02T22:33:06+00:00</time>
      </trkpt>
      <trkpt lat="46.17949" lon="6.72394">
        <ele>1116</ele>
        <time>2026-07-02T22:33:09+00:00</time>
      </trkpt>
      <trkpt lat="46.17942" lon="6.72358">
        <ele>1116</ele>
        <time>2026-07-02T22:33:12+00:00</time>
      </trkpt>
      <trkpt lat="46.17939" lon="6.72315">
        <ele>1113</ele>
        <time>2026-07-02T22:33:15+00:00</time>
      </trkpt>
      <trkpt lat="46.17937" lon="6.72277">
        <ele>1110</ele>
        <time>2026-07-02T22:33:18+00:00</time>
      </trkpt>
      <trkpt lat="46.1793" lon="6.72229">
        <ele>1106</ele>
        <time>2026-07-02T22:33:21+00:00</time>
      </trkpt>
      <trkpt lat="46.17921" lon="6.72179">
        <ele>1103</ele>
        <time>2026-07-02T22:33:24+00:00</time>
      </trkpt>
      <trkpt lat="46.17923" lon="6.72112">
        <ele>1097</ele>
        <time>2026-07-02T22:33:27+00:00</time>
      </trkpt>
      <trkpt lat="46.17916" lon="6.72078">
        <ele>1095</ele>
        <time>2026-07-02T22:33:30+00:00</time>
      </trkpt>
      <trkpt lat="46.17907" lon="6.72038">
        <ele>1095</ele>
        <time>2026-07-02T22:33:33+00:00</time>
      </trkpt>
      <trkpt lat="46.17895" lon="6.71981">
        <ele>1089</ele>
        <time>2026-07-02T22:33:36+00:00</time>
      </trkpt>
      <trkpt lat="46.17894" lon="6.71939">
        <ele>1082</ele>
        <time>2026-07-02T22:33:39+00:00</time>
      </trkpt>
      <trkpt lat="46.17892" lon="6.71891">
        <ele>1078</ele>
        <time>2026-07-02T22:33:42+00:00</time>
      </trkpt>
      <trkpt lat="46.17892" lon="6.71891">
        <ele>1078</ele>
        <time>2026-07-02T22:33:45+00:00</time>
      </trkpt>
      <trkpt lat="46.17887" lon="6.71856">
        <ele>1078</ele>
        <time>2026-07-02T22:33:48+00:00</time>
      </trkpt>
      <trkpt lat="46.17878" lon="6.71825">
        <ele>1077</ele>
        <time>2026-07-02T22:33:51+00:00</time>
      </trkpt>
      <trkpt lat="46.17874" lon="6.71813">
        <ele>1077</ele>
        <time>2026-07-02T22:33:54+00:00</time>
      </trkpt>
      <trkpt lat="46.17867" lon="6.71792">
        <ele>1076</ele>
        <time>2026-07-02T22:33:57+00:00</time>
      </trkpt>
      <trkpt lat="46.17868" lon="6.71791">
        <ele>1076</ele>
        <time>2026-07-02T22:34:00+00:00</time>
      </trkpt>
      <trkpt lat="46.1787" lon="6.7179">
        <ele>1073</ele>
        <time>2026-07-02T22:34:03+00:00</time>
      </trkpt>
      <trkpt lat="46.17874" lon="6.71789">
        <ele>1070</ele>
        <time>2026-07-02T22:34:06+00:00</time>
      </trkpt>
      <trkpt lat="46.17879" lon="6.71783">
        <ele>1070</ele>
        <time>2026-07-02T22:34:09+00:00</time>
      </trkpt>
      <trkpt lat="46.17882" lon="6.71781">
        <ele>1066</ele>
        <time>2026-07-02T22:34:12+00:00</time>
      </trkpt>
      <trkpt lat="46.17885" lon="6.71779">
        <ele>1063</ele>
        <time>2026-07-02T22:34:15+00:00</time>
      </trkpt>
      <trkpt lat="46.17891" lon="6.71773">
        <ele>1060</ele>
        <time>2026-07-02T22:34:18+00:00</time>
      </trkpt>
      <trkpt lat="46.17895" lon="6.71772">
        <ele>1060</ele>
        <time>2026-07-02T22:34:21+00:00</time>
      </trkpt>
      <trkpt lat="46.17898" lon="6.71768">
        <ele>1058</ele>
        <time>2026-07-02T22:34:24+00:00</time>
      </trkpt>
      <trkpt lat="46.17915" lon="6.71746">
        <ele>1048</ele>
        <time>2026-07-02T22:34:27+00:00</time>
      </trkpt>
      <trkpt lat="46.17927" lon="6.71728">
        <ele>1043</ele>
        <time>2026-07-02T22:34:30+00:00</time>
      </trkpt>
      <trkpt lat="46.17942" lon="6.71701">
        <ele>1035</ele>
        <time>2026-07-02T22:34:33+00:00</time>
      </trkpt>
      <trkpt lat="46.17956" lon="6.7168">
        <ele>1031</ele>
        <time>2026-07-02T22:34:36+00:00</time>
      </trkpt>
      <trkpt lat="46.17972" lon="6.71666">
        <ele>1023</ele>
        <time>2026-07-02T22:34:39+00:00</time>
      </trkpt>
      <trkpt lat="46.17984" lon="6.71654">
        <ele>1020</ele>
        <time>2026-07-02T22:34:42+00:00</time>
      </trkpt>
      <trkpt lat="46.18003" lon="6.71637">
        <ele>1017</ele>
        <time>2026-07-02T22:34:45+00:00</time>
      </trkpt>
      <trkpt lat="46.18006" lon="6.71643">
        <ele>1018</ele>
        <time>2026-07-02T22:34:48+00:00</time>
      </trkpt>
      <trkpt lat="46.18014" lon="6.7166">
        <ele>1016</ele>
        <time>2026-07-02T22:34:51+00:00</time>
      </trkpt>
      <trkpt lat="46.18014" lon="6.71661">
        <ele>1016</ele>
        <time>2026-07-02T22:34:54+00:00</time>
      </trkpt>
      <trkpt lat="46.18027" lon="6.71702">
        <ele>1015</ele>
        <time>2026-07-02T22:34:57+00:00</time>
      </trkpt>
      <trkpt lat="46.18042" lon="6.7175">
        <ele>1013</ele>
        <time>2026-07-02T22:35:00+00:00</time>
      </trkpt>
      <trkpt lat="46.1805" lon="6.71775">
        <ele>1013</ele>
        <time>2026-07-02T22:35:03+00:00</time>
      </trkpt>
      <trkpt lat="46.18062" lon="6.71813">
        <ele>1013</ele>
        <time>2026-07-02T22:35:06+00:00</time>
      </trkpt>
      <trkpt lat="46.18082" lon="6.71875">
        <ele>1013</ele>
        <time>2026-07-02T22:35:09+00:00</time>
      </trkpt>
      <trkpt lat="46.18099" lon="6.71921">
        <ele>1013</ele>
        <time>2026-07-02T22:35:12+00:00</time>
      </trkpt>
      <trkpt lat="46.18102" lon="6.7193">
        <ele>1013</ele>
        <time>2026-07-02T22:35:15+00:00</time>
      </trkpt>
      <trkpt lat="46.18103" lon="6.71933">
        <ele>1013</ele>
        <time>2026-07-02T22:35:18+00:00</time>
      </trkpt>
      <trkpt lat="46.18105" lon="6.71937">
        <ele>1013</ele>
        <time>2026-07-02T22:35:21+00:00</time>
      </trkpt>
      <trkpt lat="46.18108" lon="6.71944">
        <ele>1013</ele>
        <time>2026-07-02T22:35:24+00:00</time>
      </trkpt>
      <trkpt lat="46.18111" lon="6.7195">
        <ele>1012</ele>
        <time>2026-07-02T22:35:27+00:00</time>
      </trkpt>
      <trkpt lat="46.18112" lon="6.71949">
        <ele>1012</ele>
        <time>2026-07-02T22:35:30+00:00</time>
      </trkpt>
      <trkpt lat="46.18114" lon="6.71948">
        <ele>1012</ele>
        <time>2026-07-02T22:35:33+00:00</time>
      </trkpt>
      <trkpt lat="46.18115" lon="6.71948">
        <ele>1012</ele>
        <time>2026-07-02T22:35:36+00:00</time>
      </trkpt>
      <trkpt lat="46.18117" lon="6.71948">
        <ele>1012</ele>
        <time>2026-07-02T22:35:39+00:00</time>
      </trkpt>
      <trkpt lat="46.18118" lon="6.71949">
        <ele>1012</ele>
        <time>2026-07-02T22:35:42+00:00</time>
      </trkpt>
      <trkpt lat="46.1812" lon="6.7195">
        <ele>1012</ele>
        <time>2026-07-02T22:35:45+00:00</time>
      </trkpt>
      <trkpt lat="46.18121" lon="6.71951">
        <ele>1012</ele>
        <time>2026-07-02T22:35:48+00:00</time>
      </trkpt>
      <trkpt lat="46.18122" lon="6.71952">
        <ele>1012</ele>
        <time>2026-07-02T22:35:51+00:00</time>
      </trkpt>
      <trkpt lat="46.18123" lon="6.71953">
        <ele>1012</ele>
        <time>2026-07-02T22:35:54+00:00</time>
      </trkpt>
      <trkpt lat="46.18124" lon="6.71955">
        <ele>1012</ele>
        <time>2026-07-02T22:35:57+00:00</time>
      </trkpt>
      <trkpt lat="46.18124" lon="6.71957">
        <ele>1012</ele>
        <time>2026-07-02T22:36:00+00:00</time>
      </trkpt>
      <trkpt lat="46.18125" lon="6.7196">
        <ele>1012</ele>
        <time>2026-07-02T22:36:03+00:00</time>
      </trkpt>
      <trkpt lat="46.18125" lon="6.71963">
        <ele>1012</ele>
        <time>2026-07-02T22:36:06+00:00</time>
      </trkpt>
      <trkpt lat="46.18129" lon="6.71963">
        <ele>1012</ele>
        <time>2026-07-02T22:36:09+00:00</time>
      </trkpt>
      <trkpt lat="46.18131" lon="6.71963">
        <ele>1012</ele>
        <time>2026-07-02T22:36:12+00:00</time>
      </trkpt>
      <trkpt lat="46.18134" lon="6.71963">
        <ele>1012</ele>
        <time>2026-07-02T22:36:15+00:00</time>
      </trkpt>
      <trkpt lat="46.18135" lon="6.71962">
        <ele>1012</ele>
        <time>2026-07-02T22:36:18+00:00</time>
      </trkpt>
      <trkpt lat="46.18139" lon="6.7196">
        <ele>1012</ele>
        <time>2026-07-02T22:36:21+00:00</time>
      </trkpt>
      <trkpt lat="46.18141" lon="6.71959">
        <ele>1011</ele>
        <time>2026-07-02T22:36:24+00:00</time>
      </trkpt>
      <trkpt lat="46.18148" lon="6.71955">
        <ele>1012</ele>
        <time>2026-07-02T22:36:27+00:00</time>
      </trkpt>
      <trkpt lat="46.18153" lon="6.71947">
        <ele>1013</ele>
        <time>2026-07-02T22:36:30+00:00</time>
      </trkpt>
      <trkpt lat="46.18155" lon="6.71944">
        <ele>1013</ele>
        <time>2026-07-02T22:36:33+00:00</time>
      </trkpt>
      <trkpt lat="46.1816" lon="6.71927">
        <ele>1012</ele>
        <time>2026-07-02T22:36:36+00:00</time>
      </trkpt>
      <trkpt lat="46.18163" lon="6.71909">
        <ele>1015</ele>
        <time>2026-07-02T22:36:39+00:00</time>
      </trkpt>
      <trkpt lat="46.18166" lon="6.71874">
        <ele>1016</ele>
        <time>2026-07-02T22:36:42+00:00</time>
      </trkpt>
      <trkpt lat="46.18168" lon="6.71836">
        <ele>1017</ele>
        <time>2026-07-02T22:36:45+00:00</time>
      </trkpt>
      <trkpt lat="46.18171" lon="6.71788">
        <ele>1017</ele>
        <time>2026-07-02T22:36:48+00:00</time>
      </trkpt>
      <trkpt lat="46.18174" lon="6.71748">
        <ele>1016</ele>
        <time>2026-07-02T22:36:51+00:00</time>
      </trkpt>
      <trkpt lat="46.18179" lon="6.71716">
        <ele>1016</ele>
        <time>2026-07-02T22:36:54+00:00</time>
      </trkpt>
      <trkpt lat="46.18184" lon="6.71688">
        <ele>1017</ele>
        <time>2026-07-02T22:36:57+00:00</time>
      </trkpt>
      <trkpt lat="46.18184" lon="6.71688">
        <ele>1017</ele>
        <time>2026-07-02T22:37:00+00:00</time>
      </trkpt>
      <trkpt lat="46.18186" lon="6.71678">
        <ele>1017</ele>
        <time>2026-07-02T22:37:03+00:00</time>
      </trkpt>
      <trkpt lat="46.18219" lon="6.71687">
        <ele>1034</ele>
        <time>2026-07-02T22:37:06+00:00</time>
      </trkpt>
      <trkpt lat="46.18222" lon="6.71693">
        <ele>1043</ele>
        <time>2026-07-02T22:37:09+00:00</time>
      </trkpt>
      <trkpt lat="46.18229" lon="6.71713">
        <ele>1044</ele>
        <time>2026-07-02T22:37:12+00:00</time>
      </trkpt>
      <trkpt lat="46.1824" lon="6.7171">
        <ele>1050</ele>
        <time>2026-07-02T22:37:15+00:00</time>
      </trkpt>
      <trkpt lat="46.18242" lon="6.71683">
        <ele>1055</ele>
        <time>2026-07-02T22:37:18+00:00</time>
      </trkpt>
      <trkpt lat="46.18244" lon="6.71656">
        <ele>1056</ele>
        <time>2026-07-02T22:37:21+00:00</time>
      </trkpt>
      <trkpt lat="46.18255" lon="6.71626">
        <ele>1066</ele>
        <time>2026-07-02T22:37:24+00:00</time>
      </trkpt>
      <trkpt lat="46.18266" lon="6.71596">
        <ele>1073</ele>
        <time>2026-07-02T22:37:27+00:00</time>
      </trkpt>
      <trkpt lat="46.18276" lon="6.7154">
        <ele>1081</ele>
        <time>2026-07-02T22:37:30+00:00</time>
      </trkpt>
      <trkpt lat="46.18292" lon="6.71521">
        <ele>1097</ele>
        <time>2026-07-02T22:37:33+00:00</time>
      </trkpt>
      <trkpt lat="46.18304" lon="6.71533">
        <ele>1104</ele>
        <time>2026-07-02T22:37:36+00:00</time>
      </trkpt>
      <trkpt lat="46.18316" lon="6.71502">
        <ele>1114</ele>
        <time>2026-07-02T22:37:39+00:00</time>
      </trkpt>
      <trkpt lat="46.18337" lon="6.71449">
        <ele>1122</ele>
        <time>2026-07-02T22:37:42+00:00</time>
      </trkpt>
      <trkpt lat="46.18355" lon="6.71421">
        <ele>1136</ele>
        <time>2026-07-02T22:37:45+00:00</time>
      </trkpt>
      <trkpt lat="46.18381" lon="6.71382">
        <ele>1143</ele>
        <time>2026-07-02T22:37:48+00:00</time>
      </trkpt>
      <trkpt lat="46.18414" lon="6.71345">
        <ele>1149</ele>
        <time>2026-07-02T22:37:51+00:00</time>
      </trkpt>
      <trkpt lat="46.18415" lon="6.71366">
        <ele>1152</ele>
        <time>2026-07-02T22:37:54+00:00</time>
      </trkpt>
      <trkpt lat="46.18416" lon="6.71405">
        <ele>1163</ele>
        <time>2026-07-02T22:37:57+00:00</time>
      </trkpt>
      <trkpt lat="46.18417" lon="6.71451">
        <ele>1177</ele>
        <time>2026-07-02T22:38:00+00:00</time>
      </trkpt>
      <trkpt lat="46.18418" lon="6.71496">
        <ele>1187</ele>
        <time>2026-07-02T22:38:03+00:00</time>
      </trkpt>
      <trkpt lat="46.1842" lon="6.71544">
        <ele>1199</ele>
        <time>2026-07-02T22:38:06+00:00</time>
      </trkpt>
      <trkpt lat="46.18425" lon="6.71586">
        <ele>1213</ele>
        <time>2026-07-02T22:38:09+00:00</time>
      </trkpt>
      <trkpt lat="46.18434" lon="6.71657">
        <ele>1235</ele>
        <time>2026-07-02T22:38:12+00:00</time>
      </trkpt>
      <trkpt lat="46.18432" lon="6.71703">
        <ele>1246</ele>
        <time>2026-07-02T22:38:15+00:00</time>
      </trkpt>
      <trkpt lat="46.1843" lon="6.7175">
        <ele>1246</ele>
        <time>2026-07-02T22:38:18+00:00</time>
      </trkpt>
      <trkpt lat="46.18427" lon="6.71811">
        <ele>1250</ele>
        <time>2026-07-02T22:38:21+00:00</time>
      </trkpt>
      <trkpt lat="46.18421" lon="6.71849">
        <ele>1254</ele>
        <time>2026-07-02T22:38:24+00:00</time>
      </trkpt>
      <trkpt lat="46.18413" lon="6.71905">
        <ele>1258</ele>
        <time>2026-07-02T22:38:27+00:00</time>
      </trkpt>
      <trkpt lat="46.18414" lon="6.71946">
        <ele>1262</ele>
        <time>2026-07-02T22:38:30+00:00</time>
      </trkpt>
      <trkpt lat="46.18415" lon="6.7201">
        <ele>1269</ele>
        <time>2026-07-02T22:38:33+00:00</time>
      </trkpt>
      <trkpt lat="46.18416" lon="6.72069">
        <ele>1270</ele>
        <time>2026-07-02T22:38:36+00:00</time>
      </trkpt>
      <trkpt lat="46.18421" lon="6.72118">
        <ele>1271</ele>
        <time>2026-07-02T22:38:39+00:00</time>
      </trkpt>
      <trkpt lat="46.18431" lon="6.72156">
        <ele>1270</ele>
        <time>2026-07-02T22:38:42+00:00</time>
      </trkpt>
      <trkpt lat="46.18449" lon="6.72191">
        <ele>1277</ele>
        <time>2026-07-02T22:38:45+00:00</time>
      </trkpt>
      <trkpt lat="46.18471" lon="6.7221">
        <ele>1284</ele>
        <time>2026-07-02T22:38:48+00:00</time>
      </trkpt>
      <trkpt lat="46.18487" lon="6.72218">
        <ele>1286</ele>
        <time>2026-07-02T22:38:51+00:00</time>
      </trkpt>
      <trkpt lat="46.18496" lon="6.72222">
        <ele>1293</ele>
        <time>2026-07-02T22:38:54+00:00</time>
      </trkpt>
      <trkpt lat="46.18501" lon="6.72227">
        <ele>1298</ele>
        <time>2026-07-02T22:38:57+00:00</time>
      </trkpt>
      <trkpt lat="46.18515" lon="6.72252">
        <ele>1295</ele>
        <time>2026-07-02T22:39:00+00:00</time>
      </trkpt>
      <trkpt lat="46.18525" lon="6.72277">
        <ele>1300</ele>
        <time>2026-07-02T22:39:03+00:00</time>
      </trkpt>
      <trkpt lat="46.18538" lon="6.72289">
        <ele>1303</ele>
        <time>2026-07-02T22:39:06+00:00</time>
      </trkpt>
      <trkpt lat="46.18554" lon="6.72291">
        <ele>1318</ele>
        <time>2026-07-02T22:39:09+00:00</time>
      </trkpt>
      <trkpt lat="46.18568" lon="6.72297">
        <ele>1325</ele>
        <time>2026-07-02T22:39:12+00:00</time>
      </trkpt>
      <trkpt lat="46.18569" lon="6.72308">
        <ele>1325</ele>
        <time>2026-07-02T22:39:15+00:00</time>
      </trkpt>
      <trkpt lat="46.1857" lon="6.72314">
        <ele>1323</ele>
        <time>2026-07-02T22:39:18+00:00</time>
      </trkpt>
      <trkpt lat="46.1857" lon="6.72324">
        <ele>1328</ele>
        <time>2026-07-02T22:39:21+00:00</time>
      </trkpt>
      <trkpt lat="46.18571" lon="6.72329">
        <ele>1328</ele>
        <time>2026-07-02T22:39:24+00:00</time>
      </trkpt>
      <trkpt lat="46.18572" lon="6.72338">
        <ele>1325</ele>
        <time>2026-07-02T22:39:27+00:00</time>
      </trkpt>
      <trkpt lat="46.18572" lon="6.72343">
        <ele>1327</ele>
        <time>2026-07-02T22:39:30+00:00</time>
      </trkpt>
      <trkpt lat="46.18572" lon="6.72355">
        <ele>1327</ele>
        <time>2026-07-02T22:39:33+00:00</time>
      </trkpt>
      <trkpt lat="46.18573" lon="6.7236">
        <ele>1326</ele>
        <time>2026-07-02T22:39:36+00:00</time>
      </trkpt>
      <trkpt lat="46.18576" lon="6.72382">
        <ele>1325</ele>
        <time>2026-07-02T22:39:39+00:00</time>
      </trkpt>
      <trkpt lat="46.18581" lon="6.72411">
        <ele>1328</ele>
        <time>2026-07-02T22:39:42+00:00</time>
      </trkpt>
      <trkpt lat="46.18582" lon="6.72414">
        <ele>1333</ele>
        <time>2026-07-02T22:39:45+00:00</time>
      </trkpt>
      <trkpt lat="46.18586" lon="6.7243">
        <ele>1333</ele>
        <time>2026-07-02T22:39:48+00:00</time>
      </trkpt>
      <trkpt lat="46.18589" lon="6.72442">
        <ele>1332</ele>
        <time>2026-07-02T22:39:51+00:00</time>
      </trkpt>
      <trkpt lat="46.18592" lon="6.72462">
        <ele>1337</ele>
        <time>2026-07-02T22:39:54+00:00</time>
      </trkpt>
      <trkpt lat="46.18597" lon="6.7249">
        <ele>1333</ele>
        <time>2026-07-02T22:39:57+00:00</time>
      </trkpt>
      <trkpt lat="46.18604" lon="6.72529">
        <ele>1335</ele>
        <time>2026-07-02T22:40:00+00:00</time>
      </trkpt>
      <trkpt lat="46.18614" lon="6.7259">
        <ele>1341</ele>
        <time>2026-07-02T22:40:03+00:00</time>
      </trkpt>
      <trkpt lat="46.18623" lon="6.72633">
        <ele>1350</ele>
        <time>2026-07-02T22:40:06+00:00</time>
      </trkpt>
      <trkpt lat="46.18632" lon="6.72677">
        <ele>1359</ele>
        <time>2026-07-02T22:40:09+00:00</time>
      </trkpt>
      <trkpt lat="46.18641" lon="6.72722">
        <ele>1371</ele>
        <time>2026-07-02T22:40:12+00:00</time>
      </trkpt>
      <trkpt lat="46.18664" lon="6.7276">
        <ele>1381</ele>
        <time>2026-07-02T22:40:15+00:00</time>
      </trkpt>
      <trkpt lat="46.18679" lon="6.72776">
        <ele>1389</ele>
        <time>2026-07-02T22:40:18+00:00</time>
      </trkpt>
      <trkpt lat="46.18696" lon="6.72785">
        <ele>1399</ele>
        <time>2026-07-02T22:40:21+00:00</time>
      </trkpt>
      <trkpt lat="46.18716" lon="6.72814">
        <ele>1402</ele>
        <time>2026-07-02T22:40:24+00:00</time>
      </trkpt>
      <trkpt lat="46.18713" lon="6.72867">
        <ele>1407</ele>
        <time>2026-07-02T22:40:27+00:00</time>
      </trkpt>
      <trkpt lat="46.1871" lon="6.72885">
        <ele>1408</ele>
        <time>2026-07-02T22:40:30+00:00</time>
      </trkpt>
      <trkpt lat="46.18712" lon="6.72895">
        <ele>1409</ele>
        <time>2026-07-02T22:40:33+00:00</time>
      </trkpt>
      <trkpt lat="46.18714" lon="6.729">
        <ele>1410</ele>
        <time>2026-07-02T22:40:36+00:00</time>
      </trkpt>
      <trkpt lat="46.18718" lon="6.72912">
        <ele>1411</ele>
        <time>2026-07-02T22:40:39+00:00</time>
      </trkpt>
      <trkpt lat="46.18724" lon="6.72925">
        <ele>1416</ele>
        <time>2026-07-02T22:40:42+00:00</time>
      </trkpt>
      <trkpt lat="46.18728" lon="6.7293">
        <ele>1416</ele>
        <time>2026-07-02T22:40:45+00:00</time>
      </trkpt>
      <trkpt lat="46.18732" lon="6.72938">
        <ele>1423</ele>
        <time>2026-07-02T22:40:48+00:00</time>
      </trkpt>
      <trkpt lat="46.18736" lon="6.72949">
        <ele>1423</ele>
        <time>2026-07-02T22:40:51+00:00</time>
      </trkpt>
      <trkpt lat="46.18743" lon="6.72966">
        <ele>1425</ele>
        <time>2026-07-02T22:40:54+00:00</time>
      </trkpt>
      <trkpt lat="46.18763" lon="6.7298">
        <ele>1438</ele>
        <time>2026-07-02T22:40:57+00:00</time>
      </trkpt>
      <trkpt lat="46.18782" lon="6.72995">
        <ele>1443</ele>
        <time>2026-07-02T22:41:00+00:00</time>
      </trkpt>
      <trkpt lat="46.18782" lon="6.72982">
        <ele>1445</ele>
        <time>2026-07-02T22:41:03+00:00</time>
      </trkpt>
      <trkpt lat="46.18783" lon="6.72977">
        <ele>1447</ele>
        <time>2026-07-02T22:41:06+00:00</time>
      </trkpt>
      <trkpt lat="46.18784" lon="6.72961">
        <ele>1448</ele>
        <time>2026-07-02T22:41:09+00:00</time>
      </trkpt>
      <trkpt lat="46.18784" lon="6.72931">
        <ele>1453</ele>
        <time>2026-07-02T22:41:12+00:00</time>
      </trkpt>
      <trkpt lat="46.18786" lon="6.72929">
        <ele>1455</ele>
        <time>2026-07-02T22:41:15+00:00</time>
      </trkpt>
      <trkpt lat="46.18788" lon="6.72931">
        <ele>1453</ele>
        <time>2026-07-02T22:41:18+00:00</time>
      </trkpt>
      <trkpt lat="46.18791" lon="6.72934">
        <ele>1461</ele>
        <time>2026-07-02T22:41:21+00:00</time>
      </trkpt>
      <trkpt lat="46.18804" lon="6.72948">
        <ele>1464</ele>
        <time>2026-07-02T22:41:24+00:00</time>
      </trkpt>
      <trkpt lat="46.18807" lon="6.72949">
        <ele>1464</ele>
        <time>2026-07-02T22:41:27+00:00</time>
      </trkpt>
      <trkpt lat="46.18808" lon="6.72947">
        <ele>1464</ele>
        <time>2026-07-02T22:41:30+00:00</time>
      </trkpt>
      <trkpt lat="46.18807" lon="6.72943">
        <ele>1464</ele>
        <time>2026-07-02T22:41:33+00:00</time>
      </trkpt>
      <trkpt lat="46.18806" lon="6.72937">
        <ele>1467</ele>
        <time>2026-07-02T22:41:36+00:00</time>
      </trkpt>
      <trkpt lat="46.18807" lon="6.72935">
        <ele>1467</ele>
        <time>2026-07-02T22:41:39+00:00</time>
      </trkpt>
      <trkpt lat="46.18815" lon="6.72934">
        <ele>1470</ele>
        <time>2026-07-02T22:41:42+00:00</time>
      </trkpt>
      <trkpt lat="46.18817" lon="6.72935">
        <ele>1470</ele>
        <time>2026-07-02T22:41:45+00:00</time>
      </trkpt>
      <trkpt lat="46.18822" lon="6.72938">
        <ele>1475</ele>
        <time>2026-07-02T22:41:48+00:00</time>
      </trkpt>
      <trkpt lat="46.18823" lon="6.72948">
        <ele>1474</ele>
        <time>2026-07-02T22:41:51+00:00</time>
      </trkpt>
      <trkpt lat="46.18828" lon="6.72957">
        <ele>1472</ele>
        <time>2026-07-02T22:41:54+00:00</time>
      </trkpt>
      <trkpt lat="46.18851" lon="6.72999">
        <ele>1470</ele>
        <time>2026-07-02T22:41:57+00:00</time>
      </trkpt>
      <trkpt lat="46.18863" lon="6.73013">
        <ele>1478</ele>
        <time>2026-07-02T22:42:00+00:00</time>
      </trkpt>
      <trkpt lat="46.18857" lon="6.73053">
        <ele>1473</ele>
        <time>2026-07-02T22:42:03+00:00</time>
      </trkpt>
      <trkpt lat="46.18856" lon="6.73089">
        <ele>1474</ele>
        <time>2026-07-02T22:42:06+00:00</time>
      </trkpt>
      <trkpt lat="46.18854" lon="6.73129">
        <ele>1475</ele>
        <time>2026-07-02T22:42:09+00:00</time>
      </trkpt>
      <trkpt lat="46.18871" lon="6.73165">
        <ele>1479</ele>
        <time>2026-07-02T22:42:12+00:00</time>
      </trkpt>
      <trkpt lat="46.18903" lon="6.7323">
        <ele>1486</ele>
        <time>2026-07-02T22:42:15+00:00</time>
      </trkpt>
      <trkpt lat="46.18922" lon="6.73258">
        <ele>1496</ele>
        <time>2026-07-02T22:42:18+00:00</time>
      </trkpt>
      <trkpt lat="46.18949" lon="6.73298">
        <ele>1503</ele>
        <time>2026-07-02T22:42:21+00:00</time>
      </trkpt>
      <trkpt lat="46.18972" lon="6.73313">
        <ele>1517</ele>
        <time>2026-07-02T22:42:24+00:00</time>
      </trkpt>
      <trkpt lat="46.18975" lon="6.73272">
        <ele>1521</ele>
        <time>2026-07-02T22:42:27+00:00</time>
      </trkpt>
      <trkpt lat="46.18976" lon="6.73275">
        <ele>1528</ele>
        <time>2026-07-02T22:42:30+00:00</time>
      </trkpt>
      <trkpt lat="46.18978" lon="6.73285">
        <ele>1526</ele>
        <time>2026-07-02T22:42:33+00:00</time>
      </trkpt>
      <trkpt lat="46.18978" lon="6.73285">
        <ele>1526</ele>
        <time>2026-07-02T22:42:36+00:00</time>
      </trkpt>
      <trkpt lat="46.18987" lon="6.73308">
        <ele>1525</ele>
        <time>2026-07-02T22:42:39+00:00</time>
      </trkpt>
      <trkpt lat="46.18989" lon="6.73318">
        <ele>1524</ele>
        <time>2026-07-02T22:42:42+00:00</time>
      </trkpt>
      <trkpt lat="46.19004" lon="6.73353">
        <ele>1533</ele>
        <time>2026-07-02T22:42:45+00:00</time>
      </trkpt>
      <trkpt lat="46.19013" lon="6.73366">
        <ele>1537</ele>
        <time>2026-07-02T22:42:48+00:00</time>
      </trkpt>
      <trkpt lat="46.19015" lon="6.73368">
        <ele>1537</ele>
        <time>2026-07-02T22:42:51+00:00</time>
      </trkpt>
      <trkpt lat="46.19018" lon="6.73369">
        <ele>1537</ele>
        <time>2026-07-02T22:42:54+00:00</time>
      </trkpt>
      <trkpt lat="46.19021" lon="6.73371">
        <ele>1541</ele>
        <time>2026-07-02T22:42:57+00:00</time>
      </trkpt>
      <trkpt lat="46.19024" lon="6.73374">
        <ele>1541</ele>
        <time>2026-07-02T22:43:00+00:00</time>
      </trkpt>
      <trkpt lat="46.19027" lon="6.73378">
        <ele>1541</ele>
        <time>2026-07-02T22:43:03+00:00</time>
      </trkpt>
      <trkpt lat="46.19037" lon="6.73394">
        <ele>1546</ele>
        <time>2026-07-02T22:43:06+00:00</time>
      </trkpt>
      <trkpt lat="46.19041" lon="6.73403">
        <ele>1550</ele>
        <time>2026-07-02T22:43:09+00:00</time>
      </trkpt>
      <trkpt lat="46.19045" lon="6.73412">
        <ele>1549</ele>
        <time>2026-07-02T22:43:12+00:00</time>
      </trkpt>
      <trkpt lat="46.19048" lon="6.73417">
        <ele>1549</ele>
        <time>2026-07-02T22:43:15+00:00</time>
      </trkpt>
      <trkpt lat="46.1905" lon="6.7342">
        <ele>1549</ele>
        <time>2026-07-02T22:43:18+00:00</time>
      </trkpt>
      <trkpt lat="46.19053" lon="6.73424">
        <ele>1552</ele>
        <time>2026-07-02T22:43:21+00:00</time>
      </trkpt>
      <trkpt lat="46.19055" lon="6.73426">
        <ele>1552</ele>
        <time>2026-07-02T22:43:24+00:00</time>
      </trkpt>
      <trkpt lat="46.19058" lon="6.7343">
        <ele>1551</ele>
        <time>2026-07-02T22:43:27+00:00</time>
      </trkpt>
      <trkpt lat="46.19063" lon="6.73438">
        <ele>1555</ele>
        <time>2026-07-02T22:43:30+00:00</time>
      </trkpt>
      <trkpt lat="46.19065" lon="6.73441">
        <ele>1554</ele>
        <time>2026-07-02T22:43:33+00:00</time>
      </trkpt>
      <trkpt lat="46.19068" lon="6.73445">
        <ele>1554</ele>
        <time>2026-07-02T22:43:36+00:00</time>
      </trkpt>
      <trkpt lat="46.19073" lon="6.73453">
        <ele>1561</ele>
        <time>2026-07-02T22:43:39+00:00</time>
      </trkpt>
      <trkpt lat="46.19074" lon="6.73454">
        <ele>1561</ele>
        <time>2026-07-02T22:43:42+00:00</time>
      </trkpt>
      <trkpt lat="46.19076" lon="6.73456">
        <ele>1561</ele>
        <time>2026-07-02T22:43:45+00:00</time>
      </trkpt>
      <trkpt lat="46.19079" lon="6.7346">
        <ele>1561</ele>
        <time>2026-07-02T22:43:48+00:00</time>
      </trkpt>
      <trkpt lat="46.19081" lon="6.73463">
        <ele>1565</ele>
        <time>2026-07-02T22:43:51+00:00</time>
      </trkpt>
      <trkpt lat="46.19084" lon="6.73467">
        <ele>1565</ele>
        <time>2026-07-02T22:43:54+00:00</time>
      </trkpt>
      <trkpt lat="46.19088" lon="6.73475">
        <ele>1565</ele>
        <time>2026-07-02T22:43:57+00:00</time>
      </trkpt>
      <trkpt lat="46.19092" lon="6.73478">
        <ele>1569</ele>
        <time>2026-07-02T22:44:00+00:00</time>
      </trkpt>
      <trkpt lat="46.19097" lon="6.73485">
        <ele>1567</ele>
        <time>2026-07-02T22:44:03+00:00</time>
      </trkpt>
      <trkpt lat="46.19101" lon="6.7349">
        <ele>1574</ele>
        <time>2026-07-02T22:44:06+00:00</time>
      </trkpt>
      <trkpt lat="46.19104" lon="6.73494">
        <ele>1573</ele>
        <time>2026-07-02T22:44:09+00:00</time>
      </trkpt>
      <trkpt lat="46.19107" lon="6.73498">
        <ele>1573</ele>
        <time>2026-07-02T22:44:12+00:00</time>
      </trkpt>
      <trkpt lat="46.19112" lon="6.73504">
        <ele>1575</ele>
        <time>2026-07-02T22:44:15+00:00</time>
      </trkpt>
      <trkpt lat="46.19114" lon="6.73505">
        <ele>1575</ele>
        <time>2026-07-02T22:44:18+00:00</time>
      </trkpt>
      <trkpt lat="46.19142" lon="6.73536">
        <ele>1583</ele>
        <time>2026-07-02T22:44:21+00:00</time>
      </trkpt>
      <trkpt lat="46.19171" lon="6.73559">
        <ele>1583</ele>
        <time>2026-07-02T22:44:24+00:00</time>
      </trkpt>
      <trkpt lat="46.19175" lon="6.73566">
        <ele>1586</ele>
        <time>2026-07-02T22:44:27+00:00</time>
      </trkpt>
      <trkpt lat="46.19176" lon="6.73576">
        <ele>1582</ele>
        <time>2026-07-02T22:44:30+00:00</time>
      </trkpt>
      <trkpt lat="46.19176" lon="6.73585">
        <ele>1583</ele>
        <time>2026-07-02T22:44:33+00:00</time>
      </trkpt>
      <trkpt lat="46.19177" lon="6.73593">
        <ele>1584</ele>
        <time>2026-07-02T22:44:36+00:00</time>
      </trkpt>
      <trkpt lat="46.19177" lon="6.73598">
        <ele>1584</ele>
        <time>2026-07-02T22:44:39+00:00</time>
      </trkpt>
      <trkpt lat="46.19177" lon="6.73601">
        <ele>1583</ele>
        <time>2026-07-02T22:44:42+00:00</time>
      </trkpt>
      <trkpt lat="46.1918" lon="6.7361">
        <ele>1583</ele>
        <time>2026-07-02T22:44:45+00:00</time>
      </trkpt>
      <trkpt lat="46.19181" lon="6.73615">
        <ele>1588</ele>
        <time>2026-07-02T22:44:48+00:00</time>
      </trkpt>
      <trkpt lat="46.19183" lon="6.7362">
        <ele>1588</ele>
        <time>2026-07-02T22:44:51+00:00</time>
      </trkpt>
      <trkpt lat="46.19187" lon="6.73626">
        <ele>1587</ele>
        <time>2026-07-02T22:44:54+00:00</time>
      </trkpt>
      <trkpt lat="46.19189" lon="6.73627">
        <ele>1587</ele>
        <time>2026-07-02T22:44:57+00:00</time>
      </trkpt>
      <trkpt lat="46.19194" lon="6.73631">
        <ele>1592</ele>
        <time>2026-07-02T22:45:00+00:00</time>
      </trkpt>
      <trkpt lat="46.19197" lon="6.73656">
        <ele>1592</ele>
        <time>2026-07-02T22:45:03+00:00</time>
      </trkpt>
      <trkpt lat="46.19201" lon="6.73685">
        <ele>1596</ele>
        <time>2026-07-02T22:45:06+00:00</time>
      </trkpt>
      <trkpt lat="46.19223" lon="6.73684">
        <ele>1599</ele>
        <time>2026-07-02T22:45:09+00:00</time>
      </trkpt>
      <trkpt lat="46.19224" lon="6.73691">
        <ele>1598</ele>
        <time>2026-07-02T22:45:12+00:00</time>
      </trkpt>
      <trkpt lat="46.19225" lon="6.73698">
        <ele>1598</ele>
        <time>2026-07-02T22:45:15+00:00</time>
      </trkpt>
      <trkpt lat="46.19223" lon="6.73708">
        <ele>1599</ele>
        <time>2026-07-02T22:45:18+00:00</time>
      </trkpt>
      <trkpt lat="46.19222" lon="6.73722">
        <ele>1600</ele>
        <time>2026-07-02T22:45:21+00:00</time>
      </trkpt>
      <trkpt lat="46.19223" lon="6.7374">
        <ele>1601</ele>
        <time>2026-07-02T22:45:24+00:00</time>
      </trkpt>
      <trkpt lat="46.19223" lon="6.73746">
        <ele>1602</ele>
        <time>2026-07-02T22:45:27+00:00</time>
      </trkpt>
      <trkpt lat="46.19224" lon="6.73752">
        <ele>1604</ele>
        <time>2026-07-02T22:45:30+00:00</time>
      </trkpt>
      <trkpt lat="46.19226" lon="6.73756">
        <ele>1604</ele>
        <time>2026-07-02T22:45:33+00:00</time>
      </trkpt>
      <trkpt lat="46.19228" lon="6.7376">
        <ele>1604</ele>
        <time>2026-07-02T22:45:36+00:00</time>
      </trkpt>
      <trkpt lat="46.19239" lon="6.7379">
        <ele>1606</ele>
        <time>2026-07-02T22:45:39+00:00</time>
      </trkpt>
      <trkpt lat="46.19261" lon="6.73815">
        <ele>1616</ele>
        <time>2026-07-02T22:45:42+00:00</time>
      </trkpt>
      <trkpt lat="46.19284" lon="6.73836">
        <ele>1621</ele>
        <time>2026-07-02T22:45:45+00:00</time>
      </trkpt>
      <trkpt lat="46.19293" lon="6.73867">
        <ele>1622</ele>
        <time>2026-07-02T22:45:48+00:00</time>
      </trkpt>
      <trkpt lat="46.19306" lon="6.73903">
        <ele>1622</ele>
        <time>2026-07-02T22:45:51+00:00</time>
      </trkpt>
      <trkpt lat="46.19321" lon="6.73935">
        <ele>1625</ele>
        <time>2026-07-02T22:45:54+00:00</time>
      </trkpt>
      <trkpt lat="46.19336" lon="6.73957">
        <ele>1625</ele>
        <time>2026-07-02T22:45:57+00:00</time>
      </trkpt>
      <trkpt lat="46.19336" lon="6.73958">
        <ele>1625</ele>
        <time>2026-07-02T22:46:00+00:00</time>
      </trkpt>
      <trkpt lat="46.19344" lon="6.73969">
        <ele>1626</ele>
        <time>2026-07-02T22:46:03+00:00</time>
      </trkpt>
      <trkpt lat="46.19355" lon="6.7398">
        <ele>1625</ele>
        <time>2026-07-02T22:46:06+00:00</time>
      </trkpt>
      <trkpt lat="46.1936" lon="6.73988">
        <ele>1626</ele>
        <time>2026-07-02T22:46:09+00:00</time>
      </trkpt>
      <trkpt lat="46.1937" lon="6.74005">
        <ele>1625</ele>
        <time>2026-07-02T22:46:12+00:00</time>
      </trkpt>
      <trkpt lat="46.19382" lon="6.74022">
        <ele>1627</ele>
        <time>2026-07-02T22:46:15+00:00</time>
      </trkpt>
      <trkpt lat="46.19401" lon="6.74047">
        <ele>1626</ele>
        <time>2026-07-02T22:46:18+00:00</time>
      </trkpt>
      <trkpt lat="46.19405" lon="6.74055">
        <ele>1627</ele>
        <time>2026-07-02T22:46:21+00:00</time>
      </trkpt>
      <trkpt lat="46.19407" lon="6.7406">
        <ele>1625</ele>
        <time>2026-07-02T22:46:24+00:00</time>
      </trkpt>
      <trkpt lat="46.19414" lon="6.74074">
        <ele>1627</ele>
        <time>2026-07-02T22:46:27+00:00</time>
      </trkpt>
      <trkpt lat="46.1943" lon="6.74093">
        <ele>1628</ele>
        <time>2026-07-02T22:46:30+00:00</time>
      </trkpt>
      <trkpt lat="46.19436" lon="6.74104">
        <ele>1628</ele>
        <time>2026-07-02T22:46:33+00:00</time>
      </trkpt>
      <trkpt lat="46.19442" lon="6.74112">
        <ele>1628</ele>
        <time>2026-07-02T22:46:36+00:00</time>
      </trkpt>
      <trkpt lat="46.19458" lon="6.74127">
        <ele>1628</ele>
        <time>2026-07-02T22:46:39+00:00</time>
      </trkpt>
      <trkpt lat="46.19474" lon="6.74136">
        <ele>1630</ele>
        <time>2026-07-02T22:46:42+00:00</time>
      </trkpt>
      <trkpt lat="46.19491" lon="6.74141">
        <ele>1631</ele>
        <time>2026-07-02T22:46:45+00:00</time>
      </trkpt>
      <trkpt lat="46.19501" lon="6.74144">
        <ele>1632</ele>
        <time>2026-07-02T22:46:48+00:00</time>
      </trkpt>
      <trkpt lat="46.19506" lon="6.74146">
        <ele>1632</ele>
        <time>2026-07-02T22:46:51+00:00</time>
      </trkpt>
      <trkpt lat="46.19514" lon="6.74145">
        <ele>1631</ele>
        <time>2026-07-02T22:46:54+00:00</time>
      </trkpt>
      <trkpt lat="46.19518" lon="6.74144">
        <ele>1633</ele>
        <time>2026-07-02T22:46:57+00:00</time>
      </trkpt>
      <trkpt lat="46.19521" lon="6.74145">
        <ele>1633</ele>
        <time>2026-07-02T22:47:00+00:00</time>
      </trkpt>
      <trkpt lat="46.19523" lon="6.74146">
        <ele>1633</ele>
        <time>2026-07-02T22:47:03+00:00</time>
      </trkpt>
      <trkpt lat="46.19527" lon="6.74151">
        <ele>1632</ele>
        <time>2026-07-02T22:47:06+00:00</time>
      </trkpt>
      <trkpt lat="46.19537" lon="6.74187">
        <ele>1632</ele>
        <time>2026-07-02T22:47:09+00:00</time>
      </trkpt>
      <trkpt lat="46.19538" lon="6.74197">
        <ele>1632</ele>
        <time>2026-07-02T22:47:12+00:00</time>
      </trkpt>
      <trkpt lat="46.19539" lon="6.74208">
        <ele>1632</ele>
        <time>2026-07-02T22:47:15+00:00</time>
      </trkpt>
      <trkpt lat="46.1954" lon="6.74227">
        <ele>1633</ele>
        <time>2026-07-02T22:47:18+00:00</time>
      </trkpt>
      <trkpt lat="46.19543" lon="6.74238">
        <ele>1631</ele>
        <time>2026-07-02T22:47:21+00:00</time>
      </trkpt>
      <trkpt lat="46.19545" lon="6.74248">
        <ele>1633</ele>
        <time>2026-07-02T22:47:24+00:00</time>
      </trkpt>
      <trkpt lat="46.19545" lon="6.7426">
        <ele>1633</ele>
        <time>2026-07-02T22:47:27+00:00</time>
      </trkpt>
      <trkpt lat="46.19538" lon="6.74291">
        <ele>1634</ele>
        <time>2026-07-02T22:47:30+00:00</time>
      </trkpt>
      <trkpt lat="46.19536" lon="6.74307">
        <ele>1635</ele>
        <time>2026-07-02T22:47:33+00:00</time>
      </trkpt>
      <trkpt lat="46.19536" lon="6.74309">
        <ele>1635</ele>
        <time>2026-07-02T22:47:36+00:00</time>
      </trkpt>
      <trkpt lat="46.19535" lon="6.74316">
        <ele>1635</ele>
        <time>2026-07-02T22:47:39+00:00</time>
      </trkpt>
      <trkpt lat="46.19535" lon="6.74316">
        <ele>1635</ele>
        <time>2026-07-02T22:47:42+00:00</time>
      </trkpt>
      <trkpt lat="46.19535" lon="6.74334">
        <ele>1636</ele>
        <time>2026-07-02T22:47:45+00:00</time>
      </trkpt>
      <trkpt lat="46.19536" lon="6.74345">
        <ele>1636</ele>
        <time>2026-07-02T22:47:48+00:00</time>
      </trkpt>
      <trkpt lat="46.19538" lon="6.74371">
        <ele>1639</ele>
        <time>2026-07-02T22:47:51+00:00</time>
      </trkpt>
      <trkpt lat="46.19541" lon="6.74411">
        <ele>1644</ele>
        <time>2026-07-02T22:47:54+00:00</time>
      </trkpt>
      <trkpt lat="46.1954" lon="6.7443">
        <ele>1645</ele>
        <time>2026-07-02T22:47:57+00:00</time>
      </trkpt>
      <trkpt lat="46.19541" lon="6.74443">
        <ele>1647</ele>
        <time>2026-07-02T22:48:00+00:00</time>
      </trkpt>
      <trkpt lat="46.19543" lon="6.74458">
        <ele>1649</ele>
        <time>2026-07-02T22:48:03+00:00</time>
      </trkpt>
      <trkpt lat="46.19545" lon="6.74472">
        <ele>1651</ele>
        <time>2026-07-02T22:48:06+00:00</time>
      </trkpt>
      <trkpt lat="46.19549" lon="6.74492">
        <ele>1652</ele>
        <time>2026-07-02T22:48:09+00:00</time>
      </trkpt>
      <trkpt lat="46.19551" lon="6.74502">
        <ele>1654</ele>
        <time>2026-07-02T22:48:12+00:00</time>
      </trkpt>
      <trkpt lat="46.19554" lon="6.74508">
        <ele>1654</ele>
        <time>2026-07-02T22:48:15+00:00</time>
      </trkpt>
      <trkpt lat="46.19558" lon="6.74514">
        <ele>1655</ele>
        <time>2026-07-02T22:48:18+00:00</time>
      </trkpt>
      <trkpt lat="46.19563" lon="6.74521">
        <ele>1655</ele>
        <time>2026-07-02T22:48:21+00:00</time>
      </trkpt>
      <trkpt lat="46.19575" lon="6.74529">
        <ele>1656</ele>
        <time>2026-07-02T22:48:24+00:00</time>
      </trkpt>
      <trkpt lat="46.196" lon="6.74544">
        <ele>1658</ele>
        <time>2026-07-02T22:48:27+00:00</time>
      </trkpt>
      <trkpt lat="46.1963" lon="6.74566">
        <ele>1659</ele>
        <time>2026-07-02T22:48:30+00:00</time>
      </trkpt>
      <trkpt lat="46.19644" lon="6.74578">
        <ele>1661</ele>
        <time>2026-07-02T22:48:33+00:00</time>
      </trkpt>
      <trkpt lat="46.1965" lon="6.74583">
        <ele>1659</ele>
        <time>2026-07-02T22:48:36+00:00</time>
      </trkpt>
      <trkpt lat="46.19653" lon="6.74596">
        <ele>1661</ele>
        <time>2026-07-02T22:48:39+00:00</time>
      </trkpt>
      <trkpt lat="46.19655" lon="6.74609">
        <ele>1660</ele>
        <time>2026-07-02T22:48:42+00:00</time>
      </trkpt>
      <trkpt lat="46.19659" lon="6.74623">
        <ele>1659</ele>
        <time>2026-07-02T22:48:45+00:00</time>
      </trkpt>
      <trkpt lat="46.19665" lon="6.74643">
        <ele>1659</ele>
        <time>2026-07-02T22:48:48+00:00</time>
      </trkpt>
      <trkpt lat="46.19665" lon="6.74643">
        <ele>1659</ele>
        <time>2026-07-02T22:48:51+00:00</time>
      </trkpt>
      <trkpt lat="46.19668" lon="6.74652">
        <ele>1659</ele>
        <time>2026-07-02T22:48:54+00:00</time>
      </trkpt>
      <trkpt lat="46.19669" lon="6.74659">
        <ele>1658</ele>
        <time>2026-07-02T22:48:57+00:00</time>
      </trkpt>
      <trkpt lat="46.1967" lon="6.7467">
        <ele>1656</ele>
        <time>2026-07-02T22:49:00+00:00</time>
      </trkpt>
      <trkpt lat="46.1967" lon="6.74683">
        <ele>1659</ele>
        <time>2026-07-02T22:49:03+00:00</time>
      </trkpt>
      <trkpt lat="46.19672" lon="6.74694">
        <ele>1658</ele>
        <time>2026-07-02T22:49:06+00:00</time>
      </trkpt>
      <trkpt lat="46.19674" lon="6.74704">
        <ele>1658</ele>
        <time>2026-07-02T22:49:09+00:00</time>
      </trkpt>
      <trkpt lat="46.19681" lon="6.74725">
        <ele>1657</ele>
        <time>2026-07-02T22:49:12+00:00</time>
      </trkpt>
      <trkpt lat="46.19692" lon="6.74753">
        <ele>1655</ele>
        <time>2026-07-02T22:49:15+00:00</time>
      </trkpt>
      <trkpt lat="46.19703" lon="6.74777">
        <ele>1655</ele>
        <time>2026-07-02T22:49:18+00:00</time>
      </trkpt>
      <trkpt lat="46.19707" lon="6.74784">
        <ele>1654</ele>
        <time>2026-07-02T22:49:21+00:00</time>
      </trkpt>
      <trkpt lat="46.19714" lon="6.74801">
        <ele>1653</ele>
        <time>2026-07-02T22:49:24+00:00</time>
      </trkpt>
      <trkpt lat="46.19715" lon="6.74806">
        <ele>1653</ele>
        <time>2026-07-02T22:49:27+00:00</time>
      </trkpt>
      <trkpt lat="46.19716" lon="6.7481">
        <ele>1653</ele>
        <time>2026-07-02T22:49:30+00:00</time>
      </trkpt>
      <trkpt lat="46.19716" lon="6.74813">
        <ele>1652</ele>
        <time>2026-07-02T22:49:33+00:00</time>
      </trkpt>
      <trkpt lat="46.19717" lon="6.7482">
        <ele>1652</ele>
        <time>2026-07-02T22:49:36+00:00</time>
      </trkpt>
      <trkpt lat="46.19716" lon="6.74826">
        <ele>1652</ele>
        <time>2026-07-02T22:49:39+00:00</time>
      </trkpt>
      <trkpt lat="46.19715" lon="6.74832">
        <ele>1652</ele>
        <time>2026-07-02T22:49:42+00:00</time>
      </trkpt>
      <trkpt lat="46.19714" lon="6.74839">
        <ele>1652</ele>
        <time>2026-07-02T22:49:45+00:00</time>
      </trkpt>
      <trkpt lat="46.19713" lon="6.74849">
        <ele>1652</ele>
        <time>2026-07-02T22:49:48+00:00</time>
      </trkpt>
      <trkpt lat="46.19713" lon="6.74863">
        <ele>1651</ele>
        <time>2026-07-02T22:49:51+00:00</time>
      </trkpt>
      <trkpt lat="46.19712" lon="6.74873">
        <ele>1651</ele>
        <time>2026-07-02T22:49:54+00:00</time>
      </trkpt>
      <trkpt lat="46.19711" lon="6.74881">
        <ele>1651</ele>
        <time>2026-07-02T22:49:57+00:00</time>
      </trkpt>
      <trkpt lat="46.19709" lon="6.74898">
        <ele>1650</ele>
        <time>2026-07-02T22:50:00+00:00</time>
      </trkpt>
      <trkpt lat="46.19706" lon="6.74917">
        <ele>1650</ele>
        <time>2026-07-02T22:50:03+00:00</time>
      </trkpt>
      <trkpt lat="46.19703" lon="6.74939">
        <ele>1650</ele>
        <time>2026-07-02T22:50:06+00:00</time>
      </trkpt>
      <trkpt lat="46.19701" lon="6.74952">
        <ele>1650</ele>
        <time>2026-07-02T22:50:09+00:00</time>
      </trkpt>
      <trkpt lat="46.19698" lon="6.74965">
        <ele>1648</ele>
        <time>2026-07-02T22:50:12+00:00</time>
      </trkpt>
      <trkpt lat="46.19695" lon="6.74978">
        <ele>1649</ele>
        <time>2026-07-02T22:50:15+00:00</time>
      </trkpt>
      <trkpt lat="46.19691" lon="6.74993">
        <ele>1650</ele>
        <time>2026-07-02T22:50:18+00:00</time>
      </trkpt>
      <trkpt lat="46.19687" lon="6.75003">
        <ele>1649</ele>
        <time>2026-07-02T22:50:21+00:00</time>
      </trkpt>
      <trkpt lat="46.19683" lon="6.75018">
        <ele>1649</ele>
        <time>2026-07-02T22:50:24+00:00</time>
      </trkpt>
      <trkpt lat="46.19678" lon="6.75035">
        <ele>1648</ele>
        <time>2026-07-02T22:50:27+00:00</time>
      </trkpt>
      <trkpt lat="46.19674" lon="6.7505">
        <ele>1647</ele>
        <time>2026-07-02T22:50:30+00:00</time>
      </trkpt>
      <trkpt lat="46.19664" lon="6.75083">
        <ele>1645</ele>
        <time>2026-07-02T22:50:33+00:00</time>
      </trkpt>
      <trkpt lat="46.19661" lon="6.75093">
        <ele>1645</ele>
        <time>2026-07-02T22:50:36+00:00</time>
      </trkpt>
      <trkpt lat="46.19657" lon="6.75104">
        <ele>1644</ele>
        <time>2026-07-02T22:50:39+00:00</time>
      </trkpt>
      <trkpt lat="46.19651" lon="6.75116">
        <ele>1645</ele>
        <time>2026-07-02T22:50:42+00:00</time>
      </trkpt>
      <trkpt lat="46.19646" lon="6.75127">
        <ele>1645</ele>
        <time>2026-07-02T22:50:45+00:00</time>
      </trkpt>
      <trkpt lat="46.19641" lon="6.75137">
        <ele>1645</ele>
        <time>2026-07-02T22:50:48+00:00</time>
      </trkpt>
      <trkpt lat="46.19639" lon="6.75143">
        <ele>1645</ele>
        <time>2026-07-02T22:50:51+00:00</time>
      </trkpt>
      <trkpt lat="46.19637" lon="6.7515">
        <ele>1645</ele>
        <time>2026-07-02T22:50:54+00:00</time>
      </trkpt>
      <trkpt lat="46.19636" lon="6.75157">
        <ele>1645</ele>
        <time>2026-07-02T22:50:57+00:00</time>
      </trkpt>
      <trkpt lat="46.19634" lon="6.75164">
        <ele>1646</ele>
        <time>2026-07-02T22:51:00+00:00</time>
      </trkpt>
      <trkpt lat="46.19633" lon="6.75172">
        <ele>1648</ele>
        <time>2026-07-02T22:51:03+00:00</time>
      </trkpt>
      <trkpt lat="46.19632" lon="6.7518">
        <ele>1649</ele>
        <time>2026-07-02T22:51:06+00:00</time>
      </trkpt>
      <trkpt lat="46.19631" lon="6.75195">
        <ele>1650</ele>
        <time>2026-07-02T22:51:09+00:00</time>
      </trkpt>
      <trkpt lat="46.1963" lon="6.75215">
        <ele>1649</ele>
        <time>2026-07-02T22:51:12+00:00</time>
      </trkpt>
      <trkpt lat="46.19629" lon="6.75238">
        <ele>1650</ele>
        <time>2026-07-02T22:51:15+00:00</time>
      </trkpt>
      <trkpt lat="46.19629" lon="6.75253">
        <ele>1650</ele>
        <time>2026-07-02T22:51:18+00:00</time>
      </trkpt>
      <trkpt lat="46.19629" lon="6.75268">
        <ele>1650</ele>
        <time>2026-07-02T22:51:21+00:00</time>
      </trkpt>
      <trkpt lat="46.19629" lon="6.75273">
        <ele>1650</ele>
        <time>2026-07-02T22:51:24+00:00</time>
      </trkpt>
      <trkpt lat="46.19628" lon="6.75279">
        <ele>1650</ele>
        <time>2026-07-02T22:51:27+00:00</time>
      </trkpt>
      <trkpt lat="46.19627" lon="6.75285">
        <ele>1651</ele>
        <time>2026-07-02T22:51:30+00:00</time>
      </trkpt>
      <trkpt lat="46.19626" lon="6.75289">
        <ele>1651</ele>
        <time>2026-07-02T22:51:33+00:00</time>
      </trkpt>
      <trkpt lat="46.19627" lon="6.75296">
        <ele>1651</ele>
        <time>2026-07-02T22:51:36+00:00</time>
      </trkpt>
      <trkpt lat="46.19625" lon="6.75304">
        <ele>1651</ele>
        <time>2026-07-02T22:51:39+00:00</time>
      </trkpt>
      <trkpt lat="46.19625" lon="6.75313">
        <ele>1652</ele>
        <time>2026-07-02T22:51:42+00:00</time>
      </trkpt>
      <trkpt lat="46.19625" lon="6.75342">
        <ele>1652</ele>
        <time>2026-07-02T22:51:45+00:00</time>
      </trkpt>
      <trkpt lat="46.19625" lon="6.75342">
        <ele>1653</ele>
        <time>2026-07-02T22:51:48+00:00</time>
      </trkpt>
      <trkpt lat="46.19615" lon="6.75339">
        <ele>1651</ele>
        <time>2026-07-02T22:51:51+00:00</time>
      </trkpt>
      <trkpt lat="46.19608" lon="6.75337">
        <ele>1650</ele>
        <time>2026-07-02T22:51:54+00:00</time>
      </trkpt>
      <trkpt lat="46.19603" lon="6.75371">
        <ele>1652</ele>
        <time>2026-07-02T22:51:57+00:00</time>
      </trkpt>
      <trkpt lat="46.196" lon="6.75401">
        <ele>1654</ele>
        <time>2026-07-02T22:52:00+00:00</time>
      </trkpt>
      <trkpt lat="46.19598" lon="6.75414">
        <ele>1654</ele>
        <time>2026-07-02T22:52:03+00:00</time>
      </trkpt>
      <trkpt lat="46.19588" lon="6.7543">
        <ele>1654</ele>
        <time>2026-07-02T22:52:06+00:00</time>
      </trkpt>
      <trkpt lat="46.19579" lon="6.75452">
        <ele>1658</ele>
        <time>2026-07-02T22:52:09+00:00</time>
      </trkpt>
      <trkpt lat="46.19576" lon="6.75478">
        <ele>1660</ele>
        <time>2026-07-02T22:52:12+00:00</time>
      </trkpt>
      <trkpt lat="46.19572" lon="6.75499">
        <ele>1663</ele>
        <time>2026-07-02T22:52:15+00:00</time>
      </trkpt>
      <trkpt lat="46.19562" lon="6.75523">
        <ele>1666</ele>
        <time>2026-07-02T22:52:18+00:00</time>
      </trkpt>
      <trkpt lat="46.19548" lon="6.75555">
        <ele>1670</ele>
        <time>2026-07-02T22:52:21+00:00</time>
      </trkpt>
      <trkpt lat="46.19543" lon="6.7558">
        <ele>1672</ele>
        <time>2026-07-02T22:52:24+00:00</time>
      </trkpt>
      <trkpt lat="46.19542" lon="6.75605">
        <ele>1675</ele>
        <time>2026-07-02T22:52:27+00:00</time>
      </trkpt>
      <trkpt lat="46.19541" lon="6.75637">
        <ele>1678</ele>
        <time>2026-07-02T22:52:30+00:00</time>
      </trkpt>
      <trkpt lat="46.19536" lon="6.75652">
        <ele>1680</ele>
        <time>2026-07-02T22:52:33+00:00</time>
      </trkpt>
      <trkpt lat="46.1952" lon="6.7568">
        <ele>1683</ele>
        <time>2026-07-02T22:52:36+00:00</time>
      </trkpt>
      <trkpt lat="46.19493" lon="6.75729">
        <ele>1686</ele>
        <time>2026-07-02T22:52:39+00:00</time>
      </trkpt>
      <trkpt lat="46.19493" lon="6.75743">
        <ele>1686</ele>
        <time>2026-07-02T22:52:42+00:00</time>
      </trkpt>
      <trkpt lat="46.1951" lon="6.75765">
        <ele>1686</ele>
        <time>2026-07-02T22:52:45+00:00</time>
      </trkpt>
      <trkpt lat="46.19513" lon="6.75782">
        <ele>1686</ele>
        <time>2026-07-02T22:52:48+00:00</time>
      </trkpt>
      <trkpt lat="46.19507" lon="6.75817">
        <ele>1686</ele>
        <time>2026-07-02T22:52:51+00:00</time>
      </trkpt>
      <trkpt lat="46.19498" lon="6.75836">
        <ele>1683</ele>
        <time>2026-07-02T22:52:54+00:00</time>
      </trkpt>
      <trkpt lat="46.19496" lon="6.75865">
        <ele>1687</ele>
        <time>2026-07-02T22:52:57+00:00</time>
      </trkpt>
      <trkpt lat="46.19492" lon="6.75917">
        <ele>1695</ele>
        <time>2026-07-02T22:53:00+00:00</time>
      </trkpt>
      <trkpt lat="46.19491" lon="6.7595">
        <ele>1699</ele>
        <time>2026-07-02T22:53:03+00:00</time>
      </trkpt>
      <trkpt lat="46.19487" lon="6.75973">
        <ele>1700</ele>
        <time>2026-07-02T22:53:06+00:00</time>
      </trkpt>
      <trkpt lat="46.19486" lon="6.76013">
        <ele>1704</ele>
        <time>2026-07-02T22:53:09+00:00</time>
      </trkpt>
      <trkpt lat="46.19481" lon="6.76046">
        <ele>1709</ele>
        <time>2026-07-02T22:53:12+00:00</time>
      </trkpt>
      <trkpt lat="46.19465" lon="6.76082">
        <ele>1714</ele>
        <time>2026-07-02T22:53:15+00:00</time>
      </trkpt>
      <trkpt lat="46.19449" lon="6.76115">
        <ele>1715</ele>
        <time>2026-07-02T22:53:18+00:00</time>
      </trkpt>
      <trkpt lat="46.19438" lon="6.76134">
        <ele>1716</ele>
        <time>2026-07-02T22:53:21+00:00</time>
      </trkpt>
      <trkpt lat="46.19436" lon="6.76156">
        <ele>1720</ele>
        <time>2026-07-02T22:53:24+00:00</time>
      </trkpt>
      <trkpt lat="46.19433" lon="6.76171">
        <ele>1722</ele>
        <time>2026-07-02T22:53:27+00:00</time>
      </trkpt>
      <trkpt lat="46.19424" lon="6.762">
        <ele>1724</ele>
        <time>2026-07-02T22:53:30+00:00</time>
      </trkpt>
      <trkpt lat="46.19419" lon="6.76225">
        <ele>1729</ele>
        <time>2026-07-02T22:53:33+00:00</time>
      </trkpt>
      <trkpt lat="46.19422" lon="6.76254">
        <ele>1727</ele>
        <time>2026-07-02T22:53:36+00:00</time>
      </trkpt>
      <trkpt lat="46.1943" lon="6.76273">
        <ele>1727</ele>
        <time>2026-07-02T22:53:39+00:00</time>
      </trkpt>
      <trkpt lat="46.19448" lon="6.76292">
        <ele>1727</ele>
        <time>2026-07-02T22:53:42+00:00</time>
      </trkpt>
      <trkpt lat="46.19457" lon="6.76313">
        <ele>1727</ele>
        <time>2026-07-02T22:53:45+00:00</time>
      </trkpt>
      <trkpt lat="46.19469" lon="6.76341">
        <ele>1726</ele>
        <time>2026-07-02T22:53:48+00:00</time>
      </trkpt>
      <trkpt lat="46.19475" lon="6.76362">
        <ele>1726</ele>
        <time>2026-07-02T22:53:51+00:00</time>
      </trkpt>
      <trkpt lat="46.19479" lon="6.76372">
        <ele>1726</ele>
        <time>2026-07-02T22:53:54+00:00</time>
      </trkpt>
      <trkpt lat="46.19485" lon="6.76382">
        <ele>1728</ele>
        <time>2026-07-02T22:53:57+00:00</time>
      </trkpt>
      <trkpt lat="46.19485" lon="6.76393">
        <ele>1728</ele>
        <time>2026-07-02T22:54:00+00:00</time>
      </trkpt>
      <trkpt lat="46.19484" lon="6.76401">
        <ele>1729</ele>
        <time>2026-07-02T22:54:03+00:00</time>
      </trkpt>
      <trkpt lat="46.19484" lon="6.76434">
        <ele>1733</ele>
        <time>2026-07-02T22:54:06+00:00</time>
      </trkpt>
      <trkpt lat="46.19485" lon="6.76454">
        <ele>1737</ele>
        <time>2026-07-02T22:54:09+00:00</time>
      </trkpt>
      <trkpt lat="46.19498" lon="6.76444">
        <ele>1736</ele>
        <time>2026-07-02T22:54:12+00:00</time>
      </trkpt>
      <trkpt lat="46.19501" lon="6.76445">
        <ele>1736</ele>
        <time>2026-07-02T22:54:15+00:00</time>
      </trkpt>
      <trkpt lat="46.19503" lon="6.76448">
        <ele>1736</ele>
        <time>2026-07-02T22:54:18+00:00</time>
      </trkpt>
      <trkpt lat="46.195" lon="6.76466">
        <ele>1739</ele>
        <time>2026-07-02T22:54:21+00:00</time>
      </trkpt>
      <trkpt lat="46.19502" lon="6.76478">
        <ele>1740</ele>
        <time>2026-07-02T22:54:24+00:00</time>
      </trkpt>
      <trkpt lat="46.19496" lon="6.76487">
        <ele>1741</ele>
        <time>2026-07-02T22:54:27+00:00</time>
      </trkpt>
      <trkpt lat="46.19487" lon="6.76504">
        <ele>1742</ele>
        <time>2026-07-02T22:54:30+00:00</time>
      </trkpt>
      <trkpt lat="46.19474" lon="6.76527">
        <ele>1744</ele>
        <time>2026-07-02T22:54:33+00:00</time>
      </trkpt>
      <trkpt lat="46.19456" lon="6.76558">
        <ele>1746</ele>
        <time>2026-07-02T22:54:36+00:00</time>
      </trkpt>
      <trkpt lat="46.19445" lon="6.76577">
        <ele>1747</ele>
        <time>2026-07-02T22:54:39+00:00</time>
      </trkpt>
      <trkpt lat="46.19441" lon="6.76591">
        <ele>1749</ele>
        <time>2026-07-02T22:54:42+00:00</time>
      </trkpt>
      <trkpt lat="46.19433" lon="6.76614">
        <ele>1750</ele>
        <time>2026-07-02T22:54:45+00:00</time>
      </trkpt>
      <trkpt lat="46.19423" lon="6.76649">
        <ele>1752</ele>
        <time>2026-07-02T22:54:48+00:00</time>
      </trkpt>
      <trkpt lat="46.19413" lon="6.7666">
        <ele>1752</ele>
        <time>2026-07-02T22:54:51+00:00</time>
      </trkpt>
      <trkpt lat="46.19406" lon="6.76668">
        <ele>1753</ele>
        <time>2026-07-02T22:54:54+00:00</time>
      </trkpt>
      <trkpt lat="46.19397" lon="6.76677">
        <ele>1753</ele>
        <time>2026-07-02T22:54:57+00:00</time>
      </trkpt>
      <trkpt lat="46.19389" lon="6.76681">
        <ele>1754</ele>
        <time>2026-07-02T22:55:00+00:00</time>
      </trkpt>
      <trkpt lat="46.19375" lon="6.76693">
        <ele>1757</ele>
        <time>2026-07-02T22:55:03+00:00</time>
      </trkpt>
      <trkpt lat="46.19361" lon="6.76698">
        <ele>1757</ele>
        <time>2026-07-02T22:55:06+00:00</time>
      </trkpt>
      <trkpt lat="46.1934" lon="6.76712">
        <ele>1761</ele>
        <time>2026-07-02T22:55:09+00:00</time>
      </trkpt>
      <trkpt lat="46.19324" lon="6.76723">
        <ele>1766</ele>
        <time>2026-07-02T22:55:12+00:00</time>
      </trkpt>
      <trkpt lat="46.19305" lon="6.76735">
        <ele>1770</ele>
        <time>2026-07-02T22:55:15+00:00</time>
      </trkpt>
      <trkpt lat="46.19275" lon="6.76742">
        <ele>1776</ele>
        <time>2026-07-02T22:55:18+00:00</time>
      </trkpt>
      <trkpt lat="46.19262" lon="6.76734">
        <ele>1777</ele>
        <time>2026-07-02T22:55:21+00:00</time>
      </trkpt>
      <trkpt lat="46.19245" lon="6.76734">
        <ele>1782</ele>
        <time>2026-07-02T22:55:24+00:00</time>
      </trkpt>
      <trkpt lat="46.19236" lon="6.76748">
        <ele>1785</ele>
        <time>2026-07-02T22:55:27+00:00</time>
      </trkpt>
      <trkpt lat="46.19234" lon="6.76759">
        <ele>1785</ele>
        <time>2026-07-02T22:55:30+00:00</time>
      </trkpt>
      <trkpt lat="46.19236" lon="6.76769">
        <ele>1785</ele>
        <time>2026-07-02T22:55:33+00:00</time>
      </trkpt>
      <trkpt lat="46.19241" lon="6.76777">
        <ele>1786</ele>
        <time>2026-07-02T22:55:36+00:00</time>
      </trkpt>
      <trkpt lat="46.19249" lon="6.76785">
        <ele>1788</ele>
        <time>2026-07-02T22:55:39+00:00</time>
      </trkpt>
      <trkpt lat="46.19263" lon="6.76794">
        <ele>1788</ele>
        <time>2026-07-02T22:55:42+00:00</time>
      </trkpt>
      <trkpt lat="46.19269" lon="6.76796">
        <ele>1788</ele>
        <time>2026-07-02T22:55:45+00:00</time>
      </trkpt>
      <trkpt lat="46.19269" lon="6.76796">
        <ele>1788</ele>
        <time>2026-07-02T22:55:48+00:00</time>
      </trkpt>
      <trkpt lat="46.19269" lon="6.76796">
        <ele>1788</ele>
        <time>2026-07-02T22:55:51+00:00</time>
      </trkpt>
      <trkpt lat="46.19297" lon="6.76807">
        <ele>1790</ele>
        <time>2026-07-02T22:55:54+00:00</time>
      </trkpt>
      <trkpt lat="46.19304" lon="6.76823">
        <ele>1794</ele>
        <time>2026-07-02T22:55:57+00:00</time>
      </trkpt>
      <trkpt lat="46.19291" lon="6.76844">
        <ele>1797</ele>
        <time>2026-07-02T22:56:00+00:00</time>
      </trkpt>
      <trkpt lat="46.19278" lon="6.76872">
        <ele>1803</ele>
        <time>2026-07-02T22:56:03+00:00</time>
      </trkpt>
      <trkpt lat="46.19264" lon="6.76901">
        <ele>1805</ele>
        <time>2026-07-02T22:56:06+00:00</time>
      </trkpt>
      <trkpt lat="46.19252" lon="6.76919">
        <ele>1805</ele>
        <time>2026-07-02T22:56:09+00:00</time>
      </trkpt>
      <trkpt lat="46.19235" lon="6.76938">
        <ele>1807</ele>
        <time>2026-07-02T22:56:12+00:00</time>
      </trkpt>
      <trkpt lat="46.19214" lon="6.7696">
        <ele>1809</ele>
        <time>2026-07-02T22:56:15+00:00</time>
      </trkpt>
      <trkpt lat="46.19202" lon="6.76978">
        <ele>1811</ele>
        <time>2026-07-02T22:56:18+00:00</time>
      </trkpt>
      <trkpt lat="46.19198" lon="6.76992">
        <ele>1813</ele>
        <time>2026-07-02T22:56:21+00:00</time>
      </trkpt>
      <trkpt lat="46.19196" lon="6.77015">
        <ele>1814</ele>
        <time>2026-07-02T22:56:24+00:00</time>
      </trkpt>
      <trkpt lat="46.19194" lon="6.77039">
        <ele>1816</ele>
        <time>2026-07-02T22:56:27+00:00</time>
      </trkpt>
      <trkpt lat="46.19192" lon="6.77047">
        <ele>1817</ele>
        <time>2026-07-02T22:56:30+00:00</time>
      </trkpt>
      <trkpt lat="46.19189" lon="6.77053">
        <ele>1817</ele>
        <time>2026-07-02T22:56:33+00:00</time>
      </trkpt>
      <trkpt lat="46.19176" lon="6.7707">
        <ele>1818</ele>
        <time>2026-07-02T22:56:36+00:00</time>
      </trkpt>
      <trkpt lat="46.19175" lon="6.77078">
        <ele>1818</ele>
        <time>2026-07-02T22:56:39+00:00</time>
      </trkpt>
      <trkpt lat="46.19175" lon="6.7709">
        <ele>1820</ele>
        <time>2026-07-02T22:56:42+00:00</time>
      </trkpt>
      <trkpt lat="46.19175" lon="6.7709">
        <ele>1820</ele>
        <time>2026-07-02T22:56:45+00:00</time>
      </trkpt>
      <trkpt lat="46.19186" lon="6.77097">
        <ele>1820</ele>
        <time>2026-07-02T22:56:48+00:00</time>
      </trkpt>
      <trkpt lat="46.19203" lon="6.77106">
        <ele>1821</ele>
        <time>2026-07-02T22:56:51+00:00</time>
      </trkpt>
      <trkpt lat="46.19209" lon="6.77112">
        <ele>1822</ele>
        <time>2026-07-02T22:56:54+00:00</time>
      </trkpt>
      <trkpt lat="46.19214" lon="6.7712">
        <ele>1822</ele>
        <time>2026-07-02T22:56:57+00:00</time>
      </trkpt>
      <trkpt lat="46.19218" lon="6.77127">
        <ele>1822</ele>
        <time>2026-07-02T22:57:00+00:00</time>
      </trkpt>
      <trkpt lat="46.19222" lon="6.77136">
        <ele>1822</ele>
        <time>2026-07-02T22:57:03+00:00</time>
      </trkpt>
      <trkpt lat="46.19223" lon="6.77145">
        <ele>1822</ele>
        <time>2026-07-02T22:57:06+00:00</time>
      </trkpt>
      <trkpt lat="46.19226" lon="6.77159">
        <ele>1822</ele>
        <time>2026-07-02T22:57:09+00:00</time>
      </trkpt>
      <trkpt lat="46.19227" lon="6.77174">
        <ele>1822</ele>
        <time>2026-07-02T22:57:12+00:00</time>
      </trkpt>
      <trkpt lat="46.19227" lon="6.77189">
        <ele>1822</ele>
        <time>2026-07-02T22:57:15+00:00</time>
      </trkpt>
      <trkpt lat="46.19226" lon="6.77204">
        <ele>1822</ele>
        <time>2026-07-02T22:57:18+00:00</time>
      </trkpt>
      <trkpt lat="46.19229" lon="6.77216">
        <ele>1821</ele>
        <time>2026-07-02T22:57:21+00:00</time>
      </trkpt>
      <trkpt lat="46.19233" lon="6.77224">
        <ele>1822</ele>
        <time>2026-07-02T22:57:24+00:00</time>
      </trkpt>
      <trkpt lat="46.19228" lon="6.7723">
        <ele>1821</ele>
        <time>2026-07-02T22:57:27+00:00</time>
      </trkpt>
      <trkpt lat="46.19223" lon="6.77236">
        <ele>1820</ele>
        <time>2026-07-02T22:57:30+00:00</time>
      </trkpt>
      <trkpt lat="46.19221" lon="6.77239">
        <ele>1820</ele>
        <time>2026-07-02T22:57:33+00:00</time>
      </trkpt>
      <trkpt lat="46.19219" lon="6.77242">
        <ele>1817</ele>
        <time>2026-07-02T22:57:36+00:00</time>
      </trkpt>
      <trkpt lat="46.19216" lon="6.77252">
        <ele>1816</ele>
        <time>2026-07-02T22:57:39+00:00</time>
      </trkpt>
      <trkpt lat="46.19214" lon="6.77264">
        <ele>1815</ele>
        <time>2026-07-02T22:57:42+00:00</time>
      </trkpt>
      <trkpt lat="46.19212" lon="6.77285">
        <ele>1816</ele>
        <time>2026-07-02T22:57:45+00:00</time>
      </trkpt>
      <trkpt lat="46.19212" lon="6.77298">
        <ele>1815</ele>
        <time>2026-07-02T22:57:48+00:00</time>
      </trkpt>
      <trkpt lat="46.19214" lon="6.77306">
        <ele>1816</ele>
        <time>2026-07-02T22:57:51+00:00</time>
      </trkpt>
      <trkpt lat="46.19216" lon="6.77317">
        <ele>1816</ele>
        <time>2026-07-02T22:57:54+00:00</time>
      </trkpt>
      <trkpt lat="46.19219" lon="6.77326">
        <ele>1816</ele>
        <time>2026-07-02T22:57:57+00:00</time>
      </trkpt>
      <trkpt lat="46.19219" lon="6.77328">
        <ele>1816</ele>
        <time>2026-07-02T22:58:00+00:00</time>
      </trkpt>
      <trkpt lat="46.19223" lon="6.7735">
        <ele>1817</ele>
        <time>2026-07-02T22:58:03+00:00</time>
      </trkpt>
      <trkpt lat="46.19227" lon="6.77376">
        <ele>1816</ele>
        <time>2026-07-02T22:58:06+00:00</time>
      </trkpt>
      <trkpt lat="46.19227" lon="6.77376">
        <ele>1816</ele>
        <time>2026-07-02T22:58:09+00:00</time>
      </trkpt>
      <trkpt lat="46.19232" lon="6.774">
        <ele>1817</ele>
        <time>2026-07-02T22:58:12+00:00</time>
      </trkpt>
      <trkpt lat="46.19234" lon="6.77411">
        <ele>1817</ele>
        <time>2026-07-02T22:58:15+00:00</time>
      </trkpt>
      <trkpt lat="46.19235" lon="6.7742">
        <ele>1817</ele>
        <time>2026-07-02T22:58:18+00:00</time>
      </trkpt>
      <trkpt lat="46.19237" lon="6.77427">
        <ele>1817</ele>
        <time>2026-07-02T22:58:21+00:00</time>
      </trkpt>
      <trkpt lat="46.19238" lon="6.77431">
        <ele>1817</ele>
        <time>2026-07-02T22:58:24+00:00</time>
      </trkpt>
      <trkpt lat="46.19243" lon="6.77439">
        <ele>1817</ele>
        <time>2026-07-02T22:58:27+00:00</time>
      </trkpt>
      <trkpt lat="46.19232" lon="6.77456">
        <ele>1817</ele>
        <time>2026-07-02T22:58:30+00:00</time>
      </trkpt>
      <trkpt lat="46.1922" lon="6.77473">
        <ele>1814</ele>
        <time>2026-07-02T22:58:33+00:00</time>
      </trkpt>
      <trkpt lat="46.192" lon="6.77498">
        <ele>1813</ele>
        <time>2026-07-02T22:58:36+00:00</time>
      </trkpt>
      <trkpt lat="46.19197" lon="6.77503">
        <ele>1812</ele>
        <time>2026-07-02T22:58:39+00:00</time>
      </trkpt>
      <trkpt lat="46.19178" lon="6.77529">
        <ele>1810</ele>
        <time>2026-07-02T22:58:42+00:00</time>
      </trkpt>
      <trkpt lat="46.1916" lon="6.77556">
        <ele>1808</ele>
        <time>2026-07-02T22:58:45+00:00</time>
      </trkpt>
      <trkpt lat="46.19154" lon="6.77565">
        <ele>1808</ele>
        <time>2026-07-02T22:58:48+00:00</time>
      </trkpt>
      <trkpt lat="46.19148" lon="6.77575">
        <ele>1807</ele>
        <time>2026-07-02T22:58:51+00:00</time>
      </trkpt>
      <trkpt lat="46.19138" lon="6.77591">
        <ele>1806</ele>
        <time>2026-07-02T22:58:54+00:00</time>
      </trkpt>
      <trkpt lat="46.19121" lon="6.77616">
        <ele>1804</ele>
        <time>2026-07-02T22:58:57+00:00</time>
      </trkpt>
      <trkpt lat="46.19109" lon="6.77635">
        <ele>1803</ele>
        <time>2026-07-02T22:59:00+00:00</time>
      </trkpt>
      <trkpt lat="46.191" lon="6.77652">
        <ele>1803</ele>
        <time>2026-07-02T22:59:03+00:00</time>
      </trkpt>
      <trkpt lat="46.19098" lon="6.77659">
        <ele>1802</ele>
        <time>2026-07-02T22:59:06+00:00</time>
      </trkpt>
      <trkpt lat="46.19098" lon="6.77666">
        <ele>1803</ele>
        <time>2026-07-02T22:59:09+00:00</time>
      </trkpt>
      <trkpt lat="46.191" lon="6.7767">
        <ele>1803</ele>
        <time>2026-07-02T22:59:12+00:00</time>
      </trkpt>
      <trkpt lat="46.191" lon="6.7767">
        <ele>1803</ele>
        <time>2026-07-02T22:59:15+00:00</time>
      </trkpt>
    </trkseg>
  </trk>
</gpx>
