<?xml version="1.0" encoding="UTF-8"?>
<gpx xmlns="http://www.topografix.com/GPX/1/1" xmlns:xsi="http://www.w3.org/2001/XMLSchema-instance" version="1.1" creator="Trace de Trail" xsi:schemaLocation="http://www.topografix.com/GPX/1/1 http://www.topografix.com/GPX/1/1/gpx.xsd">
  <metadata>
    <name>Trail des Hauts Forts 2026 - Trail des Mines d'Or</name>
    <desc>Parcours créé sur Trace de Trail</desc>
    <link href="https://tracedetrail.fr/fr/trace/323536">
      <text>Cartographie du parcours</text>
    </link>
    <time>2026-07-02T18:15:12+00:00</time>
  </metadata>
  <trk>
    <name>Trail des Hauts Forts 2026 - Trail des Mines d'Or sur TraceDeTrail.fr</name>
    <src>Trace de Trail</src>
    <trkseg>
      <trkpt lat="46.18128" lon="6.70358">
        <ele>972</ele>
        <time>2026-07-02T18:15:12+00:00</time>
      </trkpt>
      <trkpt lat="46.18127" lon="6.70358">
        <ele>972</ele>
        <time>2026-07-02T18:15:15+00:00</time>
      </trkpt>
      <trkpt lat="46.18127" lon="6.70354">
        <ele>972</ele>
        <time>2026-07-02T18:15:18+00:00</time>
      </trkpt>
      <trkpt lat="46.18127" lon="6.70344">
        <ele>972</ele>
        <time>2026-07-02T18:15:21+00:00</time>
      </trkpt>
      <trkpt lat="46.18124" lon="6.70342">
        <ele>972</ele>
        <time>2026-07-02T18:15:24+00:00</time>
      </trkpt>
      <trkpt lat="46.18121" lon="6.70337">
        <ele>972</ele>
        <time>2026-07-02T18:15:27+00:00</time>
      </trkpt>
      <trkpt lat="46.1812" lon="6.70336">
        <ele>972</ele>
        <time>2026-07-02T18:15:30+00:00</time>
      </trkpt>
      <trkpt lat="46.18108" lon="6.70319">
        <ele>973</ele>
        <time>2026-07-02T18:15:33+00:00</time>
      </trkpt>
      <trkpt lat="46.18089" lon="6.70288">
        <ele>974</ele>
        <time>2026-07-02T18:15:36+00:00</time>
      </trkpt>
      <trkpt lat="46.18085" lon="6.70281">
        <ele>974</ele>
        <time>2026-07-02T18:15:39+00:00</time>
      </trkpt>
      <trkpt lat="46.18069" lon="6.70254">
        <ele>976</ele>
        <time>2026-07-02T18:15:42+00:00</time>
      </trkpt>
      <trkpt lat="46.18055" lon="6.70232">
        <ele>977</ele>
        <time>2026-07-02T18:15:45+00:00</time>
      </trkpt>
      <trkpt lat="46.18046" lon="6.7022">
        <ele>978</ele>
        <time>2026-07-02T18:15:48+00:00</time>
      </trkpt>
      <trkpt lat="46.18032" lon="6.70206">
        <ele>979</ele>
        <time>2026-07-02T18:15:51+00:00</time>
      </trkpt>
      <trkpt lat="46.18019" lon="6.70193">
        <ele>981</ele>
        <time>2026-07-02T18:15:54+00:00</time>
      </trkpt>
      <trkpt lat="46.18018" lon="6.70191">
        <ele>981</ele>
        <time>2026-07-02T18:15:57+00:00</time>
      </trkpt>
      <trkpt lat="46.18014" lon="6.70188">
        <ele>981</ele>
        <time>2026-07-02T18:16:00+00:00</time>
      </trkpt>
      <trkpt lat="46.18011" lon="6.70188">
        <ele>981</ele>
        <time>2026-07-02T18:16:03+00:00</time>
      </trkpt>
      <trkpt lat="46.18009" lon="6.70189">
        <ele>983</ele>
        <time>2026-07-02T18:16:06+00:00</time>
      </trkpt>
      <trkpt lat="46.17997" lon="6.70213">
        <ele>983</ele>
        <time>2026-07-02T18:16:09+00:00</time>
      </trkpt>
      <trkpt lat="46.1798" lon="6.70239">
        <ele>983</ele>
        <time>2026-07-02T18:16:12+00:00</time>
      </trkpt>
      <trkpt lat="46.17973" lon="6.7025">
        <ele>983</ele>
        <time>2026-07-02T18:16:15+00:00</time>
      </trkpt>
      <trkpt lat="46.17967" lon="6.7024">
        <ele>985</ele>
        <time>2026-07-02T18:16:18+00:00</time>
      </trkpt>
      <trkpt lat="46.17959" lon="6.70232">
        <ele>985</ele>
        <time>2026-07-02T18:16:21+00:00</time>
      </trkpt>
      <trkpt lat="46.17955" lon="6.70226">
        <ele>986</ele>
        <time>2026-07-02T18:16:24+00:00</time>
      </trkpt>
      <trkpt lat="46.1795" lon="6.7022">
        <ele>987</ele>
        <time>2026-07-02T18:16:27+00:00</time>
      </trkpt>
      <trkpt lat="46.17947" lon="6.70216">
        <ele>988</ele>
        <time>2026-07-02T18:16:30+00:00</time>
      </trkpt>
      <trkpt lat="46.17943" lon="6.70214">
        <ele>988</ele>
        <time>2026-07-02T18:16:33+00:00</time>
      </trkpt>
      <trkpt lat="46.17939" lon="6.70214">
        <ele>990</ele>
        <time>2026-07-02T18:16:36+00:00</time>
      </trkpt>
      <trkpt lat="46.17934" lon="6.70217">
        <ele>990</ele>
        <time>2026-07-02T18:16:39+00:00</time>
      </trkpt>
      <trkpt lat="46.17929" lon="6.70218">
        <ele>991</ele>
        <time>2026-07-02T18:16:42+00:00</time>
      </trkpt>
      <trkpt lat="46.17924" lon="6.70217">
        <ele>991</ele>
        <time>2026-07-02T18:16:45+00:00</time>
      </trkpt>
      <trkpt lat="46.17917" lon="6.70213">
        <ele>992</ele>
        <time>2026-07-02T18:16:48+00:00</time>
      </trkpt>
      <trkpt lat="46.17909" lon="6.70208">
        <ele>996</ele>
        <time>2026-07-02T18:16:51+00:00</time>
      </trkpt>
      <trkpt lat="46.179" lon="6.702">
        <ele>996</ele>
        <time>2026-07-02T18:16:54+00:00</time>
      </trkpt>
      <trkpt lat="46.17898" lon="6.70198">
        <ele>998</ele>
        <time>2026-07-02T18:16:57+00:00</time>
      </trkpt>
      <trkpt lat="46.17892" lon="6.70187">
        <ele>999</ele>
        <time>2026-07-02T18:17:00+00:00</time>
      </trkpt>
      <trkpt lat="46.17884" lon="6.70155">
        <ele>1005</ele>
        <time>2026-07-02T18:17:03+00:00</time>
      </trkpt>
      <trkpt lat="46.17879" lon="6.70152">
        <ele>1008</ele>
        <time>2026-07-02T18:17:06+00:00</time>
      </trkpt>
      <trkpt lat="46.17874" lon="6.70153">
        <ele>1008</ele>
        <time>2026-07-02T18:17:09+00:00</time>
      </trkpt>
      <trkpt lat="46.17863" lon="6.70163">
        <ele>1009</ele>
        <time>2026-07-02T18:17:12+00:00</time>
      </trkpt>
      <trkpt lat="46.1785" lon="6.70173">
        <ele>1009</ele>
        <time>2026-07-02T18:17:15+00:00</time>
      </trkpt>
      <trkpt lat="46.17841" lon="6.70179">
        <ele>1012</ele>
        <time>2026-07-02T18:17:18+00:00</time>
      </trkpt>
      <trkpt lat="46.17838" lon="6.70181">
        <ele>1011</ele>
        <time>2026-07-02T18:17:21+00:00</time>
      </trkpt>
      <trkpt lat="46.17807" lon="6.70196">
        <ele>1017</ele>
        <time>2026-07-02T18:17:24+00:00</time>
      </trkpt>
      <trkpt lat="46.17794" lon="6.70205">
        <ele>1018</ele>
        <time>2026-07-02T18:17:27+00:00</time>
      </trkpt>
      <trkpt lat="46.1778" lon="6.70214">
        <ele>1024</ele>
        <time>2026-07-02T18:17:30+00:00</time>
      </trkpt>
      <trkpt lat="46.17764" lon="6.70226">
        <ele>1024</ele>
        <time>2026-07-02T18:17:33+00:00</time>
      </trkpt>
      <trkpt lat="46.17747" lon="6.7024">
        <ele>1026</ele>
        <time>2026-07-02T18:17:36+00:00</time>
      </trkpt>
      <trkpt lat="46.17734" lon="6.70251">
        <ele>1028</ele>
        <time>2026-07-02T18:17:39+00:00</time>
      </trkpt>
      <trkpt lat="46.1772" lon="6.70262">
        <ele>1032</ele>
        <time>2026-07-02T18:17:42+00:00</time>
      </trkpt>
      <trkpt lat="46.17706" lon="6.70272">
        <ele>1033</ele>
        <time>2026-07-02T18:17:45+00:00</time>
      </trkpt>
      <trkpt lat="46.17703" lon="6.70273">
        <ele>1033</ele>
        <time>2026-07-02T18:17:48+00:00</time>
      </trkpt>
      <trkpt lat="46.17699" lon="6.70274">
        <ele>1036</ele>
        <time>2026-07-02T18:17:51+00:00</time>
      </trkpt>
      <trkpt lat="46.17694" lon="6.70277">
        <ele>1036</ele>
        <time>2026-07-02T18:17:54+00:00</time>
      </trkpt>
      <trkpt lat="46.17679" lon="6.70287">
        <ele>1041</ele>
        <time>2026-07-02T18:17:57+00:00</time>
      </trkpt>
      <trkpt lat="46.17663" lon="6.70297">
        <ele>1045</ele>
        <time>2026-07-02T18:18:00+00:00</time>
      </trkpt>
      <trkpt lat="46.17652" lon="6.70305">
        <ele>1046</ele>
        <time>2026-07-02T18:18:03+00:00</time>
      </trkpt>
      <trkpt lat="46.1764" lon="6.70317">
        <ele>1053</ele>
        <time>2026-07-02T18:18:06+00:00</time>
      </trkpt>
      <trkpt lat="46.17626" lon="6.70326">
        <ele>1053</ele>
        <time>2026-07-02T18:18:09+00:00</time>
      </trkpt>
      <trkpt lat="46.1761" lon="6.70333">
        <ele>1053</ele>
        <time>2026-07-02T18:18:12+00:00</time>
      </trkpt>
      <trkpt lat="46.17598" lon="6.70334">
        <ele>1056</ele>
        <time>2026-07-02T18:18:15+00:00</time>
      </trkpt>
      <trkpt lat="46.1758" lon="6.70338">
        <ele>1060</ele>
        <time>2026-07-02T18:18:18+00:00</time>
      </trkpt>
      <trkpt lat="46.17572" lon="6.70342">
        <ele>1059</ele>
        <time>2026-07-02T18:18:21+00:00</time>
      </trkpt>
      <trkpt lat="46.17558" lon="6.70347">
        <ele>1063</ele>
        <time>2026-07-02T18:18:24+00:00</time>
      </trkpt>
      <trkpt lat="46.17547" lon="6.70355">
        <ele>1068</ele>
        <time>2026-07-02T18:18:27+00:00</time>
      </trkpt>
      <trkpt lat="46.17533" lon="6.70369">
        <ele>1066</ele>
        <time>2026-07-02T18:18:30+00:00</time>
      </trkpt>
      <trkpt lat="46.17515" lon="6.70383">
        <ele>1069</ele>
        <time>2026-07-02T18:18:33+00:00</time>
      </trkpt>
      <trkpt lat="46.17502" lon="6.70396">
        <ele>1069</ele>
        <time>2026-07-02T18:18:36+00:00</time>
      </trkpt>
      <trkpt lat="46.17488" lon="6.70407">
        <ele>1070</ele>
        <time>2026-07-02T18:18:39+00:00</time>
      </trkpt>
      <trkpt lat="46.17482" lon="6.70413">
        <ele>1073</ele>
        <time>2026-07-02T18:18:42+00:00</time>
      </trkpt>
      <trkpt lat="46.17472" lon="6.70421">
        <ele>1071</ele>
        <time>2026-07-02T18:18:45+00:00</time>
      </trkpt>
      <trkpt lat="46.17465" lon="6.70425">
        <ele>1075</ele>
        <time>2026-07-02T18:18:48+00:00</time>
      </trkpt>
      <trkpt lat="46.17449" lon="6.70436">
        <ele>1073</ele>
        <time>2026-07-02T18:18:51+00:00</time>
      </trkpt>
      <trkpt lat="46.17434" lon="6.70445">
        <ele>1076</ele>
        <time>2026-07-02T18:18:54+00:00</time>
      </trkpt>
      <trkpt lat="46.17425" lon="6.70451">
        <ele>1076</ele>
        <time>2026-07-02T18:18:57+00:00</time>
      </trkpt>
      <trkpt lat="46.17395" lon="6.70475">
        <ele>1081</ele>
        <time>2026-07-02T18:19:00+00:00</time>
      </trkpt>
      <trkpt lat="46.17381" lon="6.70483">
        <ele>1078</ele>
        <time>2026-07-02T18:19:03+00:00</time>
      </trkpt>
      <trkpt lat="46.17363" lon="6.70498">
        <ele>1083</ele>
        <time>2026-07-02T18:19:06+00:00</time>
      </trkpt>
      <trkpt lat="46.17348" lon="6.70511">
        <ele>1081</ele>
        <time>2026-07-02T18:19:09+00:00</time>
      </trkpt>
      <trkpt lat="46.17331" lon="6.70526">
        <ele>1084</ele>
        <time>2026-07-02T18:19:12+00:00</time>
      </trkpt>
      <trkpt lat="46.17317" lon="6.70537">
        <ele>1087</ele>
        <time>2026-07-02T18:19:15+00:00</time>
      </trkpt>
      <trkpt lat="46.17301" lon="6.70547">
        <ele>1085</ele>
        <time>2026-07-02T18:19:18+00:00</time>
      </trkpt>
      <trkpt lat="46.17283" lon="6.70553">
        <ele>1085</ele>
        <time>2026-07-02T18:19:21+00:00</time>
      </trkpt>
      <trkpt lat="46.17259" lon="6.70564">
        <ele>1088</ele>
        <time>2026-07-02T18:19:24+00:00</time>
      </trkpt>
      <trkpt lat="46.17252" lon="6.70569">
        <ele>1088</ele>
        <time>2026-07-02T18:19:27+00:00</time>
      </trkpt>
      <trkpt lat="46.17239" lon="6.70576">
        <ele>1089</ele>
        <time>2026-07-02T18:19:30+00:00</time>
      </trkpt>
      <trkpt lat="46.17227" lon="6.70582">
        <ele>1089</ele>
        <time>2026-07-02T18:19:33+00:00</time>
      </trkpt>
      <trkpt lat="46.17215" lon="6.70588">
        <ele>1092</ele>
        <time>2026-07-02T18:19:36+00:00</time>
      </trkpt>
      <trkpt lat="46.17204" lon="6.70594">
        <ele>1092</ele>
        <time>2026-07-02T18:19:39+00:00</time>
      </trkpt>
      <trkpt lat="46.17196" lon="6.70598">
        <ele>1094</ele>
        <time>2026-07-02T18:19:42+00:00</time>
      </trkpt>
      <trkpt lat="46.17188" lon="6.70602">
        <ele>1093</ele>
        <time>2026-07-02T18:19:45+00:00</time>
      </trkpt>
      <trkpt lat="46.1718" lon="6.70606">
        <ele>1095</ele>
        <time>2026-07-02T18:19:48+00:00</time>
      </trkpt>
      <trkpt lat="46.17168" lon="6.70612">
        <ele>1096</ele>
        <time>2026-07-02T18:19:51+00:00</time>
      </trkpt>
      <trkpt lat="46.17153" lon="6.70623">
        <ele>1099</ele>
        <time>2026-07-02T18:19:54+00:00</time>
      </trkpt>
      <trkpt lat="46.17133" lon="6.70634">
        <ele>1099</ele>
        <time>2026-07-02T18:19:57+00:00</time>
      </trkpt>
      <trkpt lat="46.17124" lon="6.70638">
        <ele>1098</ele>
        <time>2026-07-02T18:20:00+00:00</time>
      </trkpt>
      <trkpt lat="46.17117" lon="6.7064">
        <ele>1101</ele>
        <time>2026-07-02T18:20:03+00:00</time>
      </trkpt>
      <trkpt lat="46.17108" lon="6.70642">
        <ele>1102</ele>
        <time>2026-07-02T18:20:06+00:00</time>
      </trkpt>
      <trkpt lat="46.17104" lon="6.70644">
        <ele>1102</ele>
        <time>2026-07-02T18:20:09+00:00</time>
      </trkpt>
      <trkpt lat="46.17094" lon="6.70646">
        <ele>1105</ele>
        <time>2026-07-02T18:20:12+00:00</time>
      </trkpt>
      <trkpt lat="46.17084" lon="6.70646">
        <ele>1104</ele>
        <time>2026-07-02T18:20:15+00:00</time>
      </trkpt>
      <trkpt lat="46.17073" lon="6.70645">
        <ele>1102</ele>
        <time>2026-07-02T18:20:18+00:00</time>
      </trkpt>
      <trkpt lat="46.17067" lon="6.70644">
        <ele>1106</ele>
        <time>2026-07-02T18:20:21+00:00</time>
      </trkpt>
      <trkpt lat="46.17057" lon="6.70644">
        <ele>1108</ele>
        <time>2026-07-02T18:20:24+00:00</time>
      </trkpt>
      <trkpt lat="46.17047" lon="6.70645">
        <ele>1110</ele>
        <time>2026-07-02T18:20:27+00:00</time>
      </trkpt>
      <trkpt lat="46.17034" lon="6.70648">
        <ele>1112</ele>
        <time>2026-07-02T18:20:30+00:00</time>
      </trkpt>
      <trkpt lat="46.17016" lon="6.70651">
        <ele>1111</ele>
        <time>2026-07-02T18:20:33+00:00</time>
      </trkpt>
      <trkpt lat="46.17" lon="6.70655">
        <ele>1115</ele>
        <time>2026-07-02T18:20:36+00:00</time>
      </trkpt>
      <trkpt lat="46.16984" lon="6.70656">
        <ele>1115</ele>
        <time>2026-07-02T18:20:39+00:00</time>
      </trkpt>
      <trkpt lat="46.1697" lon="6.70656">
        <ele>1116</ele>
        <time>2026-07-02T18:20:42+00:00</time>
      </trkpt>
      <trkpt lat="46.16958" lon="6.70655">
        <ele>1117</ele>
        <time>2026-07-02T18:20:45+00:00</time>
      </trkpt>
      <trkpt lat="46.16948" lon="6.70656">
        <ele>1120</ele>
        <time>2026-07-02T18:20:48+00:00</time>
      </trkpt>
      <trkpt lat="46.16936" lon="6.70657">
        <ele>1121</ele>
        <time>2026-07-02T18:20:51+00:00</time>
      </trkpt>
      <trkpt lat="46.16928" lon="6.70657">
        <ele>1121</ele>
        <time>2026-07-02T18:20:54+00:00</time>
      </trkpt>
      <trkpt lat="46.16915" lon="6.70656">
        <ele>1121</ele>
        <time>2026-07-02T18:20:57+00:00</time>
      </trkpt>
      <trkpt lat="46.16902" lon="6.70655">
        <ele>1123</ele>
        <time>2026-07-02T18:21:00+00:00</time>
      </trkpt>
      <trkpt lat="46.16896" lon="6.70655">
        <ele>1124</ele>
        <time>2026-07-02T18:21:03+00:00</time>
      </trkpt>
      <trkpt lat="46.16889" lon="6.70657">
        <ele>1126</ele>
        <time>2026-07-02T18:21:06+00:00</time>
      </trkpt>
      <trkpt lat="46.16883" lon="6.70658">
        <ele>1124</ele>
        <time>2026-07-02T18:21:09+00:00</time>
      </trkpt>
      <trkpt lat="46.16878" lon="6.7066">
        <ele>1129</ele>
        <time>2026-07-02T18:21:12+00:00</time>
      </trkpt>
      <trkpt lat="46.16873" lon="6.70663">
        <ele>1124</ele>
        <time>2026-07-02T18:21:15+00:00</time>
      </trkpt>
      <trkpt lat="46.16861" lon="6.70673">
        <ele>1125</ele>
        <time>2026-07-02T18:21:18+00:00</time>
      </trkpt>
      <trkpt lat="46.16852" lon="6.7068">
        <ele>1125</ele>
        <time>2026-07-02T18:21:21+00:00</time>
      </trkpt>
      <trkpt lat="46.16841" lon="6.70687">
        <ele>1127</ele>
        <time>2026-07-02T18:21:24+00:00</time>
      </trkpt>
      <trkpt lat="46.16835" lon="6.7069">
        <ele>1131</ele>
        <time>2026-07-02T18:21:27+00:00</time>
      </trkpt>
      <trkpt lat="46.16826" lon="6.70692">
        <ele>1128</ele>
        <time>2026-07-02T18:21:30+00:00</time>
      </trkpt>
      <trkpt lat="46.16815" lon="6.70692">
        <ele>1129</ele>
        <time>2026-07-02T18:21:33+00:00</time>
      </trkpt>
      <trkpt lat="46.16803" lon="6.70692">
        <ele>1129</ele>
        <time>2026-07-02T18:21:36+00:00</time>
      </trkpt>
      <trkpt lat="46.16794" lon="6.70691">
        <ele>1129</ele>
        <time>2026-07-02T18:21:39+00:00</time>
      </trkpt>
      <trkpt lat="46.16782" lon="6.70689">
        <ele>1125</ele>
        <time>2026-07-02T18:21:42+00:00</time>
      </trkpt>
      <trkpt lat="46.16779" lon="6.70689">
        <ele>1127</ele>
        <time>2026-07-02T18:21:45+00:00</time>
      </trkpt>
      <trkpt lat="46.16769" lon="6.70688">
        <ele>1135</ele>
        <time>2026-07-02T18:21:48+00:00</time>
      </trkpt>
      <trkpt lat="46.16762" lon="6.70695">
        <ele>1131</ele>
        <time>2026-07-02T18:21:51+00:00</time>
      </trkpt>
      <trkpt lat="46.16754" lon="6.70706">
        <ele>1135</ele>
        <time>2026-07-02T18:21:54+00:00</time>
      </trkpt>
      <trkpt lat="46.16751" lon="6.70718">
        <ele>1135</ele>
        <time>2026-07-02T18:21:57+00:00</time>
      </trkpt>
      <trkpt lat="46.16746" lon="6.70725">
        <ele>1137</ele>
        <time>2026-07-02T18:22:00+00:00</time>
      </trkpt>
      <trkpt lat="46.16738" lon="6.70734">
        <ele>1138</ele>
        <time>2026-07-02T18:22:03+00:00</time>
      </trkpt>
      <trkpt lat="46.16728" lon="6.70743">
        <ele>1141</ele>
        <time>2026-07-02T18:22:06+00:00</time>
      </trkpt>
      <trkpt lat="46.1672" lon="6.70748">
        <ele>1138</ele>
        <time>2026-07-02T18:22:09+00:00</time>
      </trkpt>
      <trkpt lat="46.16712" lon="6.70754">
        <ele>1138</ele>
        <time>2026-07-02T18:22:12+00:00</time>
      </trkpt>
      <trkpt lat="46.16707" lon="6.70758">
        <ele>1142</ele>
        <time>2026-07-02T18:22:15+00:00</time>
      </trkpt>
      <trkpt lat="46.16703" lon="6.70763">
        <ele>1139</ele>
        <time>2026-07-02T18:22:18+00:00</time>
      </trkpt>
      <trkpt lat="46.16699" lon="6.70768">
        <ele>1146</ele>
        <time>2026-07-02T18:22:21+00:00</time>
      </trkpt>
      <trkpt lat="46.16694" lon="6.70772">
        <ele>1141</ele>
        <time>2026-07-02T18:22:24+00:00</time>
      </trkpt>
      <trkpt lat="46.16687" lon="6.70775">
        <ele>1144</ele>
        <time>2026-07-02T18:22:27+00:00</time>
      </trkpt>
      <trkpt lat="46.16677" lon="6.70777">
        <ele>1146</ele>
        <time>2026-07-02T18:22:30+00:00</time>
      </trkpt>
      <trkpt lat="46.16665" lon="6.70779">
        <ele>1148</ele>
        <time>2026-07-02T18:22:33+00:00</time>
      </trkpt>
      <trkpt lat="46.16653" lon="6.70782">
        <ele>1147</ele>
        <time>2026-07-02T18:22:36+00:00</time>
      </trkpt>
      <trkpt lat="46.16637" lon="6.70786">
        <ele>1152</ele>
        <time>2026-07-02T18:22:39+00:00</time>
      </trkpt>
      <trkpt lat="46.16628" lon="6.70789">
        <ele>1154</ele>
        <time>2026-07-02T18:22:42+00:00</time>
      </trkpt>
      <trkpt lat="46.16623" lon="6.7079">
        <ele>1153</ele>
        <time>2026-07-02T18:22:45+00:00</time>
      </trkpt>
      <trkpt lat="46.16616" lon="6.7079">
        <ele>1156</ele>
        <time>2026-07-02T18:22:48+00:00</time>
      </trkpt>
      <trkpt lat="46.16609" lon="6.70791">
        <ele>1157</ele>
        <time>2026-07-02T18:22:51+00:00</time>
      </trkpt>
      <trkpt lat="46.16604" lon="6.70791">
        <ele>1157</ele>
        <time>2026-07-02T18:22:54+00:00</time>
      </trkpt>
      <trkpt lat="46.16596" lon="6.70789">
        <ele>1159</ele>
        <time>2026-07-02T18:22:57+00:00</time>
      </trkpt>
      <trkpt lat="46.1659" lon="6.70786">
        <ele>1159</ele>
        <time>2026-07-02T18:23:00+00:00</time>
      </trkpt>
      <trkpt lat="46.16585" lon="6.70784">
        <ele>1160</ele>
        <time>2026-07-02T18:23:03+00:00</time>
      </trkpt>
      <trkpt lat="46.16582" lon="6.70783">
        <ele>1160</ele>
        <time>2026-07-02T18:23:06+00:00</time>
      </trkpt>
      <trkpt lat="46.16574" lon="6.70783">
        <ele>1161</ele>
        <time>2026-07-02T18:23:09+00:00</time>
      </trkpt>
      <trkpt lat="46.16563" lon="6.70783">
        <ele>1162</ele>
        <time>2026-07-02T18:23:12+00:00</time>
      </trkpt>
      <trkpt lat="46.1655" lon="6.70785">
        <ele>1162</ele>
        <time>2026-07-02T18:23:15+00:00</time>
      </trkpt>
      <trkpt lat="46.1654" lon="6.70788">
        <ele>1162</ele>
        <time>2026-07-02T18:23:18+00:00</time>
      </trkpt>
      <trkpt lat="46.16532" lon="6.70793">
        <ele>1162</ele>
        <time>2026-07-02T18:23:21+00:00</time>
      </trkpt>
      <trkpt lat="46.16525" lon="6.70798">
        <ele>1162</ele>
        <time>2026-07-02T18:23:24+00:00</time>
      </trkpt>
      <trkpt lat="46.1652" lon="6.70789">
        <ele>1162</ele>
        <time>2026-07-02T18:23:27+00:00</time>
      </trkpt>
      <trkpt lat="46.16513" lon="6.70781">
        <ele>1163</ele>
        <time>2026-07-02T18:23:30+00:00</time>
      </trkpt>
      <trkpt lat="46.16508" lon="6.70776">
        <ele>1162</ele>
        <time>2026-07-02T18:23:33+00:00</time>
      </trkpt>
      <trkpt lat="46.16503" lon="6.70772">
        <ele>1162</ele>
        <time>2026-07-02T18:23:36+00:00</time>
      </trkpt>
      <trkpt lat="46.16495" lon="6.70767">
        <ele>1162</ele>
        <time>2026-07-02T18:23:39+00:00</time>
      </trkpt>
      <trkpt lat="46.16492" lon="6.7076">
        <ele>1162</ele>
        <time>2026-07-02T18:23:42+00:00</time>
      </trkpt>
      <trkpt lat="46.16493" lon="6.70752">
        <ele>1162</ele>
        <time>2026-07-02T18:23:45+00:00</time>
      </trkpt>
      <trkpt lat="46.16489" lon="6.70738">
        <ele>1162</ele>
        <time>2026-07-02T18:23:48+00:00</time>
      </trkpt>
      <trkpt lat="46.1648" lon="6.70728">
        <ele>1162</ele>
        <time>2026-07-02T18:23:51+00:00</time>
      </trkpt>
      <trkpt lat="46.16474" lon="6.70723">
        <ele>1162</ele>
        <time>2026-07-02T18:23:54+00:00</time>
      </trkpt>
      <trkpt lat="46.16465" lon="6.7072">
        <ele>1163</ele>
        <time>2026-07-02T18:23:57+00:00</time>
      </trkpt>
      <trkpt lat="46.16452" lon="6.7072">
        <ele>1162</ele>
        <time>2026-07-02T18:24:00+00:00</time>
      </trkpt>
      <trkpt lat="46.1644" lon="6.70728">
        <ele>1163</ele>
        <time>2026-07-02T18:24:03+00:00</time>
      </trkpt>
      <trkpt lat="46.1643" lon="6.70736">
        <ele>1163</ele>
        <time>2026-07-02T18:24:06+00:00</time>
      </trkpt>
      <trkpt lat="46.16423" lon="6.70742">
        <ele>1163</ele>
        <time>2026-07-02T18:24:09+00:00</time>
      </trkpt>
      <trkpt lat="46.16419" lon="6.70746">
        <ele>1164</ele>
        <time>2026-07-02T18:24:12+00:00</time>
      </trkpt>
      <trkpt lat="46.16412" lon="6.70754">
        <ele>1164</ele>
        <time>2026-07-02T18:24:15+00:00</time>
      </trkpt>
      <trkpt lat="46.16403" lon="6.70761">
        <ele>1165</ele>
        <time>2026-07-02T18:24:18+00:00</time>
      </trkpt>
      <trkpt lat="46.16398" lon="6.70777">
        <ele>1168</ele>
        <time>2026-07-02T18:24:21+00:00</time>
      </trkpt>
      <trkpt lat="46.16395" lon="6.70793">
        <ele>1169</ele>
        <time>2026-07-02T18:24:24+00:00</time>
      </trkpt>
      <trkpt lat="46.16393" lon="6.70799">
        <ele>1169</ele>
        <time>2026-07-02T18:24:27+00:00</time>
      </trkpt>
      <trkpt lat="46.16399" lon="6.7081">
        <ele>1168</ele>
        <time>2026-07-02T18:24:30+00:00</time>
      </trkpt>
      <trkpt lat="46.164" lon="6.70819">
        <ele>1165</ele>
        <time>2026-07-02T18:24:33+00:00</time>
      </trkpt>
      <trkpt lat="46.16401" lon="6.70826">
        <ele>1165</ele>
        <time>2026-07-02T18:24:36+00:00</time>
      </trkpt>
      <trkpt lat="46.16402" lon="6.70835">
        <ele>1166</ele>
        <time>2026-07-02T18:24:39+00:00</time>
      </trkpt>
      <trkpt lat="46.16406" lon="6.70852">
        <ele>1167</ele>
        <time>2026-07-02T18:24:42+00:00</time>
      </trkpt>
      <trkpt lat="46.16417" lon="6.70872">
        <ele>1163</ele>
        <time>2026-07-02T18:24:45+00:00</time>
      </trkpt>
      <trkpt lat="46.1642" lon="6.70888">
        <ele>1163</ele>
        <time>2026-07-02T18:24:48+00:00</time>
      </trkpt>
      <trkpt lat="46.16419" lon="6.70897">
        <ele>1161</ele>
        <time>2026-07-02T18:24:51+00:00</time>
      </trkpt>
      <trkpt lat="46.16418" lon="6.70918">
        <ele>1157</ele>
        <time>2026-07-02T18:24:54+00:00</time>
      </trkpt>
      <trkpt lat="46.16416" lon="6.70932">
        <ele>1151</ele>
        <time>2026-07-02T18:24:57+00:00</time>
      </trkpt>
      <trkpt lat="46.16416" lon="6.70943">
        <ele>1149</ele>
        <time>2026-07-02T18:25:00+00:00</time>
      </trkpt>
      <trkpt lat="46.16415" lon="6.70976">
        <ele>1144</ele>
        <time>2026-07-02T18:25:03+00:00</time>
      </trkpt>
      <trkpt lat="46.16414" lon="6.70994">
        <ele>1140</ele>
        <time>2026-07-02T18:25:06+00:00</time>
      </trkpt>
      <trkpt lat="46.16415" lon="6.71009">
        <ele>1138</ele>
        <time>2026-07-02T18:25:09+00:00</time>
      </trkpt>
      <trkpt lat="46.16414" lon="6.71026">
        <ele>1136</ele>
        <time>2026-07-02T18:25:12+00:00</time>
      </trkpt>
      <trkpt lat="46.16415" lon="6.71047">
        <ele>1133</ele>
        <time>2026-07-02T18:25:15+00:00</time>
      </trkpt>
      <trkpt lat="46.16417" lon="6.71065">
        <ele>1131</ele>
        <time>2026-07-02T18:25:18+00:00</time>
      </trkpt>
      <trkpt lat="46.16421" lon="6.71085">
        <ele>1124</ele>
        <time>2026-07-02T18:25:21+00:00</time>
      </trkpt>
      <trkpt lat="46.16425" lon="6.71103">
        <ele>1121</ele>
        <time>2026-07-02T18:25:24+00:00</time>
      </trkpt>
      <trkpt lat="46.16431" lon="6.71121">
        <ele>1114</ele>
        <time>2026-07-02T18:25:27+00:00</time>
      </trkpt>
      <trkpt lat="46.16439" lon="6.71143">
        <ele>1113</ele>
        <time>2026-07-02T18:25:30+00:00</time>
      </trkpt>
      <trkpt lat="46.16446" lon="6.71162">
        <ele>1107</ele>
        <time>2026-07-02T18:25:33+00:00</time>
      </trkpt>
      <trkpt lat="46.1645" lon="6.71171">
        <ele>1102</ele>
        <time>2026-07-02T18:25:36+00:00</time>
      </trkpt>
      <trkpt lat="46.16453" lon="6.71179">
        <ele>1102</ele>
        <time>2026-07-02T18:25:39+00:00</time>
      </trkpt>
      <trkpt lat="46.16455" lon="6.71191">
        <ele>1099</ele>
        <time>2026-07-02T18:25:42+00:00</time>
      </trkpt>
      <trkpt lat="46.16456" lon="6.71204">
        <ele>1099</ele>
        <time>2026-07-02T18:25:45+00:00</time>
      </trkpt>
      <trkpt lat="46.16455" lon="6.71225">
        <ele>1095</ele>
        <time>2026-07-02T18:25:48+00:00</time>
      </trkpt>
      <trkpt lat="46.1645" lon="6.71251">
        <ele>1094</ele>
        <time>2026-07-02T18:25:51+00:00</time>
      </trkpt>
      <trkpt lat="46.16445" lon="6.71272">
        <ele>1086</ele>
        <time>2026-07-02T18:25:54+00:00</time>
      </trkpt>
      <trkpt lat="46.16441" lon="6.71294">
        <ele>1083</ele>
        <time>2026-07-02T18:25:57+00:00</time>
      </trkpt>
      <trkpt lat="46.16437" lon="6.71316">
        <ele>1083</ele>
        <time>2026-07-02T18:26:00+00:00</time>
      </trkpt>
      <trkpt lat="46.16435" lon="6.71337">
        <ele>1078</ele>
        <time>2026-07-02T18:26:03+00:00</time>
      </trkpt>
      <trkpt lat="46.16435" lon="6.71351">
        <ele>1075</ele>
        <time>2026-07-02T18:26:06+00:00</time>
      </trkpt>
      <trkpt lat="46.16433" lon="6.71368">
        <ele>1072</ele>
        <time>2026-07-02T18:26:09+00:00</time>
      </trkpt>
      <trkpt lat="46.16434" lon="6.71389">
        <ele>1069</ele>
        <time>2026-07-02T18:26:12+00:00</time>
      </trkpt>
      <trkpt lat="46.16442" lon="6.71411">
        <ele>1065</ele>
        <time>2026-07-02T18:26:15+00:00</time>
      </trkpt>
      <trkpt lat="46.16455" lon="6.71428">
        <ele>1062</ele>
        <time>2026-07-02T18:26:18+00:00</time>
      </trkpt>
      <trkpt lat="46.16457" lon="6.71432">
        <ele>1062</ele>
        <time>2026-07-02T18:26:21+00:00</time>
      </trkpt>
      <trkpt lat="46.16461" lon="6.71437">
        <ele>1060</ele>
        <time>2026-07-02T18:26:24+00:00</time>
      </trkpt>
      <trkpt lat="46.16472" lon="6.71443">
        <ele>1059</ele>
        <time>2026-07-02T18:26:27+00:00</time>
      </trkpt>
      <trkpt lat="46.16479" lon="6.71448">
        <ele>1059</ele>
        <time>2026-07-02T18:26:30+00:00</time>
      </trkpt>
      <trkpt lat="46.16484" lon="6.71451">
        <ele>1058</ele>
        <time>2026-07-02T18:26:33+00:00</time>
      </trkpt>
      <trkpt lat="46.16484" lon="6.71451">
        <ele>1058</ele>
        <time>2026-07-02T18:26:36+00:00</time>
      </trkpt>
      <trkpt lat="46.16496" lon="6.71461">
        <ele>1056</ele>
        <time>2026-07-02T18:26:39+00:00</time>
      </trkpt>
      <trkpt lat="46.165" lon="6.71468">
        <ele>1056</ele>
        <time>2026-07-02T18:26:42+00:00</time>
      </trkpt>
      <trkpt lat="46.16504" lon="6.71476">
        <ele>1054</ele>
        <time>2026-07-02T18:26:45+00:00</time>
      </trkpt>
      <trkpt lat="46.16506" lon="6.71486">
        <ele>1053</ele>
        <time>2026-07-02T18:26:48+00:00</time>
      </trkpt>
      <trkpt lat="46.16504" lon="6.71497">
        <ele>1051</ele>
        <time>2026-07-02T18:26:51+00:00</time>
      </trkpt>
      <trkpt lat="46.16499" lon="6.71512">
        <ele>1049</ele>
        <time>2026-07-02T18:26:54+00:00</time>
      </trkpt>
      <trkpt lat="46.16497" lon="6.71516">
        <ele>1049</ele>
        <time>2026-07-02T18:26:57+00:00</time>
      </trkpt>
      <trkpt lat="46.16493" lon="6.71526">
        <ele>1046</ele>
        <time>2026-07-02T18:27:00+00:00</time>
      </trkpt>
      <trkpt lat="46.16488" lon="6.71538">
        <ele>1049</ele>
        <time>2026-07-02T18:27:03+00:00</time>
      </trkpt>
      <trkpt lat="46.16487" lon="6.71549">
        <ele>1046</ele>
        <time>2026-07-02T18:27:06+00:00</time>
      </trkpt>
      <trkpt lat="46.16488" lon="6.71556">
        <ele>1043</ele>
        <time>2026-07-02T18:27:09+00:00</time>
      </trkpt>
      <trkpt lat="46.16493" lon="6.7156">
        <ele>1040</ele>
        <time>2026-07-02T18:27:12+00:00</time>
      </trkpt>
      <trkpt lat="46.16502" lon="6.71562">
        <ele>1038</ele>
        <time>2026-07-02T18:27:15+00:00</time>
      </trkpt>
      <trkpt lat="46.16521" lon="6.7157">
        <ele>1031</ele>
        <time>2026-07-02T18:27:18+00:00</time>
      </trkpt>
      <trkpt lat="46.16539" lon="6.71579">
        <ele>1029</ele>
        <time>2026-07-02T18:27:21+00:00</time>
      </trkpt>
      <trkpt lat="46.16547" lon="6.71584">
        <ele>1026</ele>
        <time>2026-07-02T18:27:24+00:00</time>
      </trkpt>
      <trkpt lat="46.16555" lon="6.71586">
        <ele>1023</ele>
        <time>2026-07-02T18:27:27+00:00</time>
      </trkpt>
      <trkpt lat="46.16564" lon="6.71589">
        <ele>1022</ele>
        <time>2026-07-02T18:27:30+00:00</time>
      </trkpt>
      <trkpt lat="46.16574" lon="6.71597">
        <ele>1019</ele>
        <time>2026-07-02T18:27:33+00:00</time>
      </trkpt>
      <trkpt lat="46.16583" lon="6.71607">
        <ele>1017</ele>
        <time>2026-07-02T18:27:36+00:00</time>
      </trkpt>
      <trkpt lat="46.16585" lon="6.71609">
        <ele>1017</ele>
        <time>2026-07-02T18:27:39+00:00</time>
      </trkpt>
      <trkpt lat="46.16588" lon="6.71611">
        <ele>1014</ele>
        <time>2026-07-02T18:27:42+00:00</time>
      </trkpt>
      <trkpt lat="46.1659" lon="6.71613">
        <ele>1017</ele>
        <time>2026-07-02T18:27:45+00:00</time>
      </trkpt>
      <trkpt lat="46.16595" lon="6.71619">
        <ele>1015</ele>
        <time>2026-07-02T18:27:48+00:00</time>
      </trkpt>
      <trkpt lat="46.16606" lon="6.71635">
        <ele>1015</ele>
        <time>2026-07-02T18:27:51+00:00</time>
      </trkpt>
      <trkpt lat="46.16598" lon="6.71644">
        <ele>1015</ele>
        <time>2026-07-02T18:27:54+00:00</time>
      </trkpt>
      <trkpt lat="46.1659" lon="6.71657">
        <ele>1015</ele>
        <time>2026-07-02T18:27:57+00:00</time>
      </trkpt>
      <trkpt lat="46.1658" lon="6.71673">
        <ele>1016</ele>
        <time>2026-07-02T18:28:00+00:00</time>
      </trkpt>
      <trkpt lat="46.16573" lon="6.71687">
        <ele>1016</ele>
        <time>2026-07-02T18:28:03+00:00</time>
      </trkpt>
      <trkpt lat="46.16567" lon="6.71705">
        <ele>1017</ele>
        <time>2026-07-02T18:28:06+00:00</time>
      </trkpt>
      <trkpt lat="46.16563" lon="6.7172">
        <ele>1017</ele>
        <time>2026-07-02T18:28:09+00:00</time>
      </trkpt>
      <trkpt lat="46.16559" lon="6.71738">
        <ele>1018</ele>
        <time>2026-07-02T18:28:12+00:00</time>
      </trkpt>
      <trkpt lat="46.16553" lon="6.71751">
        <ele>1019</ele>
        <time>2026-07-02T18:28:15+00:00</time>
      </trkpt>
      <trkpt lat="46.16547" lon="6.71761">
        <ele>1019</ele>
        <time>2026-07-02T18:28:18+00:00</time>
      </trkpt>
      <trkpt lat="46.16541" lon="6.71777">
        <ele>1020</ele>
        <time>2026-07-02T18:28:21+00:00</time>
      </trkpt>
      <trkpt lat="46.16536" lon="6.71791">
        <ele>1020</ele>
        <time>2026-07-02T18:28:24+00:00</time>
      </trkpt>
      <trkpt lat="46.16529" lon="6.71803">
        <ele>1020</ele>
        <time>2026-07-02T18:28:27+00:00</time>
      </trkpt>
      <trkpt lat="46.16522" lon="6.71815">
        <ele>1021</ele>
        <time>2026-07-02T18:28:30+00:00</time>
      </trkpt>
      <trkpt lat="46.16515" lon="6.71829">
        <ele>1020</ele>
        <time>2026-07-02T18:28:33+00:00</time>
      </trkpt>
      <trkpt lat="46.1651" lon="6.71839">
        <ele>1020</ele>
        <time>2026-07-02T18:28:36+00:00</time>
      </trkpt>
      <trkpt lat="46.16505" lon="6.71848">
        <ele>1020</ele>
        <time>2026-07-02T18:28:39+00:00</time>
      </trkpt>
      <trkpt lat="46.16499" lon="6.71856">
        <ele>1021</ele>
        <time>2026-07-02T18:28:42+00:00</time>
      </trkpt>
      <trkpt lat="46.16491" lon="6.71865">
        <ele>1023</ele>
        <time>2026-07-02T18:28:45+00:00</time>
      </trkpt>
      <trkpt lat="46.1648" lon="6.71874">
        <ele>1024</ele>
        <time>2026-07-02T18:28:48+00:00</time>
      </trkpt>
      <trkpt lat="46.1647" lon="6.71878">
        <ele>1024</ele>
        <time>2026-07-02T18:28:51+00:00</time>
      </trkpt>
      <trkpt lat="46.16453" lon="6.71884">
        <ele>1026</ele>
        <time>2026-07-02T18:28:54+00:00</time>
      </trkpt>
      <trkpt lat="46.16432" lon="6.71888">
        <ele>1027</ele>
        <time>2026-07-02T18:28:57+00:00</time>
      </trkpt>
      <trkpt lat="46.16416" lon="6.71893">
        <ele>1028</ele>
        <time>2026-07-02T18:29:00+00:00</time>
      </trkpt>
      <trkpt lat="46.16406" lon="6.71898">
        <ele>1027</ele>
        <time>2026-07-02T18:29:03+00:00</time>
      </trkpt>
      <trkpt lat="46.16397" lon="6.71907">
        <ele>1027</ele>
        <time>2026-07-02T18:29:06+00:00</time>
      </trkpt>
      <trkpt lat="46.16383" lon="6.71924">
        <ele>1027</ele>
        <time>2026-07-02T18:29:09+00:00</time>
      </trkpt>
      <trkpt lat="46.16371" lon="6.71937">
        <ele>1031</ele>
        <time>2026-07-02T18:29:12+00:00</time>
      </trkpt>
      <trkpt lat="46.16365" lon="6.71941">
        <ele>1028</ele>
        <time>2026-07-02T18:29:15+00:00</time>
      </trkpt>
      <trkpt lat="46.16363" lon="6.71941">
        <ele>1028</ele>
        <time>2026-07-02T18:29:18+00:00</time>
      </trkpt>
      <trkpt lat="46.16357" lon="6.71941">
        <ele>1032</ele>
        <time>2026-07-02T18:29:21+00:00</time>
      </trkpt>
      <trkpt lat="46.1635" lon="6.71942">
        <ele>1032</ele>
        <time>2026-07-02T18:29:24+00:00</time>
      </trkpt>
      <trkpt lat="46.16346" lon="6.71942">
        <ele>1032</ele>
        <time>2026-07-02T18:29:27+00:00</time>
      </trkpt>
      <trkpt lat="46.16331" lon="6.71945">
        <ele>1031</ele>
        <time>2026-07-02T18:29:30+00:00</time>
      </trkpt>
      <trkpt lat="46.16319" lon="6.71949">
        <ele>1032</ele>
        <time>2026-07-02T18:29:33+00:00</time>
      </trkpt>
      <trkpt lat="46.16308" lon="6.71957">
        <ele>1032</ele>
        <time>2026-07-02T18:29:36+00:00</time>
      </trkpt>
      <trkpt lat="46.16297" lon="6.71971">
        <ele>1034</ele>
        <time>2026-07-02T18:29:39+00:00</time>
      </trkpt>
      <trkpt lat="46.16285" lon="6.71989">
        <ele>1034</ele>
        <time>2026-07-02T18:29:42+00:00</time>
      </trkpt>
      <trkpt lat="46.16278" lon="6.72002">
        <ele>1036</ele>
        <time>2026-07-02T18:29:45+00:00</time>
      </trkpt>
      <trkpt lat="46.16269" lon="6.72022">
        <ele>1037</ele>
        <time>2026-07-02T18:29:48+00:00</time>
      </trkpt>
      <trkpt lat="46.1626" lon="6.72039">
        <ele>1036</ele>
        <time>2026-07-02T18:29:51+00:00</time>
      </trkpt>
      <trkpt lat="46.16249" lon="6.72056">
        <ele>1041</ele>
        <time>2026-07-02T18:29:54+00:00</time>
      </trkpt>
      <trkpt lat="46.16244" lon="6.72066">
        <ele>1040</ele>
        <time>2026-07-02T18:29:57+00:00</time>
      </trkpt>
      <trkpt lat="46.16238" lon="6.7208">
        <ele>1040</ele>
        <time>2026-07-02T18:30:00+00:00</time>
      </trkpt>
      <trkpt lat="46.16234" lon="6.72093">
        <ele>1040</ele>
        <time>2026-07-02T18:30:03+00:00</time>
      </trkpt>
      <trkpt lat="46.16232" lon="6.72106">
        <ele>1041</ele>
        <time>2026-07-02T18:30:06+00:00</time>
      </trkpt>
      <trkpt lat="46.16229" lon="6.72127">
        <ele>1043</ele>
        <time>2026-07-02T18:30:09+00:00</time>
      </trkpt>
      <trkpt lat="46.16224" lon="6.72145">
        <ele>1042</ele>
        <time>2026-07-02T18:30:12+00:00</time>
      </trkpt>
      <trkpt lat="46.16221" lon="6.72158">
        <ele>1041</ele>
        <time>2026-07-02T18:30:15+00:00</time>
      </trkpt>
      <trkpt lat="46.16215" lon="6.72177">
        <ele>1047</ele>
        <time>2026-07-02T18:30:18+00:00</time>
      </trkpt>
      <trkpt lat="46.16209" lon="6.72186">
        <ele>1048</ele>
        <time>2026-07-02T18:30:21+00:00</time>
      </trkpt>
      <trkpt lat="46.16199" lon="6.72196">
        <ele>1046</ele>
        <time>2026-07-02T18:30:24+00:00</time>
      </trkpt>
      <trkpt lat="46.16188" lon="6.72203">
        <ele>1049</ele>
        <time>2026-07-02T18:30:27+00:00</time>
      </trkpt>
      <trkpt lat="46.1617" lon="6.72213">
        <ele>1046</ele>
        <time>2026-07-02T18:30:30+00:00</time>
      </trkpt>
      <trkpt lat="46.16153" lon="6.72224">
        <ele>1048</ele>
        <time>2026-07-02T18:30:33+00:00</time>
      </trkpt>
      <trkpt lat="46.16141" lon="6.72233">
        <ele>1048</ele>
        <time>2026-07-02T18:30:36+00:00</time>
      </trkpt>
      <trkpt lat="46.16133" lon="6.72243">
        <ele>1048</ele>
        <time>2026-07-02T18:30:39+00:00</time>
      </trkpt>
      <trkpt lat="46.16128" lon="6.72248">
        <ele>1050</ele>
        <time>2026-07-02T18:30:42+00:00</time>
      </trkpt>
      <trkpt lat="46.16122" lon="6.72255">
        <ele>1050</ele>
        <time>2026-07-02T18:30:45+00:00</time>
      </trkpt>
      <trkpt lat="46.16114" lon="6.72268">
        <ele>1053</ele>
        <time>2026-07-02T18:30:48+00:00</time>
      </trkpt>
      <trkpt lat="46.16104" lon="6.72282">
        <ele>1052</ele>
        <time>2026-07-02T18:30:51+00:00</time>
      </trkpt>
      <trkpt lat="46.16096" lon="6.72292">
        <ele>1053</ele>
        <time>2026-07-02T18:30:54+00:00</time>
      </trkpt>
      <trkpt lat="46.16087" lon="6.72303">
        <ele>1057</ele>
        <time>2026-07-02T18:30:57+00:00</time>
      </trkpt>
      <trkpt lat="46.1608" lon="6.72311">
        <ele>1053</ele>
        <time>2026-07-02T18:31:00+00:00</time>
      </trkpt>
      <trkpt lat="46.16069" lon="6.7232">
        <ele>1059</ele>
        <time>2026-07-02T18:31:03+00:00</time>
      </trkpt>
      <trkpt lat="46.16062" lon="6.72329">
        <ele>1055</ele>
        <time>2026-07-02T18:31:06+00:00</time>
      </trkpt>
      <trkpt lat="46.16058" lon="6.72336">
        <ele>1061</ele>
        <time>2026-07-02T18:31:09+00:00</time>
      </trkpt>
      <trkpt lat="46.16053" lon="6.72345">
        <ele>1059</ele>
        <time>2026-07-02T18:31:12+00:00</time>
      </trkpt>
      <trkpt lat="46.1605" lon="6.72357">
        <ele>1057</ele>
        <time>2026-07-02T18:31:15+00:00</time>
      </trkpt>
      <trkpt lat="46.16049" lon="6.72368">
        <ele>1063</ele>
        <time>2026-07-02T18:31:18+00:00</time>
      </trkpt>
      <trkpt lat="46.16048" lon="6.72386">
        <ele>1057</ele>
        <time>2026-07-02T18:31:21+00:00</time>
      </trkpt>
      <trkpt lat="46.16049" lon="6.72403">
        <ele>1061</ele>
        <time>2026-07-02T18:31:24+00:00</time>
      </trkpt>
      <trkpt lat="46.16052" lon="6.72421">
        <ele>1058</ele>
        <time>2026-07-02T18:31:27+00:00</time>
      </trkpt>
      <trkpt lat="46.16056" lon="6.72438">
        <ele>1059</ele>
        <time>2026-07-02T18:31:30+00:00</time>
      </trkpt>
      <trkpt lat="46.16059" lon="6.72452">
        <ele>1061</ele>
        <time>2026-07-02T18:31:33+00:00</time>
      </trkpt>
      <trkpt lat="46.16062" lon="6.72467">
        <ele>1059</ele>
        <time>2026-07-02T18:31:36+00:00</time>
      </trkpt>
      <trkpt lat="46.16063" lon="6.72481">
        <ele>1061</ele>
        <time>2026-07-02T18:31:39+00:00</time>
      </trkpt>
      <trkpt lat="46.16061" lon="6.7249">
        <ele>1062</ele>
        <time>2026-07-02T18:31:42+00:00</time>
      </trkpt>
      <trkpt lat="46.16057" lon="6.72497">
        <ele>1066</ele>
        <time>2026-07-02T18:31:45+00:00</time>
      </trkpt>
      <trkpt lat="46.16052" lon="6.72503">
        <ele>1065</ele>
        <time>2026-07-02T18:31:48+00:00</time>
      </trkpt>
      <trkpt lat="46.16045" lon="6.72508">
        <ele>1070</ele>
        <time>2026-07-02T18:31:51+00:00</time>
      </trkpt>
      <trkpt lat="46.16037" lon="6.72513">
        <ele>1071</ele>
        <time>2026-07-02T18:31:54+00:00</time>
      </trkpt>
      <trkpt lat="46.16032" lon="6.72517">
        <ele>1066</ele>
        <time>2026-07-02T18:31:57+00:00</time>
      </trkpt>
      <trkpt lat="46.1603" lon="6.72518">
        <ele>1071</ele>
        <time>2026-07-02T18:32:00+00:00</time>
      </trkpt>
      <trkpt lat="46.16025" lon="6.72527">
        <ele>1075</ele>
        <time>2026-07-02T18:32:03+00:00</time>
      </trkpt>
      <trkpt lat="46.1602" lon="6.72535">
        <ele>1070</ele>
        <time>2026-07-02T18:32:06+00:00</time>
      </trkpt>
      <trkpt lat="46.16014" lon="6.7254">
        <ele>1068</ele>
        <time>2026-07-02T18:32:09+00:00</time>
      </trkpt>
      <trkpt lat="46.16006" lon="6.72546">
        <ele>1073</ele>
        <time>2026-07-02T18:32:12+00:00</time>
      </trkpt>
      <trkpt lat="46.15999" lon="6.7255">
        <ele>1072</ele>
        <time>2026-07-02T18:32:15+00:00</time>
      </trkpt>
      <trkpt lat="46.1599" lon="6.72558">
        <ele>1072</ele>
        <time>2026-07-02T18:32:18+00:00</time>
      </trkpt>
      <trkpt lat="46.15981" lon="6.72568">
        <ele>1074</ele>
        <time>2026-07-02T18:32:21+00:00</time>
      </trkpt>
      <trkpt lat="46.15968" lon="6.72578">
        <ele>1073</ele>
        <time>2026-07-02T18:32:24+00:00</time>
      </trkpt>
      <trkpt lat="46.15961" lon="6.72584">
        <ele>1073</ele>
        <time>2026-07-02T18:32:27+00:00</time>
      </trkpt>
      <trkpt lat="46.15955" lon="6.72591">
        <ele>1075</ele>
        <time>2026-07-02T18:32:30+00:00</time>
      </trkpt>
      <trkpt lat="46.1595" lon="6.72598">
        <ele>1075</ele>
        <time>2026-07-02T18:32:33+00:00</time>
      </trkpt>
      <trkpt lat="46.15948" lon="6.72606">
        <ele>1081</ele>
        <time>2026-07-02T18:32:36+00:00</time>
      </trkpt>
      <trkpt lat="46.15947" lon="6.72616">
        <ele>1078</ele>
        <time>2026-07-02T18:32:39+00:00</time>
      </trkpt>
      <trkpt lat="46.15948" lon="6.72635">
        <ele>1078</ele>
        <time>2026-07-02T18:32:42+00:00</time>
      </trkpt>
      <trkpt lat="46.15947" lon="6.72659">
        <ele>1077</ele>
        <time>2026-07-02T18:32:45+00:00</time>
      </trkpt>
      <trkpt lat="46.15947" lon="6.72676">
        <ele>1078</ele>
        <time>2026-07-02T18:32:48+00:00</time>
      </trkpt>
      <trkpt lat="46.15947" lon="6.72696">
        <ele>1082</ele>
        <time>2026-07-02T18:32:51+00:00</time>
      </trkpt>
      <trkpt lat="46.15948" lon="6.72719">
        <ele>1082</ele>
        <time>2026-07-02T18:32:54+00:00</time>
      </trkpt>
      <trkpt lat="46.15948" lon="6.72738">
        <ele>1083</ele>
        <time>2026-07-02T18:32:57+00:00</time>
      </trkpt>
      <trkpt lat="46.15946" lon="6.72752">
        <ele>1084</ele>
        <time>2026-07-02T18:33:00+00:00</time>
      </trkpt>
      <trkpt lat="46.15942" lon="6.72763">
        <ele>1084</ele>
        <time>2026-07-02T18:33:03+00:00</time>
      </trkpt>
      <trkpt lat="46.15939" lon="6.72771">
        <ele>1086</ele>
        <time>2026-07-02T18:33:06+00:00</time>
      </trkpt>
      <trkpt lat="46.15932" lon="6.7278">
        <ele>1086</ele>
        <time>2026-07-02T18:33:09+00:00</time>
      </trkpt>
      <trkpt lat="46.15925" lon="6.72789">
        <ele>1089</ele>
        <time>2026-07-02T18:33:12+00:00</time>
      </trkpt>
      <trkpt lat="46.15923" lon="6.72796">
        <ele>1088</ele>
        <time>2026-07-02T18:33:15+00:00</time>
      </trkpt>
      <trkpt lat="46.1592" lon="6.72801">
        <ele>1088</ele>
        <time>2026-07-02T18:33:18+00:00</time>
      </trkpt>
      <trkpt lat="46.15916" lon="6.72808">
        <ele>1098</ele>
        <time>2026-07-02T18:33:21+00:00</time>
      </trkpt>
      <trkpt lat="46.15907" lon="6.7282">
        <ele>1098</ele>
        <time>2026-07-02T18:33:24+00:00</time>
      </trkpt>
      <trkpt lat="46.15896" lon="6.72835">
        <ele>1095</ele>
        <time>2026-07-02T18:33:27+00:00</time>
      </trkpt>
      <trkpt lat="46.15887" lon="6.72848">
        <ele>1099</ele>
        <time>2026-07-02T18:33:30+00:00</time>
      </trkpt>
      <trkpt lat="46.15879" lon="6.7286">
        <ele>1093</ele>
        <time>2026-07-02T18:33:33+00:00</time>
      </trkpt>
      <trkpt lat="46.15869" lon="6.72873">
        <ele>1097</ele>
        <time>2026-07-02T18:33:36+00:00</time>
      </trkpt>
      <trkpt lat="46.15862" lon="6.72881">
        <ele>1096</ele>
        <time>2026-07-02T18:33:39+00:00</time>
      </trkpt>
      <trkpt lat="46.15851" lon="6.72891">
        <ele>1093</ele>
        <time>2026-07-02T18:33:42+00:00</time>
      </trkpt>
      <trkpt lat="46.15845" lon="6.72899">
        <ele>1096</ele>
        <time>2026-07-02T18:33:45+00:00</time>
      </trkpt>
      <trkpt lat="46.15841" lon="6.72905">
        <ele>1095</ele>
        <time>2026-07-02T18:33:48+00:00</time>
      </trkpt>
      <trkpt lat="46.15839" lon="6.72911">
        <ele>1097</ele>
        <time>2026-07-02T18:33:51+00:00</time>
      </trkpt>
      <trkpt lat="46.15839" lon="6.72915">
        <ele>1097</ele>
        <time>2026-07-02T18:33:54+00:00</time>
      </trkpt>
      <trkpt lat="46.15836" lon="6.72921">
        <ele>1096</ele>
        <time>2026-07-02T18:33:57+00:00</time>
      </trkpt>
      <trkpt lat="46.15834" lon="6.72927">
        <ele>1096</ele>
        <time>2026-07-02T18:34:00+00:00</time>
      </trkpt>
      <trkpt lat="46.15826" lon="6.72947">
        <ele>1098</ele>
        <time>2026-07-02T18:34:03+00:00</time>
      </trkpt>
      <trkpt lat="46.15822" lon="6.72957">
        <ele>1096</ele>
        <time>2026-07-02T18:34:06+00:00</time>
      </trkpt>
      <trkpt lat="46.15819" lon="6.72963">
        <ele>1099</ele>
        <time>2026-07-02T18:34:09+00:00</time>
      </trkpt>
      <trkpt lat="46.15816" lon="6.72969">
        <ele>1099</ele>
        <time>2026-07-02T18:34:12+00:00</time>
      </trkpt>
      <trkpt lat="46.15809" lon="6.72979">
        <ele>1099</ele>
        <time>2026-07-02T18:34:15+00:00</time>
      </trkpt>
      <trkpt lat="46.15799" lon="6.72992">
        <ele>1099</ele>
        <time>2026-07-02T18:34:18+00:00</time>
      </trkpt>
      <trkpt lat="46.15789" lon="6.73007">
        <ele>1098</ele>
        <time>2026-07-02T18:34:21+00:00</time>
      </trkpt>
      <trkpt lat="46.15781" lon="6.73016">
        <ele>1099</ele>
        <time>2026-07-02T18:34:24+00:00</time>
      </trkpt>
      <trkpt lat="46.15777" lon="6.73028">
        <ele>1098</ele>
        <time>2026-07-02T18:34:27+00:00</time>
      </trkpt>
      <trkpt lat="46.15775" lon="6.73043">
        <ele>1096</ele>
        <time>2026-07-02T18:34:30+00:00</time>
      </trkpt>
      <trkpt lat="46.15774" lon="6.7306">
        <ele>1097</ele>
        <time>2026-07-02T18:34:33+00:00</time>
      </trkpt>
      <trkpt lat="46.15771" lon="6.7307">
        <ele>1096</ele>
        <time>2026-07-02T18:34:36+00:00</time>
      </trkpt>
      <trkpt lat="46.15756" lon="6.73081">
        <ele>1097</ele>
        <time>2026-07-02T18:34:39+00:00</time>
      </trkpt>
      <trkpt lat="46.15736" lon="6.73096">
        <ele>1097</ele>
        <time>2026-07-02T18:34:42+00:00</time>
      </trkpt>
      <trkpt lat="46.1572" lon="6.73108">
        <ele>1098</ele>
        <time>2026-07-02T18:34:45+00:00</time>
      </trkpt>
      <trkpt lat="46.1571" lon="6.73115">
        <ele>1099</ele>
        <time>2026-07-02T18:34:48+00:00</time>
      </trkpt>
      <trkpt lat="46.15695" lon="6.73116">
        <ele>1099</ele>
        <time>2026-07-02T18:34:51+00:00</time>
      </trkpt>
      <trkpt lat="46.15683" lon="6.73122">
        <ele>1100</ele>
        <time>2026-07-02T18:34:54+00:00</time>
      </trkpt>
      <trkpt lat="46.15673" lon="6.73133">
        <ele>1100</ele>
        <time>2026-07-02T18:34:57+00:00</time>
      </trkpt>
      <trkpt lat="46.15668" lon="6.73145">
        <ele>1101</ele>
        <time>2026-07-02T18:35:00+00:00</time>
      </trkpt>
      <trkpt lat="46.15663" lon="6.73156">
        <ele>1101</ele>
        <time>2026-07-02T18:35:03+00:00</time>
      </trkpt>
      <trkpt lat="46.15659" lon="6.73165">
        <ele>1102</ele>
        <time>2026-07-02T18:35:06+00:00</time>
      </trkpt>
      <trkpt lat="46.15656" lon="6.73168">
        <ele>1102</ele>
        <time>2026-07-02T18:35:09+00:00</time>
      </trkpt>
      <trkpt lat="46.15651" lon="6.73171">
        <ele>1102</ele>
        <time>2026-07-02T18:35:12+00:00</time>
      </trkpt>
      <trkpt lat="46.15646" lon="6.73175">
        <ele>1103</ele>
        <time>2026-07-02T18:35:15+00:00</time>
      </trkpt>
      <trkpt lat="46.1564" lon="6.7318">
        <ele>1103</ele>
        <time>2026-07-02T18:35:18+00:00</time>
      </trkpt>
      <trkpt lat="46.15636" lon="6.73183">
        <ele>1104</ele>
        <time>2026-07-02T18:35:21+00:00</time>
      </trkpt>
      <trkpt lat="46.15629" lon="6.73191">
        <ele>1104</ele>
        <time>2026-07-02T18:35:24+00:00</time>
      </trkpt>
      <trkpt lat="46.15621" lon="6.73197">
        <ele>1104</ele>
        <time>2026-07-02T18:35:27+00:00</time>
      </trkpt>
      <trkpt lat="46.15615" lon="6.73201">
        <ele>1104</ele>
        <time>2026-07-02T18:35:30+00:00</time>
      </trkpt>
      <trkpt lat="46.15605" lon="6.73212">
        <ele>1107</ele>
        <time>2026-07-02T18:35:33+00:00</time>
      </trkpt>
      <trkpt lat="46.156" lon="6.73221">
        <ele>1105</ele>
        <time>2026-07-02T18:35:36+00:00</time>
      </trkpt>
      <trkpt lat="46.15596" lon="6.73233">
        <ele>1105</ele>
        <time>2026-07-02T18:35:39+00:00</time>
      </trkpt>
      <trkpt lat="46.15587" lon="6.73245">
        <ele>1105</ele>
        <time>2026-07-02T18:35:42+00:00</time>
      </trkpt>
      <trkpt lat="46.15575" lon="6.73261">
        <ele>1107</ele>
        <time>2026-07-02T18:35:45+00:00</time>
      </trkpt>
      <trkpt lat="46.15565" lon="6.73273">
        <ele>1106</ele>
        <time>2026-07-02T18:35:48+00:00</time>
      </trkpt>
      <trkpt lat="46.15558" lon="6.7328">
        <ele>1106</ele>
        <time>2026-07-02T18:35:51+00:00</time>
      </trkpt>
      <trkpt lat="46.1555" lon="6.73288">
        <ele>1110</ele>
        <time>2026-07-02T18:35:54+00:00</time>
      </trkpt>
      <trkpt lat="46.15542" lon="6.73296">
        <ele>1107</ele>
        <time>2026-07-02T18:35:57+00:00</time>
      </trkpt>
      <trkpt lat="46.15534" lon="6.73307">
        <ele>1108</ele>
        <time>2026-07-02T18:36:00+00:00</time>
      </trkpt>
      <trkpt lat="46.15529" lon="6.73323">
        <ele>1109</ele>
        <time>2026-07-02T18:36:03+00:00</time>
      </trkpt>
      <trkpt lat="46.15528" lon="6.73338">
        <ele>1109</ele>
        <time>2026-07-02T18:36:06+00:00</time>
      </trkpt>
      <trkpt lat="46.15528" lon="6.73358">
        <ele>1109</ele>
        <time>2026-07-02T18:36:09+00:00</time>
      </trkpt>
      <trkpt lat="46.15531" lon="6.73377">
        <ele>1107</ele>
        <time>2026-07-02T18:36:12+00:00</time>
      </trkpt>
      <trkpt lat="46.15533" lon="6.73397">
        <ele>1109</ele>
        <time>2026-07-02T18:36:15+00:00</time>
      </trkpt>
      <trkpt lat="46.15533" lon="6.73404">
        <ele>1108</ele>
        <time>2026-07-02T18:36:18+00:00</time>
      </trkpt>
      <trkpt lat="46.15532" lon="6.7341">
        <ele>1108</ele>
        <time>2026-07-02T18:36:21+00:00</time>
      </trkpt>
      <trkpt lat="46.15529" lon="6.73418">
        <ele>1108</ele>
        <time>2026-07-02T18:36:24+00:00</time>
      </trkpt>
      <trkpt lat="46.15523" lon="6.73431">
        <ele>1109</ele>
        <time>2026-07-02T18:36:27+00:00</time>
      </trkpt>
      <trkpt lat="46.15512" lon="6.73453">
        <ele>1111</ele>
        <time>2026-07-02T18:36:30+00:00</time>
      </trkpt>
      <trkpt lat="46.15505" lon="6.73467">
        <ele>1114</ele>
        <time>2026-07-02T18:36:33+00:00</time>
      </trkpt>
      <trkpt lat="46.15499" lon="6.73484">
        <ele>1116</ele>
        <time>2026-07-02T18:36:36+00:00</time>
      </trkpt>
      <trkpt lat="46.15492" lon="6.73502">
        <ele>1114</ele>
        <time>2026-07-02T18:36:39+00:00</time>
      </trkpt>
      <trkpt lat="46.15486" lon="6.73514">
        <ele>1118</ele>
        <time>2026-07-02T18:36:42+00:00</time>
      </trkpt>
      <trkpt lat="46.15476" lon="6.73532">
        <ele>1119</ele>
        <time>2026-07-02T18:36:45+00:00</time>
      </trkpt>
      <trkpt lat="46.15468" lon="6.73547">
        <ele>1119</ele>
        <time>2026-07-02T18:36:48+00:00</time>
      </trkpt>
      <trkpt lat="46.15458" lon="6.73562">
        <ele>1119</ele>
        <time>2026-07-02T18:36:51+00:00</time>
      </trkpt>
      <trkpt lat="46.15454" lon="6.73569">
        <ele>1119</ele>
        <time>2026-07-02T18:36:54+00:00</time>
      </trkpt>
      <trkpt lat="46.15452" lon="6.73575">
        <ele>1115</ele>
        <time>2026-07-02T18:36:57+00:00</time>
      </trkpt>
      <trkpt lat="46.15447" lon="6.73583">
        <ele>1116</ele>
        <time>2026-07-02T18:37:00+00:00</time>
      </trkpt>
      <trkpt lat="46.1544" lon="6.73592">
        <ele>1119</ele>
        <time>2026-07-02T18:37:03+00:00</time>
      </trkpt>
      <trkpt lat="46.15431" lon="6.73601">
        <ele>1115</ele>
        <time>2026-07-02T18:37:06+00:00</time>
      </trkpt>
      <trkpt lat="46.15418" lon="6.73608">
        <ele>1119</ele>
        <time>2026-07-02T18:37:09+00:00</time>
      </trkpt>
      <trkpt lat="46.15406" lon="6.73616">
        <ele>1119</ele>
        <time>2026-07-02T18:37:12+00:00</time>
      </trkpt>
      <trkpt lat="46.15393" lon="6.73625">
        <ele>1119</ele>
        <time>2026-07-02T18:37:15+00:00</time>
      </trkpt>
      <trkpt lat="46.15383" lon="6.73632">
        <ele>1117</ele>
        <time>2026-07-02T18:37:18+00:00</time>
      </trkpt>
      <trkpt lat="46.15379" lon="6.73637">
        <ele>1122</ele>
        <time>2026-07-02T18:37:21+00:00</time>
      </trkpt>
      <trkpt lat="46.15374" lon="6.73645">
        <ele>1121</ele>
        <time>2026-07-02T18:37:24+00:00</time>
      </trkpt>
      <trkpt lat="46.15373" lon="6.73649">
        <ele>1118</ele>
        <time>2026-07-02T18:37:27+00:00</time>
      </trkpt>
      <trkpt lat="46.15371" lon="6.73653">
        <ele>1117</ele>
        <time>2026-07-02T18:37:30+00:00</time>
      </trkpt>
      <trkpt lat="46.1537" lon="6.73664">
        <ele>1118</ele>
        <time>2026-07-02T18:37:33+00:00</time>
      </trkpt>
      <trkpt lat="46.15368" lon="6.73679">
        <ele>1124</ele>
        <time>2026-07-02T18:37:36+00:00</time>
      </trkpt>
      <trkpt lat="46.15367" lon="6.737">
        <ele>1124</ele>
        <time>2026-07-02T18:37:39+00:00</time>
      </trkpt>
      <trkpt lat="46.15365" lon="6.73716">
        <ele>1124</ele>
        <time>2026-07-02T18:37:42+00:00</time>
      </trkpt>
      <trkpt lat="46.15363" lon="6.73725">
        <ele>1124</ele>
        <time>2026-07-02T18:37:45+00:00</time>
      </trkpt>
      <trkpt lat="46.15361" lon="6.73732">
        <ele>1124</ele>
        <time>2026-07-02T18:37:48+00:00</time>
      </trkpt>
      <trkpt lat="46.15359" lon="6.73738">
        <ele>1127</ele>
        <time>2026-07-02T18:37:51+00:00</time>
      </trkpt>
      <trkpt lat="46.15353" lon="6.73753">
        <ele>1124</ele>
        <time>2026-07-02T18:37:54+00:00</time>
      </trkpt>
      <trkpt lat="46.15351" lon="6.73759">
        <ele>1124</ele>
        <time>2026-07-02T18:37:57+00:00</time>
      </trkpt>
      <trkpt lat="46.15346" lon="6.73775">
        <ele>1127</ele>
        <time>2026-07-02T18:38:00+00:00</time>
      </trkpt>
      <trkpt lat="46.15337" lon="6.73799">
        <ele>1125</ele>
        <time>2026-07-02T18:38:03+00:00</time>
      </trkpt>
      <trkpt lat="46.15329" lon="6.73823">
        <ele>1128</ele>
        <time>2026-07-02T18:38:06+00:00</time>
      </trkpt>
      <trkpt lat="46.15322" lon="6.73843">
        <ele>1126</ele>
        <time>2026-07-02T18:38:09+00:00</time>
      </trkpt>
      <trkpt lat="46.15313" lon="6.73861">
        <ele>1127</ele>
        <time>2026-07-02T18:38:12+00:00</time>
      </trkpt>
      <trkpt lat="46.15291" lon="6.73881">
        <ele>1128</ele>
        <time>2026-07-02T18:38:15+00:00</time>
      </trkpt>
      <trkpt lat="46.15263" lon="6.73895">
        <ele>1132</ele>
        <time>2026-07-02T18:38:18+00:00</time>
      </trkpt>
      <trkpt lat="46.15221" lon="6.73909">
        <ele>1130</ele>
        <time>2026-07-02T18:38:21+00:00</time>
      </trkpt>
      <trkpt lat="46.15216" lon="6.7392">
        <ele>1131</ele>
        <time>2026-07-02T18:38:24+00:00</time>
      </trkpt>
      <trkpt lat="46.15213" lon="6.73931">
        <ele>1129</ele>
        <time>2026-07-02T18:38:27+00:00</time>
      </trkpt>
      <trkpt lat="46.15212" lon="6.73949">
        <ele>1130</ele>
        <time>2026-07-02T18:38:30+00:00</time>
      </trkpt>
      <trkpt lat="46.15212" lon="6.73961">
        <ele>1129</ele>
        <time>2026-07-02T18:38:33+00:00</time>
      </trkpt>
      <trkpt lat="46.15191" lon="6.73991">
        <ele>1130</ele>
        <time>2026-07-02T18:38:36+00:00</time>
      </trkpt>
      <trkpt lat="46.15179" lon="6.74009">
        <ele>1132</ele>
        <time>2026-07-02T18:38:39+00:00</time>
      </trkpt>
      <trkpt lat="46.15167" lon="6.74043">
        <ele>1132</ele>
        <time>2026-07-02T18:38:42+00:00</time>
      </trkpt>
      <trkpt lat="46.15161" lon="6.74051">
        <ele>1132</ele>
        <time>2026-07-02T18:38:45+00:00</time>
      </trkpt>
      <trkpt lat="46.1516" lon="6.74053">
        <ele>1134</ele>
        <time>2026-07-02T18:38:48+00:00</time>
      </trkpt>
      <trkpt lat="46.15151" lon="6.74065">
        <ele>1133</ele>
        <time>2026-07-02T18:38:51+00:00</time>
      </trkpt>
      <trkpt lat="46.1514" lon="6.74084">
        <ele>1133</ele>
        <time>2026-07-02T18:38:54+00:00</time>
      </trkpt>
      <trkpt lat="46.15132" lon="6.74099">
        <ele>1134</ele>
        <time>2026-07-02T18:38:57+00:00</time>
      </trkpt>
      <trkpt lat="46.15113" lon="6.74129">
        <ele>1137</ele>
        <time>2026-07-02T18:39:00+00:00</time>
      </trkpt>
      <trkpt lat="46.15104" lon="6.74142">
        <ele>1136</ele>
        <time>2026-07-02T18:39:03+00:00</time>
      </trkpt>
      <trkpt lat="46.15098" lon="6.74147">
        <ele>1137</ele>
        <time>2026-07-02T18:39:06+00:00</time>
      </trkpt>
      <trkpt lat="46.15093" lon="6.7415">
        <ele>1136</ele>
        <time>2026-07-02T18:39:09+00:00</time>
      </trkpt>
      <trkpt lat="46.1509" lon="6.74156">
        <ele>1136</ele>
        <time>2026-07-02T18:39:12+00:00</time>
      </trkpt>
      <trkpt lat="46.1508" lon="6.74177">
        <ele>1137</ele>
        <time>2026-07-02T18:39:15+00:00</time>
      </trkpt>
      <trkpt lat="46.15076" lon="6.74183">
        <ele>1136</ele>
        <time>2026-07-02T18:39:18+00:00</time>
      </trkpt>
      <trkpt lat="46.15063" lon="6.74191">
        <ele>1137</ele>
        <time>2026-07-02T18:39:21+00:00</time>
      </trkpt>
      <trkpt lat="46.15047" lon="6.74199">
        <ele>1141</ele>
        <time>2026-07-02T18:39:24+00:00</time>
      </trkpt>
      <trkpt lat="46.15042" lon="6.74204">
        <ele>1138</ele>
        <time>2026-07-02T18:39:27+00:00</time>
      </trkpt>
      <trkpt lat="46.1504" lon="6.74211">
        <ele>1146</ele>
        <time>2026-07-02T18:39:30+00:00</time>
      </trkpt>
      <trkpt lat="46.15027" lon="6.74267">
        <ele>1140</ele>
        <time>2026-07-02T18:39:33+00:00</time>
      </trkpt>
      <trkpt lat="46.15024" lon="6.74279">
        <ele>1144</ele>
        <time>2026-07-02T18:39:36+00:00</time>
      </trkpt>
      <trkpt lat="46.15015" lon="6.74306">
        <ele>1143</ele>
        <time>2026-07-02T18:39:39+00:00</time>
      </trkpt>
      <trkpt lat="46.15004" lon="6.74337">
        <ele>1143</ele>
        <time>2026-07-02T18:39:42+00:00</time>
      </trkpt>
      <trkpt lat="46.14997" lon="6.74358">
        <ele>1149</ele>
        <time>2026-07-02T18:39:45+00:00</time>
      </trkpt>
      <trkpt lat="46.1499" lon="6.74372">
        <ele>1143</ele>
        <time>2026-07-02T18:39:48+00:00</time>
      </trkpt>
      <trkpt lat="46.14983" lon="6.74386">
        <ele>1146</ele>
        <time>2026-07-02T18:39:51+00:00</time>
      </trkpt>
      <trkpt lat="46.14968" lon="6.74414">
        <ele>1144</ele>
        <time>2026-07-02T18:39:54+00:00</time>
      </trkpt>
      <trkpt lat="46.14958" lon="6.74434">
        <ele>1149</ele>
        <time>2026-07-02T18:39:57+00:00</time>
      </trkpt>
      <trkpt lat="46.14951" lon="6.74449">
        <ele>1145</ele>
        <time>2026-07-02T18:40:00+00:00</time>
      </trkpt>
      <trkpt lat="46.14941" lon="6.74474">
        <ele>1146</ele>
        <time>2026-07-02T18:40:03+00:00</time>
      </trkpt>
      <trkpt lat="46.14937" lon="6.74496">
        <ele>1147</ele>
        <time>2026-07-02T18:40:06+00:00</time>
      </trkpt>
      <trkpt lat="46.14938" lon="6.74514">
        <ele>1147</ele>
        <time>2026-07-02T18:40:09+00:00</time>
      </trkpt>
      <trkpt lat="46.14943" lon="6.74534">
        <ele>1148</ele>
        <time>2026-07-02T18:40:12+00:00</time>
      </trkpt>
      <trkpt lat="46.14944" lon="6.74537">
        <ele>1148</ele>
        <time>2026-07-02T18:40:15+00:00</time>
      </trkpt>
      <trkpt lat="46.14954" lon="6.74556">
        <ele>1148</ele>
        <time>2026-07-02T18:40:18+00:00</time>
      </trkpt>
      <trkpt lat="46.14947" lon="6.74562">
        <ele>1149</ele>
        <time>2026-07-02T18:40:21+00:00</time>
      </trkpt>
      <trkpt lat="46.14939" lon="6.74568">
        <ele>1150</ele>
        <time>2026-07-02T18:40:24+00:00</time>
      </trkpt>
      <trkpt lat="46.14927" lon="6.74577">
        <ele>1152</ele>
        <time>2026-07-02T18:40:27+00:00</time>
      </trkpt>
      <trkpt lat="46.14918" lon="6.74587">
        <ele>1153</ele>
        <time>2026-07-02T18:40:30+00:00</time>
      </trkpt>
      <trkpt lat="46.14906" lon="6.74597">
        <ele>1154</ele>
        <time>2026-07-02T18:40:33+00:00</time>
      </trkpt>
      <trkpt lat="46.14899" lon="6.74601">
        <ele>1155</ele>
        <time>2026-07-02T18:40:36+00:00</time>
      </trkpt>
      <trkpt lat="46.14893" lon="6.74604">
        <ele>1155</ele>
        <time>2026-07-02T18:40:39+00:00</time>
      </trkpt>
      <trkpt lat="46.14887" lon="6.74605">
        <ele>1156</ele>
        <time>2026-07-02T18:40:42+00:00</time>
      </trkpt>
      <trkpt lat="46.14881" lon="6.74605">
        <ele>1156</ele>
        <time>2026-07-02T18:40:45+00:00</time>
      </trkpt>
      <trkpt lat="46.14874" lon="6.74607">
        <ele>1157</ele>
        <time>2026-07-02T18:40:48+00:00</time>
      </trkpt>
      <trkpt lat="46.14863" lon="6.74611">
        <ele>1158</ele>
        <time>2026-07-02T18:40:51+00:00</time>
      </trkpt>
      <trkpt lat="46.14851" lon="6.74614">
        <ele>1160</ele>
        <time>2026-07-02T18:40:54+00:00</time>
      </trkpt>
      <trkpt lat="46.14845" lon="6.74615">
        <ele>1162</ele>
        <time>2026-07-02T18:40:57+00:00</time>
      </trkpt>
      <trkpt lat="46.14839" lon="6.7462">
        <ele>1166</ele>
        <time>2026-07-02T18:41:00+00:00</time>
      </trkpt>
      <trkpt lat="46.14834" lon="6.74633">
        <ele>1163</ele>
        <time>2026-07-02T18:41:03+00:00</time>
      </trkpt>
      <trkpt lat="46.14826" lon="6.74658">
        <ele>1170</ele>
        <time>2026-07-02T18:41:06+00:00</time>
      </trkpt>
      <trkpt lat="46.14819" lon="6.74674">
        <ele>1173</ele>
        <time>2026-07-02T18:41:09+00:00</time>
      </trkpt>
      <trkpt lat="46.14818" lon="6.74675">
        <ele>1173</ele>
        <time>2026-07-02T18:41:12+00:00</time>
      </trkpt>
      <trkpt lat="46.14812" lon="6.74686">
        <ele>1172</ele>
        <time>2026-07-02T18:41:15+00:00</time>
      </trkpt>
      <trkpt lat="46.1481" lon="6.7469">
        <ele>1179</ele>
        <time>2026-07-02T18:41:18+00:00</time>
      </trkpt>
      <trkpt lat="46.14805" lon="6.74698">
        <ele>1177</ele>
        <time>2026-07-02T18:41:21+00:00</time>
      </trkpt>
      <trkpt lat="46.14803" lon="6.74701">
        <ele>1175</ele>
        <time>2026-07-02T18:41:24+00:00</time>
      </trkpt>
      <trkpt lat="46.148" lon="6.74708">
        <ele>1181</ele>
        <time>2026-07-02T18:41:27+00:00</time>
      </trkpt>
      <trkpt lat="46.14798" lon="6.7471">
        <ele>1179</ele>
        <time>2026-07-02T18:41:30+00:00</time>
      </trkpt>
      <trkpt lat="46.14787" lon="6.74721">
        <ele>1183</ele>
        <time>2026-07-02T18:41:33+00:00</time>
      </trkpt>
      <trkpt lat="46.14785" lon="6.74722">
        <ele>1183</ele>
        <time>2026-07-02T18:41:36+00:00</time>
      </trkpt>
      <trkpt lat="46.14781" lon="6.74728">
        <ele>1183</ele>
        <time>2026-07-02T18:41:39+00:00</time>
      </trkpt>
      <trkpt lat="46.14775" lon="6.7473">
        <ele>1185</ele>
        <time>2026-07-02T18:41:42+00:00</time>
      </trkpt>
      <trkpt lat="46.14771" lon="6.74734">
        <ele>1185</ele>
        <time>2026-07-02T18:41:45+00:00</time>
      </trkpt>
      <trkpt lat="46.14768" lon="6.7474">
        <ele>1189</ele>
        <time>2026-07-02T18:41:48+00:00</time>
      </trkpt>
      <trkpt lat="46.14766" lon="6.74743">
        <ele>1187</ele>
        <time>2026-07-02T18:41:51+00:00</time>
      </trkpt>
      <trkpt lat="46.14764" lon="6.74744">
        <ele>1187</ele>
        <time>2026-07-02T18:41:54+00:00</time>
      </trkpt>
      <trkpt lat="46.14761" lon="6.74745">
        <ele>1187</ele>
        <time>2026-07-02T18:41:57+00:00</time>
      </trkpt>
      <trkpt lat="46.14759" lon="6.74746">
        <ele>1192</ele>
        <time>2026-07-02T18:42:00+00:00</time>
      </trkpt>
      <trkpt lat="46.14756" lon="6.74748">
        <ele>1192</ele>
        <time>2026-07-02T18:42:03+00:00</time>
      </trkpt>
      <trkpt lat="46.14754" lon="6.74749">
        <ele>1192</ele>
        <time>2026-07-02T18:42:06+00:00</time>
      </trkpt>
      <trkpt lat="46.14753" lon="6.74753">
        <ele>1189</ele>
        <time>2026-07-02T18:42:09+00:00</time>
      </trkpt>
      <trkpt lat="46.14751" lon="6.74755">
        <ele>1189</ele>
        <time>2026-07-02T18:42:12+00:00</time>
      </trkpt>
      <trkpt lat="46.14748" lon="6.74756">
        <ele>1191</ele>
        <time>2026-07-02T18:42:15+00:00</time>
      </trkpt>
      <trkpt lat="46.14745" lon="6.74756">
        <ele>1191</ele>
        <time>2026-07-02T18:42:18+00:00</time>
      </trkpt>
      <trkpt lat="46.14743" lon="6.74755">
        <ele>1191</ele>
        <time>2026-07-02T18:42:21+00:00</time>
      </trkpt>
      <trkpt lat="46.14741" lon="6.74753">
        <ele>1191</ele>
        <time>2026-07-02T18:42:24+00:00</time>
      </trkpt>
      <trkpt lat="46.14739" lon="6.7475">
        <ele>1188</ele>
        <time>2026-07-02T18:42:27+00:00</time>
      </trkpt>
      <trkpt lat="46.14738" lon="6.74746">
        <ele>1191</ele>
        <time>2026-07-02T18:42:30+00:00</time>
      </trkpt>
      <trkpt lat="46.14738" lon="6.74743">
        <ele>1191</ele>
        <time>2026-07-02T18:42:33+00:00</time>
      </trkpt>
      <trkpt lat="46.14737" lon="6.74732">
        <ele>1194</ele>
        <time>2026-07-02T18:42:36+00:00</time>
      </trkpt>
      <trkpt lat="46.14738" lon="6.74727">
        <ele>1199</ele>
        <time>2026-07-02T18:42:39+00:00</time>
      </trkpt>
      <trkpt lat="46.14739" lon="6.7472">
        <ele>1199</ele>
        <time>2026-07-02T18:42:42+00:00</time>
      </trkpt>
      <trkpt lat="46.1474" lon="6.74713">
        <ele>1199</ele>
        <time>2026-07-02T18:42:45+00:00</time>
      </trkpt>
      <trkpt lat="46.1474" lon="6.74705">
        <ele>1200</ele>
        <time>2026-07-02T18:42:48+00:00</time>
      </trkpt>
      <trkpt lat="46.14742" lon="6.74699">
        <ele>1203</ele>
        <time>2026-07-02T18:42:51+00:00</time>
      </trkpt>
      <trkpt lat="46.14745" lon="6.74697">
        <ele>1203</ele>
        <time>2026-07-02T18:42:54+00:00</time>
      </trkpt>
      <trkpt lat="46.14746" lon="6.7469">
        <ele>1203</ele>
        <time>2026-07-02T18:42:57+00:00</time>
      </trkpt>
      <trkpt lat="46.14748" lon="6.74686">
        <ele>1206</ele>
        <time>2026-07-02T18:43:00+00:00</time>
      </trkpt>
      <trkpt lat="46.14751" lon="6.74679">
        <ele>1205</ele>
        <time>2026-07-02T18:43:03+00:00</time>
      </trkpt>
      <trkpt lat="46.14755" lon="6.74652">
        <ele>1207</ele>
        <time>2026-07-02T18:43:06+00:00</time>
      </trkpt>
      <trkpt lat="46.14741" lon="6.74637">
        <ele>1207</ele>
        <time>2026-07-02T18:43:09+00:00</time>
      </trkpt>
      <trkpt lat="46.14722" lon="6.74635">
        <ele>1213</ele>
        <time>2026-07-02T18:43:12+00:00</time>
      </trkpt>
      <trkpt lat="46.14696" lon="6.74633">
        <ele>1221</ele>
        <time>2026-07-02T18:43:15+00:00</time>
      </trkpt>
      <trkpt lat="46.14683" lon="6.74627">
        <ele>1220</ele>
        <time>2026-07-02T18:43:18+00:00</time>
      </trkpt>
      <trkpt lat="46.14661" lon="6.7462">
        <ele>1224</ele>
        <time>2026-07-02T18:43:21+00:00</time>
      </trkpt>
      <trkpt lat="46.14632" lon="6.74618">
        <ele>1227</ele>
        <time>2026-07-02T18:43:24+00:00</time>
      </trkpt>
      <trkpt lat="46.1461" lon="6.74621">
        <ele>1230</ele>
        <time>2026-07-02T18:43:27+00:00</time>
      </trkpt>
      <trkpt lat="46.14594" lon="6.74626">
        <ele>1234</ele>
        <time>2026-07-02T18:43:30+00:00</time>
      </trkpt>
      <trkpt lat="46.14579" lon="6.74628">
        <ele>1237</ele>
        <time>2026-07-02T18:43:33+00:00</time>
      </trkpt>
      <trkpt lat="46.14556" lon="6.74626">
        <ele>1239</ele>
        <time>2026-07-02T18:43:36+00:00</time>
      </trkpt>
      <trkpt lat="46.14532" lon="6.74617">
        <ele>1242</ele>
        <time>2026-07-02T18:43:39+00:00</time>
      </trkpt>
      <trkpt lat="46.1452" lon="6.74592">
        <ele>1247</ele>
        <time>2026-07-02T18:43:42+00:00</time>
      </trkpt>
      <trkpt lat="46.14511" lon="6.74559">
        <ele>1253</ele>
        <time>2026-07-02T18:43:45+00:00</time>
      </trkpt>
      <trkpt lat="46.1449" lon="6.7454">
        <ele>1259</ele>
        <time>2026-07-02T18:43:48+00:00</time>
      </trkpt>
      <trkpt lat="46.14471" lon="6.74525">
        <ele>1263</ele>
        <time>2026-07-02T18:43:51+00:00</time>
      </trkpt>
      <trkpt lat="46.14445" lon="6.74511">
        <ele>1266</ele>
        <time>2026-07-02T18:43:54+00:00</time>
      </trkpt>
      <trkpt lat="46.14422" lon="6.74499">
        <ele>1273</ele>
        <time>2026-07-02T18:43:57+00:00</time>
      </trkpt>
      <trkpt lat="46.14401" lon="6.74492">
        <ele>1275</ele>
        <time>2026-07-02T18:44:00+00:00</time>
      </trkpt>
      <trkpt lat="46.14378" lon="6.74482">
        <ele>1280</ele>
        <time>2026-07-02T18:44:03+00:00</time>
      </trkpt>
      <trkpt lat="46.14363" lon="6.74477">
        <ele>1283</ele>
        <time>2026-07-02T18:44:06+00:00</time>
      </trkpt>
      <trkpt lat="46.14338" lon="6.74477">
        <ele>1285</ele>
        <time>2026-07-02T18:44:09+00:00</time>
      </trkpt>
      <trkpt lat="46.14324" lon="6.74477">
        <ele>1287</ele>
        <time>2026-07-02T18:44:12+00:00</time>
      </trkpt>
      <trkpt lat="46.14309" lon="6.74474">
        <ele>1291</ele>
        <time>2026-07-02T18:44:15+00:00</time>
      </trkpt>
      <trkpt lat="46.143" lon="6.74469">
        <ele>1291</ele>
        <time>2026-07-02T18:44:18+00:00</time>
      </trkpt>
      <trkpt lat="46.14295" lon="6.74464">
        <ele>1293</ele>
        <time>2026-07-02T18:44:21+00:00</time>
      </trkpt>
      <trkpt lat="46.14279" lon="6.74462">
        <ele>1292</ele>
        <time>2026-07-02T18:44:24+00:00</time>
      </trkpt>
      <trkpt lat="46.14262" lon="6.74465">
        <ele>1293</ele>
        <time>2026-07-02T18:44:27+00:00</time>
      </trkpt>
      <trkpt lat="46.14248" lon="6.74467">
        <ele>1294</ele>
        <time>2026-07-02T18:44:30+00:00</time>
      </trkpt>
      <trkpt lat="46.14244" lon="6.7447">
        <ele>1293</ele>
        <time>2026-07-02T18:44:33+00:00</time>
      </trkpt>
      <trkpt lat="46.14242" lon="6.74472">
        <ele>1293</ele>
        <time>2026-07-02T18:44:36+00:00</time>
      </trkpt>
      <trkpt lat="46.14239" lon="6.74477">
        <ele>1297</ele>
        <time>2026-07-02T18:44:39+00:00</time>
      </trkpt>
      <trkpt lat="46.14235" lon="6.74486">
        <ele>1294</ele>
        <time>2026-07-02T18:44:42+00:00</time>
      </trkpt>
      <trkpt lat="46.14227" lon="6.74494">
        <ele>1296</ele>
        <time>2026-07-02T18:44:45+00:00</time>
      </trkpt>
      <trkpt lat="46.14219" lon="6.74501">
        <ele>1294</ele>
        <time>2026-07-02T18:44:48+00:00</time>
      </trkpt>
      <trkpt lat="46.14213" lon="6.74507">
        <ele>1295</ele>
        <time>2026-07-02T18:44:51+00:00</time>
      </trkpt>
      <trkpt lat="46.14207" lon="6.74515">
        <ele>1295</ele>
        <time>2026-07-02T18:44:54+00:00</time>
      </trkpt>
      <trkpt lat="46.14197" lon="6.74524">
        <ele>1294</ele>
        <time>2026-07-02T18:44:57+00:00</time>
      </trkpt>
      <trkpt lat="46.14191" lon="6.74526">
        <ele>1294</ele>
        <time>2026-07-02T18:45:00+00:00</time>
      </trkpt>
      <trkpt lat="46.14186" lon="6.74525">
        <ele>1295</ele>
        <time>2026-07-02T18:45:03+00:00</time>
      </trkpt>
      <trkpt lat="46.14181" lon="6.74522">
        <ele>1295</ele>
        <time>2026-07-02T18:45:06+00:00</time>
      </trkpt>
      <trkpt lat="46.14175" lon="6.74523">
        <ele>1297</ele>
        <time>2026-07-02T18:45:09+00:00</time>
      </trkpt>
      <trkpt lat="46.14164" lon="6.74525">
        <ele>1299</ele>
        <time>2026-07-02T18:45:12+00:00</time>
      </trkpt>
      <trkpt lat="46.14154" lon="6.74522">
        <ele>1302</ele>
        <time>2026-07-02T18:45:15+00:00</time>
      </trkpt>
      <trkpt lat="46.14145" lon="6.74517">
        <ele>1305</ele>
        <time>2026-07-02T18:45:18+00:00</time>
      </trkpt>
      <trkpt lat="46.14135" lon="6.74509">
        <ele>1310</ele>
        <time>2026-07-02T18:45:21+00:00</time>
      </trkpt>
      <trkpt lat="46.14127" lon="6.74507">
        <ele>1311</ele>
        <time>2026-07-02T18:45:24+00:00</time>
      </trkpt>
      <trkpt lat="46.14113" lon="6.74505">
        <ele>1313</ele>
        <time>2026-07-02T18:45:27+00:00</time>
      </trkpt>
      <trkpt lat="46.14106" lon="6.74501">
        <ele>1315</ele>
        <time>2026-07-02T18:45:30+00:00</time>
      </trkpt>
      <trkpt lat="46.14103" lon="6.74494">
        <ele>1316</ele>
        <time>2026-07-02T18:45:33+00:00</time>
      </trkpt>
      <trkpt lat="46.14103" lon="6.74488">
        <ele>1318</ele>
        <time>2026-07-02T18:45:36+00:00</time>
      </trkpt>
      <trkpt lat="46.14107" lon="6.7448">
        <ele>1322</ele>
        <time>2026-07-02T18:45:39+00:00</time>
      </trkpt>
      <trkpt lat="46.14113" lon="6.74472">
        <ele>1320</ele>
        <time>2026-07-02T18:45:42+00:00</time>
      </trkpt>
      <trkpt lat="46.14116" lon="6.74465">
        <ele>1323</ele>
        <time>2026-07-02T18:45:45+00:00</time>
      </trkpt>
      <trkpt lat="46.14119" lon="6.74459">
        <ele>1324</ele>
        <time>2026-07-02T18:45:48+00:00</time>
      </trkpt>
      <trkpt lat="46.14134" lon="6.74446">
        <ele>1325</ele>
        <time>2026-07-02T18:45:51+00:00</time>
      </trkpt>
      <trkpt lat="46.14139" lon="6.74438">
        <ele>1327</ele>
        <time>2026-07-02T18:45:54+00:00</time>
      </trkpt>
      <trkpt lat="46.1414" lon="6.74432">
        <ele>1326</ele>
        <time>2026-07-02T18:45:57+00:00</time>
      </trkpt>
      <trkpt lat="46.14138" lon="6.74427">
        <ele>1328</ele>
        <time>2026-07-02T18:46:00+00:00</time>
      </trkpt>
      <trkpt lat="46.14131" lon="6.74424">
        <ele>1328</ele>
        <time>2026-07-02T18:46:03+00:00</time>
      </trkpt>
      <trkpt lat="46.14111" lon="6.74421">
        <ele>1332</ele>
        <time>2026-07-02T18:46:06+00:00</time>
      </trkpt>
      <trkpt lat="46.14084" lon="6.74419">
        <ele>1340</ele>
        <time>2026-07-02T18:46:09+00:00</time>
      </trkpt>
      <trkpt lat="46.14074" lon="6.7442">
        <ele>1339</ele>
        <time>2026-07-02T18:46:12+00:00</time>
      </trkpt>
      <trkpt lat="46.14067" lon="6.74424">
        <ele>1343</ele>
        <time>2026-07-02T18:46:15+00:00</time>
      </trkpt>
      <trkpt lat="46.14057" lon="6.7443">
        <ele>1342</ele>
        <time>2026-07-02T18:46:18+00:00</time>
      </trkpt>
      <trkpt lat="46.1405" lon="6.74431">
        <ele>1342</ele>
        <time>2026-07-02T18:46:21+00:00</time>
      </trkpt>
      <trkpt lat="46.14043" lon="6.74431">
        <ele>1343</ele>
        <time>2026-07-02T18:46:24+00:00</time>
      </trkpt>
      <trkpt lat="46.14034" lon="6.74429">
        <ele>1346</ele>
        <time>2026-07-02T18:46:27+00:00</time>
      </trkpt>
      <trkpt lat="46.14028" lon="6.74431">
        <ele>1346</ele>
        <time>2026-07-02T18:46:30+00:00</time>
      </trkpt>
      <trkpt lat="46.14023" lon="6.74436">
        <ele>1346</ele>
        <time>2026-07-02T18:46:33+00:00</time>
      </trkpt>
      <trkpt lat="46.14019" lon="6.74444">
        <ele>1350</ele>
        <time>2026-07-02T18:46:36+00:00</time>
      </trkpt>
      <trkpt lat="46.14013" lon="6.74448">
        <ele>1350</ele>
        <time>2026-07-02T18:46:39+00:00</time>
      </trkpt>
      <trkpt lat="46.14008" lon="6.74449">
        <ele>1351</ele>
        <time>2026-07-02T18:46:42+00:00</time>
      </trkpt>
      <trkpt lat="46.14002" lon="6.74447">
        <ele>1351</ele>
        <time>2026-07-02T18:46:45+00:00</time>
      </trkpt>
      <trkpt lat="46.13997" lon="6.74444">
        <ele>1352</ele>
        <time>2026-07-02T18:46:48+00:00</time>
      </trkpt>
      <trkpt lat="46.13993" lon="6.74443">
        <ele>1352</ele>
        <time>2026-07-02T18:46:51+00:00</time>
      </trkpt>
      <trkpt lat="46.13986" lon="6.74444">
        <ele>1354</ele>
        <time>2026-07-02T18:46:54+00:00</time>
      </trkpt>
      <trkpt lat="46.13981" lon="6.74442">
        <ele>1354</ele>
        <time>2026-07-02T18:46:57+00:00</time>
      </trkpt>
      <trkpt lat="46.13978" lon="6.74439">
        <ele>1355</ele>
        <time>2026-07-02T18:47:00+00:00</time>
      </trkpt>
      <trkpt lat="46.13973" lon="6.74436">
        <ele>1355</ele>
        <time>2026-07-02T18:47:03+00:00</time>
      </trkpt>
      <trkpt lat="46.1397" lon="6.74436">
        <ele>1356</ele>
        <time>2026-07-02T18:47:06+00:00</time>
      </trkpt>
      <trkpt lat="46.13965" lon="6.74435">
        <ele>1356</ele>
        <time>2026-07-02T18:47:09+00:00</time>
      </trkpt>
      <trkpt lat="46.1396" lon="6.74432">
        <ele>1356</ele>
        <time>2026-07-02T18:47:12+00:00</time>
      </trkpt>
      <trkpt lat="46.13953" lon="6.74424">
        <ele>1358</ele>
        <time>2026-07-02T18:47:15+00:00</time>
      </trkpt>
      <trkpt lat="46.13948" lon="6.74417">
        <ele>1363</ele>
        <time>2026-07-02T18:47:18+00:00</time>
      </trkpt>
      <trkpt lat="46.1394" lon="6.74413">
        <ele>1363</ele>
        <time>2026-07-02T18:47:21+00:00</time>
      </trkpt>
      <trkpt lat="46.13935" lon="6.74409">
        <ele>1364</ele>
        <time>2026-07-02T18:47:24+00:00</time>
      </trkpt>
      <trkpt lat="46.13932" lon="6.74404">
        <ele>1364</ele>
        <time>2026-07-02T18:47:27+00:00</time>
      </trkpt>
      <trkpt lat="46.13928" lon="6.74391">
        <ele>1367</ele>
        <time>2026-07-02T18:47:30+00:00</time>
      </trkpt>
      <trkpt lat="46.13925" lon="6.74383">
        <ele>1369</ele>
        <time>2026-07-02T18:47:33+00:00</time>
      </trkpt>
      <trkpt lat="46.13919" lon="6.74381">
        <ele>1376</ele>
        <time>2026-07-02T18:47:36+00:00</time>
      </trkpt>
      <trkpt lat="46.13908" lon="6.74388">
        <ele>1380</ele>
        <time>2026-07-02T18:47:39+00:00</time>
      </trkpt>
      <trkpt lat="46.13902" lon="6.74394">
        <ele>1375</ele>
        <time>2026-07-02T18:47:42+00:00</time>
      </trkpt>
      <trkpt lat="46.13893" lon="6.7441">
        <ele>1377</ele>
        <time>2026-07-02T18:47:45+00:00</time>
      </trkpt>
      <trkpt lat="46.13884" lon="6.74427">
        <ele>1385</ele>
        <time>2026-07-02T18:47:48+00:00</time>
      </trkpt>
      <trkpt lat="46.13876" lon="6.74444">
        <ele>1388</ele>
        <time>2026-07-02T18:47:51+00:00</time>
      </trkpt>
      <trkpt lat="46.13865" lon="6.74472">
        <ele>1392</ele>
        <time>2026-07-02T18:47:54+00:00</time>
      </trkpt>
      <trkpt lat="46.13854" lon="6.74498">
        <ele>1400</ele>
        <time>2026-07-02T18:47:57+00:00</time>
      </trkpt>
      <trkpt lat="46.13847" lon="6.74516">
        <ele>1405</ele>
        <time>2026-07-02T18:48:00+00:00</time>
      </trkpt>
      <trkpt lat="46.13842" lon="6.74531">
        <ele>1402</ele>
        <time>2026-07-02T18:48:03+00:00</time>
      </trkpt>
      <trkpt lat="46.13835" lon="6.74555">
        <ele>1407</ele>
        <time>2026-07-02T18:48:06+00:00</time>
      </trkpt>
      <trkpt lat="46.13833" lon="6.74567">
        <ele>1405</ele>
        <time>2026-07-02T18:48:09+00:00</time>
      </trkpt>
      <trkpt lat="46.13831" lon="6.74577">
        <ele>1404</ele>
        <time>2026-07-02T18:48:12+00:00</time>
      </trkpt>
      <trkpt lat="46.1383" lon="6.74591">
        <ele>1406</ele>
        <time>2026-07-02T18:48:15+00:00</time>
      </trkpt>
      <trkpt lat="46.1383" lon="6.74601">
        <ele>1408</ele>
        <time>2026-07-02T18:48:18+00:00</time>
      </trkpt>
      <trkpt lat="46.1383" lon="6.7461">
        <ele>1416</ele>
        <time>2026-07-02T18:48:21+00:00</time>
      </trkpt>
      <trkpt lat="46.13826" lon="6.7462">
        <ele>1415</ele>
        <time>2026-07-02T18:48:24+00:00</time>
      </trkpt>
      <trkpt lat="46.13822" lon="6.74626">
        <ele>1415</ele>
        <time>2026-07-02T18:48:27+00:00</time>
      </trkpt>
      <trkpt lat="46.13813" lon="6.7464">
        <ele>1414</ele>
        <time>2026-07-02T18:48:30+00:00</time>
      </trkpt>
      <trkpt lat="46.13813" lon="6.74641">
        <ele>1414</ele>
        <time>2026-07-02T18:48:33+00:00</time>
      </trkpt>
      <trkpt lat="46.13809" lon="6.74648">
        <ele>1418</ele>
        <time>2026-07-02T18:48:36+00:00</time>
      </trkpt>
      <trkpt lat="46.13804" lon="6.74666">
        <ele>1418</ele>
        <time>2026-07-02T18:48:39+00:00</time>
      </trkpt>
      <trkpt lat="46.13799" lon="6.74679">
        <ele>1423</ele>
        <time>2026-07-02T18:48:42+00:00</time>
      </trkpt>
      <trkpt lat="46.13795" lon="6.74685">
        <ele>1423</ele>
        <time>2026-07-02T18:48:45+00:00</time>
      </trkpt>
      <trkpt lat="46.13792" lon="6.74687">
        <ele>1423</ele>
        <time>2026-07-02T18:48:48+00:00</time>
      </trkpt>
      <trkpt lat="46.13787" lon="6.74685">
        <ele>1423</ele>
        <time>2026-07-02T18:48:51+00:00</time>
      </trkpt>
      <trkpt lat="46.13783" lon="6.74679">
        <ele>1424</ele>
        <time>2026-07-02T18:48:54+00:00</time>
      </trkpt>
      <trkpt lat="46.13779" lon="6.74668">
        <ele>1426</ele>
        <time>2026-07-02T18:48:57+00:00</time>
      </trkpt>
      <trkpt lat="46.13776" lon="6.74656">
        <ele>1427</ele>
        <time>2026-07-02T18:49:00+00:00</time>
      </trkpt>
      <trkpt lat="46.13776" lon="6.74641">
        <ele>1428</ele>
        <time>2026-07-02T18:49:03+00:00</time>
      </trkpt>
      <trkpt lat="46.13777" lon="6.74628">
        <ele>1430</ele>
        <time>2026-07-02T18:49:06+00:00</time>
      </trkpt>
      <trkpt lat="46.13776" lon="6.74619">
        <ele>1430</ele>
        <time>2026-07-02T18:49:09+00:00</time>
      </trkpt>
      <trkpt lat="46.13775" lon="6.74605">
        <ele>1429</ele>
        <time>2026-07-02T18:49:12+00:00</time>
      </trkpt>
      <trkpt lat="46.13771" lon="6.74584">
        <ele>1430</ele>
        <time>2026-07-02T18:49:15+00:00</time>
      </trkpt>
      <trkpt lat="46.13768" lon="6.74569">
        <ele>1434</ele>
        <time>2026-07-02T18:49:18+00:00</time>
      </trkpt>
      <trkpt lat="46.13768" lon="6.74559">
        <ele>1435</ele>
        <time>2026-07-02T18:49:21+00:00</time>
      </trkpt>
      <trkpt lat="46.1377" lon="6.74551">
        <ele>1435</ele>
        <time>2026-07-02T18:49:24+00:00</time>
      </trkpt>
      <trkpt lat="46.13775" lon="6.74538">
        <ele>1435</ele>
        <time>2026-07-02T18:49:27+00:00</time>
      </trkpt>
      <trkpt lat="46.13783" lon="6.7452">
        <ele>1437</ele>
        <time>2026-07-02T18:49:30+00:00</time>
      </trkpt>
      <trkpt lat="46.13784" lon="6.74515">
        <ele>1437</ele>
        <time>2026-07-02T18:49:33+00:00</time>
      </trkpt>
      <trkpt lat="46.13782" lon="6.74511">
        <ele>1437</ele>
        <time>2026-07-02T18:49:36+00:00</time>
      </trkpt>
      <trkpt lat="46.13778" lon="6.7451">
        <ele>1439</ele>
        <time>2026-07-02T18:49:39+00:00</time>
      </trkpt>
      <trkpt lat="46.13773" lon="6.74514">
        <ele>1439</ele>
        <time>2026-07-02T18:49:42+00:00</time>
      </trkpt>
      <trkpt lat="46.13765" lon="6.7452">
        <ele>1443</ele>
        <time>2026-07-02T18:49:45+00:00</time>
      </trkpt>
      <trkpt lat="46.13759" lon="6.74521">
        <ele>1444</ele>
        <time>2026-07-02T18:49:48+00:00</time>
      </trkpt>
      <trkpt lat="46.13748" lon="6.74521">
        <ele>1446</ele>
        <time>2026-07-02T18:49:51+00:00</time>
      </trkpt>
      <trkpt lat="46.13739" lon="6.74519">
        <ele>1449</ele>
        <time>2026-07-02T18:49:54+00:00</time>
      </trkpt>
      <trkpt lat="46.13731" lon="6.74517">
        <ele>1449</ele>
        <time>2026-07-02T18:49:57+00:00</time>
      </trkpt>
      <trkpt lat="46.13725" lon="6.74517">
        <ele>1454</ele>
        <time>2026-07-02T18:50:00+00:00</time>
      </trkpt>
      <trkpt lat="46.13715" lon="6.74519">
        <ele>1456</ele>
        <time>2026-07-02T18:50:03+00:00</time>
      </trkpt>
      <trkpt lat="46.13693" lon="6.74519">
        <ele>1462</ele>
        <time>2026-07-02T18:50:06+00:00</time>
      </trkpt>
      <trkpt lat="46.1368" lon="6.74517">
        <ele>1464</ele>
        <time>2026-07-02T18:50:09+00:00</time>
      </trkpt>
      <trkpt lat="46.13676" lon="6.74514">
        <ele>1464</ele>
        <time>2026-07-02T18:50:12+00:00</time>
      </trkpt>
      <trkpt lat="46.13674" lon="6.74507">
        <ele>1466</ele>
        <time>2026-07-02T18:50:15+00:00</time>
      </trkpt>
      <trkpt lat="46.13671" lon="6.74495">
        <ele>1468</ele>
        <time>2026-07-02T18:50:18+00:00</time>
      </trkpt>
      <trkpt lat="46.13667" lon="6.74487">
        <ele>1470</ele>
        <time>2026-07-02T18:50:21+00:00</time>
      </trkpt>
      <trkpt lat="46.13662" lon="6.74482">
        <ele>1470</ele>
        <time>2026-07-02T18:50:24+00:00</time>
      </trkpt>
      <trkpt lat="46.13657" lon="6.74481">
        <ele>1471</ele>
        <time>2026-07-02T18:50:27+00:00</time>
      </trkpt>
      <trkpt lat="46.13654" lon="6.74483">
        <ele>1471</ele>
        <time>2026-07-02T18:50:30+00:00</time>
      </trkpt>
      <trkpt lat="46.13651" lon="6.74485">
        <ele>1471</ele>
        <time>2026-07-02T18:50:33+00:00</time>
      </trkpt>
      <trkpt lat="46.13644" lon="6.74499">
        <ele>1472</ele>
        <time>2026-07-02T18:50:36+00:00</time>
      </trkpt>
      <trkpt lat="46.13632" lon="6.74525">
        <ele>1474</ele>
        <time>2026-07-02T18:50:39+00:00</time>
      </trkpt>
      <trkpt lat="46.13629" lon="6.74529">
        <ele>1477</ele>
        <time>2026-07-02T18:50:42+00:00</time>
      </trkpt>
      <trkpt lat="46.13625" lon="6.74531">
        <ele>1476</ele>
        <time>2026-07-02T18:50:45+00:00</time>
      </trkpt>
      <trkpt lat="46.13622" lon="6.74529">
        <ele>1477</ele>
        <time>2026-07-02T18:50:48+00:00</time>
      </trkpt>
      <trkpt lat="46.1362" lon="6.74521">
        <ele>1480</ele>
        <time>2026-07-02T18:50:51+00:00</time>
      </trkpt>
      <trkpt lat="46.13619" lon="6.74511">
        <ele>1480</ele>
        <time>2026-07-02T18:50:54+00:00</time>
      </trkpt>
      <trkpt lat="46.13616" lon="6.74505">
        <ele>1480</ele>
        <time>2026-07-02T18:50:57+00:00</time>
      </trkpt>
      <trkpt lat="46.13611" lon="6.74503">
        <ele>1480</ele>
        <time>2026-07-02T18:51:00+00:00</time>
      </trkpt>
      <trkpt lat="46.13607" lon="6.74506">
        <ele>1486</ele>
        <time>2026-07-02T18:51:03+00:00</time>
      </trkpt>
      <trkpt lat="46.13604" lon="6.74511">
        <ele>1486</ele>
        <time>2026-07-02T18:51:06+00:00</time>
      </trkpt>
      <trkpt lat="46.13602" lon="6.74528">
        <ele>1485</ele>
        <time>2026-07-02T18:51:09+00:00</time>
      </trkpt>
      <trkpt lat="46.136" lon="6.74542">
        <ele>1487</ele>
        <time>2026-07-02T18:51:12+00:00</time>
      </trkpt>
      <trkpt lat="46.13595" lon="6.74557">
        <ele>1490</ele>
        <time>2026-07-02T18:51:15+00:00</time>
      </trkpt>
      <trkpt lat="46.13589" lon="6.7457">
        <ele>1495</ele>
        <time>2026-07-02T18:51:18+00:00</time>
      </trkpt>
      <trkpt lat="46.13582" lon="6.74581">
        <ele>1492</ele>
        <time>2026-07-02T18:51:21+00:00</time>
      </trkpt>
      <trkpt lat="46.13576" lon="6.7459">
        <ele>1500</ele>
        <time>2026-07-02T18:51:24+00:00</time>
      </trkpt>
      <trkpt lat="46.13573" lon="6.74598">
        <ele>1498</ele>
        <time>2026-07-02T18:51:27+00:00</time>
      </trkpt>
      <trkpt lat="46.13571" lon="6.74602">
        <ele>1497</ele>
        <time>2026-07-02T18:51:30+00:00</time>
      </trkpt>
      <trkpt lat="46.13568" lon="6.74605">
        <ele>1498</ele>
        <time>2026-07-02T18:51:33+00:00</time>
      </trkpt>
      <trkpt lat="46.13565" lon="6.74603">
        <ele>1498</ele>
        <time>2026-07-02T18:51:36+00:00</time>
      </trkpt>
      <trkpt lat="46.13562" lon="6.74607">
        <ele>1498</ele>
        <time>2026-07-02T18:51:39+00:00</time>
      </trkpt>
      <trkpt lat="46.13559" lon="6.74609">
        <ele>1502</ele>
        <time>2026-07-02T18:51:42+00:00</time>
      </trkpt>
      <trkpt lat="46.1355" lon="6.74612">
        <ele>1500</ele>
        <time>2026-07-02T18:51:45+00:00</time>
      </trkpt>
      <trkpt lat="46.13544" lon="6.74615">
        <ele>1504</ele>
        <time>2026-07-02T18:51:48+00:00</time>
      </trkpt>
      <trkpt lat="46.1354" lon="6.74618">
        <ele>1504</ele>
        <time>2026-07-02T18:51:51+00:00</time>
      </trkpt>
      <trkpt lat="46.13536" lon="6.74627">
        <ele>1505</ele>
        <time>2026-07-02T18:51:54+00:00</time>
      </trkpt>
      <trkpt lat="46.13533" lon="6.74633">
        <ele>1503</ele>
        <time>2026-07-02T18:51:57+00:00</time>
      </trkpt>
      <trkpt lat="46.13529" lon="6.74638">
        <ele>1506</ele>
        <time>2026-07-02T18:52:00+00:00</time>
      </trkpt>
      <trkpt lat="46.13524" lon="6.74643">
        <ele>1502</ele>
        <time>2026-07-02T18:52:03+00:00</time>
      </trkpt>
      <trkpt lat="46.13519" lon="6.74649">
        <ele>1507</ele>
        <time>2026-07-02T18:52:06+00:00</time>
      </trkpt>
      <trkpt lat="46.13512" lon="6.74658">
        <ele>1505</ele>
        <time>2026-07-02T18:52:09+00:00</time>
      </trkpt>
      <trkpt lat="46.13502" lon="6.74667">
        <ele>1503</ele>
        <time>2026-07-02T18:52:12+00:00</time>
      </trkpt>
      <trkpt lat="46.1349" lon="6.74672">
        <ele>1505</ele>
        <time>2026-07-02T18:52:15+00:00</time>
      </trkpt>
      <trkpt lat="46.13481" lon="6.74673">
        <ele>1505</ele>
        <time>2026-07-02T18:52:18+00:00</time>
      </trkpt>
      <trkpt lat="46.13474" lon="6.74681">
        <ele>1507</ele>
        <time>2026-07-02T18:52:21+00:00</time>
      </trkpt>
      <trkpt lat="46.13465" lon="6.74696">
        <ele>1509</ele>
        <time>2026-07-02T18:52:24+00:00</time>
      </trkpt>
      <trkpt lat="46.13456" lon="6.74708">
        <ele>1512</ele>
        <time>2026-07-02T18:52:27+00:00</time>
      </trkpt>
      <trkpt lat="46.13452" lon="6.74713">
        <ele>1510</ele>
        <time>2026-07-02T18:52:30+00:00</time>
      </trkpt>
      <trkpt lat="46.13448" lon="6.74719">
        <ele>1513</ele>
        <time>2026-07-02T18:52:33+00:00</time>
      </trkpt>
      <trkpt lat="46.13445" lon="6.74727">
        <ele>1512</ele>
        <time>2026-07-02T18:52:36+00:00</time>
      </trkpt>
      <trkpt lat="46.13444" lon="6.74736">
        <ele>1512</ele>
        <time>2026-07-02T18:52:39+00:00</time>
      </trkpt>
      <trkpt lat="46.13442" lon="6.7474">
        <ele>1512</ele>
        <time>2026-07-02T18:52:42+00:00</time>
      </trkpt>
      <trkpt lat="46.13438" lon="6.74743">
        <ele>1515</ele>
        <time>2026-07-02T18:52:45+00:00</time>
      </trkpt>
      <trkpt lat="46.13436" lon="6.74749">
        <ele>1515</ele>
        <time>2026-07-02T18:52:48+00:00</time>
      </trkpt>
      <trkpt lat="46.13433" lon="6.74753">
        <ele>1514</ele>
        <time>2026-07-02T18:52:51+00:00</time>
      </trkpt>
      <trkpt lat="46.13427" lon="6.74764">
        <ele>1517</ele>
        <time>2026-07-02T18:52:54+00:00</time>
      </trkpt>
      <trkpt lat="46.13425" lon="6.74771">
        <ele>1517</ele>
        <time>2026-07-02T18:52:57+00:00</time>
      </trkpt>
      <trkpt lat="46.1342" lon="6.74783">
        <ele>1520</ele>
        <time>2026-07-02T18:53:00+00:00</time>
      </trkpt>
      <trkpt lat="46.13418" lon="6.74791">
        <ele>1520</ele>
        <time>2026-07-02T18:53:03+00:00</time>
      </trkpt>
      <trkpt lat="46.13415" lon="6.74798">
        <ele>1520</ele>
        <time>2026-07-02T18:53:06+00:00</time>
      </trkpt>
      <trkpt lat="46.13411" lon="6.74806">
        <ele>1519</ele>
        <time>2026-07-02T18:53:09+00:00</time>
      </trkpt>
      <trkpt lat="46.13407" lon="6.74817">
        <ele>1523</ele>
        <time>2026-07-02T18:53:12+00:00</time>
      </trkpt>
      <trkpt lat="46.13401" lon="6.7483">
        <ele>1522</ele>
        <time>2026-07-02T18:53:15+00:00</time>
      </trkpt>
      <trkpt lat="46.13395" lon="6.74847">
        <ele>1526</ele>
        <time>2026-07-02T18:53:18+00:00</time>
      </trkpt>
      <trkpt lat="46.13395" lon="6.74858">
        <ele>1527</ele>
        <time>2026-07-02T18:53:21+00:00</time>
      </trkpt>
      <trkpt lat="46.13395" lon="6.74861">
        <ele>1527</ele>
        <time>2026-07-02T18:53:24+00:00</time>
      </trkpt>
      <trkpt lat="46.13395" lon="6.74862">
        <ele>1527</ele>
        <time>2026-07-02T18:53:27+00:00</time>
      </trkpt>
      <trkpt lat="46.13395" lon="6.74868">
        <ele>1527</ele>
        <time>2026-07-02T18:53:30+00:00</time>
      </trkpt>
      <trkpt lat="46.13394" lon="6.74876">
        <ele>1528</ele>
        <time>2026-07-02T18:53:33+00:00</time>
      </trkpt>
      <trkpt lat="46.13393" lon="6.74886">
        <ele>1528</ele>
        <time>2026-07-02T18:53:36+00:00</time>
      </trkpt>
      <trkpt lat="46.13393" lon="6.74892">
        <ele>1529</ele>
        <time>2026-07-02T18:53:39+00:00</time>
      </trkpt>
      <trkpt lat="46.13394" lon="6.74901">
        <ele>1530</ele>
        <time>2026-07-02T18:53:42+00:00</time>
      </trkpt>
      <trkpt lat="46.13396" lon="6.74906">
        <ele>1530</ele>
        <time>2026-07-02T18:53:45+00:00</time>
      </trkpt>
      <trkpt lat="46.13398" lon="6.74912">
        <ele>1528</ele>
        <time>2026-07-02T18:53:48+00:00</time>
      </trkpt>
      <trkpt lat="46.134" lon="6.7492">
        <ele>1527</ele>
        <time>2026-07-02T18:53:51+00:00</time>
      </trkpt>
      <trkpt lat="46.13401" lon="6.74925">
        <ele>1528</ele>
        <time>2026-07-02T18:53:54+00:00</time>
      </trkpt>
      <trkpt lat="46.13403" lon="6.74927">
        <ele>1528</ele>
        <time>2026-07-02T18:53:57+00:00</time>
      </trkpt>
      <trkpt lat="46.13404" lon="6.74927">
        <ele>1528</ele>
        <time>2026-07-02T18:54:00+00:00</time>
      </trkpt>
      <trkpt lat="46.13407" lon="6.74931">
        <ele>1529</ele>
        <time>2026-07-02T18:54:03+00:00</time>
      </trkpt>
      <trkpt lat="46.13409" lon="6.74934">
        <ele>1529</ele>
        <time>2026-07-02T18:54:06+00:00</time>
      </trkpt>
      <trkpt lat="46.13413" lon="6.74939">
        <ele>1530</ele>
        <time>2026-07-02T18:54:09+00:00</time>
      </trkpt>
      <trkpt lat="46.13417" lon="6.74954">
        <ele>1533</ele>
        <time>2026-07-02T18:54:12+00:00</time>
      </trkpt>
      <trkpt lat="46.13421" lon="6.74976">
        <ele>1536</ele>
        <time>2026-07-02T18:54:15+00:00</time>
      </trkpt>
      <trkpt lat="46.13423" lon="6.74987">
        <ele>1538</ele>
        <time>2026-07-02T18:54:18+00:00</time>
      </trkpt>
      <trkpt lat="46.13425" lon="6.7499">
        <ele>1538</ele>
        <time>2026-07-02T18:54:21+00:00</time>
      </trkpt>
      <trkpt lat="46.13427" lon="6.74997">
        <ele>1539</ele>
        <time>2026-07-02T18:54:24+00:00</time>
      </trkpt>
      <trkpt lat="46.1343" lon="6.74998">
        <ele>1536</ele>
        <time>2026-07-02T18:54:27+00:00</time>
      </trkpt>
      <trkpt lat="46.13432" lon="6.74999">
        <ele>1536</ele>
        <time>2026-07-02T18:54:30+00:00</time>
      </trkpt>
      <trkpt lat="46.13436" lon="6.74998">
        <ele>1536</ele>
        <time>2026-07-02T18:54:33+00:00</time>
      </trkpt>
      <trkpt lat="46.13436" lon="6.74996">
        <ele>1536</ele>
        <time>2026-07-02T18:54:36+00:00</time>
      </trkpt>
      <trkpt lat="46.13439" lon="6.74994">
        <ele>1536</ele>
        <time>2026-07-02T18:54:39+00:00</time>
      </trkpt>
      <trkpt lat="46.13442" lon="6.74993">
        <ele>1538</ele>
        <time>2026-07-02T18:54:42+00:00</time>
      </trkpt>
      <trkpt lat="46.13445" lon="6.74993">
        <ele>1538</ele>
        <time>2026-07-02T18:54:45+00:00</time>
      </trkpt>
      <trkpt lat="46.13449" lon="6.74996">
        <ele>1538</ele>
        <time>2026-07-02T18:54:48+00:00</time>
      </trkpt>
      <trkpt lat="46.13452" lon="6.74996">
        <ele>1541</ele>
        <time>2026-07-02T18:54:51+00:00</time>
      </trkpt>
      <trkpt lat="46.13459" lon="6.74995">
        <ele>1541</ele>
        <time>2026-07-02T18:54:54+00:00</time>
      </trkpt>
      <trkpt lat="46.13472" lon="6.74993">
        <ele>1547</ele>
        <time>2026-07-02T18:54:57+00:00</time>
      </trkpt>
      <trkpt lat="46.13477" lon="6.74995">
        <ele>1547</ele>
        <time>2026-07-02T18:55:00+00:00</time>
      </trkpt>
      <trkpt lat="46.13486" lon="6.74999">
        <ele>1547</ele>
        <time>2026-07-02T18:55:03+00:00</time>
      </trkpt>
      <trkpt lat="46.13493" lon="6.75007">
        <ele>1549</ele>
        <time>2026-07-02T18:55:06+00:00</time>
      </trkpt>
      <trkpt lat="46.13498" lon="6.75017">
        <ele>1552</ele>
        <time>2026-07-02T18:55:09+00:00</time>
      </trkpt>
      <trkpt lat="46.13499" lon="6.75022">
        <ele>1557</ele>
        <time>2026-07-02T18:55:12+00:00</time>
      </trkpt>
      <trkpt lat="46.13497" lon="6.75025">
        <ele>1557</ele>
        <time>2026-07-02T18:55:15+00:00</time>
      </trkpt>
      <trkpt lat="46.13491" lon="6.75025">
        <ele>1557</ele>
        <time>2026-07-02T18:55:18+00:00</time>
      </trkpt>
      <trkpt lat="46.13483" lon="6.75022">
        <ele>1561</ele>
        <time>2026-07-02T18:55:21+00:00</time>
      </trkpt>
      <trkpt lat="46.13481" lon="6.75019">
        <ele>1556</ele>
        <time>2026-07-02T18:55:24+00:00</time>
      </trkpt>
      <trkpt lat="46.13478" lon="6.7502">
        <ele>1559</ele>
        <time>2026-07-02T18:55:27+00:00</time>
      </trkpt>
      <trkpt lat="46.13478" lon="6.75026">
        <ele>1559</ele>
        <time>2026-07-02T18:55:30+00:00</time>
      </trkpt>
      <trkpt lat="46.1348" lon="6.75029">
        <ele>1561</ele>
        <time>2026-07-02T18:55:33+00:00</time>
      </trkpt>
      <trkpt lat="46.1348" lon="6.75032">
        <ele>1563</ele>
        <time>2026-07-02T18:55:36+00:00</time>
      </trkpt>
      <trkpt lat="46.13484" lon="6.75042">
        <ele>1565</ele>
        <time>2026-07-02T18:55:39+00:00</time>
      </trkpt>
      <trkpt lat="46.13485" lon="6.75049">
        <ele>1565</ele>
        <time>2026-07-02T18:55:42+00:00</time>
      </trkpt>
      <trkpt lat="46.13488" lon="6.75056">
        <ele>1568</ele>
        <time>2026-07-02T18:55:45+00:00</time>
      </trkpt>
      <trkpt lat="46.13489" lon="6.75064">
        <ele>1570</ele>
        <time>2026-07-02T18:55:48+00:00</time>
      </trkpt>
      <trkpt lat="46.13489" lon="6.75073">
        <ele>1573</ele>
        <time>2026-07-02T18:55:51+00:00</time>
      </trkpt>
      <trkpt lat="46.13487" lon="6.75082">
        <ele>1576</ele>
        <time>2026-07-02T18:55:54+00:00</time>
      </trkpt>
      <trkpt lat="46.13483" lon="6.75086">
        <ele>1576</ele>
        <time>2026-07-02T18:55:57+00:00</time>
      </trkpt>
      <trkpt lat="46.13478" lon="6.75091">
        <ele>1579</ele>
        <time>2026-07-02T18:56:00+00:00</time>
      </trkpt>
      <trkpt lat="46.13477" lon="6.75097">
        <ele>1579</ele>
        <time>2026-07-02T18:56:03+00:00</time>
      </trkpt>
      <trkpt lat="46.13479" lon="6.75104">
        <ele>1582</ele>
        <time>2026-07-02T18:56:06+00:00</time>
      </trkpt>
      <trkpt lat="46.1348" lon="6.7511">
        <ele>1581</ele>
        <time>2026-07-02T18:56:09+00:00</time>
      </trkpt>
      <trkpt lat="46.13478" lon="6.75112">
        <ele>1587</ele>
        <time>2026-07-02T18:56:12+00:00</time>
      </trkpt>
      <trkpt lat="46.13472" lon="6.75112">
        <ele>1587</ele>
        <time>2026-07-02T18:56:15+00:00</time>
      </trkpt>
      <trkpt lat="46.13468" lon="6.75113">
        <ele>1588</ele>
        <time>2026-07-02T18:56:18+00:00</time>
      </trkpt>
      <trkpt lat="46.13466" lon="6.75114">
        <ele>1588</ele>
        <time>2026-07-02T18:56:21+00:00</time>
      </trkpt>
      <trkpt lat="46.13459" lon="6.75123">
        <ele>1589</ele>
        <time>2026-07-02T18:56:24+00:00</time>
      </trkpt>
      <trkpt lat="46.13452" lon="6.75135">
        <ele>1593</ele>
        <time>2026-07-02T18:56:27+00:00</time>
      </trkpt>
      <trkpt lat="46.1345" lon="6.75142">
        <ele>1598</ele>
        <time>2026-07-02T18:56:30+00:00</time>
      </trkpt>
      <trkpt lat="46.1345" lon="6.75147">
        <ele>1598</ele>
        <time>2026-07-02T18:56:33+00:00</time>
      </trkpt>
      <trkpt lat="46.13453" lon="6.75158">
        <ele>1600</ele>
        <time>2026-07-02T18:56:36+00:00</time>
      </trkpt>
      <trkpt lat="46.13456" lon="6.75167">
        <ele>1601</ele>
        <time>2026-07-02T18:56:39+00:00</time>
      </trkpt>
      <trkpt lat="46.13462" lon="6.7518">
        <ele>1607</ele>
        <time>2026-07-02T18:56:42+00:00</time>
      </trkpt>
      <trkpt lat="46.13467" lon="6.75192">
        <ele>1610</ele>
        <time>2026-07-02T18:56:45+00:00</time>
      </trkpt>
      <trkpt lat="46.1347" lon="6.752">
        <ele>1612</ele>
        <time>2026-07-02T18:56:48+00:00</time>
      </trkpt>
      <trkpt lat="46.13471" lon="6.75212">
        <ele>1614</ele>
        <time>2026-07-02T18:56:51+00:00</time>
      </trkpt>
      <trkpt lat="46.13471" lon="6.75224">
        <ele>1614</ele>
        <time>2026-07-02T18:56:54+00:00</time>
      </trkpt>
      <trkpt lat="46.1347" lon="6.75241">
        <ele>1616</ele>
        <time>2026-07-02T18:56:57+00:00</time>
      </trkpt>
      <trkpt lat="46.13472" lon="6.75251">
        <ele>1617</ele>
        <time>2026-07-02T18:57:00+00:00</time>
      </trkpt>
      <trkpt lat="46.1348" lon="6.75255">
        <ele>1615</ele>
        <time>2026-07-02T18:57:03+00:00</time>
      </trkpt>
      <trkpt lat="46.13488" lon="6.75258">
        <ele>1616</ele>
        <time>2026-07-02T18:57:06+00:00</time>
      </trkpt>
      <trkpt lat="46.13501" lon="6.75261">
        <ele>1616</ele>
        <time>2026-07-02T18:57:09+00:00</time>
      </trkpt>
      <trkpt lat="46.13511" lon="6.7526">
        <ele>1615</ele>
        <time>2026-07-02T18:57:12+00:00</time>
      </trkpt>
      <trkpt lat="46.13518" lon="6.75254">
        <ele>1615</ele>
        <time>2026-07-02T18:57:15+00:00</time>
      </trkpt>
      <trkpt lat="46.13524" lon="6.75246">
        <ele>1616</ele>
        <time>2026-07-02T18:57:18+00:00</time>
      </trkpt>
      <trkpt lat="46.13531" lon="6.75243">
        <ele>1617</ele>
        <time>2026-07-02T18:57:21+00:00</time>
      </trkpt>
      <trkpt lat="46.13536" lon="6.75242">
        <ele>1617</ele>
        <time>2026-07-02T18:57:24+00:00</time>
      </trkpt>
      <trkpt lat="46.13543" lon="6.75243">
        <ele>1616</ele>
        <time>2026-07-02T18:57:27+00:00</time>
      </trkpt>
      <trkpt lat="46.13548" lon="6.75243">
        <ele>1616</ele>
        <time>2026-07-02T18:57:30+00:00</time>
      </trkpt>
      <trkpt lat="46.13555" lon="6.75244">
        <ele>1614</ele>
        <time>2026-07-02T18:57:33+00:00</time>
      </trkpt>
      <trkpt lat="46.13563" lon="6.75245">
        <ele>1612</ele>
        <time>2026-07-02T18:57:36+00:00</time>
      </trkpt>
      <trkpt lat="46.13565" lon="6.75243">
        <ele>1612</ele>
        <time>2026-07-02T18:57:39+00:00</time>
      </trkpt>
      <trkpt lat="46.13569" lon="6.75242">
        <ele>1612</ele>
        <time>2026-07-02T18:57:42+00:00</time>
      </trkpt>
      <trkpt lat="46.13575" lon="6.75244">
        <ele>1611</ele>
        <time>2026-07-02T18:57:45+00:00</time>
      </trkpt>
      <trkpt lat="46.13579" lon="6.75243">
        <ele>1611</ele>
        <time>2026-07-02T18:57:48+00:00</time>
      </trkpt>
      <trkpt lat="46.13585" lon="6.75241">
        <ele>1611</ele>
        <time>2026-07-02T18:57:51+00:00</time>
      </trkpt>
      <trkpt lat="46.1359" lon="6.75237">
        <ele>1607</ele>
        <time>2026-07-02T18:57:54+00:00</time>
      </trkpt>
      <trkpt lat="46.13594" lon="6.75235">
        <ele>1606</ele>
        <time>2026-07-02T18:57:57+00:00</time>
      </trkpt>
      <trkpt lat="46.13601" lon="6.75231">
        <ele>1609</ele>
        <time>2026-07-02T18:58:00+00:00</time>
      </trkpt>
      <trkpt lat="46.13608" lon="6.75228">
        <ele>1609</ele>
        <time>2026-07-02T18:58:03+00:00</time>
      </trkpt>
      <trkpt lat="46.13613" lon="6.75228">
        <ele>1608</ele>
        <time>2026-07-02T18:58:06+00:00</time>
      </trkpt>
      <trkpt lat="46.1362" lon="6.75226">
        <ele>1608</ele>
        <time>2026-07-02T18:58:09+00:00</time>
      </trkpt>
      <trkpt lat="46.13621" lon="6.75226">
        <ele>1607</ele>
        <time>2026-07-02T18:58:12+00:00</time>
      </trkpt>
      <trkpt lat="46.13628" lon="6.7522">
        <ele>1607</ele>
        <time>2026-07-02T18:58:15+00:00</time>
      </trkpt>
      <trkpt lat="46.13633" lon="6.75216">
        <ele>1605</ele>
        <time>2026-07-02T18:58:18+00:00</time>
      </trkpt>
      <trkpt lat="46.13635" lon="6.75212">
        <ele>1605</ele>
        <time>2026-07-02T18:58:21+00:00</time>
      </trkpt>
      <trkpt lat="46.13642" lon="6.75204">
        <ele>1605</ele>
        <time>2026-07-02T18:58:24+00:00</time>
      </trkpt>
      <trkpt lat="46.13651" lon="6.75199">
        <ele>1603</ele>
        <time>2026-07-02T18:58:27+00:00</time>
      </trkpt>
      <trkpt lat="46.13656" lon="6.75197">
        <ele>1598</ele>
        <time>2026-07-02T18:58:30+00:00</time>
      </trkpt>
      <trkpt lat="46.13659" lon="6.75194">
        <ele>1598</ele>
        <time>2026-07-02T18:58:33+00:00</time>
      </trkpt>
      <trkpt lat="46.13665" lon="6.7519">
        <ele>1601</ele>
        <time>2026-07-02T18:58:36+00:00</time>
      </trkpt>
      <trkpt lat="46.13672" lon="6.7519">
        <ele>1600</ele>
        <time>2026-07-02T18:58:39+00:00</time>
      </trkpt>
      <trkpt lat="46.13677" lon="6.75188">
        <ele>1597</ele>
        <time>2026-07-02T18:58:42+00:00</time>
      </trkpt>
      <trkpt lat="46.13686" lon="6.75183">
        <ele>1597</ele>
        <time>2026-07-02T18:58:45+00:00</time>
      </trkpt>
      <trkpt lat="46.13692" lon="6.75181">
        <ele>1598</ele>
        <time>2026-07-02T18:58:48+00:00</time>
      </trkpt>
      <trkpt lat="46.137" lon="6.75179">
        <ele>1596</ele>
        <time>2026-07-02T18:58:51+00:00</time>
      </trkpt>
      <trkpt lat="46.13714" lon="6.75176">
        <ele>1598</ele>
        <time>2026-07-02T18:58:54+00:00</time>
      </trkpt>
      <trkpt lat="46.13728" lon="6.75177">
        <ele>1598</ele>
        <time>2026-07-02T18:58:57+00:00</time>
      </trkpt>
      <trkpt lat="46.13738" lon="6.75179">
        <ele>1599</ele>
        <time>2026-07-02T18:59:00+00:00</time>
      </trkpt>
      <trkpt lat="46.13752" lon="6.75185">
        <ele>1602</ele>
        <time>2026-07-02T18:59:03+00:00</time>
      </trkpt>
      <trkpt lat="46.1376" lon="6.75191">
        <ele>1605</ele>
        <time>2026-07-02T18:59:06+00:00</time>
      </trkpt>
      <trkpt lat="46.13782" lon="6.75204">
        <ele>1604</ele>
        <time>2026-07-02T18:59:09+00:00</time>
      </trkpt>
      <trkpt lat="46.1379" lon="6.75207">
        <ele>1605</ele>
        <time>2026-07-02T18:59:12+00:00</time>
      </trkpt>
      <trkpt lat="46.13796" lon="6.75213">
        <ele>1608</ele>
        <time>2026-07-02T18:59:15+00:00</time>
      </trkpt>
      <trkpt lat="46.13801" lon="6.75218">
        <ele>1605</ele>
        <time>2026-07-02T18:59:18+00:00</time>
      </trkpt>
      <trkpt lat="46.13805" lon="6.75218">
        <ele>1603</ele>
        <time>2026-07-02T18:59:21+00:00</time>
      </trkpt>
      <trkpt lat="46.13806" lon="6.75218">
        <ele>1603</ele>
        <time>2026-07-02T18:59:24+00:00</time>
      </trkpt>
      <trkpt lat="46.13813" lon="6.75219">
        <ele>1604</ele>
        <time>2026-07-02T18:59:27+00:00</time>
      </trkpt>
      <trkpt lat="46.13818" lon="6.75223">
        <ele>1606</ele>
        <time>2026-07-02T18:59:30+00:00</time>
      </trkpt>
      <trkpt lat="46.13822" lon="6.75227">
        <ele>1607</ele>
        <time>2026-07-02T18:59:33+00:00</time>
      </trkpt>
      <trkpt lat="46.1383" lon="6.7523">
        <ele>1607</ele>
        <time>2026-07-02T18:59:36+00:00</time>
      </trkpt>
      <trkpt lat="46.1384" lon="6.75232">
        <ele>1608</ele>
        <time>2026-07-02T18:59:39+00:00</time>
      </trkpt>
      <trkpt lat="46.13853" lon="6.75235">
        <ele>1607</ele>
        <time>2026-07-02T18:59:42+00:00</time>
      </trkpt>
      <trkpt lat="46.13872" lon="6.75243">
        <ele>1609</ele>
        <time>2026-07-02T18:59:45+00:00</time>
      </trkpt>
      <trkpt lat="46.1389" lon="6.75248">
        <ele>1609</ele>
        <time>2026-07-02T18:59:48+00:00</time>
      </trkpt>
      <trkpt lat="46.13899" lon="6.75247">
        <ele>1609</ele>
        <time>2026-07-02T18:59:51+00:00</time>
      </trkpt>
      <trkpt lat="46.13905" lon="6.75242">
        <ele>1610</ele>
        <time>2026-07-02T18:59:54+00:00</time>
      </trkpt>
      <trkpt lat="46.13917" lon="6.75231">
        <ele>1605</ele>
        <time>2026-07-02T18:59:57+00:00</time>
      </trkpt>
      <trkpt lat="46.13928" lon="6.75231">
        <ele>1604</ele>
        <time>2026-07-02T19:00:00+00:00</time>
      </trkpt>
      <trkpt lat="46.13937" lon="6.75234">
        <ele>1604</ele>
        <time>2026-07-02T19:00:03+00:00</time>
      </trkpt>
      <trkpt lat="46.13954" lon="6.75242">
        <ele>1605</ele>
        <time>2026-07-02T19:00:06+00:00</time>
      </trkpt>
      <trkpt lat="46.13969" lon="6.75247">
        <ele>1603</ele>
        <time>2026-07-02T19:00:09+00:00</time>
      </trkpt>
      <trkpt lat="46.1398" lon="6.75258">
        <ele>1598</ele>
        <time>2026-07-02T19:00:12+00:00</time>
      </trkpt>
      <trkpt lat="46.13987" lon="6.75269">
        <ele>1599</ele>
        <time>2026-07-02T19:00:15+00:00</time>
      </trkpt>
      <trkpt lat="46.13995" lon="6.75287">
        <ele>1596</ele>
        <time>2026-07-02T19:00:18+00:00</time>
      </trkpt>
      <trkpt lat="46.14001" lon="6.75308">
        <ele>1596</ele>
        <time>2026-07-02T19:00:21+00:00</time>
      </trkpt>
      <trkpt lat="46.14005" lon="6.75327">
        <ele>1591</ele>
        <time>2026-07-02T19:00:24+00:00</time>
      </trkpt>
      <trkpt lat="46.14009" lon="6.75347">
        <ele>1593</ele>
        <time>2026-07-02T19:00:27+00:00</time>
      </trkpt>
      <trkpt lat="46.14032" lon="6.75367">
        <ele>1582</ele>
        <time>2026-07-02T19:00:30+00:00</time>
      </trkpt>
      <trkpt lat="46.14045" lon="6.75381">
        <ele>1582</ele>
        <time>2026-07-02T19:00:33+00:00</time>
      </trkpt>
      <trkpt lat="46.14054" lon="6.75386">
        <ele>1581</ele>
        <time>2026-07-02T19:00:36+00:00</time>
      </trkpt>
      <trkpt lat="46.14063" lon="6.75379">
        <ele>1581</ele>
        <time>2026-07-02T19:00:39+00:00</time>
      </trkpt>
      <trkpt lat="46.14068" lon="6.75377">
        <ele>1581</ele>
        <time>2026-07-02T19:00:42+00:00</time>
      </trkpt>
      <trkpt lat="46.14072" lon="6.75379">
        <ele>1579</ele>
        <time>2026-07-02T19:00:45+00:00</time>
      </trkpt>
      <trkpt lat="46.14076" lon="6.75382">
        <ele>1578</ele>
        <time>2026-07-02T19:00:48+00:00</time>
      </trkpt>
      <trkpt lat="46.1408" lon="6.75389">
        <ele>1577</ele>
        <time>2026-07-02T19:00:51+00:00</time>
      </trkpt>
      <trkpt lat="46.14084" lon="6.75398">
        <ele>1575</ele>
        <time>2026-07-02T19:00:54+00:00</time>
      </trkpt>
      <trkpt lat="46.14091" lon="6.75419">
        <ele>1572</ele>
        <time>2026-07-02T19:00:57+00:00</time>
      </trkpt>
      <trkpt lat="46.14095" lon="6.75422">
        <ele>1572</ele>
        <time>2026-07-02T19:01:00+00:00</time>
      </trkpt>
      <trkpt lat="46.14104" lon="6.75426">
        <ele>1567</ele>
        <time>2026-07-02T19:01:03+00:00</time>
      </trkpt>
      <trkpt lat="46.14113" lon="6.75425">
        <ele>1565</ele>
        <time>2026-07-02T19:01:06+00:00</time>
      </trkpt>
      <trkpt lat="46.14118" lon="6.75426">
        <ele>1565</ele>
        <time>2026-07-02T19:01:09+00:00</time>
      </trkpt>
      <trkpt lat="46.14122" lon="6.75427">
        <ele>1563</ele>
        <time>2026-07-02T19:01:12+00:00</time>
      </trkpt>
      <trkpt lat="46.14124" lon="6.75424">
        <ele>1563</ele>
        <time>2026-07-02T19:01:15+00:00</time>
      </trkpt>
      <trkpt lat="46.14125" lon="6.75419">
        <ele>1560</ele>
        <time>2026-07-02T19:01:18+00:00</time>
      </trkpt>
      <trkpt lat="46.14122" lon="6.75411">
        <ele>1560</ele>
        <time>2026-07-02T19:01:21+00:00</time>
      </trkpt>
      <trkpt lat="46.14121" lon="6.75404">
        <ele>1559</ele>
        <time>2026-07-02T19:01:24+00:00</time>
      </trkpt>
      <trkpt lat="46.14122" lon="6.75397">
        <ele>1560</ele>
        <time>2026-07-02T19:01:27+00:00</time>
      </trkpt>
      <trkpt lat="46.14126" lon="6.7539">
        <ele>1560</ele>
        <time>2026-07-02T19:01:30+00:00</time>
      </trkpt>
      <trkpt lat="46.14133" lon="6.75383">
        <ele>1557</ele>
        <time>2026-07-02T19:01:33+00:00</time>
      </trkpt>
      <trkpt lat="46.14143" lon="6.75372">
        <ele>1552</ele>
        <time>2026-07-02T19:01:36+00:00</time>
      </trkpt>
      <trkpt lat="46.1415" lon="6.75367">
        <ele>1549</ele>
        <time>2026-07-02T19:01:39+00:00</time>
      </trkpt>
      <trkpt lat="46.14153" lon="6.75368">
        <ele>1549</ele>
        <time>2026-07-02T19:01:42+00:00</time>
      </trkpt>
      <trkpt lat="46.14159" lon="6.75377">
        <ele>1550</ele>
        <time>2026-07-02T19:01:45+00:00</time>
      </trkpt>
      <trkpt lat="46.14161" lon="6.75383">
        <ele>1545</ele>
        <time>2026-07-02T19:01:48+00:00</time>
      </trkpt>
      <trkpt lat="46.14167" lon="6.75397">
        <ele>1544</ele>
        <time>2026-07-02T19:01:51+00:00</time>
      </trkpt>
      <trkpt lat="46.14173" lon="6.75406">
        <ele>1541</ele>
        <time>2026-07-02T19:01:54+00:00</time>
      </trkpt>
      <trkpt lat="46.14183" lon="6.75418">
        <ele>1539</ele>
        <time>2026-07-02T19:01:57+00:00</time>
      </trkpt>
      <trkpt lat="46.14194" lon="6.75429">
        <ele>1535</ele>
        <time>2026-07-02T19:02:00+00:00</time>
      </trkpt>
      <trkpt lat="46.14199" lon="6.75437">
        <ele>1535</ele>
        <time>2026-07-02T19:02:03+00:00</time>
      </trkpt>
      <trkpt lat="46.1421" lon="6.75444">
        <ele>1532</ele>
        <time>2026-07-02T19:02:06+00:00</time>
      </trkpt>
      <trkpt lat="46.14217" lon="6.75453">
        <ele>1533</ele>
        <time>2026-07-02T19:02:09+00:00</time>
      </trkpt>
      <trkpt lat="46.14219" lon="6.75465">
        <ele>1534</ele>
        <time>2026-07-02T19:02:12+00:00</time>
      </trkpt>
      <trkpt lat="46.14225" lon="6.75474">
        <ele>1525</ele>
        <time>2026-07-02T19:02:15+00:00</time>
      </trkpt>
      <trkpt lat="46.14236" lon="6.75478">
        <ele>1522</ele>
        <time>2026-07-02T19:02:18+00:00</time>
      </trkpt>
      <trkpt lat="46.14249" lon="6.75482">
        <ele>1519</ele>
        <time>2026-07-02T19:02:21+00:00</time>
      </trkpt>
      <trkpt lat="46.14269" lon="6.7549">
        <ele>1514</ele>
        <time>2026-07-02T19:02:24+00:00</time>
      </trkpt>
      <trkpt lat="46.14295" lon="6.75499">
        <ele>1504</ele>
        <time>2026-07-02T19:02:27+00:00</time>
      </trkpt>
      <trkpt lat="46.14299" lon="6.75504">
        <ele>1505</ele>
        <time>2026-07-02T19:02:30+00:00</time>
      </trkpt>
      <trkpt lat="46.14307" lon="6.75511">
        <ele>1503</ele>
        <time>2026-07-02T19:02:33+00:00</time>
      </trkpt>
      <trkpt lat="46.14315" lon="6.75529">
        <ele>1499</ele>
        <time>2026-07-02T19:02:36+00:00</time>
      </trkpt>
      <trkpt lat="46.14322" lon="6.75544">
        <ele>1495</ele>
        <time>2026-07-02T19:02:39+00:00</time>
      </trkpt>
      <trkpt lat="46.14336" lon="6.75572">
        <ele>1492</ele>
        <time>2026-07-02T19:02:42+00:00</time>
      </trkpt>
      <trkpt lat="46.14353" lon="6.75603">
        <ele>1484</ele>
        <time>2026-07-02T19:02:45+00:00</time>
      </trkpt>
      <trkpt lat="46.14363" lon="6.75619">
        <ele>1480</ele>
        <time>2026-07-02T19:02:48+00:00</time>
      </trkpt>
      <trkpt lat="46.14369" lon="6.75629">
        <ele>1480</ele>
        <time>2026-07-02T19:02:51+00:00</time>
      </trkpt>
      <trkpt lat="46.14372" lon="6.75637">
        <ele>1476</ele>
        <time>2026-07-02T19:02:54+00:00</time>
      </trkpt>
      <trkpt lat="46.14376" lon="6.75646">
        <ele>1474</ele>
        <time>2026-07-02T19:02:57+00:00</time>
      </trkpt>
      <trkpt lat="46.14382" lon="6.7565">
        <ele>1473</ele>
        <time>2026-07-02T19:03:00+00:00</time>
      </trkpt>
      <trkpt lat="46.14385" lon="6.75657">
        <ele>1472</ele>
        <time>2026-07-02T19:03:03+00:00</time>
      </trkpt>
      <trkpt lat="46.14387" lon="6.75669">
        <ele>1472</ele>
        <time>2026-07-02T19:03:06+00:00</time>
      </trkpt>
      <trkpt lat="46.14388" lon="6.75677">
        <ele>1472</ele>
        <time>2026-07-02T19:03:09+00:00</time>
      </trkpt>
      <trkpt lat="46.14386" lon="6.75683">
        <ele>1473</ele>
        <time>2026-07-02T19:03:12+00:00</time>
      </trkpt>
      <trkpt lat="46.14384" lon="6.75691">
        <ele>1469</ele>
        <time>2026-07-02T19:03:15+00:00</time>
      </trkpt>
      <trkpt lat="46.1437" lon="6.75711">
        <ele>1469</ele>
        <time>2026-07-02T19:03:18+00:00</time>
      </trkpt>
      <trkpt lat="46.14363" lon="6.75715">
        <ele>1468</ele>
        <time>2026-07-02T19:03:21+00:00</time>
      </trkpt>
      <trkpt lat="46.1435" lon="6.75731">
        <ele>1467</ele>
        <time>2026-07-02T19:03:24+00:00</time>
      </trkpt>
      <trkpt lat="46.14347" lon="6.75737">
        <ele>1467</ele>
        <time>2026-07-02T19:03:27+00:00</time>
      </trkpt>
      <trkpt lat="46.14341" lon="6.75766">
        <ele>1464</ele>
        <time>2026-07-02T19:03:30+00:00</time>
      </trkpt>
      <trkpt lat="46.14338" lon="6.75776">
        <ele>1466</ele>
        <time>2026-07-02T19:03:33+00:00</time>
      </trkpt>
      <trkpt lat="46.1433" lon="6.75799">
        <ele>1465</ele>
        <time>2026-07-02T19:03:36+00:00</time>
      </trkpt>
      <trkpt lat="46.14325" lon="6.75824">
        <ele>1466</ele>
        <time>2026-07-02T19:03:39+00:00</time>
      </trkpt>
      <trkpt lat="46.14321" lon="6.75837">
        <ele>1466</ele>
        <time>2026-07-02T19:03:42+00:00</time>
      </trkpt>
      <trkpt lat="46.14317" lon="6.75851">
        <ele>1471</ele>
        <time>2026-07-02T19:03:45+00:00</time>
      </trkpt>
      <trkpt lat="46.14312" lon="6.75862">
        <ele>1469</ele>
        <time>2026-07-02T19:03:48+00:00</time>
      </trkpt>
      <trkpt lat="46.1431" lon="6.75875">
        <ele>1469</ele>
        <time>2026-07-02T19:03:51+00:00</time>
      </trkpt>
      <trkpt lat="46.14305" lon="6.75891">
        <ele>1471</ele>
        <time>2026-07-02T19:03:54+00:00</time>
      </trkpt>
      <trkpt lat="46.143" lon="6.75905">
        <ele>1475</ele>
        <time>2026-07-02T19:03:57+00:00</time>
      </trkpt>
      <trkpt lat="46.14296" lon="6.75911">
        <ele>1473</ele>
        <time>2026-07-02T19:04:00+00:00</time>
      </trkpt>
      <trkpt lat="46.14293" lon="6.75917">
        <ele>1468</ele>
        <time>2026-07-02T19:04:03+00:00</time>
      </trkpt>
      <trkpt lat="46.1429" lon="6.7593">
        <ele>1470</ele>
        <time>2026-07-02T19:04:06+00:00</time>
      </trkpt>
      <trkpt lat="46.14285" lon="6.75942">
        <ele>1466</ele>
        <time>2026-07-02T19:04:09+00:00</time>
      </trkpt>
      <trkpt lat="46.14279" lon="6.75951">
        <ele>1468</ele>
        <time>2026-07-02T19:04:12+00:00</time>
      </trkpt>
      <trkpt lat="46.1427" lon="6.75963">
        <ele>1465</ele>
        <time>2026-07-02T19:04:15+00:00</time>
      </trkpt>
      <trkpt lat="46.1426" lon="6.75972">
        <ele>1460</ele>
        <time>2026-07-02T19:04:18+00:00</time>
      </trkpt>
      <trkpt lat="46.14255" lon="6.75975">
        <ele>1463</ele>
        <time>2026-07-02T19:04:21+00:00</time>
      </trkpt>
      <trkpt lat="46.14249" lon="6.75983">
        <ele>1464</ele>
        <time>2026-07-02T19:04:24+00:00</time>
      </trkpt>
      <trkpt lat="46.1424" lon="6.75993">
        <ele>1458</ele>
        <time>2026-07-02T19:04:27+00:00</time>
      </trkpt>
      <trkpt lat="46.14223" lon="6.76009">
        <ele>1464</ele>
        <time>2026-07-02T19:04:30+00:00</time>
      </trkpt>
      <trkpt lat="46.14209" lon="6.76023">
        <ele>1463</ele>
        <time>2026-07-02T19:04:33+00:00</time>
      </trkpt>
      <trkpt lat="46.14198" lon="6.76035">
        <ele>1465</ele>
        <time>2026-07-02T19:04:36+00:00</time>
      </trkpt>
      <trkpt lat="46.14188" lon="6.76047">
        <ele>1468</ele>
        <time>2026-07-02T19:04:39+00:00</time>
      </trkpt>
      <trkpt lat="46.1418" lon="6.76058">
        <ele>1466</ele>
        <time>2026-07-02T19:04:42+00:00</time>
      </trkpt>
      <trkpt lat="46.14172" lon="6.76069">
        <ele>1466</ele>
        <time>2026-07-02T19:04:45+00:00</time>
      </trkpt>
      <trkpt lat="46.14166" lon="6.7608">
        <ele>1465</ele>
        <time>2026-07-02T19:04:48+00:00</time>
      </trkpt>
      <trkpt lat="46.14162" lon="6.76086">
        <ele>1463</ele>
        <time>2026-07-02T19:04:51+00:00</time>
      </trkpt>
      <trkpt lat="46.14153" lon="6.76096">
        <ele>1465</ele>
        <time>2026-07-02T19:04:54+00:00</time>
      </trkpt>
      <trkpt lat="46.14142" lon="6.76108">
        <ele>1465</ele>
        <time>2026-07-02T19:04:57+00:00</time>
      </trkpt>
      <trkpt lat="46.14135" lon="6.76116">
        <ele>1462</ele>
        <time>2026-07-02T19:05:00+00:00</time>
      </trkpt>
      <trkpt lat="46.14127" lon="6.76129">
        <ele>1462</ele>
        <time>2026-07-02T19:05:03+00:00</time>
      </trkpt>
      <trkpt lat="46.1412" lon="6.76142">
        <ele>1457</ele>
        <time>2026-07-02T19:05:06+00:00</time>
      </trkpt>
      <trkpt lat="46.14115" lon="6.76151">
        <ele>1464</ele>
        <time>2026-07-02T19:05:09+00:00</time>
      </trkpt>
      <trkpt lat="46.1411" lon="6.76158">
        <ele>1459</ele>
        <time>2026-07-02T19:05:12+00:00</time>
      </trkpt>
      <trkpt lat="46.14103" lon="6.76163">
        <ele>1460</ele>
        <time>2026-07-02T19:05:15+00:00</time>
      </trkpt>
      <trkpt lat="46.14095" lon="6.76169">
        <ele>1461</ele>
        <time>2026-07-02T19:05:18+00:00</time>
      </trkpt>
      <trkpt lat="46.14091" lon="6.76171">
        <ele>1457</ele>
        <time>2026-07-02T19:05:21+00:00</time>
      </trkpt>
      <trkpt lat="46.14087" lon="6.76173">
        <ele>1460</ele>
        <time>2026-07-02T19:05:24+00:00</time>
      </trkpt>
      <trkpt lat="46.14084" lon="6.76177">
        <ele>1460</ele>
        <time>2026-07-02T19:05:27+00:00</time>
      </trkpt>
      <trkpt lat="46.14083" lon="6.76182">
        <ele>1459</ele>
        <time>2026-07-02T19:05:30+00:00</time>
      </trkpt>
      <trkpt lat="46.14083" lon="6.76185">
        <ele>1459</ele>
        <time>2026-07-02T19:05:33+00:00</time>
      </trkpt>
      <trkpt lat="46.14083" lon="6.76191">
        <ele>1458</ele>
        <time>2026-07-02T19:05:36+00:00</time>
      </trkpt>
      <trkpt lat="46.14083" lon="6.76202">
        <ele>1460</ele>
        <time>2026-07-02T19:05:39+00:00</time>
      </trkpt>
      <trkpt lat="46.14082" lon="6.76216">
        <ele>1459</ele>
        <time>2026-07-02T19:05:42+00:00</time>
      </trkpt>
      <trkpt lat="46.14081" lon="6.76232">
        <ele>1458</ele>
        <time>2026-07-02T19:05:45+00:00</time>
      </trkpt>
      <trkpt lat="46.14077" lon="6.76259">
        <ele>1458</ele>
        <time>2026-07-02T19:05:48+00:00</time>
      </trkpt>
      <trkpt lat="46.14072" lon="6.76288">
        <ele>1452</ele>
        <time>2026-07-02T19:05:51+00:00</time>
      </trkpt>
      <trkpt lat="46.14066" lon="6.76321">
        <ele>1449</ele>
        <time>2026-07-02T19:05:54+00:00</time>
      </trkpt>
      <trkpt lat="46.14061" lon="6.76341">
        <ele>1446</ele>
        <time>2026-07-02T19:05:57+00:00</time>
      </trkpt>
      <trkpt lat="46.14059" lon="6.76348">
        <ele>1448</ele>
        <time>2026-07-02T19:06:00+00:00</time>
      </trkpt>
      <trkpt lat="46.14057" lon="6.76386">
        <ele>1444</ele>
        <time>2026-07-02T19:06:03+00:00</time>
      </trkpt>
      <trkpt lat="46.14055" lon="6.76424">
        <ele>1440</ele>
        <time>2026-07-02T19:06:06+00:00</time>
      </trkpt>
      <trkpt lat="46.14055" lon="6.7644">
        <ele>1438</ele>
        <time>2026-07-02T19:06:09+00:00</time>
      </trkpt>
      <trkpt lat="46.14061" lon="6.76452">
        <ele>1437</ele>
        <time>2026-07-02T19:06:12+00:00</time>
      </trkpt>
      <trkpt lat="46.14069" lon="6.7647">
        <ele>1435</ele>
        <time>2026-07-02T19:06:15+00:00</time>
      </trkpt>
      <trkpt lat="46.14073" lon="6.76475">
        <ele>1433</ele>
        <time>2026-07-02T19:06:18+00:00</time>
      </trkpt>
      <trkpt lat="46.14076" lon="6.76478">
        <ele>1433</ele>
        <time>2026-07-02T19:06:21+00:00</time>
      </trkpt>
      <trkpt lat="46.14081" lon="6.76478">
        <ele>1431</ele>
        <time>2026-07-02T19:06:24+00:00</time>
      </trkpt>
      <trkpt lat="46.14086" lon="6.76476">
        <ele>1431</ele>
        <time>2026-07-02T19:06:27+00:00</time>
      </trkpt>
      <trkpt lat="46.14098" lon="6.76466">
        <ele>1429</ele>
        <time>2026-07-02T19:06:30+00:00</time>
      </trkpt>
      <trkpt lat="46.14102" lon="6.76465">
        <ele>1426</ele>
        <time>2026-07-02T19:06:33+00:00</time>
      </trkpt>
      <trkpt lat="46.14107" lon="6.76466">
        <ele>1426</ele>
        <time>2026-07-02T19:06:36+00:00</time>
      </trkpt>
      <trkpt lat="46.14112" lon="6.7647">
        <ele>1424</ele>
        <time>2026-07-02T19:06:39+00:00</time>
      </trkpt>
      <trkpt lat="46.14115" lon="6.76477">
        <ele>1424</ele>
        <time>2026-07-02T19:06:42+00:00</time>
      </trkpt>
      <trkpt lat="46.1412" lon="6.76495">
        <ele>1424</ele>
        <time>2026-07-02T19:06:45+00:00</time>
      </trkpt>
      <trkpt lat="46.14123" lon="6.76509">
        <ele>1421</ele>
        <time>2026-07-02T19:06:48+00:00</time>
      </trkpt>
      <trkpt lat="46.14126" lon="6.76512">
        <ele>1421</ele>
        <time>2026-07-02T19:06:51+00:00</time>
      </trkpt>
      <trkpt lat="46.14136" lon="6.76517">
        <ele>1417</ele>
        <time>2026-07-02T19:06:54+00:00</time>
      </trkpt>
      <trkpt lat="46.14144" lon="6.76519">
        <ele>1415</ele>
        <time>2026-07-02T19:06:57+00:00</time>
      </trkpt>
      <trkpt lat="46.14151" lon="6.76521">
        <ele>1412</ele>
        <time>2026-07-02T19:07:00+00:00</time>
      </trkpt>
      <trkpt lat="46.14154" lon="6.76524">
        <ele>1412</ele>
        <time>2026-07-02T19:07:03+00:00</time>
      </trkpt>
      <trkpt lat="46.14162" lon="6.76528">
        <ele>1408</ele>
        <time>2026-07-02T19:07:06+00:00</time>
      </trkpt>
      <trkpt lat="46.14178" lon="6.76525">
        <ele>1406</ele>
        <time>2026-07-02T19:07:09+00:00</time>
      </trkpt>
      <trkpt lat="46.14184" lon="6.7652">
        <ele>1403</ele>
        <time>2026-07-02T19:07:12+00:00</time>
      </trkpt>
      <trkpt lat="46.14188" lon="6.76515">
        <ele>1403</ele>
        <time>2026-07-02T19:07:15+00:00</time>
      </trkpt>
      <trkpt lat="46.14191" lon="6.76515">
        <ele>1400</ele>
        <time>2026-07-02T19:07:18+00:00</time>
      </trkpt>
      <trkpt lat="46.14198" lon="6.76506">
        <ele>1400</ele>
        <time>2026-07-02T19:07:21+00:00</time>
      </trkpt>
      <trkpt lat="46.14204" lon="6.76496">
        <ele>1398</ele>
        <time>2026-07-02T19:07:24+00:00</time>
      </trkpt>
      <trkpt lat="46.14213" lon="6.76485">
        <ele>1396</ele>
        <time>2026-07-02T19:07:27+00:00</time>
      </trkpt>
      <trkpt lat="46.14221" lon="6.76474">
        <ele>1393</ele>
        <time>2026-07-02T19:07:30+00:00</time>
      </trkpt>
      <trkpt lat="46.1423" lon="6.76463">
        <ele>1390</ele>
        <time>2026-07-02T19:07:33+00:00</time>
      </trkpt>
      <trkpt lat="46.14238" lon="6.76459">
        <ele>1388</ele>
        <time>2026-07-02T19:07:36+00:00</time>
      </trkpt>
      <trkpt lat="46.14244" lon="6.76459">
        <ele>1386</ele>
        <time>2026-07-02T19:07:39+00:00</time>
      </trkpt>
      <trkpt lat="46.14252" lon="6.76465">
        <ele>1384</ele>
        <time>2026-07-02T19:07:42+00:00</time>
      </trkpt>
      <trkpt lat="46.14259" lon="6.76476">
        <ele>1385</ele>
        <time>2026-07-02T19:07:45+00:00</time>
      </trkpt>
      <trkpt lat="46.14264" lon="6.7649">
        <ele>1383</ele>
        <time>2026-07-02T19:07:48+00:00</time>
      </trkpt>
      <trkpt lat="46.14268" lon="6.76505">
        <ele>1384</ele>
        <time>2026-07-02T19:07:51+00:00</time>
      </trkpt>
      <trkpt lat="46.14273" lon="6.76531">
        <ele>1381</ele>
        <time>2026-07-02T19:07:54+00:00</time>
      </trkpt>
      <trkpt lat="46.14273" lon="6.76531">
        <ele>1381</ele>
        <time>2026-07-02T19:07:57+00:00</time>
      </trkpt>
      <trkpt lat="46.14275" lon="6.7655">
        <ele>1380</ele>
        <time>2026-07-02T19:08:00+00:00</time>
      </trkpt>
      <trkpt lat="46.14275" lon="6.76571">
        <ele>1379</ele>
        <time>2026-07-02T19:08:03+00:00</time>
      </trkpt>
      <trkpt lat="46.14274" lon="6.76592">
        <ele>1377</ele>
        <time>2026-07-02T19:08:06+00:00</time>
      </trkpt>
      <trkpt lat="46.1427" lon="6.76607">
        <ele>1374</ele>
        <time>2026-07-02T19:08:09+00:00</time>
      </trkpt>
      <trkpt lat="46.14268" lon="6.7662">
        <ele>1373</ele>
        <time>2026-07-02T19:08:12+00:00</time>
      </trkpt>
      <trkpt lat="46.14268" lon="6.7663">
        <ele>1373</ele>
        <time>2026-07-02T19:08:15+00:00</time>
      </trkpt>
      <trkpt lat="46.1427" lon="6.76637">
        <ele>1368</ele>
        <time>2026-07-02T19:08:18+00:00</time>
      </trkpt>
      <trkpt lat="46.14274" lon="6.76644">
        <ele>1365</ele>
        <time>2026-07-02T19:08:21+00:00</time>
      </trkpt>
      <trkpt lat="46.14279" lon="6.76647">
        <ele>1365</ele>
        <time>2026-07-02T19:08:24+00:00</time>
      </trkpt>
      <trkpt lat="46.14285" lon="6.76647">
        <ele>1362</ele>
        <time>2026-07-02T19:08:27+00:00</time>
      </trkpt>
      <trkpt lat="46.14302" lon="6.76644">
        <ele>1357</ele>
        <time>2026-07-02T19:08:30+00:00</time>
      </trkpt>
      <trkpt lat="46.14316" lon="6.76638">
        <ele>1355</ele>
        <time>2026-07-02T19:08:33+00:00</time>
      </trkpt>
      <trkpt lat="46.14333" lon="6.76628">
        <ele>1352</ele>
        <time>2026-07-02T19:08:36+00:00</time>
      </trkpt>
      <trkpt lat="46.14344" lon="6.76615">
        <ele>1350</ele>
        <time>2026-07-02T19:08:39+00:00</time>
      </trkpt>
      <trkpt lat="46.14354" lon="6.76608">
        <ele>1348</ele>
        <time>2026-07-02T19:08:42+00:00</time>
      </trkpt>
      <trkpt lat="46.1436" lon="6.76606">
        <ele>1348</ele>
        <time>2026-07-02T19:08:45+00:00</time>
      </trkpt>
      <trkpt lat="46.14368" lon="6.76607">
        <ele>1345</ele>
        <time>2026-07-02T19:08:48+00:00</time>
      </trkpt>
      <trkpt lat="46.14373" lon="6.76611">
        <ele>1338</ele>
        <time>2026-07-02T19:08:51+00:00</time>
      </trkpt>
      <trkpt lat="46.14375" lon="6.7662">
        <ele>1336</ele>
        <time>2026-07-02T19:08:54+00:00</time>
      </trkpt>
      <trkpt lat="46.14377" lon="6.76636">
        <ele>1331</ele>
        <time>2026-07-02T19:08:57+00:00</time>
      </trkpt>
      <trkpt lat="46.14372" lon="6.76669">
        <ele>1320</ele>
        <time>2026-07-02T19:09:00+00:00</time>
      </trkpt>
      <trkpt lat="46.14365" lon="6.76699">
        <ele>1316</ele>
        <time>2026-07-02T19:09:03+00:00</time>
      </trkpt>
      <trkpt lat="46.14359" lon="6.76719">
        <ele>1315</ele>
        <time>2026-07-02T19:09:06+00:00</time>
      </trkpt>
      <trkpt lat="46.14353" lon="6.76733">
        <ele>1314</ele>
        <time>2026-07-02T19:09:09+00:00</time>
      </trkpt>
      <trkpt lat="46.14348" lon="6.76742">
        <ele>1310</ele>
        <time>2026-07-02T19:09:12+00:00</time>
      </trkpt>
      <trkpt lat="46.14341" lon="6.76747">
        <ele>1310</ele>
        <time>2026-07-02T19:09:15+00:00</time>
      </trkpt>
      <trkpt lat="46.14333" lon="6.76748">
        <ele>1314</ele>
        <time>2026-07-02T19:09:18+00:00</time>
      </trkpt>
      <trkpt lat="46.14318" lon="6.76749">
        <ele>1318</ele>
        <time>2026-07-02T19:09:21+00:00</time>
      </trkpt>
      <trkpt lat="46.14311" lon="6.76753">
        <ele>1314</ele>
        <time>2026-07-02T19:09:24+00:00</time>
      </trkpt>
      <trkpt lat="46.14305" lon="6.7676">
        <ele>1317</ele>
        <time>2026-07-02T19:09:27+00:00</time>
      </trkpt>
      <trkpt lat="46.14302" lon="6.76766">
        <ele>1314</ele>
        <time>2026-07-02T19:09:30+00:00</time>
      </trkpt>
      <trkpt lat="46.14302" lon="6.76773">
        <ele>1312</ele>
        <time>2026-07-02T19:09:33+00:00</time>
      </trkpt>
      <trkpt lat="46.14306" lon="6.76781">
        <ele>1310</ele>
        <time>2026-07-02T19:09:36+00:00</time>
      </trkpt>
      <trkpt lat="46.14307" lon="6.76785">
        <ele>1310</ele>
        <time>2026-07-02T19:09:39+00:00</time>
      </trkpt>
      <trkpt lat="46.14309" lon="6.76789">
        <ele>1310</ele>
        <time>2026-07-02T19:09:42+00:00</time>
      </trkpt>
      <trkpt lat="46.14309" lon="6.76796">
        <ele>1308</ele>
        <time>2026-07-02T19:09:45+00:00</time>
      </trkpt>
      <trkpt lat="46.14309" lon="6.76802">
        <ele>1307</ele>
        <time>2026-07-02T19:09:48+00:00</time>
      </trkpt>
      <trkpt lat="46.14309" lon="6.76805">
        <ele>1307</ele>
        <time>2026-07-02T19:09:51+00:00</time>
      </trkpt>
      <trkpt lat="46.14309" lon="6.76814">
        <ele>1309</ele>
        <time>2026-07-02T19:09:54+00:00</time>
      </trkpt>
      <trkpt lat="46.14323" lon="6.7682">
        <ele>1307</ele>
        <time>2026-07-02T19:09:57+00:00</time>
      </trkpt>
      <trkpt lat="46.1433" lon="6.76821">
        <ele>1309</ele>
        <time>2026-07-02T19:10:00+00:00</time>
      </trkpt>
      <trkpt lat="46.1435" lon="6.76814">
        <ele>1309</ele>
        <time>2026-07-02T19:10:03+00:00</time>
      </trkpt>
      <trkpt lat="46.14361" lon="6.7681">
        <ele>1310</ele>
        <time>2026-07-02T19:10:06+00:00</time>
      </trkpt>
      <trkpt lat="46.14371" lon="6.76811">
        <ele>1312</ele>
        <time>2026-07-02T19:10:09+00:00</time>
      </trkpt>
      <trkpt lat="46.14386" lon="6.76818">
        <ele>1313</ele>
        <time>2026-07-02T19:10:12+00:00</time>
      </trkpt>
      <trkpt lat="46.14398" lon="6.76805">
        <ele>1312</ele>
        <time>2026-07-02T19:10:15+00:00</time>
      </trkpt>
      <trkpt lat="46.14404" lon="6.76786">
        <ele>1312</ele>
        <time>2026-07-02T19:10:18+00:00</time>
      </trkpt>
      <trkpt lat="46.14408" lon="6.76767">
        <ele>1310</ele>
        <time>2026-07-02T19:10:21+00:00</time>
      </trkpt>
      <trkpt lat="46.14418" lon="6.76728">
        <ele>1308</ele>
        <time>2026-07-02T19:10:24+00:00</time>
      </trkpt>
      <trkpt lat="46.14435" lon="6.76688">
        <ele>1307</ele>
        <time>2026-07-02T19:10:27+00:00</time>
      </trkpt>
      <trkpt lat="46.14443" lon="6.76664">
        <ele>1309</ele>
        <time>2026-07-02T19:10:30+00:00</time>
      </trkpt>
      <trkpt lat="46.14447" lon="6.76647">
        <ele>1305</ele>
        <time>2026-07-02T19:10:33+00:00</time>
      </trkpt>
      <trkpt lat="46.14455" lon="6.76626">
        <ele>1304</ele>
        <time>2026-07-02T19:10:36+00:00</time>
      </trkpt>
      <trkpt lat="46.14473" lon="6.76598">
        <ele>1305</ele>
        <time>2026-07-02T19:10:39+00:00</time>
      </trkpt>
      <trkpt lat="46.14482" lon="6.76584">
        <ele>1305</ele>
        <time>2026-07-02T19:10:42+00:00</time>
      </trkpt>
      <trkpt lat="46.14497" lon="6.76576">
        <ele>1307</ele>
        <time>2026-07-02T19:10:45+00:00</time>
      </trkpt>
      <trkpt lat="46.14517" lon="6.76571">
        <ele>1310</ele>
        <time>2026-07-02T19:10:48+00:00</time>
      </trkpt>
      <trkpt lat="46.1455" lon="6.7657">
        <ele>1307</ele>
        <time>2026-07-02T19:10:51+00:00</time>
      </trkpt>
      <trkpt lat="46.14558" lon="6.76563">
        <ele>1312</ele>
        <time>2026-07-02T19:10:54+00:00</time>
      </trkpt>
      <trkpt lat="46.14559" lon="6.76535">
        <ele>1305</ele>
        <time>2026-07-02T19:10:57+00:00</time>
      </trkpt>
      <trkpt lat="46.14566" lon="6.7652">
        <ele>1303</ele>
        <time>2026-07-02T19:11:00+00:00</time>
      </trkpt>
      <trkpt lat="46.14573" lon="6.76495">
        <ele>1302</ele>
        <time>2026-07-02T19:11:03+00:00</time>
      </trkpt>
      <trkpt lat="46.14583" lon="6.7646">
        <ele>1301</ele>
        <time>2026-07-02T19:11:06+00:00</time>
      </trkpt>
      <trkpt lat="46.14591" lon="6.76442">
        <ele>1299</ele>
        <time>2026-07-02T19:11:09+00:00</time>
      </trkpt>
      <trkpt lat="46.14609" lon="6.76411">
        <ele>1300</ele>
        <time>2026-07-02T19:11:12+00:00</time>
      </trkpt>
      <trkpt lat="46.14625" lon="6.76391">
        <ele>1300</ele>
        <time>2026-07-02T19:11:15+00:00</time>
      </trkpt>
      <trkpt lat="46.14636" lon="6.76376">
        <ele>1298</ele>
        <time>2026-07-02T19:11:18+00:00</time>
      </trkpt>
      <trkpt lat="46.14647" lon="6.7636">
        <ele>1301</ele>
        <time>2026-07-02T19:11:21+00:00</time>
      </trkpt>
      <trkpt lat="46.14668" lon="6.76342">
        <ele>1302</ele>
        <time>2026-07-02T19:11:24+00:00</time>
      </trkpt>
      <trkpt lat="46.1468" lon="6.7634">
        <ele>1305</ele>
        <time>2026-07-02T19:11:27+00:00</time>
      </trkpt>
      <trkpt lat="46.14671" lon="6.76365">
        <ele>1308</ele>
        <time>2026-07-02T19:11:30+00:00</time>
      </trkpt>
      <trkpt lat="46.14678" lon="6.76383">
        <ele>1311</ele>
        <time>2026-07-02T19:11:33+00:00</time>
      </trkpt>
      <trkpt lat="46.14677" lon="6.76402">
        <ele>1315</ele>
        <time>2026-07-02T19:11:36+00:00</time>
      </trkpt>
      <trkpt lat="46.14675" lon="6.76425">
        <ele>1321</ele>
        <time>2026-07-02T19:11:39+00:00</time>
      </trkpt>
      <trkpt lat="46.14674" lon="6.76448">
        <ele>1326</ele>
        <time>2026-07-02T19:11:42+00:00</time>
      </trkpt>
      <trkpt lat="46.14675" lon="6.76461">
        <ele>1332</ele>
        <time>2026-07-02T19:11:45+00:00</time>
      </trkpt>
      <trkpt lat="46.14675" lon="6.76462">
        <ele>1332</ele>
        <time>2026-07-02T19:11:48+00:00</time>
      </trkpt>
      <trkpt lat="46.14683" lon="6.76476">
        <ele>1337</ele>
        <time>2026-07-02T19:11:51+00:00</time>
      </trkpt>
      <trkpt lat="46.14698" lon="6.76485">
        <ele>1342</ele>
        <time>2026-07-02T19:11:54+00:00</time>
      </trkpt>
      <trkpt lat="46.14726" lon="6.76483">
        <ele>1347</ele>
        <time>2026-07-02T19:11:57+00:00</time>
      </trkpt>
      <trkpt lat="46.14749" lon="6.7648">
        <ele>1351</ele>
        <time>2026-07-02T19:12:00+00:00</time>
      </trkpt>
      <trkpt lat="46.14773" lon="6.7648">
        <ele>1358</ele>
        <time>2026-07-02T19:12:03+00:00</time>
      </trkpt>
      <trkpt lat="46.14785" lon="6.76486">
        <ele>1360</ele>
        <time>2026-07-02T19:12:06+00:00</time>
      </trkpt>
      <trkpt lat="46.14789" lon="6.76494">
        <ele>1362</ele>
        <time>2026-07-02T19:12:09+00:00</time>
      </trkpt>
      <trkpt lat="46.14798" lon="6.7651">
        <ele>1368</ele>
        <time>2026-07-02T19:12:12+00:00</time>
      </trkpt>
      <trkpt lat="46.14808" lon="6.7652">
        <ele>1370</ele>
        <time>2026-07-02T19:12:15+00:00</time>
      </trkpt>
      <trkpt lat="46.14814" lon="6.76522">
        <ele>1373</ele>
        <time>2026-07-02T19:12:18+00:00</time>
      </trkpt>
      <trkpt lat="46.14817" lon="6.76524">
        <ele>1373</ele>
        <time>2026-07-02T19:12:21+00:00</time>
      </trkpt>
      <trkpt lat="46.14818" lon="6.76529">
        <ele>1373</ele>
        <time>2026-07-02T19:12:24+00:00</time>
      </trkpt>
      <trkpt lat="46.14819" lon="6.7654">
        <ele>1375</ele>
        <time>2026-07-02T19:12:27+00:00</time>
      </trkpt>
      <trkpt lat="46.14815" lon="6.76554">
        <ele>1380</ele>
        <time>2026-07-02T19:12:30+00:00</time>
      </trkpt>
      <trkpt lat="46.14821" lon="6.76555">
        <ele>1381</ele>
        <time>2026-07-02T19:12:33+00:00</time>
      </trkpt>
      <trkpt lat="46.14827" lon="6.76574">
        <ele>1385</ele>
        <time>2026-07-02T19:12:36+00:00</time>
      </trkpt>
      <trkpt lat="46.14838" lon="6.7661">
        <ele>1386</ele>
        <time>2026-07-02T19:12:39+00:00</time>
      </trkpt>
      <trkpt lat="46.14845" lon="6.76619">
        <ele>1388</ele>
        <time>2026-07-02T19:12:42+00:00</time>
      </trkpt>
      <trkpt lat="46.14847" lon="6.76624">
        <ele>1388</ele>
        <time>2026-07-02T19:12:45+00:00</time>
      </trkpt>
      <trkpt lat="46.14846" lon="6.7664">
        <ele>1388</ele>
        <time>2026-07-02T19:12:48+00:00</time>
      </trkpt>
      <trkpt lat="46.14848" lon="6.76652">
        <ele>1388</ele>
        <time>2026-07-02T19:12:51+00:00</time>
      </trkpt>
      <trkpt lat="46.14852" lon="6.76668">
        <ele>1388</ele>
        <time>2026-07-02T19:12:54+00:00</time>
      </trkpt>
      <trkpt lat="46.14852" lon="6.76668">
        <ele>1388</ele>
        <time>2026-07-02T19:12:57+00:00</time>
      </trkpt>
      <trkpt lat="46.14859" lon="6.7669">
        <ele>1390</ele>
        <time>2026-07-02T19:13:00+00:00</time>
      </trkpt>
      <trkpt lat="46.1486" lon="6.76698">
        <ele>1389</ele>
        <time>2026-07-02T19:13:03+00:00</time>
      </trkpt>
      <trkpt lat="46.1486" lon="6.76706">
        <ele>1391</ele>
        <time>2026-07-02T19:13:06+00:00</time>
      </trkpt>
      <trkpt lat="46.1486" lon="6.76716">
        <ele>1389</ele>
        <time>2026-07-02T19:13:09+00:00</time>
      </trkpt>
      <trkpt lat="46.14862" lon="6.7672">
        <ele>1389</ele>
        <time>2026-07-02T19:13:12+00:00</time>
      </trkpt>
      <trkpt lat="46.14867" lon="6.7672">
        <ele>1389</ele>
        <time>2026-07-02T19:13:15+00:00</time>
      </trkpt>
      <trkpt lat="46.14882" lon="6.76723">
        <ele>1389</ele>
        <time>2026-07-02T19:13:18+00:00</time>
      </trkpt>
      <trkpt lat="46.14887" lon="6.76722">
        <ele>1389</ele>
        <time>2026-07-02T19:13:21+00:00</time>
      </trkpt>
      <trkpt lat="46.14894" lon="6.76718">
        <ele>1387</ele>
        <time>2026-07-02T19:13:24+00:00</time>
      </trkpt>
      <trkpt lat="46.14896" lon="6.76715">
        <ele>1387</ele>
        <time>2026-07-02T19:13:27+00:00</time>
      </trkpt>
      <trkpt lat="46.14897" lon="6.76709">
        <ele>1386</ele>
        <time>2026-07-02T19:13:30+00:00</time>
      </trkpt>
      <trkpt lat="46.149" lon="6.76703">
        <ele>1386</ele>
        <time>2026-07-02T19:13:33+00:00</time>
      </trkpt>
      <trkpt lat="46.14905" lon="6.767">
        <ele>1386</ele>
        <time>2026-07-02T19:13:36+00:00</time>
      </trkpt>
      <trkpt lat="46.14907" lon="6.76702">
        <ele>1386</ele>
        <time>2026-07-02T19:13:39+00:00</time>
      </trkpt>
      <trkpt lat="46.14912" lon="6.76704">
        <ele>1386</ele>
        <time>2026-07-02T19:13:42+00:00</time>
      </trkpt>
      <trkpt lat="46.14915" lon="6.76701">
        <ele>1386</ele>
        <time>2026-07-02T19:13:45+00:00</time>
      </trkpt>
      <trkpt lat="46.14919" lon="6.767">
        <ele>1386</ele>
        <time>2026-07-02T19:13:48+00:00</time>
      </trkpt>
      <trkpt lat="46.14924" lon="6.76703">
        <ele>1386</ele>
        <time>2026-07-02T19:13:51+00:00</time>
      </trkpt>
      <trkpt lat="46.14927" lon="6.76704">
        <ele>1386</ele>
        <time>2026-07-02T19:13:54+00:00</time>
      </trkpt>
      <trkpt lat="46.14932" lon="6.76703">
        <ele>1386</ele>
        <time>2026-07-02T19:13:57+00:00</time>
      </trkpt>
      <trkpt lat="46.14942" lon="6.767">
        <ele>1387</ele>
        <time>2026-07-02T19:14:00+00:00</time>
      </trkpt>
      <trkpt lat="46.14949" lon="6.76698">
        <ele>1386</ele>
        <time>2026-07-02T19:14:03+00:00</time>
      </trkpt>
      <trkpt lat="46.14953" lon="6.76697">
        <ele>1387</ele>
        <time>2026-07-02T19:14:06+00:00</time>
      </trkpt>
      <trkpt lat="46.14958" lon="6.76698">
        <ele>1387</ele>
        <time>2026-07-02T19:14:09+00:00</time>
      </trkpt>
      <trkpt lat="46.14963" lon="6.76698">
        <ele>1388</ele>
        <time>2026-07-02T19:14:12+00:00</time>
      </trkpt>
      <trkpt lat="46.14968" lon="6.76697">
        <ele>1388</ele>
        <time>2026-07-02T19:14:15+00:00</time>
      </trkpt>
      <trkpt lat="46.14975" lon="6.76694">
        <ele>1390</ele>
        <time>2026-07-02T19:14:18+00:00</time>
      </trkpt>
      <trkpt lat="46.14981" lon="6.76689">
        <ele>1389</ele>
        <time>2026-07-02T19:14:21+00:00</time>
      </trkpt>
      <trkpt lat="46.14988" lon="6.76677">
        <ele>1390</ele>
        <time>2026-07-02T19:14:24+00:00</time>
      </trkpt>
      <trkpt lat="46.14993" lon="6.7666">
        <ele>1388</ele>
        <time>2026-07-02T19:14:27+00:00</time>
      </trkpt>
      <trkpt lat="46.14993" lon="6.76643">
        <ele>1389</ele>
        <time>2026-07-02T19:14:30+00:00</time>
      </trkpt>
      <trkpt lat="46.14993" lon="6.76626">
        <ele>1387</ele>
        <time>2026-07-02T19:14:33+00:00</time>
      </trkpt>
      <trkpt lat="46.14992" lon="6.76611">
        <ele>1387</ele>
        <time>2026-07-02T19:14:36+00:00</time>
      </trkpt>
      <trkpt lat="46.14994" lon="6.76604">
        <ele>1386</ele>
        <time>2026-07-02T19:14:39+00:00</time>
      </trkpt>
      <trkpt lat="46.14995" lon="6.76596">
        <ele>1388</ele>
        <time>2026-07-02T19:14:42+00:00</time>
      </trkpt>
      <trkpt lat="46.14995" lon="6.76592">
        <ele>1386</ele>
        <time>2026-07-02T19:14:45+00:00</time>
      </trkpt>
      <trkpt lat="46.14995" lon="6.76586">
        <ele>1386</ele>
        <time>2026-07-02T19:14:48+00:00</time>
      </trkpt>
      <trkpt lat="46.14994" lon="6.76577">
        <ele>1388</ele>
        <time>2026-07-02T19:14:51+00:00</time>
      </trkpt>
      <trkpt lat="46.1499" lon="6.7657">
        <ele>1389</ele>
        <time>2026-07-02T19:14:54+00:00</time>
      </trkpt>
      <trkpt lat="46.14982" lon="6.76561">
        <ele>1389</ele>
        <time>2026-07-02T19:14:57+00:00</time>
      </trkpt>
      <trkpt lat="46.14974" lon="6.76555">
        <ele>1389</ele>
        <time>2026-07-02T19:15:00+00:00</time>
      </trkpt>
      <trkpt lat="46.14965" lon="6.76549">
        <ele>1389</ele>
        <time>2026-07-02T19:15:03+00:00</time>
      </trkpt>
      <trkpt lat="46.14959" lon="6.76545">
        <ele>1388</ele>
        <time>2026-07-02T19:15:06+00:00</time>
      </trkpt>
      <trkpt lat="46.14958" lon="6.76544">
        <ele>1388</ele>
        <time>2026-07-02T19:15:09+00:00</time>
      </trkpt>
      <trkpt lat="46.14956" lon="6.76542">
        <ele>1389</ele>
        <time>2026-07-02T19:15:12+00:00</time>
      </trkpt>
      <trkpt lat="46.14952" lon="6.76533">
        <ele>1389</ele>
        <time>2026-07-02T19:15:15+00:00</time>
      </trkpt>
      <trkpt lat="46.14956" lon="6.76534">
        <ele>1389</ele>
        <time>2026-07-02T19:15:18+00:00</time>
      </trkpt>
      <trkpt lat="46.14964" lon="6.76534">
        <ele>1390</ele>
        <time>2026-07-02T19:15:21+00:00</time>
      </trkpt>
      <trkpt lat="46.14977" lon="6.7653">
        <ele>1392</ele>
        <time>2026-07-02T19:15:24+00:00</time>
      </trkpt>
      <trkpt lat="46.14989" lon="6.76522">
        <ele>1393</ele>
        <time>2026-07-02T19:15:27+00:00</time>
      </trkpt>
      <trkpt lat="46.14996" lon="6.76518">
        <ele>1394</ele>
        <time>2026-07-02T19:15:30+00:00</time>
      </trkpt>
      <trkpt lat="46.15005" lon="6.76515">
        <ele>1396</ele>
        <time>2026-07-02T19:15:33+00:00</time>
      </trkpt>
      <trkpt lat="46.15017" lon="6.76513">
        <ele>1398</ele>
        <time>2026-07-02T19:15:36+00:00</time>
      </trkpt>
      <trkpt lat="46.15021" lon="6.76513">
        <ele>1398</ele>
        <time>2026-07-02T19:15:39+00:00</time>
      </trkpt>
      <trkpt lat="46.15026" lon="6.76512">
        <ele>1398</ele>
        <time>2026-07-02T19:15:42+00:00</time>
      </trkpt>
      <trkpt lat="46.15035" lon="6.76512">
        <ele>1399</ele>
        <time>2026-07-02T19:15:45+00:00</time>
      </trkpt>
      <trkpt lat="46.15044" lon="6.76511">
        <ele>1400</ele>
        <time>2026-07-02T19:15:48+00:00</time>
      </trkpt>
      <trkpt lat="46.15045" lon="6.76511">
        <ele>1400</ele>
        <time>2026-07-02T19:15:51+00:00</time>
      </trkpt>
      <trkpt lat="46.15051" lon="6.76513">
        <ele>1400</ele>
        <time>2026-07-02T19:15:54+00:00</time>
      </trkpt>
      <trkpt lat="46.15057" lon="6.7652">
        <ele>1401</ele>
        <time>2026-07-02T19:15:57+00:00</time>
      </trkpt>
      <trkpt lat="46.15061" lon="6.76526">
        <ele>1401</ele>
        <time>2026-07-02T19:16:00+00:00</time>
      </trkpt>
      <trkpt lat="46.15069" lon="6.76541">
        <ele>1403</ele>
        <time>2026-07-02T19:16:03+00:00</time>
      </trkpt>
      <trkpt lat="46.1508" lon="6.76556">
        <ele>1404</ele>
        <time>2026-07-02T19:16:06+00:00</time>
      </trkpt>
      <trkpt lat="46.15083" lon="6.76558">
        <ele>1404</ele>
        <time>2026-07-02T19:16:09+00:00</time>
      </trkpt>
      <trkpt lat="46.15088" lon="6.76559">
        <ele>1404</ele>
        <time>2026-07-02T19:16:12+00:00</time>
      </trkpt>
      <trkpt lat="46.15091" lon="6.76564">
        <ele>1405</ele>
        <time>2026-07-02T19:16:15+00:00</time>
      </trkpt>
      <trkpt lat="46.15094" lon="6.76573">
        <ele>1408</ele>
        <time>2026-07-02T19:16:18+00:00</time>
      </trkpt>
      <trkpt lat="46.15095" lon="6.76586">
        <ele>1411</ele>
        <time>2026-07-02T19:16:21+00:00</time>
      </trkpt>
      <trkpt lat="46.15094" lon="6.76618">
        <ele>1415</ele>
        <time>2026-07-02T19:16:24+00:00</time>
      </trkpt>
      <trkpt lat="46.15089" lon="6.76678">
        <ele>1423</ele>
        <time>2026-07-02T19:16:27+00:00</time>
      </trkpt>
      <trkpt lat="46.15085" lon="6.76713">
        <ele>1430</ele>
        <time>2026-07-02T19:16:30+00:00</time>
      </trkpt>
      <trkpt lat="46.15085" lon="6.76715">
        <ele>1430</ele>
        <time>2026-07-02T19:16:33+00:00</time>
      </trkpt>
      <trkpt lat="46.15084" lon="6.76732">
        <ele>1434</ele>
        <time>2026-07-02T19:16:36+00:00</time>
      </trkpt>
      <trkpt lat="46.15086" lon="6.76765">
        <ele>1439</ele>
        <time>2026-07-02T19:16:39+00:00</time>
      </trkpt>
      <trkpt lat="46.15086" lon="6.76775">
        <ele>1440</ele>
        <time>2026-07-02T19:16:42+00:00</time>
      </trkpt>
      <trkpt lat="46.15084" lon="6.76787">
        <ele>1442</ele>
        <time>2026-07-02T19:16:45+00:00</time>
      </trkpt>
      <trkpt lat="46.1508" lon="6.76793">
        <ele>1443</ele>
        <time>2026-07-02T19:16:48+00:00</time>
      </trkpt>
      <trkpt lat="46.15073" lon="6.76801">
        <ele>1442</ele>
        <time>2026-07-02T19:16:51+00:00</time>
      </trkpt>
      <trkpt lat="46.15067" lon="6.76812">
        <ele>1442</ele>
        <time>2026-07-02T19:16:54+00:00</time>
      </trkpt>
      <trkpt lat="46.15061" lon="6.76826">
        <ele>1443</ele>
        <time>2026-07-02T19:16:57+00:00</time>
      </trkpt>
      <trkpt lat="46.15052" lon="6.76848">
        <ele>1445</ele>
        <time>2026-07-02T19:17:00+00:00</time>
      </trkpt>
      <trkpt lat="46.15049" lon="6.76858">
        <ele>1444</ele>
        <time>2026-07-02T19:17:03+00:00</time>
      </trkpt>
      <trkpt lat="46.15045" lon="6.76885">
        <ele>1449</ele>
        <time>2026-07-02T19:17:06+00:00</time>
      </trkpt>
      <trkpt lat="46.15044" lon="6.76911">
        <ele>1453</ele>
        <time>2026-07-02T19:17:09+00:00</time>
      </trkpt>
      <trkpt lat="46.15044" lon="6.76928">
        <ele>1450</ele>
        <time>2026-07-02T19:17:12+00:00</time>
      </trkpt>
      <trkpt lat="46.15041" lon="6.76937">
        <ele>1455</ele>
        <time>2026-07-02T19:17:15+00:00</time>
      </trkpt>
      <trkpt lat="46.15039" lon="6.76947">
        <ele>1450</ele>
        <time>2026-07-02T19:17:18+00:00</time>
      </trkpt>
      <trkpt lat="46.15039" lon="6.76956">
        <ele>1451</ele>
        <time>2026-07-02T19:17:21+00:00</time>
      </trkpt>
      <trkpt lat="46.15044" lon="6.76981">
        <ele>1459</ele>
        <time>2026-07-02T19:17:24+00:00</time>
      </trkpt>
      <trkpt lat="46.15046" lon="6.77017">
        <ele>1463</ele>
        <time>2026-07-02T19:17:27+00:00</time>
      </trkpt>
      <trkpt lat="46.15048" lon="6.77046">
        <ele>1466</ele>
        <time>2026-07-02T19:17:30+00:00</time>
      </trkpt>
      <trkpt lat="46.1505" lon="6.77056">
        <ele>1468</ele>
        <time>2026-07-02T19:17:33+00:00</time>
      </trkpt>
      <trkpt lat="46.15058" lon="6.77087">
        <ele>1474</ele>
        <time>2026-07-02T19:17:36+00:00</time>
      </trkpt>
      <trkpt lat="46.15061" lon="6.77101">
        <ele>1478</ele>
        <time>2026-07-02T19:17:39+00:00</time>
      </trkpt>
      <trkpt lat="46.15063" lon="6.77116">
        <ele>1479</ele>
        <time>2026-07-02T19:17:42+00:00</time>
      </trkpt>
      <trkpt lat="46.15064" lon="6.77129">
        <ele>1479</ele>
        <time>2026-07-02T19:17:45+00:00</time>
      </trkpt>
      <trkpt lat="46.15062" lon="6.77141">
        <ele>1481</ele>
        <time>2026-07-02T19:17:48+00:00</time>
      </trkpt>
      <trkpt lat="46.15062" lon="6.77154">
        <ele>1481</ele>
        <time>2026-07-02T19:17:51+00:00</time>
      </trkpt>
      <trkpt lat="46.15063" lon="6.77162">
        <ele>1482</ele>
        <time>2026-07-02T19:17:54+00:00</time>
      </trkpt>
      <trkpt lat="46.1507" lon="6.77179">
        <ele>1484</ele>
        <time>2026-07-02T19:17:57+00:00</time>
      </trkpt>
      <trkpt lat="46.15077" lon="6.77197">
        <ele>1485</ele>
        <time>2026-07-02T19:18:00+00:00</time>
      </trkpt>
      <trkpt lat="46.15085" lon="6.77225">
        <ele>1487</ele>
        <time>2026-07-02T19:18:03+00:00</time>
      </trkpt>
      <trkpt lat="46.15089" lon="6.77241">
        <ele>1489</ele>
        <time>2026-07-02T19:18:06+00:00</time>
      </trkpt>
      <trkpt lat="46.15089" lon="6.77251">
        <ele>1490</ele>
        <time>2026-07-02T19:18:09+00:00</time>
      </trkpt>
      <trkpt lat="46.15086" lon="6.77266">
        <ele>1492</ele>
        <time>2026-07-02T19:18:12+00:00</time>
      </trkpt>
      <trkpt lat="46.15072" lon="6.77297">
        <ele>1496</ele>
        <time>2026-07-02T19:18:15+00:00</time>
      </trkpt>
      <trkpt lat="46.15069" lon="6.7731">
        <ele>1497</ele>
        <time>2026-07-02T19:18:18+00:00</time>
      </trkpt>
      <trkpt lat="46.1507" lon="6.77331">
        <ele>1501</ele>
        <time>2026-07-02T19:18:21+00:00</time>
      </trkpt>
      <trkpt lat="46.15072" lon="6.77347">
        <ele>1502</ele>
        <time>2026-07-02T19:18:24+00:00</time>
      </trkpt>
      <trkpt lat="46.15073" lon="6.77349">
        <ele>1502</ele>
        <time>2026-07-02T19:18:27+00:00</time>
      </trkpt>
      <trkpt lat="46.15079" lon="6.77369">
        <ele>1504</ele>
        <time>2026-07-02T19:18:30+00:00</time>
      </trkpt>
      <trkpt lat="46.15087" lon="6.77391">
        <ele>1507</ele>
        <time>2026-07-02T19:18:33+00:00</time>
      </trkpt>
      <trkpt lat="46.1509" lon="6.77403">
        <ele>1510</ele>
        <time>2026-07-02T19:18:36+00:00</time>
      </trkpt>
      <trkpt lat="46.1509" lon="6.77416">
        <ele>1511</ele>
        <time>2026-07-02T19:18:39+00:00</time>
      </trkpt>
      <trkpt lat="46.1509" lon="6.77432">
        <ele>1513</ele>
        <time>2026-07-02T19:18:42+00:00</time>
      </trkpt>
      <trkpt lat="46.15088" lon="6.77443">
        <ele>1513</ele>
        <time>2026-07-02T19:18:45+00:00</time>
      </trkpt>
      <trkpt lat="46.15082" lon="6.77453">
        <ele>1515</ele>
        <time>2026-07-02T19:18:48+00:00</time>
      </trkpt>
      <trkpt lat="46.15062" lon="6.77477">
        <ele>1517</ele>
        <time>2026-07-02T19:18:51+00:00</time>
      </trkpt>
      <trkpt lat="46.15057" lon="6.77482">
        <ele>1520</ele>
        <time>2026-07-02T19:18:54+00:00</time>
      </trkpt>
      <trkpt lat="46.15049" lon="6.77484">
        <ele>1520</ele>
        <time>2026-07-02T19:18:57+00:00</time>
      </trkpt>
      <trkpt lat="46.15028" lon="6.77485">
        <ele>1522</ele>
        <time>2026-07-02T19:19:00+00:00</time>
      </trkpt>
      <trkpt lat="46.15018" lon="6.77485">
        <ele>1523</ele>
        <time>2026-07-02T19:19:03+00:00</time>
      </trkpt>
      <trkpt lat="46.15" lon="6.77481">
        <ele>1525</ele>
        <time>2026-07-02T19:19:06+00:00</time>
      </trkpt>
      <trkpt lat="46.14988" lon="6.77478">
        <ele>1526</ele>
        <time>2026-07-02T19:19:09+00:00</time>
      </trkpt>
      <trkpt lat="46.14977" lon="6.77475">
        <ele>1529</ele>
        <time>2026-07-02T19:19:12+00:00</time>
      </trkpt>
      <trkpt lat="46.1497" lon="6.77469">
        <ele>1527</ele>
        <time>2026-07-02T19:19:15+00:00</time>
      </trkpt>
      <trkpt lat="46.14958" lon="6.77457">
        <ele>1529</ele>
        <time>2026-07-02T19:19:18+00:00</time>
      </trkpt>
      <trkpt lat="46.1495" lon="6.7745">
        <ele>1532</ele>
        <time>2026-07-02T19:19:21+00:00</time>
      </trkpt>
      <trkpt lat="46.14942" lon="6.77447">
        <ele>1530</ele>
        <time>2026-07-02T19:19:24+00:00</time>
      </trkpt>
      <trkpt lat="46.14933" lon="6.77445">
        <ele>1532</ele>
        <time>2026-07-02T19:19:27+00:00</time>
      </trkpt>
      <trkpt lat="46.14923" lon="6.7744">
        <ele>1533</ele>
        <time>2026-07-02T19:19:30+00:00</time>
      </trkpt>
      <trkpt lat="46.14916" lon="6.77431">
        <ele>1534</ele>
        <time>2026-07-02T19:19:33+00:00</time>
      </trkpt>
      <trkpt lat="46.14915" lon="6.77429">
        <ele>1534</ele>
        <time>2026-07-02T19:19:36+00:00</time>
      </trkpt>
      <trkpt lat="46.14914" lon="6.77428">
        <ele>1534</ele>
        <time>2026-07-02T19:19:39+00:00</time>
      </trkpt>
      <trkpt lat="46.14908" lon="6.77427">
        <ele>1535</ele>
        <time>2026-07-02T19:19:42+00:00</time>
      </trkpt>
      <trkpt lat="46.14901" lon="6.77428">
        <ele>1535</ele>
        <time>2026-07-02T19:19:45+00:00</time>
      </trkpt>
      <trkpt lat="46.14901" lon="6.7744">
        <ele>1535</ele>
        <time>2026-07-02T19:19:48+00:00</time>
      </trkpt>
      <trkpt lat="46.14899" lon="6.77448">
        <ele>1536</ele>
        <time>2026-07-02T19:19:51+00:00</time>
      </trkpt>
      <trkpt lat="46.14895" lon="6.7746">
        <ele>1537</ele>
        <time>2026-07-02T19:19:54+00:00</time>
      </trkpt>
      <trkpt lat="46.14891" lon="6.77478">
        <ele>1539</ele>
        <time>2026-07-02T19:19:57+00:00</time>
      </trkpt>
      <trkpt lat="46.14889" lon="6.7749">
        <ele>1543</ele>
        <time>2026-07-02T19:20:00+00:00</time>
      </trkpt>
      <trkpt lat="46.14887" lon="6.77505">
        <ele>1544</ele>
        <time>2026-07-02T19:20:03+00:00</time>
      </trkpt>
      <trkpt lat="46.14891" lon="6.77517">
        <ele>1545</ele>
        <time>2026-07-02T19:20:06+00:00</time>
      </trkpt>
      <trkpt lat="46.14905" lon="6.77532">
        <ele>1548</ele>
        <time>2026-07-02T19:20:09+00:00</time>
      </trkpt>
      <trkpt lat="46.14912" lon="6.77543">
        <ele>1552</ele>
        <time>2026-07-02T19:20:12+00:00</time>
      </trkpt>
      <trkpt lat="46.14918" lon="6.77548">
        <ele>1552</ele>
        <time>2026-07-02T19:20:15+00:00</time>
      </trkpt>
      <trkpt lat="46.14922" lon="6.77555">
        <ele>1555</ele>
        <time>2026-07-02T19:20:18+00:00</time>
      </trkpt>
      <trkpt lat="46.14926" lon="6.77557">
        <ele>1555</ele>
        <time>2026-07-02T19:20:21+00:00</time>
      </trkpt>
      <trkpt lat="46.14931" lon="6.77558">
        <ele>1556</ele>
        <time>2026-07-02T19:20:24+00:00</time>
      </trkpt>
      <trkpt lat="46.14941" lon="6.77569">
        <ele>1559</ele>
        <time>2026-07-02T19:20:27+00:00</time>
      </trkpt>
      <trkpt lat="46.14948" lon="6.77573">
        <ele>1563</ele>
        <time>2026-07-02T19:20:30+00:00</time>
      </trkpt>
      <trkpt lat="46.1496" lon="6.77575">
        <ele>1563</ele>
        <time>2026-07-02T19:20:33+00:00</time>
      </trkpt>
      <trkpt lat="46.14965" lon="6.77578">
        <ele>1564</ele>
        <time>2026-07-02T19:20:36+00:00</time>
      </trkpt>
      <trkpt lat="46.14967" lon="6.77578">
        <ele>1564</ele>
        <time>2026-07-02T19:20:39+00:00</time>
      </trkpt>
      <trkpt lat="46.14969" lon="6.77577">
        <ele>1564</ele>
        <time>2026-07-02T19:20:42+00:00</time>
      </trkpt>
      <trkpt lat="46.14971" lon="6.77577">
        <ele>1564</ele>
        <time>2026-07-02T19:20:45+00:00</time>
      </trkpt>
      <trkpt lat="46.14975" lon="6.77581">
        <ele>1568</ele>
        <time>2026-07-02T19:20:48+00:00</time>
      </trkpt>
      <trkpt lat="46.1498" lon="6.77584">
        <ele>1568</ele>
        <time>2026-07-02T19:20:51+00:00</time>
      </trkpt>
      <trkpt lat="46.14984" lon="6.7759">
        <ele>1570</ele>
        <time>2026-07-02T19:20:54+00:00</time>
      </trkpt>
      <trkpt lat="46.14991" lon="6.77598">
        <ele>1570</ele>
        <time>2026-07-02T19:20:57+00:00</time>
      </trkpt>
      <trkpt lat="46.14992" lon="6.7761">
        <ele>1572</ele>
        <time>2026-07-02T19:21:00+00:00</time>
      </trkpt>
      <trkpt lat="46.14993" lon="6.77621">
        <ele>1574</ele>
        <time>2026-07-02T19:21:03+00:00</time>
      </trkpt>
      <trkpt lat="46.14996" lon="6.77629">
        <ele>1574</ele>
        <time>2026-07-02T19:21:06+00:00</time>
      </trkpt>
      <trkpt lat="46.14996" lon="6.77634">
        <ele>1575</ele>
        <time>2026-07-02T19:21:09+00:00</time>
      </trkpt>
      <trkpt lat="46.14996" lon="6.77637">
        <ele>1573</ele>
        <time>2026-07-02T19:21:12+00:00</time>
      </trkpt>
      <trkpt lat="46.14999" lon="6.77639">
        <ele>1575</ele>
        <time>2026-07-02T19:21:15+00:00</time>
      </trkpt>
      <trkpt lat="46.15005" lon="6.77641">
        <ele>1575</ele>
        <time>2026-07-02T19:21:18+00:00</time>
      </trkpt>
      <trkpt lat="46.15006" lon="6.77642">
        <ele>1575</ele>
        <time>2026-07-02T19:21:21+00:00</time>
      </trkpt>
      <trkpt lat="46.15009" lon="6.77647">
        <ele>1575</ele>
        <time>2026-07-02T19:21:24+00:00</time>
      </trkpt>
      <trkpt lat="46.15012" lon="6.7765">
        <ele>1574</ele>
        <time>2026-07-02T19:21:27+00:00</time>
      </trkpt>
      <trkpt lat="46.15018" lon="6.77668">
        <ele>1575</ele>
        <time>2026-07-02T19:21:30+00:00</time>
      </trkpt>
      <trkpt lat="46.15019" lon="6.77676">
        <ele>1576</ele>
        <time>2026-07-02T19:21:33+00:00</time>
      </trkpt>
      <trkpt lat="46.15018" lon="6.77687">
        <ele>1576</ele>
        <time>2026-07-02T19:21:36+00:00</time>
      </trkpt>
      <trkpt lat="46.15018" lon="6.77696">
        <ele>1576</ele>
        <time>2026-07-02T19:21:39+00:00</time>
      </trkpt>
      <trkpt lat="46.15013" lon="6.77723">
        <ele>1579</ele>
        <time>2026-07-02T19:21:42+00:00</time>
      </trkpt>
      <trkpt lat="46.15014" lon="6.7774">
        <ele>1579</ele>
        <time>2026-07-02T19:21:45+00:00</time>
      </trkpt>
      <trkpt lat="46.15017" lon="6.77758">
        <ele>1582</ele>
        <time>2026-07-02T19:21:48+00:00</time>
      </trkpt>
      <trkpt lat="46.15017" lon="6.77774">
        <ele>1585</ele>
        <time>2026-07-02T19:21:51+00:00</time>
      </trkpt>
      <trkpt lat="46.1502" lon="6.7779">
        <ele>1589</ele>
        <time>2026-07-02T19:21:54+00:00</time>
      </trkpt>
      <trkpt lat="46.1502" lon="6.77797">
        <ele>1588</ele>
        <time>2026-07-02T19:21:57+00:00</time>
      </trkpt>
      <trkpt lat="46.15024" lon="6.77823">
        <ele>1594</ele>
        <time>2026-07-02T19:22:00+00:00</time>
      </trkpt>
      <trkpt lat="46.15027" lon="6.77835">
        <ele>1596</ele>
        <time>2026-07-02T19:22:03+00:00</time>
      </trkpt>
      <trkpt lat="46.15033" lon="6.77856">
        <ele>1601</ele>
        <time>2026-07-02T19:22:06+00:00</time>
      </trkpt>
      <trkpt lat="46.15036" lon="6.77881">
        <ele>1608</ele>
        <time>2026-07-02T19:22:09+00:00</time>
      </trkpt>
      <trkpt lat="46.15035" lon="6.77911">
        <ele>1613</ele>
        <time>2026-07-02T19:22:12+00:00</time>
      </trkpt>
      <trkpt lat="46.15032" lon="6.77927">
        <ele>1615</ele>
        <time>2026-07-02T19:22:15+00:00</time>
      </trkpt>
      <trkpt lat="46.15032" lon="6.77931">
        <ele>1617</ele>
        <time>2026-07-02T19:22:18+00:00</time>
      </trkpt>
      <trkpt lat="46.15037" lon="6.77971">
        <ele>1624</ele>
        <time>2026-07-02T19:22:21+00:00</time>
      </trkpt>
      <trkpt lat="46.15037" lon="6.77978">
        <ele>1624</ele>
        <time>2026-07-02T19:22:24+00:00</time>
      </trkpt>
      <trkpt lat="46.15036" lon="6.7798">
        <ele>1625</ele>
        <time>2026-07-02T19:22:27+00:00</time>
      </trkpt>
      <trkpt lat="46.15037" lon="6.77986">
        <ele>1625</ele>
        <time>2026-07-02T19:22:30+00:00</time>
      </trkpt>
      <trkpt lat="46.15036" lon="6.77999">
        <ele>1627</ele>
        <time>2026-07-02T19:22:33+00:00</time>
      </trkpt>
      <trkpt lat="46.15035" lon="6.78004">
        <ele>1627</ele>
        <time>2026-07-02T19:22:36+00:00</time>
      </trkpt>
      <trkpt lat="46.15035" lon="6.78018">
        <ele>1627</ele>
        <time>2026-07-02T19:22:39+00:00</time>
      </trkpt>
      <trkpt lat="46.15038" lon="6.7803">
        <ele>1628</ele>
        <time>2026-07-02T19:22:42+00:00</time>
      </trkpt>
      <trkpt lat="46.15038" lon="6.78035">
        <ele>1629</ele>
        <time>2026-07-02T19:22:45+00:00</time>
      </trkpt>
      <trkpt lat="46.15038" lon="6.78056">
        <ele>1632</ele>
        <time>2026-07-02T19:22:48+00:00</time>
      </trkpt>
      <trkpt lat="46.15037" lon="6.78061">
        <ele>1634</ele>
        <time>2026-07-02T19:22:51+00:00</time>
      </trkpt>
      <trkpt lat="46.15037" lon="6.78066">
        <ele>1634</ele>
        <time>2026-07-02T19:22:54+00:00</time>
      </trkpt>
      <trkpt lat="46.15041" lon="6.78074">
        <ele>1635</ele>
        <time>2026-07-02T19:22:57+00:00</time>
      </trkpt>
      <trkpt lat="46.15042" lon="6.78079">
        <ele>1635</ele>
        <time>2026-07-02T19:23:00+00:00</time>
      </trkpt>
      <trkpt lat="46.15042" lon="6.78083">
        <ele>1640</ele>
        <time>2026-07-02T19:23:03+00:00</time>
      </trkpt>
      <trkpt lat="46.1504" lon="6.78088">
        <ele>1640</ele>
        <time>2026-07-02T19:23:06+00:00</time>
      </trkpt>
      <trkpt lat="46.15037" lon="6.78091">
        <ele>1644</ele>
        <time>2026-07-02T19:23:09+00:00</time>
      </trkpt>
      <trkpt lat="46.15036" lon="6.78094">
        <ele>1644</ele>
        <time>2026-07-02T19:23:12+00:00</time>
      </trkpt>
      <trkpt lat="46.15037" lon="6.78098">
        <ele>1644</ele>
        <time>2026-07-02T19:23:15+00:00</time>
      </trkpt>
      <trkpt lat="46.1504" lon="6.78101">
        <ele>1645</ele>
        <time>2026-07-02T19:23:18+00:00</time>
      </trkpt>
      <trkpt lat="46.1504" lon="6.78105">
        <ele>1645</ele>
        <time>2026-07-02T19:23:21+00:00</time>
      </trkpt>
      <trkpt lat="46.15041" lon="6.78107">
        <ele>1645</ele>
        <time>2026-07-02T19:23:24+00:00</time>
      </trkpt>
      <trkpt lat="46.15046" lon="6.78115">
        <ele>1646</ele>
        <time>2026-07-02T19:23:27+00:00</time>
      </trkpt>
      <trkpt lat="46.15049" lon="6.78114">
        <ele>1646</ele>
        <time>2026-07-02T19:23:30+00:00</time>
      </trkpt>
      <trkpt lat="46.15053" lon="6.78117">
        <ele>1648</ele>
        <time>2026-07-02T19:23:33+00:00</time>
      </trkpt>
      <trkpt lat="46.15059" lon="6.78116">
        <ele>1648</ele>
        <time>2026-07-02T19:23:36+00:00</time>
      </trkpt>
      <trkpt lat="46.15064" lon="6.78117">
        <ele>1651</ele>
        <time>2026-07-02T19:23:39+00:00</time>
      </trkpt>
      <trkpt lat="46.15086" lon="6.78126">
        <ele>1659</ele>
        <time>2026-07-02T19:23:42+00:00</time>
      </trkpt>
      <trkpt lat="46.15091" lon="6.78129">
        <ele>1661</ele>
        <time>2026-07-02T19:23:45+00:00</time>
      </trkpt>
      <trkpt lat="46.15098" lon="6.78141">
        <ele>1669</ele>
        <time>2026-07-02T19:23:48+00:00</time>
      </trkpt>
      <trkpt lat="46.15098" lon="6.7816">
        <ele>1675</ele>
        <time>2026-07-02T19:23:51+00:00</time>
      </trkpt>
      <trkpt lat="46.15089" lon="6.78188">
        <ele>1682</ele>
        <time>2026-07-02T19:23:54+00:00</time>
      </trkpt>
      <trkpt lat="46.15091" lon="6.78197">
        <ele>1685</ele>
        <time>2026-07-02T19:23:57+00:00</time>
      </trkpt>
      <trkpt lat="46.1509" lon="6.78199">
        <ele>1685</ele>
        <time>2026-07-02T19:24:00+00:00</time>
      </trkpt>
      <trkpt lat="46.15089" lon="6.78199">
        <ele>1685</ele>
        <time>2026-07-02T19:24:03+00:00</time>
      </trkpt>
      <trkpt lat="46.15087" lon="6.78203">
        <ele>1689</ele>
        <time>2026-07-02T19:24:06+00:00</time>
      </trkpt>
      <trkpt lat="46.15088" lon="6.78208">
        <ele>1689</ele>
        <time>2026-07-02T19:24:09+00:00</time>
      </trkpt>
      <trkpt lat="46.1509" lon="6.78217">
        <ele>1691</ele>
        <time>2026-07-02T19:24:12+00:00</time>
      </trkpt>
      <trkpt lat="46.15093" lon="6.78227">
        <ele>1693</ele>
        <time>2026-07-02T19:24:15+00:00</time>
      </trkpt>
      <trkpt lat="46.15094" lon="6.78239">
        <ele>1696</ele>
        <time>2026-07-02T19:24:18+00:00</time>
      </trkpt>
      <trkpt lat="46.15092" lon="6.78244">
        <ele>1698</ele>
        <time>2026-07-02T19:24:21+00:00</time>
      </trkpt>
      <trkpt lat="46.15092" lon="6.7825">
        <ele>1698</ele>
        <time>2026-07-02T19:24:24+00:00</time>
      </trkpt>
      <trkpt lat="46.15094" lon="6.78254">
        <ele>1700</ele>
        <time>2026-07-02T19:24:27+00:00</time>
      </trkpt>
      <trkpt lat="46.15092" lon="6.78262">
        <ele>1702</ele>
        <time>2026-07-02T19:24:30+00:00</time>
      </trkpt>
      <trkpt lat="46.15091" lon="6.78266">
        <ele>1702</ele>
        <time>2026-07-02T19:24:33+00:00</time>
      </trkpt>
      <trkpt lat="46.15089" lon="6.78271">
        <ele>1703</ele>
        <time>2026-07-02T19:24:36+00:00</time>
      </trkpt>
      <trkpt lat="46.15088" lon="6.78275">
        <ele>1703</ele>
        <time>2026-07-02T19:24:39+00:00</time>
      </trkpt>
      <trkpt lat="46.15089" lon="6.78279">
        <ele>1703</ele>
        <time>2026-07-02T19:24:42+00:00</time>
      </trkpt>
      <trkpt lat="46.15093" lon="6.78282">
        <ele>1705</ele>
        <time>2026-07-02T19:24:45+00:00</time>
      </trkpt>
      <trkpt lat="46.15093" lon="6.78286">
        <ele>1705</ele>
        <time>2026-07-02T19:24:48+00:00</time>
      </trkpt>
      <trkpt lat="46.15094" lon="6.78291">
        <ele>1708</ele>
        <time>2026-07-02T19:24:51+00:00</time>
      </trkpt>
      <trkpt lat="46.15096" lon="6.78296">
        <ele>1708</ele>
        <time>2026-07-02T19:24:54+00:00</time>
      </trkpt>
      <trkpt lat="46.15099" lon="6.78303">
        <ele>1711</ele>
        <time>2026-07-02T19:24:57+00:00</time>
      </trkpt>
      <trkpt lat="46.15099" lon="6.78306">
        <ele>1711</ele>
        <time>2026-07-02T19:25:00+00:00</time>
      </trkpt>
      <trkpt lat="46.15096" lon="6.78312">
        <ele>1713</ele>
        <time>2026-07-02T19:25:03+00:00</time>
      </trkpt>
      <trkpt lat="46.15096" lon="6.78315">
        <ele>1713</ele>
        <time>2026-07-02T19:25:06+00:00</time>
      </trkpt>
      <trkpt lat="46.15096" lon="6.7833">
        <ele>1716</ele>
        <time>2026-07-02T19:25:09+00:00</time>
      </trkpt>
      <trkpt lat="46.15097" lon="6.78333">
        <ele>1718</ele>
        <time>2026-07-02T19:25:12+00:00</time>
      </trkpt>
      <trkpt lat="46.15098" lon="6.78336">
        <ele>1718</ele>
        <time>2026-07-02T19:25:15+00:00</time>
      </trkpt>
      <trkpt lat="46.15097" lon="6.78364">
        <ele>1722</ele>
        <time>2026-07-02T19:25:18+00:00</time>
      </trkpt>
      <trkpt lat="46.151" lon="6.78369">
        <ele>1722</ele>
        <time>2026-07-02T19:25:21+00:00</time>
      </trkpt>
      <trkpt lat="46.151" lon="6.78371">
        <ele>1728</ele>
        <time>2026-07-02T19:25:24+00:00</time>
      </trkpt>
      <trkpt lat="46.15098" lon="6.78378">
        <ele>1724</ele>
        <time>2026-07-02T19:25:27+00:00</time>
      </trkpt>
      <trkpt lat="46.15098" lon="6.78389">
        <ele>1726</ele>
        <time>2026-07-02T19:25:30+00:00</time>
      </trkpt>
      <trkpt lat="46.15102" lon="6.78396">
        <ele>1733</ele>
        <time>2026-07-02T19:25:33+00:00</time>
      </trkpt>
      <trkpt lat="46.15103" lon="6.78402">
        <ele>1735</ele>
        <time>2026-07-02T19:25:36+00:00</time>
      </trkpt>
      <trkpt lat="46.15105" lon="6.78406">
        <ele>1735</ele>
        <time>2026-07-02T19:25:39+00:00</time>
      </trkpt>
      <trkpt lat="46.15108" lon="6.78409">
        <ele>1735</ele>
        <time>2026-07-02T19:25:42+00:00</time>
      </trkpt>
      <trkpt lat="46.15113" lon="6.78424">
        <ele>1741</ele>
        <time>2026-07-02T19:25:45+00:00</time>
      </trkpt>
      <trkpt lat="46.15111" lon="6.78434">
        <ele>1742</ele>
        <time>2026-07-02T19:25:48+00:00</time>
      </trkpt>
      <trkpt lat="46.15116" lon="6.78448">
        <ele>1743</ele>
        <time>2026-07-02T19:25:51+00:00</time>
      </trkpt>
      <trkpt lat="46.15115" lon="6.78453">
        <ele>1746</ele>
        <time>2026-07-02T19:25:54+00:00</time>
      </trkpt>
      <trkpt lat="46.15115" lon="6.78464">
        <ele>1747</ele>
        <time>2026-07-02T19:25:57+00:00</time>
      </trkpt>
      <trkpt lat="46.1511" lon="6.7848">
        <ele>1750</ele>
        <time>2026-07-02T19:26:00+00:00</time>
      </trkpt>
      <trkpt lat="46.15109" lon="6.78486">
        <ele>1750</ele>
        <time>2026-07-02T19:26:03+00:00</time>
      </trkpt>
      <trkpt lat="46.15107" lon="6.78489">
        <ele>1750</ele>
        <time>2026-07-02T19:26:06+00:00</time>
      </trkpt>
      <trkpt lat="46.15104" lon="6.78495">
        <ele>1751</ele>
        <time>2026-07-02T19:26:09+00:00</time>
      </trkpt>
      <trkpt lat="46.15105" lon="6.78499">
        <ele>1751</ele>
        <time>2026-07-02T19:26:12+00:00</time>
      </trkpt>
      <trkpt lat="46.15104" lon="6.78504">
        <ele>1753</ele>
        <time>2026-07-02T19:26:15+00:00</time>
      </trkpt>
      <trkpt lat="46.15103" lon="6.78515">
        <ele>1755</ele>
        <time>2026-07-02T19:26:18+00:00</time>
      </trkpt>
      <trkpt lat="46.15103" lon="6.78519">
        <ele>1755</ele>
        <time>2026-07-02T19:26:21+00:00</time>
      </trkpt>
      <trkpt lat="46.15102" lon="6.78527">
        <ele>1756</ele>
        <time>2026-07-02T19:26:24+00:00</time>
      </trkpt>
      <trkpt lat="46.15102" lon="6.78534">
        <ele>1758</ele>
        <time>2026-07-02T19:26:27+00:00</time>
      </trkpt>
      <trkpt lat="46.15101" lon="6.78538">
        <ele>1758</ele>
        <time>2026-07-02T19:26:30+00:00</time>
      </trkpt>
      <trkpt lat="46.15097" lon="6.78547">
        <ele>1757</ele>
        <time>2026-07-02T19:26:33+00:00</time>
      </trkpt>
      <trkpt lat="46.15091" lon="6.78561">
        <ele>1759</ele>
        <time>2026-07-02T19:26:36+00:00</time>
      </trkpt>
      <trkpt lat="46.15091" lon="6.78568">
        <ele>1759</ele>
        <time>2026-07-02T19:26:39+00:00</time>
      </trkpt>
      <trkpt lat="46.15091" lon="6.78575">
        <ele>1762</ele>
        <time>2026-07-02T19:26:42+00:00</time>
      </trkpt>
      <trkpt lat="46.15093" lon="6.78597">
        <ele>1764</ele>
        <time>2026-07-02T19:26:45+00:00</time>
      </trkpt>
      <trkpt lat="46.15094" lon="6.78604">
        <ele>1766</ele>
        <time>2026-07-02T19:26:48+00:00</time>
      </trkpt>
      <trkpt lat="46.15098" lon="6.78614">
        <ele>1767</ele>
        <time>2026-07-02T19:26:51+00:00</time>
      </trkpt>
      <trkpt lat="46.15098" lon="6.7862">
        <ele>1767</ele>
        <time>2026-07-02T19:26:54+00:00</time>
      </trkpt>
      <trkpt lat="46.15101" lon="6.78629">
        <ele>1770</ele>
        <time>2026-07-02T19:26:57+00:00</time>
      </trkpt>
      <trkpt lat="46.15102" lon="6.78636">
        <ele>1771</ele>
        <time>2026-07-02T19:27:00+00:00</time>
      </trkpt>
      <trkpt lat="46.15101" lon="6.78643">
        <ele>1772</ele>
        <time>2026-07-02T19:27:03+00:00</time>
      </trkpt>
      <trkpt lat="46.15096" lon="6.78653">
        <ele>1770</ele>
        <time>2026-07-02T19:27:06+00:00</time>
      </trkpt>
      <trkpt lat="46.15096" lon="6.78657">
        <ele>1770</ele>
        <time>2026-07-02T19:27:09+00:00</time>
      </trkpt>
      <trkpt lat="46.15095" lon="6.78658">
        <ele>1770</ele>
        <time>2026-07-02T19:27:12+00:00</time>
      </trkpt>
      <trkpt lat="46.15093" lon="6.78665">
        <ele>1773</ele>
        <time>2026-07-02T19:27:15+00:00</time>
      </trkpt>
      <trkpt lat="46.15092" lon="6.78668">
        <ele>1773</ele>
        <time>2026-07-02T19:27:18+00:00</time>
      </trkpt>
      <trkpt lat="46.15092" lon="6.78671">
        <ele>1774</ele>
        <time>2026-07-02T19:27:21+00:00</time>
      </trkpt>
      <trkpt lat="46.15093" lon="6.78674">
        <ele>1774</ele>
        <time>2026-07-02T19:27:24+00:00</time>
      </trkpt>
      <trkpt lat="46.15094" lon="6.78675">
        <ele>1774</ele>
        <time>2026-07-02T19:27:27+00:00</time>
      </trkpt>
      <trkpt lat="46.15095" lon="6.7868">
        <ele>1776</ele>
        <time>2026-07-02T19:27:30+00:00</time>
      </trkpt>
      <trkpt lat="46.15094" lon="6.78686">
        <ele>1776</ele>
        <time>2026-07-02T19:27:33+00:00</time>
      </trkpt>
      <trkpt lat="46.15096" lon="6.78696">
        <ele>1778</ele>
        <time>2026-07-02T19:27:36+00:00</time>
      </trkpt>
      <trkpt lat="46.15096" lon="6.78698">
        <ele>1778</ele>
        <time>2026-07-02T19:27:39+00:00</time>
      </trkpt>
      <trkpt lat="46.15094" lon="6.78702">
        <ele>1779</ele>
        <time>2026-07-02T19:27:42+00:00</time>
      </trkpt>
      <trkpt lat="46.15094" lon="6.78705">
        <ele>1779</ele>
        <time>2026-07-02T19:27:45+00:00</time>
      </trkpt>
      <trkpt lat="46.15094" lon="6.78711">
        <ele>1782</ele>
        <time>2026-07-02T19:27:48+00:00</time>
      </trkpt>
      <trkpt lat="46.15093" lon="6.78718">
        <ele>1782</ele>
        <time>2026-07-02T19:27:51+00:00</time>
      </trkpt>
      <trkpt lat="46.15091" lon="6.78723">
        <ele>1784</ele>
        <time>2026-07-02T19:27:54+00:00</time>
      </trkpt>
      <trkpt lat="46.15086" lon="6.78726">
        <ele>1783</ele>
        <time>2026-07-02T19:27:57+00:00</time>
      </trkpt>
      <trkpt lat="46.15085" lon="6.78729">
        <ele>1783</ele>
        <time>2026-07-02T19:28:00+00:00</time>
      </trkpt>
      <trkpt lat="46.15084" lon="6.78734">
        <ele>1785</ele>
        <time>2026-07-02T19:28:03+00:00</time>
      </trkpt>
      <trkpt lat="46.15081" lon="6.78747">
        <ele>1787</ele>
        <time>2026-07-02T19:28:06+00:00</time>
      </trkpt>
      <trkpt lat="46.15081" lon="6.78753">
        <ele>1790</ele>
        <time>2026-07-02T19:28:09+00:00</time>
      </trkpt>
      <trkpt lat="46.15078" lon="6.78765">
        <ele>1790</ele>
        <time>2026-07-02T19:28:12+00:00</time>
      </trkpt>
      <trkpt lat="46.15079" lon="6.7877">
        <ele>1793</ele>
        <time>2026-07-02T19:28:15+00:00</time>
      </trkpt>
      <trkpt lat="46.15078" lon="6.78772">
        <ele>1793</ele>
        <time>2026-07-02T19:28:18+00:00</time>
      </trkpt>
      <trkpt lat="46.15074" lon="6.78772">
        <ele>1793</ele>
        <time>2026-07-02T19:28:21+00:00</time>
      </trkpt>
      <trkpt lat="46.1507" lon="6.78773">
        <ele>1793</ele>
        <time>2026-07-02T19:28:24+00:00</time>
      </trkpt>
      <trkpt lat="46.15066" lon="6.78778">
        <ele>1792</ele>
        <time>2026-07-02T19:28:27+00:00</time>
      </trkpt>
      <trkpt lat="46.15066" lon="6.7878">
        <ele>1792</ele>
        <time>2026-07-02T19:28:30+00:00</time>
      </trkpt>
      <trkpt lat="46.15071" lon="6.78783">
        <ele>1799</ele>
        <time>2026-07-02T19:28:33+00:00</time>
      </trkpt>
      <trkpt lat="46.15072" lon="6.78784">
        <ele>1799</ele>
        <time>2026-07-02T19:28:36+00:00</time>
      </trkpt>
      <trkpt lat="46.15071" lon="6.78786">
        <ele>1799</ele>
        <time>2026-07-02T19:28:39+00:00</time>
      </trkpt>
      <trkpt lat="46.15071" lon="6.78789">
        <ele>1799</ele>
        <time>2026-07-02T19:28:42+00:00</time>
      </trkpt>
      <trkpt lat="46.15073" lon="6.78794">
        <ele>1801</ele>
        <time>2026-07-02T19:28:45+00:00</time>
      </trkpt>
      <trkpt lat="46.15074" lon="6.78796">
        <ele>1801</ele>
        <time>2026-07-02T19:28:48+00:00</time>
      </trkpt>
      <trkpt lat="46.15074" lon="6.788">
        <ele>1801</ele>
        <time>2026-07-02T19:28:51+00:00</time>
      </trkpt>
      <trkpt lat="46.15079" lon="6.78809">
        <ele>1803</ele>
        <time>2026-07-02T19:28:54+00:00</time>
      </trkpt>
      <trkpt lat="46.1508" lon="6.78814">
        <ele>1806</ele>
        <time>2026-07-02T19:28:57+00:00</time>
      </trkpt>
      <trkpt lat="46.1508" lon="6.78826">
        <ele>1807</ele>
        <time>2026-07-02T19:29:00+00:00</time>
      </trkpt>
      <trkpt lat="46.15081" lon="6.78827">
        <ele>1808</ele>
        <time>2026-07-02T19:29:03+00:00</time>
      </trkpt>
      <trkpt lat="46.15082" lon="6.78829">
        <ele>1808</ele>
        <time>2026-07-02T19:29:06+00:00</time>
      </trkpt>
      <trkpt lat="46.15085" lon="6.78833">
        <ele>1810</ele>
        <time>2026-07-02T19:29:09+00:00</time>
      </trkpt>
      <trkpt lat="46.15086" lon="6.78838">
        <ele>1810</ele>
        <time>2026-07-02T19:29:12+00:00</time>
      </trkpt>
      <trkpt lat="46.15087" lon="6.78842">
        <ele>1813</ele>
        <time>2026-07-02T19:29:15+00:00</time>
      </trkpt>
      <trkpt lat="46.15086" lon="6.78858">
        <ele>1815</ele>
        <time>2026-07-02T19:29:18+00:00</time>
      </trkpt>
      <trkpt lat="46.15086" lon="6.78865">
        <ele>1817</ele>
        <time>2026-07-02T19:29:21+00:00</time>
      </trkpt>
      <trkpt lat="46.15085" lon="6.7887">
        <ele>1817</ele>
        <time>2026-07-02T19:29:24+00:00</time>
      </trkpt>
      <trkpt lat="46.15086" lon="6.78877">
        <ele>1820</ele>
        <time>2026-07-02T19:29:27+00:00</time>
      </trkpt>
      <trkpt lat="46.15086" lon="6.78907">
        <ele>1828</ele>
        <time>2026-07-02T19:29:30+00:00</time>
      </trkpt>
      <trkpt lat="46.15087" lon="6.78915">
        <ele>1830</ele>
        <time>2026-07-02T19:29:33+00:00</time>
      </trkpt>
      <trkpt lat="46.15086" lon="6.78923">
        <ele>1832</ele>
        <time>2026-07-02T19:29:36+00:00</time>
      </trkpt>
      <trkpt lat="46.15083" lon="6.78929">
        <ele>1832</ele>
        <time>2026-07-02T19:29:39+00:00</time>
      </trkpt>
      <trkpt lat="46.15079" lon="6.78932">
        <ele>1838</ele>
        <time>2026-07-02T19:29:42+00:00</time>
      </trkpt>
      <trkpt lat="46.1507" lon="6.78929">
        <ele>1833</ele>
        <time>2026-07-02T19:29:45+00:00</time>
      </trkpt>
      <trkpt lat="46.15066" lon="6.78932">
        <ele>1837</ele>
        <time>2026-07-02T19:29:48+00:00</time>
      </trkpt>
      <trkpt lat="46.15064" lon="6.78938">
        <ele>1837</ele>
        <time>2026-07-02T19:29:51+00:00</time>
      </trkpt>
      <trkpt lat="46.15064" lon="6.78945">
        <ele>1839</ele>
        <time>2026-07-02T19:29:54+00:00</time>
      </trkpt>
      <trkpt lat="46.15066" lon="6.78951">
        <ele>1842</ele>
        <time>2026-07-02T19:29:57+00:00</time>
      </trkpt>
      <trkpt lat="46.15067" lon="6.78957">
        <ele>1842</ele>
        <time>2026-07-02T19:30:00+00:00</time>
      </trkpt>
      <trkpt lat="46.15067" lon="6.78961">
        <ele>1847</ele>
        <time>2026-07-02T19:30:03+00:00</time>
      </trkpt>
      <trkpt lat="46.15071" lon="6.78963">
        <ele>1850</ele>
        <time>2026-07-02T19:30:06+00:00</time>
      </trkpt>
      <trkpt lat="46.1507" lon="6.78969">
        <ele>1850</ele>
        <time>2026-07-02T19:30:09+00:00</time>
      </trkpt>
      <trkpt lat="46.15072" lon="6.78975">
        <ele>1853</ele>
        <time>2026-07-02T19:30:12+00:00</time>
      </trkpt>
      <trkpt lat="46.15074" lon="6.78979">
        <ele>1853</ele>
        <time>2026-07-02T19:30:15+00:00</time>
      </trkpt>
      <trkpt lat="46.15076" lon="6.78981">
        <ele>1855</ele>
        <time>2026-07-02T19:30:18+00:00</time>
      </trkpt>
      <trkpt lat="46.15078" lon="6.78986">
        <ele>1855</ele>
        <time>2026-07-02T19:30:21+00:00</time>
      </trkpt>
      <trkpt lat="46.15076" lon="6.79">
        <ele>1857</ele>
        <time>2026-07-02T19:30:24+00:00</time>
      </trkpt>
      <trkpt lat="46.15074" lon="6.79002">
        <ele>1860</ele>
        <time>2026-07-02T19:30:27+00:00</time>
      </trkpt>
      <trkpt lat="46.15074" lon="6.79005">
        <ele>1860</ele>
        <time>2026-07-02T19:30:30+00:00</time>
      </trkpt>
      <trkpt lat="46.15074" lon="6.79005">
        <ele>1860</ele>
        <time>2026-07-02T19:30:33+00:00</time>
      </trkpt>
      <trkpt lat="46.15078" lon="6.7901">
        <ele>1860</ele>
        <time>2026-07-02T19:30:36+00:00</time>
      </trkpt>
      <trkpt lat="46.15077" lon="6.79013">
        <ele>1862</ele>
        <time>2026-07-02T19:30:39+00:00</time>
      </trkpt>
      <trkpt lat="46.15077" lon="6.79015">
        <ele>1862</ele>
        <time>2026-07-02T19:30:42+00:00</time>
      </trkpt>
      <trkpt lat="46.15079" lon="6.79016">
        <ele>1862</ele>
        <time>2026-07-02T19:30:45+00:00</time>
      </trkpt>
      <trkpt lat="46.15079" lon="6.79019">
        <ele>1862</ele>
        <time>2026-07-02T19:30:48+00:00</time>
      </trkpt>
      <trkpt lat="46.15081" lon="6.79021">
        <ele>1869</ele>
        <time>2026-07-02T19:30:51+00:00</time>
      </trkpt>
      <trkpt lat="46.15083" lon="6.79026">
        <ele>1869</ele>
        <time>2026-07-02T19:30:54+00:00</time>
      </trkpt>
      <trkpt lat="46.15084" lon="6.79031">
        <ele>1871</ele>
        <time>2026-07-02T19:30:57+00:00</time>
      </trkpt>
      <trkpt lat="46.15085" lon="6.79037">
        <ele>1871</ele>
        <time>2026-07-02T19:31:00+00:00</time>
      </trkpt>
      <trkpt lat="46.15085" lon="6.79041">
        <ele>1873</ele>
        <time>2026-07-02T19:31:03+00:00</time>
      </trkpt>
      <trkpt lat="46.15085" lon="6.79046">
        <ele>1873</ele>
        <time>2026-07-02T19:31:06+00:00</time>
      </trkpt>
      <trkpt lat="46.1508" lon="6.79051">
        <ele>1877</ele>
        <time>2026-07-02T19:31:09+00:00</time>
      </trkpt>
      <trkpt lat="46.1508" lon="6.79058">
        <ele>1877</ele>
        <time>2026-07-02T19:31:12+00:00</time>
      </trkpt>
      <trkpt lat="46.15082" lon="6.79064">
        <ele>1878</ele>
        <time>2026-07-02T19:31:15+00:00</time>
      </trkpt>
      <trkpt lat="46.15081" lon="6.79069">
        <ele>1878</ele>
        <time>2026-07-02T19:31:18+00:00</time>
      </trkpt>
      <trkpt lat="46.15081" lon="6.79072">
        <ele>1880</ele>
        <time>2026-07-02T19:31:21+00:00</time>
      </trkpt>
      <trkpt lat="46.15078" lon="6.79078">
        <ele>1878</ele>
        <time>2026-07-02T19:31:24+00:00</time>
      </trkpt>
      <trkpt lat="46.15072" lon="6.79086">
        <ele>1881</ele>
        <time>2026-07-02T19:31:27+00:00</time>
      </trkpt>
      <trkpt lat="46.1506" lon="6.79107">
        <ele>1884</ele>
        <time>2026-07-02T19:31:30+00:00</time>
      </trkpt>
      <trkpt lat="46.15058" lon="6.79112">
        <ele>1888</ele>
        <time>2026-07-02T19:31:33+00:00</time>
      </trkpt>
      <trkpt lat="46.15054" lon="6.79118">
        <ele>1888</ele>
        <time>2026-07-02T19:31:36+00:00</time>
      </trkpt>
      <trkpt lat="46.15049" lon="6.79123">
        <ele>1889</ele>
        <time>2026-07-02T19:31:39+00:00</time>
      </trkpt>
      <trkpt lat="46.15048" lon="6.79129">
        <ele>1889</ele>
        <time>2026-07-02T19:31:42+00:00</time>
      </trkpt>
      <trkpt lat="46.15045" lon="6.79132">
        <ele>1891</ele>
        <time>2026-07-02T19:31:45+00:00</time>
      </trkpt>
      <trkpt lat="46.15042" lon="6.79148">
        <ele>1894</ele>
        <time>2026-07-02T19:31:48+00:00</time>
      </trkpt>
      <trkpt lat="46.15041" lon="6.79155">
        <ele>1896</ele>
        <time>2026-07-02T19:31:51+00:00</time>
      </trkpt>
      <trkpt lat="46.15043" lon="6.79157">
        <ele>1896</ele>
        <time>2026-07-02T19:31:54+00:00</time>
      </trkpt>
      <trkpt lat="46.15042" lon="6.79161">
        <ele>1898</ele>
        <time>2026-07-02T19:31:57+00:00</time>
      </trkpt>
      <trkpt lat="46.15036" lon="6.79174">
        <ele>1896</ele>
        <time>2026-07-02T19:32:00+00:00</time>
      </trkpt>
      <trkpt lat="46.15035" lon="6.79178">
        <ele>1896</ele>
        <time>2026-07-02T19:32:03+00:00</time>
      </trkpt>
      <trkpt lat="46.15038" lon="6.7919">
        <ele>1898</ele>
        <time>2026-07-02T19:32:06+00:00</time>
      </trkpt>
      <trkpt lat="46.15038" lon="6.79195">
        <ele>1900</ele>
        <time>2026-07-02T19:32:09+00:00</time>
      </trkpt>
      <trkpt lat="46.15039" lon="6.79203">
        <ele>1903</ele>
        <time>2026-07-02T19:32:12+00:00</time>
      </trkpt>
      <trkpt lat="46.15039" lon="6.79215">
        <ele>1905</ele>
        <time>2026-07-02T19:32:15+00:00</time>
      </trkpt>
      <trkpt lat="46.15038" lon="6.79222">
        <ele>1907</ele>
        <time>2026-07-02T19:32:18+00:00</time>
      </trkpt>
      <trkpt lat="46.15035" lon="6.79231">
        <ele>1910</ele>
        <time>2026-07-02T19:32:21+00:00</time>
      </trkpt>
      <trkpt lat="46.15033" lon="6.79235">
        <ele>1910</ele>
        <time>2026-07-02T19:32:24+00:00</time>
      </trkpt>
      <trkpt lat="46.15028" lon="6.79241">
        <ele>1910</ele>
        <time>2026-07-02T19:32:27+00:00</time>
      </trkpt>
      <trkpt lat="46.15025" lon="6.79247">
        <ele>1910</ele>
        <time>2026-07-02T19:32:30+00:00</time>
      </trkpt>
      <trkpt lat="46.15024" lon="6.79251">
        <ele>1912</ele>
        <time>2026-07-02T19:32:33+00:00</time>
      </trkpt>
      <trkpt lat="46.15023" lon="6.79271">
        <ele>1915</ele>
        <time>2026-07-02T19:32:36+00:00</time>
      </trkpt>
      <trkpt lat="46.15022" lon="6.79277">
        <ele>1915</ele>
        <time>2026-07-02T19:32:39+00:00</time>
      </trkpt>
      <trkpt lat="46.15022" lon="6.79277">
        <ele>1915</ele>
        <time>2026-07-02T19:32:42+00:00</time>
      </trkpt>
      <trkpt lat="46.15032" lon="6.79272">
        <ele>1916</ele>
        <time>2026-07-02T19:32:45+00:00</time>
      </trkpt>
      <trkpt lat="46.15034" lon="6.7927">
        <ele>1916</ele>
        <time>2026-07-02T19:32:48+00:00</time>
      </trkpt>
      <trkpt lat="46.15038" lon="6.79264">
        <ele>1915</ele>
        <time>2026-07-02T19:32:51+00:00</time>
      </trkpt>
      <trkpt lat="46.15042" lon="6.79259">
        <ele>1917</ele>
        <time>2026-07-02T19:32:54+00:00</time>
      </trkpt>
      <trkpt lat="46.15046" lon="6.79256">
        <ele>1917</ele>
        <time>2026-07-02T19:32:57+00:00</time>
      </trkpt>
      <trkpt lat="46.15055" lon="6.79248">
        <ele>1918</ele>
        <time>2026-07-02T19:33:00+00:00</time>
      </trkpt>
      <trkpt lat="46.15056" lon="6.79248">
        <ele>1918</ele>
        <time>2026-07-02T19:33:03+00:00</time>
      </trkpt>
      <trkpt lat="46.1506" lon="6.79248">
        <ele>1918</ele>
        <time>2026-07-02T19:33:06+00:00</time>
      </trkpt>
      <trkpt lat="46.15063" lon="6.79246">
        <ele>1920</ele>
        <time>2026-07-02T19:33:09+00:00</time>
      </trkpt>
      <trkpt lat="46.15066" lon="6.79242">
        <ele>1920</ele>
        <time>2026-07-02T19:33:12+00:00</time>
      </trkpt>
      <trkpt lat="46.15072" lon="6.79241">
        <ele>1923</ele>
        <time>2026-07-02T19:33:15+00:00</time>
      </trkpt>
      <trkpt lat="46.15078" lon="6.79238">
        <ele>1923</ele>
        <time>2026-07-02T19:33:18+00:00</time>
      </trkpt>
      <trkpt lat="46.15085" lon="6.79234">
        <ele>1926</ele>
        <time>2026-07-02T19:33:21+00:00</time>
      </trkpt>
      <trkpt lat="46.15094" lon="6.7923">
        <ele>1929</ele>
        <time>2026-07-02T19:33:24+00:00</time>
      </trkpt>
      <trkpt lat="46.15098" lon="6.79225">
        <ele>1929</ele>
        <time>2026-07-02T19:33:27+00:00</time>
      </trkpt>
      <trkpt lat="46.15102" lon="6.7922">
        <ele>1934</ele>
        <time>2026-07-02T19:33:30+00:00</time>
      </trkpt>
      <trkpt lat="46.15104" lon="6.79218">
        <ele>1934</ele>
        <time>2026-07-02T19:33:33+00:00</time>
      </trkpt>
      <trkpt lat="46.15108" lon="6.79217">
        <ele>1934</ele>
        <time>2026-07-02T19:33:36+00:00</time>
      </trkpt>
      <trkpt lat="46.15111" lon="6.79215">
        <ele>1938</ele>
        <time>2026-07-02T19:33:39+00:00</time>
      </trkpt>
      <trkpt lat="46.15117" lon="6.79207">
        <ele>1938</ele>
        <time>2026-07-02T19:33:42+00:00</time>
      </trkpt>
      <trkpt lat="46.1512" lon="6.79203">
        <ele>1938</ele>
        <time>2026-07-02T19:33:45+00:00</time>
      </trkpt>
      <trkpt lat="46.15124" lon="6.79199">
        <ele>1942</ele>
        <time>2026-07-02T19:33:48+00:00</time>
      </trkpt>
      <trkpt lat="46.15128" lon="6.79199">
        <ele>1942</ele>
        <time>2026-07-02T19:33:51+00:00</time>
      </trkpt>
      <trkpt lat="46.15132" lon="6.79197">
        <ele>1948</ele>
        <time>2026-07-02T19:33:54+00:00</time>
      </trkpt>
      <trkpt lat="46.15135" lon="6.79193">
        <ele>1948</ele>
        <time>2026-07-02T19:33:57+00:00</time>
      </trkpt>
      <trkpt lat="46.1514" lon="6.79192">
        <ele>1952</ele>
        <time>2026-07-02T19:34:00+00:00</time>
      </trkpt>
      <trkpt lat="46.15145" lon="6.79191">
        <ele>1952</ele>
        <time>2026-07-02T19:34:03+00:00</time>
      </trkpt>
      <trkpt lat="46.15148" lon="6.7919">
        <ele>1951</ele>
        <time>2026-07-02T19:34:06+00:00</time>
      </trkpt>
      <trkpt lat="46.15149" lon="6.7919">
        <ele>1952</ele>
        <time>2026-07-02T19:34:09+00:00</time>
      </trkpt>
      <trkpt lat="46.15153" lon="6.79188">
        <ele>1956</ele>
        <time>2026-07-02T19:34:12+00:00</time>
      </trkpt>
      <trkpt lat="46.15157" lon="6.79184">
        <ele>1956</ele>
        <time>2026-07-02T19:34:15+00:00</time>
      </trkpt>
      <trkpt lat="46.1516" lon="6.79181">
        <ele>1956</ele>
        <time>2026-07-02T19:34:18+00:00</time>
      </trkpt>
      <trkpt lat="46.15161" lon="6.79178">
        <ele>1962</ele>
        <time>2026-07-02T19:34:21+00:00</time>
      </trkpt>
      <trkpt lat="46.15166" lon="6.79173">
        <ele>1962</ele>
        <time>2026-07-02T19:34:24+00:00</time>
      </trkpt>
      <trkpt lat="46.15169" lon="6.79169">
        <ele>1956</ele>
        <time>2026-07-02T19:34:27+00:00</time>
      </trkpt>
      <trkpt lat="46.15173" lon="6.79168">
        <ele>1959</ele>
        <time>2026-07-02T19:34:30+00:00</time>
      </trkpt>
      <trkpt lat="46.15178" lon="6.7917">
        <ele>1959</ele>
        <time>2026-07-02T19:34:33+00:00</time>
      </trkpt>
      <trkpt lat="46.15184" lon="6.79173">
        <ele>1966</ele>
        <time>2026-07-02T19:34:36+00:00</time>
      </trkpt>
      <trkpt lat="46.15186" lon="6.79174">
        <ele>1966</ele>
        <time>2026-07-02T19:34:39+00:00</time>
      </trkpt>
      <trkpt lat="46.15187" lon="6.7917">
        <ele>1964</ele>
        <time>2026-07-02T19:34:42+00:00</time>
      </trkpt>
      <trkpt lat="46.15186" lon="6.79167">
        <ele>1964</ele>
        <time>2026-07-02T19:34:45+00:00</time>
      </trkpt>
      <trkpt lat="46.15185" lon="6.79165">
        <ele>1964</ele>
        <time>2026-07-02T19:34:48+00:00</time>
      </trkpt>
      <trkpt lat="46.15185" lon="6.79163">
        <ele>1964</ele>
        <time>2026-07-02T19:34:51+00:00</time>
      </trkpt>
      <trkpt lat="46.15187" lon="6.79164">
        <ele>1964</ele>
        <time>2026-07-02T19:34:54+00:00</time>
      </trkpt>
      <trkpt lat="46.15191" lon="6.79163">
        <ele>1973</ele>
        <time>2026-07-02T19:34:57+00:00</time>
      </trkpt>
      <trkpt lat="46.15194" lon="6.79162">
        <ele>1973</ele>
        <time>2026-07-02T19:35:00+00:00</time>
      </trkpt>
      <trkpt lat="46.15196" lon="6.79164">
        <ele>1973</ele>
        <time>2026-07-02T19:35:03+00:00</time>
      </trkpt>
      <trkpt lat="46.15197" lon="6.79163">
        <ele>1973</ele>
        <time>2026-07-02T19:35:06+00:00</time>
      </trkpt>
      <trkpt lat="46.15199" lon="6.79161">
        <ele>1973</ele>
        <time>2026-07-02T19:35:09+00:00</time>
      </trkpt>
      <trkpt lat="46.15201" lon="6.79161">
        <ele>1980</ele>
        <time>2026-07-02T19:35:12+00:00</time>
      </trkpt>
      <trkpt lat="46.15202" lon="6.79161">
        <ele>1980</ele>
        <time>2026-07-02T19:35:15+00:00</time>
      </trkpt>
      <trkpt lat="46.15203" lon="6.79162">
        <ele>1980</ele>
        <time>2026-07-02T19:35:18+00:00</time>
      </trkpt>
      <trkpt lat="46.15206" lon="6.79159">
        <ele>1978</ele>
        <time>2026-07-02T19:35:21+00:00</time>
      </trkpt>
      <trkpt lat="46.15208" lon="6.79155">
        <ele>1978</ele>
        <time>2026-07-02T19:35:24+00:00</time>
      </trkpt>
      <trkpt lat="46.15212" lon="6.79152">
        <ele>1985</ele>
        <time>2026-07-02T19:35:27+00:00</time>
      </trkpt>
      <trkpt lat="46.15217" lon="6.7915">
        <ele>1985</ele>
        <time>2026-07-02T19:35:30+00:00</time>
      </trkpt>
      <trkpt lat="46.1522" lon="6.79149">
        <ele>1990</ele>
        <time>2026-07-02T19:35:33+00:00</time>
      </trkpt>
      <trkpt lat="46.15225" lon="6.79143">
        <ele>1990</ele>
        <time>2026-07-02T19:35:36+00:00</time>
      </trkpt>
      <trkpt lat="46.15228" lon="6.79138">
        <ele>1985</ele>
        <time>2026-07-02T19:35:39+00:00</time>
      </trkpt>
      <trkpt lat="46.1523" lon="6.79136">
        <ele>1989</ele>
        <time>2026-07-02T19:35:42+00:00</time>
      </trkpt>
      <trkpt lat="46.15233" lon="6.79136">
        <ele>1989</ele>
        <time>2026-07-02T19:35:45+00:00</time>
      </trkpt>
      <trkpt lat="46.15236" lon="6.79134">
        <ele>1989</ele>
        <time>2026-07-02T19:35:48+00:00</time>
      </trkpt>
      <trkpt lat="46.1524" lon="6.79127">
        <ele>1988</ele>
        <time>2026-07-02T19:35:51+00:00</time>
      </trkpt>
      <trkpt lat="46.15243" lon="6.79122">
        <ele>1993</ele>
        <time>2026-07-02T19:35:54+00:00</time>
      </trkpt>
      <trkpt lat="46.15248" lon="6.79115">
        <ele>1993</ele>
        <time>2026-07-02T19:35:57+00:00</time>
      </trkpt>
      <trkpt lat="46.15249" lon="6.79114">
        <ele>1993</ele>
        <time>2026-07-02T19:36:00+00:00</time>
      </trkpt>
      <trkpt lat="46.15251" lon="6.79114">
        <ele>1998</ele>
        <time>2026-07-02T19:36:03+00:00</time>
      </trkpt>
      <trkpt lat="46.15255" lon="6.79107">
        <ele>1997</ele>
        <time>2026-07-02T19:36:06+00:00</time>
      </trkpt>
      <trkpt lat="46.1526" lon="6.79104">
        <ele>1997</ele>
        <time>2026-07-02T19:36:09+00:00</time>
      </trkpt>
      <trkpt lat="46.15264" lon="6.79098">
        <ele>2000</ele>
        <time>2026-07-02T19:36:12+00:00</time>
      </trkpt>
      <trkpt lat="46.15268" lon="6.79092">
        <ele>2000</ele>
        <time>2026-07-02T19:36:15+00:00</time>
      </trkpt>
      <trkpt lat="46.15271" lon="6.79089">
        <ele>2003</ele>
        <time>2026-07-02T19:36:18+00:00</time>
      </trkpt>
      <trkpt lat="46.15275" lon="6.79083">
        <ele>2003</ele>
        <time>2026-07-02T19:36:21+00:00</time>
      </trkpt>
      <trkpt lat="46.15279" lon="6.79079">
        <ele>2001</ele>
        <time>2026-07-02T19:36:24+00:00</time>
      </trkpt>
      <trkpt lat="46.15283" lon="6.79076">
        <ele>2009</ele>
        <time>2026-07-02T19:36:27+00:00</time>
      </trkpt>
      <trkpt lat="46.1529" lon="6.79074">
        <ele>2012</ele>
        <time>2026-07-02T19:36:30+00:00</time>
      </trkpt>
      <trkpt lat="46.15296" lon="6.79073">
        <ele>2012</ele>
        <time>2026-07-02T19:36:33+00:00</time>
      </trkpt>
      <trkpt lat="46.15301" lon="6.79071">
        <ele>2015</ele>
        <time>2026-07-02T19:36:36+00:00</time>
      </trkpt>
      <trkpt lat="46.15304" lon="6.79066">
        <ele>2015</ele>
        <time>2026-07-02T19:36:39+00:00</time>
      </trkpt>
      <trkpt lat="46.15308" lon="6.79061">
        <ele>2015</ele>
        <time>2026-07-02T19:36:42+00:00</time>
      </trkpt>
      <trkpt lat="46.15312" lon="6.7906">
        <ele>2021</ele>
        <time>2026-07-02T19:36:45+00:00</time>
      </trkpt>
      <trkpt lat="46.15315" lon="6.79061">
        <ele>2021</ele>
        <time>2026-07-02T19:36:48+00:00</time>
      </trkpt>
      <trkpt lat="46.1532" lon="6.79058">
        <ele>2025</ele>
        <time>2026-07-02T19:36:51+00:00</time>
      </trkpt>
      <trkpt lat="46.15324" lon="6.79057">
        <ele>2025</ele>
        <time>2026-07-02T19:36:54+00:00</time>
      </trkpt>
      <trkpt lat="46.15327" lon="6.79053">
        <ele>2025</ele>
        <time>2026-07-02T19:36:57+00:00</time>
      </trkpt>
      <trkpt lat="46.15333" lon="6.79049">
        <ele>2030</ele>
        <time>2026-07-02T19:37:00+00:00</time>
      </trkpt>
      <trkpt lat="46.15337" lon="6.79045">
        <ele>2030</ele>
        <time>2026-07-02T19:37:03+00:00</time>
      </trkpt>
      <trkpt lat="46.15339" lon="6.7904">
        <ele>2030</ele>
        <time>2026-07-02T19:37:06+00:00</time>
      </trkpt>
      <trkpt lat="46.15339" lon="6.79035">
        <ele>2028</ele>
        <time>2026-07-02T19:37:09+00:00</time>
      </trkpt>
      <trkpt lat="46.15341" lon="6.79028">
        <ele>2039</ele>
        <time>2026-07-02T19:37:12+00:00</time>
      </trkpt>
      <trkpt lat="46.15344" lon="6.79022">
        <ele>2039</ele>
        <time>2026-07-02T19:37:15+00:00</time>
      </trkpt>
      <trkpt lat="46.15348" lon="6.79015">
        <ele>2036</ele>
        <time>2026-07-02T19:37:18+00:00</time>
      </trkpt>
      <trkpt lat="46.15352" lon="6.79011">
        <ele>2044</ele>
        <time>2026-07-02T19:37:21+00:00</time>
      </trkpt>
      <trkpt lat="46.15353" lon="6.79005">
        <ele>2043</ele>
        <time>2026-07-02T19:37:24+00:00</time>
      </trkpt>
      <trkpt lat="46.15353" lon="6.78999">
        <ele>2042</ele>
        <time>2026-07-02T19:37:27+00:00</time>
      </trkpt>
      <trkpt lat="46.15355" lon="6.78996">
        <ele>2042</ele>
        <time>2026-07-02T19:37:30+00:00</time>
      </trkpt>
      <trkpt lat="46.15356" lon="6.78993">
        <ele>2042</ele>
        <time>2026-07-02T19:37:33+00:00</time>
      </trkpt>
      <trkpt lat="46.15357" lon="6.78988">
        <ele>2042</ele>
        <time>2026-07-02T19:37:36+00:00</time>
      </trkpt>
      <trkpt lat="46.15357" lon="6.78982">
        <ele>2042</ele>
        <time>2026-07-02T19:37:39+00:00</time>
      </trkpt>
      <trkpt lat="46.15357" lon="6.78979">
        <ele>2043</ele>
        <time>2026-07-02T19:37:42+00:00</time>
      </trkpt>
      <trkpt lat="46.15358" lon="6.78976">
        <ele>2043</ele>
        <time>2026-07-02T19:37:45+00:00</time>
      </trkpt>
      <trkpt lat="46.15361" lon="6.78974">
        <ele>2051</ele>
        <time>2026-07-02T19:37:48+00:00</time>
      </trkpt>
      <trkpt lat="46.15362" lon="6.78972">
        <ele>2051</ele>
        <time>2026-07-02T19:37:51+00:00</time>
      </trkpt>
      <trkpt lat="46.15363" lon="6.78967">
        <ele>2051</ele>
        <time>2026-07-02T19:37:54+00:00</time>
      </trkpt>
      <trkpt lat="46.15363" lon="6.78959">
        <ele>2049</ele>
        <time>2026-07-02T19:37:57+00:00</time>
      </trkpt>
      <trkpt lat="46.15364" lon="6.78954">
        <ele>2049</ele>
        <time>2026-07-02T19:38:00+00:00</time>
      </trkpt>
      <trkpt lat="46.15367" lon="6.78951">
        <ele>2049</ele>
        <time>2026-07-02T19:38:03+00:00</time>
      </trkpt>
      <trkpt lat="46.1537" lon="6.78948">
        <ele>2056</ele>
        <time>2026-07-02T19:38:06+00:00</time>
      </trkpt>
      <trkpt lat="46.15372" lon="6.78942">
        <ele>2056</ele>
        <time>2026-07-02T19:38:09+00:00</time>
      </trkpt>
      <trkpt lat="46.15373" lon="6.78937">
        <ele>2051</ele>
        <time>2026-07-02T19:38:12+00:00</time>
      </trkpt>
      <trkpt lat="46.15374" lon="6.78931">
        <ele>2055</ele>
        <time>2026-07-02T19:38:15+00:00</time>
      </trkpt>
      <trkpt lat="46.15373" lon="6.78923">
        <ele>2055</ele>
        <time>2026-07-02T19:38:18+00:00</time>
      </trkpt>
      <trkpt lat="46.15372" lon="6.78918">
        <ele>2055</ele>
        <time>2026-07-02T19:38:21+00:00</time>
      </trkpt>
      <trkpt lat="46.15371" lon="6.78913">
        <ele>2055</ele>
        <time>2026-07-02T19:38:24+00:00</time>
      </trkpt>
      <trkpt lat="46.1537" lon="6.78909">
        <ele>2054</ele>
        <time>2026-07-02T19:38:27+00:00</time>
      </trkpt>
      <trkpt lat="46.15372" lon="6.78908">
        <ele>2054</ele>
        <time>2026-07-02T19:38:30+00:00</time>
      </trkpt>
      <trkpt lat="46.15375" lon="6.78907">
        <ele>2054</ele>
        <time>2026-07-02T19:38:33+00:00</time>
      </trkpt>
      <trkpt lat="46.15376" lon="6.78906">
        <ele>2054</ele>
        <time>2026-07-02T19:38:36+00:00</time>
      </trkpt>
      <trkpt lat="46.15376" lon="6.78903">
        <ele>2054</ele>
        <time>2026-07-02T19:38:39+00:00</time>
      </trkpt>
      <trkpt lat="46.15375" lon="6.78901">
        <ele>2054</ele>
        <time>2026-07-02T19:38:42+00:00</time>
      </trkpt>
      <trkpt lat="46.15376" lon="6.78899">
        <ele>2048</ele>
        <time>2026-07-02T19:38:45+00:00</time>
      </trkpt>
      <trkpt lat="46.15381" lon="6.78897">
        <ele>2055</ele>
        <time>2026-07-02T19:38:48+00:00</time>
      </trkpt>
      <trkpt lat="46.15388" lon="6.78897">
        <ele>2055</ele>
        <time>2026-07-02T19:38:51+00:00</time>
      </trkpt>
      <trkpt lat="46.15395" lon="6.78896">
        <ele>2061</ele>
        <time>2026-07-02T19:38:54+00:00</time>
      </trkpt>
      <trkpt lat="46.15401" lon="6.78896">
        <ele>2070</ele>
        <time>2026-07-02T19:38:57+00:00</time>
      </trkpt>
      <trkpt lat="46.15406" lon="6.78896">
        <ele>2070</ele>
        <time>2026-07-02T19:39:00+00:00</time>
      </trkpt>
      <trkpt lat="46.15408" lon="6.78895">
        <ele>2070</ele>
        <time>2026-07-02T19:39:03+00:00</time>
      </trkpt>
      <trkpt lat="46.15409" lon="6.78893">
        <ele>2070</ele>
        <time>2026-07-02T19:39:06+00:00</time>
      </trkpt>
      <trkpt lat="46.15413" lon="6.78887">
        <ele>2073</ele>
        <time>2026-07-02T19:39:09+00:00</time>
      </trkpt>
      <trkpt lat="46.15414" lon="6.78883">
        <ele>2073</ele>
        <time>2026-07-02T19:39:12+00:00</time>
      </trkpt>
      <trkpt lat="46.15414" lon="6.78877">
        <ele>2071</ele>
        <time>2026-07-02T19:39:15+00:00</time>
      </trkpt>
      <trkpt lat="46.15414" lon="6.78873">
        <ele>2071</ele>
        <time>2026-07-02T19:39:18+00:00</time>
      </trkpt>
      <trkpt lat="46.15416" lon="6.78871">
        <ele>2071</ele>
        <time>2026-07-02T19:39:21+00:00</time>
      </trkpt>
      <trkpt lat="46.15417" lon="6.78868">
        <ele>2069</ele>
        <time>2026-07-02T19:39:24+00:00</time>
      </trkpt>
      <trkpt lat="46.15417" lon="6.78863">
        <ele>2069</ele>
        <time>2026-07-02T19:39:27+00:00</time>
      </trkpt>
      <trkpt lat="46.15418" lon="6.78858">
        <ele>2068</ele>
        <time>2026-07-02T19:39:30+00:00</time>
      </trkpt>
      <trkpt lat="46.1542" lon="6.78861">
        <ele>2072</ele>
        <time>2026-07-02T19:39:33+00:00</time>
      </trkpt>
      <trkpt lat="46.15421" lon="6.78863">
        <ele>2072</ele>
        <time>2026-07-02T19:39:36+00:00</time>
      </trkpt>
      <trkpt lat="46.15421" lon="6.78866">
        <ele>2072</ele>
        <time>2026-07-02T19:39:39+00:00</time>
      </trkpt>
      <trkpt lat="46.15421" lon="6.78867">
        <ele>2072</ele>
        <time>2026-07-02T19:39:42+00:00</time>
      </trkpt>
      <trkpt lat="46.15423" lon="6.78871">
        <ele>2074</ele>
        <time>2026-07-02T19:39:45+00:00</time>
      </trkpt>
      <trkpt lat="46.15425" lon="6.78877">
        <ele>2074</ele>
        <time>2026-07-02T19:39:48+00:00</time>
      </trkpt>
      <trkpt lat="46.15427" lon="6.78884">
        <ele>2076</ele>
        <time>2026-07-02T19:39:51+00:00</time>
      </trkpt>
      <trkpt lat="46.1543" lon="6.78891">
        <ele>2078</ele>
        <time>2026-07-02T19:39:54+00:00</time>
      </trkpt>
      <trkpt lat="46.15431" lon="6.78898">
        <ele>2080</ele>
        <time>2026-07-02T19:39:57+00:00</time>
      </trkpt>
      <trkpt lat="46.15432" lon="6.78903">
        <ele>2084</ele>
        <time>2026-07-02T19:40:00+00:00</time>
      </trkpt>
      <trkpt lat="46.15432" lon="6.78907">
        <ele>2084</ele>
        <time>2026-07-02T19:40:03+00:00</time>
      </trkpt>
      <trkpt lat="46.15433" lon="6.78908">
        <ele>2084</ele>
        <time>2026-07-02T19:40:06+00:00</time>
      </trkpt>
      <trkpt lat="46.15436" lon="6.78915">
        <ele>2087</ele>
        <time>2026-07-02T19:40:09+00:00</time>
      </trkpt>
      <trkpt lat="46.15441" lon="6.78926">
        <ele>2090</ele>
        <time>2026-07-02T19:40:12+00:00</time>
      </trkpt>
      <trkpt lat="46.15447" lon="6.78939">
        <ele>2095</ele>
        <time>2026-07-02T19:40:15+00:00</time>
      </trkpt>
      <trkpt lat="46.15451" lon="6.78947">
        <ele>2096</ele>
        <time>2026-07-02T19:40:18+00:00</time>
      </trkpt>
      <trkpt lat="46.15454" lon="6.78952">
        <ele>2100</ele>
        <time>2026-07-02T19:40:21+00:00</time>
      </trkpt>
      <trkpt lat="46.15455" lon="6.78957">
        <ele>2100</ele>
        <time>2026-07-02T19:40:24+00:00</time>
      </trkpt>
      <trkpt lat="46.15457" lon="6.7896">
        <ele>2105</ele>
        <time>2026-07-02T19:40:27+00:00</time>
      </trkpt>
      <trkpt lat="46.15463" lon="6.78967">
        <ele>2102</ele>
        <time>2026-07-02T19:40:30+00:00</time>
      </trkpt>
      <trkpt lat="46.15469" lon="6.78973">
        <ele>2105</ele>
        <time>2026-07-02T19:40:33+00:00</time>
      </trkpt>
      <trkpt lat="46.15474" lon="6.7898">
        <ele>2106</ele>
        <time>2026-07-02T19:40:36+00:00</time>
      </trkpt>
      <trkpt lat="46.15478" lon="6.78985">
        <ele>2106</ele>
        <time>2026-07-02T19:40:39+00:00</time>
      </trkpt>
      <trkpt lat="46.15486" lon="6.78993">
        <ele>2104</ele>
        <time>2026-07-02T19:40:42+00:00</time>
      </trkpt>
      <trkpt lat="46.15492" lon="6.78998">
        <ele>2104</ele>
        <time>2026-07-02T19:40:45+00:00</time>
      </trkpt>
      <trkpt lat="46.15502" lon="6.79003">
        <ele>2103</ele>
        <time>2026-07-02T19:40:48+00:00</time>
      </trkpt>
      <trkpt lat="46.15504" lon="6.79004">
        <ele>2103</ele>
        <time>2026-07-02T19:40:51+00:00</time>
      </trkpt>
      <trkpt lat="46.1551" lon="6.79006">
        <ele>2099</ele>
        <time>2026-07-02T19:40:54+00:00</time>
      </trkpt>
      <trkpt lat="46.15517" lon="6.79011">
        <ele>2103</ele>
        <time>2026-07-02T19:40:57+00:00</time>
      </trkpt>
      <trkpt lat="46.15522" lon="6.79013">
        <ele>2101</ele>
        <time>2026-07-02T19:41:00+00:00</time>
      </trkpt>
      <trkpt lat="46.15532" lon="6.79015">
        <ele>2101</ele>
        <time>2026-07-02T19:41:03+00:00</time>
      </trkpt>
      <trkpt lat="46.15541" lon="6.79015">
        <ele>2101</ele>
        <time>2026-07-02T19:41:06+00:00</time>
      </trkpt>
      <trkpt lat="46.15544" lon="6.79016">
        <ele>2101</ele>
        <time>2026-07-02T19:41:09+00:00</time>
      </trkpt>
      <trkpt lat="46.15548" lon="6.79015">
        <ele>2101</ele>
        <time>2026-07-02T19:41:12+00:00</time>
      </trkpt>
      <trkpt lat="46.15551" lon="6.79017">
        <ele>2101</ele>
        <time>2026-07-02T19:41:15+00:00</time>
      </trkpt>
      <trkpt lat="46.15556" lon="6.79014">
        <ele>2101</ele>
        <time>2026-07-02T19:41:18+00:00</time>
      </trkpt>
      <trkpt lat="46.15563" lon="6.79012">
        <ele>2103</ele>
        <time>2026-07-02T19:41:21+00:00</time>
      </trkpt>
      <trkpt lat="46.15572" lon="6.7901">
        <ele>2101</ele>
        <time>2026-07-02T19:41:24+00:00</time>
      </trkpt>
      <trkpt lat="46.15578" lon="6.79007">
        <ele>2101</ele>
        <time>2026-07-02T19:41:27+00:00</time>
      </trkpt>
      <trkpt lat="46.15582" lon="6.79008">
        <ele>2105</ele>
        <time>2026-07-02T19:41:30+00:00</time>
      </trkpt>
      <trkpt lat="46.15584" lon="6.79007">
        <ele>2105</ele>
        <time>2026-07-02T19:41:33+00:00</time>
      </trkpt>
      <trkpt lat="46.15589" lon="6.79005">
        <ele>2105</ele>
        <time>2026-07-02T19:41:36+00:00</time>
      </trkpt>
      <trkpt lat="46.15593" lon="6.79005">
        <ele>2107</ele>
        <time>2026-07-02T19:41:39+00:00</time>
      </trkpt>
      <trkpt lat="46.15595" lon="6.79008">
        <ele>2107</ele>
        <time>2026-07-02T19:41:42+00:00</time>
      </trkpt>
      <trkpt lat="46.15597" lon="6.79015">
        <ele>2111</ele>
        <time>2026-07-02T19:41:45+00:00</time>
      </trkpt>
      <trkpt lat="46.15599" lon="6.79017">
        <ele>2111</ele>
        <time>2026-07-02T19:41:48+00:00</time>
      </trkpt>
      <trkpt lat="46.15603" lon="6.79017">
        <ele>2113</ele>
        <time>2026-07-02T19:41:51+00:00</time>
      </trkpt>
      <trkpt lat="46.15606" lon="6.79017">
        <ele>2113</ele>
        <time>2026-07-02T19:41:54+00:00</time>
      </trkpt>
      <trkpt lat="46.15609" lon="6.79019">
        <ele>2113</ele>
        <time>2026-07-02T19:41:57+00:00</time>
      </trkpt>
      <trkpt lat="46.15612" lon="6.79022">
        <ele>2118</ele>
        <time>2026-07-02T19:42:00+00:00</time>
      </trkpt>
      <trkpt lat="46.15616" lon="6.79026">
        <ele>2118</ele>
        <time>2026-07-02T19:42:03+00:00</time>
      </trkpt>
      <trkpt lat="46.15623" lon="6.7903">
        <ele>2117</ele>
        <time>2026-07-02T19:42:06+00:00</time>
      </trkpt>
      <trkpt lat="46.1563" lon="6.79032">
        <ele>2121</ele>
        <time>2026-07-02T19:42:09+00:00</time>
      </trkpt>
      <trkpt lat="46.15636" lon="6.79034">
        <ele>2116</ele>
        <time>2026-07-02T19:42:12+00:00</time>
      </trkpt>
      <trkpt lat="46.15638" lon="6.79035">
        <ele>2119</ele>
        <time>2026-07-02T19:42:15+00:00</time>
      </trkpt>
      <trkpt lat="46.15645" lon="6.79035">
        <ele>2116</ele>
        <time>2026-07-02T19:42:18+00:00</time>
      </trkpt>
      <trkpt lat="46.15651" lon="6.79034">
        <ele>2115</ele>
        <time>2026-07-02T19:42:21+00:00</time>
      </trkpt>
      <trkpt lat="46.15657" lon="6.79031">
        <ele>2115</ele>
        <time>2026-07-02T19:42:24+00:00</time>
      </trkpt>
      <trkpt lat="46.15664" lon="6.79028">
        <ele>2110</ele>
        <time>2026-07-02T19:42:27+00:00</time>
      </trkpt>
      <trkpt lat="46.15671" lon="6.79027">
        <ele>2109</ele>
        <time>2026-07-02T19:42:30+00:00</time>
      </trkpt>
      <trkpt lat="46.15674" lon="6.79028">
        <ele>2109</ele>
        <time>2026-07-02T19:42:33+00:00</time>
      </trkpt>
      <trkpt lat="46.15677" lon="6.79034">
        <ele>2118</ele>
        <time>2026-07-02T19:42:36+00:00</time>
      </trkpt>
      <trkpt lat="46.15681" lon="6.79044">
        <ele>2115</ele>
        <time>2026-07-02T19:42:39+00:00</time>
      </trkpt>
      <trkpt lat="46.15686" lon="6.79052">
        <ele>2122</ele>
        <time>2026-07-02T19:42:42+00:00</time>
      </trkpt>
      <trkpt lat="46.15689" lon="6.79055">
        <ele>2117</ele>
        <time>2026-07-02T19:42:45+00:00</time>
      </trkpt>
      <trkpt lat="46.15693" lon="6.79056">
        <ele>2118</ele>
        <time>2026-07-02T19:42:48+00:00</time>
      </trkpt>
      <trkpt lat="46.15696" lon="6.79055">
        <ele>2118</ele>
        <time>2026-07-02T19:42:51+00:00</time>
      </trkpt>
      <trkpt lat="46.15699" lon="6.79056">
        <ele>2118</ele>
        <time>2026-07-02T19:42:54+00:00</time>
      </trkpt>
      <trkpt lat="46.15703" lon="6.79059">
        <ele>2112</ele>
        <time>2026-07-02T19:42:57+00:00</time>
      </trkpt>
      <trkpt lat="46.15706" lon="6.79063">
        <ele>2116</ele>
        <time>2026-07-02T19:43:00+00:00</time>
      </trkpt>
      <trkpt lat="46.15713" lon="6.79063">
        <ele>2112</ele>
        <time>2026-07-02T19:43:03+00:00</time>
      </trkpt>
      <trkpt lat="46.15722" lon="6.79065">
        <ele>2109</ele>
        <time>2026-07-02T19:43:06+00:00</time>
      </trkpt>
      <trkpt lat="46.15729" lon="6.79067">
        <ele>2115</ele>
        <time>2026-07-02T19:43:09+00:00</time>
      </trkpt>
      <trkpt lat="46.15732" lon="6.7907">
        <ele>2109</ele>
        <time>2026-07-02T19:43:12+00:00</time>
      </trkpt>
      <trkpt lat="46.15739" lon="6.79075">
        <ele>2109</ele>
        <time>2026-07-02T19:43:15+00:00</time>
      </trkpt>
      <trkpt lat="46.15743" lon="6.7908">
        <ele>2114</ele>
        <time>2026-07-02T19:43:18+00:00</time>
      </trkpt>
      <trkpt lat="46.15748" lon="6.79085">
        <ele>2114</ele>
        <time>2026-07-02T19:43:21+00:00</time>
      </trkpt>
      <trkpt lat="46.15752" lon="6.7909">
        <ele>2110</ele>
        <time>2026-07-02T19:43:24+00:00</time>
      </trkpt>
      <trkpt lat="46.15756" lon="6.79096">
        <ele>2115</ele>
        <time>2026-07-02T19:43:27+00:00</time>
      </trkpt>
      <trkpt lat="46.15761" lon="6.79099">
        <ele>2108</ele>
        <time>2026-07-02T19:43:30+00:00</time>
      </trkpt>
      <trkpt lat="46.15767" lon="6.79102">
        <ele>2113</ele>
        <time>2026-07-02T19:43:33+00:00</time>
      </trkpt>
      <trkpt lat="46.15777" lon="6.79105">
        <ele>2109</ele>
        <time>2026-07-02T19:43:36+00:00</time>
      </trkpt>
      <trkpt lat="46.15782" lon="6.79108">
        <ele>2106</ele>
        <time>2026-07-02T19:43:39+00:00</time>
      </trkpt>
      <trkpt lat="46.15787" lon="6.79108">
        <ele>2113</ele>
        <time>2026-07-02T19:43:42+00:00</time>
      </trkpt>
      <trkpt lat="46.1579" lon="6.79111">
        <ele>2110</ele>
        <time>2026-07-02T19:43:45+00:00</time>
      </trkpt>
      <trkpt lat="46.15794" lon="6.79114">
        <ele>2110</ele>
        <time>2026-07-02T19:43:48+00:00</time>
      </trkpt>
      <trkpt lat="46.15796" lon="6.79115">
        <ele>2110</ele>
        <time>2026-07-02T19:43:51+00:00</time>
      </trkpt>
      <trkpt lat="46.15799" lon="6.79118">
        <ele>2110</ele>
        <time>2026-07-02T19:43:54+00:00</time>
      </trkpt>
      <trkpt lat="46.15805" lon="6.79124">
        <ele>2113</ele>
        <time>2026-07-02T19:43:57+00:00</time>
      </trkpt>
      <trkpt lat="46.15809" lon="6.79128">
        <ele>2113</ele>
        <time>2026-07-02T19:44:00+00:00</time>
      </trkpt>
      <trkpt lat="46.15811" lon="6.79131">
        <ele>2116</ele>
        <time>2026-07-02T19:44:03+00:00</time>
      </trkpt>
      <trkpt lat="46.15815" lon="6.79133">
        <ele>2116</ele>
        <time>2026-07-02T19:44:06+00:00</time>
      </trkpt>
      <trkpt lat="46.15819" lon="6.79136">
        <ele>2116</ele>
        <time>2026-07-02T19:44:09+00:00</time>
      </trkpt>
      <trkpt lat="46.15822" lon="6.79139">
        <ele>2118</ele>
        <time>2026-07-02T19:44:12+00:00</time>
      </trkpt>
      <trkpt lat="46.15829" lon="6.79144">
        <ele>2122</ele>
        <time>2026-07-02T19:44:15+00:00</time>
      </trkpt>
      <trkpt lat="46.15835" lon="6.79147">
        <ele>2120</ele>
        <time>2026-07-02T19:44:18+00:00</time>
      </trkpt>
      <trkpt lat="46.15845" lon="6.7915">
        <ele>2118</ele>
        <time>2026-07-02T19:44:21+00:00</time>
      </trkpt>
      <trkpt lat="46.15854" lon="6.79155">
        <ele>2119</ele>
        <time>2026-07-02T19:44:24+00:00</time>
      </trkpt>
      <trkpt lat="46.15861" lon="6.7916">
        <ele>2119</ele>
        <time>2026-07-02T19:44:27+00:00</time>
      </trkpt>
      <trkpt lat="46.15866" lon="6.79164">
        <ele>2119</ele>
        <time>2026-07-02T19:44:30+00:00</time>
      </trkpt>
      <trkpt lat="46.15871" lon="6.79169">
        <ele>2118</ele>
        <time>2026-07-02T19:44:33+00:00</time>
      </trkpt>
      <trkpt lat="46.15875" lon="6.79172">
        <ele>2119</ele>
        <time>2026-07-02T19:44:36+00:00</time>
      </trkpt>
      <trkpt lat="46.15878" lon="6.79175">
        <ele>2119</ele>
        <time>2026-07-02T19:44:39+00:00</time>
      </trkpt>
      <trkpt lat="46.1588" lon="6.79179">
        <ele>2121</ele>
        <time>2026-07-02T19:44:42+00:00</time>
      </trkpt>
      <trkpt lat="46.15881" lon="6.79182">
        <ele>2122</ele>
        <time>2026-07-02T19:44:45+00:00</time>
      </trkpt>
      <trkpt lat="46.15883" lon="6.79188">
        <ele>2122</ele>
        <time>2026-07-02T19:44:48+00:00</time>
      </trkpt>
      <trkpt lat="46.15886" lon="6.79196">
        <ele>2122</ele>
        <time>2026-07-02T19:44:51+00:00</time>
      </trkpt>
      <trkpt lat="46.15889" lon="6.792">
        <ele>2120</ele>
        <time>2026-07-02T19:44:54+00:00</time>
      </trkpt>
      <trkpt lat="46.15896" lon="6.79206">
        <ele>2128</ele>
        <time>2026-07-02T19:44:57+00:00</time>
      </trkpt>
      <trkpt lat="46.15902" lon="6.79211">
        <ele>2132</ele>
        <time>2026-07-02T19:45:00+00:00</time>
      </trkpt>
      <trkpt lat="46.15905" lon="6.79214">
        <ele>2132</ele>
        <time>2026-07-02T19:45:03+00:00</time>
      </trkpt>
      <trkpt lat="46.15911" lon="6.79216">
        <ele>2136</ele>
        <time>2026-07-02T19:45:06+00:00</time>
      </trkpt>
      <trkpt lat="46.15915" lon="6.79221">
        <ele>2136</ele>
        <time>2026-07-02T19:45:09+00:00</time>
      </trkpt>
      <trkpt lat="46.15917" lon="6.79223">
        <ele>2136</ele>
        <time>2026-07-02T19:45:12+00:00</time>
      </trkpt>
      <trkpt lat="46.15923" lon="6.79226">
        <ele>2140</ele>
        <time>2026-07-02T19:45:15+00:00</time>
      </trkpt>
      <trkpt lat="46.15931" lon="6.79231">
        <ele>2140</ele>
        <time>2026-07-02T19:45:18+00:00</time>
      </trkpt>
      <trkpt lat="46.15938" lon="6.79234">
        <ele>2140</ele>
        <time>2026-07-02T19:45:21+00:00</time>
      </trkpt>
      <trkpt lat="46.15946" lon="6.79238">
        <ele>2143</ele>
        <time>2026-07-02T19:45:24+00:00</time>
      </trkpt>
      <trkpt lat="46.15951" lon="6.79243">
        <ele>2148</ele>
        <time>2026-07-02T19:45:27+00:00</time>
      </trkpt>
      <trkpt lat="46.15954" lon="6.79249">
        <ele>2142</ele>
        <time>2026-07-02T19:45:30+00:00</time>
      </trkpt>
      <trkpt lat="46.15956" lon="6.79251">
        <ele>2147</ele>
        <time>2026-07-02T19:45:33+00:00</time>
      </trkpt>
      <trkpt lat="46.15958" lon="6.79251">
        <ele>2147</ele>
        <time>2026-07-02T19:45:36+00:00</time>
      </trkpt>
      <trkpt lat="46.15962" lon="6.79251">
        <ele>2153</ele>
        <time>2026-07-02T19:45:39+00:00</time>
      </trkpt>
      <trkpt lat="46.15964" lon="6.79251">
        <ele>2153</ele>
        <time>2026-07-02T19:45:42+00:00</time>
      </trkpt>
      <trkpt lat="46.15966" lon="6.79253">
        <ele>2153</ele>
        <time>2026-07-02T19:45:45+00:00</time>
      </trkpt>
      <trkpt lat="46.15967" lon="6.79257">
        <ele>2153</ele>
        <time>2026-07-02T19:45:48+00:00</time>
      </trkpt>
      <trkpt lat="46.15969" lon="6.79261">
        <ele>2144</ele>
        <time>2026-07-02T19:45:51+00:00</time>
      </trkpt>
      <trkpt lat="46.15974" lon="6.79265">
        <ele>2150</ele>
        <time>2026-07-02T19:45:54+00:00</time>
      </trkpt>
      <trkpt lat="46.1598" lon="6.79268">
        <ele>2150</ele>
        <time>2026-07-02T19:45:57+00:00</time>
      </trkpt>
      <trkpt lat="46.15985" lon="6.79267">
        <ele>2157</ele>
        <time>2026-07-02T19:46:00+00:00</time>
      </trkpt>
      <trkpt lat="46.15992" lon="6.79264">
        <ele>2159</ele>
        <time>2026-07-02T19:46:03+00:00</time>
      </trkpt>
      <trkpt lat="46.15996" lon="6.79261">
        <ele>2159</ele>
        <time>2026-07-02T19:46:06+00:00</time>
      </trkpt>
      <trkpt lat="46.15999" lon="6.79258">
        <ele>2162</ele>
        <time>2026-07-02T19:46:09+00:00</time>
      </trkpt>
      <trkpt lat="46.16006" lon="6.79256">
        <ele>2163</ele>
        <time>2026-07-02T19:46:12+00:00</time>
      </trkpt>
      <trkpt lat="46.16011" lon="6.79253">
        <ele>2166</ele>
        <time>2026-07-02T19:46:15+00:00</time>
      </trkpt>
      <trkpt lat="46.16015" lon="6.79252">
        <ele>2166</ele>
        <time>2026-07-02T19:46:18+00:00</time>
      </trkpt>
      <trkpt lat="46.16021" lon="6.79248">
        <ele>2167</ele>
        <time>2026-07-02T19:46:21+00:00</time>
      </trkpt>
      <trkpt lat="46.16032" lon="6.79243">
        <ele>2169</ele>
        <time>2026-07-02T19:46:24+00:00</time>
      </trkpt>
      <trkpt lat="46.16041" lon="6.79238">
        <ele>2172</ele>
        <time>2026-07-02T19:46:27+00:00</time>
      </trkpt>
      <trkpt lat="46.16056" lon="6.7923">
        <ele>2175</ele>
        <time>2026-07-02T19:46:30+00:00</time>
      </trkpt>
      <trkpt lat="46.1607" lon="6.79222">
        <ele>2181</ele>
        <time>2026-07-02T19:46:33+00:00</time>
      </trkpt>
      <trkpt lat="46.1608" lon="6.79217">
        <ele>2182</ele>
        <time>2026-07-02T19:46:36+00:00</time>
      </trkpt>
      <trkpt lat="46.16083" lon="6.79217">
        <ele>2182</ele>
        <time>2026-07-02T19:46:39+00:00</time>
      </trkpt>
      <trkpt lat="46.16093" lon="6.79209">
        <ele>2182</ele>
        <time>2026-07-02T19:46:42+00:00</time>
      </trkpt>
      <trkpt lat="46.16104" lon="6.79203">
        <ele>2182</ele>
        <time>2026-07-02T19:46:45+00:00</time>
      </trkpt>
      <trkpt lat="46.16111" lon="6.792">
        <ele>2184</ele>
        <time>2026-07-02T19:46:48+00:00</time>
      </trkpt>
      <trkpt lat="46.16111" lon="6.792">
        <ele>2184</ele>
        <time>2026-07-02T19:46:51+00:00</time>
      </trkpt>
      <trkpt lat="46.16116" lon="6.79197">
        <ele>2184</ele>
        <time>2026-07-02T19:46:54+00:00</time>
      </trkpt>
      <trkpt lat="46.16123" lon="6.79186">
        <ele>2183</ele>
        <time>2026-07-02T19:46:57+00:00</time>
      </trkpt>
      <trkpt lat="46.16128" lon="6.79182">
        <ele>2183</ele>
        <time>2026-07-02T19:47:00+00:00</time>
      </trkpt>
      <trkpt lat="46.16135" lon="6.79178">
        <ele>2187</ele>
        <time>2026-07-02T19:47:03+00:00</time>
      </trkpt>
      <trkpt lat="46.16141" lon="6.79176">
        <ele>2186</ele>
        <time>2026-07-02T19:47:06+00:00</time>
      </trkpt>
      <trkpt lat="46.16143" lon="6.79174">
        <ele>2192</ele>
        <time>2026-07-02T19:47:09+00:00</time>
      </trkpt>
      <trkpt lat="46.16146" lon="6.79168">
        <ele>2187</ele>
        <time>2026-07-02T19:47:12+00:00</time>
      </trkpt>
      <trkpt lat="46.16149" lon="6.79163">
        <ele>2187</ele>
        <time>2026-07-02T19:47:15+00:00</time>
      </trkpt>
      <trkpt lat="46.16153" lon="6.79157">
        <ele>2189</ele>
        <time>2026-07-02T19:47:18+00:00</time>
      </trkpt>
      <trkpt lat="46.16154" lon="6.79157">
        <ele>2189</ele>
        <time>2026-07-02T19:47:21+00:00</time>
      </trkpt>
      <trkpt lat="46.16159" lon="6.7915">
        <ele>2186</ele>
        <time>2026-07-02T19:47:24+00:00</time>
      </trkpt>
      <trkpt lat="46.16163" lon="6.79145">
        <ele>2195</ele>
        <time>2026-07-02T19:47:27+00:00</time>
      </trkpt>
      <trkpt lat="46.16167" lon="6.7914">
        <ele>2195</ele>
        <time>2026-07-02T19:47:30+00:00</time>
      </trkpt>
      <trkpt lat="46.1617" lon="6.79138">
        <ele>2191</ele>
        <time>2026-07-02T19:47:33+00:00</time>
      </trkpt>
      <trkpt lat="46.16173" lon="6.79136">
        <ele>2197</ele>
        <time>2026-07-02T19:47:36+00:00</time>
      </trkpt>
      <trkpt lat="46.16175" lon="6.79132">
        <ele>2197</ele>
        <time>2026-07-02T19:47:39+00:00</time>
      </trkpt>
      <trkpt lat="46.16177" lon="6.7913">
        <ele>2194</ele>
        <time>2026-07-02T19:47:42+00:00</time>
      </trkpt>
      <trkpt lat="46.1618" lon="6.79124">
        <ele>2194</ele>
        <time>2026-07-02T19:47:45+00:00</time>
      </trkpt>
      <trkpt lat="46.16184" lon="6.7912">
        <ele>2200</ele>
        <time>2026-07-02T19:47:48+00:00</time>
      </trkpt>
      <trkpt lat="46.16187" lon="6.79113">
        <ele>2197</ele>
        <time>2026-07-02T19:47:51+00:00</time>
      </trkpt>
      <trkpt lat="46.16189" lon="6.79105">
        <ele>2194</ele>
        <time>2026-07-02T19:47:54+00:00</time>
      </trkpt>
      <trkpt lat="46.16189" lon="6.79102">
        <ele>2194</ele>
        <time>2026-07-02T19:47:57+00:00</time>
      </trkpt>
      <trkpt lat="46.1619" lon="6.79096">
        <ele>2202</ele>
        <time>2026-07-02T19:48:00+00:00</time>
      </trkpt>
      <trkpt lat="46.16191" lon="6.79092">
        <ele>2200</ele>
        <time>2026-07-02T19:48:03+00:00</time>
      </trkpt>
      <trkpt lat="46.16194" lon="6.7909">
        <ele>2200</ele>
        <time>2026-07-02T19:48:06+00:00</time>
      </trkpt>
      <trkpt lat="46.16198" lon="6.79083">
        <ele>2200</ele>
        <time>2026-07-02T19:48:09+00:00</time>
      </trkpt>
      <trkpt lat="46.16202" lon="6.79078">
        <ele>2203</ele>
        <time>2026-07-02T19:48:12+00:00</time>
      </trkpt>
      <trkpt lat="46.16203" lon="6.79077">
        <ele>2203</ele>
        <time>2026-07-02T19:48:15+00:00</time>
      </trkpt>
      <trkpt lat="46.16203" lon="6.79076">
        <ele>2203</ele>
        <time>2026-07-02T19:48:18+00:00</time>
      </trkpt>
      <trkpt lat="46.16203" lon="6.79073">
        <ele>2203</ele>
        <time>2026-07-02T19:48:21+00:00</time>
      </trkpt>
      <trkpt lat="46.16204" lon="6.79066">
        <ele>2199</ele>
        <time>2026-07-02T19:48:24+00:00</time>
      </trkpt>
      <trkpt lat="46.16205" lon="6.79055">
        <ele>2200</ele>
        <time>2026-07-02T19:48:27+00:00</time>
      </trkpt>
      <trkpt lat="46.16208" lon="6.79042">
        <ele>2199</ele>
        <time>2026-07-02T19:48:30+00:00</time>
      </trkpt>
      <trkpt lat="46.16207" lon="6.79035">
        <ele>2201</ele>
        <time>2026-07-02T19:48:33+00:00</time>
      </trkpt>
      <trkpt lat="46.16206" lon="6.79024">
        <ele>2198</ele>
        <time>2026-07-02T19:48:36+00:00</time>
      </trkpt>
      <trkpt lat="46.16206" lon="6.79011">
        <ele>2196</ele>
        <time>2026-07-02T19:48:39+00:00</time>
      </trkpt>
      <trkpt lat="46.16218" lon="6.79024">
        <ele>2203</ele>
        <time>2026-07-02T19:48:42+00:00</time>
      </trkpt>
      <trkpt lat="46.16225" lon="6.79027">
        <ele>2209</ele>
        <time>2026-07-02T19:48:45+00:00</time>
      </trkpt>
      <trkpt lat="46.16238" lon="6.79032">
        <ele>2214</ele>
        <time>2026-07-02T19:48:48+00:00</time>
      </trkpt>
      <trkpt lat="46.16245" lon="6.79033">
        <ele>2216</ele>
        <time>2026-07-02T19:48:51+00:00</time>
      </trkpt>
      <trkpt lat="46.16269" lon="6.79036">
        <ele>2218</ele>
        <time>2026-07-02T19:48:54+00:00</time>
      </trkpt>
      <trkpt lat="46.1629" lon="6.79042">
        <ele>2219</ele>
        <time>2026-07-02T19:48:57+00:00</time>
      </trkpt>
      <trkpt lat="46.16299" lon="6.79045">
        <ele>2221</ele>
        <time>2026-07-02T19:49:00+00:00</time>
      </trkpt>
      <trkpt lat="46.16309" lon="6.79047">
        <ele>2219</ele>
        <time>2026-07-02T19:49:03+00:00</time>
      </trkpt>
      <trkpt lat="46.16316" lon="6.7905">
        <ele>2226</ele>
        <time>2026-07-02T19:49:06+00:00</time>
      </trkpt>
      <trkpt lat="46.16322" lon="6.79052">
        <ele>2225</ele>
        <time>2026-07-02T19:49:09+00:00</time>
      </trkpt>
      <trkpt lat="46.16327" lon="6.79049">
        <ele>2219</ele>
        <time>2026-07-02T19:49:12+00:00</time>
      </trkpt>
      <trkpt lat="46.16331" lon="6.79049">
        <ele>2218</ele>
        <time>2026-07-02T19:49:15+00:00</time>
      </trkpt>
      <trkpt lat="46.16349" lon="6.7906">
        <ele>2227</ele>
        <time>2026-07-02T19:49:18+00:00</time>
      </trkpt>
      <trkpt lat="46.16352" lon="6.79063">
        <ele>2227</ele>
        <time>2026-07-02T19:49:21+00:00</time>
      </trkpt>
      <trkpt lat="46.16357" lon="6.79074">
        <ele>2230</ele>
        <time>2026-07-02T19:49:24+00:00</time>
      </trkpt>
      <trkpt lat="46.1636" lon="6.79078">
        <ele>2230</ele>
        <time>2026-07-02T19:49:27+00:00</time>
      </trkpt>
      <trkpt lat="46.16366" lon="6.79078">
        <ele>2230</ele>
        <time>2026-07-02T19:49:30+00:00</time>
      </trkpt>
      <trkpt lat="46.16371" lon="6.79076">
        <ele>2231</ele>
        <time>2026-07-02T19:49:33+00:00</time>
      </trkpt>
      <trkpt lat="46.16376" lon="6.79076">
        <ele>2231</ele>
        <time>2026-07-02T19:49:36+00:00</time>
      </trkpt>
      <trkpt lat="46.164" lon="6.79088">
        <ele>2230</ele>
        <time>2026-07-02T19:49:39+00:00</time>
      </trkpt>
      <trkpt lat="46.16411" lon="6.79092">
        <ele>2232</ele>
        <time>2026-07-02T19:49:42+00:00</time>
      </trkpt>
      <trkpt lat="46.16421" lon="6.79093">
        <ele>2228</ele>
        <time>2026-07-02T19:49:45+00:00</time>
      </trkpt>
      <trkpt lat="46.16429" lon="6.79091">
        <ele>2231</ele>
        <time>2026-07-02T19:49:48+00:00</time>
      </trkpt>
      <trkpt lat="46.16437" lon="6.79092">
        <ele>2229</ele>
        <time>2026-07-02T19:49:51+00:00</time>
      </trkpt>
      <trkpt lat="46.16447" lon="6.79096">
        <ele>2228</ele>
        <time>2026-07-02T19:49:54+00:00</time>
      </trkpt>
      <trkpt lat="46.16455" lon="6.79101">
        <ele>2227</ele>
        <time>2026-07-02T19:49:57+00:00</time>
      </trkpt>
      <trkpt lat="46.16459" lon="6.79117">
        <ele>2223</ele>
        <time>2026-07-02T19:50:00+00:00</time>
      </trkpt>
      <trkpt lat="46.16461" lon="6.79125">
        <ele>2223</ele>
        <time>2026-07-02T19:50:03+00:00</time>
      </trkpt>
      <trkpt lat="46.16474" lon="6.79144">
        <ele>2219</ele>
        <time>2026-07-02T19:50:06+00:00</time>
      </trkpt>
      <trkpt lat="46.16482" lon="6.79175">
        <ele>2219</ele>
        <time>2026-07-02T19:50:09+00:00</time>
      </trkpt>
      <trkpt lat="46.16489" lon="6.79195">
        <ele>2218</ele>
        <time>2026-07-02T19:50:12+00:00</time>
      </trkpt>
      <trkpt lat="46.16489" lon="6.79219">
        <ele>2219</ele>
        <time>2026-07-02T19:50:15+00:00</time>
      </trkpt>
      <trkpt lat="46.16492" lon="6.79248">
        <ele>2216</ele>
        <time>2026-07-02T19:50:18+00:00</time>
      </trkpt>
      <trkpt lat="46.16494" lon="6.79259">
        <ele>2217</ele>
        <time>2026-07-02T19:50:21+00:00</time>
      </trkpt>
      <trkpt lat="46.16498" lon="6.79257">
        <ele>2217</ele>
        <time>2026-07-02T19:50:24+00:00</time>
      </trkpt>
      <trkpt lat="46.16502" lon="6.79257">
        <ele>2214</ele>
        <time>2026-07-02T19:50:27+00:00</time>
      </trkpt>
      <trkpt lat="46.16506" lon="6.79259">
        <ele>2214</ele>
        <time>2026-07-02T19:50:30+00:00</time>
      </trkpt>
      <trkpt lat="46.16512" lon="6.79262">
        <ele>2212</ele>
        <time>2026-07-02T19:50:33+00:00</time>
      </trkpt>
      <trkpt lat="46.16516" lon="6.79267">
        <ele>2212</ele>
        <time>2026-07-02T19:50:36+00:00</time>
      </trkpt>
      <trkpt lat="46.16523" lon="6.79275">
        <ele>2208</ele>
        <time>2026-07-02T19:50:39+00:00</time>
      </trkpt>
      <trkpt lat="46.16532" lon="6.79285">
        <ele>2206</ele>
        <time>2026-07-02T19:50:42+00:00</time>
      </trkpt>
      <trkpt lat="46.16539" lon="6.79293">
        <ele>2205</ele>
        <time>2026-07-02T19:50:45+00:00</time>
      </trkpt>
      <trkpt lat="46.16547" lon="6.79302">
        <ele>2203</ele>
        <time>2026-07-02T19:50:48+00:00</time>
      </trkpt>
      <trkpt lat="46.16556" lon="6.79313">
        <ele>2199</ele>
        <time>2026-07-02T19:50:51+00:00</time>
      </trkpt>
      <trkpt lat="46.16562" lon="6.79318">
        <ele>2197</ele>
        <time>2026-07-02T19:50:54+00:00</time>
      </trkpt>
      <trkpt lat="46.16569" lon="6.79322">
        <ele>2197</ele>
        <time>2026-07-02T19:50:57+00:00</time>
      </trkpt>
      <trkpt lat="46.16575" lon="6.79325">
        <ele>2195</ele>
        <time>2026-07-02T19:51:00+00:00</time>
      </trkpt>
      <trkpt lat="46.1658" lon="6.79325">
        <ele>2191</ele>
        <time>2026-07-02T19:51:03+00:00</time>
      </trkpt>
      <trkpt lat="46.16584" lon="6.79324">
        <ele>2191</ele>
        <time>2026-07-02T19:51:06+00:00</time>
      </trkpt>
      <trkpt lat="46.16589" lon="6.7932">
        <ele>2191</ele>
        <time>2026-07-02T19:51:09+00:00</time>
      </trkpt>
      <trkpt lat="46.16592" lon="6.79315">
        <ele>2189</ele>
        <time>2026-07-02T19:51:12+00:00</time>
      </trkpt>
      <trkpt lat="46.16596" lon="6.79308">
        <ele>2189</ele>
        <time>2026-07-02T19:51:15+00:00</time>
      </trkpt>
      <trkpt lat="46.16599" lon="6.79301">
        <ele>2189</ele>
        <time>2026-07-02T19:51:18+00:00</time>
      </trkpt>
      <trkpt lat="46.166" lon="6.79295">
        <ele>2186</ele>
        <time>2026-07-02T19:51:21+00:00</time>
      </trkpt>
      <trkpt lat="46.16602" lon="6.79287">
        <ele>2187</ele>
        <time>2026-07-02T19:51:24+00:00</time>
      </trkpt>
      <trkpt lat="46.16602" lon="6.79279">
        <ele>2184</ele>
        <time>2026-07-02T19:51:27+00:00</time>
      </trkpt>
      <trkpt lat="46.16602" lon="6.79273">
        <ele>2184</ele>
        <time>2026-07-02T19:51:30+00:00</time>
      </trkpt>
      <trkpt lat="46.16601" lon="6.79263">
        <ele>2184</ele>
        <time>2026-07-02T19:51:33+00:00</time>
      </trkpt>
      <trkpt lat="46.166" lon="6.79257">
        <ele>2186</ele>
        <time>2026-07-02T19:51:36+00:00</time>
      </trkpt>
      <trkpt lat="46.16599" lon="6.7925">
        <ele>2186</ele>
        <time>2026-07-02T19:51:39+00:00</time>
      </trkpt>
      <trkpt lat="46.16598" lon="6.79243">
        <ele>2185</ele>
        <time>2026-07-02T19:51:42+00:00</time>
      </trkpt>
      <trkpt lat="46.16598" lon="6.79236">
        <ele>2185</ele>
        <time>2026-07-02T19:51:45+00:00</time>
      </trkpt>
      <trkpt lat="46.16598" lon="6.7923">
        <ele>2185</ele>
        <time>2026-07-02T19:51:48+00:00</time>
      </trkpt>
      <trkpt lat="46.16599" lon="6.79224">
        <ele>2184</ele>
        <time>2026-07-02T19:51:51+00:00</time>
      </trkpt>
      <trkpt lat="46.16601" lon="6.79217">
        <ele>2181</ele>
        <time>2026-07-02T19:51:54+00:00</time>
      </trkpt>
      <trkpt lat="46.16603" lon="6.79211">
        <ele>2181</ele>
        <time>2026-07-02T19:51:57+00:00</time>
      </trkpt>
      <trkpt lat="46.16604" lon="6.79208">
        <ele>2181</ele>
        <time>2026-07-02T19:52:00+00:00</time>
      </trkpt>
      <trkpt lat="46.16605" lon="6.79206">
        <ele>2181</ele>
        <time>2026-07-02T19:52:03+00:00</time>
      </trkpt>
      <trkpt lat="46.16609" lon="6.79201">
        <ele>2181</ele>
        <time>2026-07-02T19:52:06+00:00</time>
      </trkpt>
      <trkpt lat="46.16612" lon="6.79197">
        <ele>2180</ele>
        <time>2026-07-02T19:52:09+00:00</time>
      </trkpt>
      <trkpt lat="46.16614" lon="6.79195">
        <ele>2180</ele>
        <time>2026-07-02T19:52:12+00:00</time>
      </trkpt>
      <trkpt lat="46.16618" lon="6.79193">
        <ele>2180</ele>
        <time>2026-07-02T19:52:15+00:00</time>
      </trkpt>
      <trkpt lat="46.16622" lon="6.79193">
        <ele>2179</ele>
        <time>2026-07-02T19:52:18+00:00</time>
      </trkpt>
      <trkpt lat="46.16626" lon="6.79196">
        <ele>2179</ele>
        <time>2026-07-02T19:52:21+00:00</time>
      </trkpt>
      <trkpt lat="46.16628" lon="6.792">
        <ele>2177</ele>
        <time>2026-07-02T19:52:24+00:00</time>
      </trkpt>
      <trkpt lat="46.16629" lon="6.79205">
        <ele>2177</ele>
        <time>2026-07-02T19:52:27+00:00</time>
      </trkpt>
      <trkpt lat="46.16629" lon="6.79206">
        <ele>2177</ele>
        <time>2026-07-02T19:52:30+00:00</time>
      </trkpt>
      <trkpt lat="46.16633" lon="6.79205">
        <ele>2176</ele>
        <time>2026-07-02T19:52:33+00:00</time>
      </trkpt>
      <trkpt lat="46.16636" lon="6.7921">
        <ele>2176</ele>
        <time>2026-07-02T19:52:36+00:00</time>
      </trkpt>
      <trkpt lat="46.16641" lon="6.79217">
        <ele>2170</ele>
        <time>2026-07-02T19:52:39+00:00</time>
      </trkpt>
      <trkpt lat="46.16644" lon="6.7922">
        <ele>2170</ele>
        <time>2026-07-02T19:52:42+00:00</time>
      </trkpt>
      <trkpt lat="46.16646" lon="6.7922">
        <ele>2170</ele>
        <time>2026-07-02T19:52:45+00:00</time>
      </trkpt>
      <trkpt lat="46.16648" lon="6.79218">
        <ele>2170</ele>
        <time>2026-07-02T19:52:48+00:00</time>
      </trkpt>
      <trkpt lat="46.1665" lon="6.79218">
        <ele>2165</ele>
        <time>2026-07-02T19:52:51+00:00</time>
      </trkpt>
      <trkpt lat="46.16652" lon="6.79219">
        <ele>2165</ele>
        <time>2026-07-02T19:52:54+00:00</time>
      </trkpt>
      <trkpt lat="46.16654" lon="6.79219">
        <ele>2165</ele>
        <time>2026-07-02T19:52:57+00:00</time>
      </trkpt>
      <trkpt lat="46.16658" lon="6.79216">
        <ele>2165</ele>
        <time>2026-07-02T19:53:00+00:00</time>
      </trkpt>
      <trkpt lat="46.1666" lon="6.79214">
        <ele>2160</ele>
        <time>2026-07-02T19:53:03+00:00</time>
      </trkpt>
      <trkpt lat="46.16663" lon="6.79212">
        <ele>2160</ele>
        <time>2026-07-02T19:53:06+00:00</time>
      </trkpt>
      <trkpt lat="46.16666" lon="6.79213">
        <ele>2160</ele>
        <time>2026-07-02T19:53:09+00:00</time>
      </trkpt>
      <trkpt lat="46.16668" lon="6.79214">
        <ele>2160</ele>
        <time>2026-07-02T19:53:12+00:00</time>
      </trkpt>
      <trkpt lat="46.16671" lon="6.79214">
        <ele>2153</ele>
        <time>2026-07-02T19:53:15+00:00</time>
      </trkpt>
      <trkpt lat="46.16673" lon="6.79214">
        <ele>2153</ele>
        <time>2026-07-02T19:53:18+00:00</time>
      </trkpt>
      <trkpt lat="46.16675" lon="6.79215">
        <ele>2153</ele>
        <time>2026-07-02T19:53:21+00:00</time>
      </trkpt>
      <trkpt lat="46.16678" lon="6.79216">
        <ele>2153</ele>
        <time>2026-07-02T19:53:24+00:00</time>
      </trkpt>
      <trkpt lat="46.16681" lon="6.79214">
        <ele>2150</ele>
        <time>2026-07-02T19:53:27+00:00</time>
      </trkpt>
      <trkpt lat="46.16684" lon="6.79211">
        <ele>2150</ele>
        <time>2026-07-02T19:53:30+00:00</time>
      </trkpt>
      <trkpt lat="46.16686" lon="6.79208">
        <ele>2151</ele>
        <time>2026-07-02T19:53:33+00:00</time>
      </trkpt>
      <trkpt lat="46.16688" lon="6.79207">
        <ele>2151</ele>
        <time>2026-07-02T19:53:36+00:00</time>
      </trkpt>
      <trkpt lat="46.16694" lon="6.79207">
        <ele>2150</ele>
        <time>2026-07-02T19:53:39+00:00</time>
      </trkpt>
      <trkpt lat="46.16698" lon="6.79208">
        <ele>2150</ele>
        <time>2026-07-02T19:53:42+00:00</time>
      </trkpt>
      <trkpt lat="46.16704" lon="6.79208">
        <ele>2149</ele>
        <time>2026-07-02T19:53:45+00:00</time>
      </trkpt>
      <trkpt lat="46.1671" lon="6.79208">
        <ele>2148</ele>
        <time>2026-07-02T19:53:48+00:00</time>
      </trkpt>
      <trkpt lat="46.16714" lon="6.79206">
        <ele>2148</ele>
        <time>2026-07-02T19:53:51+00:00</time>
      </trkpt>
      <trkpt lat="46.16718" lon="6.79204">
        <ele>2148</ele>
        <time>2026-07-02T19:53:54+00:00</time>
      </trkpt>
      <trkpt lat="46.16721" lon="6.79206">
        <ele>2146</ele>
        <time>2026-07-02T19:53:57+00:00</time>
      </trkpt>
      <trkpt lat="46.16725" lon="6.79207">
        <ele>2146</ele>
        <time>2026-07-02T19:54:00+00:00</time>
      </trkpt>
      <trkpt lat="46.16729" lon="6.79207">
        <ele>2146</ele>
        <time>2026-07-02T19:54:03+00:00</time>
      </trkpt>
      <trkpt lat="46.16737" lon="6.79206">
        <ele>2142</ele>
        <time>2026-07-02T19:54:06+00:00</time>
      </trkpt>
      <trkpt lat="46.16742" lon="6.79205">
        <ele>2139</ele>
        <time>2026-07-02T19:54:09+00:00</time>
      </trkpt>
      <trkpt lat="46.16746" lon="6.79206">
        <ele>2139</ele>
        <time>2026-07-02T19:54:12+00:00</time>
      </trkpt>
      <trkpt lat="46.16749" lon="6.79208">
        <ele>2139</ele>
        <time>2026-07-02T19:54:15+00:00</time>
      </trkpt>
      <trkpt lat="46.16753" lon="6.79209">
        <ele>2137</ele>
        <time>2026-07-02T19:54:18+00:00</time>
      </trkpt>
      <trkpt lat="46.16759" lon="6.79211">
        <ele>2136</ele>
        <time>2026-07-02T19:54:21+00:00</time>
      </trkpt>
      <trkpt lat="46.16766" lon="6.79215">
        <ele>2132</ele>
        <time>2026-07-02T19:54:24+00:00</time>
      </trkpt>
      <trkpt lat="46.16771" lon="6.79218">
        <ele>2129</ele>
        <time>2026-07-02T19:54:27+00:00</time>
      </trkpt>
      <trkpt lat="46.16772" lon="6.79221">
        <ele>2129</ele>
        <time>2026-07-02T19:54:30+00:00</time>
      </trkpt>
      <trkpt lat="46.16772" lon="6.79225">
        <ele>2129</ele>
        <time>2026-07-02T19:54:33+00:00</time>
      </trkpt>
      <trkpt lat="46.16773" lon="6.79228">
        <ele>2129</ele>
        <time>2026-07-02T19:54:36+00:00</time>
      </trkpt>
      <trkpt lat="46.16775" lon="6.79232">
        <ele>2127</ele>
        <time>2026-07-02T19:54:39+00:00</time>
      </trkpt>
      <trkpt lat="46.1678" lon="6.79235">
        <ele>2127</ele>
        <time>2026-07-02T19:54:42+00:00</time>
      </trkpt>
      <trkpt lat="46.16783" lon="6.79236">
        <ele>2124</ele>
        <time>2026-07-02T19:54:45+00:00</time>
      </trkpt>
      <trkpt lat="46.16787" lon="6.79235">
        <ele>2124</ele>
        <time>2026-07-02T19:54:48+00:00</time>
      </trkpt>
      <trkpt lat="46.16791" lon="6.79233">
        <ele>2120</ele>
        <time>2026-07-02T19:54:51+00:00</time>
      </trkpt>
      <trkpt lat="46.16795" lon="6.79231">
        <ele>2120</ele>
        <time>2026-07-02T19:54:54+00:00</time>
      </trkpt>
      <trkpt lat="46.16799" lon="6.7923">
        <ele>2120</ele>
        <time>2026-07-02T19:54:57+00:00</time>
      </trkpt>
      <trkpt lat="46.16803" lon="6.7923">
        <ele>2118</ele>
        <time>2026-07-02T19:55:00+00:00</time>
      </trkpt>
      <trkpt lat="46.16808" lon="6.79227">
        <ele>2118</ele>
        <time>2026-07-02T19:55:03+00:00</time>
      </trkpt>
      <trkpt lat="46.16811" lon="6.79227">
        <ele>2115</ele>
        <time>2026-07-02T19:55:06+00:00</time>
      </trkpt>
      <trkpt lat="46.16814" lon="6.79224">
        <ele>2115</ele>
        <time>2026-07-02T19:55:09+00:00</time>
      </trkpt>
      <trkpt lat="46.16819" lon="6.79226">
        <ele>2115</ele>
        <time>2026-07-02T19:55:12+00:00</time>
      </trkpt>
      <trkpt lat="46.16822" lon="6.79225">
        <ele>2109</ele>
        <time>2026-07-02T19:55:15+00:00</time>
      </trkpt>
      <trkpt lat="46.16824" lon="6.79227">
        <ele>2109</ele>
        <time>2026-07-02T19:55:18+00:00</time>
      </trkpt>
      <trkpt lat="46.16829" lon="6.79226">
        <ele>2109</ele>
        <time>2026-07-02T19:55:21+00:00</time>
      </trkpt>
      <trkpt lat="46.16836" lon="6.79218">
        <ele>2105</ele>
        <time>2026-07-02T19:55:24+00:00</time>
      </trkpt>
      <trkpt lat="46.16839" lon="6.79215">
        <ele>2105</ele>
        <time>2026-07-02T19:55:27+00:00</time>
      </trkpt>
      <trkpt lat="46.16845" lon="6.79205">
        <ele>2102</ele>
        <time>2026-07-02T19:55:30+00:00</time>
      </trkpt>
      <trkpt lat="46.1685" lon="6.79199">
        <ele>2100</ele>
        <time>2026-07-02T19:55:33+00:00</time>
      </trkpt>
      <trkpt lat="46.16857" lon="6.79196">
        <ele>2100</ele>
        <time>2026-07-02T19:55:36+00:00</time>
      </trkpt>
      <trkpt lat="46.16869" lon="6.79194">
        <ele>2095</ele>
        <time>2026-07-02T19:55:39+00:00</time>
      </trkpt>
      <trkpt lat="46.16884" lon="6.79188">
        <ele>2086</ele>
        <time>2026-07-02T19:55:42+00:00</time>
      </trkpt>
      <trkpt lat="46.16887" lon="6.79186">
        <ele>2086</ele>
        <time>2026-07-02T19:55:45+00:00</time>
      </trkpt>
      <trkpt lat="46.16889" lon="6.79184">
        <ele>2086</ele>
        <time>2026-07-02T19:55:48+00:00</time>
      </trkpt>
      <trkpt lat="46.16904" lon="6.79186">
        <ele>2078</ele>
        <time>2026-07-02T19:55:51+00:00</time>
      </trkpt>
      <trkpt lat="46.16915" lon="6.79181">
        <ele>2073</ele>
        <time>2026-07-02T19:55:54+00:00</time>
      </trkpt>
      <trkpt lat="46.16917" lon="6.79168">
        <ele>2072</ele>
        <time>2026-07-02T19:55:57+00:00</time>
      </trkpt>
      <trkpt lat="46.16926" lon="6.79165">
        <ele>2068</ele>
        <time>2026-07-02T19:56:00+00:00</time>
      </trkpt>
      <trkpt lat="46.16933" lon="6.79165">
        <ele>2064</ele>
        <time>2026-07-02T19:56:03+00:00</time>
      </trkpt>
      <trkpt lat="46.16937" lon="6.79163">
        <ele>2064</ele>
        <time>2026-07-02T19:56:06+00:00</time>
      </trkpt>
      <trkpt lat="46.16943" lon="6.79161">
        <ele>2060</ele>
        <time>2026-07-02T19:56:09+00:00</time>
      </trkpt>
      <trkpt lat="46.16951" lon="6.79159">
        <ele>2054</ele>
        <time>2026-07-02T19:56:12+00:00</time>
      </trkpt>
      <trkpt lat="46.16956" lon="6.79158">
        <ele>2054</ele>
        <time>2026-07-02T19:56:15+00:00</time>
      </trkpt>
      <trkpt lat="46.16968" lon="6.79156">
        <ele>2052</ele>
        <time>2026-07-02T19:56:18+00:00</time>
      </trkpt>
      <trkpt lat="46.16968" lon="6.79149">
        <ele>2050</ele>
        <time>2026-07-02T19:56:21+00:00</time>
      </trkpt>
      <trkpt lat="46.1697" lon="6.7914">
        <ele>2048</ele>
        <time>2026-07-02T19:56:24+00:00</time>
      </trkpt>
      <trkpt lat="46.16979" lon="6.79133">
        <ele>2046</ele>
        <time>2026-07-02T19:56:27+00:00</time>
      </trkpt>
      <trkpt lat="46.16985" lon="6.79135">
        <ele>2043</ele>
        <time>2026-07-02T19:56:30+00:00</time>
      </trkpt>
      <trkpt lat="46.17001" lon="6.79141">
        <ele>2040</ele>
        <time>2026-07-02T19:56:33+00:00</time>
      </trkpt>
      <trkpt lat="46.17005" lon="6.79137">
        <ele>2038</ele>
        <time>2026-07-02T19:56:36+00:00</time>
      </trkpt>
      <trkpt lat="46.17025" lon="6.79134">
        <ele>2032</ele>
        <time>2026-07-02T19:56:39+00:00</time>
      </trkpt>
      <trkpt lat="46.17035" lon="6.79136">
        <ele>2030</ele>
        <time>2026-07-02T19:56:42+00:00</time>
      </trkpt>
      <trkpt lat="46.1704" lon="6.79129">
        <ele>2029</ele>
        <time>2026-07-02T19:56:45+00:00</time>
      </trkpt>
      <trkpt lat="46.17043" lon="6.79126">
        <ele>2025</ele>
        <time>2026-07-02T19:56:48+00:00</time>
      </trkpt>
      <trkpt lat="46.17049" lon="6.79129">
        <ele>2025</ele>
        <time>2026-07-02T19:56:51+00:00</time>
      </trkpt>
      <trkpt lat="46.17059" lon="6.79126">
        <ele>2022</ele>
        <time>2026-07-02T19:56:54+00:00</time>
      </trkpt>
      <trkpt lat="46.17063" lon="6.79123">
        <ele>2020</ele>
        <time>2026-07-02T19:56:57+00:00</time>
      </trkpt>
      <trkpt lat="46.17069" lon="6.79127">
        <ele>2020</ele>
        <time>2026-07-02T19:57:00+00:00</time>
      </trkpt>
      <trkpt lat="46.17076" lon="6.79127">
        <ele>2016</ele>
        <time>2026-07-02T19:57:03+00:00</time>
      </trkpt>
      <trkpt lat="46.17079" lon="6.79128">
        <ele>2016</ele>
        <time>2026-07-02T19:57:06+00:00</time>
      </trkpt>
      <trkpt lat="46.1709" lon="6.79135">
        <ele>2014</ele>
        <time>2026-07-02T19:57:09+00:00</time>
      </trkpt>
      <trkpt lat="46.17094" lon="6.79135">
        <ele>2014</ele>
        <time>2026-07-02T19:57:12+00:00</time>
      </trkpt>
      <trkpt lat="46.17098" lon="6.79137">
        <ele>2014</ele>
        <time>2026-07-02T19:57:15+00:00</time>
      </trkpt>
      <trkpt lat="46.17105" lon="6.79138">
        <ele>2012</ele>
        <time>2026-07-02T19:57:18+00:00</time>
      </trkpt>
      <trkpt lat="46.17108" lon="6.79139">
        <ele>2012</ele>
        <time>2026-07-02T19:57:21+00:00</time>
      </trkpt>
      <trkpt lat="46.1711" lon="6.7914">
        <ele>2012</ele>
        <time>2026-07-02T19:57:24+00:00</time>
      </trkpt>
      <trkpt lat="46.17114" lon="6.79139">
        <ele>2011</ele>
        <time>2026-07-02T19:57:27+00:00</time>
      </trkpt>
      <trkpt lat="46.17118" lon="6.79138">
        <ele>2011</ele>
        <time>2026-07-02T19:57:30+00:00</time>
      </trkpt>
      <trkpt lat="46.17121" lon="6.79141">
        <ele>2011</ele>
        <time>2026-07-02T19:57:33+00:00</time>
      </trkpt>
      <trkpt lat="46.17126" lon="6.79149">
        <ele>2011</ele>
        <time>2026-07-02T19:57:36+00:00</time>
      </trkpt>
      <trkpt lat="46.17136" lon="6.79149">
        <ele>2008</ele>
        <time>2026-07-02T19:57:39+00:00</time>
      </trkpt>
      <trkpt lat="46.1714" lon="6.79144">
        <ele>2007</ele>
        <time>2026-07-02T19:57:42+00:00</time>
      </trkpt>
      <trkpt lat="46.17142" lon="6.79142">
        <ele>2007</ele>
        <time>2026-07-02T19:57:45+00:00</time>
      </trkpt>
      <trkpt lat="46.17148" lon="6.79133">
        <ele>2005</ele>
        <time>2026-07-02T19:57:48+00:00</time>
      </trkpt>
      <trkpt lat="46.17151" lon="6.79131">
        <ele>2004</ele>
        <time>2026-07-02T19:57:51+00:00</time>
      </trkpt>
      <trkpt lat="46.17153" lon="6.7913">
        <ele>2004</ele>
        <time>2026-07-02T19:57:54+00:00</time>
      </trkpt>
      <trkpt lat="46.17153" lon="6.79129">
        <ele>2004</ele>
        <time>2026-07-02T19:57:57+00:00</time>
      </trkpt>
      <trkpt lat="46.17162" lon="6.79124">
        <ele>2002</ele>
        <time>2026-07-02T19:58:00+00:00</time>
      </trkpt>
      <trkpt lat="46.17166" lon="6.79123">
        <ele>2002</ele>
        <time>2026-07-02T19:58:03+00:00</time>
      </trkpt>
      <trkpt lat="46.17171" lon="6.79121">
        <ele>2000</ele>
        <time>2026-07-02T19:58:06+00:00</time>
      </trkpt>
      <trkpt lat="46.17179" lon="6.79125">
        <ele>2000</ele>
        <time>2026-07-02T19:58:09+00:00</time>
      </trkpt>
      <trkpt lat="46.17184" lon="6.79127">
        <ele>1998</ele>
        <time>2026-07-02T19:58:12+00:00</time>
      </trkpt>
      <trkpt lat="46.17186" lon="6.79131">
        <ele>1999</ele>
        <time>2026-07-02T19:58:15+00:00</time>
      </trkpt>
      <trkpt lat="46.17196" lon="6.79134">
        <ele>1994</ele>
        <time>2026-07-02T19:58:18+00:00</time>
      </trkpt>
      <trkpt lat="46.17199" lon="6.79139">
        <ele>1994</ele>
        <time>2026-07-02T19:58:21+00:00</time>
      </trkpt>
      <trkpt lat="46.172" lon="6.7914">
        <ele>1994</ele>
        <time>2026-07-02T19:58:24+00:00</time>
      </trkpt>
      <trkpt lat="46.17206" lon="6.79131">
        <ele>1989</ele>
        <time>2026-07-02T19:58:27+00:00</time>
      </trkpt>
      <trkpt lat="46.17209" lon="6.79133">
        <ele>1989</ele>
        <time>2026-07-02T19:58:30+00:00</time>
      </trkpt>
      <trkpt lat="46.17227" lon="6.79122">
        <ele>1981</ele>
        <time>2026-07-02T19:58:33+00:00</time>
      </trkpt>
      <trkpt lat="46.1723" lon="6.79114">
        <ele>1983</ele>
        <time>2026-07-02T19:58:36+00:00</time>
      </trkpt>
      <trkpt lat="46.1723" lon="6.79113">
        <ele>1980</ele>
        <time>2026-07-02T19:58:39+00:00</time>
      </trkpt>
      <trkpt lat="46.17238" lon="6.79101">
        <ele>1981</ele>
        <time>2026-07-02T19:58:42+00:00</time>
      </trkpt>
      <trkpt lat="46.17246" lon="6.79097">
        <ele>1978</ele>
        <time>2026-07-02T19:58:45+00:00</time>
      </trkpt>
      <trkpt lat="46.17251" lon="6.79096">
        <ele>1972</ele>
        <time>2026-07-02T19:58:48+00:00</time>
      </trkpt>
      <trkpt lat="46.17256" lon="6.79095">
        <ele>1972</ele>
        <time>2026-07-02T19:58:51+00:00</time>
      </trkpt>
      <trkpt lat="46.17259" lon="6.79093">
        <ele>1972</ele>
        <time>2026-07-02T19:58:54+00:00</time>
      </trkpt>
      <trkpt lat="46.17267" lon="6.79092">
        <ele>1969</ele>
        <time>2026-07-02T19:58:57+00:00</time>
      </trkpt>
      <trkpt lat="46.17271" lon="6.79094">
        <ele>1965</ele>
        <time>2026-07-02T19:59:00+00:00</time>
      </trkpt>
      <trkpt lat="46.17276" lon="6.7909">
        <ele>1964</ele>
        <time>2026-07-02T19:59:03+00:00</time>
      </trkpt>
      <trkpt lat="46.1728" lon="6.7909">
        <ele>1964</ele>
        <time>2026-07-02T19:59:06+00:00</time>
      </trkpt>
      <trkpt lat="46.17281" lon="6.79085">
        <ele>1959</ele>
        <time>2026-07-02T19:59:09+00:00</time>
      </trkpt>
      <trkpt lat="46.17284" lon="6.79087">
        <ele>1959</ele>
        <time>2026-07-02T19:59:12+00:00</time>
      </trkpt>
      <trkpt lat="46.17287" lon="6.79086">
        <ele>1959</ele>
        <time>2026-07-02T19:59:15+00:00</time>
      </trkpt>
      <trkpt lat="46.17291" lon="6.79077">
        <ele>1954</ele>
        <time>2026-07-02T19:59:18+00:00</time>
      </trkpt>
      <trkpt lat="46.17297" lon="6.79068">
        <ele>1954</ele>
        <time>2026-07-02T19:59:21+00:00</time>
      </trkpt>
      <trkpt lat="46.17299" lon="6.79065">
        <ele>1954</ele>
        <time>2026-07-02T19:59:24+00:00</time>
      </trkpt>
      <trkpt lat="46.17299" lon="6.79056">
        <ele>1954</ele>
        <time>2026-07-02T19:59:27+00:00</time>
      </trkpt>
      <trkpt lat="46.17314" lon="6.79051">
        <ele>1944</ele>
        <time>2026-07-02T19:59:30+00:00</time>
      </trkpt>
      <trkpt lat="46.17321" lon="6.79047">
        <ele>1941</ele>
        <time>2026-07-02T19:59:33+00:00</time>
      </trkpt>
      <trkpt lat="46.17325" lon="6.79041">
        <ele>1941</ele>
        <time>2026-07-02T19:59:36+00:00</time>
      </trkpt>
      <trkpt lat="46.17336" lon="6.79045">
        <ele>1937</ele>
        <time>2026-07-02T19:59:39+00:00</time>
      </trkpt>
      <trkpt lat="46.17338" lon="6.79049">
        <ele>1937</ele>
        <time>2026-07-02T19:59:42+00:00</time>
      </trkpt>
      <trkpt lat="46.17338" lon="6.79054">
        <ele>1937</ele>
        <time>2026-07-02T19:59:45+00:00</time>
      </trkpt>
      <trkpt lat="46.17344" lon="6.79053">
        <ele>1933</ele>
        <time>2026-07-02T19:59:48+00:00</time>
      </trkpt>
      <trkpt lat="46.17352" lon="6.79063">
        <ele>1930</ele>
        <time>2026-07-02T19:59:51+00:00</time>
      </trkpt>
      <trkpt lat="46.17356" lon="6.79064">
        <ele>1930</ele>
        <time>2026-07-02T19:59:54+00:00</time>
      </trkpt>
      <trkpt lat="46.17359" lon="6.79064">
        <ele>1930</ele>
        <time>2026-07-02T19:59:57+00:00</time>
      </trkpt>
      <trkpt lat="46.17364" lon="6.79063">
        <ele>1928</ele>
        <time>2026-07-02T20:00:00+00:00</time>
      </trkpt>
      <trkpt lat="46.17368" lon="6.79062">
        <ele>1928</ele>
        <time>2026-07-02T20:00:03+00:00</time>
      </trkpt>
      <trkpt lat="46.17373" lon="6.79059">
        <ele>1926</ele>
        <time>2026-07-02T20:00:06+00:00</time>
      </trkpt>
      <trkpt lat="46.17376" lon="6.79058">
        <ele>1926</ele>
        <time>2026-07-02T20:00:09+00:00</time>
      </trkpt>
      <trkpt lat="46.1738" lon="6.79058">
        <ele>1926</ele>
        <time>2026-07-02T20:00:12+00:00</time>
      </trkpt>
      <trkpt lat="46.17387" lon="6.7906">
        <ele>1923</ele>
        <time>2026-07-02T20:00:15+00:00</time>
      </trkpt>
      <trkpt lat="46.17397" lon="6.79063">
        <ele>1921</ele>
        <time>2026-07-02T20:00:18+00:00</time>
      </trkpt>
      <trkpt lat="46.17406" lon="6.79065">
        <ele>1918</ele>
        <time>2026-07-02T20:00:21+00:00</time>
      </trkpt>
      <trkpt lat="46.17409" lon="6.79064">
        <ele>1918</ele>
        <time>2026-07-02T20:00:24+00:00</time>
      </trkpt>
      <trkpt lat="46.17412" lon="6.79063">
        <ele>1916</ele>
        <time>2026-07-02T20:00:27+00:00</time>
      </trkpt>
      <trkpt lat="46.17416" lon="6.7906">
        <ele>1916</ele>
        <time>2026-07-02T20:00:30+00:00</time>
      </trkpt>
      <trkpt lat="46.1742" lon="6.79056">
        <ele>1914</ele>
        <time>2026-07-02T20:00:33+00:00</time>
      </trkpt>
      <trkpt lat="46.17426" lon="6.79054">
        <ele>1914</ele>
        <time>2026-07-02T20:00:36+00:00</time>
      </trkpt>
      <trkpt lat="46.17429" lon="6.79054">
        <ele>1914</ele>
        <time>2026-07-02T20:00:39+00:00</time>
      </trkpt>
      <trkpt lat="46.17434" lon="6.79052">
        <ele>1910</ele>
        <time>2026-07-02T20:00:42+00:00</time>
      </trkpt>
      <trkpt lat="46.17438" lon="6.7905">
        <ele>1910</ele>
        <time>2026-07-02T20:00:45+00:00</time>
      </trkpt>
      <trkpt lat="46.17445" lon="6.79048">
        <ele>1907</ele>
        <time>2026-07-02T20:00:48+00:00</time>
      </trkpt>
      <trkpt lat="46.17449" lon="6.79047">
        <ele>1907</ele>
        <time>2026-07-02T20:00:51+00:00</time>
      </trkpt>
      <trkpt lat="46.17451" lon="6.79045">
        <ele>1905</ele>
        <time>2026-07-02T20:00:54+00:00</time>
      </trkpt>
      <trkpt lat="46.17453" lon="6.79043">
        <ele>1905</ele>
        <time>2026-07-02T20:00:57+00:00</time>
      </trkpt>
      <trkpt lat="46.17453" lon="6.79038">
        <ele>1904</ele>
        <time>2026-07-02T20:01:00+00:00</time>
      </trkpt>
      <trkpt lat="46.17458" lon="6.79032">
        <ele>1904</ele>
        <time>2026-07-02T20:01:03+00:00</time>
      </trkpt>
      <trkpt lat="46.17468" lon="6.79028">
        <ele>1902</ele>
        <time>2026-07-02T20:01:06+00:00</time>
      </trkpt>
      <trkpt lat="46.17474" lon="6.79025">
        <ele>1900</ele>
        <time>2026-07-02T20:01:09+00:00</time>
      </trkpt>
      <trkpt lat="46.17482" lon="6.79013">
        <ele>1899</ele>
        <time>2026-07-02T20:01:12+00:00</time>
      </trkpt>
      <trkpt lat="46.17485" lon="6.79011">
        <ele>1899</ele>
        <time>2026-07-02T20:01:15+00:00</time>
      </trkpt>
      <trkpt lat="46.17488" lon="6.79009">
        <ele>1899</ele>
        <time>2026-07-02T20:01:18+00:00</time>
      </trkpt>
      <trkpt lat="46.17493" lon="6.79007">
        <ele>1898</ele>
        <time>2026-07-02T20:01:21+00:00</time>
      </trkpt>
      <trkpt lat="46.17498" lon="6.79006">
        <ele>1898</ele>
        <time>2026-07-02T20:01:24+00:00</time>
      </trkpt>
      <trkpt lat="46.17506" lon="6.7901">
        <ele>1897</ele>
        <time>2026-07-02T20:01:27+00:00</time>
      </trkpt>
      <trkpt lat="46.17512" lon="6.79012">
        <ele>1896</ele>
        <time>2026-07-02T20:01:30+00:00</time>
      </trkpt>
      <trkpt lat="46.17521" lon="6.79005">
        <ele>1894</ele>
        <time>2026-07-02T20:01:33+00:00</time>
      </trkpt>
      <trkpt lat="46.17529" lon="6.78991">
        <ele>1894</ele>
        <time>2026-07-02T20:01:36+00:00</time>
      </trkpt>
      <trkpt lat="46.17534" lon="6.78988">
        <ele>1892</ele>
        <time>2026-07-02T20:01:39+00:00</time>
      </trkpt>
      <trkpt lat="46.17542" lon="6.78984">
        <ele>1891</ele>
        <time>2026-07-02T20:01:42+00:00</time>
      </trkpt>
      <trkpt lat="46.17547" lon="6.78981">
        <ele>1891</ele>
        <time>2026-07-02T20:01:45+00:00</time>
      </trkpt>
      <trkpt lat="46.17551" lon="6.78978">
        <ele>1889</ele>
        <time>2026-07-02T20:01:48+00:00</time>
      </trkpt>
      <trkpt lat="46.17554" lon="6.78974">
        <ele>1889</ele>
        <time>2026-07-02T20:01:51+00:00</time>
      </trkpt>
      <trkpt lat="46.1756" lon="6.78968">
        <ele>1888</ele>
        <time>2026-07-02T20:01:54+00:00</time>
      </trkpt>
      <trkpt lat="46.17564" lon="6.78962">
        <ele>1888</ele>
        <time>2026-07-02T20:01:57+00:00</time>
      </trkpt>
      <trkpt lat="46.17569" lon="6.78952">
        <ele>1886</ele>
        <time>2026-07-02T20:02:00+00:00</time>
      </trkpt>
      <trkpt lat="46.17574" lon="6.78948">
        <ele>1885</ele>
        <time>2026-07-02T20:02:03+00:00</time>
      </trkpt>
      <trkpt lat="46.17579" lon="6.78946">
        <ele>1885</ele>
        <time>2026-07-02T20:02:06+00:00</time>
      </trkpt>
      <trkpt lat="46.17585" lon="6.78945">
        <ele>1884</ele>
        <time>2026-07-02T20:02:09+00:00</time>
      </trkpt>
      <trkpt lat="46.17595" lon="6.78943">
        <ele>1882</ele>
        <time>2026-07-02T20:02:12+00:00</time>
      </trkpt>
      <trkpt lat="46.17603" lon="6.78939">
        <ele>1881</ele>
        <time>2026-07-02T20:02:15+00:00</time>
      </trkpt>
      <trkpt lat="46.17612" lon="6.78935">
        <ele>1878</ele>
        <time>2026-07-02T20:02:18+00:00</time>
      </trkpt>
      <trkpt lat="46.1762" lon="6.78933">
        <ele>1877</ele>
        <time>2026-07-02T20:02:21+00:00</time>
      </trkpt>
      <trkpt lat="46.17629" lon="6.7893">
        <ele>1877</ele>
        <time>2026-07-02T20:02:24+00:00</time>
      </trkpt>
      <trkpt lat="46.17634" lon="6.78929">
        <ele>1874</ele>
        <time>2026-07-02T20:02:27+00:00</time>
      </trkpt>
      <trkpt lat="46.17639" lon="6.7893">
        <ele>1875</ele>
        <time>2026-07-02T20:02:30+00:00</time>
      </trkpt>
      <trkpt lat="46.17642" lon="6.78932">
        <ele>1873</ele>
        <time>2026-07-02T20:02:33+00:00</time>
      </trkpt>
      <trkpt lat="46.17645" lon="6.78934">
        <ele>1873</ele>
        <time>2026-07-02T20:02:36+00:00</time>
      </trkpt>
      <trkpt lat="46.17647" lon="6.78938">
        <ele>1873</ele>
        <time>2026-07-02T20:02:39+00:00</time>
      </trkpt>
      <trkpt lat="46.17649" lon="6.78941">
        <ele>1873</ele>
        <time>2026-07-02T20:02:42+00:00</time>
      </trkpt>
      <trkpt lat="46.1765" lon="6.78946">
        <ele>1873</ele>
        <time>2026-07-02T20:02:45+00:00</time>
      </trkpt>
      <trkpt lat="46.1765" lon="6.78955">
        <ele>1873</ele>
        <time>2026-07-02T20:02:48+00:00</time>
      </trkpt>
      <trkpt lat="46.17649" lon="6.78964">
        <ele>1873</ele>
        <time>2026-07-02T20:02:51+00:00</time>
      </trkpt>
      <trkpt lat="46.17647" lon="6.7897">
        <ele>1871</ele>
        <time>2026-07-02T20:02:54+00:00</time>
      </trkpt>
      <trkpt lat="46.17642" lon="6.78981">
        <ele>1869</ele>
        <time>2026-07-02T20:02:57+00:00</time>
      </trkpt>
      <trkpt lat="46.17639" lon="6.78988">
        <ele>1871</ele>
        <time>2026-07-02T20:03:00+00:00</time>
      </trkpt>
      <trkpt lat="46.17638" lon="6.78991">
        <ele>1867</ele>
        <time>2026-07-02T20:03:03+00:00</time>
      </trkpt>
      <trkpt lat="46.17638" lon="6.78994">
        <ele>1867</ele>
        <time>2026-07-02T20:03:06+00:00</time>
      </trkpt>
      <trkpt lat="46.17639" lon="6.78995">
        <ele>1867</ele>
        <time>2026-07-02T20:03:09+00:00</time>
      </trkpt>
      <trkpt lat="46.17641" lon="6.78997">
        <ele>1866</ele>
        <time>2026-07-02T20:03:12+00:00</time>
      </trkpt>
      <trkpt lat="46.17643" lon="6.78997">
        <ele>1866</ele>
        <time>2026-07-02T20:03:15+00:00</time>
      </trkpt>
      <trkpt lat="46.17647" lon="6.78995">
        <ele>1866</ele>
        <time>2026-07-02T20:03:18+00:00</time>
      </trkpt>
      <trkpt lat="46.17656" lon="6.78991">
        <ele>1865</ele>
        <time>2026-07-02T20:03:21+00:00</time>
      </trkpt>
      <trkpt lat="46.1767" lon="6.78987">
        <ele>1866</ele>
        <time>2026-07-02T20:03:24+00:00</time>
      </trkpt>
      <trkpt lat="46.17679" lon="6.78985">
        <ele>1863</ele>
        <time>2026-07-02T20:03:27+00:00</time>
      </trkpt>
      <trkpt lat="46.17684" lon="6.78985">
        <ele>1861</ele>
        <time>2026-07-02T20:03:30+00:00</time>
      </trkpt>
      <trkpt lat="46.17688" lon="6.78987">
        <ele>1861</ele>
        <time>2026-07-02T20:03:33+00:00</time>
      </trkpt>
      <trkpt lat="46.17691" lon="6.78988">
        <ele>1858</ele>
        <time>2026-07-02T20:03:36+00:00</time>
      </trkpt>
      <trkpt lat="46.17695" lon="6.78992">
        <ele>1855</ele>
        <time>2026-07-02T20:03:39+00:00</time>
      </trkpt>
      <trkpt lat="46.17701" lon="6.79004">
        <ele>1851</ele>
        <time>2026-07-02T20:03:42+00:00</time>
      </trkpt>
      <trkpt lat="46.1771" lon="6.79015">
        <ele>1851</ele>
        <time>2026-07-02T20:03:45+00:00</time>
      </trkpt>
      <trkpt lat="46.17719" lon="6.79027">
        <ele>1850</ele>
        <time>2026-07-02T20:03:48+00:00</time>
      </trkpt>
      <trkpt lat="46.17735" lon="6.79033">
        <ele>1849</ele>
        <time>2026-07-02T20:03:51+00:00</time>
      </trkpt>
      <trkpt lat="46.17739" lon="6.79015">
        <ele>1849</ele>
        <time>2026-07-02T20:03:54+00:00</time>
      </trkpt>
      <trkpt lat="46.17747" lon="6.79">
        <ele>1848</ele>
        <time>2026-07-02T20:03:57+00:00</time>
      </trkpt>
      <trkpt lat="46.17753" lon="6.78991">
        <ele>1849</ele>
        <time>2026-07-02T20:04:00+00:00</time>
      </trkpt>
      <trkpt lat="46.17762" lon="6.78974">
        <ele>1846</ele>
        <time>2026-07-02T20:04:03+00:00</time>
      </trkpt>
      <trkpt lat="46.1777" lon="6.7896">
        <ele>1849</ele>
        <time>2026-07-02T20:04:06+00:00</time>
      </trkpt>
      <trkpt lat="46.17774" lon="6.78951">
        <ele>1846</ele>
        <time>2026-07-02T20:04:09+00:00</time>
      </trkpt>
      <trkpt lat="46.17777" lon="6.78941">
        <ele>1847</ele>
        <time>2026-07-02T20:04:12+00:00</time>
      </trkpt>
      <trkpt lat="46.1778" lon="6.78931">
        <ele>1848</ele>
        <time>2026-07-02T20:04:15+00:00</time>
      </trkpt>
      <trkpt lat="46.17783" lon="6.78921">
        <ele>1847</ele>
        <time>2026-07-02T20:04:18+00:00</time>
      </trkpt>
      <trkpt lat="46.17787" lon="6.78901">
        <ele>1847</ele>
        <time>2026-07-02T20:04:21+00:00</time>
      </trkpt>
      <trkpt lat="46.17792" lon="6.78875">
        <ele>1842</ele>
        <time>2026-07-02T20:04:24+00:00</time>
      </trkpt>
      <trkpt lat="46.17796" lon="6.78854">
        <ele>1841</ele>
        <time>2026-07-02T20:04:27+00:00</time>
      </trkpt>
      <trkpt lat="46.17801" lon="6.7883">
        <ele>1839</ele>
        <time>2026-07-02T20:04:30+00:00</time>
      </trkpt>
      <trkpt lat="46.17805" lon="6.78814">
        <ele>1839</ele>
        <time>2026-07-02T20:04:33+00:00</time>
      </trkpt>
      <trkpt lat="46.1781" lon="6.788">
        <ele>1838</ele>
        <time>2026-07-02T20:04:36+00:00</time>
      </trkpt>
      <trkpt lat="46.17814" lon="6.78789">
        <ele>1836</ele>
        <time>2026-07-02T20:04:39+00:00</time>
      </trkpt>
      <trkpt lat="46.17816" lon="6.78784">
        <ele>1836</ele>
        <time>2026-07-02T20:04:42+00:00</time>
      </trkpt>
      <trkpt lat="46.17819" lon="6.78778">
        <ele>1838</ele>
        <time>2026-07-02T20:04:45+00:00</time>
      </trkpt>
      <trkpt lat="46.17826" lon="6.78766">
        <ele>1836</ele>
        <time>2026-07-02T20:04:48+00:00</time>
      </trkpt>
      <trkpt lat="46.17847" lon="6.78737">
        <ele>1833</ele>
        <time>2026-07-02T20:04:51+00:00</time>
      </trkpt>
      <trkpt lat="46.17862" lon="6.78716">
        <ele>1833</ele>
        <time>2026-07-02T20:04:54+00:00</time>
      </trkpt>
      <trkpt lat="46.17874" lon="6.78702">
        <ele>1830</ele>
        <time>2026-07-02T20:04:57+00:00</time>
      </trkpt>
      <trkpt lat="46.17878" lon="6.78698">
        <ele>1833</ele>
        <time>2026-07-02T20:05:00+00:00</time>
      </trkpt>
      <trkpt lat="46.17883" lon="6.78693">
        <ele>1828</ele>
        <time>2026-07-02T20:05:03+00:00</time>
      </trkpt>
      <trkpt lat="46.17895" lon="6.78686">
        <ele>1828</ele>
        <time>2026-07-02T20:05:06+00:00</time>
      </trkpt>
      <trkpt lat="46.17908" lon="6.78681">
        <ele>1826</ele>
        <time>2026-07-02T20:05:09+00:00</time>
      </trkpt>
      <trkpt lat="46.17916" lon="6.78673">
        <ele>1825</ele>
        <time>2026-07-02T20:05:12+00:00</time>
      </trkpt>
      <trkpt lat="46.17935" lon="6.78649">
        <ele>1824</ele>
        <time>2026-07-02T20:05:15+00:00</time>
      </trkpt>
      <trkpt lat="46.17942" lon="6.78633">
        <ele>1820</ele>
        <time>2026-07-02T20:05:18+00:00</time>
      </trkpt>
      <trkpt lat="46.17948" lon="6.78629">
        <ele>1820</ele>
        <time>2026-07-02T20:05:21+00:00</time>
      </trkpt>
      <trkpt lat="46.17956" lon="6.78619">
        <ele>1819</ele>
        <time>2026-07-02T20:05:24+00:00</time>
      </trkpt>
      <trkpt lat="46.17969" lon="6.78601">
        <ele>1817</ele>
        <time>2026-07-02T20:05:27+00:00</time>
      </trkpt>
      <trkpt lat="46.17982" lon="6.78591">
        <ele>1811</ele>
        <time>2026-07-02T20:05:30+00:00</time>
      </trkpt>
      <trkpt lat="46.18003" lon="6.78576">
        <ele>1814</ele>
        <time>2026-07-02T20:05:33+00:00</time>
      </trkpt>
      <trkpt lat="46.18039" lon="6.78549">
        <ele>1811</ele>
        <time>2026-07-02T20:05:36+00:00</time>
      </trkpt>
      <trkpt lat="46.1806" lon="6.78538">
        <ele>1808</ele>
        <time>2026-07-02T20:05:39+00:00</time>
      </trkpt>
      <trkpt lat="46.18081" lon="6.78529">
        <ele>1804</ele>
        <time>2026-07-02T20:05:42+00:00</time>
      </trkpt>
      <trkpt lat="46.18103" lon="6.78517">
        <ele>1801</ele>
        <time>2026-07-02T20:05:45+00:00</time>
      </trkpt>
      <trkpt lat="46.18114" lon="6.78511">
        <ele>1797</ele>
        <time>2026-07-02T20:05:48+00:00</time>
      </trkpt>
      <trkpt lat="46.18125" lon="6.78503">
        <ele>1798</ele>
        <time>2026-07-02T20:05:51+00:00</time>
      </trkpt>
      <trkpt lat="46.18135" lon="6.78494">
        <ele>1796</ele>
        <time>2026-07-02T20:05:54+00:00</time>
      </trkpt>
      <trkpt lat="46.18153" lon="6.78483">
        <ele>1796</ele>
        <time>2026-07-02T20:05:57+00:00</time>
      </trkpt>
      <trkpt lat="46.18173" lon="6.78469">
        <ele>1795</ele>
        <time>2026-07-02T20:06:00+00:00</time>
      </trkpt>
      <trkpt lat="46.18191" lon="6.78455">
        <ele>1795</ele>
        <time>2026-07-02T20:06:03+00:00</time>
      </trkpt>
      <trkpt lat="46.18219" lon="6.78435">
        <ele>1795</ele>
        <time>2026-07-02T20:06:06+00:00</time>
      </trkpt>
      <trkpt lat="46.18238" lon="6.7842">
        <ele>1787</ele>
        <time>2026-07-02T20:06:09+00:00</time>
      </trkpt>
      <trkpt lat="46.18254" lon="6.7841">
        <ele>1785</ele>
        <time>2026-07-02T20:06:12+00:00</time>
      </trkpt>
      <trkpt lat="46.18267" lon="6.78404">
        <ele>1779</ele>
        <time>2026-07-02T20:06:15+00:00</time>
      </trkpt>
      <trkpt lat="46.18279" lon="6.78398">
        <ele>1783</ele>
        <time>2026-07-02T20:06:18+00:00</time>
      </trkpt>
      <trkpt lat="46.18289" lon="6.78392">
        <ele>1775</ele>
        <time>2026-07-02T20:06:21+00:00</time>
      </trkpt>
      <trkpt lat="46.18298" lon="6.78386">
        <ele>1780</ele>
        <time>2026-07-02T20:06:24+00:00</time>
      </trkpt>
      <trkpt lat="46.18305" lon="6.78379">
        <ele>1779</ele>
        <time>2026-07-02T20:06:27+00:00</time>
      </trkpt>
      <trkpt lat="46.18314" lon="6.78372">
        <ele>1777</ele>
        <time>2026-07-02T20:06:30+00:00</time>
      </trkpt>
      <trkpt lat="46.18321" lon="6.78364">
        <ele>1771</ele>
        <time>2026-07-02T20:06:33+00:00</time>
      </trkpt>
      <trkpt lat="46.18329" lon="6.78355">
        <ele>1778</ele>
        <time>2026-07-02T20:06:36+00:00</time>
      </trkpt>
      <trkpt lat="46.18337" lon="6.78345">
        <ele>1773</ele>
        <time>2026-07-02T20:06:39+00:00</time>
      </trkpt>
      <trkpt lat="46.18347" lon="6.78337">
        <ele>1777</ele>
        <time>2026-07-02T20:06:42+00:00</time>
      </trkpt>
      <trkpt lat="46.18361" lon="6.78326">
        <ele>1769</ele>
        <time>2026-07-02T20:06:45+00:00</time>
      </trkpt>
      <trkpt lat="46.18372" lon="6.78316">
        <ele>1767</ele>
        <time>2026-07-02T20:06:48+00:00</time>
      </trkpt>
      <trkpt lat="46.18381" lon="6.78307">
        <ele>1768</ele>
        <time>2026-07-02T20:06:51+00:00</time>
      </trkpt>
      <trkpt lat="46.18388" lon="6.783">
        <ele>1771</ele>
        <time>2026-07-02T20:06:54+00:00</time>
      </trkpt>
      <trkpt lat="46.18395" lon="6.78291">
        <ele>1767</ele>
        <time>2026-07-02T20:06:57+00:00</time>
      </trkpt>
      <trkpt lat="46.18404" lon="6.78279">
        <ele>1768</ele>
        <time>2026-07-02T20:07:00+00:00</time>
      </trkpt>
      <trkpt lat="46.18417" lon="6.78261">
        <ele>1766</ele>
        <time>2026-07-02T20:07:03+00:00</time>
      </trkpt>
      <trkpt lat="46.18435" lon="6.78231">
        <ele>1764</ele>
        <time>2026-07-02T20:07:06+00:00</time>
      </trkpt>
      <trkpt lat="46.1845" lon="6.7821">
        <ele>1764</ele>
        <time>2026-07-02T20:07:09+00:00</time>
      </trkpt>
      <trkpt lat="46.18469" lon="6.78186">
        <ele>1763</ele>
        <time>2026-07-02T20:07:12+00:00</time>
      </trkpt>
      <trkpt lat="46.18484" lon="6.78166">
        <ele>1763</ele>
        <time>2026-07-02T20:07:15+00:00</time>
      </trkpt>
      <trkpt lat="46.18511" lon="6.78127">
        <ele>1768</ele>
        <time>2026-07-02T20:07:18+00:00</time>
      </trkpt>
      <trkpt lat="46.18526" lon="6.78109">
        <ele>1768</ele>
        <time>2026-07-02T20:07:21+00:00</time>
      </trkpt>
      <trkpt lat="46.18536" lon="6.78099">
        <ele>1774</ele>
        <time>2026-07-02T20:07:24+00:00</time>
      </trkpt>
      <trkpt lat="46.18547" lon="6.78091">
        <ele>1768</ele>
        <time>2026-07-02T20:07:27+00:00</time>
      </trkpt>
      <trkpt lat="46.18559" lon="6.78083">
        <ele>1765</ele>
        <time>2026-07-02T20:07:30+00:00</time>
      </trkpt>
      <trkpt lat="46.18565" lon="6.78079">
        <ele>1765</ele>
        <time>2026-07-02T20:07:33+00:00</time>
      </trkpt>
      <trkpt lat="46.18574" lon="6.78075">
        <ele>1760</ele>
        <time>2026-07-02T20:07:36+00:00</time>
      </trkpt>
      <trkpt lat="46.18585" lon="6.78071">
        <ele>1754</ele>
        <time>2026-07-02T20:07:39+00:00</time>
      </trkpt>
      <trkpt lat="46.18597" lon="6.78068">
        <ele>1756</ele>
        <time>2026-07-02T20:07:42+00:00</time>
      </trkpt>
      <trkpt lat="46.18607" lon="6.78066">
        <ele>1754</ele>
        <time>2026-07-02T20:07:45+00:00</time>
      </trkpt>
      <trkpt lat="46.18619" lon="6.78062">
        <ele>1751</ele>
        <time>2026-07-02T20:07:48+00:00</time>
      </trkpt>
      <trkpt lat="46.18632" lon="6.78058">
        <ele>1752</ele>
        <time>2026-07-02T20:07:51+00:00</time>
      </trkpt>
      <trkpt lat="46.1864" lon="6.78054">
        <ele>1752</ele>
        <time>2026-07-02T20:07:54+00:00</time>
      </trkpt>
      <trkpt lat="46.18647" lon="6.78048">
        <ele>1753</ele>
        <time>2026-07-02T20:07:57+00:00</time>
      </trkpt>
      <trkpt lat="46.18654" lon="6.78042">
        <ele>1750</ele>
        <time>2026-07-02T20:08:00+00:00</time>
      </trkpt>
      <trkpt lat="46.18663" lon="6.78035">
        <ele>1749</ele>
        <time>2026-07-02T20:08:03+00:00</time>
      </trkpt>
      <trkpt lat="46.18673" lon="6.7803">
        <ele>1745</ele>
        <time>2026-07-02T20:08:06+00:00</time>
      </trkpt>
      <trkpt lat="46.1868" lon="6.78025">
        <ele>1741</ele>
        <time>2026-07-02T20:08:09+00:00</time>
      </trkpt>
      <trkpt lat="46.18693" lon="6.78015">
        <ele>1739</ele>
        <time>2026-07-02T20:08:12+00:00</time>
      </trkpt>
      <trkpt lat="46.18706" lon="6.78005">
        <ele>1737</ele>
        <time>2026-07-02T20:08:15+00:00</time>
      </trkpt>
      <trkpt lat="46.18715" lon="6.77999">
        <ele>1737</ele>
        <time>2026-07-02T20:08:18+00:00</time>
      </trkpt>
      <trkpt lat="46.18726" lon="6.77991">
        <ele>1735</ele>
        <time>2026-07-02T20:08:21+00:00</time>
      </trkpt>
      <trkpt lat="46.18732" lon="6.77985">
        <ele>1733</ele>
        <time>2026-07-02T20:08:24+00:00</time>
      </trkpt>
      <trkpt lat="46.18738" lon="6.77977">
        <ele>1733</ele>
        <time>2026-07-02T20:08:27+00:00</time>
      </trkpt>
      <trkpt lat="46.18745" lon="6.77967">
        <ele>1732</ele>
        <time>2026-07-02T20:08:30+00:00</time>
      </trkpt>
      <trkpt lat="46.18749" lon="6.77958">
        <ele>1733</ele>
        <time>2026-07-02T20:08:33+00:00</time>
      </trkpt>
      <trkpt lat="46.18752" lon="6.77951">
        <ele>1732</ele>
        <time>2026-07-02T20:08:36+00:00</time>
      </trkpt>
      <trkpt lat="46.18753" lon="6.77941">
        <ele>1733</ele>
        <time>2026-07-02T20:08:39+00:00</time>
      </trkpt>
      <trkpt lat="46.18755" lon="6.77925">
        <ele>1735</ele>
        <time>2026-07-02T20:08:42+00:00</time>
      </trkpt>
      <trkpt lat="46.18754" lon="6.7792">
        <ele>1735</ele>
        <time>2026-07-02T20:08:45+00:00</time>
      </trkpt>
      <trkpt lat="46.18755" lon="6.77899">
        <ele>1735</ele>
        <time>2026-07-02T20:08:48+00:00</time>
      </trkpt>
      <trkpt lat="46.18758" lon="6.77876">
        <ele>1736</ele>
        <time>2026-07-02T20:08:51+00:00</time>
      </trkpt>
      <trkpt lat="46.18758" lon="6.77872">
        <ele>1736</ele>
        <time>2026-07-02T20:08:54+00:00</time>
      </trkpt>
      <trkpt lat="46.18762" lon="6.77849">
        <ele>1739</ele>
        <time>2026-07-02T20:08:57+00:00</time>
      </trkpt>
      <trkpt lat="46.18765" lon="6.77819">
        <ele>1741</ele>
        <time>2026-07-02T20:09:00+00:00</time>
      </trkpt>
      <trkpt lat="46.18767" lon="6.77804">
        <ele>1743</ele>
        <time>2026-07-02T20:09:03+00:00</time>
      </trkpt>
      <trkpt lat="46.18768" lon="6.77794">
        <ele>1744</ele>
        <time>2026-07-02T20:09:06+00:00</time>
      </trkpt>
      <trkpt lat="46.18767" lon="6.77782">
        <ele>1746</ele>
        <time>2026-07-02T20:09:09+00:00</time>
      </trkpt>
      <trkpt lat="46.18767" lon="6.77769">
        <ele>1749</ele>
        <time>2026-07-02T20:09:12+00:00</time>
      </trkpt>
      <trkpt lat="46.18767" lon="6.77769">
        <ele>1749</ele>
        <time>2026-07-02T20:09:15+00:00</time>
      </trkpt>
      <trkpt lat="46.18765" lon="6.77753">
        <ele>1751</ele>
        <time>2026-07-02T20:09:18+00:00</time>
      </trkpt>
      <trkpt lat="46.18763" lon="6.77734">
        <ele>1753</ele>
        <time>2026-07-02T20:09:21+00:00</time>
      </trkpt>
      <trkpt lat="46.18763" lon="6.77727">
        <ele>1754</ele>
        <time>2026-07-02T20:09:24+00:00</time>
      </trkpt>
      <trkpt lat="46.18763" lon="6.77719">
        <ele>1755</ele>
        <time>2026-07-02T20:09:27+00:00</time>
      </trkpt>
      <trkpt lat="46.18764" lon="6.77708">
        <ele>1755</ele>
        <time>2026-07-02T20:09:30+00:00</time>
      </trkpt>
      <trkpt lat="46.18768" lon="6.77692">
        <ele>1756</ele>
        <time>2026-07-02T20:09:33+00:00</time>
      </trkpt>
      <trkpt lat="46.18767" lon="6.77688">
        <ele>1757</ele>
        <time>2026-07-02T20:09:36+00:00</time>
      </trkpt>
      <trkpt lat="46.18766" lon="6.7768">
        <ele>1757</ele>
        <time>2026-07-02T20:09:39+00:00</time>
      </trkpt>
      <trkpt lat="46.18765" lon="6.77664">
        <ele>1758</ele>
        <time>2026-07-02T20:09:42+00:00</time>
      </trkpt>
      <trkpt lat="46.18763" lon="6.77647">
        <ele>1760</ele>
        <time>2026-07-02T20:09:45+00:00</time>
      </trkpt>
      <trkpt lat="46.18762" lon="6.77637">
        <ele>1760</ele>
        <time>2026-07-02T20:09:48+00:00</time>
      </trkpt>
      <trkpt lat="46.1876" lon="6.77617">
        <ele>1765</ele>
        <time>2026-07-02T20:09:51+00:00</time>
      </trkpt>
      <trkpt lat="46.18759" lon="6.77605">
        <ele>1766</ele>
        <time>2026-07-02T20:09:54+00:00</time>
      </trkpt>
      <trkpt lat="46.18759" lon="6.7759">
        <ele>1767</ele>
        <time>2026-07-02T20:09:57+00:00</time>
      </trkpt>
      <trkpt lat="46.18761" lon="6.77574">
        <ele>1766</ele>
        <time>2026-07-02T20:10:00+00:00</time>
      </trkpt>
      <trkpt lat="46.18765" lon="6.77558">
        <ele>1767</ele>
        <time>2026-07-02T20:10:03+00:00</time>
      </trkpt>
      <trkpt lat="46.1877" lon="6.77545">
        <ele>1767</ele>
        <time>2026-07-02T20:10:06+00:00</time>
      </trkpt>
      <trkpt lat="46.18775" lon="6.77537">
        <ele>1767</ele>
        <time>2026-07-02T20:10:09+00:00</time>
      </trkpt>
      <trkpt lat="46.18781" lon="6.77531">
        <ele>1767</ele>
        <time>2026-07-02T20:10:12+00:00</time>
      </trkpt>
      <trkpt lat="46.1879" lon="6.77526">
        <ele>1767</ele>
        <time>2026-07-02T20:10:15+00:00</time>
      </trkpt>
      <trkpt lat="46.18799" lon="6.77522">
        <ele>1767</ele>
        <time>2026-07-02T20:10:18+00:00</time>
      </trkpt>
      <trkpt lat="46.18809" lon="6.77521">
        <ele>1768</ele>
        <time>2026-07-02T20:10:21+00:00</time>
      </trkpt>
      <trkpt lat="46.18817" lon="6.7752">
        <ele>1768</ele>
        <time>2026-07-02T20:10:24+00:00</time>
      </trkpt>
      <trkpt lat="46.18816" lon="6.77529">
        <ele>1769</ele>
        <time>2026-07-02T20:10:27+00:00</time>
      </trkpt>
      <trkpt lat="46.18817" lon="6.77567">
        <ele>1770</ele>
        <time>2026-07-02T20:10:30+00:00</time>
      </trkpt>
      <trkpt lat="46.18819" lon="6.77598">
        <ele>1770</ele>
        <time>2026-07-02T20:10:33+00:00</time>
      </trkpt>
      <trkpt lat="46.18819" lon="6.77622">
        <ele>1770</ele>
        <time>2026-07-02T20:10:36+00:00</time>
      </trkpt>
      <trkpt lat="46.1882" lon="6.77638">
        <ele>1770</ele>
        <time>2026-07-02T20:10:39+00:00</time>
      </trkpt>
      <trkpt lat="46.1882" lon="6.77656">
        <ele>1774</ele>
        <time>2026-07-02T20:10:42+00:00</time>
      </trkpt>
      <trkpt lat="46.18822" lon="6.77667">
        <ele>1773</ele>
        <time>2026-07-02T20:10:45+00:00</time>
      </trkpt>
      <trkpt lat="46.18825" lon="6.7768">
        <ele>1772</ele>
        <time>2026-07-02T20:10:48+00:00</time>
      </trkpt>
      <trkpt lat="46.18833" lon="6.77708">
        <ele>1774</ele>
        <time>2026-07-02T20:10:51+00:00</time>
      </trkpt>
      <trkpt lat="46.18842" lon="6.77734">
        <ele>1772</ele>
        <time>2026-07-02T20:10:54+00:00</time>
      </trkpt>
      <trkpt lat="46.18843" lon="6.77738">
        <ele>1775</ele>
        <time>2026-07-02T20:10:57+00:00</time>
      </trkpt>
      <trkpt lat="46.18845" lon="6.77747">
        <ele>1775</ele>
        <time>2026-07-02T20:11:00+00:00</time>
      </trkpt>
      <trkpt lat="46.18847" lon="6.77758">
        <ele>1773</ele>
        <time>2026-07-02T20:11:03+00:00</time>
      </trkpt>
      <trkpt lat="46.1885" lon="6.77777">
        <ele>1772</ele>
        <time>2026-07-02T20:11:06+00:00</time>
      </trkpt>
      <trkpt lat="46.18852" lon="6.77792">
        <ele>1775</ele>
        <time>2026-07-02T20:11:09+00:00</time>
      </trkpt>
      <trkpt lat="46.18859" lon="6.7782">
        <ele>1772</ele>
        <time>2026-07-02T20:11:12+00:00</time>
      </trkpt>
      <trkpt lat="46.18868" lon="6.77852">
        <ele>1772</ele>
        <time>2026-07-02T20:11:15+00:00</time>
      </trkpt>
      <trkpt lat="46.18868" lon="6.77852">
        <ele>1772</ele>
        <time>2026-07-02T20:11:18+00:00</time>
      </trkpt>
      <trkpt lat="46.18878" lon="6.7789">
        <ele>1772</ele>
        <time>2026-07-02T20:11:21+00:00</time>
      </trkpt>
      <trkpt lat="46.18884" lon="6.77906">
        <ele>1774</ele>
        <time>2026-07-02T20:11:24+00:00</time>
      </trkpt>
      <trkpt lat="46.18886" lon="6.7791">
        <ele>1772</ele>
        <time>2026-07-02T20:11:27+00:00</time>
      </trkpt>
      <trkpt lat="46.1889" lon="6.77913">
        <ele>1772</ele>
        <time>2026-07-02T20:11:30+00:00</time>
      </trkpt>
      <trkpt lat="46.18895" lon="6.77912">
        <ele>1774</ele>
        <time>2026-07-02T20:11:33+00:00</time>
      </trkpt>
      <trkpt lat="46.189" lon="6.7791">
        <ele>1776</ele>
        <time>2026-07-02T20:11:36+00:00</time>
      </trkpt>
      <trkpt lat="46.18902" lon="6.7792">
        <ele>1775</ele>
        <time>2026-07-02T20:11:39+00:00</time>
      </trkpt>
      <trkpt lat="46.18906" lon="6.77934">
        <ele>1772</ele>
        <time>2026-07-02T20:11:42+00:00</time>
      </trkpt>
      <trkpt lat="46.18909" lon="6.77948">
        <ele>1773</ele>
        <time>2026-07-02T20:11:45+00:00</time>
      </trkpt>
      <trkpt lat="46.18911" lon="6.77956">
        <ele>1775</ele>
        <time>2026-07-02T20:11:48+00:00</time>
      </trkpt>
      <trkpt lat="46.18914" lon="6.77964">
        <ele>1773</ele>
        <time>2026-07-02T20:11:51+00:00</time>
      </trkpt>
      <trkpt lat="46.18917" lon="6.7797">
        <ele>1773</ele>
        <time>2026-07-02T20:11:54+00:00</time>
      </trkpt>
      <trkpt lat="46.18918" lon="6.77971">
        <ele>1772</ele>
        <time>2026-07-02T20:11:57+00:00</time>
      </trkpt>
      <trkpt lat="46.18923" lon="6.77978">
        <ele>1774</ele>
        <time>2026-07-02T20:12:00+00:00</time>
      </trkpt>
      <trkpt lat="46.1893" lon="6.77987">
        <ele>1773</ele>
        <time>2026-07-02T20:12:03+00:00</time>
      </trkpt>
      <trkpt lat="46.18934" lon="6.77992">
        <ele>1773</ele>
        <time>2026-07-02T20:12:06+00:00</time>
      </trkpt>
      <trkpt lat="46.18937" lon="6.77997">
        <ele>1773</ele>
        <time>2026-07-02T20:12:09+00:00</time>
      </trkpt>
      <trkpt lat="46.18938" lon="6.78002">
        <ele>1773</ele>
        <time>2026-07-02T20:12:12+00:00</time>
      </trkpt>
      <trkpt lat="46.18941" lon="6.78004">
        <ele>1776</ele>
        <time>2026-07-02T20:12:15+00:00</time>
      </trkpt>
      <trkpt lat="46.18939" lon="6.78009">
        <ele>1773</ele>
        <time>2026-07-02T20:12:18+00:00</time>
      </trkpt>
      <trkpt lat="46.18941" lon="6.78004">
        <ele>1776</ele>
        <time>2026-07-02T20:12:21+00:00</time>
      </trkpt>
      <trkpt lat="46.18947" lon="6.77996">
        <ele>1776</ele>
        <time>2026-07-02T20:12:24+00:00</time>
      </trkpt>
      <trkpt lat="46.18957" lon="6.77993">
        <ele>1778</ele>
        <time>2026-07-02T20:12:27+00:00</time>
      </trkpt>
      <trkpt lat="46.18989" lon="6.77961">
        <ele>1784</ele>
        <time>2026-07-02T20:12:30+00:00</time>
      </trkpt>
      <trkpt lat="46.19009" lon="6.77932">
        <ele>1790</ele>
        <time>2026-07-02T20:12:33+00:00</time>
      </trkpt>
      <trkpt lat="46.19011" lon="6.77926">
        <ele>1793</ele>
        <time>2026-07-02T20:12:36+00:00</time>
      </trkpt>
      <trkpt lat="46.19012" lon="6.77917">
        <ele>1794</ele>
        <time>2026-07-02T20:12:39+00:00</time>
      </trkpt>
      <trkpt lat="46.19013" lon="6.77913">
        <ele>1794</ele>
        <time>2026-07-02T20:12:42+00:00</time>
      </trkpt>
      <trkpt lat="46.19013" lon="6.77908">
        <ele>1794</ele>
        <time>2026-07-02T20:12:45+00:00</time>
      </trkpt>
      <trkpt lat="46.19012" lon="6.77891">
        <ele>1794</ele>
        <time>2026-07-02T20:12:48+00:00</time>
      </trkpt>
      <trkpt lat="46.19012" lon="6.77881">
        <ele>1795</ele>
        <time>2026-07-02T20:12:51+00:00</time>
      </trkpt>
      <trkpt lat="46.19014" lon="6.77878">
        <ele>1795</ele>
        <time>2026-07-02T20:12:54+00:00</time>
      </trkpt>
      <trkpt lat="46.19016" lon="6.77871">
        <ele>1795</ele>
        <time>2026-07-02T20:12:57+00:00</time>
      </trkpt>
      <trkpt lat="46.19018" lon="6.7786">
        <ele>1795</ele>
        <time>2026-07-02T20:13:00+00:00</time>
      </trkpt>
      <trkpt lat="46.19028" lon="6.7783">
        <ele>1797</ele>
        <time>2026-07-02T20:13:03+00:00</time>
      </trkpt>
      <trkpt lat="46.19034" lon="6.77811">
        <ele>1800</ele>
        <time>2026-07-02T20:13:06+00:00</time>
      </trkpt>
      <trkpt lat="46.19037" lon="6.77803">
        <ele>1800</ele>
        <time>2026-07-02T20:13:09+00:00</time>
      </trkpt>
      <trkpt lat="46.1904" lon="6.77787">
        <ele>1802</ele>
        <time>2026-07-02T20:13:12+00:00</time>
      </trkpt>
      <trkpt lat="46.19043" lon="6.7778">
        <ele>1802</ele>
        <time>2026-07-02T20:13:15+00:00</time>
      </trkpt>
      <trkpt lat="46.19045" lon="6.77777">
        <ele>1802</ele>
        <time>2026-07-02T20:13:18+00:00</time>
      </trkpt>
      <trkpt lat="46.19048" lon="6.77774">
        <ele>1802</ele>
        <time>2026-07-02T20:13:21+00:00</time>
      </trkpt>
      <trkpt lat="46.1905" lon="6.77772">
        <ele>1802</ele>
        <time>2026-07-02T20:13:24+00:00</time>
      </trkpt>
      <trkpt lat="46.19049" lon="6.77767">
        <ele>1803</ele>
        <time>2026-07-02T20:13:27+00:00</time>
      </trkpt>
      <trkpt lat="46.19046" lon="6.77744">
        <ele>1802</ele>
        <time>2026-07-02T20:13:30+00:00</time>
      </trkpt>
      <trkpt lat="46.19048" lon="6.77744">
        <ele>1802</ele>
        <time>2026-07-02T20:13:33+00:00</time>
      </trkpt>
      <trkpt lat="46.19052" lon="6.7774">
        <ele>1803</ele>
        <time>2026-07-02T20:13:36+00:00</time>
      </trkpt>
      <trkpt lat="46.19059" lon="6.77731">
        <ele>1802</ele>
        <time>2026-07-02T20:13:39+00:00</time>
      </trkpt>
      <trkpt lat="46.19067" lon="6.77717">
        <ele>1802</ele>
        <time>2026-07-02T20:13:42+00:00</time>
      </trkpt>
      <trkpt lat="46.1907" lon="6.77713">
        <ele>1802</ele>
        <time>2026-07-02T20:13:45+00:00</time>
      </trkpt>
      <trkpt lat="46.19079" lon="6.77697">
        <ele>1802</ele>
        <time>2026-07-02T20:13:48+00:00</time>
      </trkpt>
      <trkpt lat="46.1909" lon="6.77682">
        <ele>1802</ele>
        <time>2026-07-02T20:13:51+00:00</time>
      </trkpt>
      <trkpt lat="46.191" lon="6.7767">
        <ele>1803</ele>
        <time>2026-07-02T20:13:54+00:00</time>
      </trkpt>
      <trkpt lat="46.19098" lon="6.77666">
        <ele>1803</ele>
        <time>2026-07-02T20:13:57+00:00</time>
      </trkpt>
      <trkpt lat="46.19098" lon="6.77666">
        <ele>1803</ele>
        <time>2026-07-02T20:14:00+00:00</time>
      </trkpt>
      <trkpt lat="46.19098" lon="6.77666">
        <ele>1803</ele>
        <time>2026-07-02T20:14:03+00:00</time>
      </trkpt>
      <trkpt lat="46.19098" lon="6.77659">
        <ele>1802</ele>
        <time>2026-07-02T20:14:06+00:00</time>
      </trkpt>
    </trkseg>
  </trk>
</gpx>
