<?xml version="1.0" encoding="UTF-8"?>
<gpx creator="StravaGPX" version="1.1" xmlns="http://www.topografix.com/GPX/1/1" xmlns:xsi="http://www.w3.org/2001/XMLSchema-instance" xsi:schemaLocation="http://www.topografix.com/GPX/1/1 http://www.topografix.com/GPX/1/1/gpx.xsd">
 <metadata>
  <name>90km du Mont-Blanc 2026</name>
  <author>
   <name>Magali Chevalier</name>
   <link href="https://www.strava.com/athletes/34563915"/>
  </author>
  <copyright author="OpenStreetMap contributors">
   <year>2020</year>
   <license>https://www.openstreetmap.org/copyright</license>
  </copyright>
  <link href="https://www.strava.com/routes/3410932955339078512"/>
 </metadata>
 <trk>
  <name>90km du Mont-Blanc 2026</name>
  <link href="https://www.strava.com/routes/3410932955339078512"/>
  <type>running</type>
  <trkseg>
   <trkpt lat="45.923570000000005" lon="6.8692">
    <ele>1041.08</ele>
   </trkpt>
   <trkpt lat="45.92371000000001" lon="6.868720000000001">
    <ele>1042.7900000000002</ele>
   </trkpt>
   <trkpt lat="45.923660000000005" lon="6.868670000000001">
    <ele>1043.0300000000002</ele>
   </trkpt>
   <trkpt lat="45.923660000000005" lon="6.86859">
    <ele>1043.0900000000001</ele>
   </trkpt>
   <trkpt lat="45.923730000000006" lon="6.868130000000001">
    <ele>1045.41</ele>
   </trkpt>
   <trkpt lat="45.92371000000001" lon="6.867990000000001">
    <ele>1046.89</ele>
   </trkpt>
   <trkpt lat="45.92362000000001" lon="6.867710000000001">
    <ele>1047.88</ele>
   </trkpt>
   <trkpt lat="45.923660000000005" lon="6.86765">
    <ele>1047.88</ele>
   </trkpt>
   <trkpt lat="45.92367" lon="6.867560000000001">
    <ele>1048.17</ele>
   </trkpt>
   <trkpt lat="45.923660000000005" lon="6.86753">
    <ele>1048.48</ele>
   </trkpt>
   <trkpt lat="45.9236" lon="6.86746">
    <ele>1049.1200000000001</ele>
   </trkpt>
   <trkpt lat="45.92354" lon="6.86746">
    <ele>1049.1200000000001</ele>
   </trkpt>
   <trkpt lat="45.92349" lon="6.867290000000001">
    <ele>1052.3</ele>
   </trkpt>
   <trkpt lat="45.923500000000004" lon="6.86699">
    <ele>1052.3</ele>
   </trkpt>
   <trkpt lat="45.92354" lon="6.866340000000001">
    <ele>1058.72</ele>
   </trkpt>
   <trkpt lat="45.9236" lon="6.8657900000000005">
    <ele>1064.2500000000002</ele>
   </trkpt>
   <trkpt lat="45.923765004494044" lon="6.864775003011561">
    <ele>1076.0</ele>
   </trkpt>
   <trkpt lat="45.923930000000006" lon="6.863760000000001">
    <ele>1088.5</ele>
   </trkpt>
   <trkpt lat="45.92380000000001" lon="6.863650000000001">
    <ele>1091.3000000000002</ele>
   </trkpt>
   <trkpt lat="45.92376" lon="6.86359">
    <ele>1091.3000000000002</ele>
   </trkpt>
   <trkpt lat="45.92374" lon="6.863410000000001">
    <ele>1095.1399999999999</ele>
   </trkpt>
   <trkpt lat="45.923750000000005" lon="6.863320000000001">
    <ele>1095.1399999999999</ele>
   </trkpt>
   <trkpt lat="45.923590000000004" lon="6.863220000000001">
    <ele>1094.97</ele>
   </trkpt>
   <trkpt lat="45.92336" lon="6.863160000000001">
    <ele>1094.68</ele>
   </trkpt>
   <trkpt lat="45.92322" lon="6.863080000000001">
    <ele>1094.64</ele>
   </trkpt>
   <trkpt lat="45.92273" lon="6.8626700000000005">
    <ele>1095.24</ele>
   </trkpt>
   <trkpt lat="45.92264" lon="6.862640000000001">
    <ele>1095.23</ele>
   </trkpt>
   <trkpt lat="45.92242" lon="6.862680000000001">
    <ele>1094.5900000000001</ele>
   </trkpt>
   <trkpt lat="45.922380000000004" lon="6.8626700000000005">
    <ele>1094.5900000000001</ele>
   </trkpt>
   <trkpt lat="45.92192000000001" lon="6.862030000000001">
    <ele>1094.5500000000002</ele>
   </trkpt>
   <trkpt lat="45.921640000000004" lon="6.8616600000000005">
    <ele>1094.69</ele>
   </trkpt>
   <trkpt lat="45.921195002887366" lon="6.860849993550781">
    <ele>1094.78</ele>
   </trkpt>
   <trkpt lat="45.920750000000005" lon="6.860040000000001">
    <ele>1093.6200000000001</ele>
   </trkpt>
   <trkpt lat="45.920640000000006" lon="6.86">
    <ele>1093.45</ele>
   </trkpt>
   <trkpt lat="45.92062000000001" lon="6.859970000000001">
    <ele>1093.3600000000001</ele>
   </trkpt>
   <trkpt lat="45.92049" lon="6.859730000000001">
    <ele>1092.93</ele>
   </trkpt>
   <trkpt lat="45.92049" lon="6.8596200000000005">
    <ele>1092.81</ele>
   </trkpt>
   <trkpt lat="45.920410000000004" lon="6.859490000000001">
    <ele>1092.67</ele>
   </trkpt>
   <trkpt lat="45.92031" lon="6.859420000000001">
    <ele>1092.21</ele>
   </trkpt>
   <trkpt lat="45.92018" lon="6.8590800000000005">
    <ele>1091.8000000000002</ele>
   </trkpt>
   <trkpt lat="45.920210000000004" lon="6.85869">
    <ele>1091.8400000000001</ele>
   </trkpt>
   <trkpt lat="45.92006000000001" lon="6.8581900000000005">
    <ele>1092.47</ele>
   </trkpt>
   <trkpt lat="45.91982" lon="6.85777">
    <ele>1092.88</ele>
   </trkpt>
   <trkpt lat="45.919790000000006" lon="6.85761">
    <ele>1093.25</ele>
   </trkpt>
   <trkpt lat="45.919830000000005" lon="6.857010000000001">
    <ele>1095.05</ele>
   </trkpt>
   <trkpt lat="45.91962" lon="6.855910000000001">
    <ele>1094.94</ele>
   </trkpt>
   <trkpt lat="45.919540000000005" lon="6.855290000000001">
    <ele>1096.47</ele>
   </trkpt>
   <trkpt lat="45.91942" lon="6.85479">
    <ele>1097.68</ele>
   </trkpt>
   <trkpt lat="45.919360000000005" lon="6.85463">
    <ele>1097.89</ele>
   </trkpt>
   <trkpt lat="45.919360000000005" lon="6.854620000000001">
    <ele>1097.89</ele>
   </trkpt>
   <trkpt lat="45.91926" lon="6.8543">
    <ele>1098.13</ele>
   </trkpt>
   <trkpt lat="45.919230000000006" lon="6.854080000000001">
    <ele>1098.57</ele>
   </trkpt>
   <trkpt lat="45.91922" lon="6.85371">
    <ele>1099.8700000000001</ele>
   </trkpt>
   <trkpt lat="45.91917" lon="6.8535900000000005">
    <ele>1100.0500000000002</ele>
   </trkpt>
   <trkpt lat="45.919090000000004" lon="6.853180000000001">
    <ele>1101.43</ele>
   </trkpt>
   <trkpt lat="45.91913" lon="6.852530000000001">
    <ele>1105.96</ele>
   </trkpt>
   <trkpt lat="45.919070000000005" lon="6.852200000000001">
    <ele>1109.72</ele>
   </trkpt>
   <trkpt lat="45.91883000000001" lon="6.85186">
    <ele>1114.2</ele>
   </trkpt>
   <trkpt lat="45.918580000000006" lon="6.851590000000001">
    <ele>1120.0400000000002</ele>
   </trkpt>
   <trkpt lat="45.91856000000001" lon="6.851500000000001">
    <ele>1121.6000000000001</ele>
   </trkpt>
   <trkpt lat="45.91861" lon="6.851310000000001">
    <ele>1123.8600000000001</ele>
   </trkpt>
   <trkpt lat="45.91854000000001" lon="6.851050000000001">
    <ele>1126.3899999999999</ele>
   </trkpt>
   <trkpt lat="45.91843" lon="6.850840000000001">
    <ele>1130.13</ele>
   </trkpt>
   <trkpt lat="45.918350000000004" lon="6.85073">
    <ele>1130.13</ele>
   </trkpt>
   <trkpt lat="45.918310000000005" lon="6.85062">
    <ele>1138.24</ele>
   </trkpt>
   <trkpt lat="45.918110000000006" lon="6.8504000000000005">
    <ele>1141.95</ele>
   </trkpt>
   <trkpt lat="45.917820000000006" lon="6.84998">
    <ele>1149.0900000000001</ele>
   </trkpt>
   <trkpt lat="45.917750000000005" lon="6.849850000000001">
    <ele>1152.23</ele>
   </trkpt>
   <trkpt lat="45.91756" lon="6.849340000000001">
    <ele>1157.48</ele>
   </trkpt>
   <trkpt lat="45.917550000000006" lon="6.849190000000001">
    <ele>1163.65</ele>
   </trkpt>
   <trkpt lat="45.91738" lon="6.84888">
    <ele>1165.34</ele>
   </trkpt>
   <trkpt lat="45.91727" lon="6.84862">
    <ele>1167.67</ele>
   </trkpt>
   <trkpt lat="45.917260000000006" lon="6.848520000000001">
    <ele>1172.08</ele>
   </trkpt>
   <trkpt lat="45.9174" lon="6.848120000000001">
    <ele>1176.69</ele>
   </trkpt>
   <trkpt lat="45.917460000000005" lon="6.847810000000001">
    <ele>1179.1100000000001</ele>
   </trkpt>
   <trkpt lat="45.91742000000001" lon="6.847720000000001">
    <ele>1183.2900000000002</ele>
   </trkpt>
   <trkpt lat="45.9172" lon="6.8474">
    <ele>1187.95</ele>
   </trkpt>
   <trkpt lat="45.917120000000004" lon="6.847230000000001">
    <ele>1189.3400000000001</ele>
   </trkpt>
   <trkpt lat="45.91723" lon="6.847370000000001">
    <ele>1189.94</ele>
   </trkpt>
   <trkpt lat="45.91731" lon="6.847440000000001">
    <ele>1190.7800000000002</ele>
   </trkpt>
   <trkpt lat="45.91738" lon="6.84747">
    <ele>1191.99</ele>
   </trkpt>
   <trkpt lat="45.91756" lon="6.8474900000000005">
    <ele>1194.76</ele>
   </trkpt>
   <trkpt lat="45.917640000000006" lon="6.84757">
    <ele>1196.22</ele>
   </trkpt>
   <trkpt lat="45.917680000000004" lon="6.84768">
    <ele>1198.52</ele>
   </trkpt>
   <trkpt lat="45.917730000000006" lon="6.84818">
    <ele>1203.72</ele>
   </trkpt>
   <trkpt lat="45.917790000000004" lon="6.848280000000001">
    <ele>1204.25</ele>
   </trkpt>
   <trkpt lat="45.917840000000005" lon="6.848260000000001">
    <ele>1205.64</ele>
   </trkpt>
   <trkpt lat="45.91799" lon="6.84808">
    <ele>1207.71</ele>
   </trkpt>
   <trkpt lat="45.918060000000004" lon="6.84806">
    <ele>1208.21</ele>
   </trkpt>
   <trkpt lat="45.91809000000001" lon="6.848070000000001">
    <ele>1208.68</ele>
   </trkpt>
   <trkpt lat="45.91819" lon="6.8482400000000005">
    <ele>1209.8300000000002</ele>
   </trkpt>
   <trkpt lat="45.91823" lon="6.848380000000001">
    <ele>1210.3700000000001</ele>
   </trkpt>
   <trkpt lat="45.918260000000004" lon="6.848580000000001">
    <ele>1210.2700000000002</ele>
   </trkpt>
   <trkpt lat="45.918310000000005" lon="6.84872">
    <ele>1210.15</ele>
   </trkpt>
   <trkpt lat="45.918310000000005" lon="6.84881">
    <ele>1209.67</ele>
   </trkpt>
   <trkpt lat="45.91839" lon="6.849100000000001">
    <ele>1209.7300000000002</ele>
   </trkpt>
   <trkpt lat="45.918600000000005" lon="6.849380000000001">
    <ele>1213.89</ele>
   </trkpt>
   <trkpt lat="45.918890000000005" lon="6.849640000000001">
    <ele>1219.96</ele>
   </trkpt>
   <trkpt lat="45.91903000000001" lon="6.8499300000000005">
    <ele>1223.54</ele>
   </trkpt>
   <trkpt lat="45.91913" lon="6.85003">
    <ele>1224.58</ele>
   </trkpt>
   <trkpt lat="45.91924" lon="6.8501">
    <ele>1224.85</ele>
   </trkpt>
   <trkpt lat="45.919500000000006" lon="6.850210000000001">
    <ele>1223.6299999999999</ele>
   </trkpt>
   <trkpt lat="45.91964" lon="6.85022">
    <ele>1223.0</ele>
   </trkpt>
   <trkpt lat="45.91969" lon="6.85024">
    <ele>1223.2200000000003</ele>
   </trkpt>
   <trkpt lat="45.91978" lon="6.850350000000001">
    <ele>1223.9</ele>
   </trkpt>
   <trkpt lat="45.920320000000004" lon="6.850700000000001">
    <ele>1227.03</ele>
   </trkpt>
   <trkpt lat="45.920570000000005" lon="6.850840000000001">
    <ele>1227.5</ele>
   </trkpt>
   <trkpt lat="45.920790000000004" lon="6.851050000000001">
    <ele>1227.95</ele>
   </trkpt>
   <trkpt lat="45.92121" lon="6.8513">
    <ele>1229.91</ele>
   </trkpt>
   <trkpt lat="45.9213" lon="6.85139">
    <ele>1229.93</ele>
   </trkpt>
   <trkpt lat="45.921400000000006" lon="6.85139">
    <ele>1229.7</ele>
   </trkpt>
   <trkpt lat="45.92156000000001" lon="6.85123">
    <ele>1229.5900000000001</ele>
   </trkpt>
   <trkpt lat="45.921640000000004" lon="6.85118">
    <ele>1229.67</ele>
   </trkpt>
   <trkpt lat="45.921670000000006" lon="6.85118">
    <ele>1229.67</ele>
   </trkpt>
   <trkpt lat="45.92175" lon="6.85139">
    <ele>1229.09</ele>
   </trkpt>
   <trkpt lat="45.921850000000006" lon="6.851560000000001">
    <ele>1227.75</ele>
   </trkpt>
   <trkpt lat="45.92202" lon="6.851920000000001">
    <ele>1230.6100000000001</ele>
   </trkpt>
   <trkpt lat="45.922160000000005" lon="6.85207">
    <ele>1232.07</ele>
   </trkpt>
   <trkpt lat="45.92213" lon="6.85188">
    <ele>1234.67</ele>
   </trkpt>
   <trkpt lat="45.92201" lon="6.8516200000000005">
    <ele>1239.53</ele>
   </trkpt>
   <trkpt lat="45.92203000000001" lon="6.851380000000001">
    <ele>1241.0400000000002</ele>
   </trkpt>
   <trkpt lat="45.922000000000004" lon="6.85125">
    <ele>1243.78</ele>
   </trkpt>
   <trkpt lat="45.921850000000006" lon="6.850980000000001">
    <ele>1248.34</ele>
   </trkpt>
   <trkpt lat="45.921850000000006" lon="6.85069">
    <ele>1250.8799999999999</ele>
   </trkpt>
   <trkpt lat="45.92183000000001" lon="6.850630000000001">
    <ele>1251.51</ele>
   </trkpt>
   <trkpt lat="45.92181" lon="6.8506100000000005">
    <ele>1285.3100000000002</ele>
   </trkpt>
   <trkpt lat="45.92156000000001" lon="6.850840000000001">
    <ele>1265.23</ele>
   </trkpt>
   <trkpt lat="45.92127000000001" lon="6.850810000000001">
    <ele>1255.83</ele>
   </trkpt>
   <trkpt lat="45.92083000098327" lon="6.850329996169954">
    <ele>1269.24</ele>
   </trkpt>
   <trkpt lat="45.920390000000005" lon="6.849850000000001">
    <ele>1282.97</ele>
   </trkpt>
   <trkpt lat="45.92045" lon="6.84949">
    <ele>1302.2900000000002</ele>
   </trkpt>
   <trkpt lat="45.92034" lon="6.849120000000001">
    <ele>1315.5700000000002</ele>
   </trkpt>
   <trkpt lat="45.920550000000006" lon="6.849200000000001">
    <ele>1318.4900000000002</ele>
   </trkpt>
   <trkpt lat="45.92067" lon="6.8493900000000005">
    <ele>1313.32</ele>
   </trkpt>
   <trkpt lat="45.92074" lon="6.8492500000000005">
    <ele>1322.9</ele>
   </trkpt>
   <trkpt lat="45.92096" lon="6.8495800000000004">
    <ele>1310.39</ele>
   </trkpt>
   <trkpt lat="45.921380000000006" lon="6.8497200000000005">
    <ele>1309.86</ele>
   </trkpt>
   <trkpt lat="45.921110000000006" lon="6.84914">
    <ele>1338.17</ele>
   </trkpt>
   <trkpt lat="45.921150000000004" lon="6.848770000000001">
    <ele>1360.91</ele>
   </trkpt>
   <trkpt lat="45.92083" lon="6.8485700000000005">
    <ele>1368.93</ele>
   </trkpt>
   <trkpt lat="45.92056" lon="6.84808">
    <ele>1387.01</ele>
   </trkpt>
   <trkpt lat="45.920170000000006" lon="6.847860000000001">
    <ele>1380.3</ele>
   </trkpt>
   <trkpt lat="45.92003000194059" lon="6.8471849980729775">
    <ele>1399.13</ele>
   </trkpt>
   <trkpt lat="45.91989" lon="6.84651">
    <ele>1409.1100000000001</ele>
   </trkpt>
   <trkpt lat="45.92049" lon="6.847200000000001">
    <ele>1420.05</ele>
   </trkpt>
   <trkpt lat="45.920970000000004" lon="6.8470200000000006">
    <ele>1444.39</ele>
   </trkpt>
   <trkpt lat="45.92121" lon="6.84724">
    <ele>1443.3700000000001</ele>
   </trkpt>
   <trkpt lat="45.92178999996083" lon="6.847244999947392">
    <ele>1439.66</ele>
   </trkpt>
   <trkpt lat="45.92237" lon="6.847250000000001">
    <ele>1434.16</ele>
   </trkpt>
   <trkpt lat="45.921935001296625" lon="6.846699995659147">
    <ele>1463.38</ele>
   </trkpt>
   <trkpt lat="45.9215" lon="6.846150000000001">
    <ele>1487.41</ele>
   </trkpt>
   <trkpt lat="45.92123" lon="6.84578">
    <ele>1490.39</ele>
   </trkpt>
   <trkpt lat="45.92116" lon="6.8448400000000005">
    <ele>1512.6200000000001</ele>
   </trkpt>
   <trkpt lat="45.92099" lon="6.843660000000001">
    <ele>1533.16</ele>
   </trkpt>
   <trkpt lat="45.920550000000006" lon="6.84259">
    <ele>1529.3000000000002</ele>
   </trkpt>
   <trkpt lat="45.9206900034062" lon="6.841705002293236">
    <ele>1556.93</ele>
   </trkpt>
   <trkpt lat="45.92083" lon="6.840820000000001">
    <ele>1588.89</ele>
   </trkpt>
   <trkpt lat="45.920190000000005" lon="6.84027">
    <ele>1578.24</ele>
   </trkpt>
   <trkpt lat="45.92029" lon="6.839670000000001">
    <ele>1595.3400000000001</ele>
   </trkpt>
   <trkpt lat="45.92079000012246" lon="6.839859998274476">
    <ele>1611.6000000000001</ele>
   </trkpt>
   <trkpt lat="45.921290000000006" lon="6.840050000000001">
    <ele>1633.6000000000001</ele>
   </trkpt>
   <trkpt lat="45.921060000000004" lon="6.839480000000001">
    <ele>1641.0300000000002</ele>
   </trkpt>
   <trkpt lat="45.921620000000004" lon="6.839740000000001">
    <ele>1663.25</ele>
   </trkpt>
   <trkpt lat="45.921330001715994" lon="6.839119996843963">
    <ele>1671.52</ele>
   </trkpt>
   <trkpt lat="45.921040000000005" lon="6.838500000000001">
    <ele>1685.46</ele>
   </trkpt>
   <trkpt lat="45.921310000000005" lon="6.838480000000001">
    <ele>1699.1</ele>
   </trkpt>
   <trkpt lat="45.921020000000006" lon="6.838050000000001">
    <ele>1701.8200000000002</ele>
   </trkpt>
   <trkpt lat="45.921400000000006" lon="6.83811">
    <ele>1718.8200000000002</ele>
   </trkpt>
   <trkpt lat="45.92096" lon="6.837140000000001">
    <ele>1738.5700000000002</ele>
   </trkpt>
   <trkpt lat="45.92123" lon="6.83727">
    <ele>1743.0900000000001</ele>
   </trkpt>
   <trkpt lat="45.92069500217615" lon="6.836574993388906">
    <ele>1753.47</ele>
   </trkpt>
   <trkpt lat="45.92016" lon="6.83588">
    <ele>1772.2000000000003</ele>
   </trkpt>
   <trkpt lat="45.92018" lon="6.83586">
    <ele>1753.0700000000002</ele>
   </trkpt>
   <trkpt lat="45.92024000000001" lon="6.83591">
    <ele>1755.03</ele>
   </trkpt>
   <trkpt lat="45.9204" lon="6.83595">
    <ele>1759.3400000000001</ele>
   </trkpt>
   <trkpt lat="45.92042000000001" lon="6.83591">
    <ele>1759.3400000000001</ele>
   </trkpt>
   <trkpt lat="45.920280000000005" lon="6.835780000000001">
    <ele>1764.82</ele>
   </trkpt>
   <trkpt lat="45.92027" lon="6.835750000000001">
    <ele>1764.82</ele>
   </trkpt>
   <trkpt lat="45.920280000000005" lon="6.83574">
    <ele>1783.3500000000001</ele>
   </trkpt>
   <trkpt lat="45.92056" lon="6.835850000000001">
    <ele>1790.25</ele>
   </trkpt>
   <trkpt lat="45.920570000000005" lon="6.835700000000001">
    <ele>1790.25</ele>
   </trkpt>
   <trkpt lat="45.92076" lon="6.8356200000000005">
    <ele>1806.9100000000003</ele>
   </trkpt>
   <trkpt lat="45.920660000000005" lon="6.835590000000001">
    <ele>1806.3700000000001</ele>
   </trkpt>
   <trkpt lat="45.92071000000001" lon="6.8354800000000004">
    <ele>1813.1000000000001</ele>
   </trkpt>
   <trkpt lat="45.92089000000001" lon="6.835400000000001">
    <ele>1824.71</ele>
   </trkpt>
   <trkpt lat="45.92080000000001" lon="6.83532">
    <ele>1825.39</ele>
   </trkpt>
   <trkpt lat="45.920700000000004" lon="6.835280000000001">
    <ele>1822.8500000000001</ele>
   </trkpt>
   <trkpt lat="45.9206" lon="6.835280000000001">
    <ele>1819.1800000000003</ele>
   </trkpt>
   <trkpt lat="45.92069" lon="6.835240000000001">
    <ele>1824.98</ele>
   </trkpt>
   <trkpt lat="45.92081" lon="6.83523">
    <ele>1829.71</ele>
   </trkpt>
   <trkpt lat="45.92074" lon="6.83513">
    <ele>1831.6000000000001</ele>
   </trkpt>
   <trkpt lat="45.92065" lon="6.8350800000000005">
    <ele>1832.7700000000002</ele>
   </trkpt>
   <trkpt lat="45.920730000000006" lon="6.835020000000001">
    <ele>1837.3000000000002</ele>
   </trkpt>
   <trkpt lat="45.920680000000004" lon="6.834890000000001">
    <ele>1842.6100000000001</ele>
   </trkpt>
   <trkpt lat="45.92078" lon="6.83492">
    <ele>1844.14</ele>
   </trkpt>
   <trkpt lat="45.92072" lon="6.8348">
    <ele>1847.8500000000001</ele>
   </trkpt>
   <trkpt lat="45.92067" lon="6.83455">
    <ele>1860.0800000000002</ele>
   </trkpt>
   <trkpt lat="45.920770000000005" lon="6.83457">
    <ele>1862.8300000000002</ele>
   </trkpt>
   <trkpt lat="45.920770000000005" lon="6.834440000000001">
    <ele>1872.75</ele>
   </trkpt>
   <trkpt lat="45.92069" lon="6.834350000000001">
    <ele>1873.3400000000001</ele>
   </trkpt>
   <trkpt lat="45.92078" lon="6.834340000000001">
    <ele>1877.5000000000002</ele>
   </trkpt>
   <trkpt lat="45.92085" lon="6.83445">
    <ele>1873.6500000000003</ele>
   </trkpt>
   <trkpt lat="45.920930000000006" lon="6.834530000000001">
    <ele>1872.96</ele>
   </trkpt>
   <trkpt lat="45.92121" lon="6.834740000000001">
    <ele>1875.8400000000001</ele>
   </trkpt>
   <trkpt lat="45.92121" lon="6.834600000000001">
    <ele>1884.18</ele>
   </trkpt>
   <trkpt lat="45.921130000000005" lon="6.8345">
    <ele>1886.17</ele>
   </trkpt>
   <trkpt lat="45.92118000000001" lon="6.834390000000001">
    <ele>1895.52</ele>
   </trkpt>
   <trkpt lat="45.92103" lon="6.834230000000001">
    <ele>1894.2</ele>
   </trkpt>
   <trkpt lat="45.92099" lon="6.833970000000001">
    <ele>1906.1200000000001</ele>
   </trkpt>
   <trkpt lat="45.920950000000005" lon="6.83384">
    <ele>1910.19</ele>
   </trkpt>
   <trkpt lat="45.921040000000005" lon="6.83389">
    <ele>1913.18</ele>
   </trkpt>
   <trkpt lat="45.921020000000006" lon="6.83375">
    <ele>1919.1000000000001</ele>
   </trkpt>
   <trkpt lat="45.920950000000005" lon="6.83351">
    <ele>1925.3000000000002</ele>
   </trkpt>
   <trkpt lat="45.921040000000005" lon="6.833550000000001">
    <ele>1928.2700000000002</ele>
   </trkpt>
   <trkpt lat="45.92100000000001" lon="6.833410000000001">
    <ele>1933.16</ele>
   </trkpt>
   <trkpt lat="45.9211" lon="6.833430000000001">
    <ele>1938.02</ele>
   </trkpt>
   <trkpt lat="45.92099" lon="6.833030000000001">
    <ele>1946.92</ele>
   </trkpt>
   <trkpt lat="45.92107" lon="6.833120000000001">
    <ele>1948.38</ele>
   </trkpt>
   <trkpt lat="45.921060000000004" lon="6.832980000000001">
    <ele>1952.7200000000003</ele>
   </trkpt>
   <trkpt lat="45.92109000000001" lon="6.83307">
    <ele>1951.3700000000001</ele>
   </trkpt>
   <trkpt lat="45.92125" lon="6.833270000000001">
    <ele>1940.1800000000003</ele>
   </trkpt>
   <trkpt lat="45.92134" lon="6.83333">
    <ele>1943.96</ele>
   </trkpt>
   <trkpt lat="45.92136000000001" lon="6.8333">
    <ele>1943.96</ele>
   </trkpt>
   <trkpt lat="45.9213" lon="6.8332500000000005">
    <ele>1943.96</ele>
   </trkpt>
   <trkpt lat="45.921290000000006" lon="6.8331800000000005">
    <ele>1943.96</ele>
   </trkpt>
   <trkpt lat="45.92121" lon="6.8330400000000004">
    <ele>1946.8200000000002</ele>
   </trkpt>
   <trkpt lat="45.92121" lon="6.83293">
    <ele>1947.6200000000001</ele>
   </trkpt>
   <trkpt lat="45.921240000000004" lon="6.832990000000001">
    <ele>1949.3700000000001</ele>
   </trkpt>
   <trkpt lat="45.921290000000006" lon="6.833030000000001">
    <ele>1949.3700000000001</ele>
   </trkpt>
   <trkpt lat="45.921330000000005" lon="6.83302">
    <ele>1951.2300000000002</ele>
   </trkpt>
   <trkpt lat="45.92132" lon="6.832980000000001">
    <ele>1951.2300000000002</ele>
   </trkpt>
   <trkpt lat="45.921260000000004" lon="6.832890000000001">
    <ele>1953.19</ele>
   </trkpt>
   <trkpt lat="45.92128" lon="6.83286">
    <ele>1953.19</ele>
   </trkpt>
   <trkpt lat="45.92139" lon="6.83295">
    <ele>1957.42</ele>
   </trkpt>
   <trkpt lat="45.921400000000006" lon="6.833">
    <ele>1958.4</ele>
   </trkpt>
   <trkpt lat="45.9215" lon="6.833060000000001">
    <ele>1960.15</ele>
   </trkpt>
   <trkpt lat="45.92154" lon="6.833240000000001">
    <ele>1961.6700000000003</ele>
   </trkpt>
   <trkpt lat="45.92157" lon="6.83328">
    <ele>1963.7600000000002</ele>
   </trkpt>
   <trkpt lat="45.92161" lon="6.833260000000001">
    <ele>1963.7600000000002</ele>
   </trkpt>
   <trkpt lat="45.921580000000006" lon="6.8330400000000004">
    <ele>1966.16</ele>
   </trkpt>
   <trkpt lat="45.92154" lon="6.832960000000001">
    <ele>1967.64</ele>
   </trkpt>
   <trkpt lat="45.92146" lon="6.832870000000001">
    <ele>1968.9600000000003</ele>
   </trkpt>
   <trkpt lat="45.92146" lon="6.83283">
    <ele>1969.66</ele>
   </trkpt>
   <trkpt lat="45.921640000000004" lon="6.83293">
    <ele>1971.89</ele>
   </trkpt>
   <trkpt lat="45.921670000000006" lon="6.833030000000001">
    <ele>1974.08</ele>
   </trkpt>
   <trkpt lat="45.921730000000004" lon="6.833060000000001">
    <ele>1975.5900000000001</ele>
   </trkpt>
   <trkpt lat="45.92193" lon="6.83309">
    <ele>1978.3100000000002</ele>
   </trkpt>
   <trkpt lat="45.92204" lon="6.833130000000001">
    <ele>1979.92</ele>
   </trkpt>
   <trkpt lat="45.92206" lon="6.833120000000001">
    <ele>1980.8200000000002</ele>
   </trkpt>
   <trkpt lat="45.92208" lon="6.833080000000001">
    <ele>1980.8200000000002</ele>
   </trkpt>
   <trkpt lat="45.92195" lon="6.832980000000001">
    <ele>1984.6200000000001</ele>
   </trkpt>
   <trkpt lat="45.921910000000004" lon="6.83288">
    <ele>1986.19</ele>
   </trkpt>
   <trkpt lat="45.92184" lon="6.832820000000001">
    <ele>1987.57</ele>
   </trkpt>
   <trkpt lat="45.92179" lon="6.83267">
    <ele>1987.57</ele>
   </trkpt>
   <trkpt lat="45.921690000000005" lon="6.83253">
    <ele>1991.4300000000003</ele>
   </trkpt>
   <trkpt lat="45.92168" lon="6.83248">
    <ele>1991.4300000000003</ele>
   </trkpt>
   <trkpt lat="45.921690000000005" lon="6.832470000000001">
    <ele>1991.4300000000003</ele>
   </trkpt>
   <trkpt lat="45.921800000000005" lon="6.8325000000000005">
    <ele>1992.79</ele>
   </trkpt>
   <trkpt lat="45.92192000000001" lon="6.832590000000001">
    <ele>1997.1000000000001</ele>
   </trkpt>
   <trkpt lat="45.9221" lon="6.832660000000001">
    <ele>1997.1000000000001</ele>
   </trkpt>
   <trkpt lat="45.922140000000006" lon="6.832650000000001">
    <ele>2000.07</ele>
   </trkpt>
   <trkpt lat="45.922140000000006" lon="6.832610000000001">
    <ele>2000.07</ele>
   </trkpt>
   <trkpt lat="45.92206" lon="6.8325700000000005">
    <ele>2000.07</ele>
   </trkpt>
   <trkpt lat="45.922000000000004" lon="6.832450000000001">
    <ele>2002.3300000000002</ele>
   </trkpt>
   <trkpt lat="45.92193" lon="6.83239">
    <ele>2003.7600000000002</ele>
   </trkpt>
   <trkpt lat="45.9219" lon="6.83232">
    <ele>2003.7600000000002</ele>
   </trkpt>
   <trkpt lat="45.921760000000006" lon="6.83222">
    <ele>2007.1700000000003</ele>
   </trkpt>
   <trkpt lat="45.92175" lon="6.832140000000001">
    <ele>2007.81</ele>
   </trkpt>
   <trkpt lat="45.92192000000001" lon="6.832230000000001">
    <ele>2010.1599999999999</ele>
   </trkpt>
   <trkpt lat="45.92208" lon="6.8322400000000005">
    <ele>2013.7500000000002</ele>
   </trkpt>
   <trkpt lat="45.92211" lon="6.83227">
    <ele>2013.7500000000002</ele>
   </trkpt>
   <trkpt lat="45.92226" lon="6.83229">
    <ele>2016.0400000000002</ele>
   </trkpt>
   <trkpt lat="45.92233" lon="6.83236">
    <ele>2019.1799999999998</ele>
   </trkpt>
   <trkpt lat="45.92244" lon="6.832370000000001">
    <ele>2019.1799999999998</ele>
   </trkpt>
   <trkpt lat="45.92244" lon="6.832330000000001">
    <ele>2019.1799999999998</ele>
   </trkpt>
   <trkpt lat="45.9224" lon="6.8323100000000005">
    <ele>2021.64</ele>
   </trkpt>
   <trkpt lat="45.922270000000005" lon="6.83206">
    <ele>2023.3899999999999</ele>
   </trkpt>
   <trkpt lat="45.922180000000004" lon="6.8320300000000005">
    <ele>2027.14</ele>
   </trkpt>
   <trkpt lat="45.922180000000004" lon="6.83201">
    <ele>2027.14</ele>
   </trkpt>
   <trkpt lat="45.92237" lon="6.831970000000001">
    <ele>2031.3000000000002</ele>
   </trkpt>
   <trkpt lat="45.9224" lon="6.831950000000001">
    <ele>2031.3000000000002</ele>
   </trkpt>
   <trkpt lat="45.9224" lon="6.831910000000001">
    <ele>2032.21</ele>
   </trkpt>
   <trkpt lat="45.922090000000004" lon="6.831740000000001">
    <ele>2038.79</ele>
   </trkpt>
   <trkpt lat="45.922090000000004" lon="6.83171">
    <ele>2038.79</ele>
   </trkpt>
   <trkpt lat="45.92215" lon="6.83171">
    <ele>2038.79</ele>
   </trkpt>
   <trkpt lat="45.922160000000005" lon="6.83168">
    <ele>2042.6299999999999</ele>
   </trkpt>
   <trkpt lat="45.922070000000005" lon="6.83164">
    <ele>2042.6299999999999</ele>
   </trkpt>
   <trkpt lat="45.92193" lon="6.831620000000001">
    <ele>2042.6299999999999</ele>
   </trkpt>
   <trkpt lat="45.92193" lon="6.83157">
    <ele>2047.3600000000004</ele>
   </trkpt>
   <trkpt lat="45.92212000000001" lon="6.83152">
    <ele>2049.92</ele>
   </trkpt>
   <trkpt lat="45.922180000000004" lon="6.83154">
    <ele>2049.92</ele>
   </trkpt>
   <trkpt lat="45.92219" lon="6.831510000000001">
    <ele>2049.92</ele>
   </trkpt>
   <trkpt lat="45.92203000000001" lon="6.831390000000001">
    <ele>2053.56</ele>
   </trkpt>
   <trkpt lat="45.92188" lon="6.831370000000001">
    <ele>2056.65</ele>
   </trkpt>
   <trkpt lat="45.921800000000005" lon="6.83133">
    <ele>2057.3</ele>
   </trkpt>
   <trkpt lat="45.921730000000004" lon="6.831270000000001">
    <ele>2059.1400000000003</ele>
   </trkpt>
   <trkpt lat="45.9217" lon="6.831220000000001">
    <ele>2059.79</ele>
   </trkpt>
   <trkpt lat="45.921640000000004" lon="6.831180000000001">
    <ele>2061.1800000000003</ele>
   </trkpt>
   <trkpt lat="45.92163" lon="6.83112">
    <ele>2061.1800000000003</ele>
   </trkpt>
   <trkpt lat="45.92165000000001" lon="6.83112">
    <ele>2061.1800000000003</ele>
   </trkpt>
   <trkpt lat="45.921730000000004" lon="6.831180000000001">
    <ele>2063.36</ele>
   </trkpt>
   <trkpt lat="45.92184" lon="6.83117">
    <ele>2064.9300000000003</ele>
   </trkpt>
   <trkpt lat="45.92199" lon="6.83112">
    <ele>2069.0099999999998</ele>
   </trkpt>
   <trkpt lat="45.922000000000004" lon="6.8310900000000006">
    <ele>2069.0099999999998</ele>
   </trkpt>
   <trkpt lat="45.92199" lon="6.83107">
    <ele>2069.0099999999998</ele>
   </trkpt>
   <trkpt lat="45.921870000000006" lon="6.83105">
    <ele>2072.42</ele>
   </trkpt>
   <trkpt lat="45.921800000000005" lon="6.8310200000000005">
    <ele>2072.42</ele>
   </trkpt>
   <trkpt lat="45.92174000000001" lon="6.830970000000001">
    <ele>2074.02</ele>
   </trkpt>
   <trkpt lat="45.921730000000004" lon="6.83093">
    <ele>2074.02</ele>
   </trkpt>
   <trkpt lat="45.92199" lon="6.830850000000001">
    <ele>2077.9700000000003</ele>
   </trkpt>
   <trkpt lat="45.922090000000004" lon="6.830800000000001">
    <ele>2081.7300000000005</ele>
   </trkpt>
   <trkpt lat="45.922230000000006" lon="6.830820000000001">
    <ele>2084.23</ele>
   </trkpt>
   <trkpt lat="45.922380000000004" lon="6.83089">
    <ele>2088.0400000000004</ele>
   </trkpt>
   <trkpt lat="45.92224" lon="6.8306700000000005">
    <ele>2091.0200000000004</ele>
   </trkpt>
   <trkpt lat="45.92212000000001" lon="6.830550000000001">
    <ele>2092.47</ele>
   </trkpt>
   <trkpt lat="45.922090000000004" lon="6.830500000000001">
    <ele>2092.47</ele>
   </trkpt>
   <trkpt lat="45.921940000000006" lon="6.83042">
    <ele>2096.61</ele>
   </trkpt>
   <trkpt lat="45.92186" lon="6.83042">
    <ele>2096.61</ele>
   </trkpt>
   <trkpt lat="45.92183000000001" lon="6.83037">
    <ele>2097.35</ele>
   </trkpt>
   <trkpt lat="45.92184" lon="6.8303400000000005">
    <ele>2098.92</ele>
   </trkpt>
   <trkpt lat="45.9219" lon="6.8303400000000005">
    <ele>2098.92</ele>
   </trkpt>
   <trkpt lat="45.921940000000006" lon="6.83032">
    <ele>2098.92</ele>
   </trkpt>
   <trkpt lat="45.92195" lon="6.830290000000001">
    <ele>2101.4300000000003</ele>
   </trkpt>
   <trkpt lat="45.921940000000006" lon="6.8302700000000005">
    <ele>2101.4300000000003</ele>
   </trkpt>
   <trkpt lat="45.921820000000004" lon="6.83025">
    <ele>2104.06</ele>
   </trkpt>
   <trkpt lat="45.921820000000004" lon="6.830220000000001">
    <ele>2104.06</ele>
   </trkpt>
   <trkpt lat="45.9219" lon="6.830210000000001">
    <ele>2104.06</ele>
   </trkpt>
   <trkpt lat="45.92193" lon="6.83018">
    <ele>2104.06</ele>
   </trkpt>
   <trkpt lat="45.92192000000001" lon="6.83016">
    <ele>2107.8</ele>
   </trkpt>
   <trkpt lat="45.92184" lon="6.8301300000000005">
    <ele>2107.8</ele>
   </trkpt>
   <trkpt lat="45.92179" lon="6.830000000000001">
    <ele>2109.77</ele>
   </trkpt>
   <trkpt lat="45.92175" lon="6.82997">
    <ele>2111.84</ele>
   </trkpt>
   <trkpt lat="45.92165000000001" lon="6.829610000000001">
    <ele>2117.15</ele>
   </trkpt>
   <trkpt lat="45.92168" lon="6.829610000000001">
    <ele>2117.15</ele>
   </trkpt>
   <trkpt lat="45.921730000000004" lon="6.829680000000001">
    <ele>2120.01</ele>
   </trkpt>
   <trkpt lat="45.921760000000006" lon="6.82969">
    <ele>2120.01</ele>
   </trkpt>
   <trkpt lat="45.92177" lon="6.82967">
    <ele>2121.0</ele>
   </trkpt>
   <trkpt lat="45.921730000000004" lon="6.829630000000001">
    <ele>2122.04</ele>
   </trkpt>
   <trkpt lat="45.921730000000004" lon="6.8295900000000005">
    <ele>2122.04</ele>
   </trkpt>
   <trkpt lat="45.921780000000005" lon="6.829650000000001">
    <ele>2122.04</ele>
   </trkpt>
   <trkpt lat="45.921890000000005" lon="6.82943">
    <ele>2133.4500000000003</ele>
   </trkpt>
   <trkpt lat="45.92195" lon="6.82915">
    <ele>2137.11</ele>
   </trkpt>
   <trkpt lat="45.921980000000005" lon="6.82929">
    <ele>2139.0299999999997</ele>
   </trkpt>
   <trkpt lat="45.921980000000005" lon="6.82943">
    <ele>2138.6600000000003</ele>
   </trkpt>
   <trkpt lat="45.922070000000005" lon="6.82936">
    <ele>2143.2000000000003</ele>
   </trkpt>
   <trkpt lat="45.922160000000005" lon="6.82934">
    <ele>2146.86</ele>
   </trkpt>
   <trkpt lat="45.922270000000005" lon="6.82934">
    <ele>2151.6600000000003</ele>
   </trkpt>
   <trkpt lat="45.92242" lon="6.8292">
    <ele>2155.57</ele>
   </trkpt>
   <trkpt lat="45.922520000000006" lon="6.82922">
    <ele>2159.06</ele>
   </trkpt>
   <trkpt lat="45.92249" lon="6.829350000000001">
    <ele>2158.2700000000004</ele>
   </trkpt>
   <trkpt lat="45.92271" lon="6.82936">
    <ele>2167.4</ele>
   </trkpt>
   <trkpt lat="45.9228" lon="6.82931">
    <ele>2171.6300000000006</ele>
   </trkpt>
   <trkpt lat="45.92287" lon="6.8292">
    <ele>2173.9700000000003</ele>
   </trkpt>
   <trkpt lat="45.92293" lon="6.828920000000001">
    <ele>2175.5600000000004</ele>
   </trkpt>
   <trkpt lat="45.92302" lon="6.8288400000000005">
    <ele>2179.03</ele>
   </trkpt>
   <trkpt lat="45.92311" lon="6.82887">
    <ele>2183.64</ele>
   </trkpt>
   <trkpt lat="45.923280000000005" lon="6.8288400000000005">
    <ele>2190.49</ele>
   </trkpt>
   <trkpt lat="45.92329" lon="6.828920000000001">
    <ele>2183.84</ele>
   </trkpt>
   <trkpt lat="45.923320000000004" lon="6.828920000000001">
    <ele>2183.84</ele>
   </trkpt>
   <trkpt lat="45.92333000000001" lon="6.8288400000000005">
    <ele>2185.29</ele>
   </trkpt>
   <trkpt lat="45.923410000000004" lon="6.82875">
    <ele>2186.63</ele>
   </trkpt>
   <trkpt lat="45.92354" lon="6.828500000000001">
    <ele>2191.16</ele>
   </trkpt>
   <trkpt lat="45.92354" lon="6.828460000000001">
    <ele>2191.16</ele>
   </trkpt>
   <trkpt lat="45.92347" lon="6.828410000000001">
    <ele>2191.16</ele>
   </trkpt>
   <trkpt lat="45.9234" lon="6.828290000000001">
    <ele>2192.55</ele>
   </trkpt>
   <trkpt lat="45.9234" lon="6.828250000000001">
    <ele>2193.07</ele>
   </trkpt>
   <trkpt lat="45.92371000000001" lon="6.828390000000001">
    <ele>2198.37</ele>
   </trkpt>
   <trkpt lat="45.923970000000004" lon="6.828460000000001">
    <ele>2205.48</ele>
   </trkpt>
   <trkpt lat="45.9241" lon="6.82856">
    <ele>2205.48</ele>
   </trkpt>
   <trkpt lat="45.924240000000005" lon="6.828620000000001">
    <ele>2209.01</ele>
   </trkpt>
   <trkpt lat="45.92432" lon="6.828720000000001">
    <ele>2209.65</ele>
   </trkpt>
   <trkpt lat="45.924310000000006" lon="6.828780000000001">
    <ele>2210.8500000000004</ele>
   </trkpt>
   <trkpt lat="45.923880000000004" lon="6.829070000000001">
    <ele>2216.53</ele>
   </trkpt>
   <trkpt lat="45.92380000000001" lon="6.82934">
    <ele>2220.0800000000004</ele>
   </trkpt>
   <trkpt lat="45.923820000000006" lon="6.829490000000001">
    <ele>2220.87</ele>
   </trkpt>
   <trkpt lat="45.92385" lon="6.8295">
    <ele>2223.3900000000003</ele>
   </trkpt>
   <trkpt lat="45.92387" lon="6.829420000000001">
    <ele>2223.3900000000003</ele>
   </trkpt>
   <trkpt lat="45.92391000000001" lon="6.82936">
    <ele>2224.9</ele>
   </trkpt>
   <trkpt lat="45.924020000000006" lon="6.829320000000001">
    <ele>2226.21</ele>
   </trkpt>
   <trkpt lat="45.92409000000001" lon="6.82924">
    <ele>2228.1</ele>
   </trkpt>
   <trkpt lat="45.924170000000004" lon="6.82922">
    <ele>2228.1</ele>
   </trkpt>
   <trkpt lat="45.92447000000001" lon="6.82922">
    <ele>2233.67</ele>
   </trkpt>
   <trkpt lat="45.92479" lon="6.829300000000001">
    <ele>2243.9300000000003</ele>
   </trkpt>
   <trkpt lat="45.92483000000001" lon="6.82917">
    <ele>2243.9300000000003</ele>
   </trkpt>
   <trkpt lat="45.92486" lon="6.829300000000001">
    <ele>2243.9300000000003</ele>
   </trkpt>
   <trkpt lat="45.92493" lon="6.829460000000001">
    <ele>2248.93</ele>
   </trkpt>
   <trkpt lat="45.925050000000006" lon="6.82964">
    <ele>2251.56</ele>
   </trkpt>
   <trkpt lat="45.925180000000005" lon="6.829680000000001">
    <ele>2253.78</ele>
   </trkpt>
   <trkpt lat="45.925270000000005" lon="6.829750000000001">
    <ele>2253.78</ele>
   </trkpt>
   <trkpt lat="45.925140000000006" lon="6.82976">
    <ele>2258.44</ele>
   </trkpt>
   <trkpt lat="45.925090000000004" lon="6.82978">
    <ele>2258.44</ele>
   </trkpt>
   <trkpt lat="45.92508" lon="6.82981">
    <ele>2258.44</ele>
   </trkpt>
   <trkpt lat="45.925140000000006" lon="6.829860000000001">
    <ele>2259.0600000000004</ele>
   </trkpt>
   <trkpt lat="45.92515" lon="6.8299">
    <ele>2259.63</ele>
   </trkpt>
   <trkpt lat="45.925110000000004" lon="6.830190000000001">
    <ele>2261.4900000000002</ele>
   </trkpt>
   <trkpt lat="45.92506" lon="6.830310000000001">
    <ele>2261.9200000000005</ele>
   </trkpt>
   <trkpt lat="45.925050000000006" lon="6.830400000000001">
    <ele>2262.2200000000003</ele>
   </trkpt>
   <trkpt lat="45.924980000000005" lon="6.830610000000001">
    <ele>2262.53</ele>
   </trkpt>
   <trkpt lat="45.92502" lon="6.830780000000001">
    <ele>2263.08</ele>
   </trkpt>
   <trkpt lat="45.92501" lon="6.830920000000001">
    <ele>2263.85</ele>
   </trkpt>
   <trkpt lat="45.92502" lon="6.830990000000001">
    <ele>2264.79</ele>
   </trkpt>
   <trkpt lat="45.92512000000001" lon="6.831270000000001">
    <ele>2266.17</ele>
   </trkpt>
   <trkpt lat="45.92512000000001" lon="6.831340000000001">
    <ele>2266.3900000000003</ele>
   </trkpt>
   <trkpt lat="45.92533" lon="6.8318">
    <ele>2267.28</ele>
   </trkpt>
   <trkpt lat="45.925290000000004" lon="6.83187">
    <ele>2267.1200000000003</ele>
   </trkpt>
   <trkpt lat="45.92530000000001" lon="6.831910000000001">
    <ele>2267.1200000000003</ele>
   </trkpt>
   <trkpt lat="45.92546" lon="6.832070000000001">
    <ele>2266.13</ele>
   </trkpt>
   <trkpt lat="45.92550000000001" lon="6.832140000000001">
    <ele>2265.9700000000003</ele>
   </trkpt>
   <trkpt lat="45.925580000000004" lon="6.832420000000001">
    <ele>2266.23</ele>
   </trkpt>
   <trkpt lat="45.925610000000006" lon="6.83246">
    <ele>2266.23</ele>
   </trkpt>
   <trkpt lat="45.9256" lon="6.832580000000001">
    <ele>2266.27</ele>
   </trkpt>
   <trkpt lat="45.92566" lon="6.8326400000000005">
    <ele>2266.11</ele>
   </trkpt>
   <trkpt lat="45.92573" lon="6.832800000000001">
    <ele>2265.57</ele>
   </trkpt>
   <trkpt lat="45.925790000000006" lon="6.832840000000001">
    <ele>2265.7200000000003</ele>
   </trkpt>
   <trkpt lat="45.92582" lon="6.832910000000001">
    <ele>2266.0</ele>
   </trkpt>
   <trkpt lat="45.92587" lon="6.83295">
    <ele>2266.83</ele>
   </trkpt>
   <trkpt lat="45.925990000000006" lon="6.83316">
    <ele>2270.03</ele>
   </trkpt>
   <trkpt lat="45.92606000000001" lon="6.833220000000001">
    <ele>2270.03</ele>
   </trkpt>
   <trkpt lat="45.92609" lon="6.833290000000001">
    <ele>2270.03</ele>
   </trkpt>
   <trkpt lat="45.926210000000005" lon="6.833380000000001">
    <ele>2271.57</ele>
   </trkpt>
   <trkpt lat="45.92625" lon="6.833450000000001">
    <ele>2273.57</ele>
   </trkpt>
   <trkpt lat="45.92644000000001" lon="6.833670000000001">
    <ele>2276.0800000000004</ele>
   </trkpt>
   <trkpt lat="45.92653000000001" lon="6.833640000000001">
    <ele>2276.9300000000003</ele>
   </trkpt>
   <trkpt lat="45.92654" lon="6.83361">
    <ele>2276.9300000000003</ele>
   </trkpt>
   <trkpt lat="45.926480000000005" lon="6.83328">
    <ele>2282.61</ele>
   </trkpt>
   <trkpt lat="45.926480000000005" lon="6.83314">
    <ele>2283.0000000000005</ele>
   </trkpt>
   <trkpt lat="45.92651" lon="6.833130000000001">
    <ele>2282.8</ele>
   </trkpt>
   <trkpt lat="45.926680000000005" lon="6.833190000000001">
    <ele>2281.4100000000003</ele>
   </trkpt>
   <trkpt lat="45.926730000000006" lon="6.8331800000000005">
    <ele>2280.78</ele>
   </trkpt>
   <trkpt lat="45.92680000000001" lon="6.833200000000001">
    <ele>2280.71</ele>
   </trkpt>
   <trkpt lat="45.92707" lon="6.833380000000001">
    <ele>2281.6400000000003</ele>
   </trkpt>
   <trkpt lat="45.927220000000005" lon="6.833410000000001">
    <ele>2281.18</ele>
   </trkpt>
   <trkpt lat="45.92736000000001" lon="6.8335300000000005">
    <ele>2279.86</ele>
   </trkpt>
   <trkpt lat="45.92745" lon="6.83358">
    <ele>2279.46</ele>
   </trkpt>
   <trkpt lat="45.92757" lon="6.833740000000001">
    <ele>2279.3300000000004</ele>
   </trkpt>
   <trkpt lat="45.927730000000004" lon="6.83377">
    <ele>2279.5499999999997</ele>
   </trkpt>
   <trkpt lat="45.927760000000006" lon="6.83382">
    <ele>2278.77</ele>
   </trkpt>
   <trkpt lat="45.927820000000004" lon="6.83384">
    <ele>2278.77</ele>
   </trkpt>
   <trkpt lat="45.92786" lon="6.8337900000000005">
    <ele>2278.07</ele>
   </trkpt>
   <trkpt lat="45.92792" lon="6.833830000000001">
    <ele>2277.7700000000004</ele>
   </trkpt>
   <trkpt lat="45.928020000000004" lon="6.8338600000000005">
    <ele>2277.1700000000005</ele>
   </trkpt>
   <trkpt lat="45.92812000000001" lon="6.833870000000001">
    <ele>2277.1700000000005</ele>
   </trkpt>
   <trkpt lat="45.92819" lon="6.8338600000000005">
    <ele>2277.2400000000002</ele>
   </trkpt>
   <trkpt lat="45.928250000000006" lon="6.833900000000001">
    <ele>2277.48</ele>
   </trkpt>
   <trkpt lat="45.92844" lon="6.833970000000001">
    <ele>2278.17</ele>
   </trkpt>
   <trkpt lat="45.928610000000006" lon="6.83401">
    <ele>2279.85</ele>
   </trkpt>
   <trkpt lat="45.92873" lon="6.8340700000000005">
    <ele>2281.34</ele>
   </trkpt>
   <trkpt lat="45.92878" lon="6.83419">
    <ele>2281.34</ele>
   </trkpt>
   <trkpt lat="45.928850000000004" lon="6.834300000000001">
    <ele>2282.3700000000003</ele>
   </trkpt>
   <trkpt lat="45.92898" lon="6.834420000000001">
    <ele>2283.62</ele>
   </trkpt>
   <trkpt lat="45.92913" lon="6.834510000000001">
    <ele>2286.67</ele>
   </trkpt>
   <trkpt lat="45.92925" lon="6.834560000000001">
    <ele>2289.12</ele>
   </trkpt>
   <trkpt lat="45.92931" lon="6.834580000000001">
    <ele>2289.12</ele>
   </trkpt>
   <trkpt lat="45.92936" lon="6.83455">
    <ele>2290.94</ele>
   </trkpt>
   <trkpt lat="45.9294" lon="6.83459">
    <ele>2291.9300000000003</ele>
   </trkpt>
   <trkpt lat="45.92938" lon="6.834700000000001">
    <ele>2294.09</ele>
   </trkpt>
   <trkpt lat="45.92942" lon="6.83469">
    <ele>2294.09</ele>
   </trkpt>
   <trkpt lat="45.929460000000006" lon="6.834790000000001">
    <ele>2297.54</ele>
   </trkpt>
   <trkpt lat="45.92951" lon="6.8347500000000005">
    <ele>2297.54</ele>
   </trkpt>
   <trkpt lat="45.92954" lon="6.834810000000001">
    <ele>2299.69</ele>
   </trkpt>
   <trkpt lat="45.929570000000005" lon="6.834740000000001">
    <ele>2299.69</ele>
   </trkpt>
   <trkpt lat="45.929700000000004" lon="6.83466">
    <ele>2299.69</ele>
   </trkpt>
   <trkpt lat="45.929750000000006" lon="6.8345400000000005">
    <ele>2308.76</ele>
   </trkpt>
   <trkpt lat="45.929770000000005" lon="6.8345400000000005">
    <ele>2308.76</ele>
   </trkpt>
   <trkpt lat="45.929790000000004" lon="6.83464">
    <ele>2308.76</ele>
   </trkpt>
   <trkpt lat="45.92982000000001" lon="6.834670000000001">
    <ele>2308.76</ele>
   </trkpt>
   <trkpt lat="45.92985" lon="6.83452">
    <ele>2311.84</ele>
   </trkpt>
   <trkpt lat="45.929930000000006" lon="6.83455">
    <ele>2313.65</ele>
   </trkpt>
   <trkpt lat="45.92998" lon="6.83459">
    <ele>2314.4500000000003</ele>
   </trkpt>
   <trkpt lat="45.92998" lon="6.834650000000001">
    <ele>2315.16</ele>
   </trkpt>
   <trkpt lat="45.93023" lon="6.83459">
    <ele>2318.07</ele>
   </trkpt>
   <trkpt lat="45.93037" lon="6.8346100000000005">
    <ele>2322.3900000000003</ele>
   </trkpt>
   <trkpt lat="45.93041" lon="6.83464">
    <ele>2322.3900000000003</ele>
   </trkpt>
   <trkpt lat="45.93047000000001" lon="6.8349">
    <ele>2323.52</ele>
   </trkpt>
   <trkpt lat="45.930510000000005" lon="6.834880000000001">
    <ele>2323.98</ele>
   </trkpt>
   <trkpt lat="45.930550000000004" lon="6.834930000000001">
    <ele>2324.3900000000003</ele>
   </trkpt>
   <trkpt lat="45.930600000000005" lon="6.834930000000001">
    <ele>2325.1000000000004</ele>
   </trkpt>
   <trkpt lat="45.930640000000004" lon="6.8349">
    <ele>2325.1000000000004</ele>
   </trkpt>
   <trkpt lat="45.9307" lon="6.8349">
    <ele>2325.48</ele>
   </trkpt>
   <trkpt lat="45.93077" lon="6.834840000000001">
    <ele>2326.5200000000004</ele>
   </trkpt>
   <trkpt lat="45.930800000000005" lon="6.834860000000001">
    <ele>2327.22</ele>
   </trkpt>
   <trkpt lat="45.930820000000004" lon="6.83492">
    <ele>2328.01</ele>
   </trkpt>
   <trkpt lat="45.93077" lon="6.835070000000001">
    <ele>2331.25</ele>
   </trkpt>
   <trkpt lat="45.93086" lon="6.835090000000001">
    <ele>2331.25</ele>
   </trkpt>
   <trkpt lat="45.93095" lon="6.83506">
    <ele>2333.73</ele>
   </trkpt>
   <trkpt lat="45.93101" lon="6.835070000000001">
    <ele>2334.4900000000002</ele>
   </trkpt>
   <trkpt lat="45.931200000000004" lon="6.835000000000001">
    <ele>2336.5400000000004</ele>
   </trkpt>
   <trkpt lat="45.93126" lon="6.83506">
    <ele>2337.25</ele>
   </trkpt>
   <trkpt lat="45.93133" lon="6.835090000000001">
    <ele>2338.17</ele>
   </trkpt>
   <trkpt lat="45.931430000000006" lon="6.8350800000000005">
    <ele>2339.4900000000002</ele>
   </trkpt>
   <trkpt lat="45.93159000000001" lon="6.834980000000001">
    <ele>2341.11</ele>
   </trkpt>
   <trkpt lat="45.931740000000005" lon="6.8348">
    <ele>2346.28</ele>
   </trkpt>
   <trkpt lat="45.93188000000001" lon="6.834740000000001">
    <ele>2349.6400000000003</ele>
   </trkpt>
   <trkpt lat="45.931960000000004" lon="6.834790000000001">
    <ele>2351.3900000000003</ele>
   </trkpt>
   <trkpt lat="45.931990000000006" lon="6.83485">
    <ele>2352.32</ele>
   </trkpt>
   <trkpt lat="45.93189" lon="6.83497">
    <ele>2355.23</ele>
   </trkpt>
   <trkpt lat="45.93189" lon="6.83506">
    <ele>2355.23</ele>
   </trkpt>
   <trkpt lat="45.93207" lon="6.835020000000001">
    <ele>2360.2400000000002</ele>
   </trkpt>
   <trkpt lat="45.932140000000004" lon="6.83504">
    <ele>2360.2400000000002</ele>
   </trkpt>
   <trkpt lat="45.932210000000005" lon="6.835030000000001">
    <ele>2360.2400000000002</ele>
   </trkpt>
   <trkpt lat="45.93204" lon="6.83532">
    <ele>2369.52</ele>
   </trkpt>
   <trkpt lat="45.93211" lon="6.835330000000001">
    <ele>2370.4700000000003</ele>
   </trkpt>
   <trkpt lat="45.93207" lon="6.835420000000001">
    <ele>2372.17</ele>
   </trkpt>
   <trkpt lat="45.931960000000004" lon="6.835560000000001">
    <ele>2374.27</ele>
   </trkpt>
   <trkpt lat="45.93191" lon="6.83558">
    <ele>2374.8500000000004</ele>
   </trkpt>
   <trkpt lat="45.93188000000001" lon="6.8356200000000005">
    <ele>2374.8500000000004</ele>
   </trkpt>
   <trkpt lat="45.931830000000005" lon="6.835630000000001">
    <ele>2376.9500000000003</ele>
   </trkpt>
   <trkpt lat="45.93177" lon="6.835700000000001">
    <ele>2376.9500000000003</ele>
   </trkpt>
   <trkpt lat="45.931670000000004" lon="6.835920000000001">
    <ele>2379.48</ele>
   </trkpt>
   <trkpt lat="45.931470000000004" lon="6.836170000000001">
    <ele>2382.48</ele>
   </trkpt>
   <trkpt lat="45.931450000000005" lon="6.836290000000001">
    <ele>2383.9</ele>
   </trkpt>
   <trkpt lat="45.931450000000005" lon="6.836480000000001">
    <ele>2387.2</ele>
   </trkpt>
   <trkpt lat="45.931540000000005" lon="6.836390000000001">
    <ele>2387.2</ele>
   </trkpt>
   <trkpt lat="45.931560000000005" lon="6.836340000000001">
    <ele>2390.76</ele>
   </trkpt>
   <trkpt lat="45.931630000000006" lon="6.83626">
    <ele>2390.76</ele>
   </trkpt>
   <trkpt lat="45.93189" lon="6.836170000000001">
    <ele>2394.54</ele>
   </trkpt>
   <trkpt lat="45.93177" lon="6.83659">
    <ele>2399.9100000000003</ele>
   </trkpt>
   <trkpt lat="45.93178" lon="6.836620000000001">
    <ele>2401.4700000000003</ele>
   </trkpt>
   <trkpt lat="45.93186" lon="6.836530000000001">
    <ele>2403.1800000000003</ele>
   </trkpt>
   <trkpt lat="45.93191" lon="6.836530000000001">
    <ele>2403.1800000000003</ele>
   </trkpt>
   <trkpt lat="45.93186" lon="6.83673">
    <ele>2405.88</ele>
   </trkpt>
   <trkpt lat="45.93197000000001" lon="6.8367">
    <ele>2408.7500000000005</ele>
   </trkpt>
   <trkpt lat="45.931920000000005" lon="6.83682">
    <ele>2409.8</ele>
   </trkpt>
   <trkpt lat="45.93209" lon="6.836860000000001">
    <ele>2415.21</ele>
   </trkpt>
   <trkpt lat="45.932210000000005" lon="6.836780000000001">
    <ele>2415.21</ele>
   </trkpt>
   <trkpt lat="45.93233" lon="6.836650000000001">
    <ele>2425.4900000000002</ele>
   </trkpt>
   <trkpt lat="45.932410000000004" lon="6.83661">
    <ele>2425.4900000000002</ele>
   </trkpt>
   <trkpt lat="45.93249" lon="6.836530000000001">
    <ele>2425.4900000000002</ele>
   </trkpt>
   <trkpt lat="45.93263" lon="6.8365100000000005">
    <ele>2427.6600000000003</ele>
   </trkpt>
   <trkpt lat="45.93273000000001" lon="6.8364400000000005">
    <ele>2432.15</ele>
   </trkpt>
   <trkpt lat="45.932840000000006" lon="6.836410000000001">
    <ele>2437.91</ele>
   </trkpt>
   <trkpt lat="45.93273000000001" lon="6.836650000000001">
    <ele>2440.07</ele>
   </trkpt>
   <trkpt lat="45.93278" lon="6.83661">
    <ele>2440.07</ele>
   </trkpt>
   <trkpt lat="45.93298" lon="6.836530000000001">
    <ele>2446.5600000000004</ele>
   </trkpt>
   <trkpt lat="45.93316" lon="6.83642">
    <ele>2449.65</ele>
   </trkpt>
   <trkpt lat="45.93328" lon="6.83638">
    <ele>2453.36</ele>
   </trkpt>
   <trkpt lat="45.933130000000006" lon="6.836670000000001">
    <ele>2458.38</ele>
   </trkpt>
   <trkpt lat="45.933150000000005" lon="6.836690000000001">
    <ele>2458.38</ele>
   </trkpt>
   <trkpt lat="45.93319" lon="6.83663">
    <ele>2462.26</ele>
   </trkpt>
   <trkpt lat="45.93329000000001" lon="6.836620000000001">
    <ele>2463.2</ele>
   </trkpt>
   <trkpt lat="45.93356000000001" lon="6.836650000000001">
    <ele>2467.82</ele>
   </trkpt>
   <trkpt lat="45.933690000000006" lon="6.836690000000001">
    <ele>2469.7200000000003</ele>
   </trkpt>
   <trkpt lat="45.933890000000005" lon="6.836900000000001">
    <ele>2475.94</ele>
   </trkpt>
   <trkpt lat="45.93403000000001" lon="6.83689">
    <ele>2472.63</ele>
   </trkpt>
   <trkpt lat="45.93412000000001" lon="6.836920000000001">
    <ele>2470.94</ele>
   </trkpt>
   <trkpt lat="45.93413" lon="6.836900000000001">
    <ele>2470.94</ele>
   </trkpt>
   <trkpt lat="45.93433" lon="6.836880000000001">
    <ele>2465.7200000000003</ele>
   </trkpt>
   <trkpt lat="45.934400000000004" lon="6.836900000000001">
    <ele>2465.03</ele>
   </trkpt>
   <trkpt lat="45.93455" lon="6.837070000000001">
    <ele>2460.21</ele>
   </trkpt>
   <trkpt lat="45.93462" lon="6.83717">
    <ele>2458.4700000000003</ele>
   </trkpt>
   <trkpt lat="45.9348" lon="6.83734">
    <ele>2452.14</ele>
   </trkpt>
   <trkpt lat="45.935210000000005" lon="6.837580000000001">
    <ele>2443.7000000000003</ele>
   </trkpt>
   <trkpt lat="45.935300000000005" lon="6.837610000000001">
    <ele>2443.6</ele>
   </trkpt>
   <trkpt lat="45.935570000000006" lon="6.837460000000001">
    <ele>2436.7400000000002</ele>
   </trkpt>
   <trkpt lat="45.93571" lon="6.837320000000001">
    <ele>2436.13</ele>
   </trkpt>
   <trkpt lat="45.935900000000004" lon="6.837260000000001">
    <ele>2433.05</ele>
   </trkpt>
   <trkpt lat="45.936020000000006" lon="6.83727">
    <ele>2432.23</ele>
   </trkpt>
   <trkpt lat="45.936080000000004" lon="6.837300000000001">
    <ele>2432.1200000000003</ele>
   </trkpt>
   <trkpt lat="45.936310000000006" lon="6.8375900000000005">
    <ele>2425.31</ele>
   </trkpt>
   <trkpt lat="45.93656000000001" lon="6.83783">
    <ele>2423.26</ele>
   </trkpt>
   <trkpt lat="45.93675" lon="6.83809">
    <ele>2421.2900000000004</ele>
   </trkpt>
   <trkpt lat="45.93676000000001" lon="6.838100000000001">
    <ele>2421.2900000000004</ele>
   </trkpt>
   <trkpt lat="45.93679" lon="6.83816">
    <ele>2421.04</ele>
   </trkpt>
   <trkpt lat="45.93679" lon="6.838240000000001">
    <ele>2421.04</ele>
   </trkpt>
   <trkpt lat="45.93675" lon="6.838310000000001">
    <ele>2419.3</ele>
   </trkpt>
   <trkpt lat="45.936710000000005" lon="6.8383400000000005">
    <ele>2418.82</ele>
   </trkpt>
   <trkpt lat="45.9365" lon="6.83837">
    <ele>2415.67</ele>
   </trkpt>
   <trkpt lat="45.93634" lon="6.8383400000000005">
    <ele>2414.1700000000005</ele>
   </trkpt>
   <trkpt lat="45.93614" lon="6.8383400000000005">
    <ele>2413.38</ele>
   </trkpt>
   <trkpt lat="45.935280000000006" lon="6.83858">
    <ele>2391.32</ele>
   </trkpt>
   <trkpt lat="45.93526000000001" lon="6.838660000000001">
    <ele>2391.32</ele>
   </trkpt>
   <trkpt lat="45.935280000000006" lon="6.8387">
    <ele>2391.32</ele>
   </trkpt>
   <trkpt lat="45.93542" lon="6.838760000000001">
    <ele>2386.7900000000004</ele>
   </trkpt>
   <trkpt lat="45.935480000000005" lon="6.839480000000001">
    <ele>2365.66</ele>
   </trkpt>
   <trkpt lat="45.93567" lon="6.839550000000001">
    <ele>2359.2400000000002</ele>
   </trkpt>
   <trkpt lat="45.93571" lon="6.839580000000001">
    <ele>2359.2400000000002</ele>
   </trkpt>
   <trkpt lat="45.93573000000001" lon="6.8396300000000005">
    <ele>2358.21</ele>
   </trkpt>
   <trkpt lat="45.93572" lon="6.839760000000001">
    <ele>2356.2400000000002</ele>
   </trkpt>
   <trkpt lat="45.935660000000006" lon="6.839970000000001">
    <ele>2352.25</ele>
   </trkpt>
   <trkpt lat="45.93558" lon="6.84011">
    <ele>2347.1200000000003</ele>
   </trkpt>
   <trkpt lat="45.935480000000005" lon="6.84022">
    <ele>2343.51</ele>
   </trkpt>
   <trkpt lat="45.935460000000006" lon="6.840280000000001">
    <ele>2343.51</ele>
   </trkpt>
   <trkpt lat="45.935080000000006" lon="6.84039">
    <ele>2315.51</ele>
   </trkpt>
   <trkpt lat="45.935" lon="6.840380000000001">
    <ele>2311.19</ele>
   </trkpt>
   <trkpt lat="45.934940000000005" lon="6.840450000000001">
    <ele>2311.19</ele>
   </trkpt>
   <trkpt lat="45.93497000000001" lon="6.840540000000001">
    <ele>2302.38</ele>
   </trkpt>
   <trkpt lat="45.93517000000001" lon="6.84079">
    <ele>2295.96</ele>
   </trkpt>
   <trkpt lat="45.935500000000005" lon="6.841010000000001">
    <ele>2296.61</ele>
   </trkpt>
   <trkpt lat="45.93562000000001" lon="6.841050000000001">
    <ele>2297.78</ele>
   </trkpt>
   <trkpt lat="45.93589" lon="6.841030000000001">
    <ele>2302.4900000000002</ele>
   </trkpt>
   <trkpt lat="45.93600000000001" lon="6.840980000000001">
    <ele>2304.3500000000004</ele>
   </trkpt>
   <trkpt lat="45.93619" lon="6.841">
    <ele>2312.6200000000003</ele>
   </trkpt>
   <trkpt lat="45.93636" lon="6.8409">
    <ele>2316.5</ele>
   </trkpt>
   <trkpt lat="45.9365" lon="6.84088">
    <ele>2318.76</ele>
   </trkpt>
   <trkpt lat="45.93667000000001" lon="6.840890000000001">
    <ele>2324.1500000000005</ele>
   </trkpt>
   <trkpt lat="45.93688" lon="6.840980000000001">
    <ele>2330.34</ele>
   </trkpt>
   <trkpt lat="45.937090000000005" lon="6.841120000000001">
    <ele>2323.03</ele>
   </trkpt>
   <trkpt lat="45.937540000000006" lon="6.841360000000001">
    <ele>2304.8300000000004</ele>
   </trkpt>
   <trkpt lat="45.937650000000005" lon="6.8414600000000005">
    <ele>2296.9000000000005</ele>
   </trkpt>
   <trkpt lat="45.937870000000004" lon="6.84161">
    <ele>2300.32</ele>
   </trkpt>
   <trkpt lat="45.937920000000005" lon="6.8417200000000005">
    <ele>2301.5000000000005</ele>
   </trkpt>
   <trkpt lat="45.937870000000004" lon="6.84175">
    <ele>2291.16</ele>
   </trkpt>
   <trkpt lat="45.93777" lon="6.84175">
    <ele>2285.57</ele>
   </trkpt>
   <trkpt lat="45.937670000000004" lon="6.84182">
    <ele>2285.57</ele>
   </trkpt>
   <trkpt lat="45.937490000000004" lon="6.84187">
    <ele>2274.8</ele>
   </trkpt>
   <trkpt lat="45.937400000000004" lon="6.84187">
    <ele>2271.96</ele>
   </trkpt>
   <trkpt lat="45.937270000000005" lon="6.84182">
    <ele>2266.47</ele>
   </trkpt>
   <trkpt lat="45.93714000000001" lon="6.84182">
    <ele>2263.83</ele>
   </trkpt>
   <trkpt lat="45.937020000000004" lon="6.84184">
    <ele>2260.1600000000003</ele>
   </trkpt>
   <trkpt lat="45.936800000000005" lon="6.841990000000001">
    <ele>2254.29</ele>
   </trkpt>
   <trkpt lat="45.936800000000005" lon="6.842040000000001">
    <ele>2254.29</ele>
   </trkpt>
   <trkpt lat="45.936820000000004" lon="6.84208">
    <ele>2250.3300000000004</ele>
   </trkpt>
   <trkpt lat="45.93706" lon="6.84219">
    <ele>2246.83</ele>
   </trkpt>
   <trkpt lat="45.93712000000001" lon="6.84224">
    <ele>2243.8100000000004</ele>
   </trkpt>
   <trkpt lat="45.93748" lon="6.842720000000001">
    <ele>2229.3</ele>
   </trkpt>
   <trkpt lat="45.93748" lon="6.842770000000001">
    <ele>2229.3</ele>
   </trkpt>
   <trkpt lat="45.937430000000006" lon="6.8428">
    <ele>2228.1400000000003</ele>
   </trkpt>
   <trkpt lat="45.937070000000006" lon="6.8429">
    <ele>2220.4300000000003</ele>
   </trkpt>
   <trkpt lat="45.937050000000006" lon="6.8429400000000005">
    <ele>2219.4200000000005</ele>
   </trkpt>
   <trkpt lat="45.937050000000006" lon="6.84299">
    <ele>2218.3300000000004</ele>
   </trkpt>
   <trkpt lat="45.937090000000005" lon="6.843050000000001">
    <ele>2218.3300000000004</ele>
   </trkpt>
   <trkpt lat="45.93757" lon="6.8433">
    <ele>2206.3</ele>
   </trkpt>
   <trkpt lat="45.937650000000005" lon="6.84337">
    <ele>2204.69</ele>
   </trkpt>
   <trkpt lat="45.93773" lon="6.84346">
    <ele>2202.8800000000006</ele>
   </trkpt>
   <trkpt lat="45.937900000000006" lon="6.84379">
    <ele>2197.6600000000003</ele>
   </trkpt>
   <trkpt lat="45.937900000000006" lon="6.8439000000000005">
    <ele>2195.34</ele>
   </trkpt>
   <trkpt lat="45.93786" lon="6.8439000000000005">
    <ele>2195.34</ele>
   </trkpt>
   <trkpt lat="45.93771" lon="6.84381">
    <ele>2188.0200000000004</ele>
   </trkpt>
   <trkpt lat="45.937560000000005" lon="6.843750000000001">
    <ele>2182.8700000000003</ele>
   </trkpt>
   <trkpt lat="45.937470000000005" lon="6.84374">
    <ele>2182.8700000000003</ele>
   </trkpt>
   <trkpt lat="45.93742" lon="6.8437600000000005">
    <ele>2182.8700000000003</ele>
   </trkpt>
   <trkpt lat="45.937380000000005" lon="6.843820000000001">
    <ele>2175.9900000000002</ele>
   </trkpt>
   <trkpt lat="45.937380000000005" lon="6.843870000000001">
    <ele>2175.9900000000002</ele>
   </trkpt>
   <trkpt lat="45.937450000000005" lon="6.84407">
    <ele>2173.35</ele>
   </trkpt>
   <trkpt lat="45.937490000000004" lon="6.844460000000001">
    <ele>2164.5000000000005</ele>
   </trkpt>
   <trkpt lat="45.937520000000006" lon="6.84454">
    <ele>2164.5000000000005</ele>
   </trkpt>
   <trkpt lat="45.93759000000001" lon="6.84459">
    <ele>2161.02</ele>
   </trkpt>
   <trkpt lat="45.93779000000001" lon="6.844670000000001">
    <ele>2158.86</ele>
   </trkpt>
   <trkpt lat="45.937850000000005" lon="6.844720000000001">
    <ele>2154.9500000000003</ele>
   </trkpt>
   <trkpt lat="45.93797000000001" lon="6.844880000000001">
    <ele>2154.9500000000003</ele>
   </trkpt>
   <trkpt lat="45.937990000000006" lon="6.84501">
    <ele>2152.87</ele>
   </trkpt>
   <trkpt lat="45.93798" lon="6.845210000000001">
    <ele>2150.2000000000003</ele>
   </trkpt>
   <trkpt lat="45.937940000000005" lon="6.84527">
    <ele>2149.11</ele>
   </trkpt>
   <trkpt lat="45.937760000000004" lon="6.845350000000001">
    <ele>2143.4100000000003</ele>
   </trkpt>
   <trkpt lat="45.93762" lon="6.84548">
    <ele>2140.4700000000003</ele>
   </trkpt>
   <trkpt lat="45.93759000000001" lon="6.845700000000001">
    <ele>2138.13</ele>
   </trkpt>
   <trkpt lat="45.93755" lon="6.845840000000001">
    <ele>2136.7700000000004</ele>
   </trkpt>
   <trkpt lat="45.93737" lon="6.846290000000001">
    <ele>2134.3</ele>
   </trkpt>
   <trkpt lat="45.937310000000004" lon="6.8466000000000005">
    <ele>2128.57</ele>
   </trkpt>
   <trkpt lat="45.93722" lon="6.84724">
    <ele>2114.91</ele>
   </trkpt>
   <trkpt lat="45.937250000000006" lon="6.847440000000001">
    <ele>2113.1800000000003</ele>
   </trkpt>
   <trkpt lat="45.93733" lon="6.84761">
    <ele>2112.33</ele>
   </trkpt>
   <trkpt lat="45.937720000000006" lon="6.84818">
    <ele>2093.07</ele>
   </trkpt>
   <trkpt lat="45.93811" lon="6.84883">
    <ele>2077.15</ele>
   </trkpt>
   <trkpt lat="45.938120000000005" lon="6.848910000000001">
    <ele>2077.15</ele>
   </trkpt>
   <trkpt lat="45.938120000000005" lon="6.8490400000000005">
    <ele>2074.7500000000005</ele>
   </trkpt>
   <trkpt lat="45.93804" lon="6.849270000000001">
    <ele>2070.44</ele>
   </trkpt>
   <trkpt lat="45.93795" lon="6.84926">
    <ele>2069.03</ele>
   </trkpt>
   <trkpt lat="45.93789" lon="6.84928">
    <ele>2066.85</ele>
   </trkpt>
   <trkpt lat="45.937810000000006" lon="6.84935">
    <ele>2066.85</ele>
   </trkpt>
   <trkpt lat="45.937560000000005" lon="6.850160000000001">
    <ele>2057.63</ele>
   </trkpt>
   <trkpt lat="45.93750000000001" lon="6.8505400000000005">
    <ele>2052.36</ele>
   </trkpt>
   <trkpt lat="45.937430000000006" lon="6.850770000000001">
    <ele>2052.36</ele>
   </trkpt>
   <trkpt lat="45.93737" lon="6.850910000000001">
    <ele>2052.36</ele>
   </trkpt>
   <trkpt lat="45.93721" lon="6.851120000000001">
    <ele>2045.62</ele>
   </trkpt>
   <trkpt lat="45.937070000000006" lon="6.851260000000001">
    <ele>2045.62</ele>
   </trkpt>
   <trkpt lat="45.93683" lon="6.851330000000001">
    <ele>2039.94</ele>
   </trkpt>
   <trkpt lat="45.936870000000006" lon="6.8515500000000005">
    <ele>2044.53</ele>
   </trkpt>
   <trkpt lat="45.93674" lon="6.851800000000001">
    <ele>2044.63</ele>
   </trkpt>
   <trkpt lat="45.936550000000004" lon="6.8520900000000005">
    <ele>2039.6400000000003</ele>
   </trkpt>
   <trkpt lat="45.93647000000001" lon="6.85238">
    <ele>2037.6100000000004</ele>
   </trkpt>
   <trkpt lat="45.93693000082492" lon="6.851945003608799">
    <ele>2046.0600000000002</ele>
   </trkpt>
   <trkpt lat="45.93739" lon="6.85151">
    <ele>2046.03</ele>
   </trkpt>
   <trkpt lat="45.93795999995071" lon="6.851534999740731">
    <ele>2046.6000000000001</ele>
   </trkpt>
   <trkpt lat="45.93853000000001" lon="6.851560000000001">
    <ele>2039.5100000000004</ele>
   </trkpt>
   <trkpt lat="45.93817000000001" lon="6.85038">
    <ele>2058.71</ele>
   </trkpt>
   <trkpt lat="45.938410000000005" lon="6.850270000000001">
    <ele>2061.8100000000004</ele>
   </trkpt>
   <trkpt lat="45.938590000000005" lon="6.850040000000001">
    <ele>2062.59</ele>
   </trkpt>
   <trkpt lat="45.93878" lon="6.849760000000001">
    <ele>2064.13</ele>
   </trkpt>
   <trkpt lat="45.93912" lon="6.84947">
    <ele>2064.41</ele>
   </trkpt>
   <trkpt lat="45.93925" lon="6.849380000000001">
    <ele>2064.21</ele>
   </trkpt>
   <trkpt lat="45.9393" lon="6.849270000000001">
    <ele>2064.35</ele>
   </trkpt>
   <trkpt lat="45.93938000000001" lon="6.849190000000001">
    <ele>2064.39</ele>
   </trkpt>
   <trkpt lat="45.939460000000004" lon="6.84916">
    <ele>2064.44</ele>
   </trkpt>
   <trkpt lat="45.939840000000004" lon="6.849130000000001">
    <ele>2064.47</ele>
   </trkpt>
   <trkpt lat="45.940020000000004" lon="6.84916">
    <ele>2063.69</ele>
   </trkpt>
   <trkpt lat="45.940220000000004" lon="6.849270000000001">
    <ele>2060.9900000000002</ele>
   </trkpt>
   <trkpt lat="45.94042" lon="6.84935">
    <ele>2059.86</ele>
   </trkpt>
   <trkpt lat="45.940850000000005" lon="6.849220000000001">
    <ele>2056.9300000000003</ele>
   </trkpt>
   <trkpt lat="45.94098" lon="6.84921">
    <ele>2055.61</ele>
   </trkpt>
   <trkpt lat="45.941340000000004" lon="6.849270000000001">
    <ele>2049.42</ele>
   </trkpt>
   <trkpt lat="45.9414" lon="6.84926">
    <ele>2049.42</ele>
   </trkpt>
   <trkpt lat="45.94154" lon="6.849200000000001">
    <ele>2046.99</ele>
   </trkpt>
   <trkpt lat="45.94162" lon="6.849190000000001">
    <ele>2046.99</ele>
   </trkpt>
   <trkpt lat="45.941700000000004" lon="6.849220000000001">
    <ele>2045.17</ele>
   </trkpt>
   <trkpt lat="45.94202000000001" lon="6.849450000000001">
    <ele>2038.8200000000002</ele>
   </trkpt>
   <trkpt lat="45.94211000000001" lon="6.84954">
    <ele>2037.17</ele>
   </trkpt>
   <trkpt lat="45.94220000000001" lon="6.849590000000001">
    <ele>2034.79</ele>
   </trkpt>
   <trkpt lat="45.942400000000006" lon="6.8496500000000005">
    <ele>2031.59</ele>
   </trkpt>
   <trkpt lat="45.94267000000001" lon="6.8497">
    <ele>2025.8700000000003</ele>
   </trkpt>
   <trkpt lat="45.94294000000001" lon="6.849800000000001">
    <ele>2022.46</ele>
   </trkpt>
   <trkpt lat="45.943220000000004" lon="6.849970000000001">
    <ele>2019.69</ele>
   </trkpt>
   <trkpt lat="45.943430000000006" lon="6.850250000000001">
    <ele>2017.3200000000002</ele>
   </trkpt>
   <trkpt lat="45.943580000000004" lon="6.850370000000001">
    <ele>2015.67</ele>
   </trkpt>
   <trkpt lat="45.943690000000004" lon="6.850510000000001">
    <ele>2014.3</ele>
   </trkpt>
   <trkpt lat="45.94375" lon="6.85062">
    <ele>2013.02</ele>
   </trkpt>
   <trkpt lat="45.943780000000004" lon="6.850890000000001">
    <ele>2012.1900000000003</ele>
   </trkpt>
   <trkpt lat="45.94377" lon="6.85109">
    <ele>2012.8400000000001</ele>
   </trkpt>
   <trkpt lat="45.943810000000006" lon="6.85127">
    <ele>2013.0600000000002</ele>
   </trkpt>
   <trkpt lat="45.943850000000005" lon="6.85137">
    <ele>2012.0</ele>
   </trkpt>
   <trkpt lat="45.94395" lon="6.851490000000001">
    <ele>2009.9900000000002</ele>
   </trkpt>
   <trkpt lat="45.94409" lon="6.851680000000001">
    <ele>2005.2500000000002</ele>
   </trkpt>
   <trkpt lat="45.94408000000001" lon="6.851710000000001">
    <ele>2005.2500000000002</ele>
   </trkpt>
   <trkpt lat="45.94402" lon="6.85177">
    <ele>1999.64</ele>
   </trkpt>
   <trkpt lat="45.944" lon="6.851890000000001">
    <ele>1999.64</ele>
   </trkpt>
   <trkpt lat="45.944010000000006" lon="6.85193">
    <ele>1998.49</ele>
   </trkpt>
   <trkpt lat="45.9442" lon="6.852080000000001">
    <ele>1992.2</ele>
   </trkpt>
   <trkpt lat="45.944370000000006" lon="6.852170000000001">
    <ele>1986.64</ele>
   </trkpt>
   <trkpt lat="45.944430000000004" lon="6.852250000000001">
    <ele>1985.5500000000002</ele>
   </trkpt>
   <trkpt lat="45.94442" lon="6.852290000000001">
    <ele>1984.3700000000001</ele>
   </trkpt>
   <trkpt lat="45.94429" lon="6.852410000000001">
    <ele>1981.64</ele>
   </trkpt>
   <trkpt lat="45.944210000000005" lon="6.852580000000001">
    <ele>1975.75</ele>
   </trkpt>
   <trkpt lat="45.944230000000005" lon="6.852690000000001">
    <ele>1975.75</ele>
   </trkpt>
   <trkpt lat="45.94431" lon="6.85273">
    <ele>1969.2</ele>
   </trkpt>
   <trkpt lat="45.94464000000001" lon="6.8528">
    <ele>1961.8300000000002</ele>
   </trkpt>
   <trkpt lat="45.944720000000004" lon="6.8528400000000005">
    <ele>1960.3100000000002</ele>
   </trkpt>
   <trkpt lat="45.944790000000005" lon="6.85292">
    <ele>1959.1000000000001</ele>
   </trkpt>
   <trkpt lat="45.94483" lon="6.853000000000001">
    <ele>1958.16</ele>
   </trkpt>
   <trkpt lat="45.94493000000001" lon="6.85329">
    <ele>1958.4800000000002</ele>
   </trkpt>
   <trkpt lat="45.945" lon="6.853790000000001">
    <ele>1956.22</ele>
   </trkpt>
   <trkpt lat="45.94516" lon="6.854360000000001">
    <ele>1951.8500000000001</ele>
   </trkpt>
   <trkpt lat="45.94540500172167" lon="6.854959997719863">
    <ele>1946.2500000000002</ele>
   </trkpt>
   <trkpt lat="45.94565" lon="6.8555600000000005">
    <ele>1937.51</ele>
   </trkpt>
   <trkpt lat="45.94577" lon="6.855790000000001">
    <ele>1935.49</ele>
   </trkpt>
   <trkpt lat="45.9459" lon="6.85599">
    <ele>1932.8200000000002</ele>
   </trkpt>
   <trkpt lat="45.94597" lon="6.85634">
    <ele>1930.8400000000001</ele>
   </trkpt>
   <trkpt lat="45.946110000000004" lon="6.8569">
    <ele>1924.14</ele>
   </trkpt>
   <trkpt lat="45.94617" lon="6.8570400000000005">
    <ele>1922.5700000000002</ele>
   </trkpt>
   <trkpt lat="45.94632000000001" lon="6.857220000000001">
    <ele>1919.67</ele>
   </trkpt>
   <trkpt lat="45.94643000000001" lon="6.857480000000001">
    <ele>1917.93</ele>
   </trkpt>
   <trkpt lat="45.946490000000004" lon="6.85782">
    <ele>1916.68</ele>
   </trkpt>
   <trkpt lat="45.94648" lon="6.85817">
    <ele>1914.53</ele>
   </trkpt>
   <trkpt lat="45.946540000000006" lon="6.85836">
    <ele>1912.46</ele>
   </trkpt>
   <trkpt lat="45.946540000000006" lon="6.858530000000001">
    <ele>1910.02</ele>
   </trkpt>
   <trkpt lat="45.946600000000004" lon="6.858790000000001">
    <ele>1907.2900000000002</ele>
   </trkpt>
   <trkpt lat="45.946690000000004" lon="6.859450000000001">
    <ele>1899.3700000000001</ele>
   </trkpt>
   <trkpt lat="45.946780000000004" lon="6.85986">
    <ele>1897.5700000000002</ele>
   </trkpt>
   <trkpt lat="45.94677" lon="6.861090000000001">
    <ele>1900.3400000000001</ele>
   </trkpt>
   <trkpt lat="45.94662" lon="6.861680000000001">
    <ele>1898.3500000000001</ele>
   </trkpt>
   <trkpt lat="45.9465" lon="6.86244">
    <ele>1896.2200000000003</ele>
   </trkpt>
   <trkpt lat="45.946400000000004" lon="6.8627400000000005">
    <ele>1896.8600000000001</ele>
   </trkpt>
   <trkpt lat="45.946270000000005" lon="6.86282">
    <ele>1893.45</ele>
   </trkpt>
   <trkpt lat="45.94623000000001" lon="6.86296">
    <ele>1892.68</ele>
   </trkpt>
   <trkpt lat="45.94626" lon="6.863530000000001">
    <ele>1883.6000000000001</ele>
   </trkpt>
   <trkpt lat="45.94619" lon="6.863700000000001">
    <ele>1882.92</ele>
   </trkpt>
   <trkpt lat="45.94603" lon="6.8638900000000005">
    <ele>1878.4</ele>
   </trkpt>
   <trkpt lat="45.94597" lon="6.864070000000001">
    <ele>1876.9</ele>
   </trkpt>
   <trkpt lat="45.94606" lon="6.86425">
    <ele>1873.3600000000001</ele>
   </trkpt>
   <trkpt lat="45.94633" lon="6.86432">
    <ele>1870.51</ele>
   </trkpt>
   <trkpt lat="45.94651" lon="6.86462">
    <ele>1868.06</ele>
   </trkpt>
   <trkpt lat="45.946600000000004" lon="6.864700000000001">
    <ele>1868.13</ele>
   </trkpt>
   <trkpt lat="45.94664" lon="6.864960000000001">
    <ele>1865.97</ele>
   </trkpt>
   <trkpt lat="45.94679000000001" lon="6.865080000000001">
    <ele>1863.73</ele>
   </trkpt>
   <trkpt lat="45.94693" lon="6.86535">
    <ele>1861.76</ele>
   </trkpt>
   <trkpt lat="45.94693" lon="6.865590000000001">
    <ele>1860.93</ele>
   </trkpt>
   <trkpt lat="45.94698" lon="6.86598">
    <ele>1857.8400000000001</ele>
   </trkpt>
   <trkpt lat="45.94717000000001" lon="6.866200000000001">
    <ele>1854.5900000000001</ele>
   </trkpt>
   <trkpt lat="45.94724" lon="6.8661900000000005">
    <ele>1853.38</ele>
   </trkpt>
   <trkpt lat="45.94737000000001" lon="6.866250000000001">
    <ele>1852.3700000000001</ele>
   </trkpt>
   <trkpt lat="45.94746000000001" lon="6.866420000000001">
    <ele>1851.02</ele>
   </trkpt>
   <trkpt lat="45.947570000000006" lon="6.8664700000000005">
    <ele>1850.2600000000002</ele>
   </trkpt>
   <trkpt lat="45.94765" lon="6.86648">
    <ele>1849.7200000000003</ele>
   </trkpt>
   <trkpt lat="45.947860000000006" lon="6.8666100000000005">
    <ele>1850.42</ele>
   </trkpt>
   <trkpt lat="45.94791" lon="6.86669">
    <ele>1850.64</ele>
   </trkpt>
   <trkpt lat="45.94809" lon="6.86662">
    <ele>1848.41</ele>
   </trkpt>
   <trkpt lat="45.94834" lon="6.8667300000000004">
    <ele>1845.05</ele>
   </trkpt>
   <trkpt lat="45.94845" lon="6.86709">
    <ele>1842.6000000000001</ele>
   </trkpt>
   <trkpt lat="45.948660000000004" lon="6.867400000000001">
    <ele>1836.6200000000001</ele>
   </trkpt>
   <trkpt lat="45.948750000000004" lon="6.86763">
    <ele>1835.08</ele>
   </trkpt>
   <trkpt lat="45.94883" lon="6.8676900000000005">
    <ele>1832.42</ele>
   </trkpt>
   <trkpt lat="45.948910000000005" lon="6.86779">
    <ele>1831.59</ele>
   </trkpt>
   <trkpt lat="45.94905000000001" lon="6.8678300000000005">
    <ele>1828.41</ele>
   </trkpt>
   <trkpt lat="45.949070000000006" lon="6.867870000000001">
    <ele>1828.41</ele>
   </trkpt>
   <trkpt lat="45.94905000000001" lon="6.86793">
    <ele>1825.7500000000002</ele>
   </trkpt>
   <trkpt lat="45.949180000000005" lon="6.867990000000001">
    <ele>1822.41</ele>
   </trkpt>
   <trkpt lat="45.949220000000004" lon="6.868110000000001">
    <ele>1822.41</ele>
   </trkpt>
   <trkpt lat="45.949270000000006" lon="6.868150000000001">
    <ele>1821.4500000000003</ele>
   </trkpt>
   <trkpt lat="45.94942" lon="6.86819">
    <ele>1819.2700000000002</ele>
   </trkpt>
   <trkpt lat="45.949510000000004" lon="6.868290000000001">
    <ele>1817.39</ele>
   </trkpt>
   <trkpt lat="45.949580000000005" lon="6.8683000000000005">
    <ele>1816.7900000000002</ele>
   </trkpt>
   <trkpt lat="45.949600000000004" lon="6.868360000000001">
    <ele>1816.7900000000002</ele>
   </trkpt>
   <trkpt lat="45.94973" lon="6.868430000000001">
    <ele>1814.63</ele>
   </trkpt>
   <trkpt lat="45.950190000000006" lon="6.8688400000000005">
    <ele>1814.6200000000001</ele>
   </trkpt>
   <trkpt lat="45.950210000000006" lon="6.86896">
    <ele>1815.5100000000002</ele>
   </trkpt>
   <trkpt lat="45.950410000000005" lon="6.869230000000001">
    <ele>1816.22</ele>
   </trkpt>
   <trkpt lat="45.950450000000004" lon="6.869330000000001">
    <ele>1816.5800000000002</ele>
   </trkpt>
   <trkpt lat="45.9506" lon="6.86934">
    <ele>1818.0</ele>
   </trkpt>
   <trkpt lat="45.950750000000006" lon="6.869260000000001">
    <ele>1819.5400000000002</ele>
   </trkpt>
   <trkpt lat="45.95087" lon="6.86929">
    <ele>1825.6100000000001</ele>
   </trkpt>
   <trkpt lat="45.95112" lon="6.869300000000001">
    <ele>1828.18</ele>
   </trkpt>
   <trkpt lat="45.95120000000001" lon="6.869390000000001">
    <ele>1830.0</ele>
   </trkpt>
   <trkpt lat="45.951170000000005" lon="6.869840000000001">
    <ele>1835.7</ele>
   </trkpt>
   <trkpt lat="45.95121" lon="6.869930000000001">
    <ele>1839.5500000000002</ele>
   </trkpt>
   <trkpt lat="45.95131000000001" lon="6.86983">
    <ele>1839.5500000000002</ele>
   </trkpt>
   <trkpt lat="45.951350000000005" lon="6.870100000000001">
    <ele>1842.95</ele>
   </trkpt>
   <trkpt lat="45.95131000000001" lon="6.870640000000001">
    <ele>1850.64</ele>
   </trkpt>
   <trkpt lat="45.95138" lon="6.870520000000001">
    <ele>1852.39</ele>
   </trkpt>
   <trkpt lat="45.951420000000006" lon="6.870500000000001">
    <ele>1854.8700000000001</ele>
   </trkpt>
   <trkpt lat="45.95139" lon="6.87093">
    <ele>1861.6000000000001</ele>
   </trkpt>
   <trkpt lat="45.951510000000006" lon="6.87082">
    <ele>1862.64</ele>
   </trkpt>
   <trkpt lat="45.95158000000001" lon="6.870780000000001">
    <ele>1861.94</ele>
   </trkpt>
   <trkpt lat="45.95172" lon="6.8708800000000005">
    <ele>1860.13</ele>
   </trkpt>
   <trkpt lat="45.95188" lon="6.87089">
    <ele>1858.7900000000002</ele>
   </trkpt>
   <trkpt lat="45.95214000000001" lon="6.870800000000001">
    <ele>1860.5500000000002</ele>
   </trkpt>
   <trkpt lat="45.95228" lon="6.870940000000001">
    <ele>1861.39</ele>
   </trkpt>
   <trkpt lat="45.95232" lon="6.87093">
    <ele>1861.39</ele>
   </trkpt>
   <trkpt lat="45.95237" lon="6.87086">
    <ele>1861.9500000000003</ele>
   </trkpt>
   <trkpt lat="45.95246" lon="6.870900000000001">
    <ele>1862.44</ele>
   </trkpt>
   <trkpt lat="45.952560000000005" lon="6.87084">
    <ele>1863.7400000000002</ele>
   </trkpt>
   <trkpt lat="45.952650000000006" lon="6.87084">
    <ele>1864.03</ele>
   </trkpt>
   <trkpt lat="45.95271" lon="6.8708800000000005">
    <ele>1864.2900000000002</ele>
   </trkpt>
   <trkpt lat="45.95279" lon="6.871060000000001">
    <ele>1864.68</ele>
   </trkpt>
   <trkpt lat="45.952870000000004" lon="6.871060000000001">
    <ele>1864.66</ele>
   </trkpt>
   <trkpt lat="45.95295" lon="6.8711">
    <ele>1864.44</ele>
   </trkpt>
   <trkpt lat="45.953010000000006" lon="6.8712100000000005">
    <ele>1864.2800000000002</ele>
   </trkpt>
   <trkpt lat="45.953010000000006" lon="6.87147">
    <ele>1863.94</ele>
   </trkpt>
   <trkpt lat="45.953160000000004" lon="6.87178">
    <ele>1862.17</ele>
   </trkpt>
   <trkpt lat="45.95328000000001" lon="6.871980000000001">
    <ele>1862.2600000000002</ele>
   </trkpt>
   <trkpt lat="45.95344" lon="6.8718200000000005">
    <ele>1861.94</ele>
   </trkpt>
   <trkpt lat="45.953570000000006" lon="6.871840000000001">
    <ele>1861.4700000000003</ele>
   </trkpt>
   <trkpt lat="45.95367" lon="6.87194">
    <ele>1860.66</ele>
   </trkpt>
   <trkpt lat="45.95385" lon="6.8718900000000005">
    <ele>1858.8700000000001</ele>
   </trkpt>
   <trkpt lat="45.953970000000005" lon="6.87192">
    <ele>1858.75</ele>
   </trkpt>
   <trkpt lat="45.954060000000005" lon="6.87208">
    <ele>1859.05</ele>
   </trkpt>
   <trkpt lat="45.954100000000004" lon="6.87227">
    <ele>1859.35</ele>
   </trkpt>
   <trkpt lat="45.954190000000004" lon="6.8724300000000005">
    <ele>1860.72</ele>
   </trkpt>
   <trkpt lat="45.95418" lon="6.8725700000000005">
    <ele>1861.2700000000002</ele>
   </trkpt>
   <trkpt lat="45.954280000000004" lon="6.87265">
    <ele>1863.02</ele>
   </trkpt>
   <trkpt lat="45.95432" lon="6.87276">
    <ele>1864.7000000000003</ele>
   </trkpt>
   <trkpt lat="45.95452" lon="6.8730400000000005">
    <ele>1868.2200000000003</ele>
   </trkpt>
   <trkpt lat="45.95458000000001" lon="6.8731800000000005">
    <ele>1870.9</ele>
   </trkpt>
   <trkpt lat="45.95463" lon="6.873360000000001">
    <ele>1872.67</ele>
   </trkpt>
   <trkpt lat="45.95479" lon="6.8733200000000005">
    <ele>1873.52</ele>
   </trkpt>
   <trkpt lat="45.955000000000005" lon="6.873360000000001">
    <ele>1873.8000000000002</ele>
   </trkpt>
   <trkpt lat="45.955310000000004" lon="6.87347">
    <ele>1875.1200000000001</ele>
   </trkpt>
   <trkpt lat="45.95544" lon="6.87342">
    <ele>1875.5000000000002</ele>
   </trkpt>
   <trkpt lat="45.9555" lon="6.87349">
    <ele>1875.93</ele>
   </trkpt>
   <trkpt lat="45.95564" lon="6.873570000000001">
    <ele>1876.4600000000003</ele>
   </trkpt>
   <trkpt lat="45.95602" lon="6.873710000000001">
    <ele>1878.2200000000003</ele>
   </trkpt>
   <trkpt lat="45.95619000000001" lon="6.8737">
    <ele>1877.9200000000003</ele>
   </trkpt>
   <trkpt lat="45.956410000000005" lon="6.873760000000001">
    <ele>1878.18</ele>
   </trkpt>
   <trkpt lat="45.95662" lon="6.873690000000001">
    <ele>1879.79</ele>
   </trkpt>
   <trkpt lat="45.95673" lon="6.873690000000001">
    <ele>1880.0500000000002</ele>
   </trkpt>
   <trkpt lat="45.95685" lon="6.873760000000001">
    <ele>1880.03</ele>
   </trkpt>
   <trkpt lat="45.95707" lon="6.8741">
    <ele>1880.3400000000001</ele>
   </trkpt>
   <trkpt lat="45.95722000000001" lon="6.874280000000001">
    <ele>1879.5700000000002</ele>
   </trkpt>
   <trkpt lat="45.957600000000006" lon="6.87445">
    <ele>1876.8600000000001</ele>
   </trkpt>
   <trkpt lat="45.95774" lon="6.87469">
    <ele>1876.14</ele>
   </trkpt>
   <trkpt lat="45.9579" lon="6.87483">
    <ele>1876.2500000000002</ele>
   </trkpt>
   <trkpt lat="45.958310000000004" lon="6.874950000000001">
    <ele>1879.7100000000003</ele>
   </trkpt>
   <trkpt lat="45.958400000000005" lon="6.874950000000001">
    <ele>1880.1200000000001</ele>
   </trkpt>
   <trkpt lat="45.95852000000001" lon="6.87518">
    <ele>1879.0800000000002</ele>
   </trkpt>
   <trkpt lat="45.958560000000006" lon="6.875210000000001">
    <ele>1879.2400000000002</ele>
   </trkpt>
   <trkpt lat="45.95866" lon="6.87539">
    <ele>1879.6000000000001</ele>
   </trkpt>
   <trkpt lat="45.95868" lon="6.875470000000001">
    <ele>1879.6000000000001</ele>
   </trkpt>
   <trkpt lat="45.9587" lon="6.8756">
    <ele>1879.13</ele>
   </trkpt>
   <trkpt lat="45.958740000000006" lon="6.8757">
    <ele>1878.2600000000002</ele>
   </trkpt>
   <trkpt lat="45.95877" lon="6.87588">
    <ele>1877.5600000000002</ele>
   </trkpt>
   <trkpt lat="45.958760000000005" lon="6.876">
    <ele>1877.2000000000003</ele>
   </trkpt>
   <trkpt lat="45.958780000000004" lon="6.876100000000001">
    <ele>1877.2000000000003</ele>
   </trkpt>
   <trkpt lat="45.95875" lon="6.87624">
    <ele>1876.44</ele>
   </trkpt>
   <trkpt lat="45.958670000000005" lon="6.876430000000001">
    <ele>1875.9500000000003</ele>
   </trkpt>
   <trkpt lat="45.95864" lon="6.876640000000001">
    <ele>1875.6800000000003</ele>
   </trkpt>
   <trkpt lat="45.958490000000005" lon="6.87699">
    <ele>1875.96</ele>
   </trkpt>
   <trkpt lat="45.958380000000005" lon="6.8773100000000005">
    <ele>1876.03</ele>
   </trkpt>
   <trkpt lat="45.958400000000005" lon="6.87736">
    <ele>1876.03</ele>
   </trkpt>
   <trkpt lat="45.958600000000004" lon="6.877560000000001">
    <ele>1874.3100000000002</ele>
   </trkpt>
   <trkpt lat="45.958870000000005" lon="6.877730000000001">
    <ele>1873.96</ele>
   </trkpt>
   <trkpt lat="45.95895" lon="6.877800000000001">
    <ele>1873.8000000000002</ele>
   </trkpt>
   <trkpt lat="45.95902" lon="6.878000000000001">
    <ele>1873.72</ele>
   </trkpt>
   <trkpt lat="45.959140000000005" lon="6.878050000000001">
    <ele>1873.28</ele>
   </trkpt>
   <trkpt lat="45.959230000000005" lon="6.87823">
    <ele>1872.75</ele>
   </trkpt>
   <trkpt lat="45.95926" lon="6.878340000000001">
    <ele>1872.3100000000002</ele>
   </trkpt>
   <trkpt lat="45.95922" lon="6.878610000000001">
    <ele>1872.0200000000002</ele>
   </trkpt>
   <trkpt lat="45.959250000000004" lon="6.878940000000001">
    <ele>1871.43</ele>
   </trkpt>
   <trkpt lat="45.9592" lon="6.8792100000000005">
    <ele>1870.15</ele>
   </trkpt>
   <trkpt lat="45.95904" lon="6.879670000000001">
    <ele>1866.5600000000002</ele>
   </trkpt>
   <trkpt lat="45.95882" lon="6.879860000000001">
    <ele>1863.7700000000002</ele>
   </trkpt>
   <trkpt lat="45.95872000000001" lon="6.88025">
    <ele>1856.63</ele>
   </trkpt>
   <trkpt lat="45.95843000000001" lon="6.880630000000001">
    <ele>1852.5900000000001</ele>
   </trkpt>
   <trkpt lat="45.9583" lon="6.880730000000001">
    <ele>1856.1200000000001</ele>
   </trkpt>
   <trkpt lat="45.95837" lon="6.880750000000001">
    <ele>1857.7500000000002</ele>
   </trkpt>
   <trkpt lat="45.958360000000006" lon="6.88093">
    <ele>1863.3100000000002</ele>
   </trkpt>
   <trkpt lat="45.958270000000006" lon="6.8812500000000005">
    <ele>1868.75</ele>
   </trkpt>
   <trkpt lat="45.95832" lon="6.881780000000001">
    <ele>1870.8000000000002</ele>
   </trkpt>
   <trkpt lat="45.958380000000005" lon="6.882130000000001">
    <ele>1871.0900000000001</ele>
   </trkpt>
   <trkpt lat="45.958470000000005" lon="6.8825">
    <ele>1870.24</ele>
   </trkpt>
   <trkpt lat="45.95857" lon="6.882650000000001">
    <ele>1870.14</ele>
   </trkpt>
   <trkpt lat="45.9587" lon="6.883100000000001">
    <ele>1871.2600000000002</ele>
   </trkpt>
   <trkpt lat="45.95871" lon="6.883260000000001">
    <ele>1871.4700000000003</ele>
   </trkpt>
   <trkpt lat="45.95891" lon="6.88372">
    <ele>1868.0500000000002</ele>
   </trkpt>
   <trkpt lat="45.958850000000005" lon="6.88393">
    <ele>1866.6200000000001</ele>
   </trkpt>
   <trkpt lat="45.95891" lon="6.884130000000001">
    <ele>1865.5500000000002</ele>
   </trkpt>
   <trkpt lat="45.958940000000005" lon="6.884320000000001">
    <ele>1865.08</ele>
   </trkpt>
   <trkpt lat="45.95893" lon="6.88447">
    <ele>1864.66</ele>
   </trkpt>
   <trkpt lat="45.958960000000005" lon="6.88461">
    <ele>1863.8300000000002</ele>
   </trkpt>
   <trkpt lat="45.959010000000006" lon="6.88475">
    <ele>1863.69</ele>
   </trkpt>
   <trkpt lat="45.959140000000005" lon="6.88494">
    <ele>1864.9700000000003</ele>
   </trkpt>
   <trkpt lat="45.959160000000004" lon="6.885020000000001">
    <ele>1865.5400000000002</ele>
   </trkpt>
   <trkpt lat="45.959270000000004" lon="6.885070000000001">
    <ele>1868.98</ele>
   </trkpt>
   <trkpt lat="45.95938" lon="6.885190000000001">
    <ele>1870.64</ele>
   </trkpt>
   <trkpt lat="45.95962" lon="6.88529">
    <ele>1879.0000000000002</ele>
   </trkpt>
   <trkpt lat="45.95973" lon="6.8853800000000005">
    <ele>1881.3700000000001</ele>
   </trkpt>
   <trkpt lat="45.959770000000006" lon="6.8855">
    <ele>1883.49</ele>
   </trkpt>
   <trkpt lat="45.959770000000006" lon="6.88555">
    <ele>1884.42</ele>
   </trkpt>
   <trkpt lat="45.95987" lon="6.885770000000001">
    <ele>1887.8600000000001</ele>
   </trkpt>
   <trkpt lat="45.95998" lon="6.885770000000001">
    <ele>1889.9800000000002</ele>
   </trkpt>
   <trkpt lat="45.96022000000001" lon="6.88588">
    <ele>1889.8400000000001</ele>
   </trkpt>
   <trkpt lat="45.96036" lon="6.8859900000000005">
    <ele>1890.91</ele>
   </trkpt>
   <trkpt lat="45.960440000000006" lon="6.88611">
    <ele>1891.4700000000003</ele>
   </trkpt>
   <trkpt lat="45.960530000000006" lon="6.88642">
    <ele>1895.01</ele>
   </trkpt>
   <trkpt lat="45.96054" lon="6.8865300000000005">
    <ele>1895.16</ele>
   </trkpt>
   <trkpt lat="45.9607" lon="6.886800000000001">
    <ele>1894.57</ele>
   </trkpt>
   <trkpt lat="45.96076" lon="6.88684">
    <ele>1894.1900000000003</ele>
   </trkpt>
   <trkpt lat="45.96097" lon="6.88684">
    <ele>1889.21</ele>
   </trkpt>
   <trkpt lat="45.961110000000005" lon="6.886880000000001">
    <ele>1888.5800000000002</ele>
   </trkpt>
   <trkpt lat="45.96123" lon="6.88684">
    <ele>1888.42</ele>
   </trkpt>
   <trkpt lat="45.96143000000001" lon="6.8867400000000005">
    <ele>1886.54</ele>
   </trkpt>
   <trkpt lat="45.961830000000006" lon="6.886290000000001">
    <ele>1878.98</ele>
   </trkpt>
   <trkpt lat="45.96191" lon="6.88625">
    <ele>1876.84</ele>
   </trkpt>
   <trkpt lat="45.961940000000006" lon="6.886260000000001">
    <ele>1876.84</ele>
   </trkpt>
   <trkpt lat="45.961960000000005" lon="6.8863">
    <ele>1876.84</ele>
   </trkpt>
   <trkpt lat="45.96193" lon="6.88637">
    <ele>1872.3</ele>
   </trkpt>
   <trkpt lat="45.96191" lon="6.88668">
    <ele>1867.01</ele>
   </trkpt>
   <trkpt lat="45.96193" lon="6.887020000000001">
    <ele>1864.8500000000001</ele>
   </trkpt>
   <trkpt lat="45.96202" lon="6.88738">
    <ele>1857.39</ele>
   </trkpt>
   <trkpt lat="45.962140000000005" lon="6.887160000000001">
    <ele>1853.16</ele>
   </trkpt>
   <trkpt lat="45.962340000000005" lon="6.8870000000000005">
    <ele>1848.93</ele>
   </trkpt>
   <trkpt lat="45.96257000000001" lon="6.88691">
    <ele>1848.38</ele>
   </trkpt>
   <trkpt lat="45.96273" lon="6.886880000000001">
    <ele>1849.2400000000002</ele>
   </trkpt>
   <trkpt lat="45.96285" lon="6.886880000000001">
    <ele>1850.48</ele>
   </trkpt>
   <trkpt lat="45.96296" lon="6.88691">
    <ele>1850.98</ele>
   </trkpt>
   <trkpt lat="45.96334" lon="6.8871">
    <ele>1855.8300000000002</ele>
   </trkpt>
   <trkpt lat="45.96360000000001" lon="6.887340000000001">
    <ele>1857.7400000000002</ele>
   </trkpt>
   <trkpt lat="45.963800000000006" lon="6.887460000000001">
    <ele>1861.29</ele>
   </trkpt>
   <trkpt lat="45.96394" lon="6.887580000000001">
    <ele>1862.66</ele>
   </trkpt>
   <trkpt lat="45.96416000000001" lon="6.8881000000000006">
    <ele>1866.4600000000003</ele>
   </trkpt>
   <trkpt lat="45.96423" lon="6.888170000000001">
    <ele>1864.69</ele>
   </trkpt>
   <trkpt lat="45.964360000000006" lon="6.888260000000001">
    <ele>1860.8300000000002</ele>
   </trkpt>
   <trkpt lat="45.96455" lon="6.88848">
    <ele>1857.19</ele>
   </trkpt>
   <trkpt lat="45.964620000000004" lon="6.888590000000001">
    <ele>1856.48</ele>
   </trkpt>
   <trkpt lat="45.964710000000004" lon="6.88862">
    <ele>1856.2</ele>
   </trkpt>
   <trkpt lat="45.964960000000005" lon="6.88914">
    <ele>1853.94</ele>
   </trkpt>
   <trkpt lat="45.965050000000005" lon="6.88916">
    <ele>1854.3100000000002</ele>
   </trkpt>
   <trkpt lat="45.965120000000006" lon="6.889200000000001">
    <ele>1854.64</ele>
   </trkpt>
   <trkpt lat="45.9652" lon="6.889310000000001">
    <ele>1855.42</ele>
   </trkpt>
   <trkpt lat="45.96533" lon="6.889380000000001">
    <ele>1857.4</ele>
   </trkpt>
   <trkpt lat="45.965540000000004" lon="6.88937">
    <ele>1858.5300000000002</ele>
   </trkpt>
   <trkpt lat="45.965590000000006" lon="6.8895100000000005">
    <ele>1859.02</ele>
   </trkpt>
   <trkpt lat="45.96576" lon="6.889660000000001">
    <ele>1860.2600000000002</ele>
   </trkpt>
   <trkpt lat="45.965900000000005" lon="6.8897">
    <ele>1861.5100000000002</ele>
   </trkpt>
   <trkpt lat="45.96638" lon="6.890110000000001">
    <ele>1868.0700000000002</ele>
   </trkpt>
   <trkpt lat="45.96652" lon="6.890130000000001">
    <ele>1869.94</ele>
   </trkpt>
   <trkpt lat="45.966550000000005" lon="6.8903300000000005">
    <ele>1870.6000000000001</ele>
   </trkpt>
   <trkpt lat="45.96667" lon="6.89041">
    <ele>1870.54</ele>
   </trkpt>
   <trkpt lat="45.966770000000004" lon="6.890670000000001">
    <ele>1870.33</ele>
   </trkpt>
   <trkpt lat="45.96687000000001" lon="6.890820000000001">
    <ele>1870.7300000000002</ele>
   </trkpt>
   <trkpt lat="45.96696" lon="6.890860000000001">
    <ele>1870.72</ele>
   </trkpt>
   <trkpt lat="45.967130000000004" lon="6.89111">
    <ele>1872.39</ele>
   </trkpt>
   <trkpt lat="45.967310000000005" lon="6.89125">
    <ele>1876.24</ele>
   </trkpt>
   <trkpt lat="45.96737" lon="6.89125">
    <ele>1876.24</ele>
   </trkpt>
   <trkpt lat="45.967420000000004" lon="6.891310000000001">
    <ele>1877.5400000000002</ele>
   </trkpt>
   <trkpt lat="45.967470000000006" lon="6.891400000000001">
    <ele>1879.16</ele>
   </trkpt>
   <trkpt lat="45.96748" lon="6.891500000000001">
    <ele>1879.16</ele>
   </trkpt>
   <trkpt lat="45.967530000000004" lon="6.891640000000001">
    <ele>1882.88</ele>
   </trkpt>
   <trkpt lat="45.96754000000001" lon="6.89174">
    <ele>1883.6800000000003</ele>
   </trkpt>
   <trkpt lat="45.96759" lon="6.891850000000001">
    <ele>1885.0200000000002</ele>
   </trkpt>
   <trkpt lat="45.967670000000005" lon="6.891890000000001">
    <ele>1886.03</ele>
   </trkpt>
   <trkpt lat="45.967710000000004" lon="6.891940000000001">
    <ele>1886.45</ele>
   </trkpt>
   <trkpt lat="45.96782" lon="6.891970000000001">
    <ele>1887.6200000000001</ele>
   </trkpt>
   <trkpt lat="45.967890000000004" lon="6.892040000000001">
    <ele>1888.47</ele>
   </trkpt>
   <trkpt lat="45.968" lon="6.8920900000000005">
    <ele>1889.45</ele>
   </trkpt>
   <trkpt lat="45.96824" lon="6.892110000000001">
    <ele>1894.4</ele>
   </trkpt>
   <trkpt lat="45.968610000000005" lon="6.892290000000001">
    <ele>1898.44</ele>
   </trkpt>
   <trkpt lat="45.968700000000005" lon="6.892270000000001">
    <ele>1899.16</ele>
   </trkpt>
   <trkpt lat="45.968740000000004" lon="6.89231">
    <ele>1900.27</ele>
   </trkpt>
   <trkpt lat="45.96887" lon="6.89261">
    <ele>1903.99</ele>
   </trkpt>
   <trkpt lat="45.96898" lon="6.892810000000001">
    <ele>1906.8</ele>
   </trkpt>
   <trkpt lat="45.969" lon="6.8929100000000005">
    <ele>1908.7600000000002</ele>
   </trkpt>
   <trkpt lat="45.969" lon="6.893020000000001">
    <ele>1909.92</ele>
   </trkpt>
   <trkpt lat="45.96905" lon="6.89308">
    <ele>1913.6100000000001</ele>
   </trkpt>
   <trkpt lat="45.969060000000006" lon="6.893180000000001">
    <ele>1913.6100000000001</ele>
   </trkpt>
   <trkpt lat="45.969100000000005" lon="6.8931000000000004">
    <ele>1914.77</ele>
   </trkpt>
   <trkpt lat="45.96913000000001" lon="6.8931000000000004">
    <ele>1916.9600000000003</ele>
   </trkpt>
   <trkpt lat="45.969170000000005" lon="6.893040000000001">
    <ele>1916.9600000000003</ele>
   </trkpt>
   <trkpt lat="45.969190000000005" lon="6.89306">
    <ele>1916.9600000000003</ele>
   </trkpt>
   <trkpt lat="45.96916" lon="6.893790000000001">
    <ele>1929.1000000000001</ele>
   </trkpt>
   <trkpt lat="45.969210000000004" lon="6.89404">
    <ele>1934.22</ele>
   </trkpt>
   <trkpt lat="45.96929" lon="6.8939900000000005">
    <ele>1938.4</ele>
   </trkpt>
   <trkpt lat="45.969350000000006" lon="6.894100000000001">
    <ele>1939.7300000000002</ele>
   </trkpt>
   <trkpt lat="45.96956" lon="6.894270000000001">
    <ele>1948.66</ele>
   </trkpt>
   <trkpt lat="45.969660000000005" lon="6.894290000000001">
    <ele>1949.8500000000001</ele>
   </trkpt>
   <trkpt lat="45.96974" lon="6.894340000000001">
    <ele>1953.01</ele>
   </trkpt>
   <trkpt lat="45.96992" lon="6.894400000000001">
    <ele>1956.1200000000001</ele>
   </trkpt>
   <trkpt lat="45.96999" lon="6.894470000000001">
    <ele>1956.56</ele>
   </trkpt>
   <trkpt lat="45.97005" lon="6.894570000000001">
    <ele>1957.1100000000001</ele>
   </trkpt>
   <trkpt lat="45.97021" lon="6.8947400000000005">
    <ele>1957.3400000000001</ele>
   </trkpt>
   <trkpt lat="45.970310000000005" lon="6.89482">
    <ele>1957.75</ele>
   </trkpt>
   <trkpt lat="45.970420000000004" lon="6.894850000000001">
    <ele>1958.23</ele>
   </trkpt>
   <trkpt lat="45.970490000000005" lon="6.89491">
    <ele>1958.5400000000002</ele>
   </trkpt>
   <trkpt lat="45.9707" lon="6.894990000000001">
    <ele>1959.54</ele>
   </trkpt>
   <trkpt lat="45.97084" lon="6.89517">
    <ele>1959.4000000000003</ele>
   </trkpt>
   <trkpt lat="45.97093" lon="6.895230000000001">
    <ele>1959.0500000000002</ele>
   </trkpt>
   <trkpt lat="45.97101000000001" lon="6.895340000000001">
    <ele>1958.53</ele>
   </trkpt>
   <trkpt lat="45.97110000000001" lon="6.8954">
    <ele>1958.4</ele>
   </trkpt>
   <trkpt lat="45.971210000000006" lon="6.89552">
    <ele>1958.0100000000002</ele>
   </trkpt>
   <trkpt lat="45.97131" lon="6.895670000000001">
    <ele>1957.3000000000002</ele>
   </trkpt>
   <trkpt lat="45.9714" lon="6.89573">
    <ele>1956.83</ele>
   </trkpt>
   <trkpt lat="45.97146" lon="6.895950000000001">
    <ele>1955.8200000000002</ele>
   </trkpt>
   <trkpt lat="45.971520000000005" lon="6.8960300000000005">
    <ele>1955.8200000000002</ele>
   </trkpt>
   <trkpt lat="45.971630000000005" lon="6.89611">
    <ele>1955.48</ele>
   </trkpt>
   <trkpt lat="45.971810000000005" lon="6.8962900000000005">
    <ele>1954.91</ele>
   </trkpt>
   <trkpt lat="45.97195000000001" lon="6.896540000000001">
    <ele>1955.22</ele>
   </trkpt>
   <trkpt lat="45.972190000000005" lon="6.89672">
    <ele>1956.0800000000002</ele>
   </trkpt>
   <trkpt lat="45.97245" lon="6.897010000000001">
    <ele>1958.6000000000001</ele>
   </trkpt>
   <trkpt lat="45.97260000000001" lon="6.897290000000001">
    <ele>1959.9400000000003</ele>
   </trkpt>
   <trkpt lat="45.972620000000006" lon="6.897430000000001">
    <ele>1959.78</ele>
   </trkpt>
   <trkpt lat="45.97278000000001" lon="6.89754">
    <ele>1960.1200000000001</ele>
   </trkpt>
   <trkpt lat="45.97289000000001" lon="6.89782">
    <ele>1959.7000000000003</ele>
   </trkpt>
   <trkpt lat="45.97296" lon="6.8978600000000005">
    <ele>1959.7000000000003</ele>
   </trkpt>
   <trkpt lat="45.97326" lon="6.897880000000001">
    <ele>1957.2800000000002</ele>
   </trkpt>
   <trkpt lat="45.9733" lon="6.89782">
    <ele>1956.5800000000002</ele>
   </trkpt>
   <trkpt lat="45.973420000000004" lon="6.89775">
    <ele>1953.68</ele>
   </trkpt>
   <trkpt lat="45.97361" lon="6.89789">
    <ele>1948.29</ele>
   </trkpt>
   <trkpt lat="45.97374000000001" lon="6.89784">
    <ele>1946.56</ele>
   </trkpt>
   <trkpt lat="45.973870000000005" lon="6.89775">
    <ele>1945.1200000000001</ele>
   </trkpt>
   <trkpt lat="45.973960000000005" lon="6.8977200000000005">
    <ele>1943.0300000000002</ele>
   </trkpt>
   <trkpt lat="45.97404" lon="6.89777">
    <ele>1942.3500000000001</ele>
   </trkpt>
   <trkpt lat="45.97424" lon="6.897780000000001">
    <ele>1939.7000000000003</ele>
   </trkpt>
   <trkpt lat="45.97433" lon="6.89782">
    <ele>1939.7000000000003</ele>
   </trkpt>
   <trkpt lat="45.97466000000001" lon="6.89808">
    <ele>1938.9600000000003</ele>
   </trkpt>
   <trkpt lat="45.974700000000006" lon="6.898180000000001">
    <ele>1940.3600000000001</ele>
   </trkpt>
   <trkpt lat="45.97477000000001" lon="6.8981900000000005">
    <ele>1940.8</ele>
   </trkpt>
   <trkpt lat="45.974830000000004" lon="6.89824">
    <ele>1941.17</ele>
   </trkpt>
   <trkpt lat="45.97487" lon="6.898390000000001">
    <ele>1942.0000000000002</ele>
   </trkpt>
   <trkpt lat="45.97498" lon="6.89841">
    <ele>1942.23</ele>
   </trkpt>
   <trkpt lat="45.975060000000006" lon="6.89845">
    <ele>1942.77</ele>
   </trkpt>
   <trkpt lat="45.97513000000001" lon="6.89845">
    <ele>1943.4700000000003</ele>
   </trkpt>
   <trkpt lat="45.975170000000006" lon="6.898490000000001">
    <ele>1943.95</ele>
   </trkpt>
   <trkpt lat="45.975280000000005" lon="6.8985">
    <ele>1945.3200000000002</ele>
   </trkpt>
   <trkpt lat="45.975550000000005" lon="6.898670000000001">
    <ele>1950.9</ele>
   </trkpt>
   <trkpt lat="45.97592" lon="6.89878">
    <ele>1952.5800000000002</ele>
   </trkpt>
   <trkpt lat="45.97614" lon="6.8988000000000005">
    <ele>1953.9700000000003</ele>
   </trkpt>
   <trkpt lat="45.97634" lon="6.89885">
    <ele>1954.8600000000001</ele>
   </trkpt>
   <trkpt lat="45.97663000000001" lon="6.89899">
    <ele>1954.2700000000002</ele>
   </trkpt>
   <trkpt lat="45.976820000000004" lon="6.89906">
    <ele>1954.0400000000002</ele>
   </trkpt>
   <trkpt lat="45.9769" lon="6.899140000000001">
    <ele>1954.0000000000002</ele>
   </trkpt>
   <trkpt lat="45.976960000000005" lon="6.89916">
    <ele>1953.9100000000003</ele>
   </trkpt>
   <trkpt lat="45.97706" lon="6.899100000000001">
    <ele>1953.18</ele>
   </trkpt>
   <trkpt lat="45.977320000000006" lon="6.89925">
    <ele>1954.88</ele>
   </trkpt>
   <trkpt lat="45.9774" lon="6.899260000000001">
    <ele>1955.9400000000003</ele>
   </trkpt>
   <trkpt lat="45.977470000000004" lon="6.89923">
    <ele>1958.3000000000002</ele>
   </trkpt>
   <trkpt lat="45.977540000000005" lon="6.899260000000001">
    <ele>1960.32</ele>
   </trkpt>
   <trkpt lat="45.977590000000006" lon="6.899310000000001">
    <ele>1960.9900000000002</ele>
   </trkpt>
   <trkpt lat="45.977650000000004" lon="6.899310000000001">
    <ele>1961.66</ele>
   </trkpt>
   <trkpt lat="45.97775" lon="6.89939">
    <ele>1961.8300000000002</ele>
   </trkpt>
   <trkpt lat="45.97782" lon="6.899610000000001">
    <ele>1962.1100000000001</ele>
   </trkpt>
   <trkpt lat="45.978030000000004" lon="6.89974">
    <ele>1962.7800000000002</ele>
   </trkpt>
   <trkpt lat="45.978060000000006" lon="6.899830000000001">
    <ele>1963.18</ele>
   </trkpt>
   <trkpt lat="45.97831" lon="6.900180000000001">
    <ele>1968.3700000000001</ele>
   </trkpt>
   <trkpt lat="45.978410000000004" lon="6.90087">
    <ele>1973.5600000000002</ele>
   </trkpt>
   <trkpt lat="45.978530000000006" lon="6.90115">
    <ele>1978.25</ele>
   </trkpt>
   <trkpt lat="45.9787" lon="6.901890000000001">
    <ele>1988.7800000000002</ele>
   </trkpt>
   <trkpt lat="45.978750000000005" lon="6.90204">
    <ele>1991.7700000000002</ele>
   </trkpt>
   <trkpt lat="45.97874" lon="6.902240000000001">
    <ele>1994.17</ele>
   </trkpt>
   <trkpt lat="45.978680000000004" lon="6.9023900000000005">
    <ele>1995.7300000000002</ele>
   </trkpt>
   <trkpt lat="45.978680000000004" lon="6.90265">
    <ele>1998.64</ele>
   </trkpt>
   <trkpt lat="45.97876" lon="6.902880000000001">
    <ele>1999.42</ele>
   </trkpt>
   <trkpt lat="45.978790000000004" lon="6.903060000000001">
    <ele>2002.4100000000003</ele>
   </trkpt>
   <trkpt lat="45.978930000000005" lon="6.903370000000001">
    <ele>2006.45</ele>
   </trkpt>
   <trkpt lat="45.979040000000005" lon="6.903550000000001">
    <ele>2009.8000000000002</ele>
   </trkpt>
   <trkpt lat="45.979110000000006" lon="6.9036100000000005">
    <ele>2011.3100000000004</ele>
   </trkpt>
   <trkpt lat="45.979310000000005" lon="6.903620000000001">
    <ele>2013.8899999999999</ele>
   </trkpt>
   <trkpt lat="45.97943" lon="6.903550000000001">
    <ele>2015.6100000000001</ele>
   </trkpt>
   <trkpt lat="45.979710000000004" lon="6.903490000000001">
    <ele>2019.6200000000001</ele>
   </trkpt>
   <trkpt lat="45.97984" lon="6.90352">
    <ele>2022.0800000000004</ele>
   </trkpt>
   <trkpt lat="45.979960000000005" lon="6.903480000000001">
    <ele>2024.27</ele>
   </trkpt>
   <trkpt lat="45.980030000000006" lon="6.90352">
    <ele>2025.9</ele>
   </trkpt>
   <trkpt lat="45.980230000000006" lon="6.903530000000001">
    <ele>2029.4700000000003</ele>
   </trkpt>
   <trkpt lat="45.980270000000004" lon="6.90364">
    <ele>2030.3400000000001</ele>
   </trkpt>
   <trkpt lat="45.980270000000004" lon="6.903840000000001">
    <ele>2032.6500000000003</ele>
   </trkpt>
   <trkpt lat="45.98024" lon="6.904020000000001">
    <ele>2034.5600000000004</ele>
   </trkpt>
   <trkpt lat="45.98019" lon="6.904100000000001">
    <ele>2036.15</ele>
   </trkpt>
   <trkpt lat="45.980180000000004" lon="6.904190000000001">
    <ele>2036.8799999999999</ele>
   </trkpt>
   <trkpt lat="45.980270000000004" lon="6.90444">
    <ele>2040.96</ele>
   </trkpt>
   <trkpt lat="45.980320000000006" lon="6.904350000000001">
    <ele>2044.8500000000001</ele>
   </trkpt>
   <trkpt lat="45.980340000000005" lon="6.904260000000001">
    <ele>2044.8500000000001</ele>
   </trkpt>
   <trkpt lat="45.98037" lon="6.904240000000001">
    <ele>2047.9800000000002</ele>
   </trkpt>
   <trkpt lat="45.9804" lon="6.90455">
    <ele>2051.78</ele>
   </trkpt>
   <trkpt lat="45.980450000000005" lon="6.90462">
    <ele>2054.63</ele>
   </trkpt>
   <trkpt lat="45.980470000000004" lon="6.904680000000001">
    <ele>2056.1600000000003</ele>
   </trkpt>
   <trkpt lat="45.980520000000006" lon="6.90472">
    <ele>2056.1600000000003</ele>
   </trkpt>
   <trkpt lat="45.980650000000004" lon="6.904750000000001">
    <ele>2058.29</ele>
   </trkpt>
   <trkpt lat="45.980740000000004" lon="6.904750000000001">
    <ele>2060.7000000000003</ele>
   </trkpt>
   <trkpt lat="45.98082" lon="6.90479">
    <ele>2060.7000000000003</ele>
   </trkpt>
   <trkpt lat="45.980920000000005" lon="6.904960000000001">
    <ele>2064.44</ele>
   </trkpt>
   <trkpt lat="45.98102" lon="6.90495">
    <ele>2067.42</ele>
   </trkpt>
   <trkpt lat="45.98104000000001" lon="6.90488">
    <ele>2070.3300000000004</ele>
   </trkpt>
   <trkpt lat="45.98107" lon="6.904840000000001">
    <ele>2070.3300000000004</ele>
   </trkpt>
   <trkpt lat="45.9812" lon="6.90493">
    <ele>2073.7400000000002</ele>
   </trkpt>
   <trkpt lat="45.981300000000005" lon="6.90493">
    <ele>2079.5600000000004</ele>
   </trkpt>
   <trkpt lat="45.98133000000001" lon="6.90488">
    <ele>2080.28</ele>
   </trkpt>
   <trkpt lat="45.98136" lon="6.904870000000001">
    <ele>2080.28</ele>
   </trkpt>
   <trkpt lat="45.981410000000004" lon="6.90505">
    <ele>2082.63</ele>
   </trkpt>
   <trkpt lat="45.9814" lon="6.905170000000001">
    <ele>2090.13</ele>
   </trkpt>
   <trkpt lat="45.98142000000001" lon="6.9051800000000005">
    <ele>2090.13</ele>
   </trkpt>
   <trkpt lat="45.98151000000001" lon="6.905100000000001">
    <ele>2090.13</ele>
   </trkpt>
   <trkpt lat="45.98153000000001" lon="6.9051100000000005">
    <ele>2090.13</ele>
   </trkpt>
   <trkpt lat="45.981500000000004" lon="6.90521">
    <ele>2095.4</ele>
   </trkpt>
   <trkpt lat="45.98156" lon="6.905200000000001">
    <ele>2095.4</ele>
   </trkpt>
   <trkpt lat="45.981570000000005" lon="6.90523">
    <ele>2095.4</ele>
   </trkpt>
   <trkpt lat="45.98154" lon="6.905360000000001">
    <ele>2096.67</ele>
   </trkpt>
   <trkpt lat="45.98156" lon="6.905380000000001">
    <ele>2100.29</ele>
   </trkpt>
   <trkpt lat="45.981570000000005" lon="6.90535">
    <ele>2100.29</ele>
   </trkpt>
   <trkpt lat="45.981590000000004" lon="6.90535">
    <ele>2100.29</ele>
   </trkpt>
   <trkpt lat="45.98161" lon="6.905460000000001">
    <ele>2101.38</ele>
   </trkpt>
   <trkpt lat="45.98163" lon="6.905450000000001">
    <ele>2102.3300000000004</ele>
   </trkpt>
   <trkpt lat="45.98165" lon="6.90554">
    <ele>2103.1</ele>
   </trkpt>
   <trkpt lat="45.981700000000004" lon="6.90554">
    <ele>2103.6800000000003</ele>
   </trkpt>
   <trkpt lat="45.98181" lon="6.90589">
    <ele>2105.1600000000003</ele>
   </trkpt>
   <trkpt lat="45.9819" lon="6.906020000000001">
    <ele>2107.6200000000003</ele>
   </trkpt>
   <trkpt lat="45.981950000000005" lon="6.906020000000001">
    <ele>2108.73</ele>
   </trkpt>
   <trkpt lat="45.98203" lon="6.90615">
    <ele>2109.89</ele>
   </trkpt>
   <trkpt lat="45.982040000000005" lon="6.906090000000001">
    <ele>2116.08</ele>
   </trkpt>
   <trkpt lat="45.982060000000004" lon="6.9061200000000005">
    <ele>2116.08</ele>
   </trkpt>
   <trkpt lat="45.98209000000001" lon="6.906130000000001">
    <ele>2116.08</ele>
   </trkpt>
   <trkpt lat="45.982110000000006" lon="6.90627">
    <ele>2117.26</ele>
   </trkpt>
   <trkpt lat="45.982200000000006" lon="6.90638">
    <ele>2120.67</ele>
   </trkpt>
   <trkpt lat="45.982240000000004" lon="6.9064000000000005">
    <ele>2121.8700000000003</ele>
   </trkpt>
   <trkpt lat="45.982290000000006" lon="6.9065">
    <ele>2124.4</ele>
   </trkpt>
   <trkpt lat="45.98236000000001" lon="6.90657">
    <ele>2128.33</ele>
   </trkpt>
   <trkpt lat="45.98245000000001" lon="6.90655">
    <ele>2128.33</ele>
   </trkpt>
   <trkpt lat="45.98266" lon="6.906420000000001">
    <ele>2133.03</ele>
   </trkpt>
   <trkpt lat="45.982800000000005" lon="6.90638">
    <ele>2133.9900000000002</ele>
   </trkpt>
   <trkpt lat="45.98293" lon="6.906420000000001">
    <ele>2134.36</ele>
   </trkpt>
   <trkpt lat="45.983000000000004" lon="6.906420000000001">
    <ele>2134.36</ele>
   </trkpt>
   <trkpt lat="45.98322" lon="6.906530000000001">
    <ele>2134.82</ele>
   </trkpt>
   <trkpt lat="45.98330000000001" lon="6.90652">
    <ele>2134.69</ele>
   </trkpt>
   <trkpt lat="45.98339000000001" lon="6.906530000000001">
    <ele>2134.43</ele>
   </trkpt>
   <trkpt lat="45.983450000000005" lon="6.90664">
    <ele>2134.37</ele>
   </trkpt>
   <trkpt lat="45.983540000000005" lon="6.90669">
    <ele>2134.35</ele>
   </trkpt>
   <trkpt lat="45.98362" lon="6.906790000000001">
    <ele>2134.42</ele>
   </trkpt>
   <trkpt lat="45.98371" lon="6.906840000000001">
    <ele>2134.36</ele>
   </trkpt>
   <trkpt lat="45.9842" lon="6.907280000000001">
    <ele>2133.3700000000003</ele>
   </trkpt>
   <trkpt lat="45.984280000000005" lon="6.9074100000000005">
    <ele>2133.0400000000004</ele>
   </trkpt>
   <trkpt lat="45.984440000000006" lon="6.90744">
    <ele>2133.27</ele>
   </trkpt>
   <trkpt lat="45.9846" lon="6.90758">
    <ele>2132.9200000000005</ele>
   </trkpt>
   <trkpt lat="45.984680000000004" lon="6.9076200000000005">
    <ele>2132.27</ele>
   </trkpt>
   <trkpt lat="45.984700000000004" lon="6.907660000000001">
    <ele>2131.9</ele>
   </trkpt>
   <trkpt lat="45.985040000000005" lon="6.90767">
    <ele>2132.3500000000004</ele>
   </trkpt>
   <trkpt lat="45.98519" lon="6.90772">
    <ele>2132.33</ele>
   </trkpt>
   <trkpt lat="45.985260000000004" lon="6.907760000000001">
    <ele>2131.85</ele>
   </trkpt>
   <trkpt lat="45.985380000000006" lon="6.90793">
    <ele>2128.9100000000003</ele>
   </trkpt>
   <trkpt lat="45.98543" lon="6.9081">
    <ele>2126.9500000000003</ele>
   </trkpt>
   <trkpt lat="45.985510000000005" lon="6.908220000000001">
    <ele>2124.6200000000003</ele>
   </trkpt>
   <trkpt lat="45.98563" lon="6.90828">
    <ele>2123.36</ele>
   </trkpt>
   <trkpt lat="45.985690000000005" lon="6.908290000000001">
    <ele>2122.86</ele>
   </trkpt>
   <trkpt lat="45.985760000000006" lon="6.908460000000001">
    <ele>2120.87</ele>
   </trkpt>
   <trkpt lat="45.98601" lon="6.908580000000001">
    <ele>2116.33</ele>
   </trkpt>
   <trkpt lat="45.98608" lon="6.908690000000001">
    <ele>2114.9</ele>
   </trkpt>
   <trkpt lat="45.986110000000004" lon="6.90878">
    <ele>2114.28</ele>
   </trkpt>
   <trkpt lat="45.98612000000001" lon="6.908900000000001">
    <ele>2112.6200000000003</ele>
   </trkpt>
   <trkpt lat="45.98619" lon="6.909040000000001">
    <ele>2111.58</ele>
   </trkpt>
   <trkpt lat="45.98642" lon="6.9091700000000005">
    <ele>2107.39</ele>
   </trkpt>
   <trkpt lat="45.986430000000006" lon="6.909330000000001">
    <ele>2106.44</ele>
   </trkpt>
   <trkpt lat="45.98646" lon="6.9093800000000005">
    <ele>2106.25</ele>
   </trkpt>
   <trkpt lat="45.98649" lon="6.909510000000001">
    <ele>2106.3</ele>
   </trkpt>
   <trkpt lat="45.9868" lon="6.91002">
    <ele>2102.57</ele>
   </trkpt>
   <trkpt lat="45.98686000000001" lon="6.9100600000000005">
    <ele>2101.63</ele>
   </trkpt>
   <trkpt lat="45.98686000000001" lon="6.910150000000001">
    <ele>2100.5800000000004</ele>
   </trkpt>
   <trkpt lat="45.98691" lon="6.910200000000001">
    <ele>2098.37</ele>
   </trkpt>
   <trkpt lat="45.98702" lon="6.91023">
    <ele>2096.33</ele>
   </trkpt>
   <trkpt lat="45.98705" lon="6.9103">
    <ele>2094.55</ele>
   </trkpt>
   <trkpt lat="45.98715000000001" lon="6.910380000000001">
    <ele>2093.0</ele>
   </trkpt>
   <trkpt lat="45.987260000000006" lon="6.9103900000000005">
    <ele>2090.1200000000003</ele>
   </trkpt>
   <trkpt lat="45.987370000000006" lon="6.91051">
    <ele>2088.82</ele>
   </trkpt>
   <trkpt lat="45.98753000000001" lon="6.91075">
    <ele>2086.17</ele>
   </trkpt>
   <trkpt lat="45.987640000000006" lon="6.910850000000001">
    <ele>2085.09</ele>
   </trkpt>
   <trkpt lat="45.98776" lon="6.91089">
    <ele>2082.59</ele>
   </trkpt>
   <trkpt lat="45.987860000000005" lon="6.91096">
    <ele>2081.04</ele>
   </trkpt>
   <trkpt lat="45.988020000000006" lon="6.911160000000001">
    <ele>2076.51</ele>
   </trkpt>
   <trkpt lat="45.988040000000005" lon="6.911230000000001">
    <ele>2075.81</ele>
   </trkpt>
   <trkpt lat="45.98818000000001" lon="6.911320000000001">
    <ele>2073.6700000000005</ele>
   </trkpt>
   <trkpt lat="45.988420000000005" lon="6.91138">
    <ele>2070.1</ele>
   </trkpt>
   <trkpt lat="45.98865000000001" lon="6.91166">
    <ele>2068.5</ele>
   </trkpt>
   <trkpt lat="45.988760000000006" lon="6.911720000000001">
    <ele>2068.88</ele>
   </trkpt>
   <trkpt lat="45.98884" lon="6.911810000000001">
    <ele>2068.7999999999997</ele>
   </trkpt>
   <trkpt lat="45.98899" lon="6.91187">
    <ele>2067.21</ele>
   </trkpt>
   <trkpt lat="45.98924" lon="6.9121500000000005">
    <ele>2061.1800000000003</ele>
   </trkpt>
   <trkpt lat="45.989340000000006" lon="6.9122">
    <ele>2060.3700000000003</ele>
   </trkpt>
   <trkpt lat="45.98937" lon="6.912190000000001">
    <ele>2059.61</ele>
   </trkpt>
   <trkpt lat="45.98939" lon="6.91213">
    <ele>2058.9300000000003</ele>
   </trkpt>
   <trkpt lat="45.989380000000004" lon="6.9120800000000004">
    <ele>2058.3500000000004</ele>
   </trkpt>
   <trkpt lat="45.98942" lon="6.91201">
    <ele>2057.9300000000003</ele>
   </trkpt>
   <trkpt lat="45.98955" lon="6.912050000000001">
    <ele>2057.63</ele>
   </trkpt>
   <trkpt lat="45.98969" lon="6.912140000000001">
    <ele>2057.67</ele>
   </trkpt>
   <trkpt lat="45.98975" lon="6.912120000000001">
    <ele>2057.51</ele>
   </trkpt>
   <trkpt lat="45.989850000000004" lon="6.91204">
    <ele>2057.04</ele>
   </trkpt>
   <trkpt lat="45.989920000000005" lon="6.911950000000001">
    <ele>2056.21</ele>
   </trkpt>
   <trkpt lat="45.989990000000006" lon="6.91178">
    <ele>2055.84</ele>
   </trkpt>
   <trkpt lat="45.99029" lon="6.9114700000000004">
    <ele>2054.7200000000003</ele>
   </trkpt>
   <trkpt lat="45.99053000000001" lon="6.911130000000001">
    <ele>2051.93</ele>
   </trkpt>
   <trkpt lat="45.99063" lon="6.9111">
    <ele>2051.38</ele>
   </trkpt>
   <trkpt lat="45.990840000000006" lon="6.911250000000001">
    <ele>2051.39</ele>
   </trkpt>
   <trkpt lat="45.991080000000004" lon="6.911340000000001">
    <ele>2051.65</ele>
   </trkpt>
   <trkpt lat="45.99139" lon="6.91138">
    <ele>2053.4700000000003</ele>
   </trkpt>
   <trkpt lat="45.99159" lon="6.911340000000001">
    <ele>2054.5600000000004</ele>
   </trkpt>
   <trkpt lat="45.99165000000001" lon="6.91136">
    <ele>2054.5600000000004</ele>
   </trkpt>
   <trkpt lat="45.9919" lon="6.911700000000001">
    <ele>2060.61</ele>
   </trkpt>
   <trkpt lat="45.99221000000001" lon="6.911620000000001">
    <ele>2064.17</ele>
   </trkpt>
   <trkpt lat="45.992450000000005" lon="6.911650000000001">
    <ele>2064.34</ele>
   </trkpt>
   <trkpt lat="45.99255" lon="6.911560000000001">
    <ele>2063.7100000000005</ele>
   </trkpt>
   <trkpt lat="45.99264" lon="6.911550000000001">
    <ele>2062.4800000000005</ele>
   </trkpt>
   <trkpt lat="45.992760000000004" lon="6.911720000000001">
    <ele>2061.5</ele>
   </trkpt>
   <trkpt lat="45.99291" lon="6.911700000000001">
    <ele>2061.76</ele>
   </trkpt>
   <trkpt lat="45.99302" lon="6.91171">
    <ele>2063.04</ele>
   </trkpt>
   <trkpt lat="45.99322" lon="6.91166">
    <ele>2063.79</ele>
   </trkpt>
   <trkpt lat="45.99334" lon="6.911740000000001">
    <ele>2063.42</ele>
   </trkpt>
   <trkpt lat="45.993410000000004" lon="6.91183">
    <ele>2062.4700000000003</ele>
   </trkpt>
   <trkpt lat="45.99347" lon="6.9117500000000005">
    <ele>2061.2000000000003</ele>
   </trkpt>
   <trkpt lat="45.993570000000005" lon="6.911700000000001">
    <ele>2060.36</ele>
   </trkpt>
   <trkpt lat="45.99365" lon="6.91173">
    <ele>2060.4300000000003</ele>
   </trkpt>
   <trkpt lat="45.99387" lon="6.9117500000000005">
    <ele>2060.0400000000004</ele>
   </trkpt>
   <trkpt lat="45.99401" lon="6.91166">
    <ele>2058.9300000000003</ele>
   </trkpt>
   <trkpt lat="45.994080000000004" lon="6.91166">
    <ele>2058.9300000000003</ele>
   </trkpt>
   <trkpt lat="45.994580000000006" lon="6.912120000000001">
    <ele>2048.5299999999997</ele>
   </trkpt>
   <trkpt lat="45.994800000000005" lon="6.912240000000001">
    <ele>2043.26</ele>
   </trkpt>
   <trkpt lat="45.994870000000006" lon="6.91244">
    <ele>2039.95</ele>
   </trkpt>
   <trkpt lat="45.9949" lon="6.912470000000001">
    <ele>2038.78</ele>
   </trkpt>
   <trkpt lat="45.994960000000006" lon="6.9124300000000005">
    <ele>2036.3200000000004</ele>
   </trkpt>
   <trkpt lat="45.99506" lon="6.912560000000001">
    <ele>2034.0700000000002</ele>
   </trkpt>
   <trkpt lat="45.995110000000004" lon="6.91255">
    <ele>2034.0700000000002</ele>
   </trkpt>
   <trkpt lat="45.99517" lon="6.91251">
    <ele>2029.09</ele>
   </trkpt>
   <trkpt lat="45.99526" lon="6.91251">
    <ele>2029.09</ele>
   </trkpt>
   <trkpt lat="45.99550000000001" lon="6.912610000000001">
    <ele>2024.9800000000002</ele>
   </trkpt>
   <trkpt lat="45.99559000000001" lon="6.912660000000001">
    <ele>2023.21</ele>
   </trkpt>
   <trkpt lat="45.99564" lon="6.912730000000001">
    <ele>2021.57</ele>
   </trkpt>
   <trkpt lat="45.99582" lon="6.91281">
    <ele>2019.0</ele>
   </trkpt>
   <trkpt lat="45.99593" lon="6.9129000000000005">
    <ele>2017.57</ele>
   </trkpt>
   <trkpt lat="45.99606000000001" lon="6.912940000000001">
    <ele>2016.5300000000004</ele>
   </trkpt>
   <trkpt lat="45.996140000000004" lon="6.9130400000000005">
    <ele>2016.0900000000001</ele>
   </trkpt>
   <trkpt lat="45.996210000000005" lon="6.913030000000001">
    <ele>2015.8400000000001</ele>
   </trkpt>
   <trkpt lat="45.99631" lon="6.91312">
    <ele>2015.75</ele>
   </trkpt>
   <trkpt lat="45.99638" lon="6.913130000000001">
    <ele>2015.8400000000001</ele>
   </trkpt>
   <trkpt lat="45.99658" lon="6.913220000000001">
    <ele>2014.98</ele>
   </trkpt>
   <trkpt lat="45.99678" lon="6.91316">
    <ele>2011.2800000000002</ele>
   </trkpt>
   <trkpt lat="45.99701" lon="6.913360000000001">
    <ele>2001.66</ele>
   </trkpt>
   <trkpt lat="45.99712" lon="6.913600000000001">
    <ele>1996.69</ele>
   </trkpt>
   <trkpt lat="45.997550000000004" lon="6.91384">
    <ele>1987.3700000000001</ele>
   </trkpt>
   <trkpt lat="45.99765000000001" lon="6.913740000000001">
    <ele>1983.6700000000003</ele>
   </trkpt>
   <trkpt lat="45.99792" lon="6.91389">
    <ele>1975.8000000000002</ele>
   </trkpt>
   <trkpt lat="45.998020000000004" lon="6.913860000000001">
    <ele>1974.65</ele>
   </trkpt>
   <trkpt lat="45.998000000000005" lon="6.914070000000001">
    <ele>1968.95</ele>
   </trkpt>
   <trkpt lat="45.998110000000004" lon="6.9142600000000005">
    <ele>1963.6100000000001</ele>
   </trkpt>
   <trkpt lat="45.99822" lon="6.91429">
    <ele>1957.8700000000001</ele>
   </trkpt>
   <trkpt lat="45.998250000000006" lon="6.91452">
    <ele>1950.77</ele>
   </trkpt>
   <trkpt lat="45.998430000000006" lon="6.9145900000000005">
    <ele>1945.19</ele>
   </trkpt>
   <trkpt lat="45.998670000000004" lon="6.914510000000001">
    <ele>1939.9</ele>
   </trkpt>
   <trkpt lat="45.998780000000004" lon="6.914610000000001">
    <ele>1935.51</ele>
   </trkpt>
   <trkpt lat="45.9988" lon="6.914820000000001">
    <ele>1927.72</ele>
   </trkpt>
   <trkpt lat="45.999190000000006" lon="6.91499">
    <ele>1914.8400000000001</ele>
   </trkpt>
   <trkpt lat="45.99931" lon="6.91518">
    <ele>1911.2700000000002</ele>
   </trkpt>
   <trkpt lat="45.99936" lon="6.9152000000000005">
    <ele>1907.1200000000001</ele>
   </trkpt>
   <trkpt lat="45.999550000000006" lon="6.915070000000001">
    <ele>1903.7700000000002</ele>
   </trkpt>
   <trkpt lat="45.99963" lon="6.915120000000001">
    <ele>1901.66</ele>
   </trkpt>
   <trkpt lat="45.99982000000001" lon="6.915140000000001">
    <ele>1898.8400000000001</ele>
   </trkpt>
   <trkpt lat="46.00003" lon="6.915080000000001">
    <ele>1893.8400000000001</ele>
   </trkpt>
   <trkpt lat="46.00012" lon="6.915150000000001">
    <ele>1890.9300000000003</ele>
   </trkpt>
   <trkpt lat="46.000260000000004" lon="6.91516">
    <ele>1884.64</ele>
   </trkpt>
   <trkpt lat="46.00048" lon="6.915500000000001">
    <ele>1872.47</ele>
   </trkpt>
   <trkpt lat="46.000530000000005" lon="6.91553">
    <ele>1872.47</ele>
   </trkpt>
   <trkpt lat="46.00061" lon="6.9154800000000005">
    <ele>1869.13</ele>
   </trkpt>
   <trkpt lat="46.000690000000006" lon="6.915500000000001">
    <ele>1867.73</ele>
   </trkpt>
   <trkpt lat="46.000730000000004" lon="6.915470000000001">
    <ele>1865.11</ele>
   </trkpt>
   <trkpt lat="46.000710000000005" lon="6.9155500000000005">
    <ele>1863.7</ele>
   </trkpt>
   <trkpt lat="46.00066" lon="6.915640000000001">
    <ele>1862.1900000000003</ele>
   </trkpt>
   <trkpt lat="46.00059" lon="6.915690000000001">
    <ele>1855.7700000000002</ele>
   </trkpt>
   <trkpt lat="46.00059" lon="6.915750000000001">
    <ele>1855.7700000000002</ele>
   </trkpt>
   <trkpt lat="46.00074" lon="6.915760000000001">
    <ele>1848.8400000000001</ele>
   </trkpt>
   <trkpt lat="46.00076000000001" lon="6.91579">
    <ele>1848.8400000000001</ele>
   </trkpt>
   <trkpt lat="46.0009" lon="6.91572">
    <ele>1844.27</ele>
   </trkpt>
   <trkpt lat="46.00092" lon="6.915750000000001">
    <ele>1843.13</ele>
   </trkpt>
   <trkpt lat="46.0009" lon="6.91577">
    <ele>1843.13</ele>
   </trkpt>
   <trkpt lat="46.000890000000005" lon="6.91577">
    <ele>1843.1200000000001</ele>
   </trkpt>
   <trkpt lat="46.00085000000001" lon="6.91584">
    <ele>1841.7200000000003</ele>
   </trkpt>
   <trkpt lat="46.00083" lon="6.91591">
    <ele>1840.5700000000002</ele>
   </trkpt>
   <trkpt lat="46.00074" lon="6.916">
    <ele>1837.98</ele>
   </trkpt>
   <trkpt lat="46.000620000000005" lon="6.91603">
    <ele>1836.71</ele>
   </trkpt>
   <trkpt lat="46.000510000000006" lon="6.915970000000001">
    <ele>1835.91</ele>
   </trkpt>
   <trkpt lat="46.00019" lon="6.916060000000001">
    <ele>1833.3500000000001</ele>
   </trkpt>
   <trkpt lat="46.00019" lon="6.91607">
    <ele>1833.3500000000001</ele>
   </trkpt>
   <trkpt lat="45.999970000000005" lon="6.91614">
    <ele>1828.4900000000002</ele>
   </trkpt>
   <trkpt lat="46.00001" lon="6.91619">
    <ele>1827.2</ele>
   </trkpt>
   <trkpt lat="46.000150000000005" lon="6.91626">
    <ele>1821.9600000000003</ele>
   </trkpt>
   <trkpt lat="46.00016" lon="6.916300000000001">
    <ele>1821.9600000000003</ele>
   </trkpt>
   <trkpt lat="46.000130000000006" lon="6.916340000000001">
    <ele>1820.8500000000001</ele>
   </trkpt>
   <trkpt lat="45.99994" lon="6.916360000000001">
    <ele>1816.92</ele>
   </trkpt>
   <trkpt lat="45.99985" lon="6.91645">
    <ele>1813.4500000000003</ele>
   </trkpt>
   <trkpt lat="45.999590000000005" lon="6.9165600000000005">
    <ele>1807.71</ele>
   </trkpt>
   <trkpt lat="45.99956" lon="6.9166300000000005">
    <ele>1804.73</ele>
   </trkpt>
   <trkpt lat="45.99958" lon="6.9167000000000005">
    <ele>1802.9700000000003</ele>
   </trkpt>
   <trkpt lat="45.999660000000006" lon="6.9167700000000005">
    <ele>1799.1100000000001</ele>
   </trkpt>
   <trkpt lat="45.99965" lon="6.916790000000001">
    <ele>1799.1100000000001</ele>
   </trkpt>
   <trkpt lat="45.99954" lon="6.91682">
    <ele>1794.0900000000001</ele>
   </trkpt>
   <trkpt lat="45.999550000000006" lon="6.91687">
    <ele>1794.0900000000001</ele>
   </trkpt>
   <trkpt lat="45.999680000000005" lon="6.916910000000001">
    <ele>1788.75</ele>
   </trkpt>
   <trkpt lat="45.999680000000005" lon="6.91694">
    <ele>1788.75</ele>
   </trkpt>
   <trkpt lat="45.99962000000001" lon="6.91701">
    <ele>1786.0300000000002</ele>
   </trkpt>
   <trkpt lat="45.99969" lon="6.9171000000000005">
    <ele>1783.2200000000003</ele>
   </trkpt>
   <trkpt lat="45.999790000000004" lon="6.91713">
    <ele>1778.8400000000001</ele>
   </trkpt>
   <trkpt lat="45.999790000000004" lon="6.917190000000001">
    <ele>1778.8400000000001</ele>
   </trkpt>
   <trkpt lat="45.99982000000001" lon="6.917210000000001">
    <ele>1778.8400000000001</ele>
   </trkpt>
   <trkpt lat="45.99983" lon="6.917160000000001">
    <ele>1775.7800000000002</ele>
   </trkpt>
   <trkpt lat="45.99987" lon="6.917210000000001">
    <ele>1774.15</ele>
   </trkpt>
   <trkpt lat="45.99989" lon="6.917210000000001">
    <ele>1774.15</ele>
   </trkpt>
   <trkpt lat="45.999900000000004" lon="6.917110000000001">
    <ele>1774.15</ele>
   </trkpt>
   <trkpt lat="46.000020000000006" lon="6.917140000000001">
    <ele>1765.5800000000002</ele>
   </trkpt>
   <trkpt lat="45.99998" lon="6.91727">
    <ele>1762.39</ele>
   </trkpt>
   <trkpt lat="46.00000000000001" lon="6.91727">
    <ele>1762.39</ele>
   </trkpt>
   <trkpt lat="46.000020000000006" lon="6.917230000000001">
    <ele>1762.39</ele>
   </trkpt>
   <trkpt lat="46.000040000000006" lon="6.917230000000001">
    <ele>1762.39</ele>
   </trkpt>
   <trkpt lat="46.00003" lon="6.917330000000001">
    <ele>1754.89</ele>
   </trkpt>
   <trkpt lat="46.00000000000001" lon="6.917400000000001">
    <ele>1754.89</ele>
   </trkpt>
   <trkpt lat="46.000020000000006" lon="6.917440000000001">
    <ele>1754.89</ele>
   </trkpt>
   <trkpt lat="46.00014" lon="6.91739">
    <ele>1747.54</ele>
   </trkpt>
   <trkpt lat="46.00016" lon="6.91734">
    <ele>1747.54</ele>
   </trkpt>
   <trkpt lat="46.00018" lon="6.917350000000001">
    <ele>1747.54</ele>
   </trkpt>
   <trkpt lat="46.000170000000004" lon="6.917400000000001">
    <ele>1747.54</ele>
   </trkpt>
   <trkpt lat="46.000350000000005" lon="6.9174500000000005">
    <ele>1743.7300000000002</ele>
   </trkpt>
   <trkpt lat="46.000440000000005" lon="6.917520000000001">
    <ele>1739.45</ele>
   </trkpt>
   <trkpt lat="46.000640000000004" lon="6.917580000000001">
    <ele>1734.8300000000002</ele>
   </trkpt>
   <trkpt lat="46.00056000000001" lon="6.917610000000001">
    <ele>1733.8000000000002</ele>
   </trkpt>
   <trkpt lat="46.00047000000001" lon="6.917700000000001">
    <ele>1730.8700000000001</ele>
   </trkpt>
   <trkpt lat="46.000370000000004" lon="6.917750000000001">
    <ele>1728.69</ele>
   </trkpt>
   <trkpt lat="46.00038000000001" lon="6.917860000000001">
    <ele>1726.18</ele>
   </trkpt>
   <trkpt lat="46.00058000000001" lon="6.91783">
    <ele>1720.7800000000002</ele>
   </trkpt>
   <trkpt lat="46.000690000000006" lon="6.9179200000000005">
    <ele>1719.47</ele>
   </trkpt>
   <trkpt lat="46.00076000000001" lon="6.918050000000001">
    <ele>1717.89</ele>
   </trkpt>
   <trkpt lat="46.00085000000001" lon="6.9179900000000005">
    <ele>1716.3600000000001</ele>
   </trkpt>
   <trkpt lat="46.0011" lon="6.917960000000001">
    <ele>1710.1200000000001</ele>
   </trkpt>
   <trkpt lat="46.001160000000006" lon="6.9179200000000005">
    <ele>1707.57</ele>
   </trkpt>
   <trkpt lat="46.00115" lon="6.917960000000001">
    <ele>1707.57</ele>
   </trkpt>
   <trkpt lat="46.00106" lon="6.918080000000001">
    <ele>1704.89</ele>
   </trkpt>
   <trkpt lat="46.001050000000006" lon="6.918150000000001">
    <ele>1700.6100000000001</ele>
   </trkpt>
   <trkpt lat="46.001070000000006" lon="6.918150000000001">
    <ele>1700.6100000000001</ele>
   </trkpt>
   <trkpt lat="46.0011" lon="6.918080000000001">
    <ele>1700.6100000000001</ele>
   </trkpt>
   <trkpt lat="46.001110000000004" lon="6.918310000000001">
    <ele>1694.7</ele>
   </trkpt>
   <trkpt lat="46.001160000000006" lon="6.918220000000001">
    <ele>1691.8600000000001</ele>
   </trkpt>
   <trkpt lat="46.00123000000001" lon="6.918200000000001">
    <ele>1691.8600000000001</ele>
   </trkpt>
   <trkpt lat="46.00119" lon="6.9183">
    <ele>1686.3100000000002</ele>
   </trkpt>
   <trkpt lat="46.00121" lon="6.918310000000001">
    <ele>1686.3100000000002</ele>
   </trkpt>
   <trkpt lat="46.001250000000006" lon="6.918260000000001">
    <ele>1683.3300000000002</ele>
   </trkpt>
   <trkpt lat="46.00133" lon="6.918290000000001">
    <ele>1681.71</ele>
   </trkpt>
   <trkpt lat="46.001310000000004" lon="6.918400000000001">
    <ele>1678.0600000000002</ele>
   </trkpt>
   <trkpt lat="46.00135" lon="6.9183">
    <ele>1672.0600000000002</ele>
   </trkpt>
   <trkpt lat="46.001360000000005" lon="6.918360000000001">
    <ele>1672.0600000000002</ele>
   </trkpt>
   <trkpt lat="46.00137" lon="6.9183200000000005">
    <ele>1672.0600000000002</ele>
   </trkpt>
   <trkpt lat="46.00137" lon="6.918410000000001">
    <ele>1668.3300000000002</ele>
   </trkpt>
   <trkpt lat="46.001430000000006" lon="6.918340000000001">
    <ele>1664.88</ele>
   </trkpt>
   <trkpt lat="46.001450000000006" lon="6.918400000000001">
    <ele>1664.88</ele>
   </trkpt>
   <trkpt lat="46.001490000000004" lon="6.91835">
    <ele>1661.5700000000002</ele>
   </trkpt>
   <trkpt lat="46.001540000000006" lon="6.91835">
    <ele>1661.5700000000002</ele>
   </trkpt>
   <trkpt lat="46.00171" lon="6.918430000000001">
    <ele>1652.77</ele>
   </trkpt>
   <trkpt lat="46.001810000000006" lon="6.9183200000000005">
    <ele>1652.77</ele>
   </trkpt>
   <trkpt lat="46.00188000000001" lon="6.918290000000001">
    <ele>1645.68</ele>
   </trkpt>
   <trkpt lat="46.00189" lon="6.918340000000001">
    <ele>1645.68</ele>
   </trkpt>
   <trkpt lat="46.00182" lon="6.91844">
    <ele>1645.68</ele>
   </trkpt>
   <trkpt lat="46.001830000000005" lon="6.918450000000001">
    <ele>1645.68</ele>
   </trkpt>
   <trkpt lat="46.00189" lon="6.91842">
    <ele>1639.68</ele>
   </trkpt>
   <trkpt lat="46.00191" lon="6.91844">
    <ele>1639.68</ele>
   </trkpt>
   <trkpt lat="46.00182" lon="6.91856">
    <ele>1635.8400000000001</ele>
   </trkpt>
   <trkpt lat="46.001830000000005" lon="6.91858">
    <ele>1635.8400000000001</ele>
   </trkpt>
   <trkpt lat="46.00186" lon="6.91858">
    <ele>1635.8400000000001</ele>
   </trkpt>
   <trkpt lat="46.00189" lon="6.91858">
    <ele>1635.8400000000001</ele>
   </trkpt>
   <trkpt lat="46.001900000000006" lon="6.9186000000000005">
    <ele>1635.8400000000001</ele>
   </trkpt>
   <trkpt lat="46.001830000000005" lon="6.91865">
    <ele>1632.38</ele>
   </trkpt>
   <trkpt lat="46.00193" lon="6.91865">
    <ele>1628.94</ele>
   </trkpt>
   <trkpt lat="46.00193" lon="6.91868">
    <ele>1628.94</ele>
   </trkpt>
   <trkpt lat="46.00189" lon="6.918730000000001">
    <ele>1626.89</ele>
   </trkpt>
   <trkpt lat="46.001810000000006" lon="6.918780000000001">
    <ele>1624.4600000000003</ele>
   </trkpt>
   <trkpt lat="46.00182" lon="6.918800000000001">
    <ele>1624.4600000000003</ele>
   </trkpt>
   <trkpt lat="46.001900000000006" lon="6.91884">
    <ele>1622.18</ele>
   </trkpt>
   <trkpt lat="46.00202" lon="6.91884">
    <ele>1617.73</ele>
   </trkpt>
   <trkpt lat="46.00206000000001" lon="6.918810000000001">
    <ele>1617.73</ele>
   </trkpt>
   <trkpt lat="46.00208000000001" lon="6.91882">
    <ele>1617.73</ele>
   </trkpt>
   <trkpt lat="46.001810000000006" lon="6.91912">
    <ele>1606.3700000000001</ele>
   </trkpt>
   <trkpt lat="46.001990000000006" lon="6.9192100000000005">
    <ele>1598.95</ele>
   </trkpt>
   <trkpt lat="46.00215" lon="6.919200000000001">
    <ele>1595.94</ele>
   </trkpt>
   <trkpt lat="46.002100000000006" lon="6.9193500000000006">
    <ele>1590.17</ele>
   </trkpt>
   <trkpt lat="46.002030000000005" lon="6.91945">
    <ele>1590.17</ele>
   </trkpt>
   <trkpt lat="46.001760000000004" lon="6.919740000000001">
    <ele>1577.43</ele>
   </trkpt>
   <trkpt lat="46.001760000000004" lon="6.91978">
    <ele>1576.23</ele>
   </trkpt>
   <trkpt lat="46.00198" lon="6.919860000000001">
    <ele>1570.63</ele>
   </trkpt>
   <trkpt lat="46.001960000000004" lon="6.919880000000001">
    <ele>1570.63</ele>
   </trkpt>
   <trkpt lat="46.00188000000001" lon="6.919930000000001">
    <ele>1570.66</ele>
   </trkpt>
   <trkpt lat="46.001740000000005" lon="6.91997">
    <ele>1562.72</ele>
   </trkpt>
   <trkpt lat="46.001740000000005" lon="6.920000000000001">
    <ele>1562.72</ele>
   </trkpt>
   <trkpt lat="46.001810000000006" lon="6.92001">
    <ele>1562.72</ele>
   </trkpt>
   <trkpt lat="46.001960000000004" lon="6.920100000000001">
    <ele>1562.72</ele>
   </trkpt>
   <trkpt lat="46.002050000000004" lon="6.920120000000001">
    <ele>1555.71</ele>
   </trkpt>
   <trkpt lat="46.001920000000005" lon="6.920230000000001">
    <ele>1555.71</ele>
   </trkpt>
   <trkpt lat="46.001760000000004" lon="6.920230000000001">
    <ele>1550.5700000000002</ele>
   </trkpt>
   <trkpt lat="46.0018" lon="6.920300000000001">
    <ele>1550.5700000000002</ele>
   </trkpt>
   <trkpt lat="46.001940000000005" lon="6.920400000000001">
    <ele>1546.55</ele>
   </trkpt>
   <trkpt lat="46.00209" lon="6.920400000000001">
    <ele>1541.6200000000001</ele>
   </trkpt>
   <trkpt lat="46.002050000000004" lon="6.920470000000001">
    <ele>1541.6200000000001</ele>
   </trkpt>
   <trkpt lat="46.001960000000004" lon="6.920540000000001">
    <ele>1538.38</ele>
   </trkpt>
   <trkpt lat="46.00179000000001" lon="6.9206">
    <ele>1533.8500000000001</ele>
   </trkpt>
   <trkpt lat="46.001630000000006" lon="6.920630000000001">
    <ele>1529.68</ele>
   </trkpt>
   <trkpt lat="46.001850000000005" lon="6.92079">
    <ele>1525.19</ele>
   </trkpt>
   <trkpt lat="46.00171" lon="6.9208300000000005">
    <ele>1522.2900000000002</ele>
   </trkpt>
   <trkpt lat="46.001920000000005" lon="6.920960000000001">
    <ele>1518.0900000000001</ele>
   </trkpt>
   <trkpt lat="46.0022" lon="6.92105">
    <ele>1510.34</ele>
   </trkpt>
   <trkpt lat="46.00262" lon="6.92123">
    <ele>1498.38</ele>
   </trkpt>
   <trkpt lat="46.00283" lon="6.921340000000001">
    <ele>1486.45</ele>
   </trkpt>
   <trkpt lat="46.00285" lon="6.9214">
    <ele>1486.45</ele>
   </trkpt>
   <trkpt lat="46.00283" lon="6.921460000000001">
    <ele>1486.45</ele>
   </trkpt>
   <trkpt lat="46.002930000000006" lon="6.92154">
    <ele>1480.5400000000002</ele>
   </trkpt>
   <trkpt lat="46.00291000000001" lon="6.9217200000000005">
    <ele>1477.95</ele>
   </trkpt>
   <trkpt lat="46.002970000000005" lon="6.92177">
    <ele>1476.08</ele>
   </trkpt>
   <trkpt lat="46.00307" lon="6.92173">
    <ele>1475.3500000000001</ele>
   </trkpt>
   <trkpt lat="46.003150000000005" lon="6.92184">
    <ele>1473.24</ele>
   </trkpt>
   <trkpt lat="46.003330000000005" lon="6.92184">
    <ele>1470.64</ele>
   </trkpt>
   <trkpt lat="46.003460000000004" lon="6.921930000000001">
    <ele>1470.64</ele>
   </trkpt>
   <trkpt lat="46.003620000000005" lon="6.922250000000001">
    <ele>1467.9700000000003</ele>
   </trkpt>
   <trkpt lat="46.003690000000006" lon="6.92245">
    <ele>1467.2200000000003</ele>
   </trkpt>
   <trkpt lat="46.0037" lon="6.922540000000001">
    <ele>1467.0</ele>
   </trkpt>
   <trkpt lat="46.00366" lon="6.922840000000001">
    <ele>1465.91</ele>
   </trkpt>
   <trkpt lat="46.003840000000004" lon="6.923310000000001">
    <ele>1465.92</ele>
   </trkpt>
   <trkpt lat="46.003890000000006" lon="6.923360000000001">
    <ele>1465.92</ele>
   </trkpt>
   <trkpt lat="46.00394000000001" lon="6.923350000000001">
    <ele>1466.08</ele>
   </trkpt>
   <trkpt lat="46.004070000000006" lon="6.92316">
    <ele>1466.14</ele>
   </trkpt>
   <trkpt lat="46.00413" lon="6.923140000000001">
    <ele>1466.14</ele>
   </trkpt>
   <trkpt lat="46.004160000000006" lon="6.923100000000001">
    <ele>1466.05</ele>
   </trkpt>
   <trkpt lat="46.004310000000004" lon="6.923050000000001">
    <ele>1466.08</ele>
   </trkpt>
   <trkpt lat="46.00437" lon="6.92306">
    <ele>1466.08</ele>
   </trkpt>
   <trkpt lat="46.004400000000004" lon="6.92304">
    <ele>1466.2</ele>
   </trkpt>
   <trkpt lat="46.00446" lon="6.92304">
    <ele>1466.2</ele>
   </trkpt>
   <trkpt lat="46.00453" lon="6.922980000000001">
    <ele>1466.4800000000002</ele>
   </trkpt>
   <trkpt lat="46.00466" lon="6.92306">
    <ele>1466.6100000000001</ele>
   </trkpt>
   <trkpt lat="46.00471" lon="6.92304">
    <ele>1466.6100000000001</ele>
   </trkpt>
   <trkpt lat="46.004780000000004" lon="6.923080000000001">
    <ele>1466.13</ele>
   </trkpt>
   <trkpt lat="46.00484" lon="6.923050000000001">
    <ele>1465.8200000000002</ele>
   </trkpt>
   <trkpt lat="46.004920000000006" lon="6.92297">
    <ele>1464.8300000000002</ele>
   </trkpt>
   <trkpt lat="46.00511" lon="6.922890000000001">
    <ele>1463.7000000000003</ele>
   </trkpt>
   <trkpt lat="46.00544000000001" lon="6.922820000000001">
    <ele>1461.57</ele>
   </trkpt>
   <trkpt lat="46.00549" lon="6.9227300000000005">
    <ele>1459.99</ele>
   </trkpt>
   <trkpt lat="46.00556" lon="6.922680000000001">
    <ele>1459.6100000000001</ele>
   </trkpt>
   <trkpt lat="46.005660000000006" lon="6.92271">
    <ele>1458.91</ele>
   </trkpt>
   <trkpt lat="46.00576" lon="6.922650000000001">
    <ele>1457.23</ele>
   </trkpt>
   <trkpt lat="46.005900000000004" lon="6.922670000000001">
    <ele>1456.8500000000001</ele>
   </trkpt>
   <trkpt lat="46.005930000000006" lon="6.922630000000001">
    <ele>1456.0000000000002</ele>
   </trkpt>
   <trkpt lat="46.00605" lon="6.922700000000001">
    <ele>1455.1000000000001</ele>
   </trkpt>
   <trkpt lat="46.00614" lon="6.9226600000000005">
    <ele>1453.0700000000002</ele>
   </trkpt>
   <trkpt lat="46.00629000000001" lon="6.9225200000000005">
    <ele>1453.0700000000002</ele>
   </trkpt>
   <trkpt lat="46.00661" lon="6.922680000000001">
    <ele>1449.03</ele>
   </trkpt>
   <trkpt lat="46.00665" lon="6.92269">
    <ele>1448.91</ele>
   </trkpt>
   <trkpt lat="46.006870000000006" lon="6.922650000000001">
    <ele>1446.5800000000002</ele>
   </trkpt>
   <trkpt lat="46.00701" lon="6.9228000000000005">
    <ele>1443.9</ele>
   </trkpt>
   <trkpt lat="46.00706" lon="6.922720000000001">
    <ele>1442.14</ele>
   </trkpt>
   <trkpt lat="46.007270000000005" lon="6.922600000000001">
    <ele>1441.14</ele>
   </trkpt>
   <trkpt lat="46.007400000000004" lon="6.922470000000001">
    <ele>1440.7800000000002</ele>
   </trkpt>
   <trkpt lat="46.0078" lon="6.922420000000001">
    <ele>1439.63</ele>
   </trkpt>
   <trkpt lat="46.007940000000005" lon="6.92248">
    <ele>1439.75</ele>
   </trkpt>
   <trkpt lat="46.00802" lon="6.9225">
    <ele>1439.75</ele>
   </trkpt>
   <trkpt lat="46.008250000000004" lon="6.922720000000001">
    <ele>1438.2800000000002</ele>
   </trkpt>
   <trkpt lat="46.008520000000004" lon="6.922910000000001">
    <ele>1435.6700000000003</ele>
   </trkpt>
   <trkpt lat="46.0088" lon="6.9230100000000006">
    <ele>1434.3300000000002</ele>
   </trkpt>
   <trkpt lat="46.00889" lon="6.923100000000001">
    <ele>1434.18</ele>
   </trkpt>
   <trkpt lat="46.008970000000005" lon="6.923100000000001">
    <ele>1433.5000000000002</ele>
   </trkpt>
   <trkpt lat="46.009080000000004" lon="6.923150000000001">
    <ele>1431.75</ele>
   </trkpt>
   <trkpt lat="46.0093" lon="6.92309">
    <ele>1429.93</ele>
   </trkpt>
   <trkpt lat="46.009510000000006" lon="6.923070000000001">
    <ele>1429.47</ele>
   </trkpt>
   <trkpt lat="46.009730000000005" lon="6.9228700000000005">
    <ele>1430.17</ele>
   </trkpt>
   <trkpt lat="46.00999" lon="6.922740000000001">
    <ele>1429.4</ele>
   </trkpt>
   <trkpt lat="46.010090000000005" lon="6.92262">
    <ele>1429.57</ele>
   </trkpt>
   <trkpt lat="46.010360000000006" lon="6.9225200000000005">
    <ele>1431.39</ele>
   </trkpt>
   <trkpt lat="46.01044" lon="6.92243">
    <ele>1431.9700000000003</ele>
   </trkpt>
   <trkpt lat="46.01066" lon="6.92238">
    <ele>1431.68</ele>
   </trkpt>
   <trkpt lat="46.010740000000006" lon="6.9223300000000005">
    <ele>1430.44</ele>
   </trkpt>
   <trkpt lat="46.01095" lon="6.922320000000001">
    <ele>1427.3500000000001</ele>
   </trkpt>
   <trkpt lat="46.011050000000004" lon="6.922300000000001">
    <ele>1424.68</ele>
   </trkpt>
   <trkpt lat="46.01117000000001" lon="6.92215">
    <ele>1421.8400000000001</ele>
   </trkpt>
   <trkpt lat="46.011500000000005" lon="6.921640000000001">
    <ele>1419.99</ele>
   </trkpt>
   <trkpt lat="46.01165" lon="6.921380000000001">
    <ele>1421.0600000000002</ele>
   </trkpt>
   <trkpt lat="46.01182000000001" lon="6.921250000000001">
    <ele>1419.65</ele>
   </trkpt>
   <trkpt lat="46.01182000000001" lon="6.921">
    <ele>1416.8500000000001</ele>
   </trkpt>
   <trkpt lat="46.012170000000005" lon="6.920780000000001">
    <ele>1414.7500000000002</ele>
   </trkpt>
   <trkpt lat="46.01229000000001" lon="6.920590000000001">
    <ele>1413.04</ele>
   </trkpt>
   <trkpt lat="46.01259" lon="6.9204300000000005">
    <ele>1408.5200000000002</ele>
   </trkpt>
   <trkpt lat="46.01288" lon="6.920240000000001">
    <ele>1406.5</ele>
   </trkpt>
   <trkpt lat="46.01317" lon="6.92039">
    <ele>1401.18</ele>
   </trkpt>
   <trkpt lat="46.013360000000006" lon="6.920350000000001">
    <ele>1397.93</ele>
   </trkpt>
   <trkpt lat="46.013780000000004" lon="6.920090000000001">
    <ele>1389.73</ele>
   </trkpt>
   <trkpt lat="46.013830000000006" lon="6.920020000000001">
    <ele>1389.73</ele>
   </trkpt>
   <trkpt lat="46.01399000000001" lon="6.92001">
    <ele>1388.98</ele>
   </trkpt>
   <trkpt lat="46.01409" lon="6.919250000000001">
    <ele>1389.6000000000001</ele>
   </trkpt>
   <trkpt lat="46.01418" lon="6.919090000000001">
    <ele>1390.09</ele>
   </trkpt>
   <trkpt lat="46.014410000000005" lon="6.91884">
    <ele>1390.8700000000001</ele>
   </trkpt>
   <trkpt lat="46.014610000000005" lon="6.91849">
    <ele>1392.0</ele>
   </trkpt>
   <trkpt lat="46.01478" lon="6.91814">
    <ele>1392.53</ele>
   </trkpt>
   <trkpt lat="46.014950000000006" lon="6.9179900000000005">
    <ele>1393.5700000000002</ele>
   </trkpt>
   <trkpt lat="46.015080000000005" lon="6.91781">
    <ele>1393.92</ele>
   </trkpt>
   <trkpt lat="46.01521" lon="6.917470000000001">
    <ele>1395.1</ele>
   </trkpt>
   <trkpt lat="46.01534" lon="6.917250000000001">
    <ele>1396.5400000000002</ele>
   </trkpt>
   <trkpt lat="46.015510000000006" lon="6.917120000000001">
    <ele>1397.34</ele>
   </trkpt>
   <trkpt lat="46.01583" lon="6.917050000000001">
    <ele>1398.7</ele>
   </trkpt>
   <trkpt lat="46.016000000000005" lon="6.916980000000001">
    <ele>1399.73</ele>
   </trkpt>
   <trkpt lat="46.016160000000006" lon="6.9168400000000005">
    <ele>1400.29</ele>
   </trkpt>
   <trkpt lat="46.01625000000001" lon="6.91668">
    <ele>1400.6200000000001</ele>
   </trkpt>
   <trkpt lat="46.016360000000006" lon="6.916360000000001">
    <ele>1401.15</ele>
   </trkpt>
   <trkpt lat="46.016470000000005" lon="6.91614">
    <ele>1401.6000000000001</ele>
   </trkpt>
   <trkpt lat="46.016780000000004" lon="6.915730000000001">
    <ele>1403.24</ele>
   </trkpt>
   <trkpt lat="46.016920000000006" lon="6.91567">
    <ele>1401.42</ele>
   </trkpt>
   <trkpt lat="46.01704" lon="6.915660000000001">
    <ele>1400.4500000000003</ele>
   </trkpt>
   <trkpt lat="46.01713" lon="6.915570000000001">
    <ele>1399.0300000000002</ele>
   </trkpt>
   <trkpt lat="46.0174" lon="6.915350000000001">
    <ele>1393.89</ele>
   </trkpt>
   <trkpt lat="46.01767" lon="6.91537">
    <ele>1387.6000000000001</ele>
   </trkpt>
   <trkpt lat="46.01744" lon="6.915640000000001">
    <ele>1386.6000000000001</ele>
   </trkpt>
   <trkpt lat="46.01722" lon="6.916010000000001">
    <ele>1386.9</ele>
   </trkpt>
   <trkpt lat="46.01717000000001" lon="6.916220000000001">
    <ele>1385.78</ele>
   </trkpt>
   <trkpt lat="46.01702" lon="6.9166300000000005">
    <ele>1381.4700000000003</ele>
   </trkpt>
   <trkpt lat="46.016830000000006" lon="6.91715">
    <ele>1378.5500000000002</ele>
   </trkpt>
   <trkpt lat="46.01666" lon="6.917280000000001">
    <ele>1377.8700000000001</ele>
   </trkpt>
   <trkpt lat="46.01644" lon="6.9176">
    <ele>1375.68</ele>
   </trkpt>
   <trkpt lat="46.01634000000001" lon="6.91762">
    <ele>1375.13</ele>
   </trkpt>
   <trkpt lat="46.016290000000005" lon="6.91767">
    <ele>1375.13</ele>
   </trkpt>
   <trkpt lat="46.01621" lon="6.917860000000001">
    <ele>1373.97</ele>
   </trkpt>
   <trkpt lat="46.016110000000005" lon="6.918">
    <ele>1371.6200000000001</ele>
   </trkpt>
   <trkpt lat="46.0161" lon="6.91811">
    <ele>1371.6200000000001</ele>
   </trkpt>
   <trkpt lat="46.016110000000005" lon="6.91814">
    <ele>1371.6200000000001</ele>
   </trkpt>
   <trkpt lat="46.016290000000005" lon="6.9185300000000005">
    <ele>1367.7400000000002</ele>
   </trkpt>
   <trkpt lat="46.01641" lon="6.918730000000001">
    <ele>1366.89</ele>
   </trkpt>
   <trkpt lat="46.016760000000005" lon="6.918760000000001">
    <ele>1366.17</ele>
   </trkpt>
   <trkpt lat="46.0168" lon="6.918780000000001">
    <ele>1366.0500000000002</ele>
   </trkpt>
   <trkpt lat="46.016960000000005" lon="6.9188600000000005">
    <ele>1365.89</ele>
   </trkpt>
   <trkpt lat="46.017160000000004" lon="6.91884">
    <ele>1364.97</ele>
   </trkpt>
   <trkpt lat="46.01746000000001" lon="6.918850000000001">
    <ele>1359.7100000000003</ele>
   </trkpt>
   <trkpt lat="46.01774" lon="6.918810000000001">
    <ele>1354.27</ele>
   </trkpt>
   <trkpt lat="46.017900000000004" lon="6.918830000000001">
    <ele>1352.5200000000002</ele>
   </trkpt>
   <trkpt lat="46.01807" lon="6.918640000000001">
    <ele>1351.82</ele>
   </trkpt>
   <trkpt lat="46.01829" lon="6.918260000000001">
    <ele>1350.5</ele>
   </trkpt>
   <trkpt lat="46.018330000000006" lon="6.918240000000001">
    <ele>1350.3700000000001</ele>
   </trkpt>
   <trkpt lat="46.018510000000006" lon="6.91821">
    <ele>1349.2400000000002</ele>
   </trkpt>
   <trkpt lat="46.018750000000004" lon="6.9183">
    <ele>1346.3100000000002</ele>
   </trkpt>
   <trkpt lat="46.018730000000005" lon="6.918360000000001">
    <ele>1346.0</ele>
   </trkpt>
   <trkpt lat="46.01874" lon="6.9183">
    <ele>1353.64</ele>
   </trkpt>
   <trkpt lat="46.018820000000005" lon="6.91788">
    <ele>1354.95</ele>
   </trkpt>
   <trkpt lat="46.0187" lon="6.91755">
    <ele>1356.2500000000002</ele>
   </trkpt>
   <trkpt lat="46.01868" lon="6.917440000000001">
    <ele>1357.24</ele>
   </trkpt>
   <trkpt lat="46.0187" lon="6.9172400000000005">
    <ele>1357.7800000000002</ele>
   </trkpt>
   <trkpt lat="46.01877" lon="6.917090000000001">
    <ele>1358.43</ele>
   </trkpt>
   <trkpt lat="46.018890000000006" lon="6.916600000000001">
    <ele>1361.5100000000002</ele>
   </trkpt>
   <trkpt lat="46.01896000000001" lon="6.916440000000001">
    <ele>1364.2200000000003</ele>
   </trkpt>
   <trkpt lat="46.019270000000006" lon="6.91591">
    <ele>1367.65</ele>
   </trkpt>
   <trkpt lat="46.019310000000004" lon="6.9157">
    <ele>1370.8300000000002</ele>
   </trkpt>
   <trkpt lat="46.019360000000006" lon="6.91513">
    <ele>1376.29</ele>
   </trkpt>
   <trkpt lat="46.01935" lon="6.914840000000001">
    <ele>1378.0700000000002</ele>
   </trkpt>
   <trkpt lat="46.01915" lon="6.91483">
    <ele>1380.72</ele>
   </trkpt>
   <trkpt lat="46.01908" lon="6.91462">
    <ele>1383.8700000000001</ele>
   </trkpt>
   <trkpt lat="46.019090000000006" lon="6.91429">
    <ele>1388.33</ele>
   </trkpt>
   <trkpt lat="46.01919" lon="6.9141900000000005">
    <ele>1393.3200000000002</ele>
   </trkpt>
   <trkpt lat="46.019200000000005" lon="6.9141">
    <ele>1393.3200000000002</ele>
   </trkpt>
   <trkpt lat="46.019090000000006" lon="6.913880000000001">
    <ele>1398.5800000000002</ele>
   </trkpt>
   <trkpt lat="46.01903" lon="6.913860000000001">
    <ele>1398.5800000000002</ele>
   </trkpt>
   <trkpt lat="46.019020000000005" lon="6.913780000000001">
    <ele>1403.8700000000001</ele>
   </trkpt>
   <trkpt lat="46.01921" lon="6.91368">
    <ele>1406.39</ele>
   </trkpt>
   <trkpt lat="46.019290000000005" lon="6.91354">
    <ele>1407.73</ele>
   </trkpt>
   <trkpt lat="46.01939" lon="6.913450000000001">
    <ele>1407.8799999999999</ele>
   </trkpt>
   <trkpt lat="46.01952000000001" lon="6.9134400000000005">
    <ele>1408.3000000000002</ele>
   </trkpt>
   <trkpt lat="46.01973" lon="6.913360000000001">
    <ele>1411.94</ele>
   </trkpt>
   <trkpt lat="46.01982" lon="6.913290000000001">
    <ele>1414.73</ele>
   </trkpt>
   <trkpt lat="46.01984" lon="6.913170000000001">
    <ele>1414.73</ele>
   </trkpt>
   <trkpt lat="46.01995" lon="6.913">
    <ele>1419.0</ele>
   </trkpt>
   <trkpt lat="46.01997" lon="6.912920000000001">
    <ele>1420.86</ele>
   </trkpt>
   <trkpt lat="46.020010000000006" lon="6.9129000000000005">
    <ele>1420.86</ele>
   </trkpt>
   <trkpt lat="46.020010000000006" lon="6.912870000000001">
    <ele>1421.7400000000002</ele>
   </trkpt>
   <trkpt lat="46.019960000000005" lon="6.912820000000001">
    <ele>1423.39</ele>
   </trkpt>
   <trkpt lat="46.01993" lon="6.9128300000000005">
    <ele>1423.39</ele>
   </trkpt>
   <trkpt lat="46.01982" lon="6.91279">
    <ele>1427.16</ele>
   </trkpt>
   <trkpt lat="46.0197" lon="6.912840000000001">
    <ele>1428.8200000000002</ele>
   </trkpt>
   <trkpt lat="46.01964" lon="6.912750000000001">
    <ele>1430.68</ele>
   </trkpt>
   <trkpt lat="46.01966" lon="6.912350000000001">
    <ele>1437.5300000000002</ele>
   </trkpt>
   <trkpt lat="46.019800000000004" lon="6.912120000000001">
    <ele>1440.94</ele>
   </trkpt>
   <trkpt lat="46.01981000000001" lon="6.912070000000001">
    <ele>1445.6000000000001</ele>
   </trkpt>
   <trkpt lat="46.01977" lon="6.91176">
    <ele>1449.8600000000001</ele>
   </trkpt>
   <trkpt lat="46.01977" lon="6.91138">
    <ele>1455.63</ele>
   </trkpt>
   <trkpt lat="46.01975" lon="6.91126">
    <ele>1456.8200000000002</ele>
   </trkpt>
   <trkpt lat="46.019780000000004" lon="6.910950000000001">
    <ele>1460.52</ele>
   </trkpt>
   <trkpt lat="46.019670000000005" lon="6.910730000000001">
    <ele>1463.42</ele>
   </trkpt>
   <trkpt lat="46.01962" lon="6.910550000000001">
    <ele>1465.98</ele>
   </trkpt>
   <trkpt lat="46.019560000000006" lon="6.910450000000001">
    <ele>1466.9500000000003</ele>
   </trkpt>
   <trkpt lat="46.019540000000006" lon="6.910240000000001">
    <ele>1471.96</ele>
   </trkpt>
   <trkpt lat="46.019560000000006" lon="6.910150000000001">
    <ele>1471.96</ele>
   </trkpt>
   <trkpt lat="46.019540000000006" lon="6.9099900000000005">
    <ele>1473.7900000000002</ele>
   </trkpt>
   <trkpt lat="46.019560000000006" lon="6.909840000000001">
    <ele>1478.1200000000001</ele>
   </trkpt>
   <trkpt lat="46.019510000000004" lon="6.90948">
    <ele>1482.1200000000001</ele>
   </trkpt>
   <trkpt lat="46.0195" lon="6.909420000000001">
    <ele>1482.1200000000001</ele>
   </trkpt>
   <trkpt lat="46.019470000000005" lon="6.90939">
    <ele>1482.1200000000001</ele>
   </trkpt>
   <trkpt lat="46.01941" lon="6.909210000000001">
    <ele>1487.88</ele>
   </trkpt>
   <trkpt lat="46.01934000000001" lon="6.9089100000000006">
    <ele>1490.82</ele>
   </trkpt>
   <trkpt lat="46.01935" lon="6.908760000000001">
    <ele>1490.5600000000002</ele>
   </trkpt>
   <trkpt lat="46.01943000000001" lon="6.90861">
    <ele>1489.19</ele>
   </trkpt>
   <trkpt lat="46.019470000000005" lon="6.908460000000001">
    <ele>1488.2</ele>
   </trkpt>
   <trkpt lat="46.019420000000004" lon="6.90814">
    <ele>1488.16</ele>
   </trkpt>
   <trkpt lat="46.01941" lon="6.907920000000001">
    <ele>1488.7100000000003</ele>
   </trkpt>
   <trkpt lat="46.0193" lon="6.907610000000001">
    <ele>1491.33</ele>
   </trkpt>
   <trkpt lat="46.01925000000001" lon="6.907520000000001">
    <ele>1492.7400000000002</ele>
   </trkpt>
   <trkpt lat="46.0191" lon="6.907380000000001">
    <ele>1495.7300000000002</ele>
   </trkpt>
   <trkpt lat="46.01905000000001" lon="6.9072700000000005">
    <ele>1496.7800000000002</ele>
   </trkpt>
   <trkpt lat="46.019020000000005" lon="6.9068000000000005">
    <ele>1498.73</ele>
   </trkpt>
   <trkpt lat="46.01894" lon="6.90655">
    <ele>1500.0200000000002</ele>
   </trkpt>
   <trkpt lat="46.0189" lon="6.9065">
    <ele>1500.0200000000002</ele>
   </trkpt>
   <trkpt lat="46.01879" lon="6.9062600000000005">
    <ele>1503.3</ele>
   </trkpt>
   <trkpt lat="46.018710000000006" lon="6.905780000000001">
    <ele>1504.94</ele>
   </trkpt>
   <trkpt lat="46.0187" lon="6.90563">
    <ele>1505.3500000000001</ele>
   </trkpt>
   <trkpt lat="46.01867000000001" lon="6.90556">
    <ele>1505.5200000000002</ele>
   </trkpt>
   <trkpt lat="46.01865" lon="6.905170000000001">
    <ele>1507.0800000000002</ele>
   </trkpt>
   <trkpt lat="46.018570000000004" lon="6.90486">
    <ele>1509.41</ele>
   </trkpt>
   <trkpt lat="46.018530000000005" lon="6.90458">
    <ele>1510.14</ele>
   </trkpt>
   <trkpt lat="46.01832" lon="6.904140000000001">
    <ele>1512.3500000000001</ele>
   </trkpt>
   <trkpt lat="46.01825" lon="6.903930000000001">
    <ele>1514.01</ele>
   </trkpt>
   <trkpt lat="46.01827" lon="6.903840000000001">
    <ele>1514.82</ele>
   </trkpt>
   <trkpt lat="46.01823" lon="6.903650000000001">
    <ele>1515.56</ele>
   </trkpt>
   <trkpt lat="46.0182" lon="6.9030700000000005">
    <ele>1517.98</ele>
   </trkpt>
   <trkpt lat="46.018280000000004" lon="6.902950000000001">
    <ele>1518.49</ele>
   </trkpt>
   <trkpt lat="46.01834" lon="6.9030000000000005">
    <ele>1518.45</ele>
   </trkpt>
   <trkpt lat="46.01847" lon="6.902940000000001">
    <ele>1517.14</ele>
   </trkpt>
   <trkpt lat="46.018600000000006" lon="6.9031">
    <ele>1516.19</ele>
   </trkpt>
   <trkpt lat="46.018550000000005" lon="6.903630000000001">
    <ele>1515.23</ele>
   </trkpt>
   <trkpt lat="46.018550000000005" lon="6.90413">
    <ele>1512.01</ele>
   </trkpt>
   <trkpt lat="46.018600000000006" lon="6.9042900000000005">
    <ele>1510.8400000000001</ele>
   </trkpt>
   <trkpt lat="46.01867000000001" lon="6.904350000000001">
    <ele>1510.68</ele>
   </trkpt>
   <trkpt lat="46.01876" lon="6.904610000000001">
    <ele>1511.5900000000001</ele>
   </trkpt>
   <trkpt lat="46.01892" lon="6.904890000000001">
    <ele>1515.3500000000001</ele>
   </trkpt>
   <trkpt lat="46.019000000000005" lon="6.905290000000001">
    <ele>1516.96</ele>
   </trkpt>
   <trkpt lat="46.01925000000001" lon="6.905970000000001">
    <ele>1523.77</ele>
   </trkpt>
   <trkpt lat="46.01943000000001" lon="6.90615">
    <ele>1523.9300000000003</ele>
   </trkpt>
   <trkpt lat="46.019780000000004" lon="6.906600000000001">
    <ele>1526.72</ele>
   </trkpt>
   <trkpt lat="46.01991" lon="6.906460000000001">
    <ele>1528.34</ele>
   </trkpt>
   <trkpt lat="46.02028000000001" lon="6.9069">
    <ele>1531.7900000000002</ele>
   </trkpt>
   <trkpt lat="46.02046000000001" lon="6.906930000000001">
    <ele>1533.1100000000001</ele>
   </trkpt>
   <trkpt lat="46.020770000000006" lon="6.90784">
    <ele>1531.4500000000003</ele>
   </trkpt>
   <trkpt lat="46.020830000000004" lon="6.90828">
    <ele>1531.17</ele>
   </trkpt>
   <trkpt lat="46.020810000000004" lon="6.90847">
    <ele>1531.8700000000001</ele>
   </trkpt>
   <trkpt lat="46.02084000000001" lon="6.90875">
    <ele>1534.13</ele>
   </trkpt>
   <trkpt lat="46.020900000000005" lon="6.90894">
    <ele>1536.19</ele>
   </trkpt>
   <trkpt lat="46.02096" lon="6.908860000000001">
    <ele>1537.16</ele>
   </trkpt>
   <trkpt lat="46.021010000000004" lon="6.908670000000001">
    <ele>1538.28</ele>
   </trkpt>
   <trkpt lat="46.02113000000001" lon="6.9084">
    <ele>1540.0800000000002</ele>
   </trkpt>
   <trkpt lat="46.021260000000005" lon="6.907940000000001">
    <ele>1545.0400000000002</ele>
   </trkpt>
   <trkpt lat="46.02143" lon="6.90774">
    <ele>1551.16</ele>
   </trkpt>
   <trkpt lat="46.02159" lon="6.907680000000001">
    <ele>1552.88</ele>
   </trkpt>
   <trkpt lat="46.021770000000004" lon="6.907680000000001">
    <ele>1553.64</ele>
   </trkpt>
   <trkpt lat="46.02178000000001" lon="6.907680000000001">
    <ele>1555.0400000000002</ele>
   </trkpt>
   <trkpt lat="46.021980000000006" lon="6.907900000000001">
    <ele>1557.88</ele>
   </trkpt>
   <trkpt lat="46.0225" lon="6.90814">
    <ele>1558.68</ele>
   </trkpt>
   <trkpt lat="46.022740000000006" lon="6.90812">
    <ele>1556.0900000000001</ele>
   </trkpt>
   <trkpt lat="46.02290000000001" lon="6.90824">
    <ele>1553.43</ele>
   </trkpt>
   <trkpt lat="46.023120000000006" lon="6.90833">
    <ele>1552.63</ele>
   </trkpt>
   <trkpt lat="46.023430000000005" lon="6.90852">
    <ele>1550.9100000000003</ele>
   </trkpt>
   <trkpt lat="46.02362" lon="6.908720000000001">
    <ele>1548.63</ele>
   </trkpt>
   <trkpt lat="46.023720000000004" lon="6.909020000000001">
    <ele>1546.7</ele>
   </trkpt>
   <trkpt lat="46.0238" lon="6.909420000000001">
    <ele>1551.6000000000001</ele>
   </trkpt>
   <trkpt lat="46.0238" lon="6.90941">
    <ele>1543.76</ele>
   </trkpt>
   <trkpt lat="46.023830000000004" lon="6.909510000000001">
    <ele>1543.0600000000002</ele>
   </trkpt>
   <trkpt lat="46.023950000000006" lon="6.909610000000001">
    <ele>1541.67</ele>
   </trkpt>
   <trkpt lat="46.024080000000005" lon="6.9097800000000005">
    <ele>1541.76</ele>
   </trkpt>
   <trkpt lat="46.02422000000001" lon="6.91004">
    <ele>1544.0300000000002</ele>
   </trkpt>
   <trkpt lat="46.02429" lon="6.91007">
    <ele>1545.44</ele>
   </trkpt>
   <trkpt lat="46.02443" lon="6.909890000000001">
    <ele>1549.13</ele>
   </trkpt>
   <trkpt lat="46.024750000000004" lon="6.910360000000001">
    <ele>1558.14</ele>
   </trkpt>
   <trkpt lat="46.024800000000006" lon="6.910410000000001">
    <ele>1558.14</ele>
   </trkpt>
   <trkpt lat="46.02485" lon="6.910410000000001">
    <ele>1558.14</ele>
   </trkpt>
   <trkpt lat="46.0249" lon="6.910380000000001">
    <ele>1561.9600000000003</ele>
   </trkpt>
   <trkpt lat="46.02487000000001" lon="6.91014">
    <ele>1564.63</ele>
   </trkpt>
   <trkpt lat="46.02492" lon="6.91009">
    <ele>1566.3700000000001</ele>
   </trkpt>
   <trkpt lat="46.025220000000004" lon="6.910380000000001">
    <ele>1572.1200000000001</ele>
   </trkpt>
   <trkpt lat="46.025600000000004" lon="6.911020000000001">
    <ele>1579.62</ele>
   </trkpt>
   <trkpt lat="46.02566" lon="6.911200000000001">
    <ele>1579.77</ele>
   </trkpt>
   <trkpt lat="46.02577" lon="6.91131">
    <ele>1579.44</ele>
   </trkpt>
   <trkpt lat="46.026125001014364" lon="6.9117249976427795">
    <ele>1576.4300000000003</ele>
   </trkpt>
   <trkpt lat="46.02648000000001" lon="6.912140000000001">
    <ele>1578.95</ele>
   </trkpt>
   <trkpt lat="46.02666000000001" lon="6.91246">
    <ele>1579.2400000000002</ele>
   </trkpt>
   <trkpt lat="46.026740000000004" lon="6.9126900000000004">
    <ele>1579.86</ele>
   </trkpt>
   <trkpt lat="46.02709" lon="6.91319">
    <ele>1585.7200000000003</ele>
   </trkpt>
   <trkpt lat="46.027300000000004" lon="6.913360000000001">
    <ele>1590.39</ele>
   </trkpt>
   <trkpt lat="46.02743" lon="6.913500000000001">
    <ele>1592.8500000000001</ele>
   </trkpt>
   <trkpt lat="46.02772" lon="6.913930000000001">
    <ele>1598.5200000000002</ele>
   </trkpt>
   <trkpt lat="46.028000000000006" lon="6.91424">
    <ele>1604.03</ele>
   </trkpt>
   <trkpt lat="46.028560000000006" lon="6.9148000000000005">
    <ele>1611.6100000000001</ele>
   </trkpt>
   <trkpt lat="46.028740000000006" lon="6.91511">
    <ele>1615.76</ele>
   </trkpt>
   <trkpt lat="46.029070000000004" lon="6.915520000000001">
    <ele>1620.64</ele>
   </trkpt>
   <trkpt lat="46.029645001828385" lon="6.916184992966421">
    <ele>1629.7</ele>
   </trkpt>
   <trkpt lat="46.03022000000001" lon="6.91685">
    <ele>1635.9</ele>
   </trkpt>
   <trkpt lat="46.030840000000005" lon="6.91743">
    <ele>1645.2700000000002</ele>
   </trkpt>
   <trkpt lat="46.031220000000005" lon="6.917680000000001">
    <ele>1649.8400000000001</ele>
   </trkpt>
   <trkpt lat="46.031310000000005" lon="6.917660000000001">
    <ele>1650.71</ele>
   </trkpt>
   <trkpt lat="46.03141" lon="6.91757">
    <ele>1651.82</ele>
   </trkpt>
   <trkpt lat="46.031560000000006" lon="6.917560000000001">
    <ele>1653.1100000000001</ele>
   </trkpt>
   <trkpt lat="46.031650000000006" lon="6.917590000000001">
    <ele>1653.66</ele>
   </trkpt>
   <trkpt lat="46.03173" lon="6.917580000000001">
    <ele>1653.76</ele>
   </trkpt>
   <trkpt lat="46.03181000000001" lon="6.917510000000001">
    <ele>1653.8300000000002</ele>
   </trkpt>
   <trkpt lat="46.031980000000004" lon="6.91757">
    <ele>1655.58</ele>
   </trkpt>
   <trkpt lat="46.03213" lon="6.91743">
    <ele>1656.3700000000001</ele>
   </trkpt>
   <trkpt lat="46.032180000000004" lon="6.91743">
    <ele>1656.91</ele>
   </trkpt>
   <trkpt lat="46.032360000000004" lon="6.917520000000001">
    <ele>1659.68</ele>
   </trkpt>
   <trkpt lat="46.03262" lon="6.9175">
    <ele>1665.48</ele>
   </trkpt>
   <trkpt lat="46.032810000000005" lon="6.917560000000001">
    <ele>1667.39</ele>
   </trkpt>
   <trkpt lat="46.032900000000005" lon="6.917610000000001">
    <ele>1668.3300000000002</ele>
   </trkpt>
   <trkpt lat="46.032970000000006" lon="6.917730000000001">
    <ele>1668.43</ele>
   </trkpt>
   <trkpt lat="46.032920000000004" lon="6.917870000000001">
    <ele>1668.43</ele>
   </trkpt>
   <trkpt lat="46.03291" lon="6.918">
    <ele>1674.2500000000002</ele>
   </trkpt>
   <trkpt lat="46.03295000000001" lon="6.918130000000001">
    <ele>1674.2500000000002</ele>
   </trkpt>
   <trkpt lat="46.03293" lon="6.918340000000001">
    <ele>1676.02</ele>
   </trkpt>
   <trkpt lat="46.03287" lon="6.91856">
    <ele>1679.7900000000002</ele>
   </trkpt>
   <trkpt lat="46.03285" lon="6.918740000000001">
    <ele>1682.49</ele>
   </trkpt>
   <trkpt lat="46.03282" lon="6.91882">
    <ele>1682.49</ele>
   </trkpt>
   <trkpt lat="46.03287" lon="6.91891">
    <ele>1688.05</ele>
   </trkpt>
   <trkpt lat="46.033570000000005" lon="6.9196100000000005">
    <ele>1705.15</ele>
   </trkpt>
   <trkpt lat="46.0337" lon="6.919650000000001">
    <ele>1708.53</ele>
   </trkpt>
   <trkpt lat="46.03378000000001" lon="6.91971">
    <ele>1709.6100000000001</ele>
   </trkpt>
   <trkpt lat="46.03385" lon="6.9198200000000005">
    <ele>1711.65</ele>
   </trkpt>
   <trkpt lat="46.03388" lon="6.919950000000001">
    <ele>1714.5</ele>
   </trkpt>
   <trkpt lat="46.03394" lon="6.92001">
    <ele>1717.39</ele>
   </trkpt>
   <trkpt lat="46.03417" lon="6.9200800000000005">
    <ele>1720.97</ele>
   </trkpt>
   <trkpt lat="46.03427000000001" lon="6.920140000000001">
    <ele>1723.47</ele>
   </trkpt>
   <trkpt lat="46.034420000000004" lon="6.92039">
    <ele>1728.8100000000002</ele>
   </trkpt>
   <trkpt lat="46.03461" lon="6.920540000000001">
    <ele>1743.23</ele>
   </trkpt>
   <trkpt lat="46.03459" lon="6.92053">
    <ele>1731.67</ele>
   </trkpt>
   <trkpt lat="46.034960000000005" lon="6.920490000000001">
    <ele>1739.8000000000002</ele>
   </trkpt>
   <trkpt lat="46.03510000000001" lon="6.92048">
    <ele>1743.03</ele>
   </trkpt>
   <trkpt lat="46.035140000000006" lon="6.92046">
    <ele>1743.03</ele>
   </trkpt>
   <trkpt lat="46.0354" lon="6.9205700000000006">
    <ele>1748.13</ele>
   </trkpt>
   <trkpt lat="46.03549" lon="6.92055">
    <ele>1748.4700000000003</ele>
   </trkpt>
   <trkpt lat="46.035560000000004" lon="6.920470000000001">
    <ele>1749.27</ele>
   </trkpt>
   <trkpt lat="46.03564" lon="6.92041">
    <ele>1749.93</ele>
   </trkpt>
   <trkpt lat="46.035700000000006" lon="6.9204300000000005">
    <ele>1750.3500000000001</ele>
   </trkpt>
   <trkpt lat="46.035740000000004" lon="6.9209000000000005">
    <ele>1753.98</ele>
   </trkpt>
   <trkpt lat="46.035790000000006" lon="6.921200000000001">
    <ele>1755.6</ele>
   </trkpt>
   <trkpt lat="46.035880000000006" lon="6.92135">
    <ele>1756.4400000000003</ele>
   </trkpt>
   <trkpt lat="46.035970000000006" lon="6.92142">
    <ele>1757.0200000000002</ele>
   </trkpt>
   <trkpt lat="46.03598" lon="6.92142">
    <ele>1757.0200000000002</ele>
   </trkpt>
   <trkpt lat="46.036100000000005" lon="6.9215100000000005">
    <ele>1758.21</ele>
   </trkpt>
   <trkpt lat="46.036410000000004" lon="6.921860000000001">
    <ele>1765.63</ele>
   </trkpt>
   <trkpt lat="46.036500000000004" lon="6.922230000000001">
    <ele>1757.69</ele>
   </trkpt>
   <trkpt lat="46.03658" lon="6.922490000000001">
    <ele>1755.51</ele>
   </trkpt>
   <trkpt lat="46.03672" lon="6.9226600000000005">
    <ele>1750.0000000000002</ele>
   </trkpt>
   <trkpt lat="46.03663" lon="6.922740000000001">
    <ele>1748.7</ele>
   </trkpt>
   <trkpt lat="46.03649" lon="6.9227300000000005">
    <ele>1741.64</ele>
   </trkpt>
   <trkpt lat="46.036530000000006" lon="6.922890000000001">
    <ele>1737.0700000000002</ele>
   </trkpt>
   <trkpt lat="46.03654" lon="6.923030000000001">
    <ele>1734.11</ele>
   </trkpt>
   <trkpt lat="46.036570000000005" lon="6.92311">
    <ele>1734.11</ele>
   </trkpt>
   <trkpt lat="46.03663" lon="6.923150000000001">
    <ele>1726.8500000000001</ele>
   </trkpt>
   <trkpt lat="46.03689000000001" lon="6.92344">
    <ele>1719.75</ele>
   </trkpt>
   <trkpt lat="46.03703" lon="6.923450000000001">
    <ele>1719.75</ele>
   </trkpt>
   <trkpt lat="46.03714" lon="6.92339">
    <ele>1705.1000000000001</ele>
   </trkpt>
   <trkpt lat="46.037470000000006" lon="6.9233400000000005">
    <ele>1701.42</ele>
   </trkpt>
   <trkpt lat="46.03768" lon="6.92344">
    <ele>1695.0</ele>
   </trkpt>
   <trkpt lat="46.03768" lon="6.92351">
    <ele>1695.0</ele>
   </trkpt>
   <trkpt lat="46.037580000000005" lon="6.9234100000000005">
    <ele>1688.8</ele>
   </trkpt>
   <trkpt lat="46.03752" lon="6.92342">
    <ele>1688.8</ele>
   </trkpt>
   <trkpt lat="46.037470000000006" lon="6.923470000000001">
    <ele>1688.8</ele>
   </trkpt>
   <trkpt lat="46.03761" lon="6.923610000000001">
    <ele>1682.3000000000002</ele>
   </trkpt>
   <trkpt lat="46.03774000000001" lon="6.923830000000001">
    <ele>1677.41</ele>
   </trkpt>
   <trkpt lat="46.03808" lon="6.924200000000001">
    <ele>1670.0000000000002</ele>
   </trkpt>
   <trkpt lat="46.03817" lon="6.924220000000001">
    <ele>1668.5500000000002</ele>
   </trkpt>
   <trkpt lat="46.03824" lon="6.9244">
    <ele>1666.92</ele>
   </trkpt>
   <trkpt lat="46.03829" lon="6.92494">
    <ele>1658.0100000000002</ele>
   </trkpt>
   <trkpt lat="46.038180000000004" lon="6.925350000000001">
    <ele>1650.2</ele>
   </trkpt>
   <trkpt lat="46.03826" lon="6.925540000000001">
    <ele>1643.1700000000003</ele>
   </trkpt>
   <trkpt lat="46.038380000000004" lon="6.925750000000001">
    <ele>1635.72</ele>
   </trkpt>
   <trkpt lat="46.03851" lon="6.925680000000001">
    <ele>1629.8400000000001</ele>
   </trkpt>
   <trkpt lat="46.0386" lon="6.925660000000001">
    <ele>1629.8400000000001</ele>
   </trkpt>
   <trkpt lat="46.038970000000006" lon="6.9257100000000005">
    <ele>1622.7</ele>
   </trkpt>
   <trkpt lat="46.039260000000006" lon="6.9259900000000005">
    <ele>1617.4400000000003</ele>
   </trkpt>
   <trkpt lat="46.03951000000001" lon="6.926330000000001">
    <ele>1608.69</ele>
   </trkpt>
   <trkpt lat="46.03972" lon="6.926360000000001">
    <ele>1607.3700000000001</ele>
   </trkpt>
   <trkpt lat="46.03983" lon="6.9264600000000005">
    <ele>1594.8300000000002</ele>
   </trkpt>
   <trkpt lat="46.03989000000001" lon="6.926590000000001">
    <ele>1594.8300000000002</ele>
   </trkpt>
   <trkpt lat="46.03998000000001" lon="6.926620000000001">
    <ele>1590.42</ele>
   </trkpt>
   <trkpt lat="46.040060000000004" lon="6.9267">
    <ele>1589.02</ele>
   </trkpt>
   <trkpt lat="46.040240000000004" lon="6.92677">
    <ele>1583.8700000000001</ele>
   </trkpt>
   <trkpt lat="46.040240000000004" lon="6.926800000000001">
    <ele>1583.8700000000001</ele>
   </trkpt>
   <trkpt lat="46.04018000000001" lon="6.9267900000000004">
    <ele>1581.19</ele>
   </trkpt>
   <trkpt lat="46.0401" lon="6.92682">
    <ele>1579.8</ele>
   </trkpt>
   <trkpt lat="46.0401" lon="6.926850000000001">
    <ele>1579.8</ele>
   </trkpt>
   <trkpt lat="46.040150000000004" lon="6.926870000000001">
    <ele>1574.07</ele>
   </trkpt>
   <trkpt lat="46.040200000000006" lon="6.926940000000001">
    <ele>1574.07</ele>
   </trkpt>
   <trkpt lat="46.04018000000001" lon="6.926970000000001">
    <ele>1574.07</ele>
   </trkpt>
   <trkpt lat="46.04017" lon="6.92696">
    <ele>1574.07</ele>
   </trkpt>
   <trkpt lat="46.040060000000004" lon="6.926990000000001">
    <ele>1574.07</ele>
   </trkpt>
   <trkpt lat="46.04005" lon="6.92703">
    <ele>1574.07</ele>
   </trkpt>
   <trkpt lat="46.04005" lon="6.927090000000001">
    <ele>1561.73</ele>
   </trkpt>
   <trkpt lat="46.04017" lon="6.92731">
    <ele>1560.42</ele>
   </trkpt>
   <trkpt lat="46.04014" lon="6.927270000000001">
    <ele>1559.17</ele>
   </trkpt>
   <trkpt lat="46.040040000000005" lon="6.92722">
    <ele>1555.63</ele>
   </trkpt>
   <trkpt lat="46.039950000000005" lon="6.92724">
    <ele>1554.39</ele>
   </trkpt>
   <trkpt lat="46.039930000000005" lon="6.927390000000001">
    <ele>1549.0900000000001</ele>
   </trkpt>
   <trkpt lat="46.039880000000004" lon="6.92733">
    <ele>1549.0900000000001</ele>
   </trkpt>
   <trkpt lat="46.03987" lon="6.92736">
    <ele>1549.0900000000001</ele>
   </trkpt>
   <trkpt lat="46.039930000000005" lon="6.927490000000001">
    <ele>1546.61</ele>
   </trkpt>
   <trkpt lat="46.03999" lon="6.9275400000000005">
    <ele>1544.2300000000002</ele>
   </trkpt>
   <trkpt lat="46.04005" lon="6.9275400000000005">
    <ele>1541.91</ele>
   </trkpt>
   <trkpt lat="46.040130000000005" lon="6.92759">
    <ele>1539.71</ele>
   </trkpt>
   <trkpt lat="46.040200000000006" lon="6.92769">
    <ele>1539.71</ele>
   </trkpt>
   <trkpt lat="46.04026" lon="6.927720000000001">
    <ele>1539.71</ele>
   </trkpt>
   <trkpt lat="46.040240000000004" lon="6.927740000000001">
    <ele>1532.31</ele>
   </trkpt>
   <trkpt lat="46.04012" lon="6.927700000000001">
    <ele>1532.31</ele>
   </trkpt>
   <trkpt lat="46.040090000000006" lon="6.927720000000001">
    <ele>1532.31</ele>
   </trkpt>
   <trkpt lat="46.040090000000006" lon="6.927880000000001">
    <ele>1527.97</ele>
   </trkpt>
   <trkpt lat="46.040130000000005" lon="6.927950000000001">
    <ele>1527.97</ele>
   </trkpt>
   <trkpt lat="46.04017" lon="6.92797">
    <ele>1527.97</ele>
   </trkpt>
   <trkpt lat="46.04018000000001" lon="6.9280100000000004">
    <ele>1524.63</ele>
   </trkpt>
   <trkpt lat="46.04005" lon="6.927910000000001">
    <ele>1521.46</ele>
   </trkpt>
   <trkpt lat="46.039950000000005" lon="6.9280100000000004">
    <ele>1519.21</ele>
   </trkpt>
   <trkpt lat="46.03994" lon="6.92806">
    <ele>1519.21</ele>
   </trkpt>
   <trkpt lat="46.039970000000004" lon="6.928190000000001">
    <ele>1514.5300000000002</ele>
   </trkpt>
   <trkpt lat="46.040040000000005" lon="6.9282200000000005">
    <ele>1514.5300000000002</ele>
   </trkpt>
   <trkpt lat="46.04005" lon="6.928260000000001">
    <ele>1514.5300000000002</ele>
   </trkpt>
   <trkpt lat="46.04001" lon="6.9282200000000005">
    <ele>1512.3000000000002</ele>
   </trkpt>
   <trkpt lat="46.03998000000001" lon="6.9282200000000005">
    <ele>1511.2500000000002</ele>
   </trkpt>
   <trkpt lat="46.03996" lon="6.928170000000001">
    <ele>1511.2500000000002</ele>
   </trkpt>
   <trkpt lat="46.03985" lon="6.928100000000001">
    <ele>1507.41</ele>
   </trkpt>
   <trkpt lat="46.039680000000004" lon="6.92804">
    <ele>1505.6100000000001</ele>
   </trkpt>
   <trkpt lat="46.03961" lon="6.928070000000001">
    <ele>1503.0100000000002</ele>
   </trkpt>
   <trkpt lat="46.03958" lon="6.92806">
    <ele>1503.0100000000002</ele>
   </trkpt>
   <trkpt lat="46.039480000000005" lon="6.928160000000001">
    <ele>1500.5700000000002</ele>
   </trkpt>
   <trkpt lat="46.03938" lon="6.92813">
    <ele>1498.3200000000002</ele>
   </trkpt>
   <trkpt lat="46.03915000000001" lon="6.92813">
    <ele>1493.8600000000001</ele>
   </trkpt>
   <trkpt lat="46.03905" lon="6.92811">
    <ele>1491.67</ele>
   </trkpt>
   <trkpt lat="46.038970000000006" lon="6.928170000000001">
    <ele>1491.67</ele>
   </trkpt>
   <trkpt lat="46.03904000000001" lon="6.928330000000001">
    <ele>1484.64</ele>
   </trkpt>
   <trkpt lat="46.039100000000005" lon="6.928420000000001">
    <ele>1483.39</ele>
   </trkpt>
   <trkpt lat="46.03924000000001" lon="6.9285000000000005">
    <ele>1479.2200000000003</ele>
   </trkpt>
   <trkpt lat="46.03924000000001" lon="6.92858">
    <ele>1479.2200000000003</ele>
   </trkpt>
   <trkpt lat="46.0392" lon="6.928630000000001">
    <ele>1471.4600000000003</ele>
   </trkpt>
   <trkpt lat="46.03918" lon="6.928610000000001">
    <ele>1471.4600000000003</ele>
   </trkpt>
   <trkpt lat="46.039170000000006" lon="6.9286200000000004">
    <ele>1471.4600000000003</ele>
   </trkpt>
   <trkpt lat="46.039300000000004" lon="6.928780000000001">
    <ele>1468.5100000000002</ele>
   </trkpt>
   <trkpt lat="46.03931" lon="6.928820000000001">
    <ele>1468.5100000000002</ele>
   </trkpt>
   <trkpt lat="46.039280000000005" lon="6.928820000000001">
    <ele>1465.71</ele>
   </trkpt>
   <trkpt lat="46.03925" lon="6.928850000000001">
    <ele>1465.71</ele>
   </trkpt>
   <trkpt lat="46.03915000000001" lon="6.928780000000001">
    <ele>1463.0900000000001</ele>
   </trkpt>
   <trkpt lat="46.03913000000001" lon="6.92879">
    <ele>1460.69</ele>
   </trkpt>
   <trkpt lat="46.039100000000005" lon="6.9287600000000005">
    <ele>1460.69</ele>
   </trkpt>
   <trkpt lat="46.039010000000005" lon="6.9287600000000005">
    <ele>1458.5</ele>
   </trkpt>
   <trkpt lat="46.039" lon="6.928770000000001">
    <ele>1458.5</ele>
   </trkpt>
   <trkpt lat="46.03909" lon="6.92895">
    <ele>1455.54</ele>
   </trkpt>
   <trkpt lat="46.03907" lon="6.928990000000001">
    <ele>1453.7300000000002</ele>
   </trkpt>
   <trkpt lat="46.03927" lon="6.929130000000001">
    <ele>1447.5800000000002</ele>
   </trkpt>
   <trkpt lat="46.0394" lon="6.929310000000001">
    <ele>1445.69</ele>
   </trkpt>
   <trkpt lat="46.039550000000006" lon="6.92959">
    <ele>1438.3700000000001</ele>
   </trkpt>
   <trkpt lat="46.03967" lon="6.9297200000000005">
    <ele>1433.25</ele>
   </trkpt>
   <trkpt lat="46.039770000000004" lon="6.929780000000001">
    <ele>1433.25</ele>
   </trkpt>
   <trkpt lat="46.040020000000005" lon="6.929850000000001">
    <ele>1424.74</ele>
   </trkpt>
   <trkpt lat="46.040090000000006" lon="6.929810000000001">
    <ele>1422.44</ele>
   </trkpt>
   <trkpt lat="46.04034" lon="6.929760000000001">
    <ele>1417.9100000000003</ele>
   </trkpt>
   <trkpt lat="46.04054000000001" lon="6.929930000000001">
    <ele>1416.2800000000002</ele>
   </trkpt>
   <trkpt lat="46.04064" lon="6.92996">
    <ele>1415.8400000000001</ele>
   </trkpt>
   <trkpt lat="46.04073" lon="6.930020000000001">
    <ele>1414.1800000000003</ele>
   </trkpt>
   <trkpt lat="46.04079" lon="6.930140000000001">
    <ele>1412.6900000000003</ele>
   </trkpt>
   <trkpt lat="46.04093" lon="6.930280000000001">
    <ele>1408.4800000000002</ele>
   </trkpt>
   <trkpt lat="46.04104" lon="6.930540000000001">
    <ele>1404.89</ele>
   </trkpt>
   <trkpt lat="46.04111" lon="6.930610000000001">
    <ele>1403.85</ele>
   </trkpt>
   <trkpt lat="46.04148000000001" lon="6.930890000000001">
    <ele>1400.03</ele>
   </trkpt>
   <trkpt lat="46.04175" lon="6.93146">
    <ele>1396.26</ele>
   </trkpt>
   <trkpt lat="46.041900000000005" lon="6.93198">
    <ele>1390.94</ele>
   </trkpt>
   <trkpt lat="46.042050005115314" lon="6.933064996924801">
    <ele>1378.7</ele>
   </trkpt>
   <trkpt lat="46.0422" lon="6.934150000000001">
    <ele>1357.04</ele>
   </trkpt>
   <trkpt lat="46.042715002803405" lon="6.934949992562411">
    <ele>1340.17</ele>
   </trkpt>
   <trkpt lat="46.04323" lon="6.9357500000000005">
    <ele>1333.4</ele>
   </trkpt>
   <trkpt lat="46.04307000000001" lon="6.935600000000001">
    <ele>1324.8000000000002</ele>
   </trkpt>
   <trkpt lat="46.04301" lon="6.9356100000000005">
    <ele>1324.48</ele>
   </trkpt>
   <trkpt lat="46.04334" lon="6.93625">
    <ele>1319.83</ele>
   </trkpt>
   <trkpt lat="46.04352" lon="6.936520000000001">
    <ele>1316.54</ele>
   </trkpt>
   <trkpt lat="46.04366" lon="6.93665">
    <ele>1315.8500000000001</ele>
   </trkpt>
   <trkpt lat="46.04419" lon="6.936990000000001">
    <ele>1311.32</ele>
   </trkpt>
   <trkpt lat="46.044360000000005" lon="6.93705">
    <ele>1310.38</ele>
   </trkpt>
   <trkpt lat="46.04439000000001" lon="6.93709">
    <ele>1309.73</ele>
   </trkpt>
   <trkpt lat="46.04475" lon="6.937100000000001">
    <ele>1316.3700000000001</ele>
   </trkpt>
   <trkpt lat="46.044920000000005" lon="6.93702">
    <ele>1319.17</ele>
   </trkpt>
   <trkpt lat="46.04504000000001" lon="6.93688">
    <ele>1321.8</ele>
   </trkpt>
   <trkpt lat="46.045030000000004" lon="6.9366900000000005">
    <ele>1324.8700000000001</ele>
   </trkpt>
   <trkpt lat="46.045280000000005" lon="6.936210000000001">
    <ele>1331.16</ele>
   </trkpt>
   <trkpt lat="46.04531" lon="6.936170000000001">
    <ele>1331.19</ele>
   </trkpt>
   <trkpt lat="46.045370000000005" lon="6.936140000000001">
    <ele>1335.3700000000001</ele>
   </trkpt>
   <trkpt lat="46.04551000000001" lon="6.9362">
    <ele>1335.3600000000001</ele>
   </trkpt>
   <trkpt lat="46.045750000000005" lon="6.936380000000001">
    <ele>1335.29</ele>
   </trkpt>
   <trkpt lat="46.045770000000005" lon="6.936570000000001">
    <ele>1335.2400000000002</ele>
   </trkpt>
   <trkpt lat="46.04587" lon="6.93691">
    <ele>1335.71</ele>
   </trkpt>
   <trkpt lat="46.04598000000001" lon="6.9370400000000005">
    <ele>1335.8500000000001</ele>
   </trkpt>
   <trkpt lat="46.04607" lon="6.93705">
    <ele>1335.93</ele>
   </trkpt>
   <trkpt lat="46.04656000000001" lon="6.9369700000000005">
    <ele>1335.76</ele>
   </trkpt>
   <trkpt lat="46.04704" lon="6.9369700000000005">
    <ele>1335.6100000000001</ele>
   </trkpt>
   <trkpt lat="46.04783000057963" lon="6.937226659326674">
    <ele>1350.8500000000001</ele>
   </trkpt>
   <trkpt lat="46.04862000058478" lon="6.937483325994872">
    <ele>1352.64</ele>
   </trkpt>
   <trkpt lat="46.04941" lon="6.937740000000001">
    <ele>1338.42</ele>
   </trkpt>
   <trkpt lat="46.04948" lon="6.937710000000001">
    <ele>1334.75</ele>
   </trkpt>
   <trkpt lat="46.04948" lon="6.9380500000000005">
    <ele>1330.95</ele>
   </trkpt>
   <trkpt lat="46.049440000000004" lon="6.938250000000001">
    <ele>1328.5200000000002</ele>
   </trkpt>
   <trkpt lat="46.049260000000004" lon="6.938460000000001">
    <ele>1320.17</ele>
   </trkpt>
   <trkpt lat="46.048930000000006" lon="6.939010000000001">
    <ele>1303.6000000000001</ele>
   </trkpt>
   <trkpt lat="46.048770000000005" lon="6.939210000000001">
    <ele>1293.5400000000002</ele>
   </trkpt>
   <trkpt lat="46.04878" lon="6.93923">
    <ele>1291.9900000000002</ele>
   </trkpt>
   <trkpt lat="46.04928" lon="6.939120000000001">
    <ele>1284.0600000000002</ele>
   </trkpt>
   <trkpt lat="46.04946" lon="6.939010000000001">
    <ele>1282.5700000000002</ele>
   </trkpt>
   <trkpt lat="46.049820000000004" lon="6.9382600000000005">
    <ele>1286.8400000000001</ele>
   </trkpt>
   <trkpt lat="46.04984" lon="6.938060000000001">
    <ele>1288.0</ele>
   </trkpt>
   <trkpt lat="46.04993" lon="6.937970000000001">
    <ele>1288.5900000000001</ele>
   </trkpt>
   <trkpt lat="46.050110000000004" lon="6.93796">
    <ele>1289.77</ele>
   </trkpt>
   <trkpt lat="46.050320000000006" lon="6.938000000000001">
    <ele>1292.24</ele>
   </trkpt>
   <trkpt lat="46.05049" lon="6.93794">
    <ele>1293.18</ele>
   </trkpt>
   <trkpt lat="46.05069" lon="6.93775">
    <ele>1292.3300000000002</ele>
   </trkpt>
   <trkpt lat="46.050920000000005" lon="6.93761">
    <ele>1291.7200000000003</ele>
   </trkpt>
   <trkpt lat="46.051210000000005" lon="6.937500000000001">
    <ele>1291.59</ele>
   </trkpt>
   <trkpt lat="46.05171000000001" lon="6.937390000000001">
    <ele>1295.68</ele>
   </trkpt>
   <trkpt lat="46.051860000000005" lon="6.937240000000001">
    <ele>1297.7800000000002</ele>
   </trkpt>
   <trkpt lat="46.05239" lon="6.93691">
    <ele>1299.47</ele>
   </trkpt>
   <trkpt lat="46.052730000000004" lon="6.936870000000001">
    <ele>1300.14</ele>
   </trkpt>
   <trkpt lat="46.05313" lon="6.93691">
    <ele>1304.0200000000002</ele>
   </trkpt>
   <trkpt lat="46.053180000000005" lon="6.9368300000000005">
    <ele>1304.0200000000002</ele>
   </trkpt>
   <trkpt lat="46.053430000000006" lon="6.936630000000001">
    <ele>1305.52</ele>
   </trkpt>
   <trkpt lat="46.053470000000004" lon="6.936570000000001">
    <ele>1305.63</ele>
   </trkpt>
   <trkpt lat="46.05364" lon="6.936560000000001">
    <ele>1306.8000000000002</ele>
   </trkpt>
   <trkpt lat="46.05369" lon="6.93653">
    <ele>1306.9400000000003</ele>
   </trkpt>
   <trkpt lat="46.05378" lon="6.936540000000001">
    <ele>1307.0300000000002</ele>
   </trkpt>
   <trkpt lat="46.053920000000005" lon="6.936470000000001">
    <ele>1307.76</ele>
   </trkpt>
   <trkpt lat="46.05406000000001" lon="6.936310000000001">
    <ele>1310.42</ele>
   </trkpt>
   <trkpt lat="46.05418" lon="6.9362200000000005">
    <ele>1310.75</ele>
   </trkpt>
   <trkpt lat="46.05425" lon="6.936120000000001">
    <ele>1310.96</ele>
   </trkpt>
   <trkpt lat="46.0544" lon="6.936160000000001">
    <ele>1310.07</ele>
   </trkpt>
   <trkpt lat="46.054520000000004" lon="6.9358900000000006">
    <ele>1316.33</ele>
   </trkpt>
   <trkpt lat="46.054550000000006" lon="6.935740000000001">
    <ele>1321.6100000000001</ele>
   </trkpt>
   <trkpt lat="46.05462000000001" lon="6.935620000000001">
    <ele>1321.6100000000001</ele>
   </trkpt>
   <trkpt lat="46.054640000000006" lon="6.9355">
    <ele>1333.3100000000002</ele>
   </trkpt>
   <trkpt lat="46.054730000000006" lon="6.935410000000001">
    <ele>1333.3100000000002</ele>
   </trkpt>
   <trkpt lat="46.054860000000005" lon="6.935350000000001">
    <ele>1338.5900000000001</ele>
   </trkpt>
   <trkpt lat="46.054930000000006" lon="6.935350000000001">
    <ele>1339.0300000000002</ele>
   </trkpt>
   <trkpt lat="46.0551" lon="6.935420000000001">
    <ele>1341.4</ele>
   </trkpt>
   <trkpt lat="46.05521" lon="6.935410000000001">
    <ele>1344.0400000000002</ele>
   </trkpt>
   <trkpt lat="46.05534" lon="6.935370000000001">
    <ele>1350.4900000000002</ele>
   </trkpt>
   <trkpt lat="46.05541" lon="6.93529">
    <ele>1355.91</ele>
   </trkpt>
   <trkpt lat="46.05556000000001" lon="6.9352800000000006">
    <ele>1357.63</ele>
   </trkpt>
   <trkpt lat="46.055620000000005" lon="6.93524">
    <ele>1362.46</ele>
   </trkpt>
   <trkpt lat="46.055670000000006" lon="6.93517">
    <ele>1364.23</ele>
   </trkpt>
   <trkpt lat="46.055710000000005" lon="6.93515">
    <ele>1366.16</ele>
   </trkpt>
   <trkpt lat="46.05574000000001" lon="6.935110000000001">
    <ele>1368.24</ele>
   </trkpt>
   <trkpt lat="46.05576000000001" lon="6.9350000000000005">
    <ele>1374.8400000000001</ele>
   </trkpt>
   <trkpt lat="46.05574000000001" lon="6.934850000000001">
    <ele>1376.95</ele>
   </trkpt>
   <trkpt lat="46.05577" lon="6.93477">
    <ele>1376.95</ele>
   </trkpt>
   <trkpt lat="46.05592" lon="6.934730000000001">
    <ele>1389.13</ele>
   </trkpt>
   <trkpt lat="46.05608" lon="6.934710000000001">
    <ele>1392.68</ele>
   </trkpt>
   <trkpt lat="46.05624" lon="6.9346000000000005">
    <ele>1398.1000000000001</ele>
   </trkpt>
   <trkpt lat="46.056630000000006" lon="6.93458">
    <ele>1407.79</ele>
   </trkpt>
   <trkpt lat="46.05678" lon="6.9346000000000005">
    <ele>1410.59</ele>
   </trkpt>
   <trkpt lat="46.05693" lon="6.93465">
    <ele>1413.93</ele>
   </trkpt>
   <trkpt lat="46.05724000000001" lon="6.93456">
    <ele>1419.31</ele>
   </trkpt>
   <trkpt lat="46.05751" lon="6.934520000000001">
    <ele>1426.5500000000002</ele>
   </trkpt>
   <trkpt lat="46.057700000000004" lon="6.9345300000000005">
    <ele>1428.64</ele>
   </trkpt>
   <trkpt lat="46.05787" lon="6.93468">
    <ele>1431.5800000000002</ele>
   </trkpt>
   <trkpt lat="46.05800000000001" lon="6.934740000000001">
    <ele>1434.77</ele>
   </trkpt>
   <trkpt lat="46.058060000000005" lon="6.934730000000001">
    <ele>1434.77</ele>
   </trkpt>
   <trkpt lat="46.05814" lon="6.934760000000001">
    <ele>1438.1200000000001</ele>
   </trkpt>
   <trkpt lat="46.058220000000006" lon="6.93475">
    <ele>1438.1200000000001</ele>
   </trkpt>
   <trkpt lat="46.05828" lon="6.934800000000001">
    <ele>1440.17</ele>
   </trkpt>
   <trkpt lat="46.05836" lon="6.934810000000001">
    <ele>1441.39</ele>
   </trkpt>
   <trkpt lat="46.058420000000005" lon="6.934780000000001">
    <ele>1443.99</ele>
   </trkpt>
   <trkpt lat="46.058400000000006" lon="6.93472">
    <ele>1445.21</ele>
   </trkpt>
   <trkpt lat="46.058490000000006" lon="6.934730000000001">
    <ele>1446.35</ele>
   </trkpt>
   <trkpt lat="46.05852" lon="6.93472">
    <ele>1446.35</ele>
   </trkpt>
   <trkpt lat="46.05863" lon="6.934640000000001">
    <ele>1450.83</ele>
   </trkpt>
   <trkpt lat="46.058670000000006" lon="6.934550000000001">
    <ele>1450.83</ele>
   </trkpt>
   <trkpt lat="46.058690000000006" lon="6.934340000000001">
    <ele>1455.89</ele>
   </trkpt>
   <trkpt lat="46.05859" lon="6.934010000000001">
    <ele>1464.56</ele>
   </trkpt>
   <trkpt lat="46.05859" lon="6.93395">
    <ele>1464.56</ele>
   </trkpt>
   <trkpt lat="46.058620000000005" lon="6.933910000000001">
    <ele>1464.56</ele>
   </trkpt>
   <trkpt lat="46.0587" lon="6.933890000000001">
    <ele>1477.8500000000001</ele>
   </trkpt>
   <trkpt lat="46.05874" lon="6.933700000000001">
    <ele>1488.3700000000001</ele>
   </trkpt>
   <trkpt lat="46.058890000000005" lon="6.933770000000001">
    <ele>1494.3000000000002</ele>
   </trkpt>
   <trkpt lat="46.05901" lon="6.93348">
    <ele>1513.2500000000002</ele>
   </trkpt>
   <trkpt lat="46.059000000000005" lon="6.9333100000000005">
    <ele>1520.89</ele>
   </trkpt>
   <trkpt lat="46.059020000000004" lon="6.93325">
    <ele>1520.89</ele>
   </trkpt>
   <trkpt lat="46.059050000000006" lon="6.933230000000001">
    <ele>1508.5400000000002</ele>
   </trkpt>
   <trkpt lat="46.059070000000006" lon="6.933300000000001">
    <ele>1511.3700000000001</ele>
   </trkpt>
   <trkpt lat="46.0591" lon="6.93332">
    <ele>1511.3700000000001</ele>
   </trkpt>
   <trkpt lat="46.059140000000006" lon="6.93339">
    <ele>1514.6000000000001</ele>
   </trkpt>
   <trkpt lat="46.05923000000001" lon="6.93346">
    <ele>1517.06</ele>
   </trkpt>
   <trkpt lat="46.05935" lon="6.9337100000000005">
    <ele>1521.7200000000003</ele>
   </trkpt>
   <trkpt lat="46.05939" lon="6.933730000000001">
    <ele>1521.7200000000003</ele>
   </trkpt>
   <trkpt lat="46.059470000000005" lon="6.933700000000001">
    <ele>1522.99</ele>
   </trkpt>
   <trkpt lat="46.059520000000006" lon="6.933700000000001">
    <ele>1523.64</ele>
   </trkpt>
   <trkpt lat="46.05957" lon="6.93374">
    <ele>1525.2500000000002</ele>
   </trkpt>
   <trkpt lat="46.05959000000001" lon="6.933800000000001">
    <ele>1525.2500000000002</ele>
   </trkpt>
   <trkpt lat="46.059630000000006" lon="6.933820000000001">
    <ele>1527.21</ele>
   </trkpt>
   <trkpt lat="46.05970000000001" lon="6.9337800000000005">
    <ele>1529.29</ele>
   </trkpt>
   <trkpt lat="46.059740000000005" lon="6.933800000000001">
    <ele>1529.29</ele>
   </trkpt>
   <trkpt lat="46.05977" lon="6.933840000000001">
    <ele>1529.29</ele>
   </trkpt>
   <trkpt lat="46.059870000000004" lon="6.93386">
    <ele>1532.6200000000001</ele>
   </trkpt>
   <trkpt lat="46.059900000000006" lon="6.9338500000000005">
    <ele>1533.8</ele>
   </trkpt>
   <trkpt lat="46.059960000000004" lon="6.933870000000001">
    <ele>1536.46</ele>
   </trkpt>
   <trkpt lat="46.06007" lon="6.93395">
    <ele>1538.01</ele>
   </trkpt>
   <trkpt lat="46.06015000000001" lon="6.934060000000001">
    <ele>1544.68</ele>
   </trkpt>
   <trkpt lat="46.06016" lon="6.934410000000001">
    <ele>1550.01</ele>
   </trkpt>
   <trkpt lat="46.060190000000006" lon="6.93454">
    <ele>1553.42</ele>
   </trkpt>
   <trkpt lat="46.060230000000004" lon="6.93463">
    <ele>1554.6200000000001</ele>
   </trkpt>
   <trkpt lat="46.06035000000001" lon="6.934780000000001">
    <ele>1560.8400000000001</ele>
   </trkpt>
   <trkpt lat="46.060430000000004" lon="6.93484">
    <ele>1562.14</ele>
   </trkpt>
   <trkpt lat="46.06045" lon="6.9349300000000005">
    <ele>1566.15</ele>
   </trkpt>
   <trkpt lat="46.06044000000001" lon="6.93505">
    <ele>1567.4</ele>
   </trkpt>
   <trkpt lat="46.060700000000004" lon="6.93505">
    <ele>1573.18</ele>
   </trkpt>
   <trkpt lat="46.06094" lon="6.9351">
    <ele>1578.3700000000001</ele>
   </trkpt>
   <trkpt lat="46.061060000000005" lon="6.935160000000001">
    <ele>1579.8700000000001</ele>
   </trkpt>
   <trkpt lat="46.06112" lon="6.93517">
    <ele>1581.64</ele>
   </trkpt>
   <trkpt lat="46.061150000000005" lon="6.935160000000001">
    <ele>1581.64</ele>
   </trkpt>
   <trkpt lat="46.06116" lon="6.93512">
    <ele>1581.64</ele>
   </trkpt>
   <trkpt lat="46.06114" lon="6.935020000000001">
    <ele>1583.0600000000002</ele>
   </trkpt>
   <trkpt lat="46.06119" lon="6.935020000000001">
    <ele>1583.0600000000002</ele>
   </trkpt>
   <trkpt lat="46.06132" lon="6.935130000000001">
    <ele>1586.27</ele>
   </trkpt>
   <trkpt lat="46.061370000000004" lon="6.935200000000001">
    <ele>1588.3700000000001</ele>
   </trkpt>
   <trkpt lat="46.061420000000005" lon="6.93533">
    <ele>1589.1200000000001</ele>
   </trkpt>
   <trkpt lat="46.0615" lon="6.93545">
    <ele>1591.72</ele>
   </trkpt>
   <trkpt lat="46.06156000000001" lon="6.935490000000001">
    <ele>1592.81</ele>
   </trkpt>
   <trkpt lat="46.061710000000005" lon="6.93566">
    <ele>1599.8000000000002</ele>
   </trkpt>
   <trkpt lat="46.061730000000004" lon="6.93564">
    <ele>1599.8000000000002</ele>
   </trkpt>
   <trkpt lat="46.06174" lon="6.935460000000001">
    <ele>1602.03</ele>
   </trkpt>
   <trkpt lat="46.061890000000005" lon="6.935270000000001">
    <ele>1607.08</ele>
   </trkpt>
   <trkpt lat="46.06192" lon="6.934810000000001">
    <ele>1614.1200000000001</ele>
   </trkpt>
   <trkpt lat="46.061980000000005" lon="6.934730000000001">
    <ele>1616.71</ele>
   </trkpt>
   <trkpt lat="46.062050000000006" lon="6.934690000000001">
    <ele>1616.71</ele>
   </trkpt>
   <trkpt lat="46.062050000000006" lon="6.93447">
    <ele>1620.8500000000001</ele>
   </trkpt>
   <trkpt lat="46.062110000000004" lon="6.934330000000001">
    <ele>1624.1000000000001</ele>
   </trkpt>
   <trkpt lat="46.062090000000005" lon="6.934170000000001">
    <ele>1628.16</ele>
   </trkpt>
   <trkpt lat="46.062050000000006" lon="6.934130000000001">
    <ele>1628.16</ele>
   </trkpt>
   <trkpt lat="46.06206" lon="6.9339">
    <ele>1633.75</ele>
   </trkpt>
   <trkpt lat="46.06212000000001" lon="6.933720000000001">
    <ele>1635.85</ele>
   </trkpt>
   <trkpt lat="46.06213" lon="6.933520000000001">
    <ele>1639.68</ele>
   </trkpt>
   <trkpt lat="46.06219" lon="6.93332">
    <ele>1645.1700000000003</ele>
   </trkpt>
   <trkpt lat="46.062180000000005" lon="6.93325">
    <ele>1646.9900000000002</ele>
   </trkpt>
   <trkpt lat="46.06223000000001" lon="6.933160000000001">
    <ele>1648.9600000000003</ele>
   </trkpt>
   <trkpt lat="46.06222" lon="6.933070000000001">
    <ele>1648.9600000000003</ele>
   </trkpt>
   <trkpt lat="46.06217" lon="6.9330300000000005">
    <ele>1659.4</ele>
   </trkpt>
   <trkpt lat="46.0621" lon="6.933050000000001">
    <ele>1659.4</ele>
   </trkpt>
   <trkpt lat="46.062070000000006" lon="6.9329600000000005">
    <ele>1661.43</ele>
   </trkpt>
   <trkpt lat="46.062070000000006" lon="6.932760000000001">
    <ele>1672.5</ele>
   </trkpt>
   <trkpt lat="46.06204" lon="6.93264">
    <ele>1672.5</ele>
   </trkpt>
   <trkpt lat="46.062050000000006" lon="6.932580000000001">
    <ele>1672.5</ele>
   </trkpt>
   <trkpt lat="46.062160000000006" lon="6.93245">
    <ele>1680.15</ele>
   </trkpt>
   <trkpt lat="46.06221" lon="6.932460000000001">
    <ele>1681.9</ele>
   </trkpt>
   <trkpt lat="46.06224" lon="6.932440000000001">
    <ele>1683.49</ele>
   </trkpt>
   <trkpt lat="46.06232000000001" lon="6.93224">
    <ele>1684.94</ele>
   </trkpt>
   <trkpt lat="46.062310000000004" lon="6.932110000000001">
    <ele>1691.5600000000002</ele>
   </trkpt>
   <trkpt lat="46.062290000000004" lon="6.9320900000000005">
    <ele>1691.5600000000002</ele>
   </trkpt>
   <trkpt lat="46.06223000000001" lon="6.93212">
    <ele>1692.98</ele>
   </trkpt>
   <trkpt lat="46.06222" lon="6.932080000000001">
    <ele>1694.5200000000002</ele>
   </trkpt>
   <trkpt lat="46.062180000000005" lon="6.93207">
    <ele>1696.2</ele>
   </trkpt>
   <trkpt lat="46.06215" lon="6.932040000000001">
    <ele>1696.2</ele>
   </trkpt>
   <trkpt lat="46.06204" lon="6.93212">
    <ele>1703.39</ele>
   </trkpt>
   <trkpt lat="46.06188" lon="6.9321">
    <ele>1706.8200000000002</ele>
   </trkpt>
   <trkpt lat="46.061840000000004" lon="6.932060000000001">
    <ele>1709.91</ele>
   </trkpt>
   <trkpt lat="46.06183" lon="6.932">
    <ele>1709.91</ele>
   </trkpt>
   <trkpt lat="46.06175" lon="6.9318800000000005">
    <ele>1715.3300000000002</ele>
   </trkpt>
   <trkpt lat="46.06167000000001" lon="6.93184">
    <ele>1716.5800000000002</ele>
   </trkpt>
   <trkpt lat="46.061640000000004" lon="6.9317">
    <ele>1719.8200000000002</ele>
   </trkpt>
   <trkpt lat="46.061600000000006" lon="6.931610000000001">
    <ele>1719.8200000000002</ele>
   </trkpt>
   <trkpt lat="46.061620000000005" lon="6.931520000000001">
    <ele>1723.51</ele>
   </trkpt>
   <trkpt lat="46.06176000000001" lon="6.931450000000001">
    <ele>1725.64</ele>
   </trkpt>
   <trkpt lat="46.06183" lon="6.93146">
    <ele>1728.29</ele>
   </trkpt>
   <trkpt lat="46.061890000000005" lon="6.931350000000001">
    <ele>1731.39</ele>
   </trkpt>
   <trkpt lat="46.06197" lon="6.931310000000001">
    <ele>1734.7700000000002</ele>
   </trkpt>
   <trkpt lat="46.06217" lon="6.931140000000001">
    <ele>1741.8700000000001</ele>
   </trkpt>
   <trkpt lat="46.06223000000001" lon="6.931120000000001">
    <ele>1745.13</ele>
   </trkpt>
   <trkpt lat="46.0623" lon="6.93106">
    <ele>1749.74</ele>
   </trkpt>
   <trkpt lat="46.062380000000005" lon="6.93092">
    <ele>1752.9800000000002</ele>
   </trkpt>
   <trkpt lat="46.062430000000006" lon="6.93088">
    <ele>1752.9800000000002</ele>
   </trkpt>
   <trkpt lat="46.06250000000001" lon="6.930600000000001">
    <ele>1759.9000000000003</ele>
   </trkpt>
   <trkpt lat="46.062540000000006" lon="6.930560000000001">
    <ele>1766.49</ele>
   </trkpt>
   <trkpt lat="46.06257" lon="6.9305900000000005">
    <ele>1766.49</ele>
   </trkpt>
   <trkpt lat="46.06259000000001" lon="6.930560000000001">
    <ele>1766.49</ele>
   </trkpt>
   <trkpt lat="46.06270000000001" lon="6.93055">
    <ele>1769.94</ele>
   </trkpt>
   <trkpt lat="46.062720000000006" lon="6.930510000000001">
    <ele>1773.5</ele>
   </trkpt>
   <trkpt lat="46.06271" lon="6.93043">
    <ele>1773.5</ele>
   </trkpt>
   <trkpt lat="46.06266" lon="6.93036">
    <ele>1777.2800000000002</ele>
   </trkpt>
   <trkpt lat="46.062650000000005" lon="6.93022">
    <ele>1777.2800000000002</ele>
   </trkpt>
   <trkpt lat="46.06269" lon="6.930210000000001">
    <ele>1789.0100000000002</ele>
   </trkpt>
   <trkpt lat="46.06270000000001" lon="6.93017">
    <ele>1789.0100000000002</ele>
   </trkpt>
   <trkpt lat="46.06277" lon="6.93013">
    <ele>1789.0100000000002</ele>
   </trkpt>
   <trkpt lat="46.062780000000004" lon="6.930090000000001">
    <ele>1789.0100000000002</ele>
   </trkpt>
   <trkpt lat="46.062760000000004" lon="6.93003">
    <ele>1789.0100000000002</ele>
   </trkpt>
   <trkpt lat="46.062780000000004" lon="6.929990000000001">
    <ele>1789.0100000000002</ele>
   </trkpt>
   <trkpt lat="46.062760000000004" lon="6.92996">
    <ele>1789.0100000000002</ele>
   </trkpt>
   <trkpt lat="46.062780000000004" lon="6.929900000000001">
    <ele>1801.1800000000003</ele>
   </trkpt>
   <trkpt lat="46.062760000000004" lon="6.929850000000001">
    <ele>1801.1800000000003</ele>
   </trkpt>
   <trkpt lat="46.06268" lon="6.929810000000001">
    <ele>1801.1800000000003</ele>
   </trkpt>
   <trkpt lat="46.06262" lon="6.9298">
    <ele>1801.1800000000003</ele>
   </trkpt>
   <trkpt lat="46.062580000000004" lon="6.929810000000001">
    <ele>1809.4500000000003</ele>
   </trkpt>
   <trkpt lat="46.06255" lon="6.929790000000001">
    <ele>1809.4500000000003</ele>
   </trkpt>
   <trkpt lat="46.062520000000006" lon="6.929810000000001">
    <ele>1809.4500000000003</ele>
   </trkpt>
   <trkpt lat="46.062490000000004" lon="6.92975">
    <ele>1813.44</ele>
   </trkpt>
   <trkpt lat="46.062490000000004" lon="6.9297">
    <ele>1813.44</ele>
   </trkpt>
   <trkpt lat="46.062520000000006" lon="6.929690000000001">
    <ele>1815.32</ele>
   </trkpt>
   <trkpt lat="46.06255" lon="6.92963">
    <ele>1817.0800000000002</ele>
   </trkpt>
   <trkpt lat="46.062580000000004" lon="6.929620000000001">
    <ele>1818.72</ele>
   </trkpt>
   <trkpt lat="46.0626" lon="6.92956">
    <ele>1820.27</ele>
   </trkpt>
   <trkpt lat="46.06264" lon="6.92954">
    <ele>1820.27</ele>
   </trkpt>
   <trkpt lat="46.06270000000001" lon="6.9294400000000005">
    <ele>1823.16</ele>
   </trkpt>
   <trkpt lat="46.062760000000004" lon="6.929390000000001">
    <ele>1827.15</ele>
   </trkpt>
   <trkpt lat="46.06277" lon="6.929340000000001">
    <ele>1827.15</ele>
   </trkpt>
   <trkpt lat="46.06284" lon="6.92926">
    <ele>1832.17</ele>
   </trkpt>
   <trkpt lat="46.063010000000006" lon="6.929180000000001">
    <ele>1834.5700000000002</ele>
   </trkpt>
   <trkpt lat="46.06307" lon="6.929130000000001">
    <ele>1836.63</ele>
   </trkpt>
   <trkpt lat="46.063100000000006" lon="6.92905">
    <ele>1837.5</ele>
   </trkpt>
   <trkpt lat="46.06331" lon="6.928780000000001">
    <ele>1841.89</ele>
   </trkpt>
   <trkpt lat="46.06345" lon="6.92874">
    <ele>1846.2300000000002</ele>
   </trkpt>
   <trkpt lat="46.063500000000005" lon="6.9286200000000004">
    <ele>1849.4500000000003</ele>
   </trkpt>
   <trkpt lat="46.063520000000004" lon="6.9286200000000004">
    <ele>1849.4500000000003</ele>
   </trkpt>
   <trkpt lat="46.06353000000001" lon="6.928640000000001">
    <ele>1851.2800000000002</ele>
   </trkpt>
   <trkpt lat="46.063550000000006" lon="6.928630000000001">
    <ele>1851.2800000000002</ele>
   </trkpt>
   <trkpt lat="46.06365" lon="6.928310000000001">
    <ele>1861.7800000000002</ele>
   </trkpt>
   <trkpt lat="46.06367" lon="6.9281500000000005">
    <ele>1871.5000000000002</ele>
   </trkpt>
   <trkpt lat="46.063700000000004" lon="6.92811">
    <ele>1871.5000000000002</ele>
   </trkpt>
   <trkpt lat="46.063770000000005" lon="6.928090000000001">
    <ele>1871.5000000000002</ele>
   </trkpt>
   <trkpt lat="46.06383" lon="6.92792">
    <ele>1881.73</ele>
   </trkpt>
   <trkpt lat="46.06387" lon="6.92792">
    <ele>1886.6200000000001</ele>
   </trkpt>
   <trkpt lat="46.06389" lon="6.928000000000001">
    <ele>1888.9700000000003</ele>
   </trkpt>
   <trkpt lat="46.064060000000005" lon="6.9278">
    <ele>1900.0100000000002</ele>
   </trkpt>
   <trkpt lat="46.06412" lon="6.927670000000001">
    <ele>1904.13</ele>
   </trkpt>
   <trkpt lat="46.06420000000001" lon="6.927420000000001">
    <ele>1910.8300000000002</ele>
   </trkpt>
   <trkpt lat="46.064170000000004" lon="6.927300000000001">
    <ele>1910.8300000000002</ele>
   </trkpt>
   <trkpt lat="46.06427" lon="6.92724">
    <ele>1917.99</ele>
   </trkpt>
   <trkpt lat="46.064310000000006" lon="6.92715">
    <ele>1917.99</ele>
   </trkpt>
   <trkpt lat="46.064490000000006" lon="6.92691">
    <ele>1926.47</ele>
   </trkpt>
   <trkpt lat="46.06456000000001" lon="6.926870000000001">
    <ele>1929.63</ele>
   </trkpt>
   <trkpt lat="46.06461" lon="6.926870000000001">
    <ele>1934.7</ele>
   </trkpt>
   <trkpt lat="46.064620000000005" lon="6.9267900000000004">
    <ele>1934.7</ele>
   </trkpt>
   <trkpt lat="46.06461" lon="6.926760000000001">
    <ele>1934.7</ele>
   </trkpt>
   <trkpt lat="46.06458000000001" lon="6.926740000000001">
    <ele>1936.2800000000002</ele>
   </trkpt>
   <trkpt lat="46.06457" lon="6.92668">
    <ele>1937.67</ele>
   </trkpt>
   <trkpt lat="46.06494000000001" lon="6.9262500000000005">
    <ele>1936.4500000000003</ele>
   </trkpt>
   <trkpt lat="46.06505000000001" lon="6.926190000000001">
    <ele>1932.2700000000002</ele>
   </trkpt>
   <trkpt lat="46.065220000000004" lon="6.926010000000001">
    <ele>1921.4400000000003</ele>
   </trkpt>
   <trkpt lat="46.06517" lon="6.926220000000001">
    <ele>1923.8600000000001</ele>
   </trkpt>
   <trkpt lat="46.065110000000004" lon="6.926330000000001">
    <ele>1923.4700000000003</ele>
   </trkpt>
   <trkpt lat="46.065000000000005" lon="6.926880000000001">
    <ele>1923.13</ele>
   </trkpt>
   <trkpt lat="46.06492" lon="6.927160000000001">
    <ele>1922.43</ele>
   </trkpt>
   <trkpt lat="46.064930000000004" lon="6.92736">
    <ele>1922.43</ele>
   </trkpt>
   <trkpt lat="46.06497" lon="6.927620000000001">
    <ele>1922.1200000000001</ele>
   </trkpt>
   <trkpt lat="46.065020000000004" lon="6.92783">
    <ele>1921.68</ele>
   </trkpt>
   <trkpt lat="46.06506" lon="6.9278900000000005">
    <ele>1921.66</ele>
   </trkpt>
   <trkpt lat="46.06512" lon="6.927930000000001">
    <ele>1921.66</ele>
   </trkpt>
   <trkpt lat="46.065250000000006" lon="6.927980000000001">
    <ele>1921.66</ele>
   </trkpt>
   <trkpt lat="46.065400000000004" lon="6.928210000000001">
    <ele>1921.93</ele>
   </trkpt>
   <trkpt lat="46.06544" lon="6.928640000000001">
    <ele>1922.44</ele>
   </trkpt>
   <trkpt lat="46.06544" lon="6.92902">
    <ele>1922.92</ele>
   </trkpt>
   <trkpt lat="46.065470000000005" lon="6.929030000000001">
    <ele>1923.6100000000001</ele>
   </trkpt>
   <trkpt lat="46.065470000000005" lon="6.929060000000001">
    <ele>1923.6100000000001</ele>
   </trkpt>
   <trkpt lat="46.06548" lon="6.92926">
    <ele>1923.6200000000001</ele>
   </trkpt>
   <trkpt lat="46.06582" lon="6.929640000000001">
    <ele>1923.75</ele>
   </trkpt>
   <trkpt lat="46.06595" lon="6.92984">
    <ele>1923.96</ele>
   </trkpt>
   <trkpt lat="46.06604" lon="6.93003">
    <ele>1923.96</ele>
   </trkpt>
   <trkpt lat="46.06611" lon="6.93024">
    <ele>1924.13</ele>
   </trkpt>
   <trkpt lat="46.06613" lon="6.930510000000001">
    <ele>1924.3000000000002</ele>
   </trkpt>
   <trkpt lat="46.06615" lon="6.93057">
    <ele>1924.3000000000002</ele>
   </trkpt>
   <trkpt lat="46.06656" lon="6.930790000000001">
    <ele>1924.5400000000002</ele>
   </trkpt>
   <trkpt lat="46.066750000000006" lon="6.930930000000001">
    <ele>1924.5400000000002</ele>
   </trkpt>
   <trkpt lat="46.06700000000001" lon="6.93116">
    <ele>1924.8700000000001</ele>
   </trkpt>
   <trkpt lat="46.06712" lon="6.931290000000001">
    <ele>1925.0800000000002</ele>
   </trkpt>
   <trkpt lat="46.067330000000005" lon="6.93158">
    <ele>1925.24</ele>
   </trkpt>
   <trkpt lat="46.06758000000001" lon="6.93207">
    <ele>1925.66</ele>
   </trkpt>
   <trkpt lat="46.06772" lon="6.932510000000001">
    <ele>1925.88</ele>
   </trkpt>
   <trkpt lat="46.067820000000005" lon="6.933040000000001">
    <ele>1926.2500000000002</ele>
   </trkpt>
   <trkpt lat="46.06785000000001" lon="6.933330000000001">
    <ele>1926.3700000000001</ele>
   </trkpt>
   <trkpt lat="46.06783" lon="6.93416">
    <ele>1926.8300000000002</ele>
   </trkpt>
   <trkpt lat="46.067730000000005" lon="6.9347900000000005">
    <ele>1927.3000000000002</ele>
   </trkpt>
   <trkpt lat="46.067620000000005" lon="6.934810000000001">
    <ele>1925.0900000000001</ele>
   </trkpt>
   <trkpt lat="46.06749000000001" lon="6.9348600000000005">
    <ele>1925.78</ele>
   </trkpt>
   <trkpt lat="46.067460000000004" lon="6.9349300000000005">
    <ele>1929.89</ele>
   </trkpt>
   <trkpt lat="46.06745" lon="6.935020000000001">
    <ele>1929.89</ele>
   </trkpt>
   <trkpt lat="46.06747000000001" lon="6.9354000000000005">
    <ele>1935.2300000000002</ele>
   </trkpt>
   <trkpt lat="46.067350000000005" lon="6.935700000000001">
    <ele>1940.5</ele>
   </trkpt>
   <trkpt lat="46.06734" lon="6.935880000000001">
    <ele>1942.3100000000002</ele>
   </trkpt>
   <trkpt lat="46.067350000000005" lon="6.936000000000001">
    <ele>1944.19</ele>
   </trkpt>
   <trkpt lat="46.06743" lon="6.93627">
    <ele>1950.2800000000002</ele>
   </trkpt>
   <trkpt lat="46.06745" lon="6.9364300000000005">
    <ele>1952.2400000000002</ele>
   </trkpt>
   <trkpt lat="46.06743" lon="6.93658">
    <ele>1954.1100000000001</ele>
   </trkpt>
   <trkpt lat="46.067280000000004" lon="6.937200000000001">
    <ele>1962.7</ele>
   </trkpt>
   <trkpt lat="46.067220000000006" lon="6.937380000000001">
    <ele>1963.1900000000003</ele>
   </trkpt>
   <trkpt lat="46.06711000000001" lon="6.93752">
    <ele>1963.95</ele>
   </trkpt>
   <trkpt lat="46.0671" lon="6.93761">
    <ele>1963.95</ele>
   </trkpt>
   <trkpt lat="46.067130000000006" lon="6.93766">
    <ele>1963.95</ele>
   </trkpt>
   <trkpt lat="46.06718" lon="6.93766">
    <ele>1964.64</ele>
   </trkpt>
   <trkpt lat="46.067350000000005" lon="6.937480000000001">
    <ele>1964.9900000000002</ele>
   </trkpt>
   <trkpt lat="46.067530000000005" lon="6.937320000000001">
    <ele>1966.0000000000002</ele>
   </trkpt>
   <trkpt lat="46.067730000000005" lon="6.9368300000000005">
    <ele>1967.3400000000001</ele>
   </trkpt>
   <trkpt lat="46.067930000000004" lon="6.936560000000001">
    <ele>1968.64</ele>
   </trkpt>
   <trkpt lat="46.06796000000001" lon="6.936540000000001">
    <ele>1968.5100000000002</ele>
   </trkpt>
   <trkpt lat="46.06796000000001" lon="6.9366900000000005">
    <ele>1970.5800000000002</ele>
   </trkpt>
   <trkpt lat="46.067840000000004" lon="6.937130000000001">
    <ele>1976.1000000000001</ele>
   </trkpt>
   <trkpt lat="46.067840000000004" lon="6.937270000000001">
    <ele>1978.3000000000002</ele>
   </trkpt>
   <trkpt lat="46.06788" lon="6.9374">
    <ele>1979.8400000000001</ele>
   </trkpt>
   <trkpt lat="46.068000000000005" lon="6.93759">
    <ele>1982.42</ele>
   </trkpt>
   <trkpt lat="46.06817" lon="6.93803">
    <ele>1989.71</ele>
   </trkpt>
   <trkpt lat="46.06812" lon="6.938040000000001">
    <ele>1989.7600000000002</ele>
   </trkpt>
   <trkpt lat="46.06792" lon="6.93794">
    <ele>1994.0000000000002</ele>
   </trkpt>
   <trkpt lat="46.067890000000006" lon="6.93794">
    <ele>1994.0000000000002</ele>
   </trkpt>
   <trkpt lat="46.067800000000005" lon="6.9381">
    <ele>1998.8200000000002</ele>
   </trkpt>
   <trkpt lat="46.067510000000006" lon="6.93822">
    <ele>2005.8999999999999</ele>
   </trkpt>
   <trkpt lat="46.06741" lon="6.938280000000001">
    <ele>2006.4100000000003</ele>
   </trkpt>
   <trkpt lat="46.067310000000006" lon="6.93841">
    <ele>2009.8000000000002</ele>
   </trkpt>
   <trkpt lat="46.0668" lon="6.9389400000000006">
    <ele>2013.8600000000001</ele>
   </trkpt>
   <trkpt lat="46.06653000000001" lon="6.939070000000001">
    <ele>2011.3799999999999</ele>
   </trkpt>
   <trkpt lat="46.066500000000005" lon="6.939100000000001">
    <ele>2009.8700000000001</ele>
   </trkpt>
   <trkpt lat="46.06642" lon="6.939290000000001">
    <ele>2008.5100000000002</ele>
   </trkpt>
   <trkpt lat="46.06627" lon="6.93946">
    <ele>2006.0900000000004</ele>
   </trkpt>
   <trkpt lat="46.06613" lon="6.939690000000001">
    <ele>2001.29</ele>
   </trkpt>
   <trkpt lat="46.065870000000004" lon="6.939940000000001">
    <ele>1992.5800000000002</ele>
   </trkpt>
   <trkpt lat="46.06584" lon="6.939940000000001">
    <ele>1991.44</ele>
   </trkpt>
   <trkpt lat="46.065830000000005" lon="6.939920000000001">
    <ele>1991.44</ele>
   </trkpt>
   <trkpt lat="46.065830000000005" lon="6.939820000000001">
    <ele>1989.9</ele>
   </trkpt>
   <trkpt lat="46.065810000000006" lon="6.9398100000000005">
    <ele>1989.9</ele>
   </trkpt>
   <trkpt lat="46.065780000000004" lon="6.939830000000001">
    <ele>1989.57</ele>
   </trkpt>
   <trkpt lat="46.06559" lon="6.9402800000000004">
    <ele>1992.49</ele>
   </trkpt>
   <trkpt lat="46.06539" lon="6.94047">
    <ele>1993.03</ele>
   </trkpt>
   <trkpt lat="46.06535" lon="6.940580000000001">
    <ele>1991.7900000000002</ele>
   </trkpt>
   <trkpt lat="46.065340000000006" lon="6.94071">
    <ele>1989.6000000000001</ele>
   </trkpt>
   <trkpt lat="46.065290000000005" lon="6.94092">
    <ele>1981.69</ele>
   </trkpt>
   <trkpt lat="46.06519" lon="6.94094">
    <ele>1980.22</ele>
   </trkpt>
   <trkpt lat="46.065090000000005" lon="6.9411000000000005">
    <ele>1977.47</ele>
   </trkpt>
   <trkpt lat="46.06504" lon="6.941140000000001">
    <ele>1976.8600000000001</ele>
   </trkpt>
   <trkpt lat="46.06503000000001" lon="6.9412">
    <ele>1976.76</ele>
   </trkpt>
   <trkpt lat="46.06506" lon="6.94141">
    <ele>1976.74</ele>
   </trkpt>
   <trkpt lat="46.06503000000001" lon="6.94148">
    <ele>1976.74</ele>
   </trkpt>
   <trkpt lat="46.064840000000004" lon="6.941560000000001">
    <ele>1976.7</ele>
   </trkpt>
   <trkpt lat="46.06481" lon="6.941590000000001">
    <ele>1976.7</ele>
   </trkpt>
   <trkpt lat="46.06481" lon="6.9418500000000005">
    <ele>1973.3100000000002</ele>
   </trkpt>
   <trkpt lat="46.064710000000005" lon="6.94214">
    <ele>1968.44</ele>
   </trkpt>
   <trkpt lat="46.064730000000004" lon="6.9423200000000005">
    <ele>1963.8700000000001</ele>
   </trkpt>
   <trkpt lat="46.064690000000006" lon="6.94237">
    <ele>1961.2900000000002</ele>
   </trkpt>
   <trkpt lat="46.064620000000005" lon="6.94235">
    <ele>1959.01</ele>
   </trkpt>
   <trkpt lat="46.064550000000004" lon="6.9423900000000005">
    <ele>1957.8000000000002</ele>
   </trkpt>
   <trkpt lat="46.06441" lon="6.9426000000000005">
    <ele>1948.66</ele>
   </trkpt>
   <trkpt lat="46.064440000000005" lon="6.94277">
    <ele>1948.66</ele>
   </trkpt>
   <trkpt lat="46.064420000000005" lon="6.943230000000001">
    <ele>1940.3400000000001</ele>
   </trkpt>
   <trkpt lat="46.064490000000006" lon="6.9433300000000004">
    <ele>1939.24</ele>
   </trkpt>
   <trkpt lat="46.06452" lon="6.943410000000001">
    <ele>1936.0900000000001</ele>
   </trkpt>
   <trkpt lat="46.064510000000006" lon="6.943460000000001">
    <ele>1936.0900000000001</ele>
   </trkpt>
   <trkpt lat="46.06448" lon="6.9435">
    <ele>1936.0900000000001</ele>
   </trkpt>
   <trkpt lat="46.064330000000005" lon="6.9436100000000005">
    <ele>1929.8500000000001</ele>
   </trkpt>
   <trkpt lat="46.06434" lon="6.94369">
    <ele>1929.8500000000001</ele>
   </trkpt>
   <trkpt lat="46.064420000000005" lon="6.94378">
    <ele>1924.8400000000001</ele>
   </trkpt>
   <trkpt lat="46.06443" lon="6.94383">
    <ele>1924.8400000000001</ele>
   </trkpt>
   <trkpt lat="46.06441" lon="6.943880000000001">
    <ele>1924.8400000000001</ele>
   </trkpt>
   <trkpt lat="46.064330000000005" lon="6.943930000000001">
    <ele>1920.95</ele>
   </trkpt>
   <trkpt lat="46.064260000000004" lon="6.943930000000001">
    <ele>1918.13</ele>
   </trkpt>
   <trkpt lat="46.064170000000004" lon="6.943810000000001">
    <ele>1916.8600000000001</ele>
   </trkpt>
   <trkpt lat="46.064040000000006" lon="6.943720000000001">
    <ele>1910.88</ele>
   </trkpt>
   <trkpt lat="46.06382000000001" lon="6.943410000000001">
    <ele>1904.9300000000003</ele>
   </trkpt>
   <trkpt lat="46.063520000000004" lon="6.9431400000000005">
    <ele>1896.1100000000001</ele>
   </trkpt>
   <trkpt lat="46.063390000000005" lon="6.942990000000001">
    <ele>1894.1100000000001</ele>
   </trkpt>
   <trkpt lat="46.06329" lon="6.943020000000001">
    <ele>1893.2600000000002</ele>
   </trkpt>
   <trkpt lat="46.063210000000005" lon="6.94308">
    <ele>1892.67</ele>
   </trkpt>
   <trkpt lat="46.063120000000005" lon="6.943060000000001">
    <ele>1891.66</ele>
   </trkpt>
   <trkpt lat="46.063" lon="6.943250000000001">
    <ele>1889.13</ele>
   </trkpt>
   <trkpt lat="46.06295" lon="6.943270000000001">
    <ele>1888.74</ele>
   </trkpt>
   <trkpt lat="46.0628" lon="6.943230000000001">
    <ele>1887.7</ele>
   </trkpt>
   <trkpt lat="46.06275" lon="6.94317">
    <ele>1886.39</ele>
   </trkpt>
   <trkpt lat="46.06269" lon="6.94296">
    <ele>1882.41</ele>
   </trkpt>
   <trkpt lat="46.06266" lon="6.9429300000000005">
    <ele>1880.3500000000001</ele>
   </trkpt>
   <trkpt lat="46.06259000000001" lon="6.942920000000001">
    <ele>1877.97</ele>
   </trkpt>
   <trkpt lat="46.06255" lon="6.942940000000001">
    <ele>1870.1900000000003</ele>
   </trkpt>
   <trkpt lat="46.06253" lon="6.942970000000001">
    <ele>1870.1900000000003</ele>
   </trkpt>
   <trkpt lat="46.062470000000005" lon="6.943280000000001">
    <ele>1861.3300000000002</ele>
   </trkpt>
   <trkpt lat="46.062430000000006" lon="6.943320000000001">
    <ele>1859.47</ele>
   </trkpt>
   <trkpt lat="46.06237" lon="6.943270000000001">
    <ele>1856.1200000000001</ele>
   </trkpt>
   <trkpt lat="46.06235" lon="6.9429300000000005">
    <ele>1847.8200000000002</ele>
   </trkpt>
   <trkpt lat="46.06233" lon="6.942870000000001">
    <ele>1845.71</ele>
   </trkpt>
   <trkpt lat="46.062290000000004" lon="6.942830000000001">
    <ele>1845.71</ele>
   </trkpt>
   <trkpt lat="46.06228" lon="6.9427">
    <ele>1836.81</ele>
   </trkpt>
   <trkpt lat="46.06215" lon="6.942640000000001">
    <ele>1832.6700000000003</ele>
   </trkpt>
   <trkpt lat="46.06213" lon="6.9425300000000005">
    <ele>1829.16</ele>
   </trkpt>
   <trkpt lat="46.062090000000005" lon="6.942500000000001">
    <ele>1829.16</ele>
   </trkpt>
   <trkpt lat="46.06192" lon="6.942710000000001">
    <ele>1817.1800000000003</ele>
   </trkpt>
   <trkpt lat="46.061890000000005" lon="6.942940000000001">
    <ele>1810.7300000000002</ele>
   </trkpt>
   <trkpt lat="46.06185000000001" lon="6.9429300000000005">
    <ele>1808.72</ele>
   </trkpt>
   <trkpt lat="46.061820000000004" lon="6.9428600000000005">
    <ele>1806.9</ele>
   </trkpt>
   <trkpt lat="46.06181" lon="6.942670000000001">
    <ele>1802.0900000000001</ele>
   </trkpt>
   <trkpt lat="46.06177" lon="6.94261">
    <ele>1800.3200000000002</ele>
   </trkpt>
   <trkpt lat="46.06172" lon="6.94261">
    <ele>1798.3200000000002</ele>
   </trkpt>
   <trkpt lat="46.06163" lon="6.942740000000001">
    <ele>1791.2800000000002</ele>
   </trkpt>
   <trkpt lat="46.06157" lon="6.9427200000000004">
    <ele>1786.82</ele>
   </trkpt>
   <trkpt lat="46.061550000000004" lon="6.942660000000001">
    <ele>1784.8100000000002</ele>
   </trkpt>
   <trkpt lat="46.06156000000001" lon="6.942500000000001">
    <ele>1780.9800000000002</ele>
   </trkpt>
   <trkpt lat="46.061530000000005" lon="6.942360000000001">
    <ele>1776.8300000000002</ele>
   </trkpt>
   <trkpt lat="46.06159" lon="6.942030000000001">
    <ele>1764.9</ele>
   </trkpt>
   <trkpt lat="46.06163" lon="6.941960000000001">
    <ele>1755.71</ele>
   </trkpt>
   <trkpt lat="46.061640000000004" lon="6.941870000000001">
    <ele>1755.71</ele>
   </trkpt>
   <trkpt lat="46.06163" lon="6.941800000000001">
    <ele>1755.71</ele>
   </trkpt>
   <trkpt lat="46.06157" lon="6.941750000000001">
    <ele>1750.7100000000003</ele>
   </trkpt>
   <trkpt lat="46.06141" lon="6.94188">
    <ele>1740.55</ele>
   </trkpt>
   <trkpt lat="46.06118" lon="6.942220000000001">
    <ele>1728.6200000000001</ele>
   </trkpt>
   <trkpt lat="46.06105" lon="6.9425300000000005">
    <ele>1722.79</ele>
   </trkpt>
   <trkpt lat="46.06103" lon="6.94258">
    <ele>1722.79</ele>
   </trkpt>
   <trkpt lat="46.060990000000004" lon="6.942780000000001">
    <ele>1720.3400000000001</ele>
   </trkpt>
   <trkpt lat="46.06101" lon="6.942940000000001">
    <ele>1718.88</ele>
   </trkpt>
   <trkpt lat="46.06114" lon="6.943350000000001">
    <ele>1718.49</ele>
   </trkpt>
   <trkpt lat="46.061170000000004" lon="6.94359">
    <ele>1717.51</ele>
   </trkpt>
   <trkpt lat="46.06114" lon="6.943840000000001">
    <ele>1714.6100000000001</ele>
   </trkpt>
   <trkpt lat="46.061150000000005" lon="6.943960000000001">
    <ele>1712.3600000000001</ele>
   </trkpt>
   <trkpt lat="46.061220000000006" lon="6.94423">
    <ele>1705.98</ele>
   </trkpt>
   <trkpt lat="46.06119" lon="6.944750000000001">
    <ele>1691.51</ele>
   </trkpt>
   <trkpt lat="46.06132" lon="6.945030000000001">
    <ele>1683.1</ele>
   </trkpt>
   <trkpt lat="46.06129000000001" lon="6.94526">
    <ele>1677.16</ele>
   </trkpt>
   <trkpt lat="46.061150000000005" lon="6.94559">
    <ele>1669.7400000000002</ele>
   </trkpt>
   <trkpt lat="46.06114" lon="6.945690000000001">
    <ele>1668.0600000000002</ele>
   </trkpt>
   <trkpt lat="46.06118" lon="6.94582">
    <ele>1662.53</ele>
   </trkpt>
   <trkpt lat="46.06118" lon="6.94587">
    <ele>1662.53</ele>
   </trkpt>
   <trkpt lat="46.06105" lon="6.94617">
    <ele>1654.13</ele>
   </trkpt>
   <trkpt lat="46.06105" lon="6.946300000000001">
    <ele>1649.3500000000001</ele>
   </trkpt>
   <trkpt lat="46.060970000000005" lon="6.946600000000001">
    <ele>1643.6000000000001</ele>
   </trkpt>
   <trkpt lat="46.06091000000001" lon="6.94664">
    <ele>1641.8600000000001</ele>
   </trkpt>
   <trkpt lat="46.060950000000005" lon="6.94678">
    <ele>1640.03</ele>
   </trkpt>
   <trkpt lat="46.06101" lon="6.946860000000001">
    <ele>1630.54</ele>
   </trkpt>
   <trkpt lat="46.06116" lon="6.946860000000001">
    <ele>1626.93</ele>
   </trkpt>
   <trkpt lat="46.06123" lon="6.946890000000001">
    <ele>1626.93</ele>
   </trkpt>
   <trkpt lat="46.061240000000005" lon="6.946940000000001">
    <ele>1621.8500000000001</ele>
   </trkpt>
   <trkpt lat="46.06123" lon="6.947030000000001">
    <ele>1621.8500000000001</ele>
   </trkpt>
   <trkpt lat="46.06125" lon="6.947080000000001">
    <ele>1620.09</ele>
   </trkpt>
   <trkpt lat="46.061280000000004" lon="6.94709">
    <ele>1618.24</ele>
   </trkpt>
   <trkpt lat="46.061460000000004" lon="6.947000000000001">
    <ele>1607.79</ele>
   </trkpt>
   <trkpt lat="46.061490000000006" lon="6.94702">
    <ele>1607.79</ele>
   </trkpt>
   <trkpt lat="46.061510000000006" lon="6.9470600000000005">
    <ele>1605.79</ele>
   </trkpt>
   <trkpt lat="46.06163" lon="6.947140000000001">
    <ele>1602.1100000000001</ele>
   </trkpt>
   <trkpt lat="46.061620000000005" lon="6.947260000000001">
    <ele>1598.65</ele>
   </trkpt>
   <trkpt lat="46.06152" lon="6.947500000000001">
    <ele>1591.93</ele>
   </trkpt>
   <trkpt lat="46.06139" lon="6.947710000000001">
    <ele>1581.8</ele>
   </trkpt>
   <trkpt lat="46.061280000000004" lon="6.947820000000001">
    <ele>1578.92</ele>
   </trkpt>
   <trkpt lat="46.061240000000005" lon="6.947920000000001">
    <ele>1576.3100000000002</ele>
   </trkpt>
   <trkpt lat="46.061240000000005" lon="6.94798">
    <ele>1574.95</ele>
   </trkpt>
   <trkpt lat="46.06134" lon="6.94812">
    <ele>1569.8700000000001</ele>
   </trkpt>
   <trkpt lat="46.06134" lon="6.948160000000001">
    <ele>1567.8100000000002</ele>
   </trkpt>
   <trkpt lat="46.061240000000005" lon="6.948340000000001">
    <ele>1556.72</ele>
   </trkpt>
   <trkpt lat="46.061280000000004" lon="6.948390000000001">
    <ele>1556.72</ele>
   </trkpt>
   <trkpt lat="46.061420000000005" lon="6.948390000000001">
    <ele>1552.43</ele>
   </trkpt>
   <trkpt lat="46.06148" lon="6.948460000000001">
    <ele>1546.39</ele>
   </trkpt>
   <trkpt lat="46.061490000000006" lon="6.94852">
    <ele>1546.39</ele>
   </trkpt>
   <trkpt lat="46.06139" lon="6.948690000000001">
    <ele>1542.6200000000001</ele>
   </trkpt>
   <trkpt lat="46.06139" lon="6.94875">
    <ele>1533.7</ele>
   </trkpt>
   <trkpt lat="46.061530000000005" lon="6.948950000000001">
    <ele>1533.7</ele>
   </trkpt>
   <trkpt lat="46.06159" lon="6.94901">
    <ele>1533.7</ele>
   </trkpt>
   <trkpt lat="46.06175" lon="6.949050000000001">
    <ele>1517.15</ele>
   </trkpt>
   <trkpt lat="46.06177" lon="6.949070000000001">
    <ele>1517.15</ele>
   </trkpt>
   <trkpt lat="46.061780000000006" lon="6.949120000000001">
    <ele>1517.15</ele>
   </trkpt>
   <trkpt lat="46.06168" lon="6.949440000000001">
    <ele>1508.2000000000003</ele>
   </trkpt>
   <trkpt lat="46.06152" lon="6.949540000000001">
    <ele>1496.94</ele>
   </trkpt>
   <trkpt lat="46.06148" lon="6.949610000000001">
    <ele>1496.94</ele>
   </trkpt>
   <trkpt lat="46.06148" lon="6.94974">
    <ele>1493.33</ele>
   </trkpt>
   <trkpt lat="46.061620000000005" lon="6.95004">
    <ele>1482.7700000000002</ele>
   </trkpt>
   <trkpt lat="46.06166" lon="6.950060000000001">
    <ele>1482.7700000000002</ele>
   </trkpt>
   <trkpt lat="46.06176000000001" lon="6.950060000000001">
    <ele>1479.68</ele>
   </trkpt>
   <trkpt lat="46.061840000000004" lon="6.950120000000001">
    <ele>1479.68</ele>
   </trkpt>
   <trkpt lat="46.06204" lon="6.9503">
    <ele>1468.04</ele>
   </trkpt>
   <trkpt lat="46.0621" lon="6.950380000000001">
    <ele>1468.04</ele>
   </trkpt>
   <trkpt lat="46.062110000000004" lon="6.950430000000001">
    <ele>1461.47</ele>
   </trkpt>
   <trkpt lat="46.062110000000004" lon="6.950500000000001">
    <ele>1461.47</ele>
   </trkpt>
   <trkpt lat="46.06201" lon="6.95061">
    <ele>1458.25</ele>
   </trkpt>
   <trkpt lat="46.061980000000005" lon="6.95068">
    <ele>1458.25</ele>
   </trkpt>
   <trkpt lat="46.061930000000004" lon="6.95096">
    <ele>1448.79</ele>
   </trkpt>
   <trkpt lat="46.06165000000001" lon="6.95112">
    <ele>1436.5400000000002</ele>
   </trkpt>
   <trkpt lat="46.06163" lon="6.95119">
    <ele>1436.5400000000002</ele>
   </trkpt>
   <trkpt lat="46.06165000000001" lon="6.95138">
    <ele>1433.6100000000001</ele>
   </trkpt>
   <trkpt lat="46.06165000000001" lon="6.951580000000001">
    <ele>1427.3200000000002</ele>
   </trkpt>
   <trkpt lat="46.06177" lon="6.951790000000001">
    <ele>1423.92</ele>
   </trkpt>
   <trkpt lat="46.06199" lon="6.951910000000001">
    <ele>1411.76</ele>
   </trkpt>
   <trkpt lat="46.06208" lon="6.9520100000000005">
    <ele>1408.7500000000002</ele>
   </trkpt>
   <trkpt lat="46.062310000000004" lon="6.9521500000000005">
    <ele>1400.65</ele>
   </trkpt>
   <trkpt lat="46.062430000000006" lon="6.952310000000001">
    <ele>1396.3600000000001</ele>
   </trkpt>
   <trkpt lat="46.062490000000004" lon="6.9524300000000006">
    <ele>1394.66</ele>
   </trkpt>
   <trkpt lat="46.06298" lon="6.953060000000001">
    <ele>1388.8100000000002</ele>
   </trkpt>
   <trkpt lat="46.063210000000005" lon="6.953480000000001">
    <ele>1384.21</ele>
   </trkpt>
   <trkpt lat="46.063750000000006" lon="6.95436">
    <ele>1382.73</ele>
   </trkpt>
   <trkpt lat="46.063770000000005" lon="6.9545">
    <ele>1380.74</ele>
   </trkpt>
   <trkpt lat="46.06374" lon="6.9545">
    <ele>1380.74</ele>
   </trkpt>
   <trkpt lat="46.063750000000006" lon="6.954580000000001">
    <ele>1380.03</ele>
   </trkpt>
   <trkpt lat="46.063700000000004" lon="6.954580000000001">
    <ele>1377.5700000000002</ele>
   </trkpt>
   <trkpt lat="46.06372" lon="6.954720000000001">
    <ele>1375.3200000000002</ele>
   </trkpt>
   <trkpt lat="46.06367" lon="6.95471">
    <ele>1374.3400000000001</ele>
   </trkpt>
   <trkpt lat="46.063500000000005" lon="6.954560000000001">
    <ele>1371.9800000000002</ele>
   </trkpt>
   <trkpt lat="46.06335000000001" lon="6.95448">
    <ele>1369.7800000000002</ele>
   </trkpt>
   <trkpt lat="46.06326000000001" lon="6.954400000000001">
    <ele>1368.3500000000001</ele>
   </trkpt>
   <trkpt lat="46.0632" lon="6.9543800000000005">
    <ele>1367.67</ele>
   </trkpt>
   <trkpt lat="46.063100000000006" lon="6.95441">
    <ele>1366.42</ele>
   </trkpt>
   <trkpt lat="46.06286" lon="6.95436">
    <ele>1363.19</ele>
   </trkpt>
   <trkpt lat="46.062810000000006" lon="6.954370000000001">
    <ele>1362.6100000000001</ele>
   </trkpt>
   <trkpt lat="46.06284" lon="6.954540000000001">
    <ele>1361.31</ele>
   </trkpt>
   <trkpt lat="46.062830000000005" lon="6.954650000000001">
    <ele>1358.06</ele>
   </trkpt>
   <trkpt lat="46.062780000000004" lon="6.95471">
    <ele>1357.05</ele>
   </trkpt>
   <trkpt lat="46.06268" lon="6.954680000000001">
    <ele>1354.94</ele>
   </trkpt>
   <trkpt lat="46.06242" lon="6.954490000000001">
    <ele>1355.0700000000002</ele>
   </trkpt>
   <trkpt lat="46.062270000000005" lon="6.95427">
    <ele>1355.76</ele>
   </trkpt>
   <trkpt lat="46.061930000000004" lon="6.954140000000001">
    <ele>1358.6299999999999</ele>
   </trkpt>
   <trkpt lat="46.0615" lon="6.9539100000000005">
    <ele>1356.3200000000002</ele>
   </trkpt>
   <trkpt lat="46.06141" lon="6.95375">
    <ele>1352.6100000000001</ele>
   </trkpt>
   <trkpt lat="46.06132" lon="6.953640000000001">
    <ele>1352.6100000000001</ele>
   </trkpt>
   <trkpt lat="46.061240000000005" lon="6.95361">
    <ele>1350.5</ele>
   </trkpt>
   <trkpt lat="46.06118" lon="6.95363">
    <ele>1350.5</ele>
   </trkpt>
   <trkpt lat="46.061110000000006" lon="6.95373">
    <ele>1348.5200000000002</ele>
   </trkpt>
   <trkpt lat="46.06098" lon="6.954000000000001">
    <ele>1346.23</ele>
   </trkpt>
   <trkpt lat="46.06094" lon="6.95413">
    <ele>1342.8600000000001</ele>
   </trkpt>
   <trkpt lat="46.06091000000001" lon="6.954160000000001">
    <ele>1341.97</ele>
   </trkpt>
   <trkpt lat="46.060860000000005" lon="6.9541200000000005">
    <ele>1340.9700000000003</ele>
   </trkpt>
   <trkpt lat="46.06078" lon="6.954160000000001">
    <ele>1338.5600000000002</ele>
   </trkpt>
   <trkpt lat="46.060770000000005" lon="6.9542600000000006">
    <ele>1334.57</ele>
   </trkpt>
   <trkpt lat="46.060700000000004" lon="6.95429">
    <ele>1334.57</ele>
   </trkpt>
   <trkpt lat="46.06062000000001" lon="6.9542">
    <ele>1330.67</ele>
   </trkpt>
   <trkpt lat="46.06054" lon="6.9541900000000005">
    <ele>1329.11</ele>
   </trkpt>
   <trkpt lat="46.06045" lon="6.954230000000001">
    <ele>1325.13</ele>
   </trkpt>
   <trkpt lat="46.06038" lon="6.954350000000001">
    <ele>1314.38</ele>
   </trkpt>
   <trkpt lat="46.06038" lon="6.954560000000001">
    <ele>1309.45</ele>
   </trkpt>
   <trkpt lat="46.0604" lon="6.954650000000001">
    <ele>1307.28</ele>
   </trkpt>
   <trkpt lat="46.06045" lon="6.954700000000001">
    <ele>1303.3000000000002</ele>
   </trkpt>
   <trkpt lat="46.060480000000005" lon="6.954790000000001">
    <ele>1299.64</ele>
   </trkpt>
   <trkpt lat="46.060460000000006" lon="6.95485">
    <ele>1299.64</ele>
   </trkpt>
   <trkpt lat="46.060410000000005" lon="6.954860000000001">
    <ele>1297.91</ele>
   </trkpt>
   <trkpt lat="46.060340000000004" lon="6.954790000000001">
    <ele>1289.5700000000002</ele>
   </trkpt>
   <trkpt lat="46.060280000000006" lon="6.95467">
    <ele>1289.5700000000002</ele>
   </trkpt>
   <trkpt lat="46.0602" lon="6.9545900000000005">
    <ele>1286.38</ele>
   </trkpt>
   <trkpt lat="46.06018" lon="6.954610000000001">
    <ele>1284.98</ele>
   </trkpt>
   <trkpt lat="46.06018" lon="6.95478">
    <ele>1282.71</ele>
   </trkpt>
   <trkpt lat="46.06013" lon="6.954790000000001">
    <ele>1280.8300000000002</ele>
   </trkpt>
   <trkpt lat="46.06" lon="6.95448">
    <ele>1276.18</ele>
   </trkpt>
   <trkpt lat="46.05997000000001" lon="6.9544500000000005">
    <ele>1276.18</ele>
   </trkpt>
   <trkpt lat="46.059960000000004" lon="6.954510000000001">
    <ele>1270.55</ele>
   </trkpt>
   <trkpt lat="46.059990000000006" lon="6.95469">
    <ele>1269.1000000000001</ele>
   </trkpt>
   <trkpt lat="46.059940000000005" lon="6.954820000000001">
    <ele>1264.52</ele>
   </trkpt>
   <trkpt lat="46.05988000000001" lon="6.95481">
    <ele>1264.52</ele>
   </trkpt>
   <trkpt lat="46.059830000000005" lon="6.95476">
    <ele>1260.04</ele>
   </trkpt>
   <trkpt lat="46.059760000000004" lon="6.954770000000001">
    <ele>1258.4700000000003</ele>
   </trkpt>
   <trkpt lat="46.05971" lon="6.954820000000001">
    <ele>1255.1100000000001</ele>
   </trkpt>
   <trkpt lat="46.05970000000001" lon="6.9549900000000004">
    <ele>1249.68</ele>
   </trkpt>
   <trkpt lat="46.05962" lon="6.955070000000001">
    <ele>1245.8</ele>
   </trkpt>
   <trkpt lat="46.05950000000001" lon="6.955070000000001">
    <ele>1245.8</ele>
   </trkpt>
   <trkpt lat="46.05944" lon="6.955010000000001">
    <ele>1237.5</ele>
   </trkpt>
   <trkpt lat="46.05922" lon="6.954630000000001">
    <ele>1227.44</ele>
   </trkpt>
   <trkpt lat="46.05906" lon="6.954460000000001">
    <ele>1221.4900000000002</ele>
   </trkpt>
   <trkpt lat="46.05894000000001" lon="6.95448">
    <ele>1220.01</ele>
   </trkpt>
   <trkpt lat="46.05892" lon="6.954650000000001">
    <ele>1218.49</ele>
   </trkpt>
   <trkpt lat="46.05919" lon="6.955000000000001">
    <ele>1209.7</ele>
   </trkpt>
   <trkpt lat="46.059250000000006" lon="6.955170000000001">
    <ele>1208.2400000000002</ele>
   </trkpt>
   <trkpt lat="46.05937" lon="6.95535">
    <ele>1207.0</ele>
   </trkpt>
   <trkpt lat="46.05942" lon="6.955520000000001">
    <ele>1205.3200000000002</ele>
   </trkpt>
   <trkpt lat="46.05953" lon="6.9556700000000005">
    <ele>1202.76</ele>
   </trkpt>
   <trkpt lat="46.059720000000006" lon="6.956040000000001">
    <ele>1194.88</ele>
   </trkpt>
   <trkpt lat="46.05984" lon="6.956340000000001">
    <ele>1185.0</ele>
   </trkpt>
   <trkpt lat="46.05988000000001" lon="6.95654">
    <ele>1179.0500000000002</ele>
   </trkpt>
   <trkpt lat="46.059870000000004" lon="6.95657">
    <ele>1179.0500000000002</ele>
   </trkpt>
   <trkpt lat="46.05984" lon="6.956580000000001">
    <ele>1179.0500000000002</ele>
   </trkpt>
   <trkpt lat="46.05977" lon="6.956510000000001">
    <ele>1174.4</ele>
   </trkpt>
   <trkpt lat="46.059720000000006" lon="6.9564">
    <ele>1168.3300000000002</ele>
   </trkpt>
   <trkpt lat="46.05969" lon="6.956390000000001">
    <ele>1168.3300000000002</ele>
   </trkpt>
   <trkpt lat="46.059670000000004" lon="6.956430000000001">
    <ele>1168.3300000000002</ele>
   </trkpt>
   <trkpt lat="46.05969" lon="6.9566300000000005">
    <ele>1165.3999999999999</ele>
   </trkpt>
   <trkpt lat="46.059580000000004" lon="6.956650000000001">
    <ele>1162.6000000000001</ele>
   </trkpt>
   <trkpt lat="46.05931" lon="6.956810000000001">
    <ele>1158.6000000000001</ele>
   </trkpt>
   <trkpt lat="46.05921000000001" lon="6.9568200000000004">
    <ele>1157.92</ele>
   </trkpt>
   <trkpt lat="46.059070000000006" lon="6.956790000000001">
    <ele>1157.16</ele>
   </trkpt>
   <trkpt lat="46.05899" lon="6.9568200000000004">
    <ele>1157.0900000000001</ele>
   </trkpt>
   <trkpt lat="46.05939" lon="6.956910000000001">
    <ele>1153.51</ele>
   </trkpt>
   <trkpt lat="46.059470000000005" lon="6.95694">
    <ele>1153.51</ele>
   </trkpt>
   <trkpt lat="46.059580000000004" lon="6.95701">
    <ele>1151.69</ele>
   </trkpt>
   <trkpt lat="46.0596" lon="6.957040000000001">
    <ele>1151.69</ele>
   </trkpt>
   <trkpt lat="46.05959000000001" lon="6.957090000000001">
    <ele>1151.69</ele>
   </trkpt>
   <trkpt lat="46.05946" lon="6.957120000000001">
    <ele>1149.97</ele>
   </trkpt>
   <trkpt lat="46.05944" lon="6.95715">
    <ele>1149.97</ele>
   </trkpt>
   <trkpt lat="46.05946" lon="6.95722">
    <ele>1149.0</ele>
   </trkpt>
   <trkpt lat="46.059740000000005" lon="6.95741">
    <ele>1145.89</ele>
   </trkpt>
   <trkpt lat="46.05984" lon="6.957890000000001">
    <ele>1140.74</ele>
   </trkpt>
   <trkpt lat="46.059810000000006" lon="6.958010000000001">
    <ele>1138.77</ele>
   </trkpt>
   <trkpt lat="46.059720000000006" lon="6.95823">
    <ele>1132.6000000000001</ele>
   </trkpt>
   <trkpt lat="46.05973" lon="6.958310000000001">
    <ele>1131.45</ele>
   </trkpt>
   <trkpt lat="46.05984" lon="6.95856">
    <ele>1128.3400000000001</ele>
   </trkpt>
   <trkpt lat="46.06016" lon="6.959130000000001">
    <ele>1125.5700000000002</ele>
   </trkpt>
   <trkpt lat="46.06002" lon="6.9593300000000005">
    <ele>1125.6200000000001</ele>
   </trkpt>
   <trkpt lat="46.06006000000001" lon="6.959840000000001">
    <ele>1120.32</ele>
   </trkpt>
   <trkpt lat="46.06004" lon="6.959950000000001">
    <ele>1119.68</ele>
   </trkpt>
   <trkpt lat="46.059900000000006" lon="6.960350000000001">
    <ele>1116.54</ele>
   </trkpt>
   <trkpt lat="46.059850000000004" lon="6.96041">
    <ele>1116.1000000000001</ele>
   </trkpt>
   <trkpt lat="46.05984" lon="6.960420000000001">
    <ele>1115.8400000000001</ele>
   </trkpt>
   <trkpt lat="46.059740000000005" lon="6.960500000000001">
    <ele>1115.8400000000001</ele>
   </trkpt>
   <trkpt lat="46.05962" lon="6.960520000000001">
    <ele>1114.92</ele>
   </trkpt>
   <trkpt lat="46.059470000000005" lon="6.9604800000000004">
    <ele>1114.92</ele>
   </trkpt>
   <trkpt lat="46.05933" lon="6.96037">
    <ele>1113.69</ele>
   </trkpt>
   <trkpt lat="46.05852" lon="6.96023">
    <ele>1113.96</ele>
   </trkpt>
   <trkpt lat="46.05785" lon="6.959820000000001">
    <ele>1118.51</ele>
   </trkpt>
   <trkpt lat="46.05751" lon="6.959510000000001">
    <ele>1121.95</ele>
   </trkpt>
   <trkpt lat="46.057390000000005" lon="6.95964">
    <ele>1126.7</ele>
   </trkpt>
   <trkpt lat="46.05716" lon="6.959630000000001">
    <ele>1137.68</ele>
   </trkpt>
   <trkpt lat="46.05722" lon="6.95969">
    <ele>1139.2600000000002</ele>
   </trkpt>
   <trkpt lat="46.05729" lon="6.959810000000001">
    <ele>1142.13</ele>
   </trkpt>
   <trkpt lat="46.057320000000004" lon="6.9599">
    <ele>1146.56</ele>
   </trkpt>
   <trkpt lat="46.05727" lon="6.959910000000001">
    <ele>1146.56</ele>
   </trkpt>
   <trkpt lat="46.05726000000001" lon="6.9599">
    <ele>1140.24</ele>
   </trkpt>
   <trkpt lat="46.057230000000004" lon="6.959950000000001">
    <ele>1143.6399999999999</ele>
   </trkpt>
   <trkpt lat="46.05731" lon="6.960020000000001">
    <ele>1143.3200000000002</ele>
   </trkpt>
   <trkpt lat="46.057410000000004" lon="6.96004">
    <ele>1139.58</ele>
   </trkpt>
   <trkpt lat="46.05734" lon="6.960140000000001">
    <ele>1147.9</ele>
   </trkpt>
   <trkpt lat="46.05724000000001" lon="6.960170000000001">
    <ele>1154.38</ele>
   </trkpt>
   <trkpt lat="46.057320000000004" lon="6.96025">
    <ele>1153.27</ele>
   </trkpt>
   <trkpt lat="46.05736" lon="6.960380000000001">
    <ele>1156.23</ele>
   </trkpt>
   <trkpt lat="46.05729" lon="6.960470000000001">
    <ele>1165.9400000000003</ele>
   </trkpt>
   <trkpt lat="46.0572" lon="6.9604800000000004">
    <ele>1171.7300000000002</ele>
   </trkpt>
   <trkpt lat="46.05724000000001" lon="6.960660000000001">
    <ele>1182.52</ele>
   </trkpt>
   <trkpt lat="46.05715000000001" lon="6.960700000000001">
    <ele>1190.74</ele>
   </trkpt>
   <trkpt lat="46.05706000000001" lon="6.960640000000001">
    <ele>1191.3700000000001</ele>
   </trkpt>
   <trkpt lat="46.05695" lon="6.96067">
    <ele>1199.93</ele>
   </trkpt>
   <trkpt lat="46.056900000000006" lon="6.960780000000001">
    <ele>1209.5800000000002</ele>
   </trkpt>
   <trkpt lat="46.05682" lon="6.960850000000001">
    <ele>1221.1200000000001</ele>
   </trkpt>
   <trkpt lat="46.0568" lon="6.96098">
    <ele>1229.17</ele>
   </trkpt>
   <trkpt lat="46.05687" lon="6.96107">
    <ele>1230.2700000000002</ele>
   </trkpt>
   <trkpt lat="46.05697000000001" lon="6.96109">
    <ele>1226.2700000000002</ele>
   </trkpt>
   <trkpt lat="46.057" lon="6.961240000000001">
    <ele>1231.2500000000002</ele>
   </trkpt>
   <trkpt lat="46.056940000000004" lon="6.96135">
    <ele>1242.28</ele>
   </trkpt>
   <trkpt lat="46.05686" lon="6.961410000000001">
    <ele>1248.34</ele>
   </trkpt>
   <trkpt lat="46.056760000000004" lon="6.96142">
    <ele>1254.45</ele>
   </trkpt>
   <trkpt lat="46.05666" lon="6.961410000000001">
    <ele>1259.94</ele>
   </trkpt>
   <trkpt lat="46.05657" lon="6.961340000000001">
    <ele>1261.21</ele>
   </trkpt>
   <trkpt lat="46.056380000000004" lon="6.961310000000001">
    <ele>1271.8700000000001</ele>
   </trkpt>
   <trkpt lat="46.05631" lon="6.96121">
    <ele>1272.8300000000002</ele>
   </trkpt>
   <trkpt lat="46.05601" lon="6.9611600000000005">
    <ele>1288.0500000000002</ele>
   </trkpt>
   <trkpt lat="46.055930000000004" lon="6.96105">
    <ele>1289.98</ele>
   </trkpt>
   <trkpt lat="46.05592" lon="6.960920000000001">
    <ele>1286.44</ele>
   </trkpt>
   <trkpt lat="46.055800000000005" lon="6.960750000000001">
    <ele>1287.69</ele>
   </trkpt>
   <trkpt lat="46.05576000000001" lon="6.960630000000001">
    <ele>1285.2800000000002</ele>
   </trkpt>
   <trkpt lat="46.05566" lon="6.96067">
    <ele>1292.2900000000002</ele>
   </trkpt>
   <trkpt lat="46.05557" lon="6.96074">
    <ele>1298.1299999999999</ele>
   </trkpt>
   <trkpt lat="46.055530000000005" lon="6.961040000000001">
    <ele>1306.63</ele>
   </trkpt>
   <trkpt lat="46.05552" lon="6.961310000000001">
    <ele>1310.8700000000001</ele>
   </trkpt>
   <trkpt lat="46.055420000000005" lon="6.961340000000001">
    <ele>1315.0300000000002</ele>
   </trkpt>
   <trkpt lat="46.055330000000005" lon="6.961310000000001">
    <ele>1317.96</ele>
   </trkpt>
   <trkpt lat="46.055350000000004" lon="6.961460000000001">
    <ele>1319.0900000000001</ele>
   </trkpt>
   <trkpt lat="46.05529000000001" lon="6.9615800000000005">
    <ele>1319.0900000000001</ele>
   </trkpt>
   <trkpt lat="46.055080000000004" lon="6.96166">
    <ele>1333.19</ele>
   </trkpt>
   <trkpt lat="46.055040000000005" lon="6.96145">
    <ele>1343.2700000000002</ele>
   </trkpt>
   <trkpt lat="46.054950000000005" lon="6.961310000000001">
    <ele>1344.26</ele>
   </trkpt>
   <trkpt lat="46.05481" lon="6.961180000000001">
    <ele>1344.87</ele>
   </trkpt>
   <trkpt lat="46.054500000000004" lon="6.960940000000001">
    <ele>1348.0100000000002</ele>
   </trkpt>
   <trkpt lat="46.05431" lon="6.960920000000001">
    <ele>1352.7900000000002</ele>
   </trkpt>
   <trkpt lat="46.05416" lon="6.960680000000001">
    <ele>1355.8500000000001</ele>
   </trkpt>
   <trkpt lat="46.05362" lon="6.960730000000001">
    <ele>1360.95</ele>
   </trkpt>
   <trkpt lat="46.053540000000005" lon="6.960610000000001">
    <ele>1363.0600000000002</ele>
   </trkpt>
   <trkpt lat="46.053230000000006" lon="6.960660000000001">
    <ele>1366.2200000000003</ele>
   </trkpt>
   <trkpt lat="46.053160000000005" lon="6.960700000000001">
    <ele>1368.0100000000002</ele>
   </trkpt>
   <trkpt lat="46.053090000000005" lon="6.960820000000001">
    <ele>1369.9800000000002</ele>
   </trkpt>
   <trkpt lat="46.05294000000001" lon="6.96095">
    <ele>1373.9800000000002</ele>
   </trkpt>
   <trkpt lat="46.05288" lon="6.96093">
    <ele>1374.7900000000002</ele>
   </trkpt>
   <trkpt lat="46.052800000000005" lon="6.96067">
    <ele>1381.1100000000001</ele>
   </trkpt>
   <trkpt lat="46.05274000000001" lon="6.96065">
    <ele>1381.1100000000001</ele>
   </trkpt>
   <trkpt lat="46.052670000000006" lon="6.960700000000001">
    <ele>1381.1100000000001</ele>
   </trkpt>
   <trkpt lat="46.05263" lon="6.9608300000000005">
    <ele>1388.74</ele>
   </trkpt>
   <trkpt lat="46.05256000000001" lon="6.9608300000000005">
    <ele>1390.2</ele>
   </trkpt>
   <trkpt lat="46.0525" lon="6.960800000000001">
    <ele>1391.5700000000002</ele>
   </trkpt>
   <trkpt lat="46.05246" lon="6.960680000000001">
    <ele>1394.0100000000002</ele>
   </trkpt>
   <trkpt lat="46.052490000000006" lon="6.96039">
    <ele>1398.89</ele>
   </trkpt>
   <trkpt lat="46.05246" lon="6.960000000000001">
    <ele>1403.8400000000001</ele>
   </trkpt>
   <trkpt lat="46.052400000000006" lon="6.959910000000001">
    <ele>1406.1100000000001</ele>
   </trkpt>
   <trkpt lat="46.05241" lon="6.959810000000001">
    <ele>1406.95</ele>
   </trkpt>
   <trkpt lat="46.05237" lon="6.959700000000001">
    <ele>1407.92</ele>
   </trkpt>
   <trkpt lat="46.05219" lon="6.959490000000001">
    <ele>1415.5000000000002</ele>
   </trkpt>
   <trkpt lat="46.052150000000005" lon="6.959300000000001">
    <ele>1419.69</ele>
   </trkpt>
   <trkpt lat="46.052170000000004" lon="6.959210000000001">
    <ele>1421.01</ele>
   </trkpt>
   <trkpt lat="46.05212" lon="6.95915">
    <ele>1421.01</ele>
   </trkpt>
   <trkpt lat="46.05200000000001" lon="6.95915">
    <ele>1428.42</ele>
   </trkpt>
   <trkpt lat="46.05191000000001" lon="6.95908">
    <ele>1428.42</ele>
   </trkpt>
   <trkpt lat="46.051610000000004" lon="6.9587900000000005">
    <ele>1436.42</ele>
   </trkpt>
   <trkpt lat="46.051350000000006" lon="6.95842">
    <ele>1443.06</ele>
   </trkpt>
   <trkpt lat="46.05124000000001" lon="6.958340000000001">
    <ele>1449.0200000000002</ele>
   </trkpt>
   <trkpt lat="46.05118" lon="6.95833">
    <ele>1449.0200000000002</ele>
   </trkpt>
   <trkpt lat="46.051120000000004" lon="6.958410000000001">
    <ele>1454.16</ele>
   </trkpt>
   <trkpt lat="46.051100000000005" lon="6.95863">
    <ele>1458.29</ele>
   </trkpt>
   <trkpt lat="46.05098" lon="6.958710000000001">
    <ele>1460.5400000000002</ele>
   </trkpt>
   <trkpt lat="46.050900000000006" lon="6.958920000000001">
    <ele>1462.67</ele>
   </trkpt>
   <trkpt lat="46.05078" lon="6.95903">
    <ele>1463.1200000000001</ele>
   </trkpt>
   <trkpt lat="46.05075" lon="6.959270000000001">
    <ele>1465.1900000000003</ele>
   </trkpt>
   <trkpt lat="46.05075" lon="6.9595">
    <ele>1464.41</ele>
   </trkpt>
   <trkpt lat="46.05071" lon="6.95964">
    <ele>1462.49</ele>
   </trkpt>
   <trkpt lat="46.050520000000006" lon="6.959810000000001">
    <ele>1460.74</ele>
   </trkpt>
   <trkpt lat="46.0504" lon="6.95985">
    <ele>1460.55</ele>
   </trkpt>
   <trkpt lat="46.050320000000006" lon="6.959820000000001">
    <ele>1460.49</ele>
   </trkpt>
   <trkpt lat="46.05022" lon="6.95971">
    <ele>1461.93</ele>
   </trkpt>
   <trkpt lat="46.05017" lon="6.95971">
    <ele>1462.73</ele>
   </trkpt>
   <trkpt lat="46.0501" lon="6.959790000000001">
    <ele>1463.21</ele>
   </trkpt>
   <trkpt lat="46.050050000000006" lon="6.959810000000001">
    <ele>1463.72</ele>
   </trkpt>
   <trkpt lat="46.04999" lon="6.95971">
    <ele>1464.97</ele>
   </trkpt>
   <trkpt lat="46.04995" lon="6.959700000000001">
    <ele>1465.69</ele>
   </trkpt>
   <trkpt lat="46.04992000000001" lon="6.9598">
    <ele>1467.21</ele>
   </trkpt>
   <trkpt lat="46.04995" lon="6.960070000000001">
    <ele>1469.8500000000001</ele>
   </trkpt>
   <trkpt lat="46.04988" lon="6.95997">
    <ele>1471.51</ele>
   </trkpt>
   <trkpt lat="46.049760000000006" lon="6.959720000000001">
    <ele>1474.8600000000001</ele>
   </trkpt>
   <trkpt lat="46.04977" lon="6.959650000000001">
    <ele>1475.2800000000002</ele>
   </trkpt>
   <trkpt lat="46.04974000000001" lon="6.9595400000000005">
    <ele>1476.29</ele>
   </trkpt>
   <trkpt lat="46.049640000000004" lon="6.959340000000001">
    <ele>1479.06</ele>
   </trkpt>
   <trkpt lat="46.04948" lon="6.959210000000001">
    <ele>1483.0400000000002</ele>
   </trkpt>
   <trkpt lat="46.049024999959265" lon="6.959079998896432">
    <ele>1496.7</ele>
   </trkpt>
   <trkpt lat="46.048570000000005" lon="6.958950000000001">
    <ele>1507.3200000000002</ele>
   </trkpt>
   <trkpt lat="46.04813" lon="6.95891">
    <ele>1519.2500000000002</ele>
   </trkpt>
   <trkpt lat="46.04811" lon="6.958780000000001">
    <ele>1518.93</ele>
   </trkpt>
   <trkpt lat="46.048" lon="6.958690000000001">
    <ele>1519.47</ele>
   </trkpt>
   <trkpt lat="46.047900000000006" lon="6.95856">
    <ele>1519.8500000000001</ele>
   </trkpt>
   <trkpt lat="46.047650000000004" lon="6.95814">
    <ele>1523.16</ele>
   </trkpt>
   <trkpt lat="46.04748000000001" lon="6.9579200000000005">
    <ele>1524.3300000000002</ele>
   </trkpt>
   <trkpt lat="46.04711" lon="6.957380000000001">
    <ele>1526.9</ele>
   </trkpt>
   <trkpt lat="46.046850000000006" lon="6.957070000000001">
    <ele>1527.8</ele>
   </trkpt>
   <trkpt lat="46.046780000000005" lon="6.95708">
    <ele>1528.8000000000002</ele>
   </trkpt>
   <trkpt lat="46.046710000000004" lon="6.957050000000001">
    <ele>1529.3700000000001</ele>
   </trkpt>
   <trkpt lat="46.04655" lon="6.9568900000000005">
    <ele>1531.8500000000001</ele>
   </trkpt>
   <trkpt lat="46.046420000000005" lon="6.956830000000001">
    <ele>1535.1200000000001</ele>
   </trkpt>
   <trkpt lat="46.04616" lon="6.9568">
    <ele>1537.95</ele>
   </trkpt>
   <trkpt lat="46.045750000000005" lon="6.9562100000000004">
    <ele>1546.2900000000002</ele>
   </trkpt>
   <trkpt lat="46.04572" lon="6.95633">
    <ele>1548.51</ele>
   </trkpt>
   <trkpt lat="46.04589000000001" lon="6.957050000000001">
    <ele>1555.19</ele>
   </trkpt>
   <trkpt lat="46.0461" lon="6.957650000000001">
    <ele>1561.69</ele>
   </trkpt>
   <trkpt lat="46.046170000000004" lon="6.958030000000001">
    <ele>1564.45</ele>
   </trkpt>
   <trkpt lat="46.04623" lon="6.958130000000001">
    <ele>1565.52</ele>
   </trkpt>
   <trkpt lat="46.04623" lon="6.958200000000001">
    <ele>1565.52</ele>
   </trkpt>
   <trkpt lat="46.04621" lon="6.958220000000001">
    <ele>1565.52</ele>
   </trkpt>
   <trkpt lat="46.046170000000004" lon="6.95821">
    <ele>1567.8500000000001</ele>
   </trkpt>
   <trkpt lat="46.045820000000006" lon="6.9577800000000005">
    <ele>1572.0900000000001</ele>
   </trkpt>
   <trkpt lat="46.045640000000006" lon="6.95769">
    <ele>1576.93</ele>
   </trkpt>
   <trkpt lat="46.045500000000004" lon="6.9575700000000005">
    <ele>1579.01</ele>
   </trkpt>
   <trkpt lat="46.04543" lon="6.957380000000001">
    <ele>1580.3600000000001</ele>
   </trkpt>
   <trkpt lat="46.04524000000001" lon="6.957120000000001">
    <ele>1584.0100000000002</ele>
   </trkpt>
   <trkpt lat="46.044955001219975" lon="6.9565999973919626">
    <ele>1590.2800000000002</ele>
   </trkpt>
   <trkpt lat="46.04467" lon="6.956080000000001">
    <ele>1597.0900000000001</ele>
   </trkpt>
   <trkpt lat="46.044560000000004" lon="6.95593">
    <ele>1599.19</ele>
   </trkpt>
   <trkpt lat="46.04453" lon="6.955850000000001">
    <ele>1599.69</ele>
   </trkpt>
   <trkpt lat="46.04453" lon="6.95579">
    <ele>1599.69</ele>
   </trkpt>
   <trkpt lat="46.04459000000001" lon="6.955680000000001">
    <ele>1601.49</ele>
   </trkpt>
   <trkpt lat="46.0446" lon="6.955620000000001">
    <ele>1601.49</ele>
   </trkpt>
   <trkpt lat="46.04459000000001" lon="6.95551">
    <ele>1601.96</ele>
   </trkpt>
   <trkpt lat="46.04455" lon="6.95539">
    <ele>1603.0000000000002</ele>
   </trkpt>
   <trkpt lat="46.044380000000004" lon="6.9552000000000005">
    <ele>1607.5600000000002</ele>
   </trkpt>
   <trkpt lat="46.044140000000006" lon="6.95502">
    <ele>1609.94</ele>
   </trkpt>
   <trkpt lat="46.043890000000005" lon="6.95429">
    <ele>1616.0800000000002</ele>
   </trkpt>
   <trkpt lat="46.04377" lon="6.954090000000001">
    <ele>1618.45</ele>
   </trkpt>
   <trkpt lat="46.04354000000001" lon="6.953850000000001">
    <ele>1622.0</ele>
   </trkpt>
   <trkpt lat="46.04346" lon="6.9538">
    <ele>1625.3400000000001</ele>
   </trkpt>
   <trkpt lat="46.04336000000001" lon="6.95349">
    <ele>1627.16</ele>
   </trkpt>
   <trkpt lat="46.043290000000006" lon="6.9533700000000005">
    <ele>1628.8200000000002</ele>
   </trkpt>
   <trkpt lat="46.04327000000001" lon="6.953390000000001">
    <ele>1628.8200000000002</ele>
   </trkpt>
   <trkpt lat="46.04327000000001" lon="6.95363">
    <ele>1631.7</ele>
   </trkpt>
   <trkpt lat="46.04332" lon="6.953990000000001">
    <ele>1633.58</ele>
   </trkpt>
   <trkpt lat="46.0433" lon="6.954140000000001">
    <ele>1635.88</ele>
   </trkpt>
   <trkpt lat="46.0433" lon="6.9542">
    <ele>1635.88</ele>
   </trkpt>
   <trkpt lat="46.042770000000004" lon="6.953220000000001">
    <ele>1648.92</ele>
   </trkpt>
   <trkpt lat="46.04272" lon="6.953110000000001">
    <ele>1648.63</ele>
   </trkpt>
   <trkpt lat="46.042590000000004" lon="6.95286">
    <ele>1648.8300000000002</ele>
   </trkpt>
   <trkpt lat="46.04262000000001" lon="6.953060000000001">
    <ele>1650.39</ele>
   </trkpt>
   <trkpt lat="46.042590000000004" lon="6.953550000000001">
    <ele>1657.7700000000002</ele>
   </trkpt>
   <trkpt lat="46.04254" lon="6.953830000000001">
    <ele>1661.45</ele>
   </trkpt>
   <trkpt lat="46.042550000000006" lon="6.95401">
    <ele>1664.5100000000002</ele>
   </trkpt>
   <trkpt lat="46.042410000000004" lon="6.95417">
    <ele>1671.07</ele>
   </trkpt>
   <trkpt lat="46.04238" lon="6.95424">
    <ele>1671.07</ele>
   </trkpt>
   <trkpt lat="46.042390000000005" lon="6.954530000000001">
    <ele>1674.5</ele>
   </trkpt>
   <trkpt lat="46.04247" lon="6.954860000000001">
    <ele>1679.98</ele>
   </trkpt>
   <trkpt lat="46.04252" lon="6.95516">
    <ele>1682.6000000000001</ele>
   </trkpt>
   <trkpt lat="46.04261" lon="6.95544">
    <ele>1687.9400000000003</ele>
   </trkpt>
   <trkpt lat="46.04260000000001" lon="6.955500000000001">
    <ele>1687.9400000000003</ele>
   </trkpt>
   <trkpt lat="46.042460000000005" lon="6.955430000000001">
    <ele>1692.44</ele>
   </trkpt>
   <trkpt lat="46.042350000000006" lon="6.955290000000001">
    <ele>1696.6000000000001</ele>
   </trkpt>
   <trkpt lat="46.04234" lon="6.95532">
    <ele>1696.6000000000001</ele>
   </trkpt>
   <trkpt lat="46.04245" lon="6.9557400000000005">
    <ele>1704.5</ele>
   </trkpt>
   <trkpt lat="46.04258" lon="6.956130000000001">
    <ele>1708.2700000000002</ele>
   </trkpt>
   <trkpt lat="46.04280000000001" lon="6.9566300000000005">
    <ele>1716.2100000000003</ele>
   </trkpt>
   <trkpt lat="46.04285" lon="6.95685">
    <ele>1717.84</ele>
   </trkpt>
   <trkpt lat="46.04283" lon="6.95685">
    <ele>1717.84</ele>
   </trkpt>
   <trkpt lat="46.042590000000004" lon="6.956620000000001">
    <ele>1724.02</ele>
   </trkpt>
   <trkpt lat="46.04256" lon="6.956620000000001">
    <ele>1724.02</ele>
   </trkpt>
   <trkpt lat="46.04263" lon="6.956840000000001">
    <ele>1728.55</ele>
   </trkpt>
   <trkpt lat="46.04267" lon="6.957140000000001">
    <ele>1732.7800000000002</ele>
   </trkpt>
   <trkpt lat="46.042660000000005" lon="6.95722">
    <ele>1734.7</ele>
   </trkpt>
   <trkpt lat="46.042680000000004" lon="6.957330000000001">
    <ele>1734.7</ele>
   </trkpt>
   <trkpt lat="46.042660000000005" lon="6.95734">
    <ele>1734.7</ele>
   </trkpt>
   <trkpt lat="46.04238" lon="6.956910000000001">
    <ele>1745.57</ele>
   </trkpt>
   <trkpt lat="46.042370000000005" lon="6.957040000000001">
    <ele>1749.14</ele>
   </trkpt>
   <trkpt lat="46.042350000000006" lon="6.957050000000001">
    <ele>1749.14</ele>
   </trkpt>
   <trkpt lat="46.042170000000006" lon="6.956970000000001">
    <ele>1752.2600000000002</ele>
   </trkpt>
   <trkpt lat="46.04205" lon="6.956840000000001">
    <ele>1758.75</ele>
   </trkpt>
   <trkpt lat="46.041990000000006" lon="6.956810000000001">
    <ele>1758.75</ele>
   </trkpt>
   <trkpt lat="46.041970000000006" lon="6.9568200000000004">
    <ele>1758.75</ele>
   </trkpt>
   <trkpt lat="46.041970000000006" lon="6.956840000000001">
    <ele>1758.75</ele>
   </trkpt>
   <trkpt lat="46.042" lon="6.956910000000001">
    <ele>1758.75</ele>
   </trkpt>
   <trkpt lat="46.042" lon="6.957070000000001">
    <ele>1760.4100000000003</ele>
   </trkpt>
   <trkpt lat="46.04204000000001" lon="6.957190000000001">
    <ele>1763.24</ele>
   </trkpt>
   <trkpt lat="46.042100000000005" lon="6.957490000000001">
    <ele>1764.3400000000001</ele>
   </trkpt>
   <trkpt lat="46.04236" lon="6.958220000000001">
    <ele>1766.8500000000001</ele>
   </trkpt>
   <trkpt lat="46.042480000000005" lon="6.95896">
    <ele>1770.5400000000002</ele>
   </trkpt>
   <trkpt lat="46.04254" lon="6.95976">
    <ele>1773.0800000000002</ele>
   </trkpt>
   <trkpt lat="46.042640000000006" lon="6.9603600000000005">
    <ele>1775.44</ele>
   </trkpt>
   <trkpt lat="46.042750000000005" lon="6.96058">
    <ele>1776.3700000000001</ele>
   </trkpt>
   <trkpt lat="46.04283" lon="6.96084">
    <ele>1778.2600000000002</ele>
   </trkpt>
   <trkpt lat="46.042910000000006" lon="6.96098">
    <ele>1778.94</ele>
   </trkpt>
   <trkpt lat="46.042950000000005" lon="6.96119">
    <ele>1779.41</ele>
   </trkpt>
   <trkpt lat="46.04278" lon="6.96201">
    <ele>1782.2300000000002</ele>
   </trkpt>
   <trkpt lat="46.04269" lon="6.9622">
    <ele>1783.03</ele>
   </trkpt>
   <trkpt lat="46.042680000000004" lon="6.96229">
    <ele>1783.03</ele>
   </trkpt>
   <trkpt lat="46.042640000000006" lon="6.962330000000001">
    <ele>1783.21</ele>
   </trkpt>
   <trkpt lat="46.042480000000005" lon="6.9625900000000005">
    <ele>1784.64</ele>
   </trkpt>
   <trkpt lat="46.04243" lon="6.962630000000001">
    <ele>1784.64</ele>
   </trkpt>
   <trkpt lat="46.042370000000005" lon="6.962750000000001">
    <ele>1785.5500000000002</ele>
   </trkpt>
   <trkpt lat="46.042390000000005" lon="6.96295">
    <ele>1786.7400000000002</ele>
   </trkpt>
   <trkpt lat="46.04243" lon="6.963120000000001">
    <ele>1788.94</ele>
   </trkpt>
   <trkpt lat="46.042390000000005" lon="6.96332">
    <ele>1789.9600000000003</ele>
   </trkpt>
   <trkpt lat="46.042440000000006" lon="6.96349">
    <ele>1791.0500000000002</ele>
   </trkpt>
   <trkpt lat="46.04236" lon="6.9638100000000005">
    <ele>1792.3600000000001</ele>
   </trkpt>
   <trkpt lat="46.04227" lon="6.96405">
    <ele>1792.7700000000002</ele>
   </trkpt>
   <trkpt lat="46.04227" lon="6.96412">
    <ele>1792.75</ele>
   </trkpt>
   <trkpt lat="46.042300000000004" lon="6.964160000000001">
    <ele>1792.75</ele>
   </trkpt>
   <trkpt lat="46.042500000000004" lon="6.96424">
    <ele>1789.91</ele>
   </trkpt>
   <trkpt lat="46.04267" lon="6.9642800000000005">
    <ele>1788.6100000000001</ele>
   </trkpt>
   <trkpt lat="46.04274" lon="6.964340000000001">
    <ele>1788.67</ele>
   </trkpt>
   <trkpt lat="46.042770000000004" lon="6.964410000000001">
    <ele>1789.0500000000002</ele>
   </trkpt>
   <trkpt lat="46.04276" lon="6.964700000000001">
    <ele>1792.4700000000003</ele>
   </trkpt>
   <trkpt lat="46.04285" lon="6.96485">
    <ele>1794.68</ele>
   </trkpt>
   <trkpt lat="46.042880000000004" lon="6.96487">
    <ele>1798.3500000000001</ele>
   </trkpt>
   <trkpt lat="46.04289000000001" lon="6.96492">
    <ele>1798.3500000000001</ele>
   </trkpt>
   <trkpt lat="46.042550000000006" lon="6.964970000000001">
    <ele>1805.71</ele>
   </trkpt>
   <trkpt lat="46.042300000000004" lon="6.96487">
    <ele>1812.5900000000001</ele>
   </trkpt>
   <trkpt lat="46.04222" lon="6.96487">
    <ele>1812.5900000000001</ele>
   </trkpt>
   <trkpt lat="46.042190000000005" lon="6.9648900000000005">
    <ele>1812.5900000000001</ele>
   </trkpt>
   <trkpt lat="46.042030000000004" lon="6.964880000000001">
    <ele>1821.41</ele>
   </trkpt>
   <trkpt lat="46.04202" lon="6.964900000000001">
    <ele>1821.41</ele>
   </trkpt>
   <trkpt lat="46.042030000000004" lon="6.965070000000001">
    <ele>1823.39</ele>
   </trkpt>
   <trkpt lat="46.041940000000004" lon="6.9650300000000005">
    <ele>1824.28</ele>
   </trkpt>
   <trkpt lat="46.04169" lon="6.965120000000001">
    <ele>1830.27</ele>
   </trkpt>
   <trkpt lat="46.0416" lon="6.965050000000001">
    <ele>1832.17</ele>
   </trkpt>
   <trkpt lat="46.04144" lon="6.96487">
    <ele>1836.89</ele>
   </trkpt>
   <trkpt lat="46.04126" lon="6.964770000000001">
    <ele>1843.2</ele>
   </trkpt>
   <trkpt lat="46.04126" lon="6.9648">
    <ele>1843.2</ele>
   </trkpt>
   <trkpt lat="46.041380000000004" lon="6.965070000000001">
    <ele>1847.52</ele>
   </trkpt>
   <trkpt lat="46.041180000000004" lon="6.9648900000000005">
    <ele>1852.2800000000002</ele>
   </trkpt>
   <trkpt lat="46.041030000000006" lon="6.96473">
    <ele>1857.0700000000002</ele>
   </trkpt>
   <trkpt lat="46.04101000000001" lon="6.964770000000001">
    <ele>1857.0700000000002</ele>
   </trkpt>
   <trkpt lat="46.041050000000006" lon="6.964910000000001">
    <ele>1860.2200000000003</ele>
   </trkpt>
   <trkpt lat="46.04104" lon="6.96492">
    <ele>1860.2200000000003</ele>
   </trkpt>
   <trkpt lat="46.04092000000001" lon="6.964830000000001">
    <ele>1864.5600000000002</ele>
   </trkpt>
   <trkpt lat="46.0409" lon="6.964830000000001">
    <ele>1864.5600000000002</ele>
   </trkpt>
   <trkpt lat="46.04102" lon="6.965190000000001">
    <ele>1874.7300000000002</ele>
   </trkpt>
   <trkpt lat="46.04106" lon="6.96536">
    <ele>1877.3300000000002</ele>
   </trkpt>
   <trkpt lat="46.04112000000001" lon="6.96548">
    <ele>1879.63</ele>
   </trkpt>
   <trkpt lat="46.04111" lon="6.965490000000001">
    <ele>1879.63</ele>
   </trkpt>
   <trkpt lat="46.040980000000005" lon="6.9654300000000005">
    <ele>1882.3600000000001</ele>
   </trkpt>
   <trkpt lat="46.04083000000001" lon="6.965280000000001">
    <ele>1885.5800000000002</ele>
   </trkpt>
   <trkpt lat="46.04074000000001" lon="6.96527">
    <ele>1886.0800000000002</ele>
   </trkpt>
   <trkpt lat="46.04065000000001" lon="6.965300000000001">
    <ele>1886.8500000000001</ele>
   </trkpt>
   <trkpt lat="46.040490000000005" lon="6.965260000000001">
    <ele>1887.52</ele>
   </trkpt>
   <trkpt lat="46.04037" lon="6.965300000000001">
    <ele>1887.6100000000001</ele>
   </trkpt>
   <trkpt lat="46.04026" lon="6.96539">
    <ele>1888.0</ele>
   </trkpt>
   <trkpt lat="46.04019" lon="6.965540000000001">
    <ele>1889.0600000000002</ele>
   </trkpt>
   <trkpt lat="46.040130000000005" lon="6.96593">
    <ele>1893.7100000000003</ele>
   </trkpt>
   <trkpt lat="46.040090000000006" lon="6.966030000000001">
    <ele>1894.7300000000002</ele>
   </trkpt>
   <trkpt lat="46.0401" lon="6.966290000000001">
    <ele>1900.9600000000003</ele>
   </trkpt>
   <trkpt lat="46.04017" lon="6.96644">
    <ele>1901.89</ele>
   </trkpt>
   <trkpt lat="46.04032" lon="6.966590000000001">
    <ele>1906.26</ele>
   </trkpt>
   <trkpt lat="46.04046" lon="6.966760000000001">
    <ele>1910.4900000000002</ele>
   </trkpt>
   <trkpt lat="46.04046" lon="6.966810000000001">
    <ele>1911.7100000000003</ele>
   </trkpt>
   <trkpt lat="46.04028" lon="6.96701">
    <ele>1918.3100000000002</ele>
   </trkpt>
   <trkpt lat="46.04017" lon="6.96708">
    <ele>1920.91</ele>
   </trkpt>
   <trkpt lat="46.04005" lon="6.967110000000001">
    <ele>1924.64</ele>
   </trkpt>
   <trkpt lat="46.03999" lon="6.96715">
    <ele>1926.98</ele>
   </trkpt>
   <trkpt lat="46.0399" lon="6.9671400000000006">
    <ele>1929.1000000000001</ele>
   </trkpt>
   <trkpt lat="46.03983" lon="6.967090000000001">
    <ele>1930.0800000000002</ele>
   </trkpt>
   <trkpt lat="46.039500000000004" lon="6.966990000000001">
    <ele>1937.95</ele>
   </trkpt>
   <trkpt lat="46.039390000000004" lon="6.96698">
    <ele>1942.2800000000002</ele>
   </trkpt>
   <trkpt lat="46.03938" lon="6.9670000000000005">
    <ele>1942.2800000000002</ele>
   </trkpt>
   <trkpt lat="46.039500000000004" lon="6.96712">
    <ele>1944.2700000000002</ele>
   </trkpt>
   <trkpt lat="46.03965" lon="6.967350000000001">
    <ele>1949.0</ele>
   </trkpt>
   <trkpt lat="46.03972" lon="6.9674000000000005">
    <ele>1949.0</ele>
   </trkpt>
   <trkpt lat="46.04001" lon="6.96783">
    <ele>1957.3500000000001</ele>
   </trkpt>
   <trkpt lat="46.03998000000001" lon="6.96785">
    <ele>1958.53</ele>
   </trkpt>
   <trkpt lat="46.03985" lon="6.9678">
    <ele>1963.63</ele>
   </trkpt>
   <trkpt lat="46.039660000000005" lon="6.967670000000001">
    <ele>1967.0200000000002</ele>
   </trkpt>
   <trkpt lat="46.03949" lon="6.967600000000001">
    <ele>1971.71</ele>
   </trkpt>
   <trkpt lat="46.0394" lon="6.967580000000001">
    <ele>1971.71</ele>
   </trkpt>
   <trkpt lat="46.039300000000004" lon="6.967490000000001">
    <ele>1973.27</ele>
   </trkpt>
   <trkpt lat="46.03925" lon="6.967490000000001">
    <ele>1974.94</ele>
   </trkpt>
   <trkpt lat="46.03922" lon="6.967530000000001">
    <ele>1975.8600000000001</ele>
   </trkpt>
   <trkpt lat="46.03923" lon="6.96759">
    <ele>1976.8700000000001</ele>
   </trkpt>
   <trkpt lat="46.039300000000004" lon="6.9676800000000005">
    <ele>1979.1200000000001</ele>
   </trkpt>
   <trkpt lat="46.039320000000004" lon="6.967790000000001">
    <ele>1982.7100000000003</ele>
   </trkpt>
   <trkpt lat="46.039370000000005" lon="6.9679">
    <ele>1983.8200000000002</ele>
   </trkpt>
   <trkpt lat="46.03936" lon="6.968030000000001">
    <ele>1985.8500000000001</ele>
   </trkpt>
   <trkpt lat="46.039460000000005" lon="6.968240000000001">
    <ele>1988.52</ele>
   </trkpt>
   <trkpt lat="46.03974" lon="6.968520000000001">
    <ele>1994.01</ele>
   </trkpt>
   <trkpt lat="46.03979" lon="6.9686200000000005">
    <ele>1994.5000000000002</ele>
   </trkpt>
   <trkpt lat="46.03981" lon="6.9687600000000005">
    <ele>1995.7700000000002</ele>
   </trkpt>
   <trkpt lat="46.03978" lon="6.969100000000001">
    <ele>1999.8000000000002</ele>
   </trkpt>
   <trkpt lat="46.03976" lon="6.96912">
    <ele>1999.8000000000002</ele>
   </trkpt>
   <trkpt lat="46.03969" lon="6.969100000000001">
    <ele>2000.75</ele>
   </trkpt>
   <trkpt lat="46.03960000000001" lon="6.96914">
    <ele>2001.16</ele>
   </trkpt>
   <trkpt lat="46.03942000000001" lon="6.969410000000001">
    <ele>2003.14</ele>
   </trkpt>
   <trkpt lat="46.03938" lon="6.96942">
    <ele>2003.12</ele>
   </trkpt>
   <trkpt lat="46.03922" lon="6.96938">
    <ele>2002.73</ele>
   </trkpt>
   <trkpt lat="46.03914" lon="6.969410000000001">
    <ele>2002.58</ele>
   </trkpt>
   <trkpt lat="46.03905" lon="6.96987">
    <ele>2005.5900000000001</ele>
   </trkpt>
   <trkpt lat="46.03905" lon="6.970110000000001">
    <ele>2008.4500000000003</ele>
   </trkpt>
   <trkpt lat="46.038940000000004" lon="6.97048">
    <ele>2012.0400000000002</ele>
   </trkpt>
   <trkpt lat="46.03896" lon="6.9705">
    <ele>2012.0400000000002</ele>
   </trkpt>
   <trkpt lat="46.039010000000005" lon="6.9705">
    <ele>2014.4299999999998</ele>
   </trkpt>
   <trkpt lat="46.03924000000001" lon="6.970580000000001">
    <ele>2017.97</ele>
   </trkpt>
   <trkpt lat="46.039460000000005" lon="6.970610000000001">
    <ele>2020.8400000000001</ele>
   </trkpt>
   <trkpt lat="46.039570000000005" lon="6.9705900000000005">
    <ele>2022.18</ele>
   </trkpt>
   <trkpt lat="46.039660000000005" lon="6.97057">
    <ele>2023.8300000000002</ele>
   </trkpt>
   <trkpt lat="46.03996" lon="6.970390000000001">
    <ele>2033.42</ele>
   </trkpt>
   <trkpt lat="46.03999" lon="6.970350000000001">
    <ele>2033.42</ele>
   </trkpt>
   <trkpt lat="46.040150000000004" lon="6.97029">
    <ele>2039.9000000000003</ele>
   </trkpt>
   <trkpt lat="46.040350000000004" lon="6.970350000000001">
    <ele>2043.53</ele>
   </trkpt>
   <trkpt lat="46.04037" lon="6.970370000000001">
    <ele>2046.9099999999999</ele>
   </trkpt>
   <trkpt lat="46.040530000000004" lon="6.97043">
    <ele>2049.08</ele>
   </trkpt>
   <trkpt lat="46.04057" lon="6.970490000000001">
    <ele>2049.08</ele>
   </trkpt>
   <trkpt lat="46.04057" lon="6.97062">
    <ele>2054.37</ele>
   </trkpt>
   <trkpt lat="46.04054000000001" lon="6.9708000000000006">
    <ele>2054.37</ele>
   </trkpt>
   <trkpt lat="46.040560000000006" lon="6.970860000000001">
    <ele>2058.44</ele>
   </trkpt>
   <trkpt lat="46.04065000000001" lon="6.97097">
    <ele>2060.3700000000003</ele>
   </trkpt>
   <trkpt lat="46.04088" lon="6.97118">
    <ele>2064.0</ele>
   </trkpt>
   <trkpt lat="46.04093" lon="6.97125">
    <ele>2064.0</ele>
   </trkpt>
   <trkpt lat="46.04101000000001" lon="6.971430000000001">
    <ele>2066.46</ele>
   </trkpt>
   <trkpt lat="46.040690000000005" lon="6.971450000000001">
    <ele>2072.38</ele>
   </trkpt>
   <trkpt lat="46.04059" lon="6.9714100000000006">
    <ele>2073.21</ele>
   </trkpt>
   <trkpt lat="46.04055" lon="6.9714100000000006">
    <ele>2075.53</ele>
   </trkpt>
   <trkpt lat="46.04028" lon="6.971520000000001">
    <ele>2079.7400000000002</ele>
   </trkpt>
   <trkpt lat="46.04016000000001" lon="6.971610000000001">
    <ele>2083.15</ele>
   </trkpt>
   <trkpt lat="46.04003" lon="6.971760000000001">
    <ele>2086.0600000000004</ele>
   </trkpt>
   <trkpt lat="46.03983" lon="6.971920000000001">
    <ele>2091.66</ele>
   </trkpt>
   <trkpt lat="46.039770000000004" lon="6.972040000000001">
    <ele>2095.75</ele>
   </trkpt>
   <trkpt lat="46.039680000000004" lon="6.9721">
    <ele>2100.39</ele>
   </trkpt>
   <trkpt lat="46.03960000000001" lon="6.9722100000000005">
    <ele>2101.88</ele>
   </trkpt>
   <trkpt lat="46.03954" lon="6.97226">
    <ele>2103.3</ele>
   </trkpt>
   <trkpt lat="46.0394" lon="6.97243">
    <ele>2110.1200000000003</ele>
   </trkpt>
   <trkpt lat="46.03924000000001" lon="6.97266">
    <ele>2116.01</ele>
   </trkpt>
   <trkpt lat="46.039060000000006" lon="6.972860000000001">
    <ele>2127.81</ele>
   </trkpt>
   <trkpt lat="46.03898" lon="6.97299">
    <ele>2127.81</ele>
   </trkpt>
   <trkpt lat="46.03871" lon="6.973300000000001">
    <ele>2138.85</ele>
   </trkpt>
   <trkpt lat="46.03846" lon="6.973470000000001">
    <ele>2143.1</ele>
   </trkpt>
   <trkpt lat="46.03826" lon="6.9735700000000005">
    <ele>2149.1200000000003</ele>
   </trkpt>
   <trkpt lat="46.0382" lon="6.973660000000001">
    <ele>2149.1200000000003</ele>
   </trkpt>
   <trkpt lat="46.038160000000005" lon="6.97369">
    <ele>2150.05</ele>
   </trkpt>
   <trkpt lat="46.03806" lon="6.9737100000000005">
    <ele>2152.06</ele>
   </trkpt>
   <trkpt lat="46.0379" lon="6.973700000000001">
    <ele>2153.74</ele>
   </trkpt>
   <trkpt lat="46.03784" lon="6.973660000000001">
    <ele>2153.74</ele>
   </trkpt>
   <trkpt lat="46.03779" lon="6.97365">
    <ele>2154.8100000000004</ele>
   </trkpt>
   <trkpt lat="46.037600000000005" lon="6.97365">
    <ele>2156.09</ele>
   </trkpt>
   <trkpt lat="46.03755" lon="6.973610000000001">
    <ele>2156.61</ele>
   </trkpt>
   <trkpt lat="46.03748" lon="6.97362">
    <ele>2157.87</ele>
   </trkpt>
   <trkpt lat="46.03736000000001" lon="6.9736">
    <ele>2160.55</ele>
   </trkpt>
   <trkpt lat="46.0371" lon="6.973470000000001">
    <ele>2167.3500000000004</ele>
   </trkpt>
   <trkpt lat="46.03705" lon="6.97348">
    <ele>2168.2200000000003</ele>
   </trkpt>
   <trkpt lat="46.036880000000004" lon="6.97339">
    <ele>2171.53</ele>
   </trkpt>
   <trkpt lat="46.03679" lon="6.973440000000001">
    <ele>2172.8300000000004</ele>
   </trkpt>
   <trkpt lat="46.036570000000005" lon="6.97348">
    <ele>2176.76</ele>
   </trkpt>
   <trkpt lat="46.03638" lon="6.973440000000001">
    <ele>2179.63</ele>
   </trkpt>
   <trkpt lat="46.03627" lon="6.973400000000001">
    <ele>2182.17</ele>
   </trkpt>
   <trkpt lat="46.036030000000004" lon="6.973400000000001">
    <ele>2186.1</ele>
   </trkpt>
   <trkpt lat="46.035830000000004" lon="6.973350000000001">
    <ele>2191.58</ele>
   </trkpt>
   <trkpt lat="46.03573" lon="6.9733600000000004">
    <ele>2194.29</ele>
   </trkpt>
   <trkpt lat="46.03551" lon="6.97325">
    <ele>2201.57</ele>
   </trkpt>
   <trkpt lat="46.035450000000004" lon="6.973350000000001">
    <ele>2204.59</ele>
   </trkpt>
   <trkpt lat="46.03535" lon="6.973350000000001">
    <ele>2209.17</ele>
   </trkpt>
   <trkpt lat="46.035320000000006" lon="6.973350000000001">
    <ele>2209.17</ele>
   </trkpt>
   <trkpt lat="46.03529" lon="6.97332">
    <ele>2210.6600000000003</ele>
   </trkpt>
   <trkpt lat="46.035120000000006" lon="6.97325">
    <ele>2217.28</ele>
   </trkpt>
   <trkpt lat="46.03504" lon="6.97311">
    <ele>2220.06</ele>
   </trkpt>
   <trkpt lat="46.034960000000005" lon="6.9731000000000005">
    <ele>2223.02</ele>
   </trkpt>
   <trkpt lat="46.03493" lon="6.97306">
    <ele>2223.02</ele>
   </trkpt>
   <trkpt lat="46.03488" lon="6.972930000000001">
    <ele>2228.33</ele>
   </trkpt>
   <trkpt lat="46.03481" lon="6.972840000000001">
    <ele>2228.33</ele>
   </trkpt>
   <trkpt lat="46.034710000000004" lon="6.97273">
    <ele>2236.2900000000004</ele>
   </trkpt>
   <trkpt lat="46.03464" lon="6.972690000000001">
    <ele>2241.9800000000005</ele>
   </trkpt>
   <trkpt lat="46.034440000000004" lon="6.97245">
    <ele>2248.99</ele>
   </trkpt>
   <trkpt lat="46.03428" lon="6.972320000000001">
    <ele>2251.71</ele>
   </trkpt>
   <trkpt lat="46.03423" lon="6.97231">
    <ele>2252.4700000000003</ele>
   </trkpt>
   <trkpt lat="46.034180000000006" lon="6.9723500000000005">
    <ele>2253.33</ele>
   </trkpt>
   <trkpt lat="46.03396" lon="6.97245">
    <ele>2262.14</ele>
   </trkpt>
   <trkpt lat="46.03380000000001" lon="6.9724200000000005">
    <ele>2264.8300000000004</ele>
   </trkpt>
   <trkpt lat="46.0337" lon="6.97231">
    <ele>2269.5000000000005</ele>
   </trkpt>
   <trkpt lat="46.033530000000006" lon="6.9722100000000005">
    <ele>2272.54</ele>
   </trkpt>
   <trkpt lat="46.03349" lon="6.972040000000001">
    <ele>2273.45</ele>
   </trkpt>
   <trkpt lat="46.033390000000004" lon="6.971830000000001">
    <ele>2272.3500000000004</ele>
   </trkpt>
   <trkpt lat="46.033370000000005" lon="6.971660000000001">
    <ele>2272.06</ele>
   </trkpt>
   <trkpt lat="46.03332" lon="6.97165">
    <ele>2272.12</ele>
   </trkpt>
   <trkpt lat="46.033210000000004" lon="6.971500000000001">
    <ele>2273.3100000000004</ele>
   </trkpt>
   <trkpt lat="46.03318" lon="6.971290000000001">
    <ele>2275.56</ele>
   </trkpt>
   <trkpt lat="46.033120000000004" lon="6.971100000000001">
    <ele>2278.9300000000003</ele>
   </trkpt>
   <trkpt lat="46.03311" lon="6.970860000000001">
    <ele>2281.84</ele>
   </trkpt>
   <trkpt lat="46.033120000000004" lon="6.97074">
    <ele>2285.25</ele>
   </trkpt>
   <trkpt lat="46.033170000000005" lon="6.97057">
    <ele>2288.06</ele>
   </trkpt>
   <trkpt lat="46.033170000000005" lon="6.970330000000001">
    <ele>2291.13</ele>
   </trkpt>
   <trkpt lat="46.0332" lon="6.970280000000001">
    <ele>2291.13</ele>
   </trkpt>
   <trkpt lat="46.033260000000006" lon="6.97024">
    <ele>2291.92</ele>
   </trkpt>
   <trkpt lat="46.03343" lon="6.97029">
    <ele>2294.76</ele>
   </trkpt>
   <trkpt lat="46.03351000000001" lon="6.97029">
    <ele>2296.5600000000004</ele>
   </trkpt>
   <trkpt lat="46.033550000000005" lon="6.970330000000001">
    <ele>2296.5600000000004</ele>
   </trkpt>
   <trkpt lat="46.033710000000006" lon="6.970400000000001">
    <ele>2301.52</ele>
   </trkpt>
   <trkpt lat="46.033770000000004" lon="6.970390000000001">
    <ele>2301.52</ele>
   </trkpt>
   <trkpt lat="46.033710000000006" lon="6.970280000000001">
    <ele>2303.42</ele>
   </trkpt>
   <trkpt lat="46.0337" lon="6.97022">
    <ele>2304.65</ele>
   </trkpt>
   <trkpt lat="46.033730000000006" lon="6.970180000000001">
    <ele>2306.08</ele>
   </trkpt>
   <trkpt lat="46.033730000000006" lon="6.97013">
    <ele>2307.64</ele>
   </trkpt>
   <trkpt lat="46.033860000000004" lon="6.9701">
    <ele>2314.54</ele>
   </trkpt>
   <trkpt lat="46.0339" lon="6.970040000000001">
    <ele>2314.54</ele>
   </trkpt>
   <trkpt lat="46.033910000000006" lon="6.96994">
    <ele>2320.36</ele>
   </trkpt>
   <trkpt lat="46.0339" lon="6.969900000000001">
    <ele>2320.36</ele>
   </trkpt>
   <trkpt lat="46.03385" lon="6.969860000000001">
    <ele>2320.92</ele>
   </trkpt>
   <trkpt lat="46.033570000000005" lon="6.96942">
    <ele>2317.9800000000005</ele>
   </trkpt>
   <trkpt lat="46.0334" lon="6.96933">
    <ele>2314.08</ele>
   </trkpt>
   <trkpt lat="46.03311" lon="6.969080000000001">
    <ele>2306.4600000000005</ele>
   </trkpt>
   <trkpt lat="46.032920000000004" lon="6.968990000000001">
    <ele>2295.32</ele>
   </trkpt>
   <trkpt lat="46.032770000000006" lon="6.96874">
    <ele>2285.42</ele>
   </trkpt>
   <trkpt lat="46.032630000000005" lon="6.96865">
    <ele>2282.59</ele>
   </trkpt>
   <trkpt lat="46.03239000000001" lon="6.9682">
    <ele>2280.8300000000004</ele>
   </trkpt>
   <trkpt lat="46.03211" lon="6.96778">
    <ele>2283.34</ele>
   </trkpt>
   <trkpt lat="46.03161" lon="6.967230000000001">
    <ele>2293.0800000000004</ele>
   </trkpt>
   <trkpt lat="46.031470000000006" lon="6.9670000000000005">
    <ele>2298.3700000000003</ele>
   </trkpt>
   <trkpt lat="46.03132" lon="6.966670000000001">
    <ele>2308.58</ele>
   </trkpt>
   <trkpt lat="46.03117" lon="6.96649">
    <ele>2313.6</ele>
   </trkpt>
   <trkpt lat="46.031150000000004" lon="6.966360000000001">
    <ele>2312.4</ele>
   </trkpt>
   <trkpt lat="46.03119" lon="6.966130000000001">
    <ele>2309.79</ele>
   </trkpt>
   <trkpt lat="46.03114" lon="6.965840000000001">
    <ele>2307.23</ele>
   </trkpt>
   <trkpt lat="46.03094" lon="6.96532">
    <ele>2299.9300000000003</ele>
   </trkpt>
   <trkpt lat="46.03078000000001" lon="6.9643500000000005">
    <ele>2287.9300000000003</ele>
   </trkpt>
   <trkpt lat="46.03065" lon="6.96384">
    <ele>2281.19</ele>
   </trkpt>
   <trkpt lat="46.03058" lon="6.96363">
    <ele>2276.58</ele>
   </trkpt>
   <trkpt lat="46.0305" lon="6.963480000000001">
    <ele>2270.1000000000004</ele>
   </trkpt>
   <trkpt lat="46.03049" lon="6.963050000000001">
    <ele>2265.7000000000003</ele>
   </trkpt>
   <trkpt lat="46.030620000000006" lon="6.96295">
    <ele>2262.09</ele>
   </trkpt>
   <trkpt lat="46.03061" lon="6.962820000000001">
    <ele>2257.76</ele>
   </trkpt>
   <trkpt lat="46.0307" lon="6.96271">
    <ele>2255.01</ele>
   </trkpt>
   <trkpt lat="46.030640000000005" lon="6.962630000000001">
    <ele>2252.39</ele>
   </trkpt>
   <trkpt lat="46.03054" lon="6.9624500000000005">
    <ele>2248.55</ele>
   </trkpt>
   <trkpt lat="46.03040000000001" lon="6.9625">
    <ele>2247.16</ele>
   </trkpt>
   <trkpt lat="46.03027" lon="6.96241">
    <ele>2246.28</ele>
   </trkpt>
   <trkpt lat="46.02996" lon="6.9621200000000005">
    <ele>2241.07</ele>
   </trkpt>
   <trkpt lat="46.029700000000005" lon="6.9618">
    <ele>2234.2500000000005</ele>
   </trkpt>
   <trkpt lat="46.02964" lon="6.9614">
    <ele>2231.6000000000004</ele>
   </trkpt>
   <trkpt lat="46.0298" lon="6.961080000000001">
    <ele>2227.32</ele>
   </trkpt>
   <trkpt lat="46.029770000000006" lon="6.96086">
    <ele>2220.7000000000003</ele>
   </trkpt>
   <trkpt lat="46.02969" lon="6.960500000000001">
    <ele>2211.4500000000003</ele>
   </trkpt>
   <trkpt lat="46.029680000000006" lon="6.9603600000000005">
    <ele>2206.86</ele>
   </trkpt>
   <trkpt lat="46.02955" lon="6.96034">
    <ele>2204.34</ele>
   </trkpt>
   <trkpt lat="46.02967" lon="6.960240000000001">
    <ele>2201.7200000000003</ele>
   </trkpt>
   <trkpt lat="46.029700000000005" lon="6.960210000000001">
    <ele>2201.7200000000003</ele>
   </trkpt>
   <trkpt lat="46.029630000000004" lon="6.960090000000001">
    <ele>2201.56</ele>
   </trkpt>
   <trkpt lat="46.02962" lon="6.960030000000001">
    <ele>2201.56</ele>
   </trkpt>
   <trkpt lat="46.02964" lon="6.95997">
    <ele>2202.0000000000005</ele>
   </trkpt>
   <trkpt lat="46.029630000000004" lon="6.9598">
    <ele>2201.9100000000003</ele>
   </trkpt>
   <trkpt lat="46.02951" lon="6.959420000000001">
    <ele>2200.81</ele>
   </trkpt>
   <trkpt lat="46.02937000000001" lon="6.959110000000001">
    <ele>2198.7400000000002</ele>
   </trkpt>
   <trkpt lat="46.02919000000001" lon="6.95884">
    <ele>2194.8100000000004</ele>
   </trkpt>
   <trkpt lat="46.02915" lon="6.9587">
    <ele>2194.8100000000004</ele>
   </trkpt>
   <trkpt lat="46.02919000000001" lon="6.95858">
    <ele>2192.67</ele>
   </trkpt>
   <trkpt lat="46.02926" lon="6.958450000000001">
    <ele>2191.13</ele>
   </trkpt>
   <trkpt lat="46.029300000000006" lon="6.9583200000000005">
    <ele>2188.75</ele>
   </trkpt>
   <trkpt lat="46.02948000000001" lon="6.95802">
    <ele>2183.09</ele>
   </trkpt>
   <trkpt lat="46.029520000000005" lon="6.957540000000001">
    <ele>2178.7599999999998</ele>
   </trkpt>
   <trkpt lat="46.02935" lon="6.9577800000000005">
    <ele>2173.38</ele>
   </trkpt>
   <trkpt lat="46.02910000000001" lon="6.95795">
    <ele>2169.2599999999998</ele>
   </trkpt>
   <trkpt lat="46.02892000000001" lon="6.958030000000001">
    <ele>2166.19</ele>
   </trkpt>
   <trkpt lat="46.02816000000001" lon="6.9578500000000005">
    <ele>2148.61</ele>
   </trkpt>
   <trkpt lat="46.02799" lon="6.957840000000001">
    <ele>2146.2400000000002</ele>
   </trkpt>
   <trkpt lat="46.02787000000001" lon="6.95781">
    <ele>2143.61</ele>
   </trkpt>
   <trkpt lat="46.02779" lon="6.95776">
    <ele>2141.67</ele>
   </trkpt>
   <trkpt lat="46.02761" lon="6.95772">
    <ele>2138.6600000000003</ele>
   </trkpt>
   <trkpt lat="46.027480000000004" lon="6.957610000000001">
    <ele>2134.73</ele>
   </trkpt>
   <trkpt lat="46.027440000000006" lon="6.95748">
    <ele>2131.45</ele>
   </trkpt>
   <trkpt lat="46.02756" lon="6.95741">
    <ele>2129.63</ele>
   </trkpt>
   <trkpt lat="46.027660000000004" lon="6.957300000000001">
    <ele>2127.4</ele>
   </trkpt>
   <trkpt lat="46.027680000000004" lon="6.9572">
    <ele>2127.4</ele>
   </trkpt>
   <trkpt lat="46.027660000000004" lon="6.9571000000000005">
    <ele>2124.81</ele>
   </trkpt>
   <trkpt lat="46.02769000000001" lon="6.95701">
    <ele>2124.13</ele>
   </trkpt>
   <trkpt lat="46.02778000000001" lon="6.95692">
    <ele>2121.88</ele>
   </trkpt>
   <trkpt lat="46.027770000000004" lon="6.95673">
    <ele>2120.23</ele>
   </trkpt>
   <trkpt lat="46.02787000000001" lon="6.95666">
    <ele>2118.0000000000005</ele>
   </trkpt>
   <trkpt lat="46.02787000000001" lon="6.95664">
    <ele>2118.0000000000005</ele>
   </trkpt>
   <trkpt lat="46.02776" lon="6.956530000000001">
    <ele>2115.69</ele>
   </trkpt>
   <trkpt lat="46.02747" lon="6.95633">
    <ele>2113.71</ele>
   </trkpt>
   <trkpt lat="46.02729" lon="6.95605">
    <ele>2108.61</ele>
   </trkpt>
   <trkpt lat="46.027280000000005" lon="6.955990000000001">
    <ele>2108.61</ele>
   </trkpt>
   <trkpt lat="46.027120000000004" lon="6.95565">
    <ele>2101.75</ele>
   </trkpt>
   <trkpt lat="46.02713000000001" lon="6.955570000000001">
    <ele>2100.1000000000004</ele>
   </trkpt>
   <trkpt lat="46.0272" lon="6.95539">
    <ele>2096.3100000000004</ele>
   </trkpt>
   <trkpt lat="46.027150000000006" lon="6.95544">
    <ele>2096.3100000000004</ele>
   </trkpt>
   <trkpt lat="46.027060000000006" lon="6.955470000000001">
    <ele>2094.7599999999998</ele>
   </trkpt>
   <trkpt lat="46.02696" lon="6.955470000000001">
    <ele>2092.35</ele>
   </trkpt>
   <trkpt lat="46.026740000000004" lon="6.955360000000001">
    <ele>2088.88</ele>
   </trkpt>
   <trkpt lat="46.02669" lon="6.955360000000001">
    <ele>2086.9900000000002</ele>
   </trkpt>
   <trkpt lat="46.02637000000001" lon="6.955520000000001">
    <ele>2080.14</ele>
   </trkpt>
   <trkpt lat="46.02633" lon="6.955610000000001">
    <ele>2078.37</ele>
   </trkpt>
   <trkpt lat="46.02619000000001" lon="6.955540000000001">
    <ele>2076.0400000000004</ele>
   </trkpt>
   <trkpt lat="46.026140000000005" lon="6.95556">
    <ele>2074.76</ele>
   </trkpt>
   <trkpt lat="46.026120000000006" lon="6.955550000000001">
    <ele>2074.76</ele>
   </trkpt>
   <trkpt lat="46.026050000000005" lon="6.955380000000001">
    <ele>2073.4</ele>
   </trkpt>
   <trkpt lat="46.02593" lon="6.955240000000001">
    <ele>2072.07</ele>
   </trkpt>
   <trkpt lat="46.02581000000001" lon="6.955140000000001">
    <ele>2070.51</ele>
   </trkpt>
   <trkpt lat="46.02564" lon="6.955100000000001">
    <ele>2069.13</ele>
   </trkpt>
   <trkpt lat="46.02501" lon="6.955000000000001">
    <ele>2055.4700000000003</ele>
   </trkpt>
   <trkpt lat="46.02465" lon="6.95497">
    <ele>2049.71</ele>
   </trkpt>
   <trkpt lat="46.024530000000006" lon="6.954980000000001">
    <ele>2048.86</ele>
   </trkpt>
   <trkpt lat="46.02451000000001" lon="6.954960000000001">
    <ele>2045.2700000000004</ele>
   </trkpt>
   <trkpt lat="46.024570000000004" lon="6.95481">
    <ele>2045.2700000000004</ele>
   </trkpt>
   <trkpt lat="46.02483" lon="6.95434">
    <ele>2036.7100000000003</ele>
   </trkpt>
   <trkpt lat="46.02485" lon="6.954230000000001">
    <ele>2033.38</ele>
   </trkpt>
   <trkpt lat="46.024980000000006" lon="6.953990000000001">
    <ele>2030.78</ele>
   </trkpt>
   <trkpt lat="46.025000000000006" lon="6.95389">
    <ele>2029.1000000000001</ele>
   </trkpt>
   <trkpt lat="46.02505" lon="6.953850000000001">
    <ele>2029.1000000000001</ele>
   </trkpt>
   <trkpt lat="46.0251" lon="6.953850000000001">
    <ele>2026.65</ele>
   </trkpt>
   <trkpt lat="46.02519" lon="6.9537700000000005">
    <ele>2026.65</ele>
   </trkpt>
   <trkpt lat="46.025270000000006" lon="6.9535800000000005">
    <ele>2024.14</ele>
   </trkpt>
   <trkpt lat="46.02534000000001" lon="6.9535100000000005">
    <ele>2021.02</ele>
   </trkpt>
   <trkpt lat="46.025330000000004" lon="6.95349">
    <ele>2021.02</ele>
   </trkpt>
   <trkpt lat="46.02525000000001" lon="6.953500000000001">
    <ele>2021.02</ele>
   </trkpt>
   <trkpt lat="46.02516000000001" lon="6.95347">
    <ele>2016.1900000000003</ele>
   </trkpt>
   <trkpt lat="46.025090000000006" lon="6.95349">
    <ele>2016.1900000000003</ele>
   </trkpt>
   <trkpt lat="46.02492" lon="6.95349">
    <ele>2012.63</ele>
   </trkpt>
   <trkpt lat="46.02494" lon="6.953390000000001">
    <ele>2011.53</ele>
   </trkpt>
   <trkpt lat="46.02487000000001" lon="6.953360000000001">
    <ele>2008.0200000000002</ele>
   </trkpt>
   <trkpt lat="46.02485" lon="6.953270000000001">
    <ele>2008.16</ele>
   </trkpt>
   <trkpt lat="46.02481" lon="6.9532300000000005">
    <ele>2006.3400000000001</ele>
   </trkpt>
   <trkpt lat="46.02465" lon="6.95312">
    <ele>2002.24</ele>
   </trkpt>
   <trkpt lat="46.02436" lon="6.952680000000001">
    <ele>1999.42</ele>
   </trkpt>
   <trkpt lat="46.02449000000001" lon="6.952310000000001">
    <ele>1999.66</ele>
   </trkpt>
   <trkpt lat="46.02451000000001" lon="6.95213">
    <ele>1999.47</ele>
   </trkpt>
   <trkpt lat="46.02449000000001" lon="6.9518200000000006">
    <ele>1998.64</ele>
   </trkpt>
   <trkpt lat="46.0245" lon="6.95176">
    <ele>1998.46</ele>
   </trkpt>
   <trkpt lat="46.02460000000001" lon="6.951530000000001">
    <ele>1997.2800000000002</ele>
   </trkpt>
   <trkpt lat="46.024480000000004" lon="6.95143">
    <ele>1997.1100000000001</ele>
   </trkpt>
   <trkpt lat="46.024330000000006" lon="6.95143">
    <ele>1997.1900000000003</ele>
   </trkpt>
   <trkpt lat="46.02427" lon="6.951410000000001">
    <ele>1997.3100000000002</ele>
   </trkpt>
   <trkpt lat="46.024170000000005" lon="6.951130000000001">
    <ele>1997.14</ele>
   </trkpt>
   <trkpt lat="46.02411" lon="6.951090000000001">
    <ele>1996.73</ele>
   </trkpt>
   <trkpt lat="46.024080000000005" lon="6.951040000000001">
    <ele>1996.73</ele>
   </trkpt>
   <trkpt lat="46.023920000000004" lon="6.95096">
    <ele>1996.43</ele>
   </trkpt>
   <trkpt lat="46.02384000000001" lon="6.950950000000001">
    <ele>1996.22</ele>
   </trkpt>
   <trkpt lat="46.023790000000005" lon="6.950900000000001">
    <ele>1996.0400000000002</ele>
   </trkpt>
   <trkpt lat="46.02373" lon="6.95075">
    <ele>1995.91</ele>
   </trkpt>
   <trkpt lat="46.02369" lon="6.950690000000001">
    <ele>1995.48</ele>
   </trkpt>
   <trkpt lat="46.02356" lon="6.95063">
    <ele>1995.2600000000002</ele>
   </trkpt>
   <trkpt lat="46.02349" lon="6.950570000000001">
    <ele>1995.06</ele>
   </trkpt>
   <trkpt lat="46.02346000000001" lon="6.950570000000001">
    <ele>1995.06</ele>
   </trkpt>
   <trkpt lat="46.023390000000006" lon="6.95049">
    <ele>1994.9</ele>
   </trkpt>
   <trkpt lat="46.02331" lon="6.95044">
    <ele>1994.6100000000001</ele>
   </trkpt>
   <trkpt lat="46.023250000000004" lon="6.95035">
    <ele>1994.6100000000001</ele>
   </trkpt>
   <trkpt lat="46.02318" lon="6.9501800000000005">
    <ele>1994.17</ele>
   </trkpt>
   <trkpt lat="46.023070000000004" lon="6.95009">
    <ele>1994.08</ele>
   </trkpt>
   <trkpt lat="46.02284" lon="6.949800000000001">
    <ele>1993.3500000000001</ele>
   </trkpt>
   <trkpt lat="46.02279" lon="6.94976">
    <ele>1993.3500000000001</ele>
   </trkpt>
   <trkpt lat="46.02262" lon="6.949700000000001">
    <ele>1993.1600000000003</ele>
   </trkpt>
   <trkpt lat="46.022400000000005" lon="6.949540000000001">
    <ele>1992.94</ele>
   </trkpt>
   <trkpt lat="46.02226" lon="6.9495000000000005">
    <ele>1992.9</ele>
   </trkpt>
   <trkpt lat="46.02217" lon="6.949420000000001">
    <ele>1992.8700000000001</ele>
   </trkpt>
   <trkpt lat="46.0221" lon="6.949400000000001">
    <ele>1992.8700000000001</ele>
   </trkpt>
   <trkpt lat="46.02201" lon="6.949300000000001">
    <ele>1992.7800000000002</ele>
   </trkpt>
   <trkpt lat="46.021860000000004" lon="6.949230000000001">
    <ele>1992.7500000000002</ele>
   </trkpt>
   <trkpt lat="46.021770000000004" lon="6.949140000000001">
    <ele>1992.7500000000002</ele>
   </trkpt>
   <trkpt lat="46.02159" lon="6.949050000000001">
    <ele>1992.67</ele>
   </trkpt>
   <trkpt lat="46.02145" lon="6.948840000000001">
    <ele>1993.03</ele>
   </trkpt>
   <trkpt lat="46.02140000000001" lon="6.948830000000001">
    <ele>1995.78</ele>
   </trkpt>
   <trkpt lat="46.021330000000006" lon="6.948760000000001">
    <ele>1995.78</ele>
   </trkpt>
   <trkpt lat="46.02125" lon="6.948740000000001">
    <ele>1998.3800000000003</ele>
   </trkpt>
   <trkpt lat="46.02109" lon="6.9486300000000005">
    <ele>1998.3800000000003</ele>
   </trkpt>
   <trkpt lat="46.020810000000004" lon="6.948580000000001">
    <ele>2003.89</ele>
   </trkpt>
   <trkpt lat="46.02042" lon="6.94826">
    <ele>2012.8300000000002</ele>
   </trkpt>
   <trkpt lat="46.020230000000005" lon="6.948010000000001">
    <ele>2017.01</ele>
   </trkpt>
   <trkpt lat="46.020140000000005" lon="6.94798">
    <ele>2017.5300000000002</ele>
   </trkpt>
   <trkpt lat="46.019940000000005" lon="6.94777">
    <ele>2020.9200000000003</ele>
   </trkpt>
   <trkpt lat="46.019830000000006" lon="6.947690000000001">
    <ele>2021.96</ele>
   </trkpt>
   <trkpt lat="46.01977" lon="6.947590000000001">
    <ele>2022.37</ele>
   </trkpt>
   <trkpt lat="46.019760000000005" lon="6.947470000000001">
    <ele>2022.46</ele>
   </trkpt>
   <trkpt lat="46.019690000000004" lon="6.9473">
    <ele>2022.1400000000003</ele>
   </trkpt>
   <trkpt lat="46.01962" lon="6.947190000000001">
    <ele>2022.03</ele>
   </trkpt>
   <trkpt lat="46.01943000000001" lon="6.947010000000001">
    <ele>2022.1400000000003</ele>
   </trkpt>
   <trkpt lat="46.019310000000004" lon="6.94695">
    <ele>2022.46</ele>
   </trkpt>
   <trkpt lat="46.019110000000005" lon="6.947010000000001">
    <ele>2023.42</ele>
   </trkpt>
   <trkpt lat="46.01896000000001" lon="6.947010000000001">
    <ele>2023.95</ele>
   </trkpt>
   <trkpt lat="46.018800000000006" lon="6.94688">
    <ele>2025.43</ele>
   </trkpt>
   <trkpt lat="46.01869000000001" lon="6.946860000000001">
    <ele>2026.0800000000004</ele>
   </trkpt>
   <trkpt lat="46.01843" lon="6.946720000000001">
    <ele>2029.2700000000002</ele>
   </trkpt>
   <trkpt lat="46.01831000000001" lon="6.94669">
    <ele>2029.2700000000002</ele>
   </trkpt>
   <trkpt lat="46.01816" lon="6.946600000000001">
    <ele>2031.33</ele>
   </trkpt>
   <trkpt lat="46.01805" lon="6.94657">
    <ele>2032.7900000000002</ele>
   </trkpt>
   <trkpt lat="46.018010000000004" lon="6.946530000000001">
    <ele>2033.3200000000002</ele>
   </trkpt>
   <trkpt lat="46.017810000000004" lon="6.94643">
    <ele>2036.5900000000004</ele>
   </trkpt>
   <trkpt lat="46.01762" lon="6.94624">
    <ele>2038.52</ele>
   </trkpt>
   <trkpt lat="46.01747" lon="6.94613">
    <ele>2038.2200000000003</ele>
   </trkpt>
   <trkpt lat="46.01738" lon="6.9461200000000005">
    <ele>2037.42</ele>
   </trkpt>
   <trkpt lat="46.01711" lon="6.94573">
    <ele>2033.56</ele>
   </trkpt>
   <trkpt lat="46.016960000000005" lon="6.94568">
    <ele>2033.6600000000003</ele>
   </trkpt>
   <trkpt lat="46.016850000000005" lon="6.9455800000000005">
    <ele>2034.72</ele>
   </trkpt>
   <trkpt lat="46.01672000000001" lon="6.94542">
    <ele>2035.5400000000002</ele>
   </trkpt>
   <trkpt lat="46.016650000000006" lon="6.94528">
    <ele>2036.9</ele>
   </trkpt>
   <trkpt lat="46.016580000000005" lon="6.945220000000001">
    <ele>2038.2200000000003</ele>
   </trkpt>
   <trkpt lat="46.01653" lon="6.94521">
    <ele>2038.2200000000003</ele>
   </trkpt>
   <trkpt lat="46.01644" lon="6.94514">
    <ele>2040.34</ele>
   </trkpt>
   <trkpt lat="46.01637" lon="6.94505">
    <ele>2041.38</ele>
   </trkpt>
   <trkpt lat="46.016310000000004" lon="6.945010000000001">
    <ele>2041.7900000000002</ele>
   </trkpt>
   <trkpt lat="46.01615" lon="6.9449700000000005">
    <ele>2043.4</ele>
   </trkpt>
   <trkpt lat="46.01606" lon="6.94481">
    <ele>2044.34</ele>
   </trkpt>
   <trkpt lat="46.015930000000004" lon="6.94472">
    <ele>2045.1200000000001</ele>
   </trkpt>
   <trkpt lat="46.01588" lon="6.9446200000000005">
    <ele>2045.4700000000003</ele>
   </trkpt>
   <trkpt lat="46.01577" lon="6.944500000000001">
    <ele>2045.7200000000003</ele>
   </trkpt>
   <trkpt lat="46.015750000000004" lon="6.9443600000000005">
    <ele>2045.7200000000003</ele>
   </trkpt>
   <trkpt lat="46.01567000000001" lon="6.944190000000001">
    <ele>2045.92</ele>
   </trkpt>
   <trkpt lat="46.015480000000004" lon="6.943930000000001">
    <ele>2047.9800000000002</ele>
   </trkpt>
   <trkpt lat="46.01541" lon="6.943860000000001">
    <ele>2048.3900000000003</ele>
   </trkpt>
   <trkpt lat="46.01532" lon="6.943860000000001">
    <ele>2049.5400000000004</ele>
   </trkpt>
   <trkpt lat="46.01522000000001" lon="6.943740000000001">
    <ele>2052.62</ele>
   </trkpt>
   <trkpt lat="46.01505" lon="6.943230000000001">
    <ele>2056.33</ele>
   </trkpt>
   <trkpt lat="46.015150000000006" lon="6.9430000000000005">
    <ele>2056.01</ele>
   </trkpt>
   <trkpt lat="46.015100000000004" lon="6.942660000000001">
    <ele>2055.1600000000003</ele>
   </trkpt>
   <trkpt lat="46.015150000000006" lon="6.942260000000001">
    <ele>2054.2400000000002</ele>
   </trkpt>
   <trkpt lat="46.015150000000006" lon="6.942080000000001">
    <ele>2052.5299999999997</ele>
   </trkpt>
   <trkpt lat="46.015130000000006" lon="6.942050000000001">
    <ele>2052.5299999999997</ele>
   </trkpt>
   <trkpt lat="46.015080000000005" lon="6.942050000000001">
    <ele>2052.5299999999997</ele>
   </trkpt>
   <trkpt lat="46.01505" lon="6.942010000000001">
    <ele>2050.52</ele>
   </trkpt>
   <trkpt lat="46.01505" lon="6.941960000000001">
    <ele>2050.52</ele>
   </trkpt>
   <trkpt lat="46.015010000000004" lon="6.941870000000001">
    <ele>2049.3</ele>
   </trkpt>
   <trkpt lat="46.01502000000001" lon="6.94167">
    <ele>2047.93</ele>
   </trkpt>
   <trkpt lat="46.014990000000004" lon="6.941580000000001">
    <ele>2047.2900000000002</ele>
   </trkpt>
   <trkpt lat="46.014880000000005" lon="6.94143">
    <ele>2046.5500000000002</ele>
   </trkpt>
   <trkpt lat="46.014700000000005" lon="6.941260000000001">
    <ele>2044.41</ele>
   </trkpt>
   <trkpt lat="46.014660000000006" lon="6.941160000000001">
    <ele>2044.21</ele>
   </trkpt>
   <trkpt lat="46.014590000000005" lon="6.94108">
    <ele>2044.0300000000002</ele>
   </trkpt>
   <trkpt lat="46.014500000000005" lon="6.940910000000001">
    <ele>2044.61</ele>
   </trkpt>
   <trkpt lat="46.01449" lon="6.9408900000000004">
    <ele>2045.02</ele>
   </trkpt>
   <trkpt lat="46.01435" lon="6.94085">
    <ele>2044.07</ele>
   </trkpt>
   <trkpt lat="46.01427" lon="6.9407700000000006">
    <ele>2043.2900000000002</ele>
   </trkpt>
   <trkpt lat="46.01417000000001" lon="6.94071">
    <ele>2039.94</ele>
   </trkpt>
   <trkpt lat="46.01408000000001" lon="6.9405600000000005">
    <ele>2038.4900000000002</ele>
   </trkpt>
   <trkpt lat="46.013980000000004" lon="6.940550000000001">
    <ele>2036.64</ele>
   </trkpt>
   <trkpt lat="46.013920000000006" lon="6.94059">
    <ele>2035.93</ele>
   </trkpt>
   <trkpt lat="46.01391" lon="6.94068">
    <ele>2035.13</ele>
   </trkpt>
   <trkpt lat="46.01409" lon="6.9409600000000005">
    <ele>2029.8899999999999</ele>
   </trkpt>
   <trkpt lat="46.01409" lon="6.94101">
    <ele>2028.28</ele>
   </trkpt>
   <trkpt lat="46.013960000000004" lon="6.941070000000001">
    <ele>2026.73</ele>
   </trkpt>
   <trkpt lat="46.013850000000005" lon="6.941020000000001">
    <ele>2025.1400000000003</ele>
   </trkpt>
   <trkpt lat="46.013690000000004" lon="6.9408">
    <ele>2020.1800000000003</ele>
   </trkpt>
   <trkpt lat="46.013540000000006" lon="6.9407000000000005">
    <ele>2016.96</ele>
   </trkpt>
   <trkpt lat="46.01343000000001" lon="6.940480000000001">
    <ele>2015.2400000000002</ele>
   </trkpt>
   <trkpt lat="46.01333" lon="6.9404200000000005">
    <ele>2010.6800000000003</ele>
   </trkpt>
   <trkpt lat="46.0133" lon="6.9406300000000005">
    <ele>2008.95</ele>
   </trkpt>
   <trkpt lat="46.01324" lon="6.94082">
    <ele>2006.77</ele>
   </trkpt>
   <trkpt lat="46.013270000000006" lon="6.940980000000001">
    <ele>2004.9300000000003</ele>
   </trkpt>
   <trkpt lat="46.01323000000001" lon="6.941050000000001">
    <ele>2003.6</ele>
   </trkpt>
   <trkpt lat="46.013160000000006" lon="6.941020000000001">
    <ele>2003.6</ele>
   </trkpt>
   <trkpt lat="46.013130000000004" lon="6.941040000000001">
    <ele>2000.34</ele>
   </trkpt>
   <trkpt lat="46.01308" lon="6.941190000000001">
    <ele>2000.34</ele>
   </trkpt>
   <trkpt lat="46.01303" lon="6.941230000000001">
    <ele>2000.34</ele>
   </trkpt>
   <trkpt lat="46.013000000000005" lon="6.941300000000001">
    <ele>1996.45</ele>
   </trkpt>
   <trkpt lat="46.01294" lon="6.94132">
    <ele>1996.45</ele>
   </trkpt>
   <trkpt lat="46.01286" lon="6.9412">
    <ele>1993.7900000000002</ele>
   </trkpt>
   <trkpt lat="46.01281" lon="6.941050000000001">
    <ele>1993.7900000000002</ele>
   </trkpt>
   <trkpt lat="46.012730000000005" lon="6.940980000000001">
    <ele>1989.99</ele>
   </trkpt>
   <trkpt lat="46.01263" lon="6.940970000000001">
    <ele>1989.99</ele>
   </trkpt>
   <trkpt lat="46.01249000000001" lon="6.941070000000001">
    <ele>1985.1200000000001</ele>
   </trkpt>
   <trkpt lat="46.012280000000004" lon="6.94108">
    <ele>1981.2300000000002</ele>
   </trkpt>
   <trkpt lat="46.01214" lon="6.941000000000001">
    <ele>1979.4300000000003</ele>
   </trkpt>
   <trkpt lat="46.012100000000004" lon="6.94092">
    <ele>1977.75</ele>
   </trkpt>
   <trkpt lat="46.01209" lon="6.94078">
    <ele>1976.5700000000002</ele>
   </trkpt>
   <trkpt lat="46.01203" lon="6.94068">
    <ele>1976.5700000000002</ele>
   </trkpt>
   <trkpt lat="46.012" lon="6.940670000000001">
    <ele>1974.69</ele>
   </trkpt>
   <trkpt lat="46.011950000000006" lon="6.940760000000001">
    <ele>1974.69</ele>
   </trkpt>
   <trkpt lat="46.01183" lon="6.9407700000000006">
    <ele>1971.41</ele>
   </trkpt>
   <trkpt lat="46.011750000000006" lon="6.940740000000001">
    <ele>1971.41</ele>
   </trkpt>
   <trkpt lat="46.01171" lon="6.94068">
    <ele>1970.7800000000002</ele>
   </trkpt>
   <trkpt lat="46.01165" lon="6.940290000000001">
    <ele>1967.69</ele>
   </trkpt>
   <trkpt lat="46.01162" lon="6.94026">
    <ele>1967.69</ele>
   </trkpt>
   <trkpt lat="46.01158" lon="6.940250000000001">
    <ele>1967.69</ele>
   </trkpt>
   <trkpt lat="46.011520000000004" lon="6.940290000000001">
    <ele>1962.73</ele>
   </trkpt>
   <trkpt lat="46.01144" lon="6.9404900000000005">
    <ele>1961.1900000000003</ele>
   </trkpt>
   <trkpt lat="46.01142" lon="6.940480000000001">
    <ele>1961.1900000000003</ele>
   </trkpt>
   <trkpt lat="46.011390000000006" lon="6.940370000000001">
    <ele>1958.59</ele>
   </trkpt>
   <trkpt lat="46.01129" lon="6.940250000000001">
    <ele>1956.9900000000002</ele>
   </trkpt>
   <trkpt lat="46.01124" lon="6.940110000000001">
    <ele>1955.1</ele>
   </trkpt>
   <trkpt lat="46.0112" lon="6.939820000000001">
    <ele>1953.19</ele>
   </trkpt>
   <trkpt lat="46.01106" lon="6.939570000000001">
    <ele>1949.17</ele>
   </trkpt>
   <trkpt lat="46.010940000000005" lon="6.9401">
    <ele>1939.8500000000001</ele>
   </trkpt>
   <trkpt lat="46.010780000000004" lon="6.9398800000000005">
    <ele>1929.15</ele>
   </trkpt>
   <trkpt lat="46.010630000000006" lon="6.940040000000001">
    <ele>1925.21</ele>
   </trkpt>
   <trkpt lat="46.01071" lon="6.941140000000001">
    <ele>1906.2500000000002</ele>
   </trkpt>
   <trkpt lat="46.01088" lon="6.941650000000001">
    <ele>1901.41</ele>
   </trkpt>
   <trkpt lat="46.01086" lon="6.942200000000001">
    <ele>1894.17</ele>
   </trkpt>
   <trkpt lat="46.010810000000006" lon="6.942340000000001">
    <ele>1892.33</ele>
   </trkpt>
   <trkpt lat="46.01068" lon="6.94228">
    <ele>1888.5200000000002</ele>
   </trkpt>
   <trkpt lat="46.01048" lon="6.942050000000001">
    <ele>1876.7600000000002</ele>
   </trkpt>
   <trkpt lat="46.01023000000001" lon="6.94181">
    <ele>1865.5000000000002</ele>
   </trkpt>
   <trkpt lat="46.009910000000005" lon="6.941560000000001">
    <ele>1849.9800000000002</ele>
   </trkpt>
   <trkpt lat="46.00949000000001" lon="6.94134">
    <ele>1835.47</ele>
   </trkpt>
   <trkpt lat="46.009420000000006" lon="6.941330000000001">
    <ele>1835.47</ele>
   </trkpt>
   <trkpt lat="46.00938000000001" lon="6.941400000000001">
    <ele>1831.19</ele>
   </trkpt>
   <trkpt lat="46.009460000000004" lon="6.941590000000001">
    <ele>1830.27</ele>
   </trkpt>
   <trkpt lat="46.009620000000005" lon="6.94207">
    <ele>1824.0800000000002</ele>
   </trkpt>
   <trkpt lat="46.009530000000005" lon="6.94256">
    <ele>1815.6200000000001</ele>
   </trkpt>
   <trkpt lat="46.009530000000005" lon="6.9427">
    <ele>1808.0800000000002</ele>
   </trkpt>
   <trkpt lat="46.009510000000006" lon="6.94282">
    <ele>1808.0800000000002</ele>
   </trkpt>
   <trkpt lat="46.009310000000006" lon="6.94249">
    <ele>1799.2100000000003</ele>
   </trkpt>
   <trkpt lat="46.00911000000001" lon="6.942430000000001">
    <ele>1795.5900000000001</ele>
   </trkpt>
   <trkpt lat="46.00898" lon="6.94223">
    <ele>1791.65</ele>
   </trkpt>
   <trkpt lat="46.00918" lon="6.943090000000001">
    <ele>1778.04</ele>
   </trkpt>
   <trkpt lat="46.00920000000001" lon="6.9439400000000004">
    <ele>1766.91</ele>
   </trkpt>
   <trkpt lat="46.009170000000005" lon="6.944000000000001">
    <ele>1765.97</ele>
   </trkpt>
   <trkpt lat="46.00911000000001" lon="6.944020000000001">
    <ele>1764.97</ele>
   </trkpt>
   <trkpt lat="46.00902000000001" lon="6.94397">
    <ele>1761.7900000000002</ele>
   </trkpt>
   <trkpt lat="46.00887" lon="6.943840000000001">
    <ele>1759.0100000000002</ele>
   </trkpt>
   <trkpt lat="46.008790000000005" lon="6.943670000000001">
    <ele>1755.95</ele>
   </trkpt>
   <trkpt lat="46.008500000000005" lon="6.94338">
    <ele>1748.0000000000002</ele>
   </trkpt>
   <trkpt lat="46.008480000000006" lon="6.9434000000000005">
    <ele>1748.0000000000002</ele>
   </trkpt>
   <trkpt lat="46.008340000000004" lon="6.9434000000000005">
    <ele>1745.92</ele>
   </trkpt>
   <trkpt lat="46.00831" lon="6.943480000000001">
    <ele>1744.7400000000002</ele>
   </trkpt>
   <trkpt lat="46.00833" lon="6.943630000000001">
    <ele>1743.66</ele>
   </trkpt>
   <trkpt lat="46.008320000000005" lon="6.94404">
    <ele>1739.4</ele>
   </trkpt>
   <trkpt lat="46.008300000000006" lon="6.94406">
    <ele>1737.8000000000002</ele>
   </trkpt>
   <trkpt lat="46.00826000000001" lon="6.94406">
    <ele>1737.8000000000002</ele>
   </trkpt>
   <trkpt lat="46.00813" lon="6.943960000000001">
    <ele>1734.3300000000002</ele>
   </trkpt>
   <trkpt lat="46.00809" lon="6.9439">
    <ele>1732.22</ele>
   </trkpt>
   <trkpt lat="46.008030000000005" lon="6.94373">
    <ele>1731.0700000000002</ele>
   </trkpt>
   <trkpt lat="46.008" lon="6.94369">
    <ele>1727.3600000000001</ele>
   </trkpt>
   <trkpt lat="46.00795" lon="6.943740000000001">
    <ele>1727.3600000000001</ele>
   </trkpt>
   <trkpt lat="46.007920000000006" lon="6.94383">
    <ele>1725.0400000000002</ele>
   </trkpt>
   <trkpt lat="46.00789" lon="6.944020000000001">
    <ele>1722.16</ele>
   </trkpt>
   <trkpt lat="46.0078" lon="6.9443600000000005">
    <ele>1716.1000000000001</ele>
   </trkpt>
   <trkpt lat="46.007720000000006" lon="6.944380000000001">
    <ele>1716.1000000000001</ele>
   </trkpt>
   <trkpt lat="46.007560000000005" lon="6.944520000000001">
    <ele>1710.83</ele>
   </trkpt>
   <trkpt lat="46.00732000000001" lon="6.94465">
    <ele>1706.64</ele>
   </trkpt>
   <trkpt lat="46.00712" lon="6.944640000000001">
    <ele>1702.66</ele>
   </trkpt>
   <trkpt lat="46.007070000000006" lon="6.944560000000001">
    <ele>1699.16</ele>
   </trkpt>
   <trkpt lat="46.00699" lon="6.944330000000001">
    <ele>1695.13</ele>
   </trkpt>
   <trkpt lat="46.00694000000001" lon="6.94411">
    <ele>1692.66</ele>
   </trkpt>
   <trkpt lat="46.00695" lon="6.943930000000001">
    <ele>1691.15</ele>
   </trkpt>
   <trkpt lat="46.00704" lon="6.943770000000001">
    <ele>1688.94</ele>
   </trkpt>
   <trkpt lat="46.00703" lon="6.943700000000001">
    <ele>1687.3600000000001</ele>
   </trkpt>
   <trkpt lat="46.00692" lon="6.94373">
    <ele>1684.7200000000003</ele>
   </trkpt>
   <trkpt lat="46.00676000000001" lon="6.943860000000001">
    <ele>1676.49</ele>
   </trkpt>
   <trkpt lat="46.00668" lon="6.94406">
    <ele>1673.8500000000001</ele>
   </trkpt>
   <trkpt lat="46.006600000000006" lon="6.944170000000001">
    <ele>1670.5700000000002</ele>
   </trkpt>
   <trkpt lat="46.0065" lon="6.944120000000001">
    <ele>1668.9</ele>
   </trkpt>
   <trkpt lat="46.00641" lon="6.944030000000001">
    <ele>1666.6900000000003</ele>
   </trkpt>
   <trkpt lat="46.00632" lon="6.94397">
    <ele>1665.92</ele>
   </trkpt>
   <trkpt lat="46.006260000000005" lon="6.944050000000001">
    <ele>1663.52</ele>
   </trkpt>
   <trkpt lat="46.006260000000005" lon="6.94418">
    <ele>1662.02</ele>
   </trkpt>
   <trkpt lat="46.00643" lon="6.9444300000000005">
    <ele>1660.0700000000002</ele>
   </trkpt>
   <trkpt lat="46.00645" lon="6.944660000000001">
    <ele>1656.44</ele>
   </trkpt>
   <trkpt lat="46.006460000000004" lon="6.945150000000001">
    <ele>1651.7</ele>
   </trkpt>
   <trkpt lat="46.00638000000001" lon="6.945290000000001">
    <ele>1649.15</ele>
   </trkpt>
   <trkpt lat="46.00632" lon="6.94526">
    <ele>1649.15</ele>
   </trkpt>
   <trkpt lat="46.006170000000004" lon="6.94495">
    <ele>1641.7</ele>
   </trkpt>
   <trkpt lat="46.00612" lon="6.94507">
    <ele>1640.88</ele>
   </trkpt>
   <trkpt lat="46.00614" lon="6.9455100000000005">
    <ele>1635.7700000000002</ele>
   </trkpt>
   <trkpt lat="46.00627" lon="6.945970000000001">
    <ele>1627.1200000000001</ele>
   </trkpt>
   <trkpt lat="46.00629000000001" lon="6.946140000000001">
    <ele>1625.9800000000002</ele>
   </trkpt>
   <trkpt lat="46.0061" lon="6.946110000000001">
    <ele>1620.5</ele>
   </trkpt>
   <trkpt lat="46.00596" lon="6.94589">
    <ele>1614.5200000000002</ele>
   </trkpt>
   <trkpt lat="46.00578" lon="6.94568">
    <ele>1609.3600000000001</ele>
   </trkpt>
   <trkpt lat="46.00556" lon="6.94519">
    <ele>1600.6200000000001</ele>
   </trkpt>
   <trkpt lat="46.005520000000004" lon="6.94528">
    <ele>1598.3600000000001</ele>
   </trkpt>
   <trkpt lat="46.005500000000005" lon="6.94552">
    <ele>1593.7800000000002</ele>
   </trkpt>
   <trkpt lat="46.00556" lon="6.9458">
    <ele>1589.77</ele>
   </trkpt>
   <trkpt lat="46.00551" lon="6.945970000000001">
    <ele>1587.56</ele>
   </trkpt>
   <trkpt lat="46.0056" lon="6.946440000000001">
    <ele>1578.74</ele>
   </trkpt>
   <trkpt lat="46.005610000000004" lon="6.946700000000001">
    <ele>1573.32</ele>
   </trkpt>
   <trkpt lat="46.00603000069974" lon="6.947029997671179">
    <ele>1557.46</ele>
   </trkpt>
   <trkpt lat="46.00645" lon="6.947360000000001">
    <ele>1546.37</ele>
   </trkpt>
   <trkpt lat="46.00656" lon="6.947470000000001">
    <ele>1543.0000000000002</ele>
   </trkpt>
   <trkpt lat="46.00652" lon="6.947540000000001">
    <ele>1543.0000000000002</ele>
   </trkpt>
   <trkpt lat="46.00639" lon="6.947540000000001">
    <ele>1538.54</ele>
   </trkpt>
   <trkpt lat="46.00638000000001" lon="6.94746">
    <ele>1563.0300000000002</ele>
   </trkpt>
   <trkpt lat="46.00636" lon="6.947780000000001">
    <ele>1551.4500000000003</ele>
   </trkpt>
   <trkpt lat="46.006280000000004" lon="6.94798">
    <ele>1545.38</ele>
   </trkpt>
   <trkpt lat="46.00623" lon="6.94821">
    <ele>1538.75</ele>
   </trkpt>
   <trkpt lat="46.00607" lon="6.948160000000001">
    <ele>1537.3700000000001</ele>
   </trkpt>
   <trkpt lat="46.00594" lon="6.948200000000001">
    <ele>1533.74</ele>
   </trkpt>
   <trkpt lat="46.005840000000006" lon="6.948410000000001">
    <ele>1527.09</ele>
   </trkpt>
   <trkpt lat="46.0056" lon="6.94819">
    <ele>1523.8700000000001</ele>
   </trkpt>
   <trkpt lat="46.00499000036889" lon="6.94792499710514">
    <ele>1508.25</ele>
   </trkpt>
   <trkpt lat="46.004380000000005" lon="6.947660000000001">
    <ele>1497.78</ele>
   </trkpt>
   <trkpt lat="46.004250000000006" lon="6.9476700000000005">
    <ele>1495.6200000000001</ele>
   </trkpt>
   <trkpt lat="46.00413" lon="6.947540000000001">
    <ele>1493.65</ele>
   </trkpt>
   <trkpt lat="46.003800000000005" lon="6.947240000000001">
    <ele>1488.65</ele>
   </trkpt>
   <trkpt lat="46.00363" lon="6.94681">
    <ele>1484.42</ele>
   </trkpt>
   <trkpt lat="46.00356" lon="6.9467300000000005">
    <ele>1484.42</ele>
   </trkpt>
   <trkpt lat="46.003350000000005" lon="6.94634">
    <ele>1479.09</ele>
   </trkpt>
   <trkpt lat="46.003310000000006" lon="6.9462">
    <ele>1477.6100000000001</ele>
   </trkpt>
   <trkpt lat="46.00292" lon="6.9465">
    <ele>1476.76</ele>
   </trkpt>
   <trkpt lat="46.002660000000006" lon="6.946670000000001">
    <ele>1477.84</ele>
   </trkpt>
   <trkpt lat="46.00249" lon="6.946770000000001">
    <ele>1478.45</ele>
   </trkpt>
   <trkpt lat="46.002140000000004" lon="6.94709">
    <ele>1479.54</ele>
   </trkpt>
   <trkpt lat="46.001990000000006" lon="6.9473">
    <ele>1479.5500000000002</ele>
   </trkpt>
   <trkpt lat="46.00164" lon="6.947620000000001">
    <ele>1478.48</ele>
   </trkpt>
   <trkpt lat="46.00124" lon="6.9477">
    <ele>1477.1900000000003</ele>
   </trkpt>
   <trkpt lat="46.00101" lon="6.948">
    <ele>1478.13</ele>
   </trkpt>
   <trkpt lat="46.00068" lon="6.948860000000001">
    <ele>1480.04</ele>
   </trkpt>
   <trkpt lat="46.000550000000004" lon="6.949020000000001">
    <ele>1479.3500000000001</ele>
   </trkpt>
   <trkpt lat="46.0005" lon="6.949050000000001">
    <ele>1478.9</ele>
   </trkpt>
   <trkpt lat="46.0003" lon="6.949070000000001">
    <ele>1477.69</ele>
   </trkpt>
   <trkpt lat="46.00025" lon="6.949090000000001">
    <ele>1477.69</ele>
   </trkpt>
   <trkpt lat="46.00021" lon="6.949140000000001">
    <ele>1477.69</ele>
   </trkpt>
   <trkpt lat="46.00014" lon="6.949380000000001">
    <ele>1476.88</ele>
   </trkpt>
   <trkpt lat="45.999950000000005" lon="6.9497100000000005">
    <ele>1476.8000000000002</ele>
   </trkpt>
   <trkpt lat="45.999790000000004" lon="6.9497800000000005">
    <ele>1475.89</ele>
   </trkpt>
   <trkpt lat="45.99965" lon="6.949750000000001">
    <ele>1474.94</ele>
   </trkpt>
   <trkpt lat="45.99954" lon="6.9497100000000005">
    <ele>1474.82</ele>
   </trkpt>
   <trkpt lat="45.99949" lon="6.94953">
    <ele>1475.3600000000001</ele>
   </trkpt>
   <trkpt lat="45.99931" lon="6.949260000000001">
    <ele>1476.39</ele>
   </trkpt>
   <trkpt lat="45.99922" lon="6.949040000000001">
    <ele>1476.9800000000002</ele>
   </trkpt>
   <trkpt lat="45.99925" lon="6.94868">
    <ele>1478.15</ele>
   </trkpt>
   <trkpt lat="45.99916" lon="6.948160000000001">
    <ele>1482.89</ele>
   </trkpt>
   <trkpt lat="45.999010000000006" lon="6.94784">
    <ele>1485.4900000000002</ele>
   </trkpt>
   <trkpt lat="45.999010000000006" lon="6.94765">
    <ele>1485.4900000000002</ele>
   </trkpt>
   <trkpt lat="45.99855" lon="6.946700000000001">
    <ele>1492.5400000000002</ele>
   </trkpt>
   <trkpt lat="45.998200000000004" lon="6.9461200000000005">
    <ele>1496.67</ele>
   </trkpt>
   <trkpt lat="45.998160000000006" lon="6.9458400000000005">
    <ele>1498.43</ele>
   </trkpt>
   <trkpt lat="45.99799" lon="6.945220000000001">
    <ele>1502.3300000000002</ele>
   </trkpt>
   <trkpt lat="45.997640000000004" lon="6.944520000000001">
    <ele>1508.5000000000002</ele>
   </trkpt>
   <trkpt lat="45.997550000000004" lon="6.944240000000001">
    <ele>1509.8600000000001</ele>
   </trkpt>
   <trkpt lat="45.997350000000004" lon="6.94378">
    <ele>1512.6200000000001</ele>
   </trkpt>
   <trkpt lat="45.99700000000001" lon="6.943480000000001">
    <ele>1515.89</ele>
   </trkpt>
   <trkpt lat="45.99691000000001" lon="6.943270000000001">
    <ele>1516.76</ele>
   </trkpt>
   <trkpt lat="45.996430000000004" lon="6.942710000000001">
    <ele>1521.22</ele>
   </trkpt>
   <trkpt lat="45.99625" lon="6.94223">
    <ele>1518.5400000000002</ele>
   </trkpt>
   <trkpt lat="45.996190000000006" lon="6.941680000000001">
    <ele>1515.8700000000001</ele>
   </trkpt>
   <trkpt lat="45.99609" lon="6.94127">
    <ele>1512.94</ele>
   </trkpt>
   <trkpt lat="45.995850000000004" lon="6.9408900000000004">
    <ele>1508.75</ele>
   </trkpt>
   <trkpt lat="45.995670000000004" lon="6.9404200000000005">
    <ele>1501.23</ele>
   </trkpt>
   <trkpt lat="45.995340000000006" lon="6.93993">
    <ele>1497.7900000000002</ele>
   </trkpt>
   <trkpt lat="45.994710000000005" lon="6.9391300000000005">
    <ele>1488.8400000000001</ele>
   </trkpt>
   <trkpt lat="45.99466" lon="6.9389400000000006">
    <ele>1488.2700000000002</ele>
   </trkpt>
   <trkpt lat="45.99447000000001" lon="6.938650000000001">
    <ele>1486.18</ele>
   </trkpt>
   <trkpt lat="45.994460000000004" lon="6.938400000000001">
    <ele>1484.6800000000003</ele>
   </trkpt>
   <trkpt lat="45.99437" lon="6.938160000000001">
    <ele>1481.71</ele>
   </trkpt>
   <trkpt lat="45.993520000000004" lon="6.93803">
    <ele>1474.7700000000002</ele>
   </trkpt>
   <trkpt lat="45.99306000000001" lon="6.938040000000001">
    <ele>1472.13</ele>
   </trkpt>
   <trkpt lat="45.99291" lon="6.9381">
    <ele>1471.38</ele>
   </trkpt>
   <trkpt lat="45.99278" lon="6.9381">
    <ele>1470.6000000000001</ele>
   </trkpt>
   <trkpt lat="45.992560000000005" lon="6.93789">
    <ele>1469.64</ele>
   </trkpt>
   <trkpt lat="45.99232000000001" lon="6.937600000000001">
    <ele>1466.21</ele>
   </trkpt>
   <trkpt lat="45.992140000000006" lon="6.937340000000001">
    <ele>1463.8000000000002</ele>
   </trkpt>
   <trkpt lat="45.991890000000005" lon="6.937180000000001">
    <ele>1460.7800000000002</ele>
   </trkpt>
   <trkpt lat="45.991550000000004" lon="6.937080000000001">
    <ele>1458.3100000000002</ele>
   </trkpt>
   <trkpt lat="45.99123" lon="6.9371100000000006">
    <ele>1456.43</ele>
   </trkpt>
   <trkpt lat="45.991040000000005" lon="6.937200000000001">
    <ele>1455.33</ele>
   </trkpt>
   <trkpt lat="45.99069" lon="6.937">
    <ele>1451.89</ele>
   </trkpt>
   <trkpt lat="45.99036" lon="6.936940000000001">
    <ele>1450.49</ele>
   </trkpt>
   <trkpt lat="45.990030000000004" lon="6.936750000000001">
    <ele>1446.42</ele>
   </trkpt>
   <trkpt lat="45.98946" lon="6.93651">
    <ele>1437.48</ele>
   </trkpt>
   <trkpt lat="45.98941000000001" lon="6.93639">
    <ele>1436.4</ele>
   </trkpt>
   <trkpt lat="45.98894000000001" lon="6.935950000000001">
    <ele>1421.9700000000003</ele>
   </trkpt>
   <trkpt lat="45.98877" lon="6.935880000000001">
    <ele>1419.24</ele>
   </trkpt>
   <trkpt lat="45.98838000000001" lon="6.936030000000001">
    <ele>1418.3700000000001</ele>
   </trkpt>
   <trkpt lat="45.988130000000005" lon="6.93594">
    <ele>1419.0</ele>
   </trkpt>
   <trkpt lat="45.98769" lon="6.9356100000000005">
    <ele>1419.18</ele>
   </trkpt>
   <trkpt lat="45.98749" lon="6.935650000000001">
    <ele>1418.94</ele>
   </trkpt>
   <trkpt lat="45.98702" lon="6.9356100000000005">
    <ele>1419.1200000000001</ele>
   </trkpt>
   <trkpt lat="45.986610000000006" lon="6.935600000000001">
    <ele>1418.88</ele>
   </trkpt>
   <trkpt lat="45.9864" lon="6.93578">
    <ele>1418.77</ele>
   </trkpt>
   <trkpt lat="45.98606" lon="6.935790000000001">
    <ele>1414.8500000000001</ele>
   </trkpt>
   <trkpt lat="45.98579" lon="6.935770000000001">
    <ele>1408.02</ele>
   </trkpt>
   <trkpt lat="45.985530000000004" lon="6.935930000000001">
    <ele>1403.43</ele>
   </trkpt>
   <trkpt lat="45.9851" lon="6.936050000000001">
    <ele>1393.3000000000002</ele>
   </trkpt>
   <trkpt lat="45.98496" lon="6.936230000000001">
    <ele>1389.8000000000002</ele>
   </trkpt>
   <trkpt lat="45.98453000000001" lon="6.93641">
    <ele>1381.39</ele>
   </trkpt>
   <trkpt lat="45.98431" lon="6.936380000000001">
    <ele>1376.51</ele>
   </trkpt>
   <trkpt lat="45.98402" lon="6.936210000000001">
    <ele>1369.8100000000002</ele>
   </trkpt>
   <trkpt lat="45.983630000000005" lon="6.9363">
    <ele>1361.3700000000001</ele>
   </trkpt>
   <trkpt lat="45.98355" lon="6.936260000000001">
    <ele>1359.3600000000001</ele>
   </trkpt>
   <trkpt lat="45.98353" lon="6.9362200000000005">
    <ele>1359.3600000000001</ele>
   </trkpt>
   <trkpt lat="45.9836" lon="6.9361500000000005">
    <ele>1354.9</ele>
   </trkpt>
   <trkpt lat="45.983700000000006" lon="6.936120000000001">
    <ele>1354.9</ele>
   </trkpt>
   <trkpt lat="45.98402" lon="6.93583">
    <ele>1344.93</ele>
   </trkpt>
   <trkpt lat="45.98425" lon="6.9356800000000005">
    <ele>1338.0400000000002</ele>
   </trkpt>
   <trkpt lat="45.984460000000006" lon="6.935600000000001">
    <ele>1333.3700000000001</ele>
   </trkpt>
   <trkpt lat="45.984460000000006" lon="6.935530000000001">
    <ele>1333.3700000000001</ele>
   </trkpt>
   <trkpt lat="45.984440000000006" lon="6.9354700000000005">
    <ele>1333.3700000000001</ele>
   </trkpt>
   <trkpt lat="45.984260000000006" lon="6.935460000000001">
    <ele>1326.2500000000002</ele>
   </trkpt>
   <trkpt lat="45.983990000000006" lon="6.935320000000001">
    <ele>1320.8200000000002</ele>
   </trkpt>
   <trkpt lat="45.98389" lon="6.935300000000001">
    <ele>1320.8200000000002</ele>
   </trkpt>
   <trkpt lat="45.98377000000001" lon="6.935180000000001">
    <ele>1308.8000000000002</ele>
   </trkpt>
   <trkpt lat="45.983340000000005" lon="6.9352100000000005">
    <ele>1304.49</ele>
   </trkpt>
   <trkpt lat="45.98315" lon="6.93529">
    <ele>1299.39</ele>
   </trkpt>
   <trkpt lat="45.98306" lon="6.935180000000001">
    <ele>1295.5400000000002</ele>
   </trkpt>
   <trkpt lat="45.98301000000001" lon="6.935020000000001">
    <ele>1293.88</ele>
   </trkpt>
   <trkpt lat="45.98308" lon="6.9348600000000005">
    <ele>1289.0000000000002</ele>
   </trkpt>
   <trkpt lat="45.983090000000004" lon="6.93461">
    <ele>1285.73</ele>
   </trkpt>
   <trkpt lat="45.983290000000004" lon="6.9345300000000005">
    <ele>1282.55</ele>
   </trkpt>
   <trkpt lat="45.98339000000001" lon="6.9343">
    <ele>1278.8300000000002</ele>
   </trkpt>
   <trkpt lat="45.983520000000006" lon="6.93411">
    <ele>1276.8400000000001</ele>
   </trkpt>
   <trkpt lat="45.98358" lon="6.933700000000001">
    <ele>1271.44</ele>
   </trkpt>
   <trkpt lat="45.983670000000004" lon="6.9335">
    <ele>1269.89</ele>
   </trkpt>
   <trkpt lat="45.98315" lon="6.933070000000001">
    <ele>1271.23</ele>
   </trkpt>
   <trkpt lat="45.98304" lon="6.9329600000000005">
    <ele>1271.2</ele>
   </trkpt>
   <trkpt lat="45.98246" lon="6.93268">
    <ele>1269.4</ele>
   </trkpt>
   <trkpt lat="45.982200000000006" lon="6.932460000000001">
    <ele>1269.24</ele>
   </trkpt>
   <trkpt lat="45.98189000000001" lon="6.932460000000001">
    <ele>1268.9</ele>
   </trkpt>
   <trkpt lat="45.98180000000001" lon="6.9326300000000005">
    <ele>1269.06</ele>
   </trkpt>
   <trkpt lat="45.981700000000004" lon="6.932790000000001">
    <ele>1269.1499999999999</ele>
   </trkpt>
   <trkpt lat="45.9814" lon="6.93294">
    <ele>1270.01</ele>
   </trkpt>
   <trkpt lat="45.98111" lon="6.93285">
    <ele>1271.6200000000001</ele>
   </trkpt>
   <trkpt lat="45.98095000000001" lon="6.93275">
    <ele>1271.6200000000001</ele>
   </trkpt>
   <trkpt lat="45.98064" lon="6.93268">
    <ele>1272.68</ele>
   </trkpt>
   <trkpt lat="45.980470000000004" lon="6.932550000000001">
    <ele>1274.41</ele>
   </trkpt>
   <trkpt lat="45.98022" lon="6.932510000000001">
    <ele>1275.3500000000001</ele>
   </trkpt>
   <trkpt lat="45.979850000000006" lon="6.932570000000001">
    <ele>1277.3600000000001</ele>
   </trkpt>
   <trkpt lat="45.979690000000005" lon="6.932570000000001">
    <ele>1277.41</ele>
   </trkpt>
   <trkpt lat="45.97966" lon="6.93254">
    <ele>1277.22</ele>
   </trkpt>
   <trkpt lat="45.97959" lon="6.932410000000001">
    <ele>1276.37</ele>
   </trkpt>
   <trkpt lat="45.979510000000005" lon="6.93212">
    <ele>1274.54</ele>
   </trkpt>
   <trkpt lat="45.97927000000001" lon="6.931640000000001">
    <ele>1271.2700000000002</ele>
   </trkpt>
   <trkpt lat="45.9789" lon="6.93132">
    <ele>1269.9900000000002</ele>
   </trkpt>
   <trkpt lat="45.97872" lon="6.93095">
    <ele>1269.8700000000001</ele>
   </trkpt>
   <trkpt lat="45.978570000000005" lon="6.930400000000001">
    <ele>1266.0800000000002</ele>
   </trkpt>
   <trkpt lat="45.978440000000006" lon="6.93034">
    <ele>1265.6000000000001</ele>
   </trkpt>
   <trkpt lat="45.978280000000005" lon="6.930230000000001">
    <ele>1265.7</ele>
   </trkpt>
   <trkpt lat="45.97813000000001" lon="6.9302">
    <ele>1265.6000000000001</ele>
   </trkpt>
   <trkpt lat="45.97793" lon="6.930040000000001">
    <ele>1265.22</ele>
   </trkpt>
   <trkpt lat="45.977720000000005" lon="6.9298">
    <ele>1264.04</ele>
   </trkpt>
   <trkpt lat="45.977360000000004" lon="6.929100000000001">
    <ele>1259.5900000000001</ele>
   </trkpt>
   <trkpt lat="45.97719" lon="6.928890000000001">
    <ele>1257.93</ele>
   </trkpt>
   <trkpt lat="45.976870000000005" lon="6.92867">
    <ele>1257.42</ele>
   </trkpt>
   <trkpt lat="45.97652" lon="6.928590000000001">
    <ele>1256.44</ele>
   </trkpt>
   <trkpt lat="45.976240000000004" lon="6.928770000000001">
    <ele>1255.8200000000002</ele>
   </trkpt>
   <trkpt lat="45.97598000000001" lon="6.928630000000001">
    <ele>1255.65</ele>
   </trkpt>
   <trkpt lat="45.97585" lon="6.92853">
    <ele>1256.2900000000002</ele>
   </trkpt>
   <trkpt lat="45.97567" lon="6.928310000000001">
    <ele>1258.4700000000003</ele>
   </trkpt>
   <trkpt lat="45.97534" lon="6.928280000000001">
    <ele>1263.6200000000001</ele>
   </trkpt>
   <trkpt lat="45.975260000000006" lon="6.92825">
    <ele>1263.6200000000001</ele>
   </trkpt>
   <trkpt lat="45.975030000000004" lon="6.928070000000001">
    <ele>1270.17</ele>
   </trkpt>
   <trkpt lat="45.97473" lon="6.927880000000001">
    <ele>1278.5900000000001</ele>
   </trkpt>
   <trkpt lat="45.974180000000004" lon="6.927670000000001">
    <ele>1287.9</ele>
   </trkpt>
   <trkpt lat="45.97408" lon="6.9276100000000005">
    <ele>1288.43</ele>
   </trkpt>
   <trkpt lat="45.973940000000006" lon="6.9275">
    <ele>1287.4800000000002</ele>
   </trkpt>
   <trkpt lat="45.97374000000001" lon="6.927230000000001">
    <ele>1283.9</ele>
   </trkpt>
   <trkpt lat="45.97354000000001" lon="6.926590000000001">
    <ele>1268.91</ele>
   </trkpt>
   <trkpt lat="45.973310000000005" lon="6.926200000000001">
    <ele>1263.2500000000002</ele>
   </trkpt>
   <trkpt lat="45.97326" lon="6.926">
    <ele>1260.25</ele>
   </trkpt>
   <trkpt lat="45.973180000000006" lon="6.9255">
    <ele>1255.7200000000003</ele>
   </trkpt>
   <trkpt lat="45.973090000000006" lon="6.9253100000000005">
    <ele>1254.69</ele>
   </trkpt>
   <trkpt lat="45.972750000000005" lon="6.924950000000001">
    <ele>1256.0</ele>
   </trkpt>
   <trkpt lat="45.9724" lon="6.924510000000001">
    <ele>1263.13</ele>
   </trkpt>
   <trkpt lat="45.97213000000001" lon="6.924270000000001">
    <ele>1270.65</ele>
   </trkpt>
   <trkpt lat="45.972010000000004" lon="6.9241">
    <ele>1272.0600000000002</ele>
   </trkpt>
   <trkpt lat="45.97146" lon="6.923470000000001">
    <ele>1274.98</ele>
   </trkpt>
   <trkpt lat="45.971050000000005" lon="6.923070000000001">
    <ele>1276.0800000000002</ele>
   </trkpt>
   <trkpt lat="45.97088" lon="6.922980000000001">
    <ele>1274.48</ele>
   </trkpt>
   <trkpt lat="45.97082" lon="6.92292">
    <ele>1272.37</ele>
   </trkpt>
   <trkpt lat="45.970740000000006" lon="6.9227300000000005">
    <ele>1271.13</ele>
   </trkpt>
   <trkpt lat="45.970670000000005" lon="6.92229">
    <ele>1266.5000000000002</ele>
   </trkpt>
   <trkpt lat="45.97059" lon="6.92203">
    <ele>1262.38</ele>
   </trkpt>
   <trkpt lat="45.97048" lon="6.92184">
    <ele>1259.7500000000002</ele>
   </trkpt>
   <trkpt lat="45.970290000000006" lon="6.92154">
    <ele>1260.41</ele>
   </trkpt>
   <trkpt lat="45.97007000000001" lon="6.92133">
    <ele>1262.4700000000003</ele>
   </trkpt>
   <trkpt lat="45.969710000000006" lon="6.92107">
    <ele>1264.18</ele>
   </trkpt>
   <trkpt lat="45.96961" lon="6.92098">
    <ele>1264.5700000000002</ele>
   </trkpt>
   <trkpt lat="45.969460000000005" lon="6.920730000000001">
    <ele>1266.8000000000002</ele>
   </trkpt>
   <trkpt lat="45.969370000000005" lon="6.920610000000001">
    <ele>1267.1000000000001</ele>
   </trkpt>
   <trkpt lat="45.969060000000006" lon="6.92032">
    <ele>1270.76</ele>
   </trkpt>
   <trkpt lat="45.96871" lon="6.92006">
    <ele>1274.81</ele>
   </trkpt>
   <trkpt lat="45.9684" lon="6.919700000000001">
    <ele>1277.4500000000003</ele>
   </trkpt>
   <trkpt lat="45.967830000000006" lon="6.919270000000001">
    <ele>1283.6000000000001</ele>
   </trkpt>
   <trkpt lat="45.96754000000001" lon="6.918920000000001">
    <ele>1287.3600000000001</ele>
   </trkpt>
   <trkpt lat="45.967290000000006" lon="6.91868">
    <ele>1290.2300000000002</ele>
   </trkpt>
   <trkpt lat="45.96701" lon="6.918500000000001">
    <ele>1293.32</ele>
   </trkpt>
   <trkpt lat="45.966950000000004" lon="6.91842">
    <ele>1293.32</ele>
   </trkpt>
   <trkpt lat="45.966910000000006" lon="6.9183">
    <ele>1294.45</ele>
   </trkpt>
   <trkpt lat="45.966840000000005" lon="6.91818">
    <ele>1294.45</ele>
   </trkpt>
   <trkpt lat="45.96676" lon="6.918120000000001">
    <ele>1296.89</ele>
   </trkpt>
   <trkpt lat="45.966620000000006" lon="6.91811">
    <ele>1297.9900000000002</ele>
   </trkpt>
   <trkpt lat="45.96656" lon="6.91807">
    <ele>1297.9900000000002</ele>
   </trkpt>
   <trkpt lat="45.96641" lon="6.91781">
    <ele>1299.77</ele>
   </trkpt>
   <trkpt lat="45.96618" lon="6.91748">
    <ele>1301.41</ele>
   </trkpt>
   <trkpt lat="45.96585" lon="6.917090000000001">
    <ele>1299.42</ele>
   </trkpt>
   <trkpt lat="45.96555" lon="6.91678">
    <ele>1296.17</ele>
   </trkpt>
   <trkpt lat="45.96499" lon="6.91628">
    <ele>1292.38</ele>
   </trkpt>
   <trkpt lat="45.9647" lon="6.915970000000001">
    <ele>1290.0</ele>
   </trkpt>
   <trkpt lat="45.96455" lon="6.91584">
    <ele>1288.8300000000002</ele>
   </trkpt>
   <trkpt lat="45.964330000000004" lon="6.915430000000001">
    <ele>1282.94</ele>
   </trkpt>
   <trkpt lat="45.96425000000001" lon="6.91532">
    <ele>1281.41</ele>
   </trkpt>
   <trkpt lat="45.96399" lon="6.915050000000001">
    <ele>1280.28</ele>
   </trkpt>
   <trkpt lat="45.963840000000005" lon="6.91483">
    <ele>1278.6399999999999</ele>
   </trkpt>
   <trkpt lat="45.96334" lon="6.91389">
    <ele>1265.56</ele>
   </trkpt>
   <trkpt lat="45.96313000000001" lon="6.913620000000001">
    <ele>1263.32</ele>
   </trkpt>
   <trkpt lat="45.96291" lon="6.9134">
    <ele>1261.8400000000001</ele>
   </trkpt>
   <trkpt lat="45.962590000000006" lon="6.912990000000001">
    <ele>1256.3200000000002</ele>
   </trkpt>
   <trkpt lat="45.96222" lon="6.912610000000001">
    <ele>1250.9800000000002</ele>
   </trkpt>
   <trkpt lat="45.96213" lon="6.912540000000001">
    <ele>1250.31</ele>
   </trkpt>
   <trkpt lat="45.961780000000005" lon="6.91246">
    <ele>1245.18</ele>
   </trkpt>
   <trkpt lat="45.961690000000004" lon="6.91241">
    <ele>1245.18</ele>
   </trkpt>
   <trkpt lat="45.961220000000004" lon="6.912050000000001">
    <ele>1241.14</ele>
   </trkpt>
   <trkpt lat="45.96083" lon="6.9116800000000005">
    <ele>1239.72</ele>
   </trkpt>
   <trkpt lat="45.96046500074988" lon="6.91126999731791">
    <ele>1235.73</ele>
   </trkpt>
   <trkpt lat="45.960100000000004" lon="6.9108600000000004">
    <ele>1228.3700000000001</ele>
   </trkpt>
   <trkpt lat="45.960040000000006" lon="6.910780000000001">
    <ele>1227.71</ele>
   </trkpt>
   <trkpt lat="45.959950000000006" lon="6.910590000000001">
    <ele>1224.91</ele>
   </trkpt>
   <trkpt lat="45.95982" lon="6.9103900000000005">
    <ele>1222.3700000000001</ele>
   </trkpt>
   <trkpt lat="45.95965" lon="6.910220000000001">
    <ele>1219.26</ele>
   </trkpt>
   <trkpt lat="45.959160000000004" lon="6.909860000000001">
    <ele>1215.39</ele>
   </trkpt>
   <trkpt lat="45.95874500113519" lon="6.909334995983433">
    <ele>1213.0700000000002</ele>
   </trkpt>
   <trkpt lat="45.958330000000004" lon="6.908810000000001">
    <ele>1209.68</ele>
   </trkpt>
   <trkpt lat="45.958130000000004" lon="6.9084200000000004">
    <ele>1208.47</ele>
   </trkpt>
   <trkpt lat="45.9579" lon="6.908040000000001">
    <ele>1207.64</ele>
   </trkpt>
   <trkpt lat="45.95768" lon="6.907540000000001">
    <ele>1205.99</ele>
   </trkpt>
   <trkpt lat="45.9575" lon="6.90725">
    <ele>1205.6</ele>
   </trkpt>
   <trkpt lat="45.957390000000004" lon="6.906980000000001">
    <ele>1204.9800000000002</ele>
   </trkpt>
   <trkpt lat="45.95731000000001" lon="6.906670000000001">
    <ele>1204.5400000000002</ele>
   </trkpt>
   <trkpt lat="45.957260000000005" lon="6.906320000000001">
    <ele>1204.5800000000002</ele>
   </trkpt>
   <trkpt lat="45.95698" lon="6.906280000000001">
    <ele>1205.1100000000001</ele>
   </trkpt>
   <trkpt lat="45.95698" lon="6.906060000000001">
    <ele>1206.72</ele>
   </trkpt>
   <trkpt lat="45.95665" lon="6.905930000000001">
    <ele>1209.47</ele>
   </trkpt>
   <trkpt lat="45.95635" lon="6.905930000000001">
    <ele>1213.48</ele>
   </trkpt>
   <trkpt lat="45.95627" lon="6.905830000000001">
    <ele>1214.7400000000002</ele>
   </trkpt>
   <trkpt lat="45.9562" lon="6.905670000000001">
    <ele>1216.9</ele>
   </trkpt>
   <trkpt lat="45.95613" lon="6.905600000000001">
    <ele>1216.9</ele>
   </trkpt>
   <trkpt lat="45.95604" lon="6.905600000000001">
    <ele>1216.9</ele>
   </trkpt>
   <trkpt lat="45.95581000000001" lon="6.9056500000000005">
    <ele>1221.99</ele>
   </trkpt>
   <trkpt lat="45.955290000000005" lon="6.90566">
    <ele>1229.75</ele>
   </trkpt>
   <trkpt lat="45.955180000000006" lon="6.90563">
    <ele>1230.8100000000002</ele>
   </trkpt>
   <trkpt lat="45.95515" lon="6.905570000000001">
    <ele>1230.8100000000002</ele>
   </trkpt>
   <trkpt lat="45.95488" lon="6.905410000000001">
    <ele>1235.56</ele>
   </trkpt>
   <trkpt lat="45.954840000000004" lon="6.905310000000001">
    <ele>1236.07</ele>
   </trkpt>
   <trkpt lat="45.95449000000001" lon="6.905460000000001">
    <ele>1240.2700000000002</ele>
   </trkpt>
   <trkpt lat="45.954370000000004" lon="6.905460000000001">
    <ele>1241.1100000000001</ele>
   </trkpt>
   <trkpt lat="45.953880000000005" lon="6.90528">
    <ele>1245.3899999999999</ele>
   </trkpt>
   <trkpt lat="45.953700000000005" lon="6.90514">
    <ele>1246.31</ele>
   </trkpt>
   <trkpt lat="45.953450000000004" lon="6.905">
    <ele>1243.27</ele>
   </trkpt>
   <trkpt lat="45.95275" lon="6.90493">
    <ele>1240.45</ele>
   </trkpt>
   <trkpt lat="45.952490000000004" lon="6.90495">
    <ele>1237.93</ele>
   </trkpt>
   <trkpt lat="45.95234000000001" lon="6.905030000000001">
    <ele>1234.99</ele>
   </trkpt>
   <trkpt lat="45.952070000000006" lon="6.90512">
    <ele>1231.39</ele>
   </trkpt>
   <trkpt lat="45.95147" lon="6.90509">
    <ele>1226.99</ele>
   </trkpt>
   <trkpt lat="45.95111000000001" lon="6.9051800000000005">
    <ele>1231.89</ele>
   </trkpt>
   <trkpt lat="45.95091" lon="6.90526">
    <ele>1233.8</ele>
   </trkpt>
   <trkpt lat="45.95060000124606" lon="6.905810003205933">
    <ele>1233.14</ele>
   </trkpt>
   <trkpt lat="45.95029" lon="6.90636">
    <ele>1234.2300000000002</ele>
   </trkpt>
   <trkpt lat="45.95002" lon="6.907170000000001">
    <ele>1225.8500000000001</ele>
   </trkpt>
   <trkpt lat="45.94989" lon="6.907290000000001">
    <ele>1222.5700000000002</ele>
   </trkpt>
   <trkpt lat="45.949850000000005" lon="6.907290000000001">
    <ele>1222.5700000000002</ele>
   </trkpt>
   <trkpt lat="45.94979000000001" lon="6.907240000000001">
    <ele>1217.4600000000003</ele>
   </trkpt>
   <trkpt lat="45.949780000000004" lon="6.907100000000001">
    <ele>1217.4600000000003</ele>
   </trkpt>
   <trkpt lat="45.94982" lon="6.907000000000001">
    <ele>1215.65</ele>
   </trkpt>
   <trkpt lat="45.94988" lon="6.906910000000001">
    <ele>1214.66</ele>
   </trkpt>
   <trkpt lat="45.94989" lon="6.906820000000001">
    <ele>1214.66</ele>
   </trkpt>
   <trkpt lat="45.9498" lon="6.906540000000001">
    <ele>1208.41</ele>
   </trkpt>
   <trkpt lat="45.949780000000004" lon="6.90631">
    <ele>1204.8500000000001</ele>
   </trkpt>
   <trkpt lat="45.94961000000001" lon="6.905760000000001">
    <ele>1196.35</ele>
   </trkpt>
   <trkpt lat="45.94952000000001" lon="6.905670000000001">
    <ele>1194.18</ele>
   </trkpt>
   <trkpt lat="45.949250000000006" lon="6.9055800000000005">
    <ele>1190.53</ele>
   </trkpt>
   <trkpt lat="45.94897" lon="6.90535">
    <ele>1189.95</ele>
   </trkpt>
   <trkpt lat="45.94886" lon="6.9053">
    <ele>1189.6</ele>
   </trkpt>
   <trkpt lat="45.948730000000005" lon="6.9053">
    <ele>1188.46</ele>
   </trkpt>
   <trkpt lat="45.948660000000004" lon="6.90514">
    <ele>1187.8600000000001</ele>
   </trkpt>
   <trkpt lat="45.948640000000005" lon="6.9049700000000005">
    <ele>1185.98</ele>
   </trkpt>
   <trkpt lat="45.948710000000005" lon="6.90474">
    <ele>1182.41</ele>
   </trkpt>
   <trkpt lat="45.948660000000004" lon="6.904470000000001">
    <ele>1180.41</ele>
   </trkpt>
   <trkpt lat="45.94841" lon="6.90401">
    <ele>1174.42</ele>
   </trkpt>
   <trkpt lat="45.948240000000006" lon="6.903580000000001">
    <ele>1170.8200000000002</ele>
   </trkpt>
   <trkpt lat="45.948130000000006" lon="6.903480000000001">
    <ele>1170.3400000000001</ele>
   </trkpt>
   <trkpt lat="45.94794" lon="6.903370000000001">
    <ele>1170.7200000000003</ele>
   </trkpt>
   <trkpt lat="45.94784000000001" lon="6.9034">
    <ele>1170.8200000000002</ele>
   </trkpt>
   <trkpt lat="45.94778" lon="6.90347">
    <ele>1170.5500000000002</ele>
   </trkpt>
   <trkpt lat="45.94774" lon="6.90364">
    <ele>1169.06</ele>
   </trkpt>
   <trkpt lat="45.9478" lon="6.90404">
    <ele>1164.47</ele>
   </trkpt>
   <trkpt lat="45.947900000000004" lon="6.904370000000001">
    <ele>1162.66</ele>
   </trkpt>
   <trkpt lat="45.947880000000005" lon="6.90465">
    <ele>1159.44</ele>
   </trkpt>
   <trkpt lat="45.94773000000001" lon="6.90493">
    <ele>1156.15</ele>
   </trkpt>
   <trkpt lat="45.947630000000004" lon="6.905030000000001">
    <ele>1155.45</ele>
   </trkpt>
   <trkpt lat="45.947520000000004" lon="6.905080000000001">
    <ele>1154.67</ele>
   </trkpt>
   <trkpt lat="45.94745" lon="6.905030000000001">
    <ele>1153.97</ele>
   </trkpt>
   <trkpt lat="45.9474" lon="6.9048300000000005">
    <ele>1152.4500000000003</ele>
   </trkpt>
   <trkpt lat="45.94744" lon="6.9045700000000005">
    <ele>1150.52</ele>
   </trkpt>
   <trkpt lat="45.947390000000006" lon="6.904450000000001">
    <ele>1149.3300000000002</ele>
   </trkpt>
   <trkpt lat="45.947320000000005" lon="6.90434">
    <ele>1148.6000000000001</ele>
   </trkpt>
   <trkpt lat="45.9472" lon="6.9040300000000006">
    <ele>1147.1</ele>
   </trkpt>
   <trkpt lat="45.947120000000005" lon="6.90392">
    <ele>1146.23</ele>
   </trkpt>
   <trkpt lat="45.947010000000006" lon="6.903600000000001">
    <ele>1144.65</ele>
   </trkpt>
   <trkpt lat="45.946960000000004" lon="6.903390000000001">
    <ele>1143.03</ele>
   </trkpt>
   <trkpt lat="45.946760000000005" lon="6.903150000000001">
    <ele>1141.0200000000002</ele>
   </trkpt>
   <trkpt lat="45.946020000000004" lon="6.9026000000000005">
    <ele>1130.23</ele>
   </trkpt>
   <trkpt lat="45.94583" lon="6.9023900000000005">
    <ele>1128.5800000000002</ele>
   </trkpt>
   <trkpt lat="45.94545" lon="6.90202">
    <ele>1126.97</ele>
   </trkpt>
   <trkpt lat="45.945080000000004" lon="6.901860000000001">
    <ele>1124.97</ele>
   </trkpt>
   <trkpt lat="45.94487" lon="6.901370000000001">
    <ele>1120.8500000000001</ele>
   </trkpt>
   <trkpt lat="45.944700000000005" lon="6.90115">
    <ele>1118.71</ele>
   </trkpt>
   <trkpt lat="45.944370000000006" lon="6.900950000000001">
    <ele>1114.38</ele>
   </trkpt>
   <trkpt lat="45.94384" lon="6.900950000000001">
    <ele>1111.04</ele>
   </trkpt>
   <trkpt lat="45.94353" lon="6.90082">
    <ele>1111.31</ele>
   </trkpt>
   <trkpt lat="45.943340000000006" lon="6.900570000000001">
    <ele>1109.8300000000002</ele>
   </trkpt>
   <trkpt lat="45.943290000000005" lon="6.900150000000001">
    <ele>1106.47</ele>
   </trkpt>
   <trkpt lat="45.94323000000001" lon="6.899900000000001">
    <ele>1105.7100000000003</ele>
   </trkpt>
   <trkpt lat="45.942840000000004" lon="6.89949">
    <ele>1100.8300000000002</ele>
   </trkpt>
   <trkpt lat="45.94281" lon="6.899570000000001">
    <ele>1100.0700000000002</ele>
   </trkpt>
   <trkpt lat="45.9427" lon="6.89953">
    <ele>1099.89</ele>
   </trkpt>
   <trkpt lat="45.942330000000005" lon="6.899540000000001">
    <ele>1099.15</ele>
   </trkpt>
   <trkpt lat="45.94220000000001" lon="6.899520000000001">
    <ele>1098.0700000000002</ele>
   </trkpt>
   <trkpt lat="45.941810000000004" lon="6.89953">
    <ele>1095.42</ele>
   </trkpt>
   <trkpt lat="45.94165" lon="6.899640000000001">
    <ele>1095.19</ele>
   </trkpt>
   <trkpt lat="45.94155000000001" lon="6.899660000000001">
    <ele>1095.19</ele>
   </trkpt>
   <trkpt lat="45.941140000000004" lon="6.899220000000001">
    <ele>1094.51</ele>
   </trkpt>
   <trkpt lat="45.94104" lon="6.899190000000001">
    <ele>1094.09</ele>
   </trkpt>
   <trkpt lat="45.940850000000005" lon="6.898860000000001">
    <ele>1091.8300000000002</ele>
   </trkpt>
   <trkpt lat="45.940830000000005" lon="6.8987300000000005">
    <ele>1091.45</ele>
   </trkpt>
   <trkpt lat="45.940560000000005" lon="6.89838">
    <ele>1089.23</ele>
   </trkpt>
   <trkpt lat="45.94028" lon="6.898180000000001">
    <ele>1086.8600000000001</ele>
   </trkpt>
   <trkpt lat="45.94001" lon="6.897950000000001">
    <ele>1083.75</ele>
   </trkpt>
   <trkpt lat="45.93992" lon="6.898110000000001">
    <ele>1082.7900000000002</ele>
   </trkpt>
   <trkpt lat="45.94005000000001" lon="6.8982600000000005">
    <ele>1088.48</ele>
   </trkpt>
   <trkpt lat="45.940490000000004" lon="6.898910000000001">
    <ele>1089.8600000000001</ele>
   </trkpt>
   <trkpt lat="45.940740000000005" lon="6.89932">
    <ele>1091.07</ele>
   </trkpt>
   <trkpt lat="45.940810000000006" lon="6.8995500000000005">
    <ele>1091.55</ele>
   </trkpt>
   <trkpt lat="45.94095" lon="6.899800000000001">
    <ele>1091.89</ele>
   </trkpt>
   <trkpt lat="45.94107" lon="6.900110000000001">
    <ele>1091.89</ele>
   </trkpt>
   <trkpt lat="45.941190000000006" lon="6.90028">
    <ele>1092.3400000000001</ele>
   </trkpt>
   <trkpt lat="45.94154" lon="6.90094">
    <ele>1095.0000000000002</ele>
   </trkpt>
   <trkpt lat="45.94169" lon="6.9016">
    <ele>1098.03</ele>
   </trkpt>
   <trkpt lat="45.941720000000004" lon="6.90188">
    <ele>1099.1000000000001</ele>
   </trkpt>
   <trkpt lat="45.941950000000006" lon="6.902340000000001">
    <ele>1102.71</ele>
   </trkpt>
   <trkpt lat="45.94185" lon="6.9027400000000005">
    <ele>1102.66</ele>
   </trkpt>
   <trkpt lat="45.941520000000004" lon="6.90265">
    <ele>1101.0000000000002</ele>
   </trkpt>
   <trkpt lat="45.941300000000005" lon="6.90265">
    <ele>1100.96</ele>
   </trkpt>
   <trkpt lat="45.94093" lon="6.90289">
    <ele>1100.74</ele>
   </trkpt>
   <trkpt lat="45.940670000000004" lon="6.902360000000001">
    <ele>1100.5</ele>
   </trkpt>
   <trkpt lat="45.940560000000005" lon="6.9020600000000005">
    <ele>1100.24</ele>
   </trkpt>
   <trkpt lat="45.940540000000006" lon="6.9018500000000005">
    <ele>1099.51</ele>
   </trkpt>
   <trkpt lat="45.94035" lon="6.90169">
    <ele>1103.4700000000003</ele>
   </trkpt>
   <trkpt lat="45.94013" lon="6.90162">
    <ele>1108.14</ele>
   </trkpt>
   <trkpt lat="45.939870000000006" lon="6.90169">
    <ele>1113.52</ele>
   </trkpt>
   <trkpt lat="45.93979" lon="6.901630000000001">
    <ele>1113.52</ele>
   </trkpt>
   <trkpt lat="45.939455000913945" lon="6.901184997378297">
    <ele>1124.9600000000003</ele>
   </trkpt>
   <trkpt lat="45.93912" lon="6.900740000000001">
    <ele>1137.8700000000001</ele>
   </trkpt>
   <trkpt lat="45.93903" lon="6.9005600000000005">
    <ele>1139.94</ele>
   </trkpt>
   <trkpt lat="45.93874" lon="6.90017">
    <ele>1151.01</ele>
   </trkpt>
   <trkpt lat="45.93806000000001" lon="6.899540000000001">
    <ele>1168.5400000000002</ele>
   </trkpt>
   <trkpt lat="45.937920000000005" lon="6.899330000000001">
    <ele>1171.51</ele>
   </trkpt>
   <trkpt lat="45.937760000000004" lon="6.899260000000001">
    <ele>1176.71</ele>
   </trkpt>
   <trkpt lat="45.93724" lon="6.89871">
    <ele>1191.03</ele>
   </trkpt>
   <trkpt lat="45.936820000000004" lon="6.898490000000001">
    <ele>1199.81</ele>
   </trkpt>
   <trkpt lat="45.936460000000004" lon="6.898200000000001">
    <ele>1212.55</ele>
   </trkpt>
   <trkpt lat="45.93618" lon="6.898090000000001">
    <ele>1219.5600000000002</ele>
   </trkpt>
   <trkpt lat="45.93587" lon="6.898070000000001">
    <ele>1225.09</ele>
   </trkpt>
   <trkpt lat="45.935700000000004" lon="6.89801">
    <ele>1228.5700000000002</ele>
   </trkpt>
   <trkpt lat="45.93571" lon="6.89801">
    <ele>1228.1000000000001</ele>
   </trkpt>
   <trkpt lat="45.935570000000006" lon="6.897970000000001">
    <ele>1232.38</ele>
   </trkpt>
   <trkpt lat="45.935430000000004" lon="6.897970000000001">
    <ele>1234.4400000000003</ele>
   </trkpt>
   <trkpt lat="45.935370000000006" lon="6.897950000000001">
    <ele>1236.82</ele>
   </trkpt>
   <trkpt lat="45.93535000000001" lon="6.89796">
    <ele>1236.82</ele>
   </trkpt>
   <trkpt lat="45.93536" lon="6.897950000000001">
    <ele>1236.82</ele>
   </trkpt>
   <trkpt lat="45.93535000000001" lon="6.897970000000001">
    <ele>1236.82</ele>
   </trkpt>
   <trkpt lat="45.935390000000005" lon="6.898020000000001">
    <ele>1239.97</ele>
   </trkpt>
   <trkpt lat="45.93558" lon="6.898210000000001">
    <ele>1246.3200000000002</ele>
   </trkpt>
   <trkpt lat="45.935700000000004" lon="6.89824">
    <ele>1246.3200000000002</ele>
   </trkpt>
   <trkpt lat="45.935950000000005" lon="6.898650000000001">
    <ele>1256.24</ele>
   </trkpt>
   <trkpt lat="45.936350000000004" lon="6.899500000000001">
    <ele>1272.0</ele>
   </trkpt>
   <trkpt lat="45.936600000000006" lon="6.899870000000001">
    <ele>1278.96</ele>
   </trkpt>
   <trkpt lat="45.936730000000004" lon="6.90026">
    <ele>1287.0600000000002</ele>
   </trkpt>
   <trkpt lat="45.93676000000001" lon="6.90059">
    <ele>1291.2700000000002</ele>
   </trkpt>
   <trkpt lat="45.93692" lon="6.90082">
    <ele>1296.91</ele>
   </trkpt>
   <trkpt lat="45.936910000000005" lon="6.901050000000001">
    <ele>1301.0300000000002</ele>
   </trkpt>
   <trkpt lat="45.937050000000006" lon="6.901400000000001">
    <ele>1306.21</ele>
   </trkpt>
   <trkpt lat="45.93717" lon="6.90223">
    <ele>1319.22</ele>
   </trkpt>
   <trkpt lat="45.937180000000005" lon="6.902690000000001">
    <ele>1327.29</ele>
   </trkpt>
   <trkpt lat="45.93714000000001" lon="6.903300000000001">
    <ele>1338.5</ele>
   </trkpt>
   <trkpt lat="45.93721" lon="6.90364">
    <ele>1343.9500000000003</ele>
   </trkpt>
   <trkpt lat="45.937200000000004" lon="6.903930000000001">
    <ele>1348.5800000000002</ele>
   </trkpt>
   <trkpt lat="45.93750000000001" lon="6.9045700000000005">
    <ele>1361.15</ele>
   </trkpt>
   <trkpt lat="45.93748" lon="6.904850000000001">
    <ele>1365.15</ele>
   </trkpt>
   <trkpt lat="45.937540000000006" lon="6.90512">
    <ele>1369.19</ele>
   </trkpt>
   <trkpt lat="45.93744" lon="6.905430000000001">
    <ele>1375.0300000000002</ele>
   </trkpt>
   <trkpt lat="45.93744" lon="6.9057">
    <ele>1379.73</ele>
   </trkpt>
   <trkpt lat="45.937580000000004" lon="6.90622">
    <ele>1390.0700000000002</ele>
   </trkpt>
   <trkpt lat="45.93775500282223" lon="6.907029997263111">
    <ele>1403.3600000000001</ele>
   </trkpt>
   <trkpt lat="45.93793" lon="6.90784">
    <ele>1417.51</ele>
   </trkpt>
   <trkpt lat="45.937920000000005" lon="6.9081">
    <ele>1421.8300000000002</ele>
   </trkpt>
   <trkpt lat="45.93813" lon="6.908880000000001">
    <ele>1435.01</ele>
   </trkpt>
   <trkpt lat="45.93807" lon="6.908860000000001">
    <ele>1435.9400000000003</ele>
   </trkpt>
   <trkpt lat="45.937960000000004" lon="6.908720000000001">
    <ele>1439.3700000000001</ele>
   </trkpt>
   <trkpt lat="45.93771" lon="6.9085600000000005">
    <ele>1444.05</ele>
   </trkpt>
   <trkpt lat="45.93726" lon="6.907570000000001">
    <ele>1457.0800000000002</ele>
   </trkpt>
   <trkpt lat="45.93688" lon="6.907240000000001">
    <ele>1469.89</ele>
   </trkpt>
   <trkpt lat="45.93708" lon="6.90779">
    <ele>1473.47</ele>
   </trkpt>
   <trkpt lat="45.93715" lon="6.908060000000001">
    <ele>1474.17</ele>
   </trkpt>
   <trkpt lat="45.937270000000005" lon="6.90866">
    <ele>1475.2800000000002</ele>
   </trkpt>
   <trkpt lat="45.9373" lon="6.908980000000001">
    <ele>1476.3700000000001</ele>
   </trkpt>
   <trkpt lat="45.93744" lon="6.909350000000001">
    <ele>1479.4900000000002</ele>
   </trkpt>
   <trkpt lat="45.937580000000004" lon="6.910100000000001">
    <ele>1481.0800000000002</ele>
   </trkpt>
   <trkpt lat="45.937670000000004" lon="6.910410000000001">
    <ele>1484.17</ele>
   </trkpt>
   <trkpt lat="45.93779000000001" lon="6.91065">
    <ele>1485.5200000000002</ele>
   </trkpt>
   <trkpt lat="45.93777" lon="6.9113500000000005">
    <ele>1489.57</ele>
   </trkpt>
   <trkpt lat="45.9378" lon="6.91164">
    <ele>1493.4900000000002</ele>
   </trkpt>
   <trkpt lat="45.93789" lon="6.91197">
    <ele>1497.18</ele>
   </trkpt>
   <trkpt lat="45.938010000000006" lon="6.912170000000001">
    <ele>1500.38</ele>
   </trkpt>
   <trkpt lat="45.938250000000004" lon="6.91323">
    <ele>1507.02</ele>
   </trkpt>
   <trkpt lat="45.93833" lon="6.913410000000001">
    <ele>1511.44</ele>
   </trkpt>
   <trkpt lat="45.93847" lon="6.91361">
    <ele>1515.13</ele>
   </trkpt>
   <trkpt lat="45.93882000000001" lon="6.91382">
    <ele>1521.6100000000001</ele>
   </trkpt>
   <trkpt lat="45.938950000000006" lon="6.913880000000001">
    <ele>1525.19</ele>
   </trkpt>
   <trkpt lat="45.939020000000006" lon="6.913970000000001">
    <ele>1526.0300000000002</ele>
   </trkpt>
   <trkpt lat="45.93909000000001" lon="6.914160000000001">
    <ele>1528.43</ele>
   </trkpt>
   <trkpt lat="45.93923" lon="6.91436">
    <ele>1530.3600000000001</ele>
   </trkpt>
   <trkpt lat="45.9393" lon="6.9145">
    <ele>1532.38</ele>
   </trkpt>
   <trkpt lat="45.93965" lon="6.9148000000000005">
    <ele>1540.48</ele>
   </trkpt>
   <trkpt lat="45.93967000000001" lon="6.914860000000001">
    <ele>1540.48</ele>
   </trkpt>
   <trkpt lat="45.93966" lon="6.914930000000001">
    <ele>1541.2500000000002</ele>
   </trkpt>
   <trkpt lat="45.93958000000001" lon="6.9149400000000005">
    <ele>1542.0600000000002</ele>
   </trkpt>
   <trkpt lat="45.939280000000004" lon="6.91481">
    <ele>1547.6000000000001</ele>
   </trkpt>
   <trkpt lat="45.93903" lon="6.914740000000001">
    <ele>1554.3200000000002</ele>
   </trkpt>
   <trkpt lat="45.93891000000001" lon="6.914650000000001">
    <ele>1556.0900000000001</ele>
   </trkpt>
   <trkpt lat="45.93869" lon="6.914670000000001">
    <ele>1560.69</ele>
   </trkpt>
   <trkpt lat="45.938590000000005" lon="6.914700000000001">
    <ele>1561.8700000000001</ele>
   </trkpt>
   <trkpt lat="45.93849" lon="6.91469">
    <ele>1564.3300000000002</ele>
   </trkpt>
   <trkpt lat="45.93844000000001" lon="6.914650000000001">
    <ele>1564.3300000000002</ele>
   </trkpt>
   <trkpt lat="45.938410000000005" lon="6.914650000000001">
    <ele>1571.97</ele>
   </trkpt>
   <trkpt lat="45.93838" lon="6.914700000000001">
    <ele>1571.97</ele>
   </trkpt>
   <trkpt lat="45.938430000000004" lon="6.915000000000001">
    <ele>1575.26</ele>
   </trkpt>
   <trkpt lat="45.93847" lon="6.915120000000001">
    <ele>1576.7300000000002</ele>
   </trkpt>
   <trkpt lat="45.938660000000006" lon="6.9152000000000005">
    <ele>1578.8600000000001</ele>
   </trkpt>
   <trkpt lat="45.938770000000005" lon="6.915330000000001">
    <ele>1581.4800000000002</ele>
   </trkpt>
   <trkpt lat="45.93894" lon="6.915430000000001">
    <ele>1584.2800000000002</ele>
   </trkpt>
   <trkpt lat="45.939310000000006" lon="6.915690000000001">
    <ele>1594.3</ele>
   </trkpt>
   <trkpt lat="45.939400000000006" lon="6.915870000000001">
    <ele>1596.92</ele>
   </trkpt>
   <trkpt lat="45.939440000000005" lon="6.916110000000001">
    <ele>1600.1000000000001</ele>
   </trkpt>
   <trkpt lat="45.93961" lon="6.916390000000001">
    <ele>1603.7500000000002</ele>
   </trkpt>
   <trkpt lat="45.939620000000005" lon="6.916500000000001">
    <ele>1607.1200000000001</ele>
   </trkpt>
   <trkpt lat="45.93965" lon="6.916510000000001">
    <ele>1607.1200000000001</ele>
   </trkpt>
   <trkpt lat="45.93974" lon="6.91652">
    <ele>1609.7400000000002</ele>
   </trkpt>
   <trkpt lat="45.93976000000001" lon="6.916550000000001">
    <ele>1609.7400000000002</ele>
   </trkpt>
   <trkpt lat="45.93974" lon="6.9166300000000005">
    <ele>1609.7400000000002</ele>
   </trkpt>
   <trkpt lat="45.939780000000006" lon="6.916910000000001">
    <ele>1614.69</ele>
   </trkpt>
   <trkpt lat="45.939710000000005" lon="6.9170300000000005">
    <ele>1618.67</ele>
   </trkpt>
   <trkpt lat="45.93981" lon="6.9172">
    <ele>1621.16</ele>
   </trkpt>
   <trkpt lat="45.93988" lon="6.91736">
    <ele>1622.39</ele>
   </trkpt>
   <trkpt lat="45.939870000000006" lon="6.917470000000001">
    <ele>1622.48</ele>
   </trkpt>
   <trkpt lat="45.939840000000004" lon="6.917420000000001">
    <ele>1624.17</ele>
   </trkpt>
   <trkpt lat="45.939550000000004" lon="6.9173800000000005">
    <ele>1628.89</ele>
   </trkpt>
   <trkpt lat="45.939420000000005" lon="6.9173800000000005">
    <ele>1629.45</ele>
   </trkpt>
   <trkpt lat="45.939350000000005" lon="6.917400000000001">
    <ele>1630.75</ele>
   </trkpt>
   <trkpt lat="45.93927" lon="6.917370000000001">
    <ele>1631.25</ele>
   </trkpt>
   <trkpt lat="45.93919" lon="6.91743">
    <ele>1632.68</ele>
   </trkpt>
   <trkpt lat="45.93905" lon="6.91732">
    <ele>1635.65</ele>
   </trkpt>
   <trkpt lat="45.938970000000005" lon="6.9173100000000005">
    <ele>1639.0300000000002</ele>
   </trkpt>
   <trkpt lat="45.938880000000005" lon="6.91741">
    <ele>1640.8700000000001</ele>
   </trkpt>
   <trkpt lat="45.93883" lon="6.9173800000000005">
    <ele>1641.58</ele>
   </trkpt>
   <trkpt lat="45.938790000000004" lon="6.91732">
    <ele>1642.24</ele>
   </trkpt>
   <trkpt lat="45.938700000000004" lon="6.917350000000001">
    <ele>1643.9800000000002</ele>
   </trkpt>
   <trkpt lat="45.93858" lon="6.917280000000001">
    <ele>1648.44</ele>
   </trkpt>
   <trkpt lat="45.93854" lon="6.9173100000000005">
    <ele>1648.44</ele>
   </trkpt>
   <trkpt lat="45.938390000000005" lon="6.917260000000001">
    <ele>1657.49</ele>
   </trkpt>
   <trkpt lat="45.93824" lon="6.91727">
    <ele>1662.44</ele>
   </trkpt>
   <trkpt lat="45.938190000000006" lon="6.917250000000001">
    <ele>1663.8799999999999</ele>
   </trkpt>
   <trkpt lat="45.93807" lon="6.917300000000001">
    <ele>1667.97</ele>
   </trkpt>
   <trkpt lat="45.938" lon="6.917280000000001">
    <ele>1667.97</ele>
   </trkpt>
   <trkpt lat="45.937990000000006" lon="6.917210000000001">
    <ele>1667.97</ele>
   </trkpt>
   <trkpt lat="45.937960000000004" lon="6.917180000000001">
    <ele>1676.6000000000001</ele>
   </trkpt>
   <trkpt lat="45.93791" lon="6.917180000000001">
    <ele>1676.6000000000001</ele>
   </trkpt>
   <trkpt lat="45.937850000000005" lon="6.9171000000000005">
    <ele>1678.1100000000001</ele>
   </trkpt>
   <trkpt lat="45.93782" lon="6.917090000000001">
    <ele>1678.1100000000001</ele>
   </trkpt>
   <trkpt lat="45.93777" lon="6.91713">
    <ele>1679.75</ele>
   </trkpt>
   <trkpt lat="45.937720000000006" lon="6.9171000000000005">
    <ele>1683.46</ele>
   </trkpt>
   <trkpt lat="45.93768" lon="6.9171700000000005">
    <ele>1685.48</ele>
   </trkpt>
   <trkpt lat="45.93766" lon="6.9171700000000005">
    <ele>1685.48</ele>
   </trkpt>
   <trkpt lat="45.93764" lon="6.917140000000001">
    <ele>1689.7300000000002</ele>
   </trkpt>
   <trkpt lat="45.937560000000005" lon="6.917140000000001">
    <ele>1689.7300000000002</ele>
   </trkpt>
   <trkpt lat="45.937520000000006" lon="6.917090000000001">
    <ele>1696.2700000000002</ele>
   </trkpt>
   <trkpt lat="45.937450000000005" lon="6.91713">
    <ele>1698.2700000000002</ele>
   </trkpt>
   <trkpt lat="45.93732000000001" lon="6.9171000000000005">
    <ele>1701.75</ele>
   </trkpt>
   <trkpt lat="45.9373" lon="6.91706">
    <ele>1706.18</ele>
   </trkpt>
   <trkpt lat="45.93724" lon="6.91701">
    <ele>1706.18</ele>
   </trkpt>
   <trkpt lat="45.937160000000006" lon="6.917040000000001">
    <ele>1709.3</ele>
   </trkpt>
   <trkpt lat="45.93697" lon="6.917230000000001">
    <ele>1716.79</ele>
   </trkpt>
   <trkpt lat="45.936840000000004" lon="6.917300000000001">
    <ele>1720.32</ele>
   </trkpt>
   <trkpt lat="45.936580000000006" lon="6.91739">
    <ele>1726.7400000000002</ele>
   </trkpt>
   <trkpt lat="45.9365" lon="6.917540000000001">
    <ele>1729.9</ele>
   </trkpt>
   <trkpt lat="45.93629000000001" lon="6.91769">
    <ele>1736.32</ele>
   </trkpt>
   <trkpt lat="45.936130000000006" lon="6.917860000000001">
    <ele>1742.8500000000001</ele>
   </trkpt>
   <trkpt lat="45.936020000000006" lon="6.917940000000001">
    <ele>1746.0900000000001</ele>
   </trkpt>
   <trkpt lat="45.93585" lon="6.91797">
    <ele>1753.24</ele>
   </trkpt>
   <trkpt lat="45.93574" lon="6.918050000000001">
    <ele>1757.9300000000003</ele>
   </trkpt>
   <trkpt lat="45.935680000000005" lon="6.918030000000001">
    <ele>1761.2800000000002</ele>
   </trkpt>
   <trkpt lat="45.935430000000004" lon="6.918170000000001">
    <ele>1775.03</ele>
   </trkpt>
   <trkpt lat="45.935300000000005" lon="6.91816">
    <ele>1778.82</ele>
   </trkpt>
   <trkpt lat="45.93493" lon="6.91835">
    <ele>1795.43</ele>
   </trkpt>
   <trkpt lat="45.934850000000004" lon="6.918310000000001">
    <ele>1798.99</ele>
   </trkpt>
   <trkpt lat="45.93433" lon="6.91844">
    <ele>1812.5900000000001</ele>
   </trkpt>
   <trkpt lat="45.934270000000005" lon="6.91842">
    <ele>1818.0800000000002</ele>
   </trkpt>
   <trkpt lat="45.93422" lon="6.9184600000000005">
    <ele>1818.0800000000002</ele>
   </trkpt>
   <trkpt lat="45.933890000000005" lon="6.918520000000001">
    <ele>1827.29</ele>
   </trkpt>
   <trkpt lat="45.93374" lon="6.918520000000001">
    <ele>1831.3100000000002</ele>
   </trkpt>
   <trkpt lat="45.933440000000004" lon="6.918590000000001">
    <ele>1833.64</ele>
   </trkpt>
   <trkpt lat="45.933370000000004" lon="6.918640000000001">
    <ele>1834.3100000000002</ele>
   </trkpt>
   <trkpt lat="45.933110000000006" lon="6.918570000000001">
    <ele>1838.81</ele>
   </trkpt>
   <trkpt lat="45.93282000000001" lon="6.9186000000000005">
    <ele>1845.44</ele>
   </trkpt>
   <trkpt lat="45.93267" lon="6.918640000000001">
    <ele>1847.29</ele>
   </trkpt>
   <trkpt lat="45.93253000000001" lon="6.9186000000000005">
    <ele>1849.4</ele>
   </trkpt>
   <trkpt lat="45.93247" lon="6.91856">
    <ele>1850.4</ele>
   </trkpt>
   <trkpt lat="45.932410000000004" lon="6.918550000000001">
    <ele>1850.8200000000002</ele>
   </trkpt>
   <trkpt lat="45.932390000000005" lon="6.9186000000000005">
    <ele>1850.8200000000002</ele>
   </trkpt>
   <trkpt lat="45.93226000000001" lon="6.91858">
    <ele>1854.2200000000003</ele>
   </trkpt>
   <trkpt lat="45.932230000000004" lon="6.91863">
    <ele>1854.2200000000003</ele>
   </trkpt>
   <trkpt lat="45.93184" lon="6.9186000000000005">
    <ele>1858.63</ele>
   </trkpt>
   <trkpt lat="45.93177" lon="6.91861">
    <ele>1858.92</ele>
   </trkpt>
   <trkpt lat="45.931720000000006" lon="6.91856">
    <ele>1859.1100000000001</ele>
   </trkpt>
   <trkpt lat="45.93164" lon="6.918590000000001">
    <ele>1859.38</ele>
   </trkpt>
   <trkpt lat="45.931560000000005" lon="6.918520000000001">
    <ele>1860.13</ele>
   </trkpt>
   <trkpt lat="45.93148" lon="6.918500000000001">
    <ele>1861.0000000000002</ele>
   </trkpt>
   <trkpt lat="45.931340000000006" lon="6.918550000000001">
    <ele>1861.7700000000002</ele>
   </trkpt>
   <trkpt lat="45.931230000000006" lon="6.918470000000001">
    <ele>1861.29</ele>
   </trkpt>
   <trkpt lat="45.93113" lon="6.91849">
    <ele>1859.6800000000003</ele>
   </trkpt>
   <trkpt lat="45.9309" lon="6.91842">
    <ele>1858.21</ele>
   </trkpt>
   <trkpt lat="45.93088" lon="6.918450000000001">
    <ele>1857.97</ele>
   </trkpt>
   <trkpt lat="45.930800000000005" lon="6.918470000000001">
    <ele>1857.8400000000001</ele>
   </trkpt>
   <trkpt lat="45.93076000000001" lon="6.918500000000001">
    <ele>1857.8200000000002</ele>
   </trkpt>
   <trkpt lat="45.930710000000005" lon="6.91849">
    <ele>1858.03</ele>
   </trkpt>
   <trkpt lat="45.930670000000006" lon="6.91851">
    <ele>1858.03</ele>
   </trkpt>
   <trkpt lat="45.93061" lon="6.918500000000001">
    <ele>1858.1900000000003</ele>
   </trkpt>
   <trkpt lat="45.93047000000001" lon="6.918520000000001">
    <ele>1859.08</ele>
   </trkpt>
   <trkpt lat="45.93034" lon="6.918500000000001">
    <ele>1859.73</ele>
   </trkpt>
   <trkpt lat="45.93021" lon="6.918520000000001">
    <ele>1861.15</ele>
   </trkpt>
   <trkpt lat="45.930060000000005" lon="6.91849">
    <ele>1861.8000000000002</ele>
   </trkpt>
   <trkpt lat="45.929640000000006" lon="6.918640000000001">
    <ele>1864.4300000000003</ele>
   </trkpt>
   <trkpt lat="45.92956" lon="6.918620000000001">
    <ele>1864.4300000000003</ele>
   </trkpt>
   <trkpt lat="45.9294" lon="6.9186700000000005">
    <ele>1868.5</ele>
   </trkpt>
   <trkpt lat="45.929370000000006" lon="6.91865">
    <ele>1868.5</ele>
   </trkpt>
   <trkpt lat="45.929370000000006" lon="6.918640000000001">
    <ele>1868.5</ele>
   </trkpt>
   <trkpt lat="45.92949" lon="6.91854">
    <ele>1871.0400000000002</ele>
   </trkpt>
   <trkpt lat="45.929610000000004" lon="6.9183200000000005">
    <ele>1873.38</ele>
   </trkpt>
   <trkpt lat="45.929680000000005" lon="6.918240000000001">
    <ele>1875.9800000000002</ele>
   </trkpt>
   <trkpt lat="45.92983" lon="6.91821">
    <ele>1879.1100000000001</ele>
   </trkpt>
   <trkpt lat="45.92998" lon="6.91809">
    <ele>1881.7700000000002</ele>
   </trkpt>
   <trkpt lat="45.93028" lon="6.9179200000000005">
    <ele>1889.18</ele>
   </trkpt>
   <trkpt lat="45.93048" lon="6.9178500000000005">
    <ele>1892.3400000000001</ele>
   </trkpt>
   <trkpt lat="45.930510000000005" lon="6.917860000000001">
    <ele>1892.3400000000001</ele>
   </trkpt>
   <trkpt lat="45.93061" lon="6.917730000000001">
    <ele>1895.2300000000002</ele>
   </trkpt>
   <trkpt lat="45.930960000000006" lon="6.917700000000001">
    <ele>1903.5600000000002</ele>
   </trkpt>
   <trkpt lat="45.930960000000006" lon="6.917730000000001">
    <ele>1903.5600000000002</ele>
   </trkpt>
   <trkpt lat="45.9311" lon="6.91774">
    <ele>1906.09</ele>
   </trkpt>
   <trkpt lat="45.93115" lon="6.9177100000000005">
    <ele>1906.8500000000001</ele>
   </trkpt>
   <trkpt lat="45.93146" lon="6.9176400000000005">
    <ele>1908.6000000000001</ele>
   </trkpt>
   <trkpt lat="45.93155" lon="6.917680000000001">
    <ele>1908.68</ele>
   </trkpt>
   <trkpt lat="45.93164" lon="6.917660000000001">
    <ele>1908.63</ele>
   </trkpt>
   <trkpt lat="45.931960000000004" lon="6.917580000000001">
    <ele>1908.88</ele>
   </trkpt>
   <trkpt lat="45.932" lon="6.91755">
    <ele>1908.88</ele>
   </trkpt>
   <trkpt lat="45.932100000000005" lon="6.91741">
    <ele>1908.6200000000001</ele>
   </trkpt>
   <trkpt lat="45.932230000000004" lon="6.91734">
    <ele>1907.5300000000002</ele>
   </trkpt>
   <trkpt lat="45.932480000000005" lon="6.91732">
    <ele>1906.8600000000001</ele>
   </trkpt>
   <trkpt lat="45.93254" lon="6.917250000000001">
    <ele>1906.7900000000002</ele>
   </trkpt>
   <trkpt lat="45.932610000000004" lon="6.917250000000001">
    <ele>1907.3700000000001</ele>
   </trkpt>
   <trkpt lat="45.933060000000005" lon="6.91734">
    <ele>1906.8500000000001</ele>
   </trkpt>
   <trkpt lat="45.933130000000006" lon="6.91734">
    <ele>1906.8500000000001</ele>
   </trkpt>
   <trkpt lat="45.93318000000001" lon="6.91732">
    <ele>1906.7300000000002</ele>
   </trkpt>
   <trkpt lat="45.93321" lon="6.91722">
    <ele>1906.43</ele>
   </trkpt>
   <trkpt lat="45.93320000000001" lon="6.917050000000001">
    <ele>1906.15</ele>
   </trkpt>
   <trkpt lat="45.933240000000005" lon="6.916860000000001">
    <ele>1904.42</ele>
   </trkpt>
   <trkpt lat="45.933220000000006" lon="6.916570000000001">
    <ele>1903.21</ele>
   </trkpt>
   <trkpt lat="45.93327" lon="6.91638">
    <ele>1902.38</ele>
   </trkpt>
   <trkpt lat="45.933220000000006" lon="6.915940000000001">
    <ele>1902.5400000000002</ele>
   </trkpt>
   <trkpt lat="45.93319" lon="6.915830000000001">
    <ele>1902.38</ele>
   </trkpt>
   <trkpt lat="45.93318000000001" lon="6.915830000000001">
    <ele>1902.38</ele>
   </trkpt>
   <trkpt lat="45.933110000000006" lon="6.915820000000001">
    <ele>1904.0500000000002</ele>
   </trkpt>
   <trkpt lat="45.93303" lon="6.91574">
    <ele>1904.97</ele>
   </trkpt>
   <trkpt lat="45.933020000000006" lon="6.91586">
    <ele>1909.89</ele>
   </trkpt>
   <trkpt lat="45.933040000000005" lon="6.915990000000001">
    <ele>1909.89</ele>
   </trkpt>
   <trkpt lat="45.93303" lon="6.91603">
    <ele>1909.89</ele>
   </trkpt>
   <trkpt lat="45.93300000000001" lon="6.91603">
    <ele>1911.41</ele>
   </trkpt>
   <trkpt lat="45.93303" lon="6.916110000000001">
    <ele>1910.7200000000003</ele>
   </trkpt>
   <trkpt lat="45.93303" lon="6.916200000000001">
    <ele>1910.4500000000003</ele>
   </trkpt>
   <trkpt lat="45.93309000000001" lon="6.916620000000001">
    <ele>1909.45</ele>
   </trkpt>
   <trkpt lat="45.933060000000005" lon="6.916640000000001">
    <ele>1909.45</ele>
   </trkpt>
   <trkpt lat="45.932990000000004" lon="6.916900000000001">
    <ele>1912.8300000000002</ele>
   </trkpt>
   <trkpt lat="45.93291000000001" lon="6.9167700000000005">
    <ele>1912.88</ele>
   </trkpt>
   <trkpt lat="45.932900000000004" lon="6.91659">
    <ele>1916.6000000000001</ele>
   </trkpt>
   <trkpt lat="45.932860000000005" lon="6.916440000000001">
    <ele>1916.6000000000001</ele>
   </trkpt>
   <trkpt lat="45.93282000000001" lon="6.916370000000001">
    <ele>1919.73</ele>
   </trkpt>
   <trkpt lat="45.93271000000001" lon="6.916060000000001">
    <ele>1923.07</ele>
   </trkpt>
   <trkpt lat="45.93263" lon="6.91593">
    <ele>1924.64</ele>
   </trkpt>
   <trkpt lat="45.93256" lon="6.915890000000001">
    <ele>1927.3700000000001</ele>
   </trkpt>
   <trkpt lat="45.932520000000004" lon="6.91584">
    <ele>1927.3700000000001</ele>
   </trkpt>
   <trkpt lat="45.93236" lon="6.916570000000001">
    <ele>1936.44</ele>
   </trkpt>
   <trkpt lat="45.93226000000001" lon="6.91671">
    <ele>1939.66</ele>
   </trkpt>
   <trkpt lat="45.9322" lon="6.916690000000001">
    <ele>1940.6900000000003</ele>
   </trkpt>
   <trkpt lat="45.932120000000005" lon="6.916720000000001">
    <ele>1942.56</ele>
   </trkpt>
   <trkpt lat="45.93189" lon="6.916690000000001">
    <ele>1945.5800000000002</ele>
   </trkpt>
   <trkpt lat="45.93155" lon="6.916600000000001">
    <ele>1951.96</ele>
   </trkpt>
   <trkpt lat="45.93108" lon="6.9167000000000005">
    <ele>1961.1100000000001</ele>
   </trkpt>
   <trkpt lat="45.93101" lon="6.916670000000001">
    <ele>1961.1100000000001</ele>
   </trkpt>
   <trkpt lat="45.93075" lon="6.916500000000001">
    <ele>1971.7900000000002</ele>
   </trkpt>
   <trkpt lat="45.930440000000004" lon="6.91635">
    <ele>1976.76</ele>
   </trkpt>
   <trkpt lat="45.93016" lon="6.916500000000001">
    <ele>1981.8500000000001</ele>
   </trkpt>
   <trkpt lat="45.92998" lon="6.916690000000001">
    <ele>1986.8600000000001</ele>
   </trkpt>
   <trkpt lat="45.929660000000005" lon="6.916740000000001">
    <ele>1991.6000000000001</ele>
   </trkpt>
   <trkpt lat="45.929230000000004" lon="6.91675">
    <ele>1998.8700000000001</ele>
   </trkpt>
   <trkpt lat="45.929140000000004" lon="6.91671">
    <ele>2000.5900000000004</ele>
   </trkpt>
   <trkpt lat="45.92891" lon="6.916690000000001">
    <ele>2005.8899999999999</ele>
   </trkpt>
   <trkpt lat="45.92837" lon="6.916460000000001">
    <ele>2017.7900000000002</ele>
   </trkpt>
   <trkpt lat="45.92913" lon="6.916180000000001">
    <ele>2032.1700000000003</ele>
   </trkpt>
   <trkpt lat="45.92936" lon="6.91605">
    <ele>2041.3300000000004</ele>
   </trkpt>
   <trkpt lat="45.929570000000005" lon="6.91584">
    <ele>2047.04</ele>
   </trkpt>
   <trkpt lat="45.92954" lon="6.91574">
    <ele>2050.46</ele>
   </trkpt>
   <trkpt lat="45.92936" lon="6.915760000000001">
    <ele>2052.86</ele>
   </trkpt>
   <trkpt lat="45.929410000000004" lon="6.915680000000001">
    <ele>2056.6</ele>
   </trkpt>
   <trkpt lat="45.9288550001021" lon="6.915559998807795">
    <ele>2068.73</ele>
   </trkpt>
   <trkpt lat="45.92830000000001" lon="6.91544">
    <ele>2084.1000000000004</ele>
   </trkpt>
   <trkpt lat="45.92841000000001" lon="6.91532">
    <ele>2087.0200000000004</ele>
   </trkpt>
   <trkpt lat="45.92803000000001" lon="6.91518">
    <ele>2094.51</ele>
   </trkpt>
   <trkpt lat="45.92835" lon="6.91502">
    <ele>2100.5200000000004</ele>
   </trkpt>
   <trkpt lat="45.9286" lon="6.91481">
    <ele>2105.84</ele>
   </trkpt>
   <trkpt lat="45.928900000000006" lon="6.91481">
    <ele>2112.6200000000003</ele>
   </trkpt>
   <trkpt lat="45.92902" lon="6.914560000000001">
    <ele>2119.66</ele>
   </trkpt>
   <trkpt lat="45.92909" lon="6.91429">
    <ele>2123.72</ele>
   </trkpt>
   <trkpt lat="45.929260000000006" lon="6.91384">
    <ele>2133.36</ele>
   </trkpt>
   <trkpt lat="45.929230000000004" lon="6.9137">
    <ele>2134.9500000000003</ele>
   </trkpt>
   <trkpt lat="45.92924000000001" lon="6.913410000000001">
    <ele>2137.8500000000004</ele>
   </trkpt>
   <trkpt lat="45.92913" lon="6.91356">
    <ele>2140.9</ele>
   </trkpt>
   <trkpt lat="45.92913" lon="6.913390000000001">
    <ele>2148.1400000000003</ele>
   </trkpt>
   <trkpt lat="45.92916" lon="6.913220000000001">
    <ele>2148.1400000000003</ele>
   </trkpt>
   <trkpt lat="45.929080000000006" lon="6.913270000000001">
    <ele>2150.61</ele>
   </trkpt>
   <trkpt lat="45.92909" lon="6.913060000000001">
    <ele>2154.9500000000003</ele>
   </trkpt>
   <trkpt lat="45.92902" lon="6.91288">
    <ele>2143.8300000000004</ele>
   </trkpt>
   <trkpt lat="45.92891" lon="6.912820000000001">
    <ele>2151.16</ele>
   </trkpt>
   <trkpt lat="45.9288" lon="6.91272">
    <ele>2157.62</ele>
   </trkpt>
   <trkpt lat="45.92878" lon="6.912890000000001">
    <ele>2157.03</ele>
   </trkpt>
   <trkpt lat="45.9286" lon="6.913">
    <ele>2164.39</ele>
   </trkpt>
   <trkpt lat="45.92857" lon="6.91298">
    <ele>2191.84</ele>
   </trkpt>
   <trkpt lat="45.928470000000004" lon="6.91265">
    <ele>2198.05</ele>
   </trkpt>
   <trkpt lat="45.928470000000004" lon="6.91246">
    <ele>2200.3500000000004</ele>
   </trkpt>
   <trkpt lat="45.928380000000004" lon="6.91232">
    <ele>2199.29</ele>
   </trkpt>
   <trkpt lat="45.92832000000001" lon="6.9121500000000005">
    <ele>2196.9700000000003</ele>
   </trkpt>
   <trkpt lat="45.92842" lon="6.91183">
    <ele>2193.9100000000003</ele>
   </trkpt>
   <trkpt lat="45.928490000000004" lon="6.911410000000001">
    <ele>2192.4100000000003</ele>
   </trkpt>
   <trkpt lat="45.928490000000004" lon="6.91129">
    <ele>2192.6800000000003</ele>
   </trkpt>
   <trkpt lat="45.92853" lon="6.911020000000001">
    <ele>2192.87</ele>
   </trkpt>
   <trkpt lat="45.92846" lon="6.910590000000001">
    <ele>2190.0099999999998</ele>
   </trkpt>
   <trkpt lat="45.92824" lon="6.910030000000001">
    <ele>2183.73</ele>
   </trkpt>
   <trkpt lat="45.92804" lon="6.909720000000001">
    <ele>2179.11</ele>
   </trkpt>
   <trkpt lat="45.928000000000004" lon="6.909580000000001">
    <ele>2177.82</ele>
   </trkpt>
   <trkpt lat="45.927670000000006" lon="6.909230000000001">
    <ele>2170.96</ele>
   </trkpt>
   <trkpt lat="45.927530000000004" lon="6.90915">
    <ele>2167.32</ele>
   </trkpt>
   <trkpt lat="45.92743" lon="6.90889">
    <ele>2163.9500000000003</ele>
   </trkpt>
   <trkpt lat="45.927440000000004" lon="6.908790000000001">
    <ele>2161.77</ele>
   </trkpt>
   <trkpt lat="45.92741" lon="6.908650000000001">
    <ele>2160.99</ele>
   </trkpt>
   <trkpt lat="45.927200000000006" lon="6.90859">
    <ele>2156.33</ele>
   </trkpt>
   <trkpt lat="45.92700000000001" lon="6.90831">
    <ele>2151.0200000000004</ele>
   </trkpt>
   <trkpt lat="45.926880000000004" lon="6.908180000000001">
    <ele>2148.81</ele>
   </trkpt>
   <trkpt lat="45.92629" lon="6.90737">
    <ele>2142.4500000000003</ele>
   </trkpt>
   <trkpt lat="45.926" lon="6.907190000000001">
    <ele>2144.6</ele>
   </trkpt>
   <trkpt lat="45.92595" lon="6.907030000000001">
    <ele>2145.0</ele>
   </trkpt>
   <trkpt lat="45.925830000000005" lon="6.906890000000001">
    <ele>2144.8300000000004</ele>
   </trkpt>
   <trkpt lat="45.92557" lon="6.906720000000001">
    <ele>2145.3100000000004</ele>
   </trkpt>
   <trkpt lat="45.92546" lon="6.906720000000001">
    <ele>2145.6600000000003</ele>
   </trkpt>
   <trkpt lat="45.92515" lon="6.906600000000001">
    <ele>2145.03</ele>
   </trkpt>
   <trkpt lat="45.92486" lon="6.90636">
    <ele>2143.36</ele>
   </trkpt>
   <trkpt lat="45.92457" lon="6.90603">
    <ele>2145.27</ele>
   </trkpt>
   <trkpt lat="45.924130000000005" lon="6.9058">
    <ele>2146.44</ele>
   </trkpt>
   <trkpt lat="45.92391000000001" lon="6.9058600000000006">
    <ele>2144.55</ele>
   </trkpt>
   <trkpt lat="45.92372" lon="6.906130000000001">
    <ele>2141.71</ele>
   </trkpt>
   <trkpt lat="45.923610000000004" lon="6.90622">
    <ele>2135.72</ele>
   </trkpt>
   <trkpt lat="45.92347" lon="6.90629">
    <ele>2135.72</ele>
   </trkpt>
   <trkpt lat="45.923320000000004" lon="6.9061900000000005">
    <ele>2133.02</ele>
   </trkpt>
   <trkpt lat="45.923320000000004" lon="6.90617">
    <ele>2130.15</ele>
   </trkpt>
   <trkpt lat="45.92349" lon="6.906160000000001">
    <ele>2127.04</ele>
   </trkpt>
   <trkpt lat="45.92349" lon="6.906140000000001">
    <ele>2127.04</ele>
   </trkpt>
   <trkpt lat="45.92334" lon="6.906040000000001">
    <ele>2123.72</ele>
   </trkpt>
   <trkpt lat="45.92349" lon="6.90601">
    <ele>2119.4100000000003</ele>
   </trkpt>
   <trkpt lat="45.92351" lon="6.905920000000001">
    <ele>2118.2000000000003</ele>
   </trkpt>
   <trkpt lat="45.92343" lon="6.905950000000001">
    <ele>2112.96</ele>
   </trkpt>
   <trkpt lat="45.92338" lon="6.905900000000001">
    <ele>2112.96</ele>
   </trkpt>
   <trkpt lat="45.923460000000006" lon="6.90587">
    <ele>2110.4500000000003</ele>
   </trkpt>
   <trkpt lat="45.92347" lon="6.905830000000001">
    <ele>2110.4500000000003</ele>
   </trkpt>
   <trkpt lat="45.923460000000006" lon="6.90582">
    <ele>2105.01</ele>
   </trkpt>
   <trkpt lat="45.923550000000006" lon="6.905710000000001">
    <ele>2096.51</ele>
   </trkpt>
   <trkpt lat="45.92347" lon="6.905640000000001">
    <ele>2096.51</ele>
   </trkpt>
   <trkpt lat="45.92333000000001" lon="6.905690000000001">
    <ele>2095.9500000000003</ele>
   </trkpt>
   <trkpt lat="45.92333000000001" lon="6.905550000000001">
    <ele>2087.58</ele>
   </trkpt>
   <trkpt lat="45.92324000000001" lon="6.905530000000001">
    <ele>2086.04</ele>
   </trkpt>
   <trkpt lat="45.923320000000004" lon="6.9054">
    <ele>2082.32</ele>
   </trkpt>
   <trkpt lat="45.923280000000005" lon="6.9052500000000006">
    <ele>2076.5</ele>
   </trkpt>
   <trkpt lat="45.923190000000005" lon="6.905290000000001">
    <ele>2074.76</ele>
   </trkpt>
   <trkpt lat="45.92316" lon="6.90533">
    <ele>2074.86</ele>
   </trkpt>
   <trkpt lat="45.92313" lon="6.90535">
    <ele>2074.32</ele>
   </trkpt>
   <trkpt lat="45.923080000000006" lon="6.905320000000001">
    <ele>2073.7200000000003</ele>
   </trkpt>
   <trkpt lat="45.922630000000005" lon="6.9054400000000005">
    <ele>2071.5600000000004</ele>
   </trkpt>
   <trkpt lat="45.922560000000004" lon="6.905410000000001">
    <ele>2072.67</ele>
   </trkpt>
   <trkpt lat="45.92246" lon="6.9054400000000005">
    <ele>2073.1800000000003</ele>
   </trkpt>
   <trkpt lat="45.922270000000005" lon="6.905430000000001">
    <ele>2075.59</ele>
   </trkpt>
   <trkpt lat="45.922140000000006" lon="6.90554">
    <ele>2077.3900000000003</ele>
   </trkpt>
   <trkpt lat="45.92204" lon="6.905550000000001">
    <ele>2078.4100000000003</ele>
   </trkpt>
   <trkpt lat="45.92163" lon="6.905450000000001">
    <ele>2087.11</ele>
   </trkpt>
   <trkpt lat="45.921420000000005" lon="6.905480000000001">
    <ele>2089.7000000000003</ele>
   </trkpt>
   <trkpt lat="45.92119" lon="6.90547">
    <ele>2091.11</ele>
   </trkpt>
   <trkpt lat="45.921040000000005" lon="6.905310000000001">
    <ele>2094.28</ele>
   </trkpt>
   <trkpt lat="45.920950000000005" lon="6.90526">
    <ele>2094.83</ele>
   </trkpt>
   <trkpt lat="45.920770000000005" lon="6.905240000000001">
    <ele>2095.87</ele>
   </trkpt>
   <trkpt lat="45.920640000000006" lon="6.9051800000000005">
    <ele>2095.8300000000004</ele>
   </trkpt>
   <trkpt lat="45.920230000000004" lon="6.90526">
    <ele>2094.4100000000003</ele>
   </trkpt>
   <trkpt lat="45.920100000000005" lon="6.90535">
    <ele>2094.25</ele>
   </trkpt>
   <trkpt lat="45.91977000000001" lon="6.90516">
    <ele>2094.6800000000003</ele>
   </trkpt>
   <trkpt lat="45.919650000000004" lon="6.90516">
    <ele>2095.04</ele>
   </trkpt>
   <trkpt lat="45.91951" lon="6.90509">
    <ele>2095.52</ele>
   </trkpt>
   <trkpt lat="45.919410000000006" lon="6.905010000000001">
    <ele>2096.0</ele>
   </trkpt>
   <trkpt lat="45.919250000000005" lon="6.90481">
    <ele>2097.11</ele>
   </trkpt>
   <trkpt lat="45.91922" lon="6.90469">
    <ele>2097.11</ele>
   </trkpt>
   <trkpt lat="45.91915" lon="6.904520000000001">
    <ele>2097.17</ele>
   </trkpt>
   <trkpt lat="45.918960000000006" lon="6.9042200000000005">
    <ele>2097.3700000000003</ele>
   </trkpt>
   <trkpt lat="45.91884" lon="6.904090000000001">
    <ele>2097.6000000000004</ele>
   </trkpt>
   <trkpt lat="45.91857" lon="6.903950000000001">
    <ele>2099.64</ele>
   </trkpt>
   <trkpt lat="45.91845000000001" lon="6.903770000000001">
    <ele>2100.08</ele>
   </trkpt>
   <trkpt lat="45.918380000000006" lon="6.903620000000001">
    <ele>2100.1600000000003</ele>
   </trkpt>
   <trkpt lat="45.918350000000004" lon="6.903480000000001">
    <ele>2100.54</ele>
   </trkpt>
   <trkpt lat="45.918260000000004" lon="6.903250000000001">
    <ele>2102.01</ele>
   </trkpt>
   <trkpt lat="45.918220000000005" lon="6.90319">
    <ele>2102.38</ele>
   </trkpt>
   <trkpt lat="45.918200000000006" lon="6.903080000000001">
    <ele>2102.71</ele>
   </trkpt>
   <trkpt lat="45.918240000000004" lon="6.90298">
    <ele>2102.61</ele>
   </trkpt>
   <trkpt lat="45.918220000000005" lon="6.90289">
    <ele>2101.9400000000005</ele>
   </trkpt>
   <trkpt lat="45.917950000000005" lon="6.902660000000001">
    <ele>2100.44</ele>
   </trkpt>
   <trkpt lat="45.91785" lon="6.902660000000001">
    <ele>2099.99</ele>
   </trkpt>
   <trkpt lat="45.91751000000001" lon="6.90282">
    <ele>2099.34</ele>
   </trkpt>
   <trkpt lat="45.917320000000004" lon="6.902870000000001">
    <ele>2101.32</ele>
   </trkpt>
   <trkpt lat="45.9172" lon="6.90284">
    <ele>2103.4700000000003</ele>
   </trkpt>
   <trkpt lat="45.91715000000001" lon="6.902710000000001">
    <ele>2105.54</ele>
   </trkpt>
   <trkpt lat="45.917120000000004" lon="6.9024600000000005">
    <ele>2108.44</ele>
   </trkpt>
   <trkpt lat="45.917120000000004" lon="6.9023200000000005">
    <ele>2110.09</ele>
   </trkpt>
   <trkpt lat="45.917060000000006" lon="6.90195">
    <ele>2110.3</ele>
   </trkpt>
   <trkpt lat="45.916880000000006" lon="6.90167">
    <ele>2110.3300000000004</ele>
   </trkpt>
   <trkpt lat="45.916830000000004" lon="6.901540000000001">
    <ele>2110.1200000000003</ele>
   </trkpt>
   <trkpt lat="45.91662" lon="6.90134">
    <ele>2110.64</ele>
   </trkpt>
   <trkpt lat="45.916540000000005" lon="6.901330000000001">
    <ele>2110.8100000000004</ele>
   </trkpt>
   <trkpt lat="45.916450000000005" lon="6.901230000000001">
    <ele>2110.44</ele>
   </trkpt>
   <trkpt lat="45.916380000000004" lon="6.901110000000001">
    <ele>2109.55</ele>
   </trkpt>
   <trkpt lat="45.9162" lon="6.900970000000001">
    <ele>2106.3500000000004</ele>
   </trkpt>
   <trkpt lat="45.916000000000004" lon="6.900640000000001">
    <ele>2105.1900000000005</ele>
   </trkpt>
   <trkpt lat="45.91592000000001" lon="6.9006300000000005">
    <ele>2104.75</ele>
   </trkpt>
   <trkpt lat="45.915850000000006" lon="6.90042">
    <ele>2103.5099999999998</ele>
   </trkpt>
   <trkpt lat="45.91575" lon="6.90038">
    <ele>2103.38</ele>
   </trkpt>
   <trkpt lat="45.91559" lon="6.900110000000001">
    <ele>2104.02</ele>
   </trkpt>
   <trkpt lat="45.91527000000001" lon="6.8997">
    <ele>2102.2000000000003</ele>
   </trkpt>
   <trkpt lat="45.91519" lon="6.89953">
    <ele>2104.51</ele>
   </trkpt>
   <trkpt lat="45.91519" lon="6.899430000000001">
    <ele>2105.15</ele>
   </trkpt>
   <trkpt lat="45.914820000000006" lon="6.89904">
    <ele>2111.59</ele>
   </trkpt>
   <trkpt lat="45.91460000000001" lon="6.89876">
    <ele>2114.96</ele>
   </trkpt>
   <trkpt lat="45.914440000000006" lon="6.898530000000001">
    <ele>2116.34</ele>
   </trkpt>
   <trkpt lat="45.91436" lon="6.898350000000001">
    <ele>2118.17</ele>
   </trkpt>
   <trkpt lat="45.91413000000001" lon="6.8980500000000005">
    <ele>2121.42</ele>
   </trkpt>
   <trkpt lat="45.913740000000004" lon="6.89803">
    <ele>2127.18</ele>
   </trkpt>
   <trkpt lat="45.913410000000006" lon="6.8977200000000005">
    <ele>2131.52</ele>
   </trkpt>
   <trkpt lat="45.91329" lon="6.89775">
    <ele>2132.34</ele>
   </trkpt>
   <trkpt lat="45.913120000000006" lon="6.897620000000001">
    <ele>2137.3900000000003</ele>
   </trkpt>
   <trkpt lat="45.913030000000006" lon="6.897670000000001">
    <ele>2138.89</ele>
   </trkpt>
   <trkpt lat="45.913000000000004" lon="6.89766">
    <ele>2138.89</ele>
   </trkpt>
   <trkpt lat="45.91295" lon="6.897500000000001">
    <ele>2140.26</ele>
   </trkpt>
   <trkpt lat="45.91282" lon="6.8973700000000004">
    <ele>2143.54</ele>
   </trkpt>
   <trkpt lat="45.91252" lon="6.8972500000000005">
    <ele>2147.2200000000003</ele>
   </trkpt>
   <trkpt lat="45.91234" lon="6.897150000000001">
    <ele>2150.57</ele>
   </trkpt>
   <trkpt lat="45.911640000000006" lon="6.896540000000001">
    <ele>2144.6500000000005</ele>
   </trkpt>
   <trkpt lat="45.91142000000001" lon="6.896490000000001">
    <ele>2141.1900000000005</ele>
   </trkpt>
   <trkpt lat="45.91132" lon="6.8964300000000005">
    <ele>2136.55</ele>
   </trkpt>
   <trkpt lat="45.91129" lon="6.8963600000000005">
    <ele>2136.55</ele>
   </trkpt>
   <trkpt lat="45.910630000000005" lon="6.8962900000000005">
    <ele>2129.7200000000003</ele>
   </trkpt>
   <trkpt lat="45.910320000000006" lon="6.896020000000001">
    <ele>2132.07</ele>
   </trkpt>
   <trkpt lat="45.91030000000001" lon="6.8959600000000005">
    <ele>2132.82</ele>
   </trkpt>
   <trkpt lat="45.91030000000001" lon="6.8958900000000005">
    <ele>2133.6600000000003</ele>
   </trkpt>
   <trkpt lat="45.91029" lon="6.895910000000001">
    <ele>2133.6600000000003</ele>
   </trkpt>
   <trkpt lat="45.910270000000004" lon="6.8959">
    <ele>2134.5400000000004</ele>
   </trkpt>
   <trkpt lat="45.910270000000004" lon="6.895840000000001">
    <ele>2134.5400000000004</ele>
   </trkpt>
   <trkpt lat="45.910250000000005" lon="6.8958200000000005">
    <ele>2134.5400000000004</ele>
   </trkpt>
   <trkpt lat="45.91022" lon="6.895840000000001">
    <ele>2137.28</ele>
   </trkpt>
   <trkpt lat="45.910180000000004" lon="6.895910000000001">
    <ele>2137.28</ele>
   </trkpt>
   <trkpt lat="45.91002" lon="6.895480000000001">
    <ele>2143.94</ele>
   </trkpt>
   <trkpt lat="45.90995" lon="6.895390000000001">
    <ele>2144.34</ele>
   </trkpt>
   <trkpt lat="45.90973" lon="6.89531">
    <ele>2143.77</ele>
   </trkpt>
   <trkpt lat="45.90955" lon="6.895150000000001">
    <ele>2145.5800000000004</ele>
   </trkpt>
   <trkpt lat="45.90934" lon="6.894780000000001">
    <ele>2149.94</ele>
   </trkpt>
   <trkpt lat="45.909060000000004" lon="6.89458">
    <ele>2152.0</ele>
   </trkpt>
   <trkpt lat="45.90881" lon="6.894290000000001">
    <ele>2154.79</ele>
   </trkpt>
   <trkpt lat="45.90876" lon="6.8940600000000005">
    <ele>2156.86</ele>
   </trkpt>
   <trkpt lat="45.908620000000006" lon="6.8935900000000006">
    <ele>2158.5</ele>
   </trkpt>
   <trkpt lat="45.90845" lon="6.8931700000000005">
    <ele>2162.09</ele>
   </trkpt>
   <trkpt lat="45.908240000000006" lon="6.89289">
    <ele>2164.57</ele>
   </trkpt>
   <trkpt lat="45.90813000000001" lon="6.89289">
    <ele>2165.29</ele>
   </trkpt>
   <trkpt lat="45.908030000000004" lon="6.892860000000001">
    <ele>2165.7000000000003</ele>
   </trkpt>
   <trkpt lat="45.90802" lon="6.892740000000001">
    <ele>2165.4</ele>
   </trkpt>
   <trkpt lat="45.90804000000001" lon="6.892580000000001">
    <ele>2164.2400000000002</ele>
   </trkpt>
   <trkpt lat="45.90802" lon="6.892410000000001">
    <ele>2161.9300000000003</ele>
   </trkpt>
   <trkpt lat="45.907990000000005" lon="6.89235">
    <ele>2161.21</ele>
   </trkpt>
   <trkpt lat="45.907970000000006" lon="6.892200000000001">
    <ele>2159.2900000000004</ele>
   </trkpt>
   <trkpt lat="45.907830000000004" lon="6.8918800000000005">
    <ele>2156.75</ele>
   </trkpt>
   <trkpt lat="45.90742" lon="6.891260000000001">
    <ele>2155.18</ele>
   </trkpt>
   <trkpt lat="45.90706" lon="6.89078">
    <ele>2155.52</ele>
   </trkpt>
   <trkpt lat="45.906850000000006" lon="6.890370000000001">
    <ele>2156.36</ele>
   </trkpt>
   <trkpt lat="45.90663000000001" lon="6.890110000000001">
    <ele>2154.5400000000004</ele>
   </trkpt>
   <trkpt lat="45.90646" lon="6.89008">
    <ele>2152.55</ele>
   </trkpt>
   <trkpt lat="45.90639" lon="6.89003">
    <ele>2152.55</ele>
   </trkpt>
   <trkpt lat="45.90637" lon="6.889850000000001">
    <ele>2150.64</ele>
   </trkpt>
   <trkpt lat="45.90616000000001" lon="6.8897">
    <ele>2149.57</ele>
   </trkpt>
   <trkpt lat="45.906180000000006" lon="6.889430000000001">
    <ele>2150.22</ele>
   </trkpt>
   <trkpt lat="45.90616000000001" lon="6.889270000000001">
    <ele>2150.77</ele>
   </trkpt>
   <trkpt lat="45.90621" lon="6.88902">
    <ele>2154.09</ele>
   </trkpt>
   <trkpt lat="45.906180000000006" lon="6.8889700000000005">
    <ele>2155.05</ele>
   </trkpt>
   <trkpt lat="45.906040000000004" lon="6.889">
    <ele>2157.13</ele>
   </trkpt>
   <trkpt lat="45.906020000000005" lon="6.888960000000001">
    <ele>2160.53</ele>
   </trkpt>
   <trkpt lat="45.906040000000004" lon="6.88879">
    <ele>2161.6</ele>
   </trkpt>
   <trkpt lat="45.90601" lon="6.8886400000000005">
    <ele>2164.5600000000004</ele>
   </trkpt>
   <trkpt lat="45.90594" lon="6.88865">
    <ele>2166.8100000000004</ele>
   </trkpt>
   <trkpt lat="45.90596" lon="6.888490000000001">
    <ele>2170.61</ele>
   </trkpt>
   <trkpt lat="45.9059" lon="6.88846">
    <ele>2171.84</ele>
   </trkpt>
   <trkpt lat="45.90589000000001" lon="6.88804">
    <ele>2176.1000000000004</ele>
   </trkpt>
   <trkpt lat="45.90587000000001" lon="6.88797">
    <ele>2176.4</ele>
   </trkpt>
   <trkpt lat="45.905730000000005" lon="6.88773">
    <ele>2175.92</ele>
   </trkpt>
   <trkpt lat="45.90561" lon="6.887410000000001">
    <ele>2177.11</ele>
   </trkpt>
   <trkpt lat="45.90522000000001" lon="6.886660000000001">
    <ele>2187.1</ele>
   </trkpt>
   <trkpt lat="45.90514" lon="6.88642">
    <ele>2188.46</ele>
   </trkpt>
   <trkpt lat="45.905080000000005" lon="6.88635">
    <ele>2188.69</ele>
   </trkpt>
   <trkpt lat="45.905060000000006" lon="6.88628">
    <ele>2188.7000000000003</ele>
   </trkpt>
   <trkpt lat="45.904970000000006" lon="6.885770000000001">
    <ele>2187.1200000000003</ele>
   </trkpt>
   <trkpt lat="45.904970000000006" lon="6.88555">
    <ele>2186.5400000000004</ele>
   </trkpt>
   <trkpt lat="45.90502" lon="6.88541">
    <ele>2186.9300000000003</ele>
   </trkpt>
   <trkpt lat="45.905060000000006" lon="6.88536">
    <ele>2187.2200000000003</ele>
   </trkpt>
   <trkpt lat="45.9055" lon="6.885070000000001">
    <ele>2190.6600000000003</ele>
   </trkpt>
   <trkpt lat="45.905530000000006" lon="6.885020000000001">
    <ele>2190.9900000000002</ele>
   </trkpt>
   <trkpt lat="45.905680000000004" lon="6.88492">
    <ele>2191.4900000000002</ele>
   </trkpt>
   <trkpt lat="45.90574" lon="6.88494">
    <ele>2191.64</ele>
   </trkpt>
   <trkpt lat="45.906020000000005" lon="6.88485">
    <ele>2191.7400000000002</ele>
   </trkpt>
   <trkpt lat="45.906150000000004" lon="6.884650000000001">
    <ele>2191.94</ele>
   </trkpt>
   <trkpt lat="45.906180000000006" lon="6.884410000000001">
    <ele>2191.16</ele>
   </trkpt>
   <trkpt lat="45.9061" lon="6.88386">
    <ele>2189.32</ele>
   </trkpt>
   <trkpt lat="45.906020000000005" lon="6.8835500000000005">
    <ele>2190.2700000000004</ele>
   </trkpt>
   <trkpt lat="45.906020000000005" lon="6.883430000000001">
    <ele>2191.13</ele>
   </trkpt>
   <trkpt lat="45.90596" lon="6.883210000000001">
    <ele>2191.6200000000003</ele>
   </trkpt>
   <trkpt lat="45.90588" lon="6.88302">
    <ele>2194.62</ele>
   </trkpt>
   <trkpt lat="45.90581" lon="6.88292">
    <ele>2195.4500000000003</ele>
   </trkpt>
   <trkpt lat="45.905770000000004" lon="6.882880000000001">
    <ele>2195.76</ele>
   </trkpt>
   <trkpt lat="45.905730000000005" lon="6.882880000000001">
    <ele>2195.76</ele>
   </trkpt>
   <trkpt lat="45.90565" lon="6.882960000000001">
    <ele>2196.48</ele>
   </trkpt>
   <trkpt lat="45.90552" lon="6.88285">
    <ele>2198.57</ele>
   </trkpt>
   <trkpt lat="45.9055" lon="6.882750000000001">
    <ele>2199.0600000000004</ele>
   </trkpt>
   <trkpt lat="45.90538" lon="6.88252">
    <ele>2196.65</ele>
   </trkpt>
   <trkpt lat="45.904900000000005" lon="6.88217">
    <ele>2185.13</ele>
   </trkpt>
   <trkpt lat="45.904740000000004" lon="6.88208">
    <ele>2183.8</ele>
   </trkpt>
   <trkpt lat="45.90464" lon="6.881990000000001">
    <ele>2182.5499999999997</ele>
   </trkpt>
   <trkpt lat="45.90457000000001" lon="6.88187">
    <ele>2180.9700000000003</ele>
   </trkpt>
   <trkpt lat="45.90446" lon="6.881810000000001">
    <ele>2180.1400000000003</ele>
   </trkpt>
   <trkpt lat="45.90438" lon="6.8817">
    <ele>2178.86</ele>
   </trkpt>
   <trkpt lat="45.90433" lon="6.881690000000001">
    <ele>2178.86</ele>
   </trkpt>
   <trkpt lat="45.90415" lon="6.88147">
    <ele>2176.92</ele>
   </trkpt>
   <trkpt lat="45.90397" lon="6.881170000000001">
    <ele>2173.5800000000004</ele>
   </trkpt>
   <trkpt lat="45.903740000000006" lon="6.880980000000001">
    <ele>2169.38</ele>
   </trkpt>
   <trkpt lat="45.903760000000005" lon="6.880960000000001">
    <ele>2169.38</ele>
   </trkpt>
   <trkpt lat="45.90395" lon="6.881010000000001">
    <ele>2165.4500000000003</ele>
   </trkpt>
   <trkpt lat="45.90395" lon="6.880980000000001">
    <ele>2165.4500000000003</ele>
   </trkpt>
   <trkpt lat="45.90386" lon="6.880850000000001">
    <ele>2163.55</ele>
   </trkpt>
   <trkpt lat="45.903830000000006" lon="6.8808300000000004">
    <ele>2159.32</ele>
   </trkpt>
   <trkpt lat="45.903870000000005" lon="6.88081">
    <ele>2159.32</ele>
   </trkpt>
   <trkpt lat="45.903940000000006" lon="6.8808300000000004">
    <ele>2158.34</ele>
   </trkpt>
   <trkpt lat="45.90410000000001" lon="6.880960000000001">
    <ele>2154.7400000000002</ele>
   </trkpt>
   <trkpt lat="45.90406" lon="6.880870000000001">
    <ele>2154.7400000000002</ele>
   </trkpt>
   <trkpt lat="45.904070000000004" lon="6.880850000000001">
    <ele>2154.7400000000002</ele>
   </trkpt>
   <trkpt lat="45.90417" lon="6.880940000000001">
    <ele>2149.94</ele>
   </trkpt>
   <trkpt lat="45.9042" lon="6.880990000000001">
    <ele>2149.94</ele>
   </trkpt>
   <trkpt lat="45.90426" lon="6.880990000000001">
    <ele>2148.1600000000003</ele>
   </trkpt>
   <trkpt lat="45.90426" lon="6.880940000000001">
    <ele>2148.1600000000003</ele>
   </trkpt>
   <trkpt lat="45.904090000000004" lon="6.880700000000001">
    <ele>2143.23</ele>
   </trkpt>
   <trkpt lat="45.904160000000005" lon="6.880590000000001">
    <ele>2140.6500000000005</ele>
   </trkpt>
   <trkpt lat="45.90422" lon="6.880590000000001">
    <ele>2140.6500000000005</ele>
   </trkpt>
   <trkpt lat="45.90433" lon="6.88062">
    <ele>2137.44</ele>
   </trkpt>
   <trkpt lat="45.904410000000006" lon="6.88069">
    <ele>2136.03</ele>
   </trkpt>
   <trkpt lat="45.904590000000006" lon="6.880750000000001">
    <ele>2133.59</ele>
   </trkpt>
   <trkpt lat="45.905120000000004" lon="6.88123">
    <ele>2134.94</ele>
   </trkpt>
   <trkpt lat="45.905350000000006" lon="6.88133">
    <ele>2132.9100000000003</ele>
   </trkpt>
   <trkpt lat="45.90538" lon="6.88133">
    <ele>2132.9100000000003</ele>
   </trkpt>
   <trkpt lat="45.905390000000004" lon="6.8813">
    <ele>2132.06</ele>
   </trkpt>
   <trkpt lat="45.905300000000004" lon="6.881200000000001">
    <ele>2129.88</ele>
   </trkpt>
   <trkpt lat="45.90531000000001" lon="6.881170000000001">
    <ele>2128.6</ele>
   </trkpt>
   <trkpt lat="45.905350000000006" lon="6.8811800000000005">
    <ele>2128.6</ele>
   </trkpt>
   <trkpt lat="45.90532" lon="6.881080000000001">
    <ele>2124.6400000000003</ele>
   </trkpt>
   <trkpt lat="45.90534" lon="6.88107">
    <ele>2124.6400000000003</ele>
   </trkpt>
   <trkpt lat="45.90543" lon="6.8811100000000005">
    <ele>2122.35</ele>
   </trkpt>
   <trkpt lat="45.90545" lon="6.881080000000001">
    <ele>2121.34</ele>
   </trkpt>
   <trkpt lat="45.905440000000006" lon="6.881050000000001">
    <ele>2121.34</ele>
   </trkpt>
   <trkpt lat="45.905370000000005" lon="6.880980000000001">
    <ele>2119.59</ele>
   </trkpt>
   <trkpt lat="45.90531000000001" lon="6.880960000000001">
    <ele>2117.35</ele>
   </trkpt>
   <trkpt lat="45.90518" lon="6.88081">
    <ele>2115.76</ele>
   </trkpt>
   <trkpt lat="45.90514" lon="6.88079">
    <ele>2114.04</ele>
   </trkpt>
   <trkpt lat="45.90514" lon="6.88076">
    <ele>2114.04</ele>
   </trkpt>
   <trkpt lat="45.905210000000004" lon="6.88074">
    <ele>2114.04</ele>
   </trkpt>
   <trkpt lat="45.90554" lon="6.88079">
    <ele>2106.42</ele>
   </trkpt>
   <trkpt lat="45.90565" lon="6.880910000000001">
    <ele>2102.6800000000003</ele>
   </trkpt>
   <trkpt lat="45.905590000000004" lon="6.8807100000000005">
    <ele>2100.33</ele>
   </trkpt>
   <trkpt lat="45.9055" lon="6.880610000000001">
    <ele>2098.3300000000004</ele>
   </trkpt>
   <trkpt lat="45.90549" lon="6.88048">
    <ele>2097.62</ele>
   </trkpt>
   <trkpt lat="45.905460000000005" lon="6.88041">
    <ele>2096.02</ele>
   </trkpt>
   <trkpt lat="45.90541" lon="6.88039">
    <ele>2096.02</ele>
   </trkpt>
   <trkpt lat="45.905010000000004" lon="6.87985">
    <ele>2083.76</ele>
   </trkpt>
   <trkpt lat="45.90491" lon="6.87978">
    <ele>2080.3700000000003</ele>
   </trkpt>
   <trkpt lat="45.90485" lon="6.87971">
    <ele>2078.44</ele>
   </trkpt>
   <trkpt lat="45.90485" lon="6.879670000000001">
    <ele>2078.44</ele>
   </trkpt>
   <trkpt lat="45.904900000000005" lon="6.87966">
    <ele>2076.6</ele>
   </trkpt>
   <trkpt lat="45.90491" lon="6.879630000000001">
    <ele>2076.6</ele>
   </trkpt>
   <trkpt lat="45.90471" lon="6.87943">
    <ele>2072.2</ele>
   </trkpt>
   <trkpt lat="45.904630000000004" lon="6.879410000000001">
    <ele>2069.7400000000002</ele>
   </trkpt>
   <trkpt lat="45.90462" lon="6.87938">
    <ele>2069.7400000000002</ele>
   </trkpt>
   <trkpt lat="45.904650000000004" lon="6.879340000000001">
    <ele>2069.7400000000002</ele>
   </trkpt>
   <trkpt lat="45.90471" lon="6.87933">
    <ele>2068.1800000000003</ele>
   </trkpt>
   <trkpt lat="45.90489" lon="6.879370000000001">
    <ele>2064.63</ele>
   </trkpt>
   <trkpt lat="45.90513000000001" lon="6.8795">
    <ele>2060.62</ele>
   </trkpt>
   <trkpt lat="45.905170000000005" lon="6.87954">
    <ele>2060.62</ele>
   </trkpt>
   <trkpt lat="45.90513000000001" lon="6.87943">
    <ele>2060.62</ele>
   </trkpt>
   <trkpt lat="45.90494" lon="6.879220000000001">
    <ele>2052.87</ele>
   </trkpt>
   <trkpt lat="45.904720000000005" lon="6.879010000000001">
    <ele>2046.4900000000002</ele>
   </trkpt>
   <trkpt lat="45.904720000000005" lon="6.878990000000001">
    <ele>2046.4900000000002</ele>
   </trkpt>
   <trkpt lat="45.90493" lon="6.879040000000001">
    <ele>2045.02</ele>
   </trkpt>
   <trkpt lat="45.90505" lon="6.879020000000001">
    <ele>2043.6000000000001</ele>
   </trkpt>
   <trkpt lat="45.90507" lon="6.878990000000001">
    <ele>2042.2900000000004</ele>
   </trkpt>
   <trkpt lat="45.90507" lon="6.87889">
    <ele>2041.71</ele>
   </trkpt>
   <trkpt lat="45.90484000000001" lon="6.87872">
    <ele>2039.04</ele>
   </trkpt>
   <trkpt lat="45.90469" lon="6.878500000000001">
    <ele>2036.41</ele>
   </trkpt>
   <trkpt lat="45.904610000000005" lon="6.878430000000001">
    <ele>2035.5600000000002</ele>
   </trkpt>
   <trkpt lat="45.90449" lon="6.8783900000000004">
    <ele>2031.95</ele>
   </trkpt>
   <trkpt lat="45.90448000000001" lon="6.878330000000001">
    <ele>2030.2200000000003</ele>
   </trkpt>
   <trkpt lat="45.904500000000006" lon="6.87832">
    <ele>2030.2200000000003</ele>
   </trkpt>
   <trkpt lat="45.90458" lon="6.878310000000001">
    <ele>2028.5900000000004</ele>
   </trkpt>
   <trkpt lat="45.904740000000004" lon="6.878340000000001">
    <ele>2024.89</ele>
   </trkpt>
   <trkpt lat="45.90475000000001" lon="6.87828">
    <ele>2024.89</ele>
   </trkpt>
   <trkpt lat="45.90467" lon="6.878220000000001">
    <ele>2023.3100000000004</ele>
   </trkpt>
   <trkpt lat="45.90449" lon="6.87816">
    <ele>2021.62</ele>
   </trkpt>
   <trkpt lat="45.90439000000001" lon="6.87818">
    <ele>2017.1900000000003</ele>
   </trkpt>
   <trkpt lat="45.904140000000005" lon="6.8783">
    <ele>2014.6100000000001</ele>
   </trkpt>
   <trkpt lat="45.90415" lon="6.878220000000001">
    <ele>2012.1700000000003</ele>
   </trkpt>
   <trkpt lat="45.9044" lon="6.8779">
    <ele>2009.03</ele>
   </trkpt>
   <trkpt lat="45.90451" lon="6.877820000000001">
    <ele>2001.62</ele>
   </trkpt>
   <trkpt lat="45.90453" lon="6.877790000000001">
    <ele>2001.62</ele>
   </trkpt>
   <trkpt lat="45.904520000000005" lon="6.87776">
    <ele>2001.62</ele>
   </trkpt>
   <trkpt lat="45.90449" lon="6.877750000000001">
    <ele>2001.62</ele>
   </trkpt>
   <trkpt lat="45.904300000000006" lon="6.87783">
    <ele>1997.74</ele>
   </trkpt>
   <trkpt lat="45.90415" lon="6.877930000000001">
    <ele>1996.28</ele>
   </trkpt>
   <trkpt lat="45.90399" lon="6.877980000000001">
    <ele>1994.17</ele>
   </trkpt>
   <trkpt lat="45.90392000000001" lon="6.878030000000001">
    <ele>1992.6800000000003</ele>
   </trkpt>
   <trkpt lat="45.90386" lon="6.878050000000001">
    <ele>1992.6800000000003</ele>
   </trkpt>
   <trkpt lat="45.903830000000006" lon="6.87804">
    <ele>1989.47</ele>
   </trkpt>
   <trkpt lat="45.90384" lon="6.8779900000000005">
    <ele>1989.47</ele>
   </trkpt>
   <trkpt lat="45.904" lon="6.87783">
    <ele>1986.4800000000002</ele>
   </trkpt>
   <trkpt lat="45.90415" lon="6.877630000000001">
    <ele>1983.3500000000001</ele>
   </trkpt>
   <trkpt lat="45.904140000000005" lon="6.877610000000001">
    <ele>1983.3500000000001</ele>
   </trkpt>
   <trkpt lat="45.904120000000006" lon="6.877610000000001">
    <ele>1983.3500000000001</ele>
   </trkpt>
   <trkpt lat="45.904" lon="6.87769">
    <ele>1979.5500000000002</ele>
   </trkpt>
   <trkpt lat="45.90390000000001" lon="6.87771">
    <ele>1977.9400000000003</ele>
   </trkpt>
   <trkpt lat="45.90379" lon="6.87776">
    <ele>1975.4600000000003</ele>
   </trkpt>
   <trkpt lat="45.90377" lon="6.877750000000001">
    <ele>1975.4600000000003</ele>
   </trkpt>
   <trkpt lat="45.90377" lon="6.877720000000001">
    <ele>1975.4600000000003</ele>
   </trkpt>
   <trkpt lat="45.90386" lon="6.877630000000001">
    <ele>1975.4600000000003</ele>
   </trkpt>
   <trkpt lat="45.90392000000001" lon="6.8776">
    <ele>1971.5300000000002</ele>
   </trkpt>
   <trkpt lat="45.903980000000004" lon="6.87753">
    <ele>1971.5300000000002</ele>
   </trkpt>
   <trkpt lat="45.903980000000004" lon="6.877510000000001">
    <ele>1971.5300000000002</ele>
   </trkpt>
   <trkpt lat="45.90395" lon="6.877510000000001">
    <ele>1969.8700000000001</ele>
   </trkpt>
   <trkpt lat="45.903890000000004" lon="6.87755">
    <ele>1969.0100000000002</ele>
   </trkpt>
   <trkpt lat="45.903800000000004" lon="6.877560000000001">
    <ele>1966.32</ele>
   </trkpt>
   <trkpt lat="45.90379" lon="6.87755">
    <ele>1966.32</ele>
   </trkpt>
   <trkpt lat="45.90379" lon="6.87753">
    <ele>1966.32</ele>
   </trkpt>
   <trkpt lat="45.90399" lon="6.87736">
    <ele>1963.0200000000002</ele>
   </trkpt>
   <trkpt lat="45.903980000000004" lon="6.87734">
    <ele>1963.0200000000002</ele>
   </trkpt>
   <trkpt lat="45.90388" lon="6.877350000000001">
    <ele>1960.3300000000002</ele>
   </trkpt>
   <trkpt lat="45.90381000000001" lon="6.8773800000000005">
    <ele>1957.3200000000002</ele>
   </trkpt>
   <trkpt lat="45.903780000000005" lon="6.877350000000001">
    <ele>1957.3200000000002</ele>
   </trkpt>
   <trkpt lat="45.903890000000004" lon="6.87722">
    <ele>1955.5200000000002</ele>
   </trkpt>
   <trkpt lat="45.90397" lon="6.877180000000001">
    <ele>1953.1200000000001</ele>
   </trkpt>
   <trkpt lat="45.903960000000005" lon="6.877160000000001">
    <ele>1953.1200000000001</ele>
   </trkpt>
   <trkpt lat="45.903890000000004" lon="6.877140000000001">
    <ele>1953.1200000000001</ele>
   </trkpt>
   <trkpt lat="45.90368" lon="6.8772">
    <ele>1949.78</ele>
   </trkpt>
   <trkpt lat="45.90334000000001" lon="6.87713">
    <ele>1940.7600000000002</ele>
   </trkpt>
   <trkpt lat="45.902950000000004" lon="6.8771">
    <ele>1934.97</ele>
   </trkpt>
   <trkpt lat="45.90265" lon="6.877180000000001">
    <ele>1930.6900000000003</ele>
   </trkpt>
   <trkpt lat="45.902460000000005" lon="6.877180000000001">
    <ele>1927.13</ele>
   </trkpt>
   <trkpt lat="45.902260000000005" lon="6.877280000000001">
    <ele>1924.6100000000001</ele>
   </trkpt>
   <trkpt lat="45.902190000000004" lon="6.87736">
    <ele>1923.1200000000001</ele>
   </trkpt>
   <trkpt lat="45.902010000000004" lon="6.87727">
    <ele>1920.5</ele>
   </trkpt>
   <trkpt lat="45.90196" lon="6.87722">
    <ele>1919.15</ele>
   </trkpt>
   <trkpt lat="45.901920000000004" lon="6.87713">
    <ele>1919.15</ele>
   </trkpt>
   <trkpt lat="45.901920000000004" lon="6.877020000000001">
    <ele>1914.8</ele>
   </trkpt>
   <trkpt lat="45.901860000000006" lon="6.876780000000001">
    <ele>1913.22</ele>
   </trkpt>
   <trkpt lat="45.901860000000006" lon="6.8767700000000005">
    <ele>1912.23</ele>
   </trkpt>
   <trkpt lat="45.901900000000005" lon="6.876720000000001">
    <ele>1911.45</ele>
   </trkpt>
   <trkpt lat="45.901880000000006" lon="6.876600000000001">
    <ele>1907.5900000000001</ele>
   </trkpt>
   <trkpt lat="45.90191" lon="6.876600000000001">
    <ele>1907.5900000000001</ele>
   </trkpt>
   <trkpt lat="45.90207" lon="6.87685">
    <ele>1904.9900000000002</ele>
   </trkpt>
   <trkpt lat="45.90209" lon="6.876860000000001">
    <ele>1902.6600000000003</ele>
   </trkpt>
   <trkpt lat="45.902100000000004" lon="6.876830000000001">
    <ele>1902.6600000000003</ele>
   </trkpt>
   <trkpt lat="45.90194" lon="6.87628">
    <ele>1896.51</ele>
   </trkpt>
   <trkpt lat="45.901860000000006" lon="6.876250000000001">
    <ele>1894.7300000000002</ele>
   </trkpt>
   <trkpt lat="45.901970000000006" lon="6.876080000000001">
    <ele>1890.63</ele>
   </trkpt>
   <trkpt lat="45.902010000000004" lon="6.87607">
    <ele>1889.7100000000003</ele>
   </trkpt>
   <trkpt lat="45.90205" lon="6.876100000000001">
    <ele>1888.8600000000001</ele>
   </trkpt>
   <trkpt lat="45.90211" lon="6.87619">
    <ele>1887.3100000000002</ele>
   </trkpt>
   <trkpt lat="45.902170000000005" lon="6.8764">
    <ele>1885.1100000000001</ele>
   </trkpt>
   <trkpt lat="45.902150000000006" lon="6.876030000000001">
    <ele>1881.0200000000002</ele>
   </trkpt>
   <trkpt lat="45.90216" lon="6.875850000000001">
    <ele>1878.7000000000003</ele>
   </trkpt>
   <trkpt lat="45.902120000000004" lon="6.875780000000001">
    <ele>1877.1200000000001</ele>
   </trkpt>
   <trkpt lat="45.90196" lon="6.875710000000001">
    <ele>1874.5900000000001</ele>
   </trkpt>
   <trkpt lat="45.90198" lon="6.87565">
    <ele>1870.95</ele>
   </trkpt>
   <trkpt lat="45.902080000000005" lon="6.87553">
    <ele>1870.1000000000001</ele>
   </trkpt>
   <trkpt lat="45.90214" lon="6.87551">
    <ele>1868.4600000000003</ele>
   </trkpt>
   <trkpt lat="45.902210000000004" lon="6.87558">
    <ele>1866.89</ele>
   </trkpt>
   <trkpt lat="45.90227" lon="6.87572">
    <ele>1865.3600000000001</ele>
   </trkpt>
   <trkpt lat="45.902390000000004" lon="6.875920000000001">
    <ele>1863.0900000000001</ele>
   </trkpt>
   <trkpt lat="45.90241" lon="6.87591">
    <ele>1861.6100000000001</ele>
   </trkpt>
   <trkpt lat="45.902330000000006" lon="6.875590000000001">
    <ele>1859.5300000000002</ele>
   </trkpt>
   <trkpt lat="45.90225" lon="6.875120000000001">
    <ele>1852.51</ele>
   </trkpt>
   <trkpt lat="45.90214" lon="6.875050000000001">
    <ele>1851.6200000000001</ele>
   </trkpt>
   <trkpt lat="45.90214" lon="6.875000000000001">
    <ele>1848.81</ele>
   </trkpt>
   <trkpt lat="45.90222000000001" lon="6.87492">
    <ele>1848.81</ele>
   </trkpt>
   <trkpt lat="45.90229" lon="6.8749400000000005">
    <ele>1847.0300000000002</ele>
   </trkpt>
   <trkpt lat="45.9025" lon="6.87523">
    <ele>1841.4800000000002</ele>
   </trkpt>
   <trkpt lat="45.90260000000001" lon="6.875400000000001">
    <ele>1836.9700000000003</ele>
   </trkpt>
   <trkpt lat="45.902620000000006" lon="6.875380000000001">
    <ele>1836.9700000000003</ele>
   </trkpt>
   <trkpt lat="45.90252" lon="6.875050000000001">
    <ele>1832.07</ele>
   </trkpt>
   <trkpt lat="45.90241" lon="6.8744700000000005">
    <ele>1826.41</ele>
   </trkpt>
   <trkpt lat="45.902300000000004" lon="6.87438">
    <ele>1821.88</ele>
   </trkpt>
   <trkpt lat="45.90229" lon="6.87431">
    <ele>1821.88</ele>
   </trkpt>
   <trkpt lat="45.90232" lon="6.87429">
    <ele>1821.88</ele>
   </trkpt>
   <trkpt lat="45.902480000000004" lon="6.87436">
    <ele>1817.74</ele>
   </trkpt>
   <trkpt lat="45.90276" lon="6.874650000000001">
    <ele>1813.91</ele>
   </trkpt>
   <trkpt lat="45.90292" lon="6.874770000000001">
    <ele>1809.0000000000002</ele>
   </trkpt>
   <trkpt lat="45.90301" lon="6.874790000000001">
    <ele>1809.0000000000002</ele>
   </trkpt>
   <trkpt lat="45.9031" lon="6.874770000000001">
    <ele>1806.0500000000002</ele>
   </trkpt>
   <trkpt lat="45.90353" lon="6.8741900000000005">
    <ele>1795.0800000000002</ele>
   </trkpt>
   <trkpt lat="45.90366" lon="6.87417">
    <ele>1793.4500000000003</ele>
   </trkpt>
   <trkpt lat="45.904090000000004" lon="6.873900000000001">
    <ele>1784.18</ele>
   </trkpt>
   <trkpt lat="45.90437000000001" lon="6.873880000000001">
    <ele>1780.5300000000002</ele>
   </trkpt>
   <trkpt lat="45.90444" lon="6.8738600000000005">
    <ele>1779.6100000000001</ele>
   </trkpt>
   <trkpt lat="45.90422" lon="6.8737">
    <ele>1772.8300000000002</ele>
   </trkpt>
   <trkpt lat="45.90433" lon="6.87368">
    <ele>1770.69</ele>
   </trkpt>
   <trkpt lat="45.904610000000005" lon="6.873530000000001">
    <ele>1764.6800000000003</ele>
   </trkpt>
   <trkpt lat="45.90464" lon="6.87347">
    <ele>1763.68</ele>
   </trkpt>
   <trkpt lat="45.904320000000006" lon="6.873450000000001">
    <ele>1758.9</ele>
   </trkpt>
   <trkpt lat="45.9042" lon="6.873360000000001">
    <ele>1751.09</ele>
   </trkpt>
   <trkpt lat="45.90399" lon="6.8733200000000005">
    <ele>1751.09</ele>
   </trkpt>
   <trkpt lat="45.903670000000005" lon="6.873310000000001">
    <ele>1745.91</ele>
   </trkpt>
   <trkpt lat="45.90359" lon="6.87328">
    <ele>1742.9800000000002</ele>
   </trkpt>
   <trkpt lat="45.903940000000006" lon="6.8730400000000005">
    <ele>1735.7900000000002</ele>
   </trkpt>
   <trkpt lat="45.904450000000004" lon="6.87286">
    <ele>1726.6200000000001</ele>
   </trkpt>
   <trkpt lat="45.9052" lon="6.872160000000001">
    <ele>1710.8</ele>
   </trkpt>
   <trkpt lat="45.905480000000004" lon="6.872000000000001">
    <ele>1704.5500000000002</ele>
   </trkpt>
   <trkpt lat="45.905710000000006" lon="6.8720300000000005">
    <ele>1701.15</ele>
   </trkpt>
   <trkpt lat="45.90601" lon="6.87215">
    <ele>1693.47</ele>
   </trkpt>
   <trkpt lat="45.906130000000005" lon="6.8722900000000005">
    <ele>1693.47</ele>
   </trkpt>
   <trkpt lat="45.90616000000001" lon="6.872300000000001">
    <ele>1693.47</ele>
   </trkpt>
   <trkpt lat="45.906180000000006" lon="6.872260000000001">
    <ele>1693.47</ele>
   </trkpt>
   <trkpt lat="45.90617" lon="6.8722">
    <ele>1687.43</ele>
   </trkpt>
   <trkpt lat="45.905730000000005" lon="6.87154">
    <ele>1677.65</ele>
   </trkpt>
   <trkpt lat="45.90543" lon="6.8713500000000005">
    <ele>1670.43</ele>
   </trkpt>
   <trkpt lat="45.905260000000006" lon="6.87138">
    <ele>1668.02</ele>
   </trkpt>
   <trkpt lat="45.90496" lon="6.871480000000001">
    <ele>1659.49</ele>
   </trkpt>
   <trkpt lat="45.90435" lon="6.871480000000001">
    <ele>1651.0200000000002</ele>
   </trkpt>
   <trkpt lat="45.904320000000006" lon="6.87143">
    <ele>1651.0200000000002</ele>
   </trkpt>
   <trkpt lat="45.90453" lon="6.87126">
    <ele>1646.3400000000001</ele>
   </trkpt>
   <trkpt lat="45.904810000000005" lon="6.871110000000001">
    <ele>1636.7600000000002</ele>
   </trkpt>
   <trkpt lat="45.904810000000005" lon="6.871080000000001">
    <ele>1636.7600000000002</ele>
   </trkpt>
   <trkpt lat="45.90442" lon="6.87103">
    <ele>1630.95</ele>
   </trkpt>
   <trkpt lat="45.90493" lon="6.8706000000000005">
    <ele>1621.7700000000002</ele>
   </trkpt>
   <trkpt lat="45.905190000000005" lon="6.870260000000001">
    <ele>1614.98</ele>
   </trkpt>
   <trkpt lat="45.905390000000004" lon="6.870220000000001">
    <ele>1608.42</ele>
   </trkpt>
   <trkpt lat="45.90596" lon="6.87016">
    <ele>1600.6200000000001</ele>
   </trkpt>
   <trkpt lat="45.90612" lon="6.8702000000000005">
    <ele>1596.2</ele>
   </trkpt>
   <trkpt lat="45.90635" lon="6.870330000000001">
    <ele>1590.0900000000001</ele>
   </trkpt>
   <trkpt lat="45.90637" lon="6.87028">
    <ele>1589.0700000000002</ele>
   </trkpt>
   <trkpt lat="45.90636000000001" lon="6.870240000000001">
    <ele>1589.0700000000002</ele>
   </trkpt>
   <trkpt lat="45.90619" lon="6.8700600000000005">
    <ele>1583.71</ele>
   </trkpt>
   <trkpt lat="45.90617" lon="6.8699900000000005">
    <ele>1583.71</ele>
   </trkpt>
   <trkpt lat="45.906180000000006" lon="6.869980000000001">
    <ele>1583.71</ele>
   </trkpt>
   <trkpt lat="45.906270000000006" lon="6.870000000000001">
    <ele>1582.1600000000003</ele>
   </trkpt>
   <trkpt lat="45.906690000000005" lon="6.870290000000001">
    <ele>1572.7300000000002</ele>
   </trkpt>
   <trkpt lat="45.90729" lon="6.87063">
    <ele>1561.0700000000002</ele>
   </trkpt>
   <trkpt lat="45.90742" lon="6.870730000000001">
    <ele>1556.5300000000002</ele>
   </trkpt>
   <trkpt lat="45.907430000000005" lon="6.87072">
    <ele>1556.5300000000002</ele>
   </trkpt>
   <trkpt lat="45.90737" lon="6.870500000000001">
    <ele>1554.8400000000001</ele>
   </trkpt>
   <trkpt lat="45.907180000000004" lon="6.87007">
    <ele>1548.8500000000001</ele>
   </trkpt>
   <trkpt lat="45.907090000000004" lon="6.869930000000001">
    <ele>1548.8500000000001</ele>
   </trkpt>
   <trkpt lat="45.90639" lon="6.869180000000001">
    <ele>1532.42</ele>
   </trkpt>
   <trkpt lat="45.906110000000005" lon="6.86894">
    <ele>1527.0800000000002</ele>
   </trkpt>
   <trkpt lat="45.90561" lon="6.868650000000001">
    <ele>1519.73</ele>
   </trkpt>
   <trkpt lat="45.90543" lon="6.868390000000001">
    <ele>1513.8200000000002</ele>
   </trkpt>
   <trkpt lat="45.905280000000005" lon="6.868320000000001">
    <ele>1512.25</ele>
   </trkpt>
   <trkpt lat="45.904880000000006" lon="6.86835">
    <ele>1503.8500000000001</ele>
   </trkpt>
   <trkpt lat="45.90476" lon="6.86831">
    <ele>1503.8500000000001</ele>
   </trkpt>
   <trkpt lat="45.904720000000005" lon="6.86826">
    <ele>1498.92</ele>
   </trkpt>
   <trkpt lat="45.904920000000004" lon="6.868080000000001">
    <ele>1495.48</ele>
   </trkpt>
   <trkpt lat="45.905150000000006" lon="6.86777">
    <ele>1491.14</ele>
   </trkpt>
   <trkpt lat="45.90516" lon="6.8677600000000005">
    <ele>1491.14</ele>
   </trkpt>
   <trkpt lat="45.905750000000005" lon="6.86784">
    <ele>1471.92</ele>
   </trkpt>
   <trkpt lat="45.90661" lon="6.867800000000001">
    <ele>1450.19</ele>
   </trkpt>
   <trkpt lat="45.90608" lon="6.867360000000001">
    <ele>1437.72</ele>
   </trkpt>
   <trkpt lat="45.90589000000001" lon="6.867280000000001">
    <ele>1440.7500000000002</ele>
   </trkpt>
   <trkpt lat="45.90589000000001" lon="6.8672200000000005">
    <ele>1440.7500000000002</ele>
   </trkpt>
   <trkpt lat="45.90605" lon="6.8671500000000005">
    <ele>1434.9900000000002</ele>
   </trkpt>
   <trkpt lat="45.9063" lon="6.867140000000001">
    <ele>1431.3</ele>
   </trkpt>
   <trkpt lat="45.90652" lon="6.867030000000001">
    <ele>1422.4</ele>
   </trkpt>
   <trkpt lat="45.90675" lon="6.866980000000001">
    <ele>1420.3300000000002</ele>
   </trkpt>
   <trkpt lat="45.90706" lon="6.86699">
    <ele>1414.02</ele>
   </trkpt>
   <trkpt lat="45.907210000000006" lon="6.86709">
    <ele>1409.75</ele>
   </trkpt>
   <trkpt lat="45.90731" lon="6.86709">
    <ele>1404.7500000000002</ele>
   </trkpt>
   <trkpt lat="45.9074" lon="6.867170000000001">
    <ele>1404.7500000000002</ele>
   </trkpt>
   <trkpt lat="45.90749" lon="6.86718">
    <ele>1400.5500000000002</ele>
   </trkpt>
   <trkpt lat="45.90758" lon="6.86727">
    <ele>1398.5200000000002</ele>
   </trkpt>
   <trkpt lat="45.90776" lon="6.86732">
    <ele>1396.5900000000001</ele>
   </trkpt>
   <trkpt lat="45.90785" lon="6.86739">
    <ele>1391.04</ele>
   </trkpt>
   <trkpt lat="45.90796" lon="6.86737">
    <ele>1391.04</ele>
   </trkpt>
   <trkpt lat="45.908150000000006" lon="6.867450000000001">
    <ele>1389.0800000000002</ele>
   </trkpt>
   <trkpt lat="45.90841" lon="6.86763">
    <ele>1379.13</ele>
   </trkpt>
   <trkpt lat="45.908530000000006" lon="6.867900000000001">
    <ele>1374.4900000000002</ele>
   </trkpt>
   <trkpt lat="45.90878000000001" lon="6.86814">
    <ele>1369.49</ele>
   </trkpt>
   <trkpt lat="45.909040000000005" lon="6.868200000000001">
    <ele>1361.07</ele>
   </trkpt>
   <trkpt lat="45.909150000000004" lon="6.8683000000000005">
    <ele>1359.1000000000001</ele>
   </trkpt>
   <trkpt lat="45.90946" lon="6.86866">
    <ele>1351.3600000000001</ele>
   </trkpt>
   <trkpt lat="45.90975" lon="6.86887">
    <ele>1341.39</ele>
   </trkpt>
   <trkpt lat="45.909870000000005" lon="6.869020000000001">
    <ele>1341.39</ele>
   </trkpt>
   <trkpt lat="45.909980000000004" lon="6.869230000000001">
    <ele>1336.5</ele>
   </trkpt>
   <trkpt lat="45.91015" lon="6.8693800000000005">
    <ele>1332.8500000000001</ele>
   </trkpt>
   <trkpt lat="45.910340000000005" lon="6.8695900000000005">
    <ele>1325.02</ele>
   </trkpt>
   <trkpt lat="45.91051" lon="6.8699200000000005">
    <ele>1319.62</ele>
   </trkpt>
   <trkpt lat="45.910650000000004" lon="6.87011">
    <ele>1317.6000000000001</ele>
   </trkpt>
   <trkpt lat="45.91076" lon="6.870360000000001">
    <ele>1311.92</ele>
   </trkpt>
   <trkpt lat="45.91084" lon="6.8704600000000005">
    <ele>1308.91</ele>
   </trkpt>
   <trkpt lat="45.910940000000004" lon="6.87051">
    <ele>1307.0300000000002</ele>
   </trkpt>
   <trkpt lat="45.91105" lon="6.8706000000000005">
    <ele>1304.42</ele>
   </trkpt>
   <trkpt lat="45.91114" lon="6.870710000000001">
    <ele>1301.5800000000002</ele>
   </trkpt>
   <trkpt lat="45.91125" lon="6.8708100000000005">
    <ele>1298.5900000000001</ele>
   </trkpt>
   <trkpt lat="45.91154" lon="6.870950000000001">
    <ele>1292.1100000000001</ele>
   </trkpt>
   <trkpt lat="45.911680000000004" lon="6.8710700000000005">
    <ele>1288.1200000000001</ele>
   </trkpt>
   <trkpt lat="45.91180000000001" lon="6.871200000000001">
    <ele>1283.76</ele>
   </trkpt>
   <trkpt lat="45.912020000000005" lon="6.87131">
    <ele>1283.76</ele>
   </trkpt>
   <trkpt lat="45.912290000000006" lon="6.87152">
    <ele>1272.6200000000001</ele>
   </trkpt>
   <trkpt lat="45.912420000000004" lon="6.871670000000001">
    <ele>1268.7400000000002</ele>
   </trkpt>
   <trkpt lat="45.91252" lon="6.871720000000001">
    <ele>1268.7400000000002</ele>
   </trkpt>
   <trkpt lat="45.912850000000006" lon="6.872050000000001">
    <ele>1258.3600000000001</ele>
   </trkpt>
   <trkpt lat="45.913030000000006" lon="6.872190000000001">
    <ele>1254.69</ele>
   </trkpt>
   <trkpt lat="45.9132" lon="6.872370000000001">
    <ele>1251.2500000000002</ele>
   </trkpt>
   <trkpt lat="45.913540000000005" lon="6.87267">
    <ele>1242.15</ele>
   </trkpt>
   <trkpt lat="45.91375" lon="6.872940000000001">
    <ele>1235.0700000000002</ele>
   </trkpt>
   <trkpt lat="45.913970000000006" lon="6.87316">
    <ele>1226.2</ele>
   </trkpt>
   <trkpt lat="45.91404000000001" lon="6.87316">
    <ele>1224.4700000000003</ele>
   </trkpt>
   <trkpt lat="45.914170000000006" lon="6.873270000000001">
    <ele>1217.41</ele>
   </trkpt>
   <trkpt lat="45.914300000000004" lon="6.87347">
    <ele>1212.19</ele>
   </trkpt>
   <trkpt lat="45.914590000000004" lon="6.873660000000001">
    <ele>1199.87</ele>
   </trkpt>
   <trkpt lat="45.91465" lon="6.873340000000001">
    <ele>1175.38</ele>
   </trkpt>
   <trkpt lat="45.91463" lon="6.87314">
    <ele>1168.97</ele>
   </trkpt>
   <trkpt lat="45.91452" lon="6.872960000000001">
    <ele>1169.88</ele>
   </trkpt>
   <trkpt lat="45.914410000000004" lon="6.87265">
    <ele>1166.56</ele>
   </trkpt>
   <trkpt lat="45.914370000000005" lon="6.87234">
    <ele>1161.66</ele>
   </trkpt>
   <trkpt lat="45.914570000000005" lon="6.87211">
    <ele>1142.29</ele>
   </trkpt>
   <trkpt lat="45.9147" lon="6.872170000000001">
    <ele>1138.7500000000002</ele>
   </trkpt>
   <trkpt lat="45.914750000000005" lon="6.872350000000001">
    <ele>1140.29</ele>
   </trkpt>
   <trkpt lat="45.9149" lon="6.87255">
    <ele>1140.06</ele>
   </trkpt>
   <trkpt lat="45.915000000000006" lon="6.872520000000001">
    <ele>1143.16</ele>
   </trkpt>
   <trkpt lat="45.91501" lon="6.87248">
    <ele>1134.19</ele>
   </trkpt>
   <trkpt lat="45.91496" lon="6.872170000000001">
    <ele>1128.63</ele>
   </trkpt>
   <trkpt lat="45.914970000000004" lon="6.87187">
    <ele>1119.58</ele>
   </trkpt>
   <trkpt lat="45.915000000000006" lon="6.87185">
    <ele>1119.58</ele>
   </trkpt>
   <trkpt lat="45.91521" lon="6.87197">
    <ele>1111.8000000000002</ele>
   </trkpt>
   <trkpt lat="45.91554000000001" lon="6.872050000000001">
    <ele>1100.6</ele>
   </trkpt>
   <trkpt lat="45.91563000000001" lon="6.8721000000000005">
    <ele>1097.8000000000002</ele>
   </trkpt>
   <trkpt lat="45.915710000000004" lon="6.87218">
    <ele>1094.3200000000002</ele>
   </trkpt>
   <trkpt lat="45.91583000000001" lon="6.87239">
    <ele>1090.66</ele>
   </trkpt>
   <trkpt lat="45.91588" lon="6.872450000000001">
    <ele>1089.69</ele>
   </trkpt>
   <trkpt lat="45.916090000000004" lon="6.872560000000001">
    <ele>1083.32</ele>
   </trkpt>
   <trkpt lat="45.916340000000005" lon="6.87288">
    <ele>1074.65</ele>
   </trkpt>
   <trkpt lat="45.91658" lon="6.872890000000001">
    <ele>1064.87</ele>
   </trkpt>
   <trkpt lat="45.916720000000005" lon="6.872730000000001">
    <ele>1057.3600000000001</ele>
   </trkpt>
   <trkpt lat="45.91673" lon="6.872660000000001">
    <ele>1053.73</ele>
   </trkpt>
   <trkpt lat="45.91668000000001" lon="6.87239">
    <ele>1047.02</ele>
   </trkpt>
   <trkpt lat="45.916700000000006" lon="6.872260000000001">
    <ele>1044.07</ele>
   </trkpt>
   <trkpt lat="45.91682" lon="6.87218">
    <ele>1041.22</ele>
   </trkpt>
   <trkpt lat="45.91698" lon="6.872020000000001">
    <ele>1039.62</ele>
   </trkpt>
   <trkpt lat="45.91709" lon="6.871880000000001">
    <ele>1039.3400000000001</ele>
   </trkpt>
   <trkpt lat="45.917170000000006" lon="6.87173">
    <ele>1038.84</ele>
   </trkpt>
   <trkpt lat="45.917790000000004" lon="6.871200000000001">
    <ele>1036.63</ele>
   </trkpt>
   <trkpt lat="45.91794" lon="6.871040000000001">
    <ele>1036.49</ele>
   </trkpt>
   <trkpt lat="45.91855" lon="6.870170000000001">
    <ele>1035.95</ele>
   </trkpt>
   <trkpt lat="45.918780000000005" lon="6.869800000000001">
    <ele>1035.3600000000001</ele>
   </trkpt>
   <trkpt lat="45.918850000000006" lon="6.86974">
    <ele>1035.14</ele>
   </trkpt>
   <trkpt lat="45.91940000309447" lon="6.868910008091334">
    <ele>1035.28</ele>
   </trkpt>
   <trkpt lat="45.91995000000001" lon="6.868080000000001">
    <ele>1036.04</ele>
   </trkpt>
   <trkpt lat="45.92033000000001" lon="6.867490000000001">
    <ele>1038.1100000000001</ele>
   </trkpt>
   <trkpt lat="45.92049" lon="6.867210000000001">
    <ele>1039.11</ele>
   </trkpt>
   <trkpt lat="45.92063" lon="6.86692">
    <ele>1040.7300000000002</ele>
   </trkpt>
   <trkpt lat="45.92131500183349" lon="6.867559992142453">
    <ele>1040.8300000000002</ele>
   </trkpt>
   <trkpt lat="45.922000000000004" lon="6.868200000000001">
    <ele>1040.37</ele>
   </trkpt>
   <trkpt lat="45.922180000000004" lon="6.8684">
    <ele>1040.0800000000002</ele>
   </trkpt>
   <trkpt lat="45.92255000104522" lon="6.868864997027361">
    <ele>1039.97</ele>
   </trkpt>
   <trkpt lat="45.922920000000005" lon="6.869330000000001">
    <ele>1039.8700000000001</ele>
   </trkpt>
   <trkpt lat="45.92296" lon="6.86943">
    <ele>1039.8700000000001</ele>
   </trkpt>
   <trkpt lat="45.9232" lon="6.869680000000001">
    <ele>1039.8899999999999</ele>
   </trkpt>
   <trkpt lat="45.923280000000005" lon="6.86971">
    <ele>1040.01</ele>
   </trkpt>
   <trkpt lat="45.92344000000001" lon="6.869650000000001">
    <ele>1040.43</ele>
   </trkpt>
   <trkpt lat="45.92362000000001" lon="6.86901">
    <ele>1041.7500000000002</ele>
   </trkpt>
  </trkseg>
 </trk>
</gpx>
