<?xml version="1.0" encoding="UTF-8"?>
<gpx xmlns:xsi="http://www.w3.org/2001/XMLSchema-instance" xsi:schemaLocation="http://www.topografix.com/GPX/1/1 http://www.topografix.com/GPX/1/1/gpx.xsd" creator="StravaGPX" version="1.1" xmlns="http://www.topografix.com/GPX/1/1">
 <trk>
  <name>SaintéLyon 45km / 1° 🌌</name>
  <type>running</type>
  <trkseg>
   <trkpt lat="45.5960770" lon="4.5698820">
    <ele>695.0</ele>
   </trkpt>
   <trkpt lat="45.5960840" lon="4.5699030">
    <ele>695.0</ele>
   </trkpt>
   <trkpt lat="45.5960910" lon="4.5699240">
    <ele>695.0</ele>
   </trkpt>
   <trkpt lat="45.5960980" lon="4.5699450">
    <ele>695.0</ele>
   </trkpt>
   <trkpt lat="45.5961130" lon="4.5699860">
    <ele>695.0</ele>
   </trkpt>
   <trkpt lat="45.5961350" lon="4.5700380">
    <ele>695.0</ele>
   </trkpt>
   <trkpt lat="45.5961560" lon="4.5700890">
    <ele>695.0</ele>
   </trkpt>
   <trkpt lat="45.5961840" lon="4.5701420">
    <ele>695.0</ele>
   </trkpt>
   <trkpt lat="45.5962120" lon="4.5701950">
    <ele>695.0</ele>
   </trkpt>
   <trkpt lat="45.5962430" lon="4.5702430">
    <ele>695.0</ele>
   </trkpt>
   <trkpt lat="45.5962750" lon="4.5702920">
    <ele>695.0</ele>
   </trkpt>
   <trkpt lat="45.5963090" lon="4.5703360">
    <ele>695.0</ele>
   </trkpt>
   <trkpt lat="45.5963430" lon="4.5703790">
    <ele>695.0</ele>
   </trkpt>
   <trkpt lat="45.5963790" lon="4.5704160">
    <ele>695.0</ele>
   </trkpt>
   <trkpt lat="45.5964150" lon="4.5704530">
    <ele>695.0</ele>
   </trkpt>
   <trkpt lat="45.5964510" lon="4.5704840">
    <ele>695.0</ele>
   </trkpt>
   <trkpt lat="45.5964870" lon="4.5705150">
    <ele>695.0</ele>
   </trkpt>
   <trkpt lat="45.5965240" lon="4.5705450">
    <ele>695.0</ele>
   </trkpt>
   <trkpt lat="45.5965610" lon="4.5705750">
    <ele>695.0</ele>
   </trkpt>
   <trkpt lat="45.5965970" lon="4.5706040">
    <ele>695.0</ele>
   </trkpt>
   <trkpt lat="45.5966330" lon="4.5706340">
    <ele>696.0</ele>
   </trkpt>
   <trkpt lat="45.5966680" lon="4.5706630">
    <ele>696.0</ele>
   </trkpt>
   <trkpt lat="45.5967040" lon="4.5706930">
    <ele>696.0</ele>
   </trkpt>
   <trkpt lat="45.5967400" lon="4.5707230">
    <ele>696.0</ele>
   </trkpt>
   <trkpt lat="45.5967750" lon="4.5707540">
    <ele>696.0</ele>
   </trkpt>
   <trkpt lat="45.5968120" lon="4.5707850">
    <ele>696.0</ele>
   </trkpt>
   <trkpt lat="45.5968480" lon="4.5708150">
    <ele>696.0</ele>
   </trkpt>
   <trkpt lat="45.5968830" lon="4.5708460">
    <ele>696.0</ele>
   </trkpt>
   <trkpt lat="45.5969180" lon="4.5708770">
    <ele>696.0</ele>
   </trkpt>
   <trkpt lat="45.5969520" lon="4.5709080">
    <ele>696.0</ele>
   </trkpt>
   <trkpt lat="45.5969860" lon="4.5709390">
    <ele>697.0</ele>
   </trkpt>
   <trkpt lat="45.5970220" lon="4.5709680">
    <ele>697.0</ele>
   </trkpt>
   <trkpt lat="45.5970580" lon="4.5709970">
    <ele>697.0</ele>
   </trkpt>
   <trkpt lat="45.5970970" lon="4.5710210">
    <ele>697.0</ele>
   </trkpt>
   <trkpt lat="45.5971360" lon="4.5710460">
    <ele>697.0</ele>
   </trkpt>
   <trkpt lat="45.5971790" lon="4.5710650">
    <ele>697.0</ele>
   </trkpt>
   <trkpt lat="45.5972220" lon="4.5710830">
    <ele>697.0</ele>
   </trkpt>
   <trkpt lat="45.5972670" lon="4.5710970">
    <ele>697.0</ele>
   </trkpt>
   <trkpt lat="45.5973130" lon="4.5711100">
    <ele>697.0</ele>
   </trkpt>
   <trkpt lat="45.5973580" lon="4.5711190">
    <ele>697.0</ele>
   </trkpt>
   <trkpt lat="45.5974040" lon="4.5711280">
    <ele>697.0</ele>
   </trkpt>
   <trkpt lat="45.5974490" lon="4.5711360">
    <ele>697.0</ele>
   </trkpt>
   <trkpt lat="45.5974930" lon="4.5711440">
    <ele>697.0</ele>
   </trkpt>
   <trkpt lat="45.5975370" lon="4.5711510">
    <ele>697.0</ele>
   </trkpt>
   <trkpt lat="45.5975800" lon="4.5711590">
    <ele>697.0</ele>
   </trkpt>
   <trkpt lat="45.5976230" lon="4.5711660">
    <ele>697.0</ele>
   </trkpt>
   <trkpt lat="45.5976650" lon="4.5711730">
    <ele>696.0</ele>
   </trkpt>
   <trkpt lat="45.5977080" lon="4.5711770">
    <ele>696.0</ele>
   </trkpt>
   <trkpt lat="45.5977500" lon="4.5711810">
    <ele>696.0</ele>
   </trkpt>
   <trkpt lat="45.5977920" lon="4.5711790">
    <ele>696.0</ele>
   </trkpt>
   <trkpt lat="45.5978330" lon="4.5711770">
    <ele>696.0</ele>
   </trkpt>
   <trkpt lat="45.5978740" lon="4.5711720">
    <ele>696.0</ele>
   </trkpt>
   <trkpt lat="45.5979150" lon="4.5711660">
    <ele>696.0</ele>
   </trkpt>
   <trkpt lat="45.5979580" lon="4.5711540">
    <ele>696.0</ele>
   </trkpt>
   <trkpt lat="45.5980000" lon="4.5711410">
    <ele>696.0</ele>
   </trkpt>
   <trkpt lat="45.5980410" lon="4.5711230">
    <ele>696.0</ele>
   </trkpt>
   <trkpt lat="45.5980830" lon="4.5711040">
    <ele>696.0</ele>
   </trkpt>
   <trkpt lat="45.5981240" lon="4.5710810">
    <ele>696.0</ele>
   </trkpt>
   <trkpt lat="45.5981660" lon="4.5710590">
    <ele>696.0</ele>
   </trkpt>
   <trkpt lat="45.5982060" lon="4.5710350">
    <ele>696.0</ele>
   </trkpt>
   <trkpt lat="45.5982460" lon="4.5710120">
    <ele>696.0</ele>
   </trkpt>
   <trkpt lat="45.5982860" lon="4.5709900">
    <ele>696.0</ele>
   </trkpt>
   <trkpt lat="45.5983250" lon="4.5709680">
    <ele>696.0</ele>
   </trkpt>
   <trkpt lat="45.5983650" lon="4.5709490">
    <ele>696.0</ele>
   </trkpt>
   <trkpt lat="45.5984060" lon="4.5709290">
    <ele>696.0</ele>
   </trkpt>
   <trkpt lat="45.5984470" lon="4.5709100">
    <ele>696.0</ele>
   </trkpt>
   <trkpt lat="45.5984890" lon="4.5708920">
    <ele>696.0</ele>
   </trkpt>
   <trkpt lat="45.5985290" lon="4.5708730">
    <ele>696.0</ele>
   </trkpt>
   <trkpt lat="45.5985690" lon="4.5708540">
    <ele>696.0</ele>
   </trkpt>
   <trkpt lat="45.5986100" lon="4.5708380">
    <ele>696.0</ele>
   </trkpt>
   <trkpt lat="45.5986500" lon="4.5708230">
    <ele>697.0</ele>
   </trkpt>
   <trkpt lat="45.5986910" lon="4.5708110">
    <ele>697.0</ele>
   </trkpt>
   <trkpt lat="45.5987310" lon="4.5708000">
    <ele>697.0</ele>
   </trkpt>
   <trkpt lat="45.5987710" lon="4.5707890">
    <ele>697.0</ele>
   </trkpt>
   <trkpt lat="45.5988120" lon="4.5707780">
    <ele>697.0</ele>
   </trkpt>
   <trkpt lat="45.5988510" lon="4.5707650">
    <ele>697.0</ele>
   </trkpt>
   <trkpt lat="45.5988910" lon="4.5707520">
    <ele>697.0</ele>
   </trkpt>
   <trkpt lat="45.5989310" lon="4.5707360">
    <ele>697.0</ele>
   </trkpt>
   <trkpt lat="45.5989700" lon="4.5707200">
    <ele>697.0</ele>
   </trkpt>
   <trkpt lat="45.5990080" lon="4.5706980">
    <ele>697.0</ele>
   </trkpt>
   <trkpt lat="45.5990460" lon="4.5706770">
    <ele>698.0</ele>
   </trkpt>
   <trkpt lat="45.5990810" lon="4.5706510">
    <ele>698.0</ele>
   </trkpt>
   <trkpt lat="45.5991170" lon="4.5706250">
    <ele>698.0</ele>
   </trkpt>
   <trkpt lat="45.5991510" lon="4.5705940">
    <ele>698.0</ele>
   </trkpt>
   <trkpt lat="45.5991850" lon="4.5705620">
    <ele>698.0</ele>
   </trkpt>
   <trkpt lat="45.5992160" lon="4.5705250">
    <ele>699.0</ele>
   </trkpt>
   <trkpt lat="45.5992480" lon="4.5704880">
    <ele>699.0</ele>
   </trkpt>
   <trkpt lat="45.5992760" lon="4.5704470">
    <ele>699.0</ele>
   </trkpt>
   <trkpt lat="45.5993040" lon="4.5704060">
    <ele>699.0</ele>
   </trkpt>
   <trkpt lat="45.5993330" lon="4.5703700">
    <ele>699.0</ele>
   </trkpt>
   <trkpt lat="45.5993620" lon="4.5703330">
    <ele>700.0</ele>
   </trkpt>
   <trkpt lat="45.5993950" lon="4.5703150">
    <ele>700.0</ele>
   </trkpt>
   <trkpt lat="45.5994270" lon="4.5702970">
    <ele>700.0</ele>
   </trkpt>
   <trkpt lat="45.5994630" lon="4.5703110">
    <ele>700.0</ele>
   </trkpt>
   <trkpt lat="45.5994990" lon="4.5703250">
    <ele>700.0</ele>
   </trkpt>
   <trkpt lat="45.5995320" lon="4.5703630">
    <ele>701.0</ele>
   </trkpt>
   <trkpt lat="45.5995650" lon="4.5704000">
    <ele>701.0</ele>
   </trkpt>
   <trkpt lat="45.5995960" lon="4.5704460">
    <ele>701.0</ele>
   </trkpt>
   <trkpt lat="45.5996250" lon="4.5704920">
    <ele>701.0</ele>
   </trkpt>
   <trkpt lat="45.5996520" lon="4.5705460">
    <ele>701.0</ele>
   </trkpt>
   <trkpt lat="45.5996790" lon="4.5705990">
    <ele>701.0</ele>
   </trkpt>
   <trkpt lat="45.5996990" lon="4.5706580">
    <ele>701.0</ele>
   </trkpt>
   <trkpt lat="45.5997200" lon="4.5707170">
    <ele>701.0</ele>
   </trkpt>
   <trkpt lat="45.5997370" lon="4.5707790">
    <ele>701.0</ele>
   </trkpt>
   <trkpt lat="45.5997550" lon="4.5708410">
    <ele>701.0</ele>
   </trkpt>
   <trkpt lat="45.5997700" lon="4.5709040">
    <ele>702.0</ele>
   </trkpt>
   <trkpt lat="45.5997850" lon="4.5709670">
    <ele>702.0</ele>
   </trkpt>
   <trkpt lat="45.5997950" lon="4.5710310">
    <ele>702.0</ele>
   </trkpt>
   <trkpt lat="45.5998040" lon="4.5710950">
    <ele>702.0</ele>
   </trkpt>
   <trkpt lat="45.5998090" lon="4.5711580">
    <ele>702.0</ele>
   </trkpt>
   <trkpt lat="45.5998150" lon="4.5712220">
    <ele>702.0</ele>
   </trkpt>
   <trkpt lat="45.5998210" lon="4.5712830">
    <ele>701.0</ele>
   </trkpt>
   <trkpt lat="45.5998270" lon="4.5713440">
    <ele>701.0</ele>
   </trkpt>
   <trkpt lat="45.5998370" lon="4.5714030">
    <ele>701.0</ele>
   </trkpt>
   <trkpt lat="45.5998460" lon="4.5714630">
    <ele>701.0</ele>
   </trkpt>
   <trkpt lat="45.5998580" lon="4.5715230">
    <ele>701.0</ele>
   </trkpt>
   <trkpt lat="45.5998690" lon="4.5715840">
    <ele>701.0</ele>
   </trkpt>
   <trkpt lat="45.5998800" lon="4.5716440">
    <ele>701.0</ele>
   </trkpt>
   <trkpt lat="45.5998910" lon="4.5717030">
    <ele>701.0</ele>
   </trkpt>
   <trkpt lat="45.5999000" lon="4.5717630">
    <ele>701.0</ele>
   </trkpt>
   <trkpt lat="45.5999090" lon="4.5718230">
    <ele>701.0</ele>
   </trkpt>
   <trkpt lat="45.5999150" lon="4.5718840">
    <ele>701.0</ele>
   </trkpt>
   <trkpt lat="45.5999220" lon="4.5719440">
    <ele>701.0</ele>
   </trkpt>
   <trkpt lat="45.5999280" lon="4.5720040">
    <ele>701.0</ele>
   </trkpt>
   <trkpt lat="45.5999330" lon="4.5720630">
    <ele>701.0</ele>
   </trkpt>
   <trkpt lat="45.5999370" lon="4.5721210">
    <ele>701.0</ele>
   </trkpt>
   <trkpt lat="45.5999400" lon="4.5721790">
    <ele>701.0</ele>
   </trkpt>
   <trkpt lat="45.5999430" lon="4.5722380">
    <ele>701.0</ele>
   </trkpt>
   <trkpt lat="45.5999470" lon="4.5722960">
    <ele>701.0</ele>
   </trkpt>
   <trkpt lat="45.5999530" lon="4.5723550">
    <ele>701.0</ele>
   </trkpt>
   <trkpt lat="45.5999590" lon="4.5724140">
    <ele>701.0</ele>
   </trkpt>
   <trkpt lat="45.5999670" lon="4.5724730">
    <ele>700.0</ele>
   </trkpt>
   <trkpt lat="45.5999750" lon="4.5725330">
    <ele>700.0</ele>
   </trkpt>
   <trkpt lat="45.5999820" lon="4.5725940">
    <ele>700.0</ele>
   </trkpt>
   <trkpt lat="45.5999880" lon="4.5726560">
    <ele>700.0</ele>
   </trkpt>
   <trkpt lat="45.5999940" lon="4.5727180">
    <ele>700.0</ele>
   </trkpt>
   <trkpt lat="45.6000000" lon="4.5727800">
    <ele>700.0</ele>
   </trkpt>
   <trkpt lat="45.6000090" lon="4.5728410">
    <ele>700.0</ele>
   </trkpt>
   <trkpt lat="45.6000170" lon="4.5729020">
    <ele>700.0</ele>
   </trkpt>
   <trkpt lat="45.6000250" lon="4.5729610">
    <ele>700.0</ele>
   </trkpt>
   <trkpt lat="45.6000320" lon="4.5730200">
    <ele>700.0</ele>
   </trkpt>
   <trkpt lat="45.6000400" lon="4.5730790">
    <ele>700.0</ele>
   </trkpt>
   <trkpt lat="45.6000470" lon="4.5731370">
    <ele>700.0</ele>
   </trkpt>
   <trkpt lat="45.6000550" lon="4.5731970">
    <ele>700.0</ele>
   </trkpt>
   <trkpt lat="45.6000630" lon="4.5732570">
    <ele>700.0</ele>
   </trkpt>
   <trkpt lat="45.6000710" lon="4.5733190">
    <ele>700.0</ele>
   </trkpt>
   <trkpt lat="45.6000790" lon="4.5733810">
    <ele>700.0</ele>
   </trkpt>
   <trkpt lat="45.6000860" lon="4.5734430">
    <ele>700.0</ele>
   </trkpt>
   <trkpt lat="45.6000920" lon="4.5735040">
    <ele>700.0</ele>
   </trkpt>
   <trkpt lat="45.6000980" lon="4.5735650">
    <ele>700.0</ele>
   </trkpt>
   <trkpt lat="45.6001040" lon="4.5736270">
    <ele>700.0</ele>
   </trkpt>
   <trkpt lat="45.6001080" lon="4.5736890">
    <ele>699.0</ele>
   </trkpt>
   <trkpt lat="45.6001130" lon="4.5737520">
    <ele>699.0</ele>
   </trkpt>
   <trkpt lat="45.6001180" lon="4.5738140">
    <ele>699.0</ele>
   </trkpt>
   <trkpt lat="45.6001230" lon="4.5738760">
    <ele>699.0</ele>
   </trkpt>
   <trkpt lat="45.6001290" lon="4.5739380">
    <ele>699.0</ele>
   </trkpt>
   <trkpt lat="45.6001360" lon="4.5740010">
    <ele>699.0</ele>
   </trkpt>
   <trkpt lat="45.6001460" lon="4.5740630">
    <ele>699.0</ele>
   </trkpt>
   <trkpt lat="45.6001560" lon="4.5741250">
    <ele>699.0</ele>
   </trkpt>
   <trkpt lat="45.6001660" lon="4.5741870">
    <ele>699.0</ele>
   </trkpt>
   <trkpt lat="45.6001760" lon="4.5742490">
    <ele>699.0</ele>
   </trkpt>
   <trkpt lat="45.6001840" lon="4.5743100">
    <ele>698.0</ele>
   </trkpt>
   <trkpt lat="45.6001920" lon="4.5743720">
    <ele>698.0</ele>
   </trkpt>
   <trkpt lat="45.6001970" lon="4.5744330">
    <ele>698.0</ele>
   </trkpt>
   <trkpt lat="45.6002020" lon="4.5744930">
    <ele>698.0</ele>
   </trkpt>
   <trkpt lat="45.6002040" lon="4.5745540">
    <ele>698.0</ele>
   </trkpt>
   <trkpt lat="45.6002060" lon="4.5746150">
    <ele>698.0</ele>
   </trkpt>
   <trkpt lat="45.6002100" lon="4.5746750">
    <ele>698.0</ele>
   </trkpt>
   <trkpt lat="45.6002130" lon="4.5747360">
    <ele>698.0</ele>
   </trkpt>
   <trkpt lat="45.6002210" lon="4.5747980">
    <ele>698.0</ele>
   </trkpt>
   <trkpt lat="45.6002290" lon="4.5748590">
    <ele>698.0</ele>
   </trkpt>
   <trkpt lat="45.6002410" lon="4.5749220">
    <ele>697.0</ele>
   </trkpt>
   <trkpt lat="45.6002520" lon="4.5749850">
    <ele>697.0</ele>
   </trkpt>
   <trkpt lat="45.6002650" lon="4.5750470">
    <ele>697.0</ele>
   </trkpt>
   <trkpt lat="45.6002790" lon="4.5751100">
    <ele>697.0</ele>
   </trkpt>
   <trkpt lat="45.6002930" lon="4.5751730">
    <ele>697.0</ele>
   </trkpt>
   <trkpt lat="45.6003080" lon="4.5752350">
    <ele>696.0</ele>
   </trkpt>
   <trkpt lat="45.6003250" lon="4.5752970">
    <ele>696.0</ele>
   </trkpt>
   <trkpt lat="45.6003420" lon="4.5753590">
    <ele>696.0</ele>
   </trkpt>
   <trkpt lat="45.6003610" lon="4.5754190">
    <ele>696.0</ele>
   </trkpt>
   <trkpt lat="45.6003790" lon="4.5754790">
    <ele>696.0</ele>
   </trkpt>
   <trkpt lat="45.6003960" lon="4.5755370">
    <ele>696.0</ele>
   </trkpt>
   <trkpt lat="45.6004130" lon="4.5755950">
    <ele>696.0</ele>
   </trkpt>
   <trkpt lat="45.6004300" lon="4.5756520">
    <ele>696.0</ele>
   </trkpt>
   <trkpt lat="45.6004470" lon="4.5757100">
    <ele>696.0</ele>
   </trkpt>
   <trkpt lat="45.6004650" lon="4.5757660">
    <ele>696.0</ele>
   </trkpt>
   <trkpt lat="45.6004830" lon="4.5758220">
    <ele>695.0</ele>
   </trkpt>
   <trkpt lat="45.6005050" lon="4.5758770">
    <ele>695.0</ele>
   </trkpt>
   <trkpt lat="45.6005280" lon="4.5759320">
    <ele>695.0</ele>
   </trkpt>
   <trkpt lat="45.6005540" lon="4.5759840">
    <ele>695.0</ele>
   </trkpt>
   <trkpt lat="45.6005800" lon="4.5760370">
    <ele>695.0</ele>
   </trkpt>
   <trkpt lat="45.6006080" lon="4.5760840">
    <ele>694.0</ele>
   </trkpt>
   <trkpt lat="45.6006370" lon="4.5761320">
    <ele>694.0</ele>
   </trkpt>
   <trkpt lat="45.6006650" lon="4.5761770">
    <ele>694.0</ele>
   </trkpt>
   <trkpt lat="45.6006930" lon="4.5762220">
    <ele>694.0</ele>
   </trkpt>
   <trkpt lat="45.6007190" lon="4.5762650">
    <ele>694.0</ele>
   </trkpt>
   <trkpt lat="45.6007450" lon="4.5763080">
    <ele>693.0</ele>
   </trkpt>
   <trkpt lat="45.6007740" lon="4.5763490">
    <ele>693.0</ele>
   </trkpt>
   <trkpt lat="45.6008030" lon="4.5763910">
    <ele>693.0</ele>
   </trkpt>
   <trkpt lat="45.6008340" lon="4.5764300">
    <ele>693.0</ele>
   </trkpt>
   <trkpt lat="45.6008650" lon="4.5764700">
    <ele>693.0</ele>
   </trkpt>
   <trkpt lat="45.6008970" lon="4.5765110">
    <ele>693.0</ele>
   </trkpt>
   <trkpt lat="45.6009290" lon="4.5765510">
    <ele>693.0</ele>
   </trkpt>
   <trkpt lat="45.6009590" lon="4.5765950">
    <ele>693.0</ele>
   </trkpt>
   <trkpt lat="45.6009890" lon="4.5766390">
    <ele>693.0</ele>
   </trkpt>
   <trkpt lat="45.6010170" lon="4.5766830">
    <ele>693.0</ele>
   </trkpt>
   <trkpt lat="45.6010450" lon="4.5767270">
    <ele>693.0</ele>
   </trkpt>
   <trkpt lat="45.6010650" lon="4.5767750">
    <ele>693.0</ele>
   </trkpt>
   <trkpt lat="45.6010850" lon="4.5768230">
    <ele>693.0</ele>
   </trkpt>
   <trkpt lat="45.6010990" lon="4.5768720">
    <ele>693.0</ele>
   </trkpt>
   <trkpt lat="45.6011130" lon="4.5769220">
    <ele>693.0</ele>
   </trkpt>
   <trkpt lat="45.6011260" lon="4.5769710">
    <ele>693.0</ele>
   </trkpt>
   <trkpt lat="45.6011400" lon="4.5770210">
    <ele>693.0</ele>
   </trkpt>
   <trkpt lat="45.6011530" lon="4.5770720">
    <ele>693.0</ele>
   </trkpt>
   <trkpt lat="45.6011670" lon="4.5771230">
    <ele>693.0</ele>
   </trkpt>
   <trkpt lat="45.6011800" lon="4.5771750">
    <ele>694.0</ele>
   </trkpt>
   <trkpt lat="45.6011930" lon="4.5772270">
    <ele>694.0</ele>
   </trkpt>
   <trkpt lat="45.6012080" lon="4.5772780">
    <ele>694.0</ele>
   </trkpt>
   <trkpt lat="45.6012220" lon="4.5773280">
    <ele>694.0</ele>
   </trkpt>
   <trkpt lat="45.6012350" lon="4.5773800">
    <ele>694.0</ele>
   </trkpt>
   <trkpt lat="45.6012470" lon="4.5774320">
    <ele>695.0</ele>
   </trkpt>
   <trkpt lat="45.6012610" lon="4.5774850">
    <ele>695.0</ele>
   </trkpt>
   <trkpt lat="45.6012740" lon="4.5775390">
    <ele>695.0</ele>
   </trkpt>
   <trkpt lat="45.6012860" lon="4.5775940">
    <ele>695.0</ele>
   </trkpt>
   <trkpt lat="45.6012970" lon="4.5776500">
    <ele>695.0</ele>
   </trkpt>
   <trkpt lat="45.6013020" lon="4.5777070">
    <ele>696.0</ele>
   </trkpt>
   <trkpt lat="45.6013080" lon="4.5777650">
    <ele>696.0</ele>
   </trkpt>
   <trkpt lat="45.6013070" lon="4.5778230">
    <ele>696.0</ele>
   </trkpt>
   <trkpt lat="45.6013050" lon="4.5778810">
    <ele>696.0</ele>
   </trkpt>
   <trkpt lat="45.6012990" lon="4.5779380">
    <ele>696.0</ele>
   </trkpt>
   <trkpt lat="45.6012930" lon="4.5779950">
    <ele>696.0</ele>
   </trkpt>
   <trkpt lat="45.6012830" lon="4.5780490">
    <ele>696.0</ele>
   </trkpt>
   <trkpt lat="45.6012730" lon="4.5781040">
    <ele>696.0</ele>
   </trkpt>
   <trkpt lat="45.6012580" lon="4.5781550">
    <ele>696.0</ele>
   </trkpt>
   <trkpt lat="45.6012430" lon="4.5782070">
    <ele>696.0</ele>
   </trkpt>
   <trkpt lat="45.6012230" lon="4.5782540">
    <ele>696.0</ele>
   </trkpt>
   <trkpt lat="45.6012030" lon="4.5783010">
    <ele>696.0</ele>
   </trkpt>
   <trkpt lat="45.6011780" lon="4.5783460">
    <ele>696.0</ele>
   </trkpt>
   <trkpt lat="45.6011530" lon="4.5783910">
    <ele>696.0</ele>
   </trkpt>
   <trkpt lat="45.6011260" lon="4.5784350">
    <ele>696.0</ele>
   </trkpt>
   <trkpt lat="45.6011000" lon="4.5784790">
    <ele>697.0</ele>
   </trkpt>
   <trkpt lat="45.6010740" lon="4.5785220">
    <ele>697.0</ele>
   </trkpt>
   <trkpt lat="45.6010480" lon="4.5785660">
    <ele>697.0</ele>
   </trkpt>
   <trkpt lat="45.6010210" lon="4.5786110">
    <ele>697.0</ele>
   </trkpt>
   <trkpt lat="45.6009950" lon="4.5786570">
    <ele>697.0</ele>
   </trkpt>
   <trkpt lat="45.6009690" lon="4.5787040">
    <ele>698.0</ele>
   </trkpt>
   <trkpt lat="45.6009440" lon="4.5787510">
    <ele>698.0</ele>
   </trkpt>
   <trkpt lat="45.6009200" lon="4.5788000">
    <ele>698.0</ele>
   </trkpt>
   <trkpt lat="45.6008970" lon="4.5788480">
    <ele>698.0</ele>
   </trkpt>
   <trkpt lat="45.6008750" lon="4.5788980">
    <ele>698.0</ele>
   </trkpt>
   <trkpt lat="45.6008540" lon="4.5789470">
    <ele>699.0</ele>
   </trkpt>
   <trkpt lat="45.6008390" lon="4.5789990">
    <ele>699.0</ele>
   </trkpt>
   <trkpt lat="45.6008240" lon="4.5790510">
    <ele>699.0</ele>
   </trkpt>
   <trkpt lat="45.6008120" lon="4.5791060">
    <ele>699.0</ele>
   </trkpt>
   <trkpt lat="45.6008010" lon="4.5791600">
    <ele>699.0</ele>
   </trkpt>
   <trkpt lat="45.6007940" lon="4.5792160">
    <ele>699.0</ele>
   </trkpt>
   <trkpt lat="45.6007870" lon="4.5792720">
    <ele>699.0</ele>
   </trkpt>
   <trkpt lat="45.6007830" lon="4.5793290">
    <ele>699.0</ele>
   </trkpt>
   <trkpt lat="45.6007790" lon="4.5793870">
    <ele>699.0</ele>
   </trkpt>
   <trkpt lat="45.6007780" lon="4.5794440">
    <ele>699.0</ele>
   </trkpt>
   <trkpt lat="45.6007770" lon="4.5795020">
    <ele>700.0</ele>
   </trkpt>
   <trkpt lat="45.6007770" lon="4.5795590">
    <ele>700.0</ele>
   </trkpt>
   <trkpt lat="45.6007770" lon="4.5796160">
    <ele>700.0</ele>
   </trkpt>
   <trkpt lat="45.6007790" lon="4.5796700">
    <ele>700.0</ele>
   </trkpt>
   <trkpt lat="45.6007810" lon="4.5797250">
    <ele>700.0</ele>
   </trkpt>
   <trkpt lat="45.6007840" lon="4.5797800">
    <ele>700.0</ele>
   </trkpt>
   <trkpt lat="45.6007880" lon="4.5798350">
    <ele>700.0</ele>
   </trkpt>
   <trkpt lat="45.6007920" lon="4.5798910">
    <ele>700.0</ele>
   </trkpt>
   <trkpt lat="45.6007950" lon="4.5799470">
    <ele>700.0</ele>
   </trkpt>
   <trkpt lat="45.6007990" lon="4.5800050">
    <ele>700.0</ele>
   </trkpt>
   <trkpt lat="45.6008030" lon="4.5800640">
    <ele>700.0</ele>
   </trkpt>
   <trkpt lat="45.6008080" lon="4.5801220">
    <ele>700.0</ele>
   </trkpt>
   <trkpt lat="45.6008130" lon="4.5801800">
    <ele>700.0</ele>
   </trkpt>
   <trkpt lat="45.6008170" lon="4.5802390">
    <ele>700.0</ele>
   </trkpt>
   <trkpt lat="45.6008220" lon="4.5802980">
    <ele>700.0</ele>
   </trkpt>
   <trkpt lat="45.6008270" lon="4.5803570">
    <ele>700.0</ele>
   </trkpt>
   <trkpt lat="45.6008320" lon="4.5804160">
    <ele>700.0</ele>
   </trkpt>
   <trkpt lat="45.6008380" lon="4.5804740">
    <ele>700.0</ele>
   </trkpt>
   <trkpt lat="45.6008430" lon="4.5805320">
    <ele>700.0</ele>
   </trkpt>
   <trkpt lat="45.6008500" lon="4.5805890">
    <ele>700.0</ele>
   </trkpt>
   <trkpt lat="45.6008570" lon="4.5806450">
    <ele>700.0</ele>
   </trkpt>
   <trkpt lat="45.6008680" lon="4.5807010">
    <ele>700.0</ele>
   </trkpt>
   <trkpt lat="45.6008790" lon="4.5807570">
    <ele>700.0</ele>
   </trkpt>
   <trkpt lat="45.6008890" lon="4.5808090">
    <ele>700.0</ele>
   </trkpt>
   <trkpt lat="45.6008980" lon="4.5808620">
    <ele>700.0</ele>
   </trkpt>
   <trkpt lat="45.6009030" lon="4.5809100">
    <ele>701.0</ele>
   </trkpt>
   <trkpt lat="45.6009090" lon="4.5809580">
    <ele>701.0</ele>
   </trkpt>
   <trkpt lat="45.6009120" lon="4.5810030">
    <ele>701.0</ele>
   </trkpt>
   <trkpt lat="45.6009150" lon="4.5810480">
    <ele>702.0</ele>
   </trkpt>
   <trkpt lat="45.6009160" lon="4.5810900">
    <ele>702.0</ele>
   </trkpt>
   <trkpt lat="45.6009170" lon="4.5811320">
    <ele>703.0</ele>
   </trkpt>
   <trkpt lat="45.6009180" lon="4.5811720">
    <ele>703.0</ele>
   </trkpt>
   <trkpt lat="45.6009190" lon="4.5812110">
    <ele>703.0</ele>
   </trkpt>
   <trkpt lat="45.6009190" lon="4.5812530">
    <ele>703.0</ele>
   </trkpt>
   <trkpt lat="45.6009200" lon="4.5812940">
    <ele>703.0</ele>
   </trkpt>
   <trkpt lat="45.6009220" lon="4.5813380">
    <ele>704.0</ele>
   </trkpt>
   <trkpt lat="45.6009240" lon="4.5813820">
    <ele>704.0</ele>
   </trkpt>
   <trkpt lat="45.6009250" lon="4.5814270">
    <ele>705.0</ele>
   </trkpt>
   <trkpt lat="45.6009270" lon="4.5814720">
    <ele>705.0</ele>
   </trkpt>
   <trkpt lat="45.6009270" lon="4.5815180">
    <ele>706.0</ele>
   </trkpt>
   <trkpt lat="45.6009270" lon="4.5815640">
    <ele>707.0</ele>
   </trkpt>
   <trkpt lat="45.6009270" lon="4.5816120">
    <ele>707.0</ele>
   </trkpt>
   <trkpt lat="45.6009260" lon="4.5816600">
    <ele>707.0</ele>
   </trkpt>
   <trkpt lat="45.6009280" lon="4.5817090">
    <ele>707.0</ele>
   </trkpt>
   <trkpt lat="45.6009300" lon="4.5817580">
    <ele>707.0</ele>
   </trkpt>
   <trkpt lat="45.6009350" lon="4.5818060">
    <ele>708.0</ele>
   </trkpt>
   <trkpt lat="45.6009410" lon="4.5818540">
    <ele>708.0</ele>
   </trkpt>
   <trkpt lat="45.6009480" lon="4.5818980">
    <ele>708.0</ele>
   </trkpt>
   <trkpt lat="45.6009560" lon="4.5819430">
    <ele>709.0</ele>
   </trkpt>
   <trkpt lat="45.6009640" lon="4.5819840">
    <ele>709.0</ele>
   </trkpt>
   <trkpt lat="45.6009720" lon="4.5820250">
    <ele>710.0</ele>
   </trkpt>
   <trkpt lat="45.6009790" lon="4.5820670">
    <ele>710.0</ele>
   </trkpt>
   <trkpt lat="45.6009860" lon="4.5821080">
    <ele>710.0</ele>
   </trkpt>
   <trkpt lat="45.6009950" lon="4.5821500">
    <ele>710.0</ele>
   </trkpt>
   <trkpt lat="45.6010030" lon="4.5821930">
    <ele>710.0</ele>
   </trkpt>
   <trkpt lat="45.6010130" lon="4.5822370">
    <ele>711.0</ele>
   </trkpt>
   <trkpt lat="45.6010230" lon="4.5822810">
    <ele>711.0</ele>
   </trkpt>
   <trkpt lat="45.6010330" lon="4.5823240">
    <ele>711.0</ele>
   </trkpt>
   <trkpt lat="45.6010430" lon="4.5823670">
    <ele>712.0</ele>
   </trkpt>
   <trkpt lat="45.6010520" lon="4.5824100">
    <ele>712.0</ele>
   </trkpt>
   <trkpt lat="45.6010620" lon="4.5824530">
    <ele>713.0</ele>
   </trkpt>
   <trkpt lat="45.6010700" lon="4.5824960">
    <ele>713.0</ele>
   </trkpt>
   <trkpt lat="45.6010790" lon="4.5825390">
    <ele>713.0</ele>
   </trkpt>
   <trkpt lat="45.6010860" lon="4.5825810">
    <ele>713.0</ele>
   </trkpt>
   <trkpt lat="45.6010930" lon="4.5826230">
    <ele>713.0</ele>
   </trkpt>
   <trkpt lat="45.6011010" lon="4.5826650">
    <ele>714.0</ele>
   </trkpt>
   <trkpt lat="45.6011080" lon="4.5827070">
    <ele>714.0</ele>
   </trkpt>
   <trkpt lat="45.6011160" lon="4.5827510">
    <ele>714.0</ele>
   </trkpt>
   <trkpt lat="45.6011240" lon="4.5827940">
    <ele>715.0</ele>
   </trkpt>
   <trkpt lat="45.6011310" lon="4.5828380">
    <ele>715.0</ele>
   </trkpt>
   <trkpt lat="45.6011380" lon="4.5828830">
    <ele>716.0</ele>
   </trkpt>
   <trkpt lat="45.6011450" lon="4.5829290">
    <ele>716.0</ele>
   </trkpt>
   <trkpt lat="45.6011510" lon="4.5829750">
    <ele>716.0</ele>
   </trkpt>
   <trkpt lat="45.6011620" lon="4.5830130">
    <ele>716.0</ele>
   </trkpt>
   <trkpt lat="45.6011720" lon="4.5830500">
    <ele>716.0</ele>
   </trkpt>
   <trkpt lat="45.6011850" lon="4.5830550">
    <ele>717.0</ele>
   </trkpt>
   <trkpt lat="45.6011980" lon="4.5830590">
    <ele>717.0</ele>
   </trkpt>
   <trkpt lat="45.6012070" lon="4.5830340">
    <ele>717.0</ele>
   </trkpt>
   <trkpt lat="45.6012160" lon="4.5830080">
    <ele>718.0</ele>
   </trkpt>
   <trkpt lat="45.6012230" lon="4.5829700">
    <ele>718.0</ele>
   </trkpt>
   <trkpt lat="45.6012300" lon="4.5829320">
    <ele>719.0</ele>
   </trkpt>
   <trkpt lat="45.6012370" lon="4.5828910">
    <ele>719.0</ele>
   </trkpt>
   <trkpt lat="45.6012440" lon="4.5828500">
    <ele>719.0</ele>
   </trkpt>
   <trkpt lat="45.6012520" lon="4.5828110">
    <ele>719.0</ele>
   </trkpt>
   <trkpt lat="45.6012600" lon="4.5827720">
    <ele>719.0</ele>
   </trkpt>
   <trkpt lat="45.6012670" lon="4.5827340">
    <ele>720.0</ele>
   </trkpt>
   <trkpt lat="45.6012740" lon="4.5826960">
    <ele>720.0</ele>
   </trkpt>
   <trkpt lat="45.6012810" lon="4.5826600">
    <ele>720.0</ele>
   </trkpt>
   <trkpt lat="45.6012880" lon="4.5826240">
    <ele>721.0</ele>
   </trkpt>
   <trkpt lat="45.6012950" lon="4.5825900">
    <ele>721.0</ele>
   </trkpt>
   <trkpt lat="45.6013020" lon="4.5825570">
    <ele>722.0</ele>
   </trkpt>
   <trkpt lat="45.6013080" lon="4.5825240">
    <ele>722.0</ele>
   </trkpt>
   <trkpt lat="45.6013150" lon="4.5824910">
    <ele>722.0</ele>
   </trkpt>
   <trkpt lat="45.6013210" lon="4.5824580">
    <ele>723.0</ele>
   </trkpt>
   <trkpt lat="45.6013280" lon="4.5824260">
    <ele>723.0</ele>
   </trkpt>
   <trkpt lat="45.6013340" lon="4.5823920">
    <ele>724.0</ele>
   </trkpt>
   <trkpt lat="45.6013400" lon="4.5823570">
    <ele>724.0</ele>
   </trkpt>
   <trkpt lat="45.6013470" lon="4.5823220">
    <ele>724.0</ele>
   </trkpt>
   <trkpt lat="45.6013540" lon="4.5822860">
    <ele>725.0</ele>
   </trkpt>
   <trkpt lat="45.6013600" lon="4.5822500">
    <ele>725.0</ele>
   </trkpt>
   <trkpt lat="45.6013660" lon="4.5822140">
    <ele>726.0</ele>
   </trkpt>
   <trkpt lat="45.6013700" lon="4.5821780">
    <ele>726.0</ele>
   </trkpt>
   <trkpt lat="45.6013750" lon="4.5821410">
    <ele>726.0</ele>
   </trkpt>
   <trkpt lat="45.6013780" lon="4.5821000">
    <ele>726.0</ele>
   </trkpt>
   <trkpt lat="45.6013800" lon="4.5820590">
    <ele>726.0</ele>
   </trkpt>
   <trkpt lat="45.6013840" lon="4.5820190">
    <ele>727.0</ele>
   </trkpt>
   <trkpt lat="45.6013880" lon="4.5819780">
    <ele>727.0</ele>
   </trkpt>
   <trkpt lat="45.6013940" lon="4.5819410">
    <ele>728.0</ele>
   </trkpt>
   <trkpt lat="45.6013990" lon="4.5819040">
    <ele>728.0</ele>
   </trkpt>
   <trkpt lat="45.6014070" lon="4.5818690">
    <ele>729.0</ele>
   </trkpt>
   <trkpt lat="45.6014160" lon="4.5818340">
    <ele>730.0</ele>
   </trkpt>
   <trkpt lat="45.6014250" lon="4.5818010">
    <ele>730.0</ele>
   </trkpt>
   <trkpt lat="45.6014340" lon="4.5817680">
    <ele>730.0</ele>
   </trkpt>
   <trkpt lat="45.6014410" lon="4.5817330">
    <ele>730.0</ele>
   </trkpt>
   <trkpt lat="45.6014490" lon="4.5816980">
    <ele>730.0</ele>
   </trkpt>
   <trkpt lat="45.6014550" lon="4.5816610">
    <ele>731.0</ele>
   </trkpt>
   <trkpt lat="45.6014600" lon="4.5816240">
    <ele>731.0</ele>
   </trkpt>
   <trkpt lat="45.6014620" lon="4.5815830">
    <ele>731.0</ele>
   </trkpt>
   <trkpt lat="45.6014650" lon="4.5815410">
    <ele>732.0</ele>
   </trkpt>
   <trkpt lat="45.6014670" lon="4.5814960">
    <ele>732.0</ele>
   </trkpt>
   <trkpt lat="45.6014700" lon="4.5814520">
    <ele>733.0</ele>
   </trkpt>
   <trkpt lat="45.6014760" lon="4.5814070">
    <ele>733.0</ele>
   </trkpt>
   <trkpt lat="45.6014820" lon="4.5813620">
    <ele>733.0</ele>
   </trkpt>
   <trkpt lat="45.6014900" lon="4.5813200">
    <ele>733.0</ele>
   </trkpt>
   <trkpt lat="45.6014980" lon="4.5812790">
    <ele>733.0</ele>
   </trkpt>
   <trkpt lat="45.6015050" lon="4.5812370">
    <ele>734.0</ele>
   </trkpt>
   <trkpt lat="45.6015120" lon="4.5811960">
    <ele>734.0</ele>
   </trkpt>
   <trkpt lat="45.6015190" lon="4.5811540">
    <ele>734.0</ele>
   </trkpt>
   <trkpt lat="45.6015260" lon="4.5811120">
    <ele>735.0</ele>
   </trkpt>
   <trkpt lat="45.6015300" lon="4.5810670">
    <ele>735.0</ele>
   </trkpt>
   <trkpt lat="45.6015340" lon="4.5810220">
    <ele>736.0</ele>
   </trkpt>
   <trkpt lat="45.6015370" lon="4.5809760">
    <ele>736.0</ele>
   </trkpt>
   <trkpt lat="45.6015390" lon="4.5809310">
    <ele>736.0</ele>
   </trkpt>
   <trkpt lat="45.6015420" lon="4.5808870">
    <ele>736.0</ele>
   </trkpt>
   <trkpt lat="45.6015440" lon="4.5808430">
    <ele>736.0</ele>
   </trkpt>
   <trkpt lat="45.6015480" lon="4.5808010">
    <ele>737.0</ele>
   </trkpt>
   <trkpt lat="45.6015510" lon="4.5807590">
    <ele>737.0</ele>
   </trkpt>
   <trkpt lat="45.6015550" lon="4.5807200">
    <ele>737.0</ele>
   </trkpt>
   <trkpt lat="45.6015590" lon="4.5806810">
    <ele>738.0</ele>
   </trkpt>
   <trkpt lat="45.6015640" lon="4.5806430">
    <ele>738.0</ele>
   </trkpt>
   <trkpt lat="45.6015690" lon="4.5806050">
    <ele>739.0</ele>
   </trkpt>
   <trkpt lat="45.6015770" lon="4.5805690">
    <ele>739.0</ele>
   </trkpt>
   <trkpt lat="45.6015860" lon="4.5805320">
    <ele>739.0</ele>
   </trkpt>
   <trkpt lat="45.6015940" lon="4.5804990">
    <ele>739.0</ele>
   </trkpt>
   <trkpt lat="45.6016020" lon="4.5804650">
    <ele>739.0</ele>
   </trkpt>
   <trkpt lat="45.6016090" lon="4.5804320">
    <ele>740.0</ele>
   </trkpt>
   <trkpt lat="45.6016170" lon="4.5803980">
    <ele>740.0</ele>
   </trkpt>
   <trkpt lat="45.6016230" lon="4.5803660">
    <ele>740.0</ele>
   </trkpt>
   <trkpt lat="45.6016300" lon="4.5803340">
    <ele>741.0</ele>
   </trkpt>
   <trkpt lat="45.6016390" lon="4.5803030">
    <ele>741.0</ele>
   </trkpt>
   <trkpt lat="45.6016480" lon="4.5802730">
    <ele>742.0</ele>
   </trkpt>
   <trkpt lat="45.6016590" lon="4.5802430">
    <ele>742.0</ele>
   </trkpt>
   <trkpt lat="45.6016700" lon="4.5802130">
    <ele>742.0</ele>
   </trkpt>
   <trkpt lat="45.6016830" lon="4.5801820">
    <ele>743.0</ele>
   </trkpt>
   <trkpt lat="45.6016970" lon="4.5801510">
    <ele>743.0</ele>
   </trkpt>
   <trkpt lat="45.6017110" lon="4.5801210">
    <ele>744.0</ele>
   </trkpt>
   <trkpt lat="45.6017260" lon="4.5800920">
    <ele>744.0</ele>
   </trkpt>
   <trkpt lat="45.6017420" lon="4.5800660">
    <ele>744.0</ele>
   </trkpt>
   <trkpt lat="45.6017570" lon="4.5800400">
    <ele>745.0</ele>
   </trkpt>
   <trkpt lat="45.6017720" lon="4.5800160">
    <ele>745.0</ele>
   </trkpt>
   <trkpt lat="45.6017870" lon="4.5799930">
    <ele>746.0</ele>
   </trkpt>
   <trkpt lat="45.6018030" lon="4.5799740">
    <ele>746.0</ele>
   </trkpt>
   <trkpt lat="45.6018190" lon="4.5799560">
    <ele>746.0</ele>
   </trkpt>
   <trkpt lat="45.6018410" lon="4.5799430">
    <ele>747.0</ele>
   </trkpt>
   <trkpt lat="45.6018630" lon="4.5799300">
    <ele>747.0</ele>
   </trkpt>
   <trkpt lat="45.6018900" lon="4.5799200">
    <ele>748.0</ele>
   </trkpt>
   <trkpt lat="45.6019170" lon="4.5799100">
    <ele>748.0</ele>
   </trkpt>
   <trkpt lat="45.6019460" lon="4.5798980">
    <ele>748.0</ele>
   </trkpt>
   <trkpt lat="45.6019760" lon="4.5798870">
    <ele>749.0</ele>
   </trkpt>
   <trkpt lat="45.6020060" lon="4.5798690">
    <ele>749.0</ele>
   </trkpt>
   <trkpt lat="45.6020350" lon="4.5798510">
    <ele>750.0</ele>
   </trkpt>
   <trkpt lat="45.6020650" lon="4.5798260">
    <ele>750.0</ele>
   </trkpt>
   <trkpt lat="45.6020950" lon="4.5798000">
    <ele>750.0</ele>
   </trkpt>
   <trkpt lat="45.6021220" lon="4.5797640">
    <ele>750.0</ele>
   </trkpt>
   <trkpt lat="45.6021500" lon="4.5797270">
    <ele>750.0</ele>
   </trkpt>
   <trkpt lat="45.6021750" lon="4.5796820">
    <ele>751.0</ele>
   </trkpt>
   <trkpt lat="45.6022000" lon="4.5796370">
    <ele>751.0</ele>
   </trkpt>
   <trkpt lat="45.6022230" lon="4.5795920">
    <ele>751.0</ele>
   </trkpt>
   <trkpt lat="45.6022450" lon="4.5795460">
    <ele>751.0</ele>
   </trkpt>
   <trkpt lat="45.6022650" lon="4.5795010">
    <ele>751.0</ele>
   </trkpt>
   <trkpt lat="45.6022850" lon="4.5794560">
    <ele>751.0</ele>
   </trkpt>
   <trkpt lat="45.6022990" lon="4.5794090">
    <ele>751.0</ele>
   </trkpt>
   <trkpt lat="45.6023140" lon="4.5793620">
    <ele>751.0</ele>
   </trkpt>
   <trkpt lat="45.6023250" lon="4.5793140">
    <ele>751.0</ele>
   </trkpt>
   <trkpt lat="45.6023360" lon="4.5792660">
    <ele>751.0</ele>
   </trkpt>
   <trkpt lat="45.6023450" lon="4.5792180">
    <ele>751.0</ele>
   </trkpt>
   <trkpt lat="45.6023540" lon="4.5791690">
    <ele>751.0</ele>
   </trkpt>
   <trkpt lat="45.6023630" lon="4.5791210">
    <ele>751.0</ele>
   </trkpt>
   <trkpt lat="45.6023720" lon="4.5790720">
    <ele>751.0</ele>
   </trkpt>
   <trkpt lat="45.6023790" lon="4.5790260">
    <ele>751.0</ele>
   </trkpt>
   <trkpt lat="45.6023870" lon="4.5789800">
    <ele>751.0</ele>
   </trkpt>
   <trkpt lat="45.6023960" lon="4.5789360">
    <ele>751.0</ele>
   </trkpt>
   <trkpt lat="45.6024040" lon="4.5788930">
    <ele>751.0</ele>
   </trkpt>
   <trkpt lat="45.6024120" lon="4.5788490">
    <ele>751.0</ele>
   </trkpt>
   <trkpt lat="45.6024200" lon="4.5788050">
    <ele>751.0</ele>
   </trkpt>
   <trkpt lat="45.6024260" lon="4.5787600">
    <ele>751.0</ele>
   </trkpt>
   <trkpt lat="45.6024320" lon="4.5787150">
    <ele>751.0</ele>
   </trkpt>
   <trkpt lat="45.6024370" lon="4.5786690">
    <ele>751.0</ele>
   </trkpt>
   <trkpt lat="45.6024410" lon="4.5786220">
    <ele>751.0</ele>
   </trkpt>
   <trkpt lat="45.6024460" lon="4.5785760">
    <ele>751.0</ele>
   </trkpt>
   <trkpt lat="45.6024500" lon="4.5785300">
    <ele>752.0</ele>
   </trkpt>
   <trkpt lat="45.6024540" lon="4.5784860">
    <ele>752.0</ele>
   </trkpt>
   <trkpt lat="45.6024580" lon="4.5784420">
    <ele>752.0</ele>
   </trkpt>
   <trkpt lat="45.6024610" lon="4.5783980">
    <ele>752.0</ele>
   </trkpt>
   <trkpt lat="45.6024640" lon="4.5783540">
    <ele>752.0</ele>
   </trkpt>
   <trkpt lat="45.6024630" lon="4.5783110">
    <ele>753.0</ele>
   </trkpt>
   <trkpt lat="45.6024630" lon="4.5782670">
    <ele>753.0</ele>
   </trkpt>
   <trkpt lat="45.6024600" lon="4.5782230">
    <ele>753.0</ele>
   </trkpt>
   <trkpt lat="45.6024570" lon="4.5781790">
    <ele>754.0</ele>
   </trkpt>
   <trkpt lat="45.6024510" lon="4.5781330">
    <ele>754.0</ele>
   </trkpt>
   <trkpt lat="45.6024460" lon="4.5780880">
    <ele>755.0</ele>
   </trkpt>
   <trkpt lat="45.6024420" lon="4.5780420">
    <ele>755.0</ele>
   </trkpt>
   <trkpt lat="45.6024380" lon="4.5779960">
    <ele>755.0</ele>
   </trkpt>
   <trkpt lat="45.6024440" lon="4.5779600">
    <ele>755.0</ele>
   </trkpt>
   <trkpt lat="45.6024490" lon="4.5779240">
    <ele>755.0</ele>
   </trkpt>
   <trkpt lat="45.6024620" lon="4.5779270">
    <ele>756.0</ele>
   </trkpt>
   <trkpt lat="45.6024760" lon="4.5779290">
    <ele>756.0</ele>
   </trkpt>
   <trkpt lat="45.6024910" lon="4.5779650">
    <ele>756.0</ele>
   </trkpt>
   <trkpt lat="45.6025070" lon="4.5780000">
    <ele>757.0</ele>
   </trkpt>
   <trkpt lat="45.6025230" lon="4.5780480">
    <ele>757.0</ele>
   </trkpt>
   <trkpt lat="45.6025390" lon="4.5780960">
    <ele>758.0</ele>
   </trkpt>
   <trkpt lat="45.6025570" lon="4.5781470">
    <ele>758.0</ele>
   </trkpt>
   <trkpt lat="45.6025750" lon="4.5781980">
    <ele>758.0</ele>
   </trkpt>
   <trkpt lat="45.6025940" lon="4.5782480">
    <ele>758.0</ele>
   </trkpt>
   <trkpt lat="45.6026130" lon="4.5782980">
    <ele>758.0</ele>
   </trkpt>
   <trkpt lat="45.6026310" lon="4.5783480">
    <ele>759.0</ele>
   </trkpt>
   <trkpt lat="45.6026490" lon="4.5783980">
    <ele>759.0</ele>
   </trkpt>
   <trkpt lat="45.6026660" lon="4.5784500">
    <ele>759.0</ele>
   </trkpt>
   <trkpt lat="45.6026830" lon="4.5785020">
    <ele>759.0</ele>
   </trkpt>
   <trkpt lat="45.6027000" lon="4.5785530">
    <ele>759.0</ele>
   </trkpt>
   <trkpt lat="45.6027170" lon="4.5786040">
    <ele>760.0</ele>
   </trkpt>
   <trkpt lat="45.6027360" lon="4.5786520">
    <ele>759.0</ele>
   </trkpt>
   <trkpt lat="45.6027550" lon="4.5787010">
    <ele>759.0</ele>
   </trkpt>
   <trkpt lat="45.6027760" lon="4.5787460">
    <ele>759.0</ele>
   </trkpt>
   <trkpt lat="45.6027960" lon="4.5787920">
    <ele>759.0</ele>
   </trkpt>
   <trkpt lat="45.6028160" lon="4.5788380">
    <ele>759.0</ele>
   </trkpt>
   <trkpt lat="45.6028360" lon="4.5788830">
    <ele>759.0</ele>
   </trkpt>
   <trkpt lat="45.6028550" lon="4.5789280">
    <ele>759.0</ele>
   </trkpt>
   <trkpt lat="45.6028740" lon="4.5789730">
    <ele>759.0</ele>
   </trkpt>
   <trkpt lat="45.6028910" lon="4.5790180">
    <ele>759.0</ele>
   </trkpt>
   <trkpt lat="45.6029080" lon="4.5790640">
    <ele>760.0</ele>
   </trkpt>
   <trkpt lat="45.6029240" lon="4.5791100">
    <ele>760.0</ele>
   </trkpt>
   <trkpt lat="45.6029400" lon="4.5791570">
    <ele>760.0</ele>
   </trkpt>
   <trkpt lat="45.6029570" lon="4.5792050">
    <ele>760.0</ele>
   </trkpt>
   <trkpt lat="45.6029740" lon="4.5792530">
    <ele>760.0</ele>
   </trkpt>
   <trkpt lat="45.6029900" lon="4.5793010">
    <ele>760.0</ele>
   </trkpt>
   <trkpt lat="45.6030070" lon="4.5793490">
    <ele>760.0</ele>
   </trkpt>
   <trkpt lat="45.6030220" lon="4.5793970">
    <ele>760.0</ele>
   </trkpt>
   <trkpt lat="45.6030360" lon="4.5794450">
    <ele>760.0</ele>
   </trkpt>
   <trkpt lat="45.6030490" lon="4.5794940">
    <ele>760.0</ele>
   </trkpt>
   <trkpt lat="45.6030620" lon="4.5795430">
    <ele>761.0</ele>
   </trkpt>
   <trkpt lat="45.6030740" lon="4.5795920">
    <ele>761.0</ele>
   </trkpt>
   <trkpt lat="45.6030860" lon="4.5796410">
    <ele>761.0</ele>
   </trkpt>
   <trkpt lat="45.6030970" lon="4.5796900">
    <ele>761.0</ele>
   </trkpt>
   <trkpt lat="45.6031080" lon="4.5797390">
    <ele>761.0</ele>
   </trkpt>
   <trkpt lat="45.6031180" lon="4.5797900">
    <ele>762.0</ele>
   </trkpt>
   <trkpt lat="45.6031290" lon="4.5798410">
    <ele>762.0</ele>
   </trkpt>
   <trkpt lat="45.6031380" lon="4.5798910">
    <ele>762.0</ele>
   </trkpt>
   <trkpt lat="45.6031480" lon="4.5799420">
    <ele>762.0</ele>
   </trkpt>
   <trkpt lat="45.6031580" lon="4.5799910">
    <ele>762.0</ele>
   </trkpt>
   <trkpt lat="45.6031680" lon="4.5800400">
    <ele>762.0</ele>
   </trkpt>
   <trkpt lat="45.6031790" lon="4.5800880">
    <ele>762.0</ele>
   </trkpt>
   <trkpt lat="45.6031890" lon="4.5801360">
    <ele>762.0</ele>
   </trkpt>
   <trkpt lat="45.6032030" lon="4.5801810">
    <ele>762.0</ele>
   </trkpt>
   <trkpt lat="45.6032160" lon="4.5802270">
    <ele>762.0</ele>
   </trkpt>
   <trkpt lat="45.6032310" lon="4.5802700">
    <ele>763.0</ele>
   </trkpt>
   <trkpt lat="45.6032470" lon="4.5803140">
    <ele>763.0</ele>
   </trkpt>
   <trkpt lat="45.6032620" lon="4.5803570">
    <ele>763.0</ele>
   </trkpt>
   <trkpt lat="45.6032770" lon="4.5803990">
    <ele>763.0</ele>
   </trkpt>
   <trkpt lat="45.6032920" lon="4.5804430">
    <ele>763.0</ele>
   </trkpt>
   <trkpt lat="45.6033070" lon="4.5804880">
    <ele>764.0</ele>
   </trkpt>
   <trkpt lat="45.6033210" lon="4.5805340">
    <ele>764.0</ele>
   </trkpt>
   <trkpt lat="45.6033360" lon="4.5805810">
    <ele>764.0</ele>
   </trkpt>
   <trkpt lat="45.6033510" lon="4.5806300">
    <ele>764.0</ele>
   </trkpt>
   <trkpt lat="45.6033660" lon="4.5806780">
    <ele>764.0</ele>
   </trkpt>
   <trkpt lat="45.6033810" lon="4.5807290">
    <ele>765.0</ele>
   </trkpt>
   <trkpt lat="45.6033960" lon="4.5807790">
    <ele>765.0</ele>
   </trkpt>
   <trkpt lat="45.6034120" lon="4.5808280">
    <ele>765.0</ele>
   </trkpt>
   <trkpt lat="45.6034280" lon="4.5808780">
    <ele>765.0</ele>
   </trkpt>
   <trkpt lat="45.6034440" lon="4.5809260">
    <ele>765.0</ele>
   </trkpt>
   <trkpt lat="45.6034600" lon="4.5809740">
    <ele>766.0</ele>
   </trkpt>
   <trkpt lat="45.6034770" lon="4.5810210">
    <ele>766.0</ele>
   </trkpt>
   <trkpt lat="45.6034940" lon="4.5810680">
    <ele>766.0</ele>
   </trkpt>
   <trkpt lat="45.6035090" lon="4.5811160">
    <ele>766.0</ele>
   </trkpt>
   <trkpt lat="45.6035250" lon="4.5811640">
    <ele>766.0</ele>
   </trkpt>
   <trkpt lat="45.6035380" lon="4.5812140">
    <ele>766.0</ele>
   </trkpt>
   <trkpt lat="45.6035520" lon="4.5812630">
    <ele>766.0</ele>
   </trkpt>
   <trkpt lat="45.6035650" lon="4.5813160">
    <ele>766.0</ele>
   </trkpt>
   <trkpt lat="45.6035770" lon="4.5813680">
    <ele>766.0</ele>
   </trkpt>
   <trkpt lat="45.6035890" lon="4.5814210">
    <ele>766.0</ele>
   </trkpt>
   <trkpt lat="45.6036010" lon="4.5814740">
    <ele>767.0</ele>
   </trkpt>
   <trkpt lat="45.6036110" lon="4.5815270">
    <ele>767.0</ele>
   </trkpt>
   <trkpt lat="45.6036220" lon="4.5815800">
    <ele>767.0</ele>
   </trkpt>
   <trkpt lat="45.6036320" lon="4.5816330">
    <ele>767.0</ele>
   </trkpt>
   <trkpt lat="45.6036410" lon="4.5816850">
    <ele>767.0</ele>
   </trkpt>
   <trkpt lat="45.6036520" lon="4.5817390">
    <ele>768.0</ele>
   </trkpt>
   <trkpt lat="45.6036620" lon="4.5817920">
    <ele>768.0</ele>
   </trkpt>
   <trkpt lat="45.6036760" lon="4.5818470">
    <ele>768.0</ele>
   </trkpt>
   <trkpt lat="45.6036890" lon="4.5819020">
    <ele>768.0</ele>
   </trkpt>
   <trkpt lat="45.6037030" lon="4.5819580">
    <ele>768.0</ele>
   </trkpt>
   <trkpt lat="45.6037180" lon="4.5820140">
    <ele>769.0</ele>
   </trkpt>
   <trkpt lat="45.6037330" lon="4.5820710">
    <ele>769.0</ele>
   </trkpt>
   <trkpt lat="45.6037490" lon="4.5821280">
    <ele>769.0</ele>
   </trkpt>
   <trkpt lat="45.6037620" lon="4.5821850">
    <ele>769.0</ele>
   </trkpt>
   <trkpt lat="45.6037760" lon="4.5822420">
    <ele>769.0</ele>
   </trkpt>
   <trkpt lat="45.6037890" lon="4.5822980">
    <ele>769.0</ele>
   </trkpt>
   <trkpt lat="45.6038010" lon="4.5823550">
    <ele>768.0</ele>
   </trkpt>
   <trkpt lat="45.6038130" lon="4.5824130">
    <ele>768.0</ele>
   </trkpt>
   <trkpt lat="45.6038240" lon="4.5824710">
    <ele>768.0</ele>
   </trkpt>
   <trkpt lat="45.6038350" lon="4.5825290">
    <ele>768.0</ele>
   </trkpt>
   <trkpt lat="45.6038460" lon="4.5825870">
    <ele>768.0</ele>
   </trkpt>
   <trkpt lat="45.6038590" lon="4.5826440">
    <ele>767.0</ele>
   </trkpt>
   <trkpt lat="45.6038720" lon="4.5827000">
    <ele>767.0</ele>
   </trkpt>
   <trkpt lat="45.6038870" lon="4.5827550">
    <ele>767.0</ele>
   </trkpt>
   <trkpt lat="45.6039020" lon="4.5828090">
    <ele>767.0</ele>
   </trkpt>
   <trkpt lat="45.6039190" lon="4.5828600">
    <ele>767.0</ele>
   </trkpt>
   <trkpt lat="45.6039350" lon="4.5829110">
    <ele>767.0</ele>
   </trkpt>
   <trkpt lat="45.6039560" lon="4.5829580">
    <ele>767.0</ele>
   </trkpt>
   <trkpt lat="45.6039760" lon="4.5830050">
    <ele>767.0</ele>
   </trkpt>
   <trkpt lat="45.6039980" lon="4.5830490">
    <ele>767.0</ele>
   </trkpt>
   <trkpt lat="45.6040210" lon="4.5830940">
    <ele>767.0</ele>
   </trkpt>
   <trkpt lat="45.6040440" lon="4.5831360">
    <ele>767.0</ele>
   </trkpt>
   <trkpt lat="45.6040670" lon="4.5831790">
    <ele>767.0</ele>
   </trkpt>
   <trkpt lat="45.6040900" lon="4.5832200">
    <ele>767.0</ele>
   </trkpt>
   <trkpt lat="45.6041140" lon="4.5832620">
    <ele>767.0</ele>
   </trkpt>
   <trkpt lat="45.6041360" lon="4.5833050">
    <ele>768.0</ele>
   </trkpt>
   <trkpt lat="45.6041580" lon="4.5833480">
    <ele>768.0</ele>
   </trkpt>
   <trkpt lat="45.6041770" lon="4.5833940">
    <ele>768.0</ele>
   </trkpt>
   <trkpt lat="45.6041950" lon="4.5834410">
    <ele>768.0</ele>
   </trkpt>
   <trkpt lat="45.6042090" lon="4.5834940">
    <ele>768.0</ele>
   </trkpt>
   <trkpt lat="45.6042220" lon="4.5835480">
    <ele>768.0</ele>
   </trkpt>
   <trkpt lat="45.6042340" lon="4.5836020">
    <ele>768.0</ele>
   </trkpt>
   <trkpt lat="45.6042460" lon="4.5836570">
    <ele>768.0</ele>
   </trkpt>
   <trkpt lat="45.6042600" lon="4.5837070">
    <ele>768.0</ele>
   </trkpt>
   <trkpt lat="45.6042750" lon="4.5837580">
    <ele>768.0</ele>
   </trkpt>
   <trkpt lat="45.6042950" lon="4.5838040">
    <ele>769.0</ele>
   </trkpt>
   <trkpt lat="45.6043140" lon="4.5838500">
    <ele>769.0</ele>
   </trkpt>
   <trkpt lat="45.6043350" lon="4.5838940">
    <ele>769.0</ele>
   </trkpt>
   <trkpt lat="45.6043570" lon="4.5839380">
    <ele>769.0</ele>
   </trkpt>
   <trkpt lat="45.6043780" lon="4.5839810">
    <ele>769.0</ele>
   </trkpt>
   <trkpt lat="45.6044000" lon="4.5840240">
    <ele>770.0</ele>
   </trkpt>
   <trkpt lat="45.6044220" lon="4.5840670">
    <ele>770.0</ele>
   </trkpt>
   <trkpt lat="45.6044440" lon="4.5841100">
    <ele>770.0</ele>
   </trkpt>
   <trkpt lat="45.6044650" lon="4.5841510">
    <ele>770.0</ele>
   </trkpt>
   <trkpt lat="45.6044860" lon="4.5841930">
    <ele>770.0</ele>
   </trkpt>
   <trkpt lat="45.6045060" lon="4.5842350">
    <ele>770.0</ele>
   </trkpt>
   <trkpt lat="45.6045270" lon="4.5842770">
    <ele>770.0</ele>
   </trkpt>
   <trkpt lat="45.6045480" lon="4.5843190">
    <ele>770.0</ele>
   </trkpt>
   <trkpt lat="45.6045690" lon="4.5843600">
    <ele>770.0</ele>
   </trkpt>
   <trkpt lat="45.6045900" lon="4.5844010">
    <ele>770.0</ele>
   </trkpt>
   <trkpt lat="45.6046120" lon="4.5844430">
    <ele>771.0</ele>
   </trkpt>
   <trkpt lat="45.6046330" lon="4.5844840">
    <ele>771.0</ele>
   </trkpt>
   <trkpt lat="45.6046550" lon="4.5845250">
    <ele>771.0</ele>
   </trkpt>
   <trkpt lat="45.6046740" lon="4.5845670">
    <ele>771.0</ele>
   </trkpt>
   <trkpt lat="45.6046930" lon="4.5846080">
    <ele>771.0</ele>
   </trkpt>
   <trkpt lat="45.6047100" lon="4.5846500">
    <ele>771.0</ele>
   </trkpt>
   <trkpt lat="45.6047280" lon="4.5846910">
    <ele>771.0</ele>
   </trkpt>
   <trkpt lat="45.6047430" lon="4.5847360">
    <ele>771.0</ele>
   </trkpt>
   <trkpt lat="45.6047580" lon="4.5847800">
    <ele>771.0</ele>
   </trkpt>
   <trkpt lat="45.6047730" lon="4.5848290">
    <ele>771.0</ele>
   </trkpt>
   <trkpt lat="45.6047870" lon="4.5848770">
    <ele>772.0</ele>
   </trkpt>
   <trkpt lat="45.6048010" lon="4.5849270">
    <ele>772.0</ele>
   </trkpt>
   <trkpt lat="45.6048140" lon="4.5849780">
    <ele>772.0</ele>
   </trkpt>
   <trkpt lat="45.6048260" lon="4.5850300">
    <ele>772.0</ele>
   </trkpt>
   <trkpt lat="45.6048380" lon="4.5850810">
    <ele>772.0</ele>
   </trkpt>
   <trkpt lat="45.6048500" lon="4.5851320">
    <ele>773.0</ele>
   </trkpt>
   <trkpt lat="45.6048620" lon="4.5851830">
    <ele>773.0</ele>
   </trkpt>
   <trkpt lat="45.6048760" lon="4.5852320">
    <ele>773.0</ele>
   </trkpt>
   <trkpt lat="45.6048900" lon="4.5852820">
    <ele>773.0</ele>
   </trkpt>
   <trkpt lat="45.6049050" lon="4.5853320">
    <ele>773.0</ele>
   </trkpt>
   <trkpt lat="45.6049200" lon="4.5853830">
    <ele>774.0</ele>
   </trkpt>
   <trkpt lat="45.6049350" lon="4.5854320">
    <ele>774.0</ele>
   </trkpt>
   <trkpt lat="45.6049510" lon="4.5854820">
    <ele>774.0</ele>
   </trkpt>
   <trkpt lat="45.6049670" lon="4.5855320">
    <ele>774.0</ele>
   </trkpt>
   <trkpt lat="45.6049820" lon="4.5855830">
    <ele>774.0</ele>
   </trkpt>
   <trkpt lat="45.6049990" lon="4.5856320">
    <ele>774.0</ele>
   </trkpt>
   <trkpt lat="45.6050150" lon="4.5856820">
    <ele>774.0</ele>
   </trkpt>
   <trkpt lat="45.6050310" lon="4.5857300">
    <ele>774.0</ele>
   </trkpt>
   <trkpt lat="45.6050480" lon="4.5857790">
    <ele>774.0</ele>
   </trkpt>
   <trkpt lat="45.6050630" lon="4.5858270">
    <ele>774.0</ele>
   </trkpt>
   <trkpt lat="45.6050790" lon="4.5858750">
    <ele>775.0</ele>
   </trkpt>
   <trkpt lat="45.6050950" lon="4.5859240">
    <ele>775.0</ele>
   </trkpt>
   <trkpt lat="45.6051110" lon="4.5859730">
    <ele>775.0</ele>
   </trkpt>
   <trkpt lat="45.6051250" lon="4.5860230">
    <ele>775.0</ele>
   </trkpt>
   <trkpt lat="45.6051390" lon="4.5860730">
    <ele>775.0</ele>
   </trkpt>
   <trkpt lat="45.6051530" lon="4.5861230">
    <ele>775.0</ele>
   </trkpt>
   <trkpt lat="45.6051660" lon="4.5861740">
    <ele>775.0</ele>
   </trkpt>
   <trkpt lat="45.6051790" lon="4.5862240">
    <ele>775.0</ele>
   </trkpt>
   <trkpt lat="45.6051930" lon="4.5862740">
    <ele>775.0</ele>
   </trkpt>
   <trkpt lat="45.6052090" lon="4.5863210">
    <ele>775.0</ele>
   </trkpt>
   <trkpt lat="45.6052260" lon="4.5863680">
    <ele>776.0</ele>
   </trkpt>
   <trkpt lat="45.6052450" lon="4.5864140">
    <ele>776.0</ele>
   </trkpt>
   <trkpt lat="45.6052640" lon="4.5864600">
    <ele>776.0</ele>
   </trkpt>
   <trkpt lat="45.6052860" lon="4.5865040">
    <ele>776.0</ele>
   </trkpt>
   <trkpt lat="45.6053070" lon="4.5865490">
    <ele>776.0</ele>
   </trkpt>
   <trkpt lat="45.6053290" lon="4.5865910">
    <ele>776.0</ele>
   </trkpt>
   <trkpt lat="45.6053520" lon="4.5866330">
    <ele>776.0</ele>
   </trkpt>
   <trkpt lat="45.6053740" lon="4.5866740">
    <ele>776.0</ele>
   </trkpt>
   <trkpt lat="45.6053960" lon="4.5867150">
    <ele>776.0</ele>
   </trkpt>
   <trkpt lat="45.6054200" lon="4.5867540">
    <ele>776.0</ele>
   </trkpt>
   <trkpt lat="45.6054440" lon="4.5867920">
    <ele>777.0</ele>
   </trkpt>
   <trkpt lat="45.6054720" lon="4.5868260">
    <ele>777.0</ele>
   </trkpt>
   <trkpt lat="45.6054990" lon="4.5868590">
    <ele>777.0</ele>
   </trkpt>
   <trkpt lat="45.6055280" lon="4.5868900">
    <ele>777.0</ele>
   </trkpt>
   <trkpt lat="45.6055560" lon="4.5869200">
    <ele>777.0</ele>
   </trkpt>
   <trkpt lat="45.6055860" lon="4.5869490">
    <ele>777.0</ele>
   </trkpt>
   <trkpt lat="45.6056160" lon="4.5869770">
    <ele>777.0</ele>
   </trkpt>
   <trkpt lat="45.6056480" lon="4.5870060">
    <ele>777.0</ele>
   </trkpt>
   <trkpt lat="45.6056800" lon="4.5870350">
    <ele>777.0</ele>
   </trkpt>
   <trkpt lat="45.6057120" lon="4.5870640">
    <ele>777.0</ele>
   </trkpt>
   <trkpt lat="45.6057450" lon="4.5870920">
    <ele>778.0</ele>
   </trkpt>
   <trkpt lat="45.6057750" lon="4.5871190">
    <ele>778.0</ele>
   </trkpt>
   <trkpt lat="45.6058060" lon="4.5871450">
    <ele>778.0</ele>
   </trkpt>
   <trkpt lat="45.6058370" lon="4.5871730">
    <ele>778.0</ele>
   </trkpt>
   <trkpt lat="45.6058690" lon="4.5872000">
    <ele>778.0</ele>
   </trkpt>
   <trkpt lat="45.6059020" lon="4.5872280">
    <ele>778.0</ele>
   </trkpt>
   <trkpt lat="45.6059350" lon="4.5872560">
    <ele>778.0</ele>
   </trkpt>
   <trkpt lat="45.6059660" lon="4.5872860">
    <ele>778.0</ele>
   </trkpt>
   <trkpt lat="45.6059970" lon="4.5873160">
    <ele>778.0</ele>
   </trkpt>
   <trkpt lat="45.6060290" lon="4.5873490">
    <ele>778.0</ele>
   </trkpt>
   <trkpt lat="45.6060600" lon="4.5873810">
    <ele>779.0</ele>
   </trkpt>
   <trkpt lat="45.6060910" lon="4.5874130">
    <ele>779.0</ele>
   </trkpt>
   <trkpt lat="45.6061220" lon="4.5874450">
    <ele>779.0</ele>
   </trkpt>
   <trkpt lat="45.6061520" lon="4.5874730">
    <ele>779.0</ele>
   </trkpt>
   <trkpt lat="45.6061830" lon="4.5875010">
    <ele>779.0</ele>
   </trkpt>
   <trkpt lat="45.6062130" lon="4.5875290">
    <ele>780.0</ele>
   </trkpt>
   <trkpt lat="45.6062440" lon="4.5875570">
    <ele>780.0</ele>
   </trkpt>
   <trkpt lat="45.6062740" lon="4.5875850">
    <ele>780.0</ele>
   </trkpt>
   <trkpt lat="45.6063050" lon="4.5876130">
    <ele>780.0</ele>
   </trkpt>
   <trkpt lat="45.6063350" lon="4.5876420">
    <ele>780.0</ele>
   </trkpt>
   <trkpt lat="45.6063650" lon="4.5876700">
    <ele>781.0</ele>
   </trkpt>
   <trkpt lat="45.6063960" lon="4.5877010">
    <ele>781.0</ele>
   </trkpt>
   <trkpt lat="45.6064270" lon="4.5877330">
    <ele>781.0</ele>
   </trkpt>
   <trkpt lat="45.6064560" lon="4.5877710">
    <ele>781.0</ele>
   </trkpt>
   <trkpt lat="45.6064840" lon="4.5878080">
    <ele>781.0</ele>
   </trkpt>
   <trkpt lat="45.6065100" lon="4.5878550">
    <ele>781.0</ele>
   </trkpt>
   <trkpt lat="45.6065350" lon="4.5879010">
    <ele>781.0</ele>
   </trkpt>
   <trkpt lat="45.6065580" lon="4.5879520">
    <ele>781.0</ele>
   </trkpt>
   <trkpt lat="45.6065810" lon="4.5880040">
    <ele>781.0</ele>
   </trkpt>
   <trkpt lat="45.6066020" lon="4.5880600">
    <ele>781.0</ele>
   </trkpt>
   <trkpt lat="45.6066220" lon="4.5881150">
    <ele>782.0</ele>
   </trkpt>
   <trkpt lat="45.6066420" lon="4.5881730">
    <ele>781.0</ele>
   </trkpt>
   <trkpt lat="45.6066620" lon="4.5882320">
    <ele>781.0</ele>
   </trkpt>
   <trkpt lat="45.6066830" lon="4.5882900">
    <ele>781.0</ele>
   </trkpt>
   <trkpt lat="45.6067040" lon="4.5883470">
    <ele>781.0</ele>
   </trkpt>
   <trkpt lat="45.6067260" lon="4.5884040">
    <ele>781.0</ele>
   </trkpt>
   <trkpt lat="45.6067480" lon="4.5884610">
    <ele>780.0</ele>
   </trkpt>
   <trkpt lat="45.6067700" lon="4.5885160">
    <ele>780.0</ele>
   </trkpt>
   <trkpt lat="45.6067920" lon="4.5885720">
    <ele>779.0</ele>
   </trkpt>
   <trkpt lat="45.6068140" lon="4.5886270">
    <ele>779.0</ele>
   </trkpt>
   <trkpt lat="45.6068360" lon="4.5886820">
    <ele>779.0</ele>
   </trkpt>
   <trkpt lat="45.6068590" lon="4.5887370">
    <ele>778.0</ele>
   </trkpt>
   <trkpt lat="45.6068810" lon="4.5887910">
    <ele>778.0</ele>
   </trkpt>
   <trkpt lat="45.6069060" lon="4.5888430">
    <ele>778.0</ele>
   </trkpt>
   <trkpt lat="45.6069300" lon="4.5888940">
    <ele>778.0</ele>
   </trkpt>
   <trkpt lat="45.6069580" lon="4.5889440">
    <ele>778.0</ele>
   </trkpt>
   <trkpt lat="45.6069850" lon="4.5889930">
    <ele>777.0</ele>
   </trkpt>
   <trkpt lat="45.6070150" lon="4.5890400">
    <ele>776.0</ele>
   </trkpt>
   <trkpt lat="45.6070460" lon="4.5890880">
    <ele>776.0</ele>
   </trkpt>
   <trkpt lat="45.6070780" lon="4.5891300">
    <ele>775.0</ele>
   </trkpt>
   <trkpt lat="45.6071100" lon="4.5891730">
    <ele>775.0</ele>
   </trkpt>
   <trkpt lat="45.6071430" lon="4.5892130">
    <ele>774.0</ele>
   </trkpt>
   <trkpt lat="45.6071770" lon="4.5892530">
    <ele>774.0</ele>
   </trkpt>
   <trkpt lat="45.6072120" lon="4.5892920">
    <ele>774.0</ele>
   </trkpt>
   <trkpt lat="45.6072480" lon="4.5893310">
    <ele>774.0</ele>
   </trkpt>
   <trkpt lat="45.6072840" lon="4.5893700">
    <ele>774.0</ele>
   </trkpt>
   <trkpt lat="45.6073200" lon="4.5894090">
    <ele>773.0</ele>
   </trkpt>
   <trkpt lat="45.6073570" lon="4.5894480">
    <ele>772.0</ele>
   </trkpt>
   <trkpt lat="45.6073940" lon="4.5894870">
    <ele>772.0</ele>
   </trkpt>
   <trkpt lat="45.6074320" lon="4.5895260">
    <ele>771.0</ele>
   </trkpt>
   <trkpt lat="45.6074690" lon="4.5895640">
    <ele>771.0</ele>
   </trkpt>
   <trkpt lat="45.6075060" lon="4.5896010">
    <ele>770.0</ele>
   </trkpt>
   <trkpt lat="45.6075430" lon="4.5896380">
    <ele>770.0</ele>
   </trkpt>
   <trkpt lat="45.6075800" lon="4.5896720">
    <ele>769.0</ele>
   </trkpt>
   <trkpt lat="45.6076170" lon="4.5897050">
    <ele>769.0</ele>
   </trkpt>
   <trkpt lat="45.6076550" lon="4.5897370">
    <ele>769.0</ele>
   </trkpt>
   <trkpt lat="45.6076930" lon="4.5897690">
    <ele>768.0</ele>
   </trkpt>
   <trkpt lat="45.6077320" lon="4.5897980">
    <ele>768.0</ele>
   </trkpt>
   <trkpt lat="45.6077710" lon="4.5898270">
    <ele>767.0</ele>
   </trkpt>
   <trkpt lat="45.6078130" lon="4.5898540">
    <ele>767.0</ele>
   </trkpt>
   <trkpt lat="45.6078540" lon="4.5898800">
    <ele>767.0</ele>
   </trkpt>
   <trkpt lat="45.6078950" lon="4.5899000">
    <ele>766.0</ele>
   </trkpt>
   <trkpt lat="45.6079350" lon="4.5899200">
    <ele>766.0</ele>
   </trkpt>
   <trkpt lat="45.6079750" lon="4.5899350">
    <ele>765.0</ele>
   </trkpt>
   <trkpt lat="45.6080140" lon="4.5899510">
    <ele>765.0</ele>
   </trkpt>
   <trkpt lat="45.6080510" lon="4.5899630">
    <ele>765.0</ele>
   </trkpt>
   <trkpt lat="45.6080880" lon="4.5899750">
    <ele>764.0</ele>
   </trkpt>
   <trkpt lat="45.6081240" lon="4.5899860">
    <ele>764.0</ele>
   </trkpt>
   <trkpt lat="45.6081590" lon="4.5899980">
    <ele>764.0</ele>
   </trkpt>
   <trkpt lat="45.6081930" lon="4.5900120">
    <ele>764.0</ele>
   </trkpt>
   <trkpt lat="45.6082270" lon="4.5900260">
    <ele>764.0</ele>
   </trkpt>
   <trkpt lat="45.6082590" lon="4.5900460">
    <ele>764.0</ele>
   </trkpt>
   <trkpt lat="45.6082910" lon="4.5900660">
    <ele>764.0</ele>
   </trkpt>
   <trkpt lat="45.6083210" lon="4.5900900">
    <ele>765.0</ele>
   </trkpt>
   <trkpt lat="45.6083510" lon="4.5901150">
    <ele>765.0</ele>
   </trkpt>
   <trkpt lat="45.6083790" lon="4.5901440">
    <ele>766.0</ele>
   </trkpt>
   <trkpt lat="45.6084080" lon="4.5901740">
    <ele>766.0</ele>
   </trkpt>
   <trkpt lat="45.6084330" lon="4.5902070">
    <ele>766.0</ele>
   </trkpt>
   <trkpt lat="45.6084590" lon="4.5902410">
    <ele>767.0</ele>
   </trkpt>
   <trkpt lat="45.6084820" lon="4.5902760">
    <ele>767.0</ele>
   </trkpt>
   <trkpt lat="45.6085050" lon="4.5903120">
    <ele>768.0</ele>
   </trkpt>
   <trkpt lat="45.6085260" lon="4.5903490">
    <ele>768.0</ele>
   </trkpt>
   <trkpt lat="45.6085470" lon="4.5903870">
    <ele>768.0</ele>
   </trkpt>
   <trkpt lat="45.6085660" lon="4.5904260">
    <ele>768.0</ele>
   </trkpt>
   <trkpt lat="45.6085840" lon="4.5904660">
    <ele>768.0</ele>
   </trkpt>
   <trkpt lat="45.6086010" lon="4.5905060">
    <ele>769.0</ele>
   </trkpt>
   <trkpt lat="45.6086180" lon="4.5905460">
    <ele>769.0</ele>
   </trkpt>
   <trkpt lat="45.6086340" lon="4.5905860">
    <ele>769.0</ele>
   </trkpt>
   <trkpt lat="45.6086500" lon="4.5906260">
    <ele>770.0</ele>
   </trkpt>
   <trkpt lat="45.6086670" lon="4.5906660">
    <ele>770.0</ele>
   </trkpt>
   <trkpt lat="45.6086840" lon="4.5907060">
    <ele>771.0</ele>
   </trkpt>
   <trkpt lat="45.6087010" lon="4.5907470">
    <ele>771.0</ele>
   </trkpt>
   <trkpt lat="45.6087190" lon="4.5907880">
    <ele>771.0</ele>
   </trkpt>
   <trkpt lat="45.6087370" lon="4.5908310">
    <ele>771.0</ele>
   </trkpt>
   <trkpt lat="45.6087550" lon="4.5908750">
    <ele>771.0</ele>
   </trkpt>
   <trkpt lat="45.6087720" lon="4.5909190">
    <ele>771.0</ele>
   </trkpt>
   <trkpt lat="45.6087890" lon="4.5909640">
    <ele>771.0</ele>
   </trkpt>
   <trkpt lat="45.6088060" lon="4.5910100">
    <ele>771.0</ele>
   </trkpt>
   <trkpt lat="45.6088230" lon="4.5910570">
    <ele>771.0</ele>
   </trkpt>
   <trkpt lat="45.6088390" lon="4.5911040">
    <ele>771.0</ele>
   </trkpt>
   <trkpt lat="45.6088560" lon="4.5911500">
    <ele>772.0</ele>
   </trkpt>
   <trkpt lat="45.6088710" lon="4.5911970">
    <ele>772.0</ele>
   </trkpt>
   <trkpt lat="45.6088860" lon="4.5912430">
    <ele>772.0</ele>
   </trkpt>
   <trkpt lat="45.6089000" lon="4.5912900">
    <ele>772.0</ele>
   </trkpt>
   <trkpt lat="45.6089150" lon="4.5913370">
    <ele>772.0</ele>
   </trkpt>
   <trkpt lat="45.6089270" lon="4.5913870">
    <ele>773.0</ele>
   </trkpt>
   <trkpt lat="45.6089400" lon="4.5914370">
    <ele>773.0</ele>
   </trkpt>
   <trkpt lat="45.6089520" lon="4.5914880">
    <ele>773.0</ele>
   </trkpt>
   <trkpt lat="45.6089640" lon="4.5915400">
    <ele>773.0</ele>
   </trkpt>
   <trkpt lat="45.6089730" lon="4.5915920">
    <ele>773.0</ele>
   </trkpt>
   <trkpt lat="45.6089830" lon="4.5916450">
    <ele>774.0</ele>
   </trkpt>
   <trkpt lat="45.6089890" lon="4.5917000">
    <ele>774.0</ele>
   </trkpt>
   <trkpt lat="45.6089950" lon="4.5917540">
    <ele>774.0</ele>
   </trkpt>
   <trkpt lat="45.6089950" lon="4.5918100">
    <ele>774.0</ele>
   </trkpt>
   <trkpt lat="45.6089950" lon="4.5918650">
    <ele>774.0</ele>
   </trkpt>
   <trkpt lat="45.6089910" lon="4.5919220">
    <ele>775.0</ele>
   </trkpt>
   <trkpt lat="45.6089880" lon="4.5919790">
    <ele>774.0</ele>
   </trkpt>
   <trkpt lat="45.6089840" lon="4.5920360">
    <ele>774.0</ele>
   </trkpt>
   <trkpt lat="45.6089800" lon="4.5920940">
    <ele>774.0</ele>
   </trkpt>
   <trkpt lat="45.6089740" lon="4.5921520">
    <ele>774.0</ele>
   </trkpt>
   <trkpt lat="45.6089690" lon="4.5922110">
    <ele>774.0</ele>
   </trkpt>
   <trkpt lat="45.6089620" lon="4.5922720">
    <ele>773.0</ele>
   </trkpt>
   <trkpt lat="45.6089560" lon="4.5923330">
    <ele>773.0</ele>
   </trkpt>
   <trkpt lat="45.6089490" lon="4.5923940">
    <ele>773.0</ele>
   </trkpt>
   <trkpt lat="45.6089430" lon="4.5924550">
    <ele>773.0</ele>
   </trkpt>
   <trkpt lat="45.6089370" lon="4.5925160">
    <ele>773.0</ele>
   </trkpt>
   <trkpt lat="45.6089310" lon="4.5925770">
    <ele>772.0</ele>
   </trkpt>
   <trkpt lat="45.6089260" lon="4.5926370">
    <ele>772.0</ele>
   </trkpt>
   <trkpt lat="45.6089210" lon="4.5926980">
    <ele>772.0</ele>
   </trkpt>
   <trkpt lat="45.6089160" lon="4.5927580">
    <ele>772.0</ele>
   </trkpt>
   <trkpt lat="45.6089110" lon="4.5928180">
    <ele>772.0</ele>
   </trkpt>
   <trkpt lat="45.6089070" lon="4.5928780">
    <ele>771.0</ele>
   </trkpt>
   <trkpt lat="45.6089020" lon="4.5929390">
    <ele>771.0</ele>
   </trkpt>
   <trkpt lat="45.6088990" lon="4.5929990">
    <ele>771.0</ele>
   </trkpt>
   <trkpt lat="45.6088950" lon="4.5930590">
    <ele>771.0</ele>
   </trkpt>
   <trkpt lat="45.6088920" lon="4.5931190">
    <ele>771.0</ele>
   </trkpt>
   <trkpt lat="45.6088890" lon="4.5931780">
    <ele>770.0</ele>
   </trkpt>
   <trkpt lat="45.6088860" lon="4.5932370">
    <ele>770.0</ele>
   </trkpt>
   <trkpt lat="45.6088820" lon="4.5932960">
    <ele>770.0</ele>
   </trkpt>
   <trkpt lat="45.6088780" lon="4.5933540">
    <ele>770.0</ele>
   </trkpt>
   <trkpt lat="45.6088740" lon="4.5934110">
    <ele>770.0</ele>
   </trkpt>
   <trkpt lat="45.6088700" lon="4.5934700">
    <ele>770.0</ele>
   </trkpt>
   <trkpt lat="45.6088650" lon="4.5935290">
    <ele>770.0</ele>
   </trkpt>
   <trkpt lat="45.6088600" lon="4.5935870">
    <ele>770.0</ele>
   </trkpt>
   <trkpt lat="45.6088540" lon="4.5936450">
    <ele>770.0</ele>
   </trkpt>
   <trkpt lat="45.6088460" lon="4.5937010">
    <ele>770.0</ele>
   </trkpt>
   <trkpt lat="45.6088380" lon="4.5937570">
    <ele>770.0</ele>
   </trkpt>
   <trkpt lat="45.6088290" lon="4.5938120">
    <ele>770.0</ele>
   </trkpt>
   <trkpt lat="45.6088190" lon="4.5938670">
    <ele>770.0</ele>
   </trkpt>
   <trkpt lat="45.6088090" lon="4.5939220">
    <ele>770.0</ele>
   </trkpt>
   <trkpt lat="45.6088000" lon="4.5939780">
    <ele>770.0</ele>
   </trkpt>
   <trkpt lat="45.6087900" lon="4.5940320">
    <ele>770.0</ele>
   </trkpt>
   <trkpt lat="45.6087800" lon="4.5940870">
    <ele>770.0</ele>
   </trkpt>
   <trkpt lat="45.6087690" lon="4.5941420">
    <ele>770.0</ele>
   </trkpt>
   <trkpt lat="45.6087580" lon="4.5941960">
    <ele>770.0</ele>
   </trkpt>
   <trkpt lat="45.6087470" lon="4.5942520">
    <ele>770.0</ele>
   </trkpt>
   <trkpt lat="45.6087360" lon="4.5943090">
    <ele>770.0</ele>
   </trkpt>
   <trkpt lat="45.6087250" lon="4.5943670">
    <ele>770.0</ele>
   </trkpt>
   <trkpt lat="45.6087140" lon="4.5944250">
    <ele>770.0</ele>
   </trkpt>
   <trkpt lat="45.6087060" lon="4.5944840">
    <ele>770.0</ele>
   </trkpt>
   <trkpt lat="45.6086990" lon="4.5945430">
    <ele>771.0</ele>
   </trkpt>
   <trkpt lat="45.6086940" lon="4.5946030">
    <ele>771.0</ele>
   </trkpt>
   <trkpt lat="45.6086900" lon="4.5946620">
    <ele>771.0</ele>
   </trkpt>
   <trkpt lat="45.6086900" lon="4.5947220">
    <ele>771.0</ele>
   </trkpt>
   <trkpt lat="45.6086900" lon="4.5947810">
    <ele>771.0</ele>
   </trkpt>
   <trkpt lat="45.6086920" lon="4.5948390">
    <ele>771.0</ele>
   </trkpt>
   <trkpt lat="45.6086950" lon="4.5948980">
    <ele>771.0</ele>
   </trkpt>
   <trkpt lat="45.6087000" lon="4.5949550">
    <ele>771.0</ele>
   </trkpt>
   <trkpt lat="45.6087060" lon="4.5950130">
    <ele>771.0</ele>
   </trkpt>
   <trkpt lat="45.6087140" lon="4.5950690">
    <ele>771.0</ele>
   </trkpt>
   <trkpt lat="45.6087220" lon="4.5951260">
    <ele>771.0</ele>
   </trkpt>
   <trkpt lat="45.6087300" lon="4.5951850">
    <ele>771.0</ele>
   </trkpt>
   <trkpt lat="45.6087370" lon="4.5952430">
    <ele>771.0</ele>
   </trkpt>
   <trkpt lat="45.6087460" lon="4.5953050">
    <ele>771.0</ele>
   </trkpt>
   <trkpt lat="45.6087540" lon="4.5953660">
    <ele>771.0</ele>
   </trkpt>
   <trkpt lat="45.6087650" lon="4.5954260">
    <ele>771.0</ele>
   </trkpt>
   <trkpt lat="45.6087770" lon="4.5954860">
    <ele>770.0</ele>
   </trkpt>
   <trkpt lat="45.6087930" lon="4.5955400">
    <ele>770.0</ele>
   </trkpt>
   <trkpt lat="45.6088090" lon="4.5955950">
    <ele>770.0</ele>
   </trkpt>
   <trkpt lat="45.6088280" lon="4.5956440">
    <ele>770.0</ele>
   </trkpt>
   <trkpt lat="45.6088470" lon="4.5956930">
    <ele>770.0</ele>
   </trkpt>
   <trkpt lat="45.6088680" lon="4.5957380">
    <ele>770.0</ele>
   </trkpt>
   <trkpt lat="45.6088890" lon="4.5957830">
    <ele>770.0</ele>
   </trkpt>
   <trkpt lat="45.6089120" lon="4.5958270">
    <ele>770.0</ele>
   </trkpt>
   <trkpt lat="45.6089360" lon="4.5958710">
    <ele>770.0</ele>
   </trkpt>
   <trkpt lat="45.6089620" lon="4.5959160">
    <ele>770.0</ele>
   </trkpt>
   <trkpt lat="45.6089880" lon="4.5959610">
    <ele>769.0</ele>
   </trkpt>
   <trkpt lat="45.6090170" lon="4.5960040">
    <ele>769.0</ele>
   </trkpt>
   <trkpt lat="45.6090460" lon="4.5960470">
    <ele>769.0</ele>
   </trkpt>
   <trkpt lat="45.6090810" lon="4.5960850">
    <ele>769.0</ele>
   </trkpt>
   <trkpt lat="45.6091160" lon="4.5961230">
    <ele>769.0</ele>
   </trkpt>
   <trkpt lat="45.6091510" lon="4.5961540">
    <ele>769.0</ele>
   </trkpt>
   <trkpt lat="45.6091850" lon="4.5961850">
    <ele>769.0</ele>
   </trkpt>
   <trkpt lat="45.6092190" lon="4.5962150">
    <ele>769.0</ele>
   </trkpt>
   <trkpt lat="45.6092520" lon="4.5962450">
    <ele>769.0</ele>
   </trkpt>
   <trkpt lat="45.6092840" lon="4.5962800">
    <ele>769.0</ele>
   </trkpt>
   <trkpt lat="45.6093150" lon="4.5963150">
    <ele>769.0</ele>
   </trkpt>
   <trkpt lat="45.6093390" lon="4.5963610">
    <ele>769.0</ele>
   </trkpt>
   <trkpt lat="45.6093640" lon="4.5964060">
    <ele>769.0</ele>
   </trkpt>
   <trkpt lat="45.6093840" lon="4.5964610">
    <ele>769.0</ele>
   </trkpt>
   <trkpt lat="45.6094030" lon="4.5965150">
    <ele>769.0</ele>
   </trkpt>
   <trkpt lat="45.6094220" lon="4.5965730">
    <ele>768.0</ele>
   </trkpt>
   <trkpt lat="45.6094410" lon="4.5966300">
    <ele>768.0</ele>
   </trkpt>
   <trkpt lat="45.6094620" lon="4.5966870">
    <ele>768.0</ele>
   </trkpt>
   <trkpt lat="45.6094830" lon="4.5967440">
    <ele>768.0</ele>
   </trkpt>
   <trkpt lat="45.6095040" lon="4.5967990">
    <ele>768.0</ele>
   </trkpt>
   <trkpt lat="45.6095260" lon="4.5968550">
    <ele>767.0</ele>
   </trkpt>
   <trkpt lat="45.6095470" lon="4.5969090">
    <ele>767.0</ele>
   </trkpt>
   <trkpt lat="45.6095690" lon="4.5969640">
    <ele>767.0</ele>
   </trkpt>
   <trkpt lat="45.6095910" lon="4.5970180">
    <ele>767.0</ele>
   </trkpt>
   <trkpt lat="45.6096120" lon="4.5970720">
    <ele>767.0</ele>
   </trkpt>
   <trkpt lat="45.6096340" lon="4.5971260">
    <ele>767.0</ele>
   </trkpt>
   <trkpt lat="45.6096560" lon="4.5971800">
    <ele>767.0</ele>
   </trkpt>
   <trkpt lat="45.6096770" lon="4.5972350">
    <ele>767.0</ele>
   </trkpt>
   <trkpt lat="45.6096990" lon="4.5972890">
    <ele>767.0</ele>
   </trkpt>
   <trkpt lat="45.6097190" lon="4.5973460">
    <ele>767.0</ele>
   </trkpt>
   <trkpt lat="45.6097390" lon="4.5974030">
    <ele>766.0</ele>
   </trkpt>
   <trkpt lat="45.6097570" lon="4.5974600">
    <ele>766.0</ele>
   </trkpt>
   <trkpt lat="45.6097750" lon="4.5975170">
    <ele>765.0</ele>
   </trkpt>
   <trkpt lat="45.6097970" lon="4.5975690">
    <ele>765.0</ele>
   </trkpt>
   <trkpt lat="45.6098180" lon="4.5976210">
    <ele>765.0</ele>
   </trkpt>
   <trkpt lat="45.6098480" lon="4.5976630">
    <ele>764.0</ele>
   </trkpt>
   <trkpt lat="45.6098780" lon="4.5977050">
    <ele>764.0</ele>
   </trkpt>
   <trkpt lat="45.6099170" lon="4.5977310">
    <ele>764.0</ele>
   </trkpt>
   <trkpt lat="45.6099570" lon="4.5977570">
    <ele>764.0</ele>
   </trkpt>
   <trkpt lat="45.6100030" lon="4.5977650">
    <ele>764.0</ele>
   </trkpt>
   <trkpt lat="45.6100490" lon="4.5977730">
    <ele>763.0</ele>
   </trkpt>
   <trkpt lat="45.6100980" lon="4.5977780">
    <ele>762.0</ele>
   </trkpt>
   <trkpt lat="45.6101470" lon="4.5977830">
    <ele>761.0</ele>
   </trkpt>
   <trkpt lat="45.6101920" lon="4.5978020">
    <ele>760.0</ele>
   </trkpt>
   <trkpt lat="45.6102380" lon="4.5978210">
    <ele>760.0</ele>
   </trkpt>
   <trkpt lat="45.6102670" lon="4.5978660">
    <ele>759.0</ele>
   </trkpt>
   <trkpt lat="45.6102970" lon="4.5979110">
    <ele>759.0</ele>
   </trkpt>
   <trkpt lat="45.6103030" lon="4.5979730">
    <ele>758.0</ele>
   </trkpt>
   <trkpt lat="45.6103090" lon="4.5980360">
    <ele>758.0</ele>
   </trkpt>
   <trkpt lat="45.6102990" lon="4.5981040">
    <ele>758.0</ele>
   </trkpt>
   <trkpt lat="45.6102900" lon="4.5981710">
    <ele>757.0</ele>
   </trkpt>
   <trkpt lat="45.6102750" lon="4.5982360">
    <ele>757.0</ele>
   </trkpt>
   <trkpt lat="45.6102600" lon="4.5983010">
    <ele>756.0</ele>
   </trkpt>
   <trkpt lat="45.6102460" lon="4.5983630">
    <ele>756.0</ele>
   </trkpt>
   <trkpt lat="45.6102320" lon="4.5984260">
    <ele>756.0</ele>
   </trkpt>
   <trkpt lat="45.6102190" lon="4.5984860">
    <ele>755.0</ele>
   </trkpt>
   <trkpt lat="45.6102060" lon="4.5985460">
    <ele>755.0</ele>
   </trkpt>
   <trkpt lat="45.6101930" lon="4.5986030">
    <ele>755.0</ele>
   </trkpt>
   <trkpt lat="45.6101810" lon="4.5986610">
    <ele>755.0</ele>
   </trkpt>
   <trkpt lat="45.6101690" lon="4.5987180">
    <ele>755.0</ele>
   </trkpt>
   <trkpt lat="45.6101580" lon="4.5987750">
    <ele>755.0</ele>
   </trkpt>
   <trkpt lat="45.6101530" lon="4.5988310">
    <ele>755.0</ele>
   </trkpt>
   <trkpt lat="45.6101480" lon="4.5988870">
    <ele>755.0</ele>
   </trkpt>
   <trkpt lat="45.6101490" lon="4.5989430">
    <ele>755.0</ele>
   </trkpt>
   <trkpt lat="45.6101500" lon="4.5989980">
    <ele>755.0</ele>
   </trkpt>
   <trkpt lat="45.6101590" lon="4.5990480">
    <ele>755.0</ele>
   </trkpt>
   <trkpt lat="45.6101680" lon="4.5990970">
    <ele>755.0</ele>
   </trkpt>
   <trkpt lat="45.6101820" lon="4.5991410">
    <ele>755.0</ele>
   </trkpt>
   <trkpt lat="45.6101970" lon="4.5991860">
    <ele>755.0</ele>
   </trkpt>
   <trkpt lat="45.6102130" lon="4.5992280">
    <ele>755.0</ele>
   </trkpt>
   <trkpt lat="45.6102290" lon="4.5992710">
    <ele>755.0</ele>
   </trkpt>
   <trkpt lat="45.6102450" lon="4.5993100">
    <ele>755.0</ele>
   </trkpt>
   <trkpt lat="45.6102620" lon="4.5993500">
    <ele>756.0</ele>
   </trkpt>
   <trkpt lat="45.6102800" lon="4.5993900">
    <ele>756.0</ele>
   </trkpt>
   <trkpt lat="45.6102980" lon="4.5994290">
    <ele>757.0</ele>
   </trkpt>
   <trkpt lat="45.6103170" lon="4.5994700">
    <ele>757.0</ele>
   </trkpt>
   <trkpt lat="45.6103370" lon="4.5995110">
    <ele>757.0</ele>
   </trkpt>
   <trkpt lat="45.6103590" lon="4.5995520">
    <ele>758.0</ele>
   </trkpt>
   <trkpt lat="45.6103810" lon="4.5995930">
    <ele>758.0</ele>
   </trkpt>
   <trkpt lat="45.6104050" lon="4.5996320">
    <ele>759.0</ele>
   </trkpt>
   <trkpt lat="45.6104280" lon="4.5996720">
    <ele>759.0</ele>
   </trkpt>
   <trkpt lat="45.6104540" lon="4.5997080">
    <ele>759.0</ele>
   </trkpt>
   <trkpt lat="45.6104800" lon="4.5997450">
    <ele>759.0</ele>
   </trkpt>
   <trkpt lat="45.6105070" lon="4.5997800">
    <ele>759.0</ele>
   </trkpt>
   <trkpt lat="45.6105340" lon="4.5998140">
    <ele>760.0</ele>
   </trkpt>
   <trkpt lat="45.6105610" lon="4.5998500">
    <ele>760.0</ele>
   </trkpt>
   <trkpt lat="45.6105890" lon="4.5998860">
    <ele>760.0</ele>
   </trkpt>
   <trkpt lat="45.6106180" lon="4.5999220">
    <ele>760.0</ele>
   </trkpt>
   <trkpt lat="45.6106480" lon="4.5999570">
    <ele>760.0</ele>
   </trkpt>
   <trkpt lat="45.6106810" lon="4.5999910">
    <ele>761.0</ele>
   </trkpt>
   <trkpt lat="45.6107140" lon="4.6000250">
    <ele>761.0</ele>
   </trkpt>
   <trkpt lat="45.6107500" lon="4.6000580">
    <ele>761.0</ele>
   </trkpt>
   <trkpt lat="45.6107870" lon="4.6000910">
    <ele>761.0</ele>
   </trkpt>
   <trkpt lat="45.6108230" lon="4.6001200">
    <ele>761.0</ele>
   </trkpt>
   <trkpt lat="45.6108600" lon="4.6001500">
    <ele>761.0</ele>
   </trkpt>
   <trkpt lat="45.6108970" lon="4.6001770">
    <ele>760.0</ele>
   </trkpt>
   <trkpt lat="45.6109350" lon="4.6002040">
    <ele>760.0</ele>
   </trkpt>
   <trkpt lat="45.6109720" lon="4.6002290">
    <ele>760.0</ele>
   </trkpt>
   <trkpt lat="45.6110090" lon="4.6002530">
    <ele>760.0</ele>
   </trkpt>
   <trkpt lat="45.6110460" lon="4.6002760">
    <ele>760.0</ele>
   </trkpt>
   <trkpt lat="45.6110840" lon="4.6002990">
    <ele>760.0</ele>
   </trkpt>
   <trkpt lat="45.6111240" lon="4.6003230">
    <ele>760.0</ele>
   </trkpt>
   <trkpt lat="45.6111640" lon="4.6003460">
    <ele>760.0</ele>
   </trkpt>
   <trkpt lat="45.6112060" lon="4.6003680">
    <ele>760.0</ele>
   </trkpt>
   <trkpt lat="45.6112470" lon="4.6003890">
    <ele>760.0</ele>
   </trkpt>
   <trkpt lat="45.6112900" lon="4.6004070">
    <ele>759.0</ele>
   </trkpt>
   <trkpt lat="45.6113330" lon="4.6004240">
    <ele>759.0</ele>
   </trkpt>
   <trkpt lat="45.6113760" lon="4.6004420">
    <ele>759.0</ele>
   </trkpt>
   <trkpt lat="45.6114190" lon="4.6004590">
    <ele>759.0</ele>
   </trkpt>
   <trkpt lat="45.6114610" lon="4.6004760">
    <ele>759.0</ele>
   </trkpt>
   <trkpt lat="45.6115040" lon="4.6004940">
    <ele>758.0</ele>
   </trkpt>
   <trkpt lat="45.6115460" lon="4.6005070">
    <ele>758.0</ele>
   </trkpt>
   <trkpt lat="45.6115880" lon="4.6005210">
    <ele>758.0</ele>
   </trkpt>
   <trkpt lat="45.6116300" lon="4.6005440">
    <ele>758.0</ele>
   </trkpt>
   <trkpt lat="45.6116720" lon="4.6005660">
    <ele>758.0</ele>
   </trkpt>
   <trkpt lat="45.6117070" lon="4.6006080">
    <ele>757.0</ele>
   </trkpt>
   <trkpt lat="45.6117420" lon="4.6006490">
    <ele>757.0</ele>
   </trkpt>
   <trkpt lat="45.6117630" lon="4.6007070">
    <ele>756.0</ele>
   </trkpt>
   <trkpt lat="45.6117840" lon="4.6007650">
    <ele>756.0</ele>
   </trkpt>
   <trkpt lat="45.6117930" lon="4.6008290">
    <ele>756.0</ele>
   </trkpt>
   <trkpt lat="45.6118020" lon="4.6008930">
    <ele>755.0</ele>
   </trkpt>
   <trkpt lat="45.6118070" lon="4.6009590">
    <ele>755.0</ele>
   </trkpt>
   <trkpt lat="45.6118120" lon="4.6010250">
    <ele>754.0</ele>
   </trkpt>
   <trkpt lat="45.6118170" lon="4.6010900">
    <ele>754.0</ele>
   </trkpt>
   <trkpt lat="45.6118230" lon="4.6011550">
    <ele>754.0</ele>
   </trkpt>
   <trkpt lat="45.6118260" lon="4.6012190">
    <ele>753.0</ele>
   </trkpt>
   <trkpt lat="45.6118290" lon="4.6012830">
    <ele>753.0</ele>
   </trkpt>
   <trkpt lat="45.6118310" lon="4.6013460">
    <ele>753.0</ele>
   </trkpt>
   <trkpt lat="45.6118330" lon="4.6014090">
    <ele>753.0</ele>
   </trkpt>
   <trkpt lat="45.6118370" lon="4.6014710">
    <ele>753.0</ele>
   </trkpt>
   <trkpt lat="45.6118410" lon="4.6015330">
    <ele>752.0</ele>
   </trkpt>
   <trkpt lat="45.6118460" lon="4.6015950">
    <ele>752.0</ele>
   </trkpt>
   <trkpt lat="45.6118510" lon="4.6016570">
    <ele>751.0</ele>
   </trkpt>
   <trkpt lat="45.6118580" lon="4.6017210">
    <ele>751.0</ele>
   </trkpt>
   <trkpt lat="45.6118640" lon="4.6017840">
    <ele>751.0</ele>
   </trkpt>
   <trkpt lat="45.6118700" lon="4.6018490">
    <ele>750.0</ele>
   </trkpt>
   <trkpt lat="45.6118760" lon="4.6019140">
    <ele>750.0</ele>
   </trkpt>
   <trkpt lat="45.6118820" lon="4.6019770">
    <ele>750.0</ele>
   </trkpt>
   <trkpt lat="45.6118880" lon="4.6020400">
    <ele>750.0</ele>
   </trkpt>
   <trkpt lat="45.6119000" lon="4.6021010">
    <ele>750.0</ele>
   </trkpt>
   <trkpt lat="45.6119120" lon="4.6021630">
    <ele>749.0</ele>
   </trkpt>
   <trkpt lat="45.6119270" lon="4.6022260">
    <ele>748.0</ele>
   </trkpt>
   <trkpt lat="45.6119430" lon="4.6022880">
    <ele>748.0</ele>
   </trkpt>
   <trkpt lat="45.6119610" lon="4.6023490">
    <ele>747.0</ele>
   </trkpt>
   <trkpt lat="45.6119800" lon="4.6024100">
    <ele>747.0</ele>
   </trkpt>
   <trkpt lat="45.6120000" lon="4.6024680">
    <ele>746.0</ele>
   </trkpt>
   <trkpt lat="45.6120200" lon="4.6025250">
    <ele>746.0</ele>
   </trkpt>
   <trkpt lat="45.6120370" lon="4.6025820">
    <ele>745.0</ele>
   </trkpt>
   <trkpt lat="45.6120550" lon="4.6026390">
    <ele>745.0</ele>
   </trkpt>
   <trkpt lat="45.6120720" lon="4.6026950">
    <ele>745.0</ele>
   </trkpt>
   <trkpt lat="45.6120900" lon="4.6027520">
    <ele>744.0</ele>
   </trkpt>
   <trkpt lat="45.6121150" lon="4.6027980">
    <ele>744.0</ele>
   </trkpt>
   <trkpt lat="45.6121400" lon="4.6028450">
    <ele>743.0</ele>
   </trkpt>
   <trkpt lat="45.6121700" lon="4.6028810">
    <ele>743.0</ele>
   </trkpt>
   <trkpt lat="45.6122000" lon="4.6029170">
    <ele>743.0</ele>
   </trkpt>
   <trkpt lat="45.6122310" lon="4.6029510">
    <ele>742.0</ele>
   </trkpt>
   <trkpt lat="45.6122620" lon="4.6029850">
    <ele>742.0</ele>
   </trkpt>
   <trkpt lat="45.6122900" lon="4.6030220">
    <ele>742.0</ele>
   </trkpt>
   <trkpt lat="45.6123190" lon="4.6030600">
    <ele>742.0</ele>
   </trkpt>
   <trkpt lat="45.6123450" lon="4.6031020">
    <ele>742.0</ele>
   </trkpt>
   <trkpt lat="45.6123710" lon="4.6031450">
    <ele>741.0</ele>
   </trkpt>
   <trkpt lat="45.6123950" lon="4.6031920">
    <ele>741.0</ele>
   </trkpt>
   <trkpt lat="45.6124190" lon="4.6032400">
    <ele>741.0</ele>
   </trkpt>
   <trkpt lat="45.6124430" lon="4.6032870">
    <ele>741.0</ele>
   </trkpt>
   <trkpt lat="45.6124670" lon="4.6033350">
    <ele>741.0</ele>
   </trkpt>
   <trkpt lat="45.6124920" lon="4.6033780">
    <ele>741.0</ele>
   </trkpt>
   <trkpt lat="45.6125180" lon="4.6034210">
    <ele>741.0</ele>
   </trkpt>
   <trkpt lat="45.6125460" lon="4.6034570">
    <ele>741.0</ele>
   </trkpt>
   <trkpt lat="45.6125740" lon="4.6034930">
    <ele>741.0</ele>
   </trkpt>
   <trkpt lat="45.6126060" lon="4.6035210">
    <ele>741.0</ele>
   </trkpt>
   <trkpt lat="45.6126380" lon="4.6035480">
    <ele>741.0</ele>
   </trkpt>
   <trkpt lat="45.6126750" lon="4.6035680">
    <ele>741.0</ele>
   </trkpt>
   <trkpt lat="45.6127110" lon="4.6035880">
    <ele>741.0</ele>
   </trkpt>
   <trkpt lat="45.6127450" lon="4.6036150">
    <ele>741.0</ele>
   </trkpt>
   <trkpt lat="45.6127780" lon="4.6036430">
    <ele>741.0</ele>
   </trkpt>
   <trkpt lat="45.6128050" lon="4.6036820">
    <ele>741.0</ele>
   </trkpt>
   <trkpt lat="45.6128320" lon="4.6037200">
    <ele>741.0</ele>
   </trkpt>
   <trkpt lat="45.6128530" lon="4.6037640">
    <ele>741.0</ele>
   </trkpt>
   <trkpt lat="45.6128740" lon="4.6038080">
    <ele>741.0</ele>
   </trkpt>
   <trkpt lat="45.6128940" lon="4.6038540">
    <ele>741.0</ele>
   </trkpt>
   <trkpt lat="45.6129140" lon="4.6039000">
    <ele>741.0</ele>
   </trkpt>
   <trkpt lat="45.6129310" lon="4.6039470">
    <ele>741.0</ele>
   </trkpt>
   <trkpt lat="45.6129480" lon="4.6039950">
    <ele>741.0</ele>
   </trkpt>
   <trkpt lat="45.6129590" lon="4.6040470">
    <ele>741.0</ele>
   </trkpt>
   <trkpt lat="45.6129700" lon="4.6041000">
    <ele>741.0</ele>
   </trkpt>
   <trkpt lat="45.6129750" lon="4.6041560">
    <ele>741.0</ele>
   </trkpt>
   <trkpt lat="45.6129810" lon="4.6042130">
    <ele>741.0</ele>
   </trkpt>
   <trkpt lat="45.6129870" lon="4.6042710">
    <ele>741.0</ele>
   </trkpt>
   <trkpt lat="45.6129930" lon="4.6043290">
    <ele>741.0</ele>
   </trkpt>
   <trkpt lat="45.6129980" lon="4.6043880">
    <ele>742.0</ele>
   </trkpt>
   <trkpt lat="45.6130030" lon="4.6044460">
    <ele>742.0</ele>
   </trkpt>
   <trkpt lat="45.6130050" lon="4.6045070">
    <ele>742.0</ele>
   </trkpt>
   <trkpt lat="45.6130070" lon="4.6045680">
    <ele>742.0</ele>
   </trkpt>
   <trkpt lat="45.6130060" lon="4.6046280">
    <ele>742.0</ele>
   </trkpt>
   <trkpt lat="45.6130060" lon="4.6046890">
    <ele>742.0</ele>
   </trkpt>
   <trkpt lat="45.6130040" lon="4.6047470">
    <ele>742.0</ele>
   </trkpt>
   <trkpt lat="45.6130030" lon="4.6048050">
    <ele>742.0</ele>
   </trkpt>
   <trkpt lat="45.6130060" lon="4.6048610">
    <ele>742.0</ele>
   </trkpt>
   <trkpt lat="45.6130090" lon="4.6049160">
    <ele>742.0</ele>
   </trkpt>
   <trkpt lat="45.6130140" lon="4.6049660">
    <ele>742.0</ele>
   </trkpt>
   <trkpt lat="45.6130190" lon="4.6050160">
    <ele>742.0</ele>
   </trkpt>
   <trkpt lat="45.6130280" lon="4.6050610">
    <ele>742.0</ele>
   </trkpt>
   <trkpt lat="45.6130370" lon="4.6051050">
    <ele>742.0</ele>
   </trkpt>
   <trkpt lat="45.6130500" lon="4.6051440">
    <ele>742.0</ele>
   </trkpt>
   <trkpt lat="45.6130640" lon="4.6051840">
    <ele>743.0</ele>
   </trkpt>
   <trkpt lat="45.6130820" lon="4.6052160">
    <ele>743.0</ele>
   </trkpt>
   <trkpt lat="45.6131000" lon="4.6052490">
    <ele>743.0</ele>
   </trkpt>
   <trkpt lat="45.6131230" lon="4.6052810">
    <ele>743.0</ele>
   </trkpt>
   <trkpt lat="45.6131460" lon="4.6053130">
    <ele>743.0</ele>
   </trkpt>
   <trkpt lat="45.6131740" lon="4.6053450">
    <ele>744.0</ele>
   </trkpt>
   <trkpt lat="45.6132010" lon="4.6053770">
    <ele>744.0</ele>
   </trkpt>
   <trkpt lat="45.6132310" lon="4.6054120">
    <ele>744.0</ele>
   </trkpt>
   <trkpt lat="45.6132610" lon="4.6054470">
    <ele>744.0</ele>
   </trkpt>
   <trkpt lat="45.6132910" lon="4.6054840">
    <ele>744.0</ele>
   </trkpt>
   <trkpt lat="45.6133220" lon="4.6055210">
    <ele>745.0</ele>
   </trkpt>
   <trkpt lat="45.6133540" lon="4.6055560">
    <ele>745.0</ele>
   </trkpt>
   <trkpt lat="45.6133860" lon="4.6055910">
    <ele>745.0</ele>
   </trkpt>
   <trkpt lat="45.6134200" lon="4.6056250">
    <ele>745.0</ele>
   </trkpt>
   <trkpt lat="45.6134550" lon="4.6056590">
    <ele>745.0</ele>
   </trkpt>
   <trkpt lat="45.6134900" lon="4.6056880">
    <ele>745.0</ele>
   </trkpt>
   <trkpt lat="45.6135260" lon="4.6057170">
    <ele>745.0</ele>
   </trkpt>
   <trkpt lat="45.6135620" lon="4.6057360">
    <ele>745.0</ele>
   </trkpt>
   <trkpt lat="45.6135980" lon="4.6057540">
    <ele>745.0</ele>
   </trkpt>
   <trkpt lat="45.6136350" lon="4.6057640">
    <ele>745.0</ele>
   </trkpt>
   <trkpt lat="45.6136720" lon="4.6057740">
    <ele>745.0</ele>
   </trkpt>
   <trkpt lat="45.6137120" lon="4.6057790">
    <ele>745.0</ele>
   </trkpt>
   <trkpt lat="45.6137520" lon="4.6057850">
    <ele>745.0</ele>
   </trkpt>
   <trkpt lat="45.6137930" lon="4.6057870">
    <ele>745.0</ele>
   </trkpt>
   <trkpt lat="45.6138340" lon="4.6057900">
    <ele>745.0</ele>
   </trkpt>
   <trkpt lat="45.6138720" lon="4.6057900">
    <ele>745.0</ele>
   </trkpt>
   <trkpt lat="45.6139100" lon="4.6057910">
    <ele>745.0</ele>
   </trkpt>
   <trkpt lat="45.6139450" lon="4.6057900">
    <ele>745.0</ele>
   </trkpt>
   <trkpt lat="45.6139800" lon="4.6057900">
    <ele>745.0</ele>
   </trkpt>
   <trkpt lat="45.6140150" lon="4.6057890">
    <ele>745.0</ele>
   </trkpt>
   <trkpt lat="45.6140490" lon="4.6057880">
    <ele>745.0</ele>
   </trkpt>
   <trkpt lat="45.6140830" lon="4.6057930">
    <ele>745.0</ele>
   </trkpt>
   <trkpt lat="45.6141170" lon="4.6057970">
    <ele>745.0</ele>
   </trkpt>
   <trkpt lat="45.6141490" lon="4.6058070">
    <ele>745.0</ele>
   </trkpt>
   <trkpt lat="45.6141810" lon="4.6058170">
    <ele>745.0</ele>
   </trkpt>
   <trkpt lat="45.6142150" lon="4.6058300">
    <ele>746.0</ele>
   </trkpt>
   <trkpt lat="45.6142480" lon="4.6058430">
    <ele>746.0</ele>
   </trkpt>
   <trkpt lat="45.6142830" lon="4.6058500">
    <ele>746.0</ele>
   </trkpt>
   <trkpt lat="45.6143190" lon="4.6058580">
    <ele>746.0</ele>
   </trkpt>
   <trkpt lat="45.6143580" lon="4.6058610">
    <ele>746.0</ele>
   </trkpt>
   <trkpt lat="45.6143980" lon="4.6058640">
    <ele>747.0</ele>
   </trkpt>
   <trkpt lat="45.6144390" lon="4.6058660">
    <ele>747.0</ele>
   </trkpt>
   <trkpt lat="45.6144810" lon="4.6058680">
    <ele>747.0</ele>
   </trkpt>
   <trkpt lat="45.6145210" lon="4.6058580">
    <ele>747.0</ele>
   </trkpt>
   <trkpt lat="45.6145610" lon="4.6058490">
    <ele>747.0</ele>
   </trkpt>
   <trkpt lat="45.6145980" lon="4.6058210">
    <ele>747.0</ele>
   </trkpt>
   <trkpt lat="45.6146360" lon="4.6057930">
    <ele>746.0</ele>
   </trkpt>
   <trkpt lat="45.6146700" lon="4.6057640">
    <ele>746.0</ele>
   </trkpt>
   <trkpt lat="45.6147040" lon="4.6057360">
    <ele>746.0</ele>
   </trkpt>
   <trkpt lat="45.6147400" lon="4.6057250">
    <ele>746.0</ele>
   </trkpt>
   <trkpt lat="45.6147750" lon="4.6057140">
    <ele>746.0</ele>
   </trkpt>
   <trkpt lat="45.6148110" lon="4.6057310">
    <ele>745.0</ele>
   </trkpt>
   <trkpt lat="45.6148470" lon="4.6057480">
    <ele>745.0</ele>
   </trkpt>
   <trkpt lat="45.6148800" lon="4.6057850">
    <ele>745.0</ele>
   </trkpt>
   <trkpt lat="45.6149140" lon="4.6058220">
    <ele>745.0</ele>
   </trkpt>
   <trkpt lat="45.6149430" lon="4.6058640">
    <ele>745.0</ele>
   </trkpt>
   <trkpt lat="45.6149720" lon="4.6059060">
    <ele>745.0</ele>
   </trkpt>
   <trkpt lat="45.6149990" lon="4.6059420">
    <ele>745.0</ele>
   </trkpt>
   <trkpt lat="45.6150260" lon="4.6059780">
    <ele>745.0</ele>
   </trkpt>
   <trkpt lat="45.6150520" lon="4.6060090">
    <ele>745.0</ele>
   </trkpt>
   <trkpt lat="45.6150770" lon="4.6060390">
    <ele>745.0</ele>
   </trkpt>
   <trkpt lat="45.6151050" lon="4.6060660">
    <ele>745.0</ele>
   </trkpt>
   <trkpt lat="45.6151330" lon="4.6060930">
    <ele>745.0</ele>
   </trkpt>
   <trkpt lat="45.6151630" lon="4.6061210">
    <ele>745.0</ele>
   </trkpt>
   <trkpt lat="45.6151930" lon="4.6061480">
    <ele>745.0</ele>
   </trkpt>
   <trkpt lat="45.6152250" lon="4.6061790">
    <ele>746.0</ele>
   </trkpt>
   <trkpt lat="45.6152580" lon="4.6062100">
    <ele>746.0</ele>
   </trkpt>
   <trkpt lat="45.6152920" lon="4.6062430">
    <ele>746.0</ele>
   </trkpt>
   <trkpt lat="45.6153270" lon="4.6062760">
    <ele>746.0</ele>
   </trkpt>
   <trkpt lat="45.6153620" lon="4.6063060">
    <ele>746.0</ele>
   </trkpt>
   <trkpt lat="45.6153970" lon="4.6063360">
    <ele>746.0</ele>
   </trkpt>
   <trkpt lat="45.6154330" lon="4.6063620">
    <ele>745.0</ele>
   </trkpt>
   <trkpt lat="45.6154680" lon="4.6063880">
    <ele>745.0</ele>
   </trkpt>
   <trkpt lat="45.6155040" lon="4.6064130">
    <ele>745.0</ele>
   </trkpt>
   <trkpt lat="45.6155390" lon="4.6064380">
    <ele>745.0</ele>
   </trkpt>
   <trkpt lat="45.6155740" lon="4.6064670">
    <ele>745.0</ele>
   </trkpt>
   <trkpt lat="45.6156090" lon="4.6064960">
    <ele>744.0</ele>
   </trkpt>
   <trkpt lat="45.6156450" lon="4.6065310">
    <ele>744.0</ele>
   </trkpt>
   <trkpt lat="45.6156810" lon="4.6065650">
    <ele>743.0</ele>
   </trkpt>
   <trkpt lat="45.6157180" lon="4.6066050">
    <ele>743.0</ele>
   </trkpt>
   <trkpt lat="45.6157560" lon="4.6066450">
    <ele>743.0</ele>
   </trkpt>
   <trkpt lat="45.6157910" lon="4.6066860">
    <ele>742.0</ele>
   </trkpt>
   <trkpt lat="45.6158260" lon="4.6067280">
    <ele>742.0</ele>
   </trkpt>
   <trkpt lat="45.6158580" lon="4.6067700">
    <ele>742.0</ele>
   </trkpt>
   <trkpt lat="45.6158900" lon="4.6068120">
    <ele>742.0</ele>
   </trkpt>
   <trkpt lat="45.6159190" lon="4.6068560">
    <ele>742.0</ele>
   </trkpt>
   <trkpt lat="45.6159480" lon="4.6069000">
    <ele>741.0</ele>
   </trkpt>
   <trkpt lat="45.6159780" lon="4.6069440">
    <ele>741.0</ele>
   </trkpt>
   <trkpt lat="45.6160080" lon="4.6069890">
    <ele>740.0</ele>
   </trkpt>
   <trkpt lat="45.6160360" lon="4.6070310">
    <ele>740.0</ele>
   </trkpt>
   <trkpt lat="45.6160650" lon="4.6070730">
    <ele>740.0</ele>
   </trkpt>
   <trkpt lat="45.6160920" lon="4.6071150">
    <ele>739.0</ele>
   </trkpt>
   <trkpt lat="45.6161200" lon="4.6071560">
    <ele>739.0</ele>
   </trkpt>
   <trkpt lat="45.6161500" lon="4.6071960">
    <ele>739.0</ele>
   </trkpt>
   <trkpt lat="45.6161790" lon="4.6072350">
    <ele>739.0</ele>
   </trkpt>
   <trkpt lat="45.6162090" lon="4.6072740">
    <ele>739.0</ele>
   </trkpt>
   <trkpt lat="45.6162380" lon="4.6073130">
    <ele>738.0</ele>
   </trkpt>
   <trkpt lat="45.6162660" lon="4.6073510">
    <ele>738.0</ele>
   </trkpt>
   <trkpt lat="45.6162940" lon="4.6073890">
    <ele>738.0</ele>
   </trkpt>
   <trkpt lat="45.6163220" lon="4.6074230">
    <ele>738.0</ele>
   </trkpt>
   <trkpt lat="45.6163490" lon="4.6074560">
    <ele>738.0</ele>
   </trkpt>
   <trkpt lat="45.6163760" lon="4.6074860">
    <ele>738.0</ele>
   </trkpt>
   <trkpt lat="45.6164040" lon="4.6075150">
    <ele>738.0</ele>
   </trkpt>
   <trkpt lat="45.6164350" lon="4.6075440">
    <ele>738.0</ele>
   </trkpt>
   <trkpt lat="45.6164660" lon="4.6075720">
    <ele>738.0</ele>
   </trkpt>
   <trkpt lat="45.6165030" lon="4.6076020">
    <ele>738.0</ele>
   </trkpt>
   <trkpt lat="45.6165410" lon="4.6076310">
    <ele>738.0</ele>
   </trkpt>
   <trkpt lat="45.6165780" lon="4.6076480">
    <ele>738.0</ele>
   </trkpt>
   <trkpt lat="45.6166160" lon="4.6076650">
    <ele>738.0</ele>
   </trkpt>
   <trkpt lat="45.6166530" lon="4.6076620">
    <ele>738.0</ele>
   </trkpt>
   <trkpt lat="45.6166910" lon="4.6076590">
    <ele>738.0</ele>
   </trkpt>
   <trkpt lat="45.6167270" lon="4.6076510">
    <ele>738.0</ele>
   </trkpt>
   <trkpt lat="45.6167630" lon="4.6076440">
    <ele>738.0</ele>
   </trkpt>
   <trkpt lat="45.6167990" lon="4.6076390">
    <ele>738.0</ele>
   </trkpt>
   <trkpt lat="45.6168340" lon="4.6076340">
    <ele>738.0</ele>
   </trkpt>
   <trkpt lat="45.6168670" lon="4.6076290">
    <ele>739.0</ele>
   </trkpt>
   <trkpt lat="45.6168990" lon="4.6076240">
    <ele>739.0</ele>
   </trkpt>
   <trkpt lat="45.6169300" lon="4.6076200">
    <ele>739.0</ele>
   </trkpt>
   <trkpt lat="45.6169610" lon="4.6076160">
    <ele>739.0</ele>
   </trkpt>
   <trkpt lat="45.6169920" lon="4.6076090">
    <ele>739.0</ele>
   </trkpt>
   <trkpt lat="45.6170230" lon="4.6076030">
    <ele>739.0</ele>
   </trkpt>
   <trkpt lat="45.6170530" lon="4.6075900">
    <ele>739.0</ele>
   </trkpt>
   <trkpt lat="45.6170830" lon="4.6075770">
    <ele>739.0</ele>
   </trkpt>
   <trkpt lat="45.6171110" lon="4.6075550">
    <ele>739.0</ele>
   </trkpt>
   <trkpt lat="45.6171390" lon="4.6075330">
    <ele>739.0</ele>
   </trkpt>
   <trkpt lat="45.6171690" lon="4.6075060">
    <ele>740.0</ele>
   </trkpt>
   <trkpt lat="45.6171990" lon="4.6074790">
    <ele>740.0</ele>
   </trkpt>
   <trkpt lat="45.6172320" lon="4.6074510">
    <ele>740.0</ele>
   </trkpt>
   <trkpt lat="45.6172640" lon="4.6074220">
    <ele>740.0</ele>
   </trkpt>
   <trkpt lat="45.6172960" lon="4.6074070">
    <ele>740.0</ele>
   </trkpt>
   <trkpt lat="45.6173290" lon="4.6073920">
    <ele>741.0</ele>
   </trkpt>
   <trkpt lat="45.6173630" lon="4.6073950">
    <ele>741.0</ele>
   </trkpt>
   <trkpt lat="45.6173970" lon="4.6073980">
    <ele>741.0</ele>
   </trkpt>
   <trkpt lat="45.6174300" lon="4.6074090">
    <ele>742.0</ele>
   </trkpt>
   <trkpt lat="45.6174640" lon="4.6074210">
    <ele>742.0</ele>
   </trkpt>
   <trkpt lat="45.6174960" lon="4.6074320">
    <ele>743.0</ele>
   </trkpt>
   <trkpt lat="45.6175270" lon="4.6074430">
    <ele>743.0</ele>
   </trkpt>
   <trkpt lat="45.6175580" lon="4.6074520">
    <ele>743.0</ele>
   </trkpt>
   <trkpt lat="45.6175890" lon="4.6074600">
    <ele>744.0</ele>
   </trkpt>
   <trkpt lat="45.6176210" lon="4.6074660">
    <ele>744.0</ele>
   </trkpt>
   <trkpt lat="45.6176530" lon="4.6074730">
    <ele>745.0</ele>
   </trkpt>
   <trkpt lat="45.6176840" lon="4.6074840">
    <ele>745.0</ele>
   </trkpt>
   <trkpt lat="45.6177160" lon="4.6074960">
    <ele>745.0</ele>
   </trkpt>
   <trkpt lat="45.6177440" lon="4.6075130">
    <ele>746.0</ele>
   </trkpt>
   <trkpt lat="45.6177730" lon="4.6075300">
    <ele>746.0</ele>
   </trkpt>
   <trkpt lat="45.6178010" lon="4.6075520">
    <ele>747.0</ele>
   </trkpt>
   <trkpt lat="45.6178280" lon="4.6075730">
    <ele>747.0</ele>
   </trkpt>
   <trkpt lat="45.6178520" lon="4.6075990">
    <ele>747.0</ele>
   </trkpt>
   <trkpt lat="45.6178750" lon="4.6076250">
    <ele>748.0</ele>
   </trkpt>
   <trkpt lat="45.6178860" lon="4.6076630">
    <ele>748.0</ele>
   </trkpt>
   <trkpt lat="45.6178960" lon="4.6077000">
    <ele>749.0</ele>
   </trkpt>
   <trkpt lat="45.6178880" lon="4.6077460">
    <ele>748.0</ele>
   </trkpt>
   <trkpt lat="45.6178790" lon="4.6077930">
    <ele>748.0</ele>
   </trkpt>
   <trkpt lat="45.6178650" lon="4.6078430">
    <ele>748.0</ele>
   </trkpt>
   <trkpt lat="45.6178510" lon="4.6078930">
    <ele>748.0</ele>
   </trkpt>
   <trkpt lat="45.6178460" lon="4.6079430">
    <ele>748.0</ele>
   </trkpt>
   <trkpt lat="45.6178410" lon="4.6079940">
    <ele>747.0</ele>
   </trkpt>
   <trkpt lat="45.6178550" lon="4.6080440">
    <ele>747.0</ele>
   </trkpt>
   <trkpt lat="45.6178680" lon="4.6080940">
    <ele>746.0</ele>
   </trkpt>
   <trkpt lat="45.6178940" lon="4.6081390">
    <ele>746.0</ele>
   </trkpt>
   <trkpt lat="45.6179200" lon="4.6081830">
    <ele>746.0</ele>
   </trkpt>
   <trkpt lat="45.6179480" lon="4.6082230">
    <ele>745.0</ele>
   </trkpt>
   <trkpt lat="45.6179770" lon="4.6082640">
    <ele>744.0</ele>
   </trkpt>
   <trkpt lat="45.6180030" lon="4.6083000">
    <ele>744.0</ele>
   </trkpt>
   <trkpt lat="45.6180290" lon="4.6083350">
    <ele>743.0</ele>
   </trkpt>
   <trkpt lat="45.6180540" lon="4.6083650">
    <ele>743.0</ele>
   </trkpt>
   <trkpt lat="45.6180800" lon="4.6083940">
    <ele>742.0</ele>
   </trkpt>
   <trkpt lat="45.6181050" lon="4.6084250">
    <ele>741.0</ele>
   </trkpt>
   <trkpt lat="45.6181310" lon="4.6084550">
    <ele>740.0</ele>
   </trkpt>
   <trkpt lat="45.6181570" lon="4.6084890">
    <ele>739.0</ele>
   </trkpt>
   <trkpt lat="45.6181830" lon="4.6085230">
    <ele>739.0</ele>
   </trkpt>
   <trkpt lat="45.6182120" lon="4.6085510">
    <ele>738.0</ele>
   </trkpt>
   <trkpt lat="45.6182410" lon="4.6085790">
    <ele>737.0</ele>
   </trkpt>
   <trkpt lat="45.6182730" lon="4.6085910">
    <ele>737.0</ele>
   </trkpt>
   <trkpt lat="45.6183050" lon="4.6086030">
    <ele>736.0</ele>
   </trkpt>
   <trkpt lat="45.6183420" lon="4.6086010">
    <ele>736.0</ele>
   </trkpt>
   <trkpt lat="45.6183790" lon="4.6086000">
    <ele>735.0</ele>
   </trkpt>
   <trkpt lat="45.6184160" lon="4.6085930">
    <ele>734.0</ele>
   </trkpt>
   <trkpt lat="45.6184530" lon="4.6085860">
    <ele>733.0</ele>
   </trkpt>
   <trkpt lat="45.6184860" lon="4.6085760">
    <ele>732.0</ele>
   </trkpt>
   <trkpt lat="45.6185190" lon="4.6085670">
    <ele>732.0</ele>
   </trkpt>
   <trkpt lat="45.6185490" lon="4.6085560">
    <ele>731.0</ele>
   </trkpt>
   <trkpt lat="45.6185800" lon="4.6085450">
    <ele>731.0</ele>
   </trkpt>
   <trkpt lat="45.6186120" lon="4.6085340">
    <ele>730.0</ele>
   </trkpt>
   <trkpt lat="45.6186440" lon="4.6085240">
    <ele>730.0</ele>
   </trkpt>
   <trkpt lat="45.6186770" lon="4.6085200">
    <ele>730.0</ele>
   </trkpt>
   <trkpt lat="45.6187110" lon="4.6085160">
    <ele>729.0</ele>
   </trkpt>
   <trkpt lat="45.6187420" lon="4.6085190">
    <ele>728.0</ele>
   </trkpt>
   <trkpt lat="45.6187730" lon="4.6085220">
    <ele>727.0</ele>
   </trkpt>
   <trkpt lat="45.6188070" lon="4.6085240">
    <ele>726.0</ele>
   </trkpt>
   <trkpt lat="45.6188400" lon="4.6085260">
    <ele>725.0</ele>
   </trkpt>
   <trkpt lat="45.6188750" lon="4.6085350">
    <ele>724.0</ele>
   </trkpt>
   <trkpt lat="45.6189100" lon="4.6085430">
    <ele>723.0</ele>
   </trkpt>
   <trkpt lat="45.6189470" lon="4.6085560">
    <ele>722.0</ele>
   </trkpt>
   <trkpt lat="45.6189840" lon="4.6085690">
    <ele>721.0</ele>
   </trkpt>
   <trkpt lat="45.6190210" lon="4.6085840">
    <ele>721.0</ele>
   </trkpt>
   <trkpt lat="45.6190570" lon="4.6086000">
    <ele>719.0</ele>
   </trkpt>
   <trkpt lat="45.6190920" lon="4.6086190">
    <ele>718.0</ele>
   </trkpt>
   <trkpt lat="45.6191270" lon="4.6086390">
    <ele>717.0</ele>
   </trkpt>
   <trkpt lat="45.6191610" lon="4.6086600">
    <ele>716.0</ele>
   </trkpt>
   <trkpt lat="45.6191950" lon="4.6086810">
    <ele>715.0</ele>
   </trkpt>
   <trkpt lat="45.6192290" lon="4.6087040">
    <ele>714.0</ele>
   </trkpt>
   <trkpt lat="45.6192620" lon="4.6087260">
    <ele>713.0</ele>
   </trkpt>
   <trkpt lat="45.6192970" lon="4.6087490">
    <ele>712.0</ele>
   </trkpt>
   <trkpt lat="45.6193320" lon="4.6087730">
    <ele>711.0</ele>
   </trkpt>
   <trkpt lat="45.6193710" lon="4.6088000">
    <ele>711.0</ele>
   </trkpt>
   <trkpt lat="45.6194110" lon="4.6088270">
    <ele>710.0</ele>
   </trkpt>
   <trkpt lat="45.6194530" lon="4.6088510">
    <ele>709.0</ele>
   </trkpt>
   <trkpt lat="45.6194960" lon="4.6088760">
    <ele>708.0</ele>
   </trkpt>
   <trkpt lat="45.6195360" lon="4.6088930">
    <ele>707.0</ele>
   </trkpt>
   <trkpt lat="45.6195760" lon="4.6089100">
    <ele>706.0</ele>
   </trkpt>
   <trkpt lat="45.6196110" lon="4.6089180">
    <ele>705.0</ele>
   </trkpt>
   <trkpt lat="45.6196470" lon="4.6089260">
    <ele>704.0</ele>
   </trkpt>
   <trkpt lat="45.6196800" lon="4.6089240">
    <ele>704.0</ele>
   </trkpt>
   <trkpt lat="45.6197140" lon="4.6089220">
    <ele>703.0</ele>
   </trkpt>
   <trkpt lat="45.6197490" lon="4.6089110">
    <ele>703.0</ele>
   </trkpt>
   <trkpt lat="45.6197840" lon="4.6088990">
    <ele>702.0</ele>
   </trkpt>
   <trkpt lat="45.6198230" lon="4.6088860">
    <ele>701.0</ele>
   </trkpt>
   <trkpt lat="45.6198620" lon="4.6088720">
    <ele>701.0</ele>
   </trkpt>
   <trkpt lat="45.6199020" lon="4.6088600">
    <ele>700.0</ele>
   </trkpt>
   <trkpt lat="45.6199430" lon="4.6088470">
    <ele>700.0</ele>
   </trkpt>
   <trkpt lat="45.6199840" lon="4.6088380">
    <ele>699.0</ele>
   </trkpt>
   <trkpt lat="45.6200250" lon="4.6088280">
    <ele>699.0</ele>
   </trkpt>
   <trkpt lat="45.6200620" lon="4.6088210">
    <ele>699.0</ele>
   </trkpt>
   <trkpt lat="45.6200990" lon="4.6088140">
    <ele>699.0</ele>
   </trkpt>
   <trkpt lat="45.6201370" lon="4.6088120">
    <ele>699.0</ele>
   </trkpt>
   <trkpt lat="45.6201740" lon="4.6088090">
    <ele>698.0</ele>
   </trkpt>
   <trkpt lat="45.6202140" lon="4.6088160">
    <ele>698.0</ele>
   </trkpt>
   <trkpt lat="45.6202530" lon="4.6088230">
    <ele>698.0</ele>
   </trkpt>
   <trkpt lat="45.6202920" lon="4.6088330">
    <ele>698.0</ele>
   </trkpt>
   <trkpt lat="45.6203300" lon="4.6088440">
    <ele>698.0</ele>
   </trkpt>
   <trkpt lat="45.6203670" lon="4.6088540">
    <ele>698.0</ele>
   </trkpt>
   <trkpt lat="45.6204030" lon="4.6088640">
    <ele>698.0</ele>
   </trkpt>
   <trkpt lat="45.6204370" lon="4.6088850">
    <ele>698.0</ele>
   </trkpt>
   <trkpt lat="45.6204710" lon="4.6089050">
    <ele>698.0</ele>
   </trkpt>
   <trkpt lat="45.6204970" lon="4.6089410">
    <ele>698.0</ele>
   </trkpt>
   <trkpt lat="45.6205240" lon="4.6089760">
    <ele>698.0</ele>
   </trkpt>
   <trkpt lat="45.6205400" lon="4.6090220">
    <ele>698.0</ele>
   </trkpt>
   <trkpt lat="45.6205560" lon="4.6090680">
    <ele>698.0</ele>
   </trkpt>
   <trkpt lat="45.6205580" lon="4.6091180">
    <ele>698.0</ele>
   </trkpt>
   <trkpt lat="45.6205600" lon="4.6091690">
    <ele>699.0</ele>
   </trkpt>
   <trkpt lat="45.6205460" lon="4.6092210">
    <ele>699.0</ele>
   </trkpt>
   <trkpt lat="45.6205320" lon="4.6092730">
    <ele>699.0</ele>
   </trkpt>
   <trkpt lat="45.6205060" lon="4.6093220">
    <ele>699.0</ele>
   </trkpt>
   <trkpt lat="45.6204810" lon="4.6093720">
    <ele>699.0</ele>
   </trkpt>
   <trkpt lat="45.6204540" lon="4.6094180">
    <ele>699.0</ele>
   </trkpt>
   <trkpt lat="45.6204270" lon="4.6094650">
    <ele>698.0</ele>
   </trkpt>
   <trkpt lat="45.6204070" lon="4.6095120">
    <ele>697.0</ele>
   </trkpt>
   <trkpt lat="45.6203860" lon="4.6095590">
    <ele>697.0</ele>
   </trkpt>
   <trkpt lat="45.6203680" lon="4.6096120">
    <ele>696.0</ele>
   </trkpt>
   <trkpt lat="45.6203500" lon="4.6096660">
    <ele>696.0</ele>
   </trkpt>
   <trkpt lat="45.6203320" lon="4.6097250">
    <ele>695.0</ele>
   </trkpt>
   <trkpt lat="45.6203140" lon="4.6097840">
    <ele>695.0</ele>
   </trkpt>
   <trkpt lat="45.6202940" lon="4.6098420">
    <ele>694.0</ele>
   </trkpt>
   <trkpt lat="45.6202740" lon="4.6099000">
    <ele>694.0</ele>
   </trkpt>
   <trkpt lat="45.6202530" lon="4.6099570">
    <ele>694.0</ele>
   </trkpt>
   <trkpt lat="45.6202320" lon="4.6100140">
    <ele>693.0</ele>
   </trkpt>
   <trkpt lat="45.6202160" lon="4.6100720">
    <ele>693.0</ele>
   </trkpt>
   <trkpt lat="45.6202000" lon="4.6101300">
    <ele>693.0</ele>
   </trkpt>
   <trkpt lat="45.6201910" lon="4.6101890">
    <ele>693.0</ele>
   </trkpt>
   <trkpt lat="45.6201820" lon="4.6102490">
    <ele>693.0</ele>
   </trkpt>
   <trkpt lat="45.6201730" lon="4.6103050">
    <ele>692.0</ele>
   </trkpt>
   <trkpt lat="45.6201640" lon="4.6103620">
    <ele>692.0</ele>
   </trkpt>
   <trkpt lat="45.6201520" lon="4.6104150">
    <ele>692.0</ele>
   </trkpt>
   <trkpt lat="45.6201400" lon="4.6104680">
    <ele>692.0</ele>
   </trkpt>
   <trkpt lat="45.6201260" lon="4.6105210">
    <ele>692.0</ele>
   </trkpt>
   <trkpt lat="45.6201120" lon="4.6105740">
    <ele>691.0</ele>
   </trkpt>
   <trkpt lat="45.6200980" lon="4.6106280">
    <ele>691.0</ele>
   </trkpt>
   <trkpt lat="45.6200850" lon="4.6106820">
    <ele>690.0</ele>
   </trkpt>
   <trkpt lat="45.6200710" lon="4.6107370">
    <ele>690.0</ele>
   </trkpt>
   <trkpt lat="45.6200580" lon="4.6107920">
    <ele>690.0</ele>
   </trkpt>
   <trkpt lat="45.6200430" lon="4.6108470">
    <ele>689.0</ele>
   </trkpt>
   <trkpt lat="45.6200270" lon="4.6109020">
    <ele>688.0</ele>
   </trkpt>
   <trkpt lat="45.6200080" lon="4.6109550">
    <ele>688.0</ele>
   </trkpt>
   <trkpt lat="45.6199900" lon="4.6110080">
    <ele>687.0</ele>
   </trkpt>
   <trkpt lat="45.6199720" lon="4.6110600">
    <ele>687.0</ele>
   </trkpt>
   <trkpt lat="45.6199550" lon="4.6111110">
    <ele>686.0</ele>
   </trkpt>
   <trkpt lat="45.6199470" lon="4.6111630">
    <ele>685.0</ele>
   </trkpt>
   <trkpt lat="45.6199390" lon="4.6112150">
    <ele>685.0</ele>
   </trkpt>
   <trkpt lat="45.6199400" lon="4.6112720">
    <ele>684.0</ele>
   </trkpt>
   <trkpt lat="45.6199410" lon="4.6113290">
    <ele>684.0</ele>
   </trkpt>
   <trkpt lat="45.6199490" lon="4.6113810">
    <ele>683.0</ele>
   </trkpt>
   <trkpt lat="45.6199580" lon="4.6114340">
    <ele>683.0</ele>
   </trkpt>
   <trkpt lat="45.6199780" lon="4.6114650">
    <ele>682.0</ele>
   </trkpt>
   <trkpt lat="45.6199980" lon="4.6114960">
    <ele>682.0</ele>
   </trkpt>
   <trkpt lat="45.6200220" lon="4.6115080">
    <ele>682.0</ele>
   </trkpt>
   <trkpt lat="45.6200460" lon="4.6115190">
    <ele>681.0</ele>
   </trkpt>
   <trkpt lat="45.6200650" lon="4.6115150">
    <ele>681.0</ele>
   </trkpt>
   <trkpt lat="45.6200850" lon="4.6115110">
    <ele>680.0</ele>
   </trkpt>
   <trkpt lat="45.6201030" lon="4.6114960">
    <ele>680.0</ele>
   </trkpt>
   <trkpt lat="45.6201210" lon="4.6114810">
    <ele>680.0</ele>
   </trkpt>
   <trkpt lat="45.6201400" lon="4.6114580">
    <ele>680.0</ele>
   </trkpt>
   <trkpt lat="45.6201590" lon="4.6114350">
    <ele>680.0</ele>
   </trkpt>
   <trkpt lat="45.6201760" lon="4.6114100">
    <ele>680.0</ele>
   </trkpt>
   <trkpt lat="45.6201920" lon="4.6113850">
    <ele>680.0</ele>
   </trkpt>
   <trkpt lat="45.6202060" lon="4.6113610">
    <ele>681.0</ele>
   </trkpt>
   <trkpt lat="45.6202190" lon="4.6113370">
    <ele>681.0</ele>
   </trkpt>
   <trkpt lat="45.6202310" lon="4.6113150">
    <ele>682.0</ele>
   </trkpt>
   <trkpt lat="45.6202430" lon="4.6112930">
    <ele>682.0</ele>
   </trkpt>
   <trkpt lat="45.6202550" lon="4.6112750">
    <ele>683.0</ele>
   </trkpt>
   <trkpt lat="45.6202670" lon="4.6112570">
    <ele>684.0</ele>
   </trkpt>
   <trkpt lat="45.6202810" lon="4.6112440">
    <ele>684.0</ele>
   </trkpt>
   <trkpt lat="45.6202950" lon="4.6112310">
    <ele>684.0</ele>
   </trkpt>
   <trkpt lat="45.6203100" lon="4.6112190">
    <ele>685.0</ele>
   </trkpt>
   <trkpt lat="45.6203250" lon="4.6112070">
    <ele>685.0</ele>
   </trkpt>
   <trkpt lat="45.6203430" lon="4.6111980">
    <ele>686.0</ele>
   </trkpt>
   <trkpt lat="45.6203610" lon="4.6111890">
    <ele>686.0</ele>
   </trkpt>
   <trkpt lat="45.6203780" lon="4.6111820">
    <ele>687.0</ele>
   </trkpt>
   <trkpt lat="45.6203960" lon="4.6111750">
    <ele>687.0</ele>
   </trkpt>
   <trkpt lat="45.6204130" lon="4.6111680">
    <ele>688.0</ele>
   </trkpt>
   <trkpt lat="45.6204300" lon="4.6111610">
    <ele>689.0</ele>
   </trkpt>
   <trkpt lat="45.6204460" lon="4.6111520">
    <ele>689.0</ele>
   </trkpt>
   <trkpt lat="45.6204620" lon="4.6111440">
    <ele>689.0</ele>
   </trkpt>
   <trkpt lat="45.6204780" lon="4.6111360">
    <ele>690.0</ele>
   </trkpt>
   <trkpt lat="45.6204940" lon="4.6111280">
    <ele>690.0</ele>
   </trkpt>
   <trkpt lat="45.6205120" lon="4.6111210">
    <ele>691.0</ele>
   </trkpt>
   <trkpt lat="45.6205290" lon="4.6111140">
    <ele>691.0</ele>
   </trkpt>
   <trkpt lat="45.6205480" lon="4.6111070">
    <ele>692.0</ele>
   </trkpt>
   <trkpt lat="45.6205670" lon="4.6111010">
    <ele>692.0</ele>
   </trkpt>
   <trkpt lat="45.6205840" lon="4.6110950">
    <ele>693.0</ele>
   </trkpt>
   <trkpt lat="45.6206020" lon="4.6110890">
    <ele>694.0</ele>
   </trkpt>
   <trkpt lat="45.6206180" lon="4.6110820">
    <ele>694.0</ele>
   </trkpt>
   <trkpt lat="45.6206330" lon="4.6110750">
    <ele>694.0</ele>
   </trkpt>
   <trkpt lat="45.6206480" lon="4.6110650">
    <ele>694.0</ele>
   </trkpt>
   <trkpt lat="45.6206620" lon="4.6110560">
    <ele>694.0</ele>
   </trkpt>
   <trkpt lat="45.6206750" lon="4.6110470">
    <ele>695.0</ele>
   </trkpt>
   <trkpt lat="45.6206880" lon="4.6110380">
    <ele>695.0</ele>
   </trkpt>
   <trkpt lat="45.6206980" lon="4.6110290">
    <ele>696.0</ele>
   </trkpt>
   <trkpt lat="45.6207090" lon="4.6110210">
    <ele>696.0</ele>
   </trkpt>
   <trkpt lat="45.6207200" lon="4.6110130">
    <ele>697.0</ele>
   </trkpt>
   <trkpt lat="45.6207300" lon="4.6110040">
    <ele>698.0</ele>
   </trkpt>
   <trkpt lat="45.6207430" lon="4.6109980">
    <ele>698.0</ele>
   </trkpt>
   <trkpt lat="45.6207550" lon="4.6109920">
    <ele>698.0</ele>
   </trkpt>
   <trkpt lat="45.6207670" lon="4.6109810">
    <ele>699.0</ele>
   </trkpt>
   <trkpt lat="45.6207780" lon="4.6109700">
    <ele>699.0</ele>
   </trkpt>
   <trkpt lat="45.6207880" lon="4.6109540">
    <ele>700.0</ele>
   </trkpt>
   <trkpt lat="45.6207980" lon="4.6109390">
    <ele>700.0</ele>
   </trkpt>
   <trkpt lat="45.6208070" lon="4.6109230">
    <ele>701.0</ele>
   </trkpt>
   <trkpt lat="45.6208170" lon="4.6109070">
    <ele>701.0</ele>
   </trkpt>
   <trkpt lat="45.6208250" lon="4.6108900">
    <ele>702.0</ele>
   </trkpt>
   <trkpt lat="45.6208330" lon="4.6108740">
    <ele>703.0</ele>
   </trkpt>
   <trkpt lat="45.6208420" lon="4.6108600">
    <ele>703.0</ele>
   </trkpt>
   <trkpt lat="45.6208500" lon="4.6108460">
    <ele>703.0</ele>
   </trkpt>
   <trkpt lat="45.6208600" lon="4.6108310">
    <ele>704.0</ele>
   </trkpt>
   <trkpt lat="45.6208700" lon="4.6108160">
    <ele>704.0</ele>
   </trkpt>
   <trkpt lat="45.6208810" lon="4.6108010">
    <ele>705.0</ele>
   </trkpt>
   <trkpt lat="45.6208920" lon="4.6107870">
    <ele>705.0</ele>
   </trkpt>
   <trkpt lat="45.6209030" lon="4.6107720">
    <ele>706.0</ele>
   </trkpt>
   <trkpt lat="45.6209130" lon="4.6107570">
    <ele>706.0</ele>
   </trkpt>
   <trkpt lat="45.6209210" lon="4.6107420">
    <ele>707.0</ele>
   </trkpt>
   <trkpt lat="45.6209290" lon="4.6107270">
    <ele>708.0</ele>
   </trkpt>
   <trkpt lat="45.6209360" lon="4.6107120">
    <ele>708.0</ele>
   </trkpt>
   <trkpt lat="45.6209420" lon="4.6106960">
    <ele>708.0</ele>
   </trkpt>
   <trkpt lat="45.6209490" lon="4.6106800">
    <ele>709.0</ele>
   </trkpt>
   <trkpt lat="45.6209560" lon="4.6106630">
    <ele>709.0</ele>
   </trkpt>
   <trkpt lat="45.6209630" lon="4.6106460">
    <ele>710.0</ele>
   </trkpt>
   <trkpt lat="45.6209710" lon="4.6106290">
    <ele>710.0</ele>
   </trkpt>
   <trkpt lat="45.6209790" lon="4.6106140">
    <ele>711.0</ele>
   </trkpt>
   <trkpt lat="45.6209870" lon="4.6105980">
    <ele>711.0</ele>
   </trkpt>
   <trkpt lat="45.6209920" lon="4.6105820">
    <ele>712.0</ele>
   </trkpt>
   <trkpt lat="45.6209970" lon="4.6105650">
    <ele>713.0</ele>
   </trkpt>
   <trkpt lat="45.6210010" lon="4.6105480">
    <ele>713.0</ele>
   </trkpt>
   <trkpt lat="45.6210050" lon="4.6105310">
    <ele>713.0</ele>
   </trkpt>
   <trkpt lat="45.6210120" lon="4.6105180">
    <ele>714.0</ele>
   </trkpt>
   <trkpt lat="45.6210190" lon="4.6105050">
    <ele>714.0</ele>
   </trkpt>
   <trkpt lat="45.6210260" lon="4.6104940">
    <ele>715.0</ele>
   </trkpt>
   <trkpt lat="45.6210330" lon="4.6104820">
    <ele>715.0</ele>
   </trkpt>
   <trkpt lat="45.6210370" lon="4.6104710">
    <ele>716.0</ele>
   </trkpt>
   <trkpt lat="45.6210410" lon="4.6104590">
    <ele>716.0</ele>
   </trkpt>
   <trkpt lat="45.6210460" lon="4.6104470">
    <ele>717.0</ele>
   </trkpt>
   <trkpt lat="45.6210520" lon="4.6104350">
    <ele>718.0</ele>
   </trkpt>
   <trkpt lat="45.6210590" lon="4.6104190">
    <ele>718.0</ele>
   </trkpt>
   <trkpt lat="45.6210650" lon="4.6104030">
    <ele>718.0</ele>
   </trkpt>
   <trkpt lat="45.6210750" lon="4.6103900">
    <ele>718.0</ele>
   </trkpt>
   <trkpt lat="45.6210850" lon="4.6103770">
    <ele>718.0</ele>
   </trkpt>
   <trkpt lat="45.6210970" lon="4.6103670">
    <ele>719.0</ele>
   </trkpt>
   <trkpt lat="45.6211090" lon="4.6103570">
    <ele>719.0</ele>
   </trkpt>
   <trkpt lat="45.6211200" lon="4.6103500">
    <ele>720.0</ele>
   </trkpt>
   <trkpt lat="45.6211300" lon="4.6103440">
    <ele>720.0</ele>
   </trkpt>
   <trkpt lat="45.6211410" lon="4.6103390">
    <ele>721.0</ele>
   </trkpt>
   <trkpt lat="45.6211510" lon="4.6103350">
    <ele>722.0</ele>
   </trkpt>
   <trkpt lat="45.6211600" lon="4.6103280">
    <ele>722.0</ele>
   </trkpt>
   <trkpt lat="45.6211690" lon="4.6103210">
    <ele>722.0</ele>
   </trkpt>
   <trkpt lat="45.6211780" lon="4.6103110">
    <ele>723.0</ele>
   </trkpt>
   <trkpt lat="45.6211860" lon="4.6103020">
    <ele>723.0</ele>
   </trkpt>
   <trkpt lat="45.6211970" lon="4.6102930">
    <ele>724.0</ele>
   </trkpt>
   <trkpt lat="45.6212070" lon="4.6102830">
    <ele>724.0</ele>
   </trkpt>
   <trkpt lat="45.6212210" lon="4.6102730">
    <ele>725.0</ele>
   </trkpt>
   <trkpt lat="45.6212350" lon="4.6102640">
    <ele>725.0</ele>
   </trkpt>
   <trkpt lat="45.6212490" lon="4.6102560">
    <ele>726.0</ele>
   </trkpt>
   <trkpt lat="45.6212630" lon="4.6102490">
    <ele>727.0</ele>
   </trkpt>
   <trkpt lat="45.6212780" lon="4.6102410">
    <ele>727.0</ele>
   </trkpt>
   <trkpt lat="45.6212920" lon="4.6102340">
    <ele>727.0</ele>
   </trkpt>
   <trkpt lat="45.6213030" lon="4.6102280">
    <ele>728.0</ele>
   </trkpt>
   <trkpt lat="45.6213130" lon="4.6102210">
    <ele>728.0</ele>
   </trkpt>
   <trkpt lat="45.6213240" lon="4.6102180">
    <ele>729.0</ele>
   </trkpt>
   <trkpt lat="45.6213350" lon="4.6102140">
    <ele>729.0</ele>
   </trkpt>
   <trkpt lat="45.6213490" lon="4.6102100">
    <ele>729.0</ele>
   </trkpt>
   <trkpt lat="45.6213640" lon="4.6102060">
    <ele>730.0</ele>
   </trkpt>
   <trkpt lat="45.6213710" lon="4.6102020">
    <ele>730.0</ele>
   </trkpt>
   <trkpt lat="45.6213790" lon="4.6101990">
    <ele>731.0</ele>
   </trkpt>
   <trkpt lat="45.6213860" lon="4.6101890">
    <ele>731.0</ele>
   </trkpt>
   <trkpt lat="45.6213940" lon="4.6101790">
    <ele>731.0</ele>
   </trkpt>
   <trkpt lat="45.6213980" lon="4.6101650">
    <ele>732.0</ele>
   </trkpt>
   <trkpt lat="45.6214020" lon="4.6101510">
    <ele>732.0</ele>
   </trkpt>
   <trkpt lat="45.6214090" lon="4.6101370">
    <ele>733.0</ele>
   </trkpt>
   <trkpt lat="45.6214160" lon="4.6101230">
    <ele>733.0</ele>
   </trkpt>
   <trkpt lat="45.6214240" lon="4.6101110">
    <ele>733.0</ele>
   </trkpt>
   <trkpt lat="45.6214330" lon="4.6101000">
    <ele>734.0</ele>
   </trkpt>
   <trkpt lat="45.6214420" lon="4.6100890">
    <ele>734.0</ele>
   </trkpt>
   <trkpt lat="45.6214510" lon="4.6100780">
    <ele>735.0</ele>
   </trkpt>
   <trkpt lat="45.6214580" lon="4.6100670">
    <ele>735.0</ele>
   </trkpt>
   <trkpt lat="45.6214650" lon="4.6100550">
    <ele>735.0</ele>
   </trkpt>
   <trkpt lat="45.6214730" lon="4.6100430">
    <ele>736.0</ele>
   </trkpt>
   <trkpt lat="45.6214800" lon="4.6100300">
    <ele>736.0</ele>
   </trkpt>
   <trkpt lat="45.6214900" lon="4.6100200">
    <ele>737.0</ele>
   </trkpt>
   <trkpt lat="45.6215000" lon="4.6100090">
    <ele>737.0</ele>
   </trkpt>
   <trkpt lat="45.6215120" lon="4.6099980">
    <ele>738.0</ele>
   </trkpt>
   <trkpt lat="45.6215240" lon="4.6099880">
    <ele>738.0</ele>
   </trkpt>
   <trkpt lat="45.6215350" lon="4.6099770">
    <ele>739.0</ele>
   </trkpt>
   <trkpt lat="45.6215470" lon="4.6099670">
    <ele>740.0</ele>
   </trkpt>
   <trkpt lat="45.6215570" lon="4.6099570">
    <ele>740.0</ele>
   </trkpt>
   <trkpt lat="45.6215680" lon="4.6099470">
    <ele>740.0</ele>
   </trkpt>
   <trkpt lat="45.6215770" lon="4.6099380">
    <ele>741.0</ele>
   </trkpt>
   <trkpt lat="45.6215860" lon="4.6099300">
    <ele>741.0</ele>
   </trkpt>
   <trkpt lat="45.6215930" lon="4.6099190">
    <ele>742.0</ele>
   </trkpt>
   <trkpt lat="45.6215990" lon="4.6099090">
    <ele>742.0</ele>
   </trkpt>
   <trkpt lat="45.6216040" lon="4.6098950">
    <ele>743.0</ele>
   </trkpt>
   <trkpt lat="45.6216090" lon="4.6098820">
    <ele>743.0</ele>
   </trkpt>
   <trkpt lat="45.6216140" lon="4.6098630">
    <ele>744.0</ele>
   </trkpt>
   <trkpt lat="45.6216200" lon="4.6098450">
    <ele>745.0</ele>
   </trkpt>
   <trkpt lat="45.6216260" lon="4.6098260">
    <ele>745.0</ele>
   </trkpt>
   <trkpt lat="45.6216330" lon="4.6098070">
    <ele>745.0</ele>
   </trkpt>
   <trkpt lat="45.6216400" lon="4.6097910">
    <ele>746.0</ele>
   </trkpt>
   <trkpt lat="45.6216460" lon="4.6097740">
    <ele>746.0</ele>
   </trkpt>
   <trkpt lat="45.6216520" lon="4.6097600">
    <ele>747.0</ele>
   </trkpt>
   <trkpt lat="45.6216580" lon="4.6097460">
    <ele>747.0</ele>
   </trkpt>
   <trkpt lat="45.6216640" lon="4.6097330">
    <ele>747.0</ele>
   </trkpt>
   <trkpt lat="45.6216690" lon="4.6097210">
    <ele>748.0</ele>
   </trkpt>
   <trkpt lat="45.6216750" lon="4.6097070">
    <ele>748.0</ele>
   </trkpt>
   <trkpt lat="45.6216810" lon="4.6096940">
    <ele>749.0</ele>
   </trkpt>
   <trkpt lat="45.6216890" lon="4.6096810">
    <ele>749.0</ele>
   </trkpt>
   <trkpt lat="45.6216980" lon="4.6096690">
    <ele>749.0</ele>
   </trkpt>
   <trkpt lat="45.6217080" lon="4.6096580">
    <ele>750.0</ele>
   </trkpt>
   <trkpt lat="45.6217180" lon="4.6096470">
    <ele>750.0</ele>
   </trkpt>
   <trkpt lat="45.6217280" lon="4.6096350">
    <ele>751.0</ele>
   </trkpt>
   <trkpt lat="45.6217380" lon="4.6096240">
    <ele>751.0</ele>
   </trkpt>
   <trkpt lat="45.6217470" lon="4.6096120">
    <ele>751.0</ele>
   </trkpt>
   <trkpt lat="45.6217560" lon="4.6096010">
    <ele>752.0</ele>
   </trkpt>
   <trkpt lat="45.6217630" lon="4.6095890">
    <ele>752.0</ele>
   </trkpt>
   <trkpt lat="45.6217700" lon="4.6095770">
    <ele>753.0</ele>
   </trkpt>
   <trkpt lat="45.6217760" lon="4.6095660">
    <ele>753.0</ele>
   </trkpt>
   <trkpt lat="45.6217820" lon="4.6095550">
    <ele>753.0</ele>
   </trkpt>
   <trkpt lat="45.6217890" lon="4.6095450">
    <ele>754.0</ele>
   </trkpt>
   <trkpt lat="45.6217950" lon="4.6095340">
    <ele>754.0</ele>
   </trkpt>
   <trkpt lat="45.6218010" lon="4.6095230">
    <ele>755.0</ele>
   </trkpt>
   <trkpt lat="45.6218070" lon="4.6095110">
    <ele>755.0</ele>
   </trkpt>
   <trkpt lat="45.6218110" lon="4.6094970">
    <ele>756.0</ele>
   </trkpt>
   <trkpt lat="45.6218140" lon="4.6094840">
    <ele>756.0</ele>
   </trkpt>
   <trkpt lat="45.6218160" lon="4.6094660">
    <ele>757.0</ele>
   </trkpt>
   <trkpt lat="45.6218180" lon="4.6094490">
    <ele>758.0</ele>
   </trkpt>
   <trkpt lat="45.6218210" lon="4.6094310">
    <ele>758.0</ele>
   </trkpt>
   <trkpt lat="45.6218240" lon="4.6094120">
    <ele>758.0</ele>
   </trkpt>
   <trkpt lat="45.6218270" lon="4.6093930">
    <ele>759.0</ele>
   </trkpt>
   <trkpt lat="45.6218300" lon="4.6093750">
    <ele>759.0</ele>
   </trkpt>
   <trkpt lat="45.6218320" lon="4.6093570">
    <ele>760.0</ele>
   </trkpt>
   <trkpt lat="45.6218340" lon="4.6093400">
    <ele>760.0</ele>
   </trkpt>
   <trkpt lat="45.6218380" lon="4.6093240">
    <ele>761.0</ele>
   </trkpt>
   <trkpt lat="45.6218420" lon="4.6093090">
    <ele>761.0</ele>
   </trkpt>
   <trkpt lat="45.6218480" lon="4.6092960">
    <ele>762.0</ele>
   </trkpt>
   <trkpt lat="45.6218540" lon="4.6092820">
    <ele>763.0</ele>
   </trkpt>
   <trkpt lat="45.6218620" lon="4.6092710">
    <ele>763.0</ele>
   </trkpt>
   <trkpt lat="45.6218700" lon="4.6092600">
    <ele>763.0</ele>
   </trkpt>
   <trkpt lat="45.6218790" lon="4.6092510">
    <ele>763.0</ele>
   </trkpt>
   <trkpt lat="45.6218880" lon="4.6092420">
    <ele>763.0</ele>
   </trkpt>
   <trkpt lat="45.6218980" lon="4.6092370">
    <ele>764.0</ele>
   </trkpt>
   <trkpt lat="45.6219080" lon="4.6092320">
    <ele>764.0</ele>
   </trkpt>
   <trkpt lat="45.6219190" lon="4.6092310">
    <ele>765.0</ele>
   </trkpt>
   <trkpt lat="45.6219300" lon="4.6092310">
    <ele>765.0</ele>
   </trkpt>
   <trkpt lat="45.6219420" lon="4.6092330">
    <ele>766.0</ele>
   </trkpt>
   <trkpt lat="45.6219550" lon="4.6092350">
    <ele>767.0</ele>
   </trkpt>
   <trkpt lat="45.6219670" lon="4.6092350">
    <ele>767.0</ele>
   </trkpt>
   <trkpt lat="45.6219780" lon="4.6092350">
    <ele>767.0</ele>
   </trkpt>
   <trkpt lat="45.6219860" lon="4.6092300">
    <ele>768.0</ele>
   </trkpt>
   <trkpt lat="45.6219940" lon="4.6092240">
    <ele>768.0</ele>
   </trkpt>
   <trkpt lat="45.6219980" lon="4.6092130">
    <ele>769.0</ele>
   </trkpt>
   <trkpt lat="45.6220020" lon="4.6092020">
    <ele>769.0</ele>
   </trkpt>
   <trkpt lat="45.6220040" lon="4.6091890">
    <ele>769.0</ele>
   </trkpt>
   <trkpt lat="45.6220050" lon="4.6091760">
    <ele>770.0</ele>
   </trkpt>
   <trkpt lat="45.6220100" lon="4.6091640">
    <ele>770.0</ele>
   </trkpt>
   <trkpt lat="45.6220160" lon="4.6091520">
    <ele>771.0</ele>
   </trkpt>
   <trkpt lat="45.6220270" lon="4.6091440">
    <ele>771.0</ele>
   </trkpt>
   <trkpt lat="45.6220380" lon="4.6091360">
    <ele>771.0</ele>
   </trkpt>
   <trkpt lat="45.6220500" lon="4.6091320">
    <ele>772.0</ele>
   </trkpt>
   <trkpt lat="45.6220630" lon="4.6091290">
    <ele>772.0</ele>
   </trkpt>
   <trkpt lat="45.6220760" lon="4.6091250">
    <ele>773.0</ele>
   </trkpt>
   <trkpt lat="45.6220890" lon="4.6091210">
    <ele>773.0</ele>
   </trkpt>
   <trkpt lat="45.6221010" lon="4.6091160">
    <ele>774.0</ele>
   </trkpt>
   <trkpt lat="45.6221140" lon="4.6091110">
    <ele>774.0</ele>
   </trkpt>
   <trkpt lat="45.6221250" lon="4.6091050">
    <ele>775.0</ele>
   </trkpt>
   <trkpt lat="45.6221360" lon="4.6090990">
    <ele>776.0</ele>
   </trkpt>
   <trkpt lat="45.6221450" lon="4.6090900">
    <ele>776.0</ele>
   </trkpt>
   <trkpt lat="45.6221540" lon="4.6090810">
    <ele>776.0</ele>
   </trkpt>
   <trkpt lat="45.6221620" lon="4.6090720">
    <ele>776.0</ele>
   </trkpt>
   <trkpt lat="45.6221710" lon="4.6090620">
    <ele>776.0</ele>
   </trkpt>
   <trkpt lat="45.6221800" lon="4.6090540">
    <ele>777.0</ele>
   </trkpt>
   <trkpt lat="45.6221900" lon="4.6090460">
    <ele>777.0</ele>
   </trkpt>
   <trkpt lat="45.6222000" lon="4.6090380">
    <ele>778.0</ele>
   </trkpt>
   <trkpt lat="45.6222100" lon="4.6090300">
    <ele>778.0</ele>
   </trkpt>
   <trkpt lat="45.6222190" lon="4.6090220">
    <ele>779.0</ele>
   </trkpt>
   <trkpt lat="45.6222280" lon="4.6090150">
    <ele>780.0</ele>
   </trkpt>
   <trkpt lat="45.6222360" lon="4.6090080">
    <ele>780.0</ele>
   </trkpt>
   <trkpt lat="45.6222450" lon="4.6090010">
    <ele>780.0</ele>
   </trkpt>
   <trkpt lat="45.6222560" lon="4.6089980">
    <ele>781.0</ele>
   </trkpt>
   <trkpt lat="45.6222660" lon="4.6089950">
    <ele>781.0</ele>
   </trkpt>
   <trkpt lat="45.6222770" lon="4.6089940">
    <ele>782.0</ele>
   </trkpt>
   <trkpt lat="45.6222880" lon="4.6089930">
    <ele>782.0</ele>
   </trkpt>
   <trkpt lat="45.6222970" lon="4.6089900">
    <ele>782.0</ele>
   </trkpt>
   <trkpt lat="45.6223070" lon="4.6089860">
    <ele>783.0</ele>
   </trkpt>
   <trkpt lat="45.6223120" lon="4.6089780">
    <ele>783.0</ele>
   </trkpt>
   <trkpt lat="45.6223180" lon="4.6089700">
    <ele>784.0</ele>
   </trkpt>
   <trkpt lat="45.6223220" lon="4.6089590">
    <ele>784.0</ele>
   </trkpt>
   <trkpt lat="45.6223270" lon="4.6089490">
    <ele>784.0</ele>
   </trkpt>
   <trkpt lat="45.6223330" lon="4.6089390">
    <ele>785.0</ele>
   </trkpt>
   <trkpt lat="45.6223380" lon="4.6089300">
    <ele>785.0</ele>
   </trkpt>
   <trkpt lat="45.6223450" lon="4.6089190">
    <ele>786.0</ele>
   </trkpt>
   <trkpt lat="45.6223530" lon="4.6089090">
    <ele>786.0</ele>
   </trkpt>
   <trkpt lat="45.6223630" lon="4.6089010">
    <ele>786.0</ele>
   </trkpt>
   <trkpt lat="45.6223740" lon="4.6088930">
    <ele>787.0</ele>
   </trkpt>
   <trkpt lat="45.6223890" lon="4.6088880">
    <ele>787.0</ele>
   </trkpt>
   <trkpt lat="45.6224030" lon="4.6088840">
    <ele>788.0</ele>
   </trkpt>
   <trkpt lat="45.6224180" lon="4.6088850">
    <ele>788.0</ele>
   </trkpt>
   <trkpt lat="45.6224330" lon="4.6088860">
    <ele>788.0</ele>
   </trkpt>
   <trkpt lat="45.6224490" lon="4.6088890">
    <ele>789.0</ele>
   </trkpt>
   <trkpt lat="45.6224650" lon="4.6088930">
    <ele>789.0</ele>
   </trkpt>
   <trkpt lat="45.6224810" lon="4.6088960">
    <ele>790.0</ele>
   </trkpt>
   <trkpt lat="45.6224970" lon="4.6088990">
    <ele>790.0</ele>
   </trkpt>
   <trkpt lat="45.6225110" lon="4.6088990">
    <ele>791.0</ele>
   </trkpt>
   <trkpt lat="45.6225260" lon="4.6088990">
    <ele>791.0</ele>
   </trkpt>
   <trkpt lat="45.6225400" lon="4.6088960">
    <ele>792.0</ele>
   </trkpt>
   <trkpt lat="45.6225540" lon="4.6088930">
    <ele>793.0</ele>
   </trkpt>
   <trkpt lat="45.6225690" lon="4.6088870">
    <ele>793.0</ele>
   </trkpt>
   <trkpt lat="45.6225840" lon="4.6088820">
    <ele>793.0</ele>
   </trkpt>
   <trkpt lat="45.6225980" lon="4.6088740">
    <ele>794.0</ele>
   </trkpt>
   <trkpt lat="45.6226130" lon="4.6088660">
    <ele>794.0</ele>
   </trkpt>
   <trkpt lat="45.6226240" lon="4.6088560">
    <ele>795.0</ele>
   </trkpt>
   <trkpt lat="45.6226350" lon="4.6088450">
    <ele>795.0</ele>
   </trkpt>
   <trkpt lat="45.6226430" lon="4.6088290">
    <ele>795.0</ele>
   </trkpt>
   <trkpt lat="45.6226510" lon="4.6088140">
    <ele>796.0</ele>
   </trkpt>
   <trkpt lat="45.6226580" lon="4.6087970">
    <ele>796.0</ele>
   </trkpt>
   <trkpt lat="45.6226650" lon="4.6087810">
    <ele>797.0</ele>
   </trkpt>
   <trkpt lat="45.6226720" lon="4.6087650">
    <ele>797.0</ele>
   </trkpt>
   <trkpt lat="45.6226790" lon="4.6087490">
    <ele>797.0</ele>
   </trkpt>
   <trkpt lat="45.6226880" lon="4.6087370">
    <ele>798.0</ele>
   </trkpt>
   <trkpt lat="45.6226970" lon="4.6087250">
    <ele>798.0</ele>
   </trkpt>
   <trkpt lat="45.6227070" lon="4.6087160">
    <ele>799.0</ele>
   </trkpt>
   <trkpt lat="45.6227160" lon="4.6087070">
    <ele>799.0</ele>
   </trkpt>
   <trkpt lat="45.6227270" lon="4.6086980">
    <ele>799.0</ele>
   </trkpt>
   <trkpt lat="45.6227380" lon="4.6086880">
    <ele>800.0</ele>
   </trkpt>
   <trkpt lat="45.6227480" lon="4.6086750">
    <ele>800.0</ele>
   </trkpt>
   <trkpt lat="45.6227580" lon="4.6086610">
    <ele>801.0</ele>
   </trkpt>
   <trkpt lat="45.6227670" lon="4.6086470">
    <ele>801.0</ele>
   </trkpt>
   <trkpt lat="45.6227760" lon="4.6086330">
    <ele>801.0</ele>
   </trkpt>
   <trkpt lat="45.6227840" lon="4.6086200">
    <ele>802.0</ele>
   </trkpt>
   <trkpt lat="45.6227920" lon="4.6086070">
    <ele>802.0</ele>
   </trkpt>
   <trkpt lat="45.6228000" lon="4.6085950">
    <ele>803.0</ele>
   </trkpt>
   <trkpt lat="45.6228080" lon="4.6085820">
    <ele>803.0</ele>
   </trkpt>
   <trkpt lat="45.6228190" lon="4.6085710">
    <ele>804.0</ele>
   </trkpt>
   <trkpt lat="45.6228290" lon="4.6085600">
    <ele>804.0</ele>
   </trkpt>
   <trkpt lat="45.6228390" lon="4.6085480">
    <ele>805.0</ele>
   </trkpt>
   <trkpt lat="45.6228500" lon="4.6085360">
    <ele>806.0</ele>
   </trkpt>
   <trkpt lat="45.6228590" lon="4.6085240">
    <ele>806.0</ele>
   </trkpt>
   <trkpt lat="45.6228690" lon="4.6085110">
    <ele>806.0</ele>
   </trkpt>
   <trkpt lat="45.6228800" lon="4.6085000">
    <ele>806.0</ele>
   </trkpt>
   <trkpt lat="45.6228910" lon="4.6084900">
    <ele>806.0</ele>
   </trkpt>
   <trkpt lat="45.6229020" lon="4.6084810">
    <ele>807.0</ele>
   </trkpt>
   <trkpt lat="45.6229120" lon="4.6084720">
    <ele>807.0</ele>
   </trkpt>
   <trkpt lat="45.6229220" lon="4.6084660">
    <ele>808.0</ele>
   </trkpt>
   <trkpt lat="45.6229320" lon="4.6084600">
    <ele>808.0</ele>
   </trkpt>
   <trkpt lat="45.6229430" lon="4.6084590">
    <ele>809.0</ele>
   </trkpt>
   <trkpt lat="45.6229540" lon="4.6084570">
    <ele>810.0</ele>
   </trkpt>
   <trkpt lat="45.6229660" lon="4.6084590">
    <ele>810.0</ele>
   </trkpt>
   <trkpt lat="45.6229790" lon="4.6084610">
    <ele>810.0</ele>
   </trkpt>
   <trkpt lat="45.6229910" lon="4.6084600">
    <ele>810.0</ele>
   </trkpt>
   <trkpt lat="45.6230030" lon="4.6084590">
    <ele>810.0</ele>
   </trkpt>
   <trkpt lat="45.6230130" lon="4.6084520">
    <ele>811.0</ele>
   </trkpt>
   <trkpt lat="45.6230230" lon="4.6084440">
    <ele>811.0</ele>
   </trkpt>
   <trkpt lat="45.6230310" lon="4.6084300">
    <ele>812.0</ele>
   </trkpt>
   <trkpt lat="45.6230380" lon="4.6084160">
    <ele>812.0</ele>
   </trkpt>
   <trkpt lat="45.6230450" lon="4.6083980">
    <ele>813.0</ele>
   </trkpt>
   <trkpt lat="45.6230520" lon="4.6083790">
    <ele>814.0</ele>
   </trkpt>
   <trkpt lat="45.6230590" lon="4.6083620">
    <ele>814.0</ele>
   </trkpt>
   <trkpt lat="45.6230670" lon="4.6083460">
    <ele>814.0</ele>
   </trkpt>
   <trkpt lat="45.6230720" lon="4.6083260">
    <ele>814.0</ele>
   </trkpt>
   <trkpt lat="45.6230780" lon="4.6083070">
    <ele>814.0</ele>
   </trkpt>
   <trkpt lat="45.6230840" lon="4.6082820">
    <ele>815.0</ele>
   </trkpt>
   <trkpt lat="45.6230890" lon="4.6082570">
    <ele>815.0</ele>
   </trkpt>
   <trkpt lat="45.6231000" lon="4.6082300">
    <ele>816.0</ele>
   </trkpt>
   <trkpt lat="45.6231110" lon="4.6082030">
    <ele>817.0</ele>
   </trkpt>
   <trkpt lat="45.6231250" lon="4.6081810">
    <ele>818.0</ele>
   </trkpt>
   <trkpt lat="45.6231390" lon="4.6081580">
    <ele>819.0</ele>
   </trkpt>
   <trkpt lat="45.6231550" lon="4.6081430">
    <ele>819.0</ele>
   </trkpt>
   <trkpt lat="45.6231710" lon="4.6081270">
    <ele>819.0</ele>
   </trkpt>
   <trkpt lat="45.6231870" lon="4.6081160">
    <ele>820.0</ele>
   </trkpt>
   <trkpt lat="45.6232030" lon="4.6081050">
    <ele>820.0</ele>
   </trkpt>
   <trkpt lat="45.6232170" lon="4.6080970">
    <ele>821.0</ele>
   </trkpt>
   <trkpt lat="45.6232310" lon="4.6080890">
    <ele>821.0</ele>
   </trkpt>
   <trkpt lat="45.6232440" lon="4.6080820">
    <ele>821.0</ele>
   </trkpt>
   <trkpt lat="45.6232570" lon="4.6080740">
    <ele>822.0</ele>
   </trkpt>
   <trkpt lat="45.6232700" lon="4.6080660">
    <ele>822.0</ele>
   </trkpt>
   <trkpt lat="45.6232830" lon="4.6080570">
    <ele>823.0</ele>
   </trkpt>
   <trkpt lat="45.6232970" lon="4.6080460">
    <ele>823.0</ele>
   </trkpt>
   <trkpt lat="45.6233110" lon="4.6080340">
    <ele>823.0</ele>
   </trkpt>
   <trkpt lat="45.6233250" lon="4.6080190">
    <ele>824.0</ele>
   </trkpt>
   <trkpt lat="45.6233380" lon="4.6080030">
    <ele>824.0</ele>
   </trkpt>
   <trkpt lat="45.6233480" lon="4.6079840">
    <ele>825.0</ele>
   </trkpt>
   <trkpt lat="45.6233570" lon="4.6079640">
    <ele>825.0</ele>
   </trkpt>
   <trkpt lat="45.6233660" lon="4.6079430">
    <ele>825.0</ele>
   </trkpt>
   <trkpt lat="45.6233740" lon="4.6079220">
    <ele>826.0</ele>
   </trkpt>
   <trkpt lat="45.6233840" lon="4.6078990">
    <ele>826.0</ele>
   </trkpt>
   <trkpt lat="45.6233940" lon="4.6078770">
    <ele>827.0</ele>
   </trkpt>
   <trkpt lat="45.6234060" lon="4.6078550">
    <ele>827.0</ele>
   </trkpt>
   <trkpt lat="45.6234180" lon="4.6078330">
    <ele>827.0</ele>
   </trkpt>
   <trkpt lat="45.6234300" lon="4.6078140">
    <ele>828.0</ele>
   </trkpt>
   <trkpt lat="45.6234430" lon="4.6077960">
    <ele>828.0</ele>
   </trkpt>
   <trkpt lat="45.6234560" lon="4.6077840">
    <ele>829.0</ele>
   </trkpt>
   <trkpt lat="45.6234700" lon="4.6077720">
    <ele>829.0</ele>
   </trkpt>
   <trkpt lat="45.6234860" lon="4.6077710">
    <ele>829.0</ele>
   </trkpt>
   <trkpt lat="45.6235010" lon="4.6077690">
    <ele>830.0</ele>
   </trkpt>
   <trkpt lat="45.6235180" lon="4.6077720">
    <ele>830.0</ele>
   </trkpt>
   <trkpt lat="45.6235340" lon="4.6077750">
    <ele>831.0</ele>
   </trkpt>
   <trkpt lat="45.6235510" lon="4.6077800">
    <ele>831.0</ele>
   </trkpt>
   <trkpt lat="45.6235670" lon="4.6077850">
    <ele>831.0</ele>
   </trkpt>
   <trkpt lat="45.6235820" lon="4.6077910">
    <ele>832.0</ele>
   </trkpt>
   <trkpt lat="45.6235970" lon="4.6077980">
    <ele>832.0</ele>
   </trkpt>
   <trkpt lat="45.6236110" lon="4.6077980">
    <ele>833.0</ele>
   </trkpt>
   <trkpt lat="45.6236240" lon="4.6077990">
    <ele>833.0</ele>
   </trkpt>
   <trkpt lat="45.6236360" lon="4.6077910">
    <ele>834.0</ele>
   </trkpt>
   <trkpt lat="45.6236470" lon="4.6077820">
    <ele>834.0</ele>
   </trkpt>
   <trkpt lat="45.6236560" lon="4.6077660">
    <ele>835.0</ele>
   </trkpt>
   <trkpt lat="45.6236650" lon="4.6077490">
    <ele>836.0</ele>
   </trkpt>
   <trkpt lat="45.6236750" lon="4.6077300">
    <ele>836.0</ele>
   </trkpt>
   <trkpt lat="45.6236840" lon="4.6077100">
    <ele>836.0</ele>
   </trkpt>
   <trkpt lat="45.6236950" lon="4.6076940">
    <ele>836.0</ele>
   </trkpt>
   <trkpt lat="45.6237050" lon="4.6076770">
    <ele>836.0</ele>
   </trkpt>
   <trkpt lat="45.6237180" lon="4.6076630">
    <ele>837.0</ele>
   </trkpt>
   <trkpt lat="45.6237320" lon="4.6076490">
    <ele>837.0</ele>
   </trkpt>
   <trkpt lat="45.6237480" lon="4.6076370">
    <ele>838.0</ele>
   </trkpt>
   <trkpt lat="45.6237650" lon="4.6076260">
    <ele>838.0</ele>
   </trkpt>
   <trkpt lat="45.6237830" lon="4.6076200">
    <ele>839.0</ele>
   </trkpt>
   <trkpt lat="45.6238020" lon="4.6076130">
    <ele>840.0</ele>
   </trkpt>
   <trkpt lat="45.6238200" lon="4.6076090">
    <ele>840.0</ele>
   </trkpt>
   <trkpt lat="45.6238380" lon="4.6076050">
    <ele>840.0</ele>
   </trkpt>
   <trkpt lat="45.6238530" lon="4.6076010">
    <ele>841.0</ele>
   </trkpt>
   <trkpt lat="45.6238680" lon="4.6075970">
    <ele>841.0</ele>
   </trkpt>
   <trkpt lat="45.6238820" lon="4.6075900">
    <ele>842.0</ele>
   </trkpt>
   <trkpt lat="45.6238950" lon="4.6075830">
    <ele>842.0</ele>
   </trkpt>
   <trkpt lat="45.6239070" lon="4.6075690">
    <ele>843.0</ele>
   </trkpt>
   <trkpt lat="45.6239190" lon="4.6075560">
    <ele>843.0</ele>
   </trkpt>
   <trkpt lat="45.6239280" lon="4.6075350">
    <ele>844.0</ele>
   </trkpt>
   <trkpt lat="45.6239380" lon="4.6075140">
    <ele>845.0</ele>
   </trkpt>
   <trkpt lat="45.6239430" lon="4.6074830">
    <ele>845.0</ele>
   </trkpt>
   <trkpt lat="45.6239480" lon="4.6074530">
    <ele>845.0</ele>
   </trkpt>
   <trkpt lat="45.6239470" lon="4.6074110">
    <ele>846.0</ele>
   </trkpt>
   <trkpt lat="45.6239460" lon="4.6073700">
    <ele>846.0</ele>
   </trkpt>
   <trkpt lat="45.6239410" lon="4.6073210">
    <ele>847.0</ele>
   </trkpt>
   <trkpt lat="45.6239360" lon="4.6072710">
    <ele>847.0</ele>
   </trkpt>
   <trkpt lat="45.6239350" lon="4.6072190">
    <ele>847.0</ele>
   </trkpt>
   <trkpt lat="45.6239330" lon="4.6071670">
    <ele>847.0</ele>
   </trkpt>
   <trkpt lat="45.6239370" lon="4.6071170">
    <ele>847.0</ele>
   </trkpt>
   <trkpt lat="45.6239410" lon="4.6070680">
    <ele>848.0</ele>
   </trkpt>
   <trkpt lat="45.6239490" lon="4.6070230">
    <ele>848.0</ele>
   </trkpt>
   <trkpt lat="45.6239580" lon="4.6069780">
    <ele>848.0</ele>
   </trkpt>
   <trkpt lat="45.6239740" lon="4.6069380">
    <ele>848.0</ele>
   </trkpt>
   <trkpt lat="45.6239890" lon="4.6068990">
    <ele>848.0</ele>
   </trkpt>
   <trkpt lat="45.6240090" lon="4.6068680">
    <ele>849.0</ele>
   </trkpt>
   <trkpt lat="45.6240290" lon="4.6068380">
    <ele>849.0</ele>
   </trkpt>
   <trkpt lat="45.6240480" lon="4.6068130">
    <ele>849.0</ele>
   </trkpt>
   <trkpt lat="45.6240680" lon="4.6067870">
    <ele>849.0</ele>
   </trkpt>
   <trkpt lat="45.6240860" lon="4.6067630">
    <ele>849.0</ele>
   </trkpt>
   <trkpt lat="45.6241040" lon="4.6067380">
    <ele>850.0</ele>
   </trkpt>
   <trkpt lat="45.6241220" lon="4.6067150">
    <ele>850.0</ele>
   </trkpt>
   <trkpt lat="45.6241400" lon="4.6066920">
    <ele>850.0</ele>
   </trkpt>
   <trkpt lat="45.6241580" lon="4.6066690">
    <ele>851.0</ele>
   </trkpt>
   <trkpt lat="45.6241760" lon="4.6066470">
    <ele>851.0</ele>
   </trkpt>
   <trkpt lat="45.6241950" lon="4.6066270">
    <ele>852.0</ele>
   </trkpt>
   <trkpt lat="45.6242150" lon="4.6066070">
    <ele>852.0</ele>
   </trkpt>
   <trkpt lat="45.6242330" lon="4.6065910">
    <ele>852.0</ele>
   </trkpt>
   <trkpt lat="45.6242520" lon="4.6065740">
    <ele>853.0</ele>
   </trkpt>
   <trkpt lat="45.6242710" lon="4.6065590">
    <ele>853.0</ele>
   </trkpt>
   <trkpt lat="45.6242900" lon="4.6065430">
    <ele>854.0</ele>
   </trkpt>
   <trkpt lat="45.6243060" lon="4.6065220">
    <ele>854.0</ele>
   </trkpt>
   <trkpt lat="45.6243230" lon="4.6065000">
    <ele>854.0</ele>
   </trkpt>
   <trkpt lat="45.6243330" lon="4.6064650">
    <ele>855.0</ele>
   </trkpt>
   <trkpt lat="45.6243430" lon="4.6064300">
    <ele>855.0</ele>
   </trkpt>
   <trkpt lat="45.6243490" lon="4.6063870">
    <ele>856.0</ele>
   </trkpt>
   <trkpt lat="45.6243560" lon="4.6063440">
    <ele>856.0</ele>
   </trkpt>
   <trkpt lat="45.6243620" lon="4.6062960">
    <ele>856.0</ele>
   </trkpt>
   <trkpt lat="45.6243680" lon="4.6062480">
    <ele>857.0</ele>
   </trkpt>
   <trkpt lat="45.6243780" lon="4.6061990">
    <ele>857.0</ele>
   </trkpt>
   <trkpt lat="45.6243880" lon="4.6061510">
    <ele>858.0</ele>
   </trkpt>
   <trkpt lat="45.6244070" lon="4.6061110">
    <ele>858.0</ele>
   </trkpt>
   <trkpt lat="45.6244260" lon="4.6060720">
    <ele>858.0</ele>
   </trkpt>
   <trkpt lat="45.6244550" lon="4.6060520">
    <ele>858.0</ele>
   </trkpt>
   <trkpt lat="45.6244830" lon="4.6060320">
    <ele>858.0</ele>
   </trkpt>
   <trkpt lat="45.6245140" lon="4.6060270">
    <ele>859.0</ele>
   </trkpt>
   <trkpt lat="45.6245450" lon="4.6060210">
    <ele>859.0</ele>
   </trkpt>
   <trkpt lat="45.6245750" lon="4.6060250">
    <ele>859.0</ele>
   </trkpt>
   <trkpt lat="45.6246060" lon="4.6060290">
    <ele>859.0</ele>
   </trkpt>
   <trkpt lat="45.6246360" lon="4.6060410">
    <ele>859.0</ele>
   </trkpt>
   <trkpt lat="45.6246670" lon="4.6060540">
    <ele>860.0</ele>
   </trkpt>
   <trkpt lat="45.6246980" lon="4.6060730">
    <ele>860.0</ele>
   </trkpt>
   <trkpt lat="45.6247300" lon="4.6060920">
    <ele>860.0</ele>
   </trkpt>
   <trkpt lat="45.6247630" lon="4.6061140">
    <ele>861.0</ele>
   </trkpt>
   <trkpt lat="45.6247950" lon="4.6061350">
    <ele>861.0</ele>
   </trkpt>
   <trkpt lat="45.6248290" lon="4.6061480">
    <ele>862.0</ele>
   </trkpt>
   <trkpt lat="45.6248620" lon="4.6061610">
    <ele>862.0</ele>
   </trkpt>
   <trkpt lat="45.6248930" lon="4.6061460">
    <ele>862.0</ele>
   </trkpt>
   <trkpt lat="45.6249230" lon="4.6061320">
    <ele>862.0</ele>
   </trkpt>
   <trkpt lat="45.6249480" lon="4.6060940">
    <ele>862.0</ele>
   </trkpt>
   <trkpt lat="45.6249720" lon="4.6060560">
    <ele>863.0</ele>
   </trkpt>
   <trkpt lat="45.6249950" lon="4.6060070">
    <ele>863.0</ele>
   </trkpt>
   <trkpt lat="45.6250170" lon="4.6059580">
    <ele>863.0</ele>
   </trkpt>
   <trkpt lat="45.6250400" lon="4.6059040">
    <ele>863.0</ele>
   </trkpt>
   <trkpt lat="45.6250630" lon="4.6058510">
    <ele>863.0</ele>
   </trkpt>
   <trkpt lat="45.6250880" lon="4.6057970">
    <ele>863.0</ele>
   </trkpt>
   <trkpt lat="45.6251130" lon="4.6057430">
    <ele>862.0</ele>
   </trkpt>
   <trkpt lat="45.6251390" lon="4.6056920">
    <ele>862.0</ele>
   </trkpt>
   <trkpt lat="45.6251640" lon="4.6056410">
    <ele>861.0</ele>
   </trkpt>
   <trkpt lat="45.6251900" lon="4.6055950">
    <ele>861.0</ele>
   </trkpt>
   <trkpt lat="45.6252170" lon="4.6055490">
    <ele>861.0</ele>
   </trkpt>
   <trkpt lat="45.6252410" lon="4.6055020">
    <ele>861.0</ele>
   </trkpt>
   <trkpt lat="45.6252650" lon="4.6054550">
    <ele>861.0</ele>
   </trkpt>
   <trkpt lat="45.6252780" lon="4.6054020">
    <ele>861.0</ele>
   </trkpt>
   <trkpt lat="45.6252920" lon="4.6053500">
    <ele>861.0</ele>
   </trkpt>
   <trkpt lat="45.6252880" lon="4.6052970">
    <ele>861.0</ele>
   </trkpt>
   <trkpt lat="45.6252840" lon="4.6052440">
    <ele>861.0</ele>
   </trkpt>
   <trkpt lat="45.6252760" lon="4.6051900">
    <ele>861.0</ele>
   </trkpt>
   <trkpt lat="45.6252680" lon="4.6051370">
    <ele>861.0</ele>
   </trkpt>
   <trkpt lat="45.6252730" lon="4.6050850">
    <ele>861.0</ele>
   </trkpt>
   <trkpt lat="45.6252770" lon="4.6050330">
    <ele>861.0</ele>
   </trkpt>
   <trkpt lat="45.6252950" lon="4.6049830">
    <ele>861.0</ele>
   </trkpt>
   <trkpt lat="45.6253130" lon="4.6049340">
    <ele>861.0</ele>
   </trkpt>
   <trkpt lat="45.6253380" lon="4.6048880">
    <ele>861.0</ele>
   </trkpt>
   <trkpt lat="45.6253620" lon="4.6048420">
    <ele>861.0</ele>
   </trkpt>
   <trkpt lat="45.6253880" lon="4.6047990">
    <ele>861.0</ele>
   </trkpt>
   <trkpt lat="45.6254140" lon="4.6047560">
    <ele>861.0</ele>
   </trkpt>
   <trkpt lat="45.6254390" lon="4.6047150">
    <ele>861.0</ele>
   </trkpt>
   <trkpt lat="45.6254630" lon="4.6046740">
    <ele>861.0</ele>
   </trkpt>
   <trkpt lat="45.6254850" lon="4.6046320">
    <ele>861.0</ele>
   </trkpt>
   <trkpt lat="45.6255070" lon="4.6045900">
    <ele>862.0</ele>
   </trkpt>
   <trkpt lat="45.6255280" lon="4.6045460">
    <ele>862.0</ele>
   </trkpt>
   <trkpt lat="45.6255490" lon="4.6045030">
    <ele>862.0</ele>
   </trkpt>
   <trkpt lat="45.6255700" lon="4.6044610">
    <ele>862.0</ele>
   </trkpt>
   <trkpt lat="45.6255910" lon="4.6044180">
    <ele>862.0</ele>
   </trkpt>
   <trkpt lat="45.6256110" lon="4.6043770">
    <ele>862.0</ele>
   </trkpt>
   <trkpt lat="45.6256320" lon="4.6043370">
    <ele>862.0</ele>
   </trkpt>
   <trkpt lat="45.6256510" lon="4.6042980">
    <ele>862.0</ele>
   </trkpt>
   <trkpt lat="45.6256700" lon="4.6042590">
    <ele>862.0</ele>
   </trkpt>
   <trkpt lat="45.6256870" lon="4.6042230">
    <ele>862.0</ele>
   </trkpt>
   <trkpt lat="45.6257040" lon="4.6041870">
    <ele>862.0</ele>
   </trkpt>
   <trkpt lat="45.6257230" lon="4.6041550">
    <ele>862.0</ele>
   </trkpt>
   <trkpt lat="45.6257420" lon="4.6041230">
    <ele>862.0</ele>
   </trkpt>
   <trkpt lat="45.6257660" lon="4.6041010">
    <ele>862.0</ele>
   </trkpt>
   <trkpt lat="45.6257890" lon="4.6040790">
    <ele>862.0</ele>
   </trkpt>
   <trkpt lat="45.6258180" lon="4.6040710">
    <ele>863.0</ele>
   </trkpt>
   <trkpt lat="45.6258470" lon="4.6040630">
    <ele>863.0</ele>
   </trkpt>
   <trkpt lat="45.6258810" lon="4.6040660">
    <ele>863.0</ele>
   </trkpt>
   <trkpt lat="45.6259140" lon="4.6040680">
    <ele>864.0</ele>
   </trkpt>
   <trkpt lat="45.6259480" lon="4.6040740">
    <ele>864.0</ele>
   </trkpt>
   <trkpt lat="45.6259820" lon="4.6040800">
    <ele>865.0</ele>
   </trkpt>
   <trkpt lat="45.6260170" lon="4.6040840">
    <ele>865.0</ele>
   </trkpt>
   <trkpt lat="45.6260520" lon="4.6040890">
    <ele>865.0</ele>
   </trkpt>
   <trkpt lat="45.6260870" lon="4.6040890">
    <ele>865.0</ele>
   </trkpt>
   <trkpt lat="45.6261210" lon="4.6040900">
    <ele>865.0</ele>
   </trkpt>
   <trkpt lat="45.6261560" lon="4.6040840">
    <ele>866.0</ele>
   </trkpt>
   <trkpt lat="45.6261920" lon="4.6040790">
    <ele>866.0</ele>
   </trkpt>
   <trkpt lat="45.6262270" lon="4.6040660">
    <ele>866.0</ele>
   </trkpt>
   <trkpt lat="45.6262620" lon="4.6040520">
    <ele>866.0</ele>
   </trkpt>
   <trkpt lat="45.6262950" lon="4.6040290">
    <ele>866.0</ele>
   </trkpt>
   <trkpt lat="45.6263280" lon="4.6040060">
    <ele>867.0</ele>
   </trkpt>
   <trkpt lat="45.6263590" lon="4.6039750">
    <ele>867.0</ele>
   </trkpt>
   <trkpt lat="45.6263890" lon="4.6039440">
    <ele>867.0</ele>
   </trkpt>
   <trkpt lat="45.6264190" lon="4.6039100">
    <ele>867.0</ele>
   </trkpt>
   <trkpt lat="45.6264480" lon="4.6038760">
    <ele>867.0</ele>
   </trkpt>
   <trkpt lat="45.6264780" lon="4.6038420">
    <ele>868.0</ele>
   </trkpt>
   <trkpt lat="45.6265080" lon="4.6038080">
    <ele>868.0</ele>
   </trkpt>
   <trkpt lat="45.6265400" lon="4.6037760">
    <ele>868.0</ele>
   </trkpt>
   <trkpt lat="45.6265720" lon="4.6037440">
    <ele>868.0</ele>
   </trkpt>
   <trkpt lat="45.6266060" lon="4.6037120">
    <ele>868.0</ele>
   </trkpt>
   <trkpt lat="45.6266400" lon="4.6036790">
    <ele>869.0</ele>
   </trkpt>
   <trkpt lat="45.6266760" lon="4.6036470">
    <ele>869.0</ele>
   </trkpt>
   <trkpt lat="45.6267130" lon="4.6036140">
    <ele>869.0</ele>
   </trkpt>
   <trkpt lat="45.6267520" lon="4.6035840">
    <ele>869.0</ele>
   </trkpt>
   <trkpt lat="45.6267900" lon="4.6035540">
    <ele>869.0</ele>
   </trkpt>
   <trkpt lat="45.6268280" lon="4.6035240">
    <ele>869.0</ele>
   </trkpt>
   <trkpt lat="45.6268660" lon="4.6034930">
    <ele>868.0</ele>
   </trkpt>
   <trkpt lat="45.6269010" lon="4.6034580">
    <ele>868.0</ele>
   </trkpt>
   <trkpt lat="45.6269360" lon="4.6034220">
    <ele>868.0</ele>
   </trkpt>
   <trkpt lat="45.6269680" lon="4.6033810">
    <ele>868.0</ele>
   </trkpt>
   <trkpt lat="45.6270010" lon="4.6033410">
    <ele>868.0</ele>
   </trkpt>
   <trkpt lat="45.6270300" lon="4.6032960">
    <ele>867.0</ele>
   </trkpt>
   <trkpt lat="45.6270600" lon="4.6032510">
    <ele>867.0</ele>
   </trkpt>
   <trkpt lat="45.6270920" lon="4.6032040">
    <ele>867.0</ele>
   </trkpt>
   <trkpt lat="45.6271240" lon="4.6031580">
    <ele>867.0</ele>
   </trkpt>
   <trkpt lat="45.6271620" lon="4.6031120">
    <ele>867.0</ele>
   </trkpt>
   <trkpt lat="45.6271990" lon="4.6030660">
    <ele>866.0</ele>
   </trkpt>
   <trkpt lat="45.6272390" lon="4.6030260">
    <ele>865.0</ele>
   </trkpt>
   <trkpt lat="45.6272800" lon="4.6029870">
    <ele>865.0</ele>
   </trkpt>
   <trkpt lat="45.6273210" lon="4.6029560">
    <ele>864.0</ele>
   </trkpt>
   <trkpt lat="45.6273620" lon="4.6029260">
    <ele>864.0</ele>
   </trkpt>
   <trkpt lat="45.6274040" lon="4.6029010">
    <ele>863.0</ele>
   </trkpt>
   <trkpt lat="45.6274460" lon="4.6028760">
    <ele>862.0</ele>
   </trkpt>
   <trkpt lat="45.6274890" lon="4.6028540">
    <ele>862.0</ele>
   </trkpt>
   <trkpt lat="45.6275310" lon="4.6028320">
    <ele>861.0</ele>
   </trkpt>
   <trkpt lat="45.6275740" lon="4.6028090">
    <ele>861.0</ele>
   </trkpt>
   <trkpt lat="45.6276160" lon="4.6027870">
    <ele>860.0</ele>
   </trkpt>
   <trkpt lat="45.6276590" lon="4.6027640">
    <ele>859.0</ele>
   </trkpt>
   <trkpt lat="45.6277020" lon="4.6027410">
    <ele>859.0</ele>
   </trkpt>
   <trkpt lat="45.6277440" lon="4.6027190">
    <ele>858.0</ele>
   </trkpt>
   <trkpt lat="45.6277860" lon="4.6026960">
    <ele>858.0</ele>
   </trkpt>
   <trkpt lat="45.6278270" lon="4.6026730">
    <ele>857.0</ele>
   </trkpt>
   <trkpt lat="45.6278680" lon="4.6026510">
    <ele>857.0</ele>
   </trkpt>
   <trkpt lat="45.6279100" lon="4.6026280">
    <ele>856.0</ele>
   </trkpt>
   <trkpt lat="45.6279510" lon="4.6026050">
    <ele>856.0</ele>
   </trkpt>
   <trkpt lat="45.6279940" lon="4.6025820">
    <ele>856.0</ele>
   </trkpt>
   <trkpt lat="45.6280380" lon="4.6025600">
    <ele>855.0</ele>
   </trkpt>
   <trkpt lat="45.6280820" lon="4.6025380">
    <ele>854.0</ele>
   </trkpt>
   <trkpt lat="45.6281260" lon="4.6025170">
    <ele>854.0</ele>
   </trkpt>
   <trkpt lat="45.6281690" lon="4.6024980">
    <ele>853.0</ele>
   </trkpt>
   <trkpt lat="45.6282110" lon="4.6024790">
    <ele>853.0</ele>
   </trkpt>
   <trkpt lat="45.6282550" lon="4.6024620">
    <ele>852.0</ele>
   </trkpt>
   <trkpt lat="45.6282980" lon="4.6024450">
    <ele>852.0</ele>
   </trkpt>
   <trkpt lat="45.6283430" lon="4.6024270">
    <ele>851.0</ele>
   </trkpt>
   <trkpt lat="45.6283880" lon="4.6024090">
    <ele>851.0</ele>
   </trkpt>
   <trkpt lat="45.6284340" lon="4.6023900">
    <ele>851.0</ele>
   </trkpt>
   <trkpt lat="45.6284800" lon="4.6023720">
    <ele>850.0</ele>
   </trkpt>
   <trkpt lat="45.6285240" lon="4.6023520">
    <ele>849.0</ele>
   </trkpt>
   <trkpt lat="45.6285680" lon="4.6023320">
    <ele>848.0</ele>
   </trkpt>
   <trkpt lat="45.6286110" lon="4.6023080">
    <ele>847.0</ele>
   </trkpt>
   <trkpt lat="45.6286530" lon="4.6022840">
    <ele>847.0</ele>
   </trkpt>
   <trkpt lat="45.6286940" lon="4.6022550">
    <ele>846.0</ele>
   </trkpt>
   <trkpt lat="45.6287340" lon="4.6022270">
    <ele>846.0</ele>
   </trkpt>
   <trkpt lat="45.6287700" lon="4.6021900">
    <ele>845.0</ele>
   </trkpt>
   <trkpt lat="45.6288050" lon="4.6021530">
    <ele>845.0</ele>
   </trkpt>
   <trkpt lat="45.6288340" lon="4.6021070">
    <ele>845.0</ele>
   </trkpt>
   <trkpt lat="45.6288640" lon="4.6020620">
    <ele>844.0</ele>
   </trkpt>
   <trkpt lat="45.6288880" lon="4.6020110">
    <ele>844.0</ele>
   </trkpt>
   <trkpt lat="45.6289130" lon="4.6019600">
    <ele>843.0</ele>
   </trkpt>
   <trkpt lat="45.6289350" lon="4.6019080">
    <ele>843.0</ele>
   </trkpt>
   <trkpt lat="45.6289580" lon="4.6018560">
    <ele>843.0</ele>
   </trkpt>
   <trkpt lat="45.6289840" lon="4.6018220">
    <ele>842.0</ele>
   </trkpt>
   <trkpt lat="45.6290090" lon="4.6017880">
    <ele>842.0</ele>
   </trkpt>
   <trkpt lat="45.6290370" lon="4.6017950">
    <ele>842.0</ele>
   </trkpt>
   <trkpt lat="45.6290640" lon="4.6018030">
    <ele>842.0</ele>
   </trkpt>
   <trkpt lat="45.6290820" lon="4.6018500">
    <ele>842.0</ele>
   </trkpt>
   <trkpt lat="45.6291010" lon="4.6018970">
    <ele>841.0</ele>
   </trkpt>
   <trkpt lat="45.6291050" lon="4.6019630">
    <ele>841.0</ele>
   </trkpt>
   <trkpt lat="45.6291100" lon="4.6020290">
    <ele>841.0</ele>
   </trkpt>
   <trkpt lat="45.6291050" lon="4.6021020">
    <ele>841.0</ele>
   </trkpt>
   <trkpt lat="45.6291000" lon="4.6021750">
    <ele>841.0</ele>
   </trkpt>
   <trkpt lat="45.6290930" lon="4.6022460">
    <ele>840.0</ele>
   </trkpt>
   <trkpt lat="45.6290860" lon="4.6023170">
    <ele>840.0</ele>
   </trkpt>
   <trkpt lat="45.6290770" lon="4.6023840">
    <ele>839.0</ele>
   </trkpt>
   <trkpt lat="45.6290680" lon="4.6024510">
    <ele>839.0</ele>
   </trkpt>
   <trkpt lat="45.6290540" lon="4.6025150">
    <ele>839.0</ele>
   </trkpt>
   <trkpt lat="45.6290400" lon="4.6025790">
    <ele>838.0</ele>
   </trkpt>
   <trkpt lat="45.6290260" lon="4.6026400">
    <ele>838.0</ele>
   </trkpt>
   <trkpt lat="45.6290120" lon="4.6027010">
    <ele>838.0</ele>
   </trkpt>
   <trkpt lat="45.6289980" lon="4.6027600">
    <ele>838.0</ele>
   </trkpt>
   <trkpt lat="45.6289850" lon="4.6028190">
    <ele>838.0</ele>
   </trkpt>
   <trkpt lat="45.6289770" lon="4.6028800">
    <ele>837.0</ele>
   </trkpt>
   <trkpt lat="45.6289690" lon="4.6029400">
    <ele>837.0</ele>
   </trkpt>
   <trkpt lat="45.6289670" lon="4.6030030">
    <ele>836.0</ele>
   </trkpt>
   <trkpt lat="45.6289640" lon="4.6030660">
    <ele>836.0</ele>
   </trkpt>
   <trkpt lat="45.6289630" lon="4.6031290">
    <ele>836.0</ele>
   </trkpt>
   <trkpt lat="45.6289610" lon="4.6031930">
    <ele>835.0</ele>
   </trkpt>
   <trkpt lat="45.6289670" lon="4.6032470">
    <ele>834.0</ele>
   </trkpt>
   <trkpt lat="45.6289720" lon="4.6033010">
    <ele>833.0</ele>
   </trkpt>
   <trkpt lat="45.6289890" lon="4.6033300">
    <ele>832.0</ele>
   </trkpt>
   <trkpt lat="45.6290070" lon="4.6033600">
    <ele>832.0</ele>
   </trkpt>
   <trkpt lat="45.6290240" lon="4.6033560">
    <ele>831.0</ele>
   </trkpt>
   <trkpt lat="45.6290410" lon="4.6033510">
    <ele>831.0</ele>
   </trkpt>
   <trkpt lat="45.6290530" lon="4.6033260">
    <ele>830.0</ele>
   </trkpt>
   <trkpt lat="45.6290640" lon="4.6033010">
    <ele>830.0</ele>
   </trkpt>
   <trkpt lat="45.6290760" lon="4.6032630">
    <ele>830.0</ele>
   </trkpt>
   <trkpt lat="45.6290890" lon="4.6032250">
    <ele>829.0</ele>
   </trkpt>
   <trkpt lat="45.6291040" lon="4.6031800">
    <ele>829.0</ele>
   </trkpt>
   <trkpt lat="45.6291200" lon="4.6031360">
    <ele>828.0</ele>
   </trkpt>
   <trkpt lat="45.6291360" lon="4.6030900">
    <ele>828.0</ele>
   </trkpt>
   <trkpt lat="45.6291520" lon="4.6030440">
    <ele>828.0</ele>
   </trkpt>
   <trkpt lat="45.6291690" lon="4.6030000">
    <ele>828.0</ele>
   </trkpt>
   <trkpt lat="45.6291870" lon="4.6029550">
    <ele>828.0</ele>
   </trkpt>
   <trkpt lat="45.6292060" lon="4.6029130">
    <ele>828.0</ele>
   </trkpt>
   <trkpt lat="45.6292250" lon="4.6028710">
    <ele>828.0</ele>
   </trkpt>
   <trkpt lat="45.6292430" lon="4.6028290">
    <ele>829.0</ele>
   </trkpt>
   <trkpt lat="45.6292610" lon="4.6027860">
    <ele>829.0</ele>
   </trkpt>
   <trkpt lat="45.6292810" lon="4.6027410">
    <ele>829.0</ele>
   </trkpt>
   <trkpt lat="45.6293010" lon="4.6026950">
    <ele>829.0</ele>
   </trkpt>
   <trkpt lat="45.6293220" lon="4.6026490">
    <ele>829.0</ele>
   </trkpt>
   <trkpt lat="45.6293420" lon="4.6026030">
    <ele>829.0</ele>
   </trkpt>
   <trkpt lat="45.6293610" lon="4.6025580">
    <ele>829.0</ele>
   </trkpt>
   <trkpt lat="45.6293800" lon="4.6025140">
    <ele>829.0</ele>
   </trkpt>
   <trkpt lat="45.6294000" lon="4.6024710">
    <ele>829.0</ele>
   </trkpt>
   <trkpt lat="45.6294210" lon="4.6024290">
    <ele>829.0</ele>
   </trkpt>
   <trkpt lat="45.6294430" lon="4.6023900">
    <ele>829.0</ele>
   </trkpt>
   <trkpt lat="45.6294650" lon="4.6023500">
    <ele>829.0</ele>
   </trkpt>
   <trkpt lat="45.6294880" lon="4.6023130">
    <ele>829.0</ele>
   </trkpt>
   <trkpt lat="45.6295110" lon="4.6022750">
    <ele>829.0</ele>
   </trkpt>
   <trkpt lat="45.6295350" lon="4.6022390">
    <ele>829.0</ele>
   </trkpt>
   <trkpt lat="45.6295580" lon="4.6022030">
    <ele>830.0</ele>
   </trkpt>
   <trkpt lat="45.6295840" lon="4.6021680">
    <ele>830.0</ele>
   </trkpt>
   <trkpt lat="45.6296090" lon="4.6021340">
    <ele>830.0</ele>
   </trkpt>
   <trkpt lat="45.6296360" lon="4.6020980">
    <ele>830.0</ele>
   </trkpt>
   <trkpt lat="45.6296630" lon="4.6020620">
    <ele>830.0</ele>
   </trkpt>
   <trkpt lat="45.6296870" lon="4.6020280">
    <ele>830.0</ele>
   </trkpt>
   <trkpt lat="45.6297120" lon="4.6019930">
    <ele>830.0</ele>
   </trkpt>
   <trkpt lat="45.6297350" lon="4.6019590">
    <ele>830.0</ele>
   </trkpt>
   <trkpt lat="45.6297580" lon="4.6019240">
    <ele>830.0</ele>
   </trkpt>
   <trkpt lat="45.6297810" lon="4.6018900">
    <ele>830.0</ele>
   </trkpt>
   <trkpt lat="45.6298040" lon="4.6018560">
    <ele>831.0</ele>
   </trkpt>
   <trkpt lat="45.6298270" lon="4.6018200">
    <ele>831.0</ele>
   </trkpt>
   <trkpt lat="45.6298510" lon="4.6017840">
    <ele>831.0</ele>
   </trkpt>
   <trkpt lat="45.6298760" lon="4.6017450">
    <ele>831.0</ele>
   </trkpt>
   <trkpt lat="45.6299010" lon="4.6017060">
    <ele>831.0</ele>
   </trkpt>
   <trkpt lat="45.6299270" lon="4.6016720">
    <ele>832.0</ele>
   </trkpt>
   <trkpt lat="45.6299530" lon="4.6016380">
    <ele>832.0</ele>
   </trkpt>
   <trkpt lat="45.6299830" lon="4.6016110">
    <ele>832.0</ele>
   </trkpt>
   <trkpt lat="45.6300120" lon="4.6015850">
    <ele>832.0</ele>
   </trkpt>
   <trkpt lat="45.6300450" lon="4.6015690">
    <ele>832.0</ele>
   </trkpt>
   <trkpt lat="45.6300780" lon="4.6015520">
    <ele>833.0</ele>
   </trkpt>
   <trkpt lat="45.6301090" lon="4.6015450">
    <ele>833.0</ele>
   </trkpt>
   <trkpt lat="45.6301410" lon="4.6015390">
    <ele>833.0</ele>
   </trkpt>
   <trkpt lat="45.6301710" lon="4.6015310">
    <ele>833.0</ele>
   </trkpt>
   <trkpt lat="45.6302010" lon="4.6015230">
    <ele>833.0</ele>
   </trkpt>
   <trkpt lat="45.6302320" lon="4.6015100">
    <ele>834.0</ele>
   </trkpt>
   <trkpt lat="45.6302630" lon="4.6014970">
    <ele>834.0</ele>
   </trkpt>
   <trkpt lat="45.6302960" lon="4.6014830">
    <ele>834.0</ele>
   </trkpt>
   <trkpt lat="45.6303300" lon="4.6014700">
    <ele>835.0</ele>
   </trkpt>
   <trkpt lat="45.6303680" lon="4.6014610">
    <ele>835.0</ele>
   </trkpt>
   <trkpt lat="45.6304070" lon="4.6014530">
    <ele>836.0</ele>
   </trkpt>
   <trkpt lat="45.6304480" lon="4.6014560">
    <ele>836.0</ele>
   </trkpt>
   <trkpt lat="45.6304890" lon="4.6014580">
    <ele>836.0</ele>
   </trkpt>
   <trkpt lat="45.6305260" lon="4.6014740">
    <ele>836.0</ele>
   </trkpt>
   <trkpt lat="45.6305640" lon="4.6014900">
    <ele>836.0</ele>
   </trkpt>
   <trkpt lat="45.6305960" lon="4.6015180">
    <ele>837.0</ele>
   </trkpt>
   <trkpt lat="45.6306280" lon="4.6015460">
    <ele>837.0</ele>
   </trkpt>
   <trkpt lat="45.6306540" lon="4.6015820">
    <ele>837.0</ele>
   </trkpt>
   <trkpt lat="45.6306800" lon="4.6016180">
    <ele>837.0</ele>
   </trkpt>
   <trkpt lat="45.6307020" lon="4.6016590">
    <ele>837.0</ele>
   </trkpt>
   <trkpt lat="45.6307250" lon="4.6016990">
    <ele>838.0</ele>
   </trkpt>
   <trkpt lat="45.6307460" lon="4.6017390">
    <ele>838.0</ele>
   </trkpt>
   <trkpt lat="45.6307680" lon="4.6017800">
    <ele>838.0</ele>
   </trkpt>
   <trkpt lat="45.6307890" lon="4.6018200">
    <ele>838.0</ele>
   </trkpt>
   <trkpt lat="45.6308110" lon="4.6018600">
    <ele>838.0</ele>
   </trkpt>
   <trkpt lat="45.6308330" lon="4.6018990">
    <ele>839.0</ele>
   </trkpt>
   <trkpt lat="45.6308560" lon="4.6019380">
    <ele>839.0</ele>
   </trkpt>
   <trkpt lat="45.6308780" lon="4.6019770">
    <ele>839.0</ele>
   </trkpt>
   <trkpt lat="45.6309000" lon="4.6020170">
    <ele>839.0</ele>
   </trkpt>
   <trkpt lat="45.6309200" lon="4.6020570">
    <ele>839.0</ele>
   </trkpt>
   <trkpt lat="45.6309410" lon="4.6020970">
    <ele>840.0</ele>
   </trkpt>
   <trkpt lat="45.6309580" lon="4.6021360">
    <ele>840.0</ele>
   </trkpt>
   <trkpt lat="45.6309750" lon="4.6021760">
    <ele>840.0</ele>
   </trkpt>
   <trkpt lat="45.6309920" lon="4.6022140">
    <ele>840.0</ele>
   </trkpt>
   <trkpt lat="45.6310090" lon="4.6022520">
    <ele>840.0</ele>
   </trkpt>
   <trkpt lat="45.6310280" lon="4.6022900">
    <ele>841.0</ele>
   </trkpt>
   <trkpt lat="45.6310480" lon="4.6023280">
    <ele>841.0</ele>
   </trkpt>
   <trkpt lat="45.6310690" lon="4.6023660">
    <ele>841.0</ele>
   </trkpt>
   <trkpt lat="45.6310900" lon="4.6024040">
    <ele>842.0</ele>
   </trkpt>
   <trkpt lat="45.6311110" lon="4.6024430">
    <ele>842.0</ele>
   </trkpt>
   <trkpt lat="45.6311320" lon="4.6024810">
    <ele>843.0</ele>
   </trkpt>
   <trkpt lat="45.6311520" lon="4.6025240">
    <ele>843.0</ele>
   </trkpt>
   <trkpt lat="45.6311710" lon="4.6025660">
    <ele>843.0</ele>
   </trkpt>
   <trkpt lat="45.6311910" lon="4.6026120">
    <ele>843.0</ele>
   </trkpt>
   <trkpt lat="45.6312110" lon="4.6026580">
    <ele>843.0</ele>
   </trkpt>
   <trkpt lat="45.6312330" lon="4.6027060">
    <ele>843.0</ele>
   </trkpt>
   <trkpt lat="45.6312550" lon="4.6027540">
    <ele>843.0</ele>
   </trkpt>
   <trkpt lat="45.6312790" lon="4.6028070">
    <ele>843.0</ele>
   </trkpt>
   <trkpt lat="45.6313030" lon="4.6028600">
    <ele>843.0</ele>
   </trkpt>
   <trkpt lat="45.6313260" lon="4.6029170">
    <ele>843.0</ele>
   </trkpt>
   <trkpt lat="45.6313500" lon="4.6029740">
    <ele>843.0</ele>
   </trkpt>
   <trkpt lat="45.6313750" lon="4.6030280">
    <ele>842.0</ele>
   </trkpt>
   <trkpt lat="45.6314000" lon="4.6030820">
    <ele>842.0</ele>
   </trkpt>
   <trkpt lat="45.6314280" lon="4.6031310">
    <ele>842.0</ele>
   </trkpt>
   <trkpt lat="45.6314560" lon="4.6031790">
    <ele>842.0</ele>
   </trkpt>
   <trkpt lat="45.6314870" lon="4.6032220">
    <ele>842.0</ele>
   </trkpt>
   <trkpt lat="45.6315180" lon="4.6032640">
    <ele>841.0</ele>
   </trkpt>
   <trkpt lat="45.6315540" lon="4.6033000">
    <ele>841.0</ele>
   </trkpt>
   <trkpt lat="45.6315890" lon="4.6033360">
    <ele>841.0</ele>
   </trkpt>
   <trkpt lat="45.6316260" lon="4.6033690">
    <ele>841.0</ele>
   </trkpt>
   <trkpt lat="45.6316620" lon="4.6034030">
    <ele>841.0</ele>
   </trkpt>
   <trkpt lat="45.6316960" lon="4.6034410">
    <ele>840.0</ele>
   </trkpt>
   <trkpt lat="45.6317290" lon="4.6034780">
    <ele>840.0</ele>
   </trkpt>
   <trkpt lat="45.6317600" lon="4.6035200">
    <ele>840.0</ele>
   </trkpt>
   <trkpt lat="45.6317910" lon="4.6035610">
    <ele>840.0</ele>
   </trkpt>
   <trkpt lat="45.6318200" lon="4.6036040">
    <ele>840.0</ele>
   </trkpt>
   <trkpt lat="45.6318500" lon="4.6036480">
    <ele>840.0</ele>
   </trkpt>
   <trkpt lat="45.6318760" lon="4.6036910">
    <ele>840.0</ele>
   </trkpt>
   <trkpt lat="45.6319020" lon="4.6037350">
    <ele>840.0</ele>
   </trkpt>
   <trkpt lat="45.6319290" lon="4.6037770">
    <ele>840.0</ele>
   </trkpt>
   <trkpt lat="45.6319570" lon="4.6038190">
    <ele>840.0</ele>
   </trkpt>
   <trkpt lat="45.6319870" lon="4.6038580">
    <ele>840.0</ele>
   </trkpt>
   <trkpt lat="45.6320180" lon="4.6038970">
    <ele>840.0</ele>
   </trkpt>
   <trkpt lat="45.6320500" lon="4.6039340">
    <ele>840.0</ele>
   </trkpt>
   <trkpt lat="45.6320830" lon="4.6039700">
    <ele>840.0</ele>
   </trkpt>
   <trkpt lat="45.6321180" lon="4.6040040">
    <ele>840.0</ele>
   </trkpt>
   <trkpt lat="45.6321530" lon="4.6040390">
    <ele>840.0</ele>
   </trkpt>
   <trkpt lat="45.6321910" lon="4.6040730">
    <ele>840.0</ele>
   </trkpt>
   <trkpt lat="45.6322280" lon="4.6041070">
    <ele>840.0</ele>
   </trkpt>
   <trkpt lat="45.6322670" lon="4.6041410">
    <ele>840.0</ele>
   </trkpt>
   <trkpt lat="45.6323060" lon="4.6041740">
    <ele>841.0</ele>
   </trkpt>
   <trkpt lat="45.6323460" lon="4.6042030">
    <ele>841.0</ele>
   </trkpt>
   <trkpt lat="45.6323860" lon="4.6042320">
    <ele>841.0</ele>
   </trkpt>
   <trkpt lat="45.6324300" lon="4.6042570">
    <ele>841.0</ele>
   </trkpt>
   <trkpt lat="45.6324750" lon="4.6042830">
    <ele>841.0</ele>
   </trkpt>
   <trkpt lat="45.6325220" lon="4.6043100">
    <ele>841.0</ele>
   </trkpt>
   <trkpt lat="45.6325680" lon="4.6043370">
    <ele>840.0</ele>
   </trkpt>
   <trkpt lat="45.6326140" lon="4.6043650">
    <ele>839.0</ele>
   </trkpt>
   <trkpt lat="45.6326590" lon="4.6043930">
    <ele>839.0</ele>
   </trkpt>
   <trkpt lat="45.6327010" lon="4.6044210">
    <ele>838.0</ele>
   </trkpt>
   <trkpt lat="45.6327420" lon="4.6044480">
    <ele>838.0</ele>
   </trkpt>
   <trkpt lat="45.6327810" lon="4.6044740">
    <ele>837.0</ele>
   </trkpt>
   <trkpt lat="45.6328190" lon="4.6044990">
    <ele>837.0</ele>
   </trkpt>
   <trkpt lat="45.6328520" lon="4.6045220">
    <ele>837.0</ele>
   </trkpt>
   <trkpt lat="45.6328840" lon="4.6045450">
    <ele>837.0</ele>
   </trkpt>
   <trkpt lat="45.6329110" lon="4.6045660">
    <ele>837.0</ele>
   </trkpt>
   <trkpt lat="45.6329380" lon="4.6045870">
    <ele>837.0</ele>
   </trkpt>
   <trkpt lat="45.6329630" lon="4.6046070">
    <ele>837.0</ele>
   </trkpt>
   <trkpt lat="45.6329890" lon="4.6046270">
    <ele>837.0</ele>
   </trkpt>
   <trkpt lat="45.6330170" lon="4.6046510">
    <ele>837.0</ele>
   </trkpt>
   <trkpt lat="45.6330450" lon="4.6046750">
    <ele>838.0</ele>
   </trkpt>
   <trkpt lat="45.6330730" lon="4.6047030">
    <ele>838.0</ele>
   </trkpt>
   <trkpt lat="45.6331010" lon="4.6047320">
    <ele>838.0</ele>
   </trkpt>
   <trkpt lat="45.6331280" lon="4.6047640">
    <ele>838.0</ele>
   </trkpt>
   <trkpt lat="45.6331550" lon="4.6047960">
    <ele>838.0</ele>
   </trkpt>
   <trkpt lat="45.6331850" lon="4.6048290">
    <ele>839.0</ele>
   </trkpt>
   <trkpt lat="45.6332150" lon="4.6048610">
    <ele>839.0</ele>
   </trkpt>
   <trkpt lat="45.6332460" lon="4.6048910">
    <ele>839.0</ele>
   </trkpt>
   <trkpt lat="45.6332770" lon="4.6049210">
    <ele>839.0</ele>
   </trkpt>
   <trkpt lat="45.6333080" lon="4.6049490">
    <ele>839.0</ele>
   </trkpt>
   <trkpt lat="45.6333390" lon="4.6049760">
    <ele>840.0</ele>
   </trkpt>
   <trkpt lat="45.6333720" lon="4.6049990">
    <ele>840.0</ele>
   </trkpt>
   <trkpt lat="45.6334040" lon="4.6050230">
    <ele>840.0</ele>
   </trkpt>
   <trkpt lat="45.6334400" lon="4.6050400">
    <ele>840.0</ele>
   </trkpt>
   <trkpt lat="45.6334760" lon="4.6050570">
    <ele>840.0</ele>
   </trkpt>
   <trkpt lat="45.6335130" lon="4.6050660">
    <ele>841.0</ele>
   </trkpt>
   <trkpt lat="45.6335500" lon="4.6050750">
    <ele>841.0</ele>
   </trkpt>
   <trkpt lat="45.6335870" lon="4.6050790">
    <ele>841.0</ele>
   </trkpt>
   <trkpt lat="45.6336250" lon="4.6050820">
    <ele>841.0</ele>
   </trkpt>
   <trkpt lat="45.6336650" lon="4.6050800">
    <ele>841.0</ele>
   </trkpt>
   <trkpt lat="45.6337060" lon="4.6050770">
    <ele>841.0</ele>
   </trkpt>
   <trkpt lat="45.6337480" lon="4.6050650">
    <ele>841.0</ele>
   </trkpt>
   <trkpt lat="45.6337900" lon="4.6050540">
    <ele>841.0</ele>
   </trkpt>
   <trkpt lat="45.6338290" lon="4.6050330">
    <ele>841.0</ele>
   </trkpt>
   <trkpt lat="45.6338680" lon="4.6050130">
    <ele>841.0</ele>
   </trkpt>
   <trkpt lat="45.6339010" lon="4.6049800">
    <ele>841.0</ele>
   </trkpt>
   <trkpt lat="45.6339340" lon="4.6049470">
    <ele>840.0</ele>
   </trkpt>
   <trkpt lat="45.6339620" lon="4.6049030">
    <ele>840.0</ele>
   </trkpt>
   <trkpt lat="45.6339910" lon="4.6048580">
    <ele>840.0</ele>
   </trkpt>
   <trkpt lat="45.6340190" lon="4.6048070">
    <ele>840.0</ele>
   </trkpt>
   <trkpt lat="45.6340470" lon="4.6047560">
    <ele>840.0</ele>
   </trkpt>
   <trkpt lat="45.6340690" lon="4.6047000">
    <ele>839.0</ele>
   </trkpt>
   <trkpt lat="45.6340920" lon="4.6046440">
    <ele>839.0</ele>
   </trkpt>
   <trkpt lat="45.6341140" lon="4.6045890">
    <ele>838.0</ele>
   </trkpt>
   <trkpt lat="45.6341370" lon="4.6045340">
    <ele>838.0</ele>
   </trkpt>
   <trkpt lat="45.6341630" lon="4.6044860">
    <ele>838.0</ele>
   </trkpt>
   <trkpt lat="45.6341890" lon="4.6044370">
    <ele>837.0</ele>
   </trkpt>
   <trkpt lat="45.6342160" lon="4.6043960">
    <ele>836.0</ele>
   </trkpt>
   <trkpt lat="45.6342440" lon="4.6043550">
    <ele>836.0</ele>
   </trkpt>
   <trkpt lat="45.6342730" lon="4.6043170">
    <ele>835.0</ele>
   </trkpt>
   <trkpt lat="45.6343030" lon="4.6042810">
    <ele>835.0</ele>
   </trkpt>
   <trkpt lat="45.6343390" lon="4.6042490">
    <ele>834.0</ele>
   </trkpt>
   <trkpt lat="45.6343750" lon="4.6042180">
    <ele>834.0</ele>
   </trkpt>
   <trkpt lat="45.6344120" lon="4.6041920">
    <ele>833.0</ele>
   </trkpt>
   <trkpt lat="45.6344490" lon="4.6041650">
    <ele>833.0</ele>
   </trkpt>
   <trkpt lat="45.6344830" lon="4.6041420">
    <ele>833.0</ele>
   </trkpt>
   <trkpt lat="45.6345170" lon="4.6041190">
    <ele>832.0</ele>
   </trkpt>
   <trkpt lat="45.6345570" lon="4.6041060">
    <ele>831.0</ele>
   </trkpt>
   <trkpt lat="45.6345960" lon="4.6040930">
    <ele>830.0</ele>
   </trkpt>
   <trkpt lat="45.6346440" lon="4.6040920">
    <ele>829.0</ele>
   </trkpt>
   <trkpt lat="45.6346920" lon="4.6040910">
    <ele>829.0</ele>
   </trkpt>
   <trkpt lat="45.6347420" lon="4.6040990">
    <ele>828.0</ele>
   </trkpt>
   <trkpt lat="45.6347920" lon="4.6041070">
    <ele>828.0</ele>
   </trkpt>
   <trkpt lat="45.6348420" lon="4.6041110">
    <ele>827.0</ele>
   </trkpt>
   <trkpt lat="45.6348930" lon="4.6041160">
    <ele>827.0</ele>
   </trkpt>
   <trkpt lat="45.6349430" lon="4.6041100">
    <ele>827.0</ele>
   </trkpt>
   <trkpt lat="45.6349930" lon="4.6041030">
    <ele>826.0</ele>
   </trkpt>
   <trkpt lat="45.6350400" lon="4.6040860">
    <ele>825.0</ele>
   </trkpt>
   <trkpt lat="45.6350870" lon="4.6040700">
    <ele>824.0</ele>
   </trkpt>
   <trkpt lat="45.6351320" lon="4.6040400">
    <ele>823.0</ele>
   </trkpt>
   <trkpt lat="45.6351770" lon="4.6040110">
    <ele>822.0</ele>
   </trkpt>
   <trkpt lat="45.6352180" lon="4.6039740">
    <ele>821.0</ele>
   </trkpt>
   <trkpt lat="45.6352590" lon="4.6039380">
    <ele>820.0</ele>
   </trkpt>
   <trkpt lat="45.6352990" lon="4.6039010">
    <ele>820.0</ele>
   </trkpt>
   <trkpt lat="45.6353390" lon="4.6038640">
    <ele>819.0</ele>
   </trkpt>
   <trkpt lat="45.6353770" lon="4.6038300">
    <ele>819.0</ele>
   </trkpt>
   <trkpt lat="45.6354150" lon="4.6037970">
    <ele>818.0</ele>
   </trkpt>
   <trkpt lat="45.6354510" lon="4.6037650">
    <ele>818.0</ele>
   </trkpt>
   <trkpt lat="45.6354870" lon="4.6037330">
    <ele>817.0</ele>
   </trkpt>
   <trkpt lat="45.6355210" lon="4.6037010">
    <ele>817.0</ele>
   </trkpt>
   <trkpt lat="45.6355550" lon="4.6036690">
    <ele>817.0</ele>
   </trkpt>
   <trkpt lat="45.6355890" lon="4.6036400">
    <ele>817.0</ele>
   </trkpt>
   <trkpt lat="45.6356220" lon="4.6036110">
    <ele>817.0</ele>
   </trkpt>
   <trkpt lat="45.6356550" lon="4.6035840">
    <ele>817.0</ele>
   </trkpt>
   <trkpt lat="45.6356890" lon="4.6035570">
    <ele>817.0</ele>
   </trkpt>
   <trkpt lat="45.6357240" lon="4.6035280">
    <ele>817.0</ele>
   </trkpt>
   <trkpt lat="45.6357600" lon="4.6035000">
    <ele>817.0</ele>
   </trkpt>
   <trkpt lat="45.6357960" lon="4.6034670">
    <ele>817.0</ele>
   </trkpt>
   <trkpt lat="45.6358320" lon="4.6034340">
    <ele>817.0</ele>
   </trkpt>
   <trkpt lat="45.6358690" lon="4.6033980">
    <ele>817.0</ele>
   </trkpt>
   <trkpt lat="45.6359050" lon="4.6033630">
    <ele>817.0</ele>
   </trkpt>
   <trkpt lat="45.6359410" lon="4.6033320">
    <ele>817.0</ele>
   </trkpt>
   <trkpt lat="45.6359770" lon="4.6033010">
    <ele>817.0</ele>
   </trkpt>
   <trkpt lat="45.6360090" lon="4.6032740">
    <ele>817.0</ele>
   </trkpt>
   <trkpt lat="45.6360420" lon="4.6032470">
    <ele>817.0</ele>
   </trkpt>
   <trkpt lat="45.6360720" lon="4.6032230">
    <ele>817.0</ele>
   </trkpt>
   <trkpt lat="45.6361030" lon="4.6031980">
    <ele>817.0</ele>
   </trkpt>
   <trkpt lat="45.6361350" lon="4.6031750">
    <ele>817.0</ele>
   </trkpt>
   <trkpt lat="45.6361680" lon="4.6031520">
    <ele>817.0</ele>
   </trkpt>
   <trkpt lat="45.6362050" lon="4.6031310">
    <ele>817.0</ele>
   </trkpt>
   <trkpt lat="45.6362430" lon="4.6031100">
    <ele>818.0</ele>
   </trkpt>
   <trkpt lat="45.6362830" lon="4.6030930">
    <ele>818.0</ele>
   </trkpt>
   <trkpt lat="45.6363220" lon="4.6030750">
    <ele>818.0</ele>
   </trkpt>
   <trkpt lat="45.6363610" lon="4.6030560">
    <ele>818.0</ele>
   </trkpt>
   <trkpt lat="45.6364010" lon="4.6030370">
    <ele>818.0</ele>
   </trkpt>
   <trkpt lat="45.6364390" lon="4.6030130">
    <ele>819.0</ele>
   </trkpt>
   <trkpt lat="45.6364770" lon="4.6029890">
    <ele>819.0</ele>
   </trkpt>
   <trkpt lat="45.6365130" lon="4.6029630">
    <ele>819.0</ele>
   </trkpt>
   <trkpt lat="45.6365490" lon="4.6029370">
    <ele>819.0</ele>
   </trkpt>
   <trkpt lat="45.6365820" lon="4.6029110">
    <ele>819.0</ele>
   </trkpt>
   <trkpt lat="45.6366140" lon="4.6028840">
    <ele>820.0</ele>
   </trkpt>
   <trkpt lat="45.6366480" lon="4.6028580">
    <ele>820.0</ele>
   </trkpt>
   <trkpt lat="45.6366810" lon="4.6028310">
    <ele>820.0</ele>
   </trkpt>
   <trkpt lat="45.6367160" lon="4.6028020">
    <ele>820.0</ele>
   </trkpt>
   <trkpt lat="45.6367510" lon="4.6027740">
    <ele>820.0</ele>
   </trkpt>
   <trkpt lat="45.6367850" lon="4.6027420">
    <ele>821.0</ele>
   </trkpt>
   <trkpt lat="45.6368190" lon="4.6027100">
    <ele>821.0</ele>
   </trkpt>
   <trkpt lat="45.6368520" lon="4.6026740">
    <ele>821.0</ele>
   </trkpt>
   <trkpt lat="45.6368850" lon="4.6026390">
    <ele>821.0</ele>
   </trkpt>
   <trkpt lat="45.6369170" lon="4.6026050">
    <ele>821.0</ele>
   </trkpt>
   <trkpt lat="45.6369490" lon="4.6025710">
    <ele>822.0</ele>
   </trkpt>
   <trkpt lat="45.6369810" lon="4.6025370">
    <ele>822.0</ele>
   </trkpt>
   <trkpt lat="45.6370130" lon="4.6025030">
    <ele>822.0</ele>
   </trkpt>
   <trkpt lat="45.6370410" lon="4.6024670">
    <ele>822.0</ele>
   </trkpt>
   <trkpt lat="45.6370690" lon="4.6024320">
    <ele>822.0</ele>
   </trkpt>
   <trkpt lat="45.6370990" lon="4.6023950">
    <ele>822.0</ele>
   </trkpt>
   <trkpt lat="45.6371280" lon="4.6023580">
    <ele>821.0</ele>
   </trkpt>
   <trkpt lat="45.6371600" lon="4.6023210">
    <ele>821.0</ele>
   </trkpt>
   <trkpt lat="45.6371910" lon="4.6022840">
    <ele>821.0</ele>
   </trkpt>
   <trkpt lat="45.6372220" lon="4.6022500">
    <ele>821.0</ele>
   </trkpt>
   <trkpt lat="45.6372530" lon="4.6022150">
    <ele>821.0</ele>
   </trkpt>
   <trkpt lat="45.6372840" lon="4.6021860">
    <ele>821.0</ele>
   </trkpt>
   <trkpt lat="45.6373150" lon="4.6021570">
    <ele>821.0</ele>
   </trkpt>
   <trkpt lat="45.6373470" lon="4.6021320">
    <ele>821.0</ele>
   </trkpt>
   <trkpt lat="45.6373800" lon="4.6021070">
    <ele>821.0</ele>
   </trkpt>
   <trkpt lat="45.6374130" lon="4.6020840">
    <ele>821.0</ele>
   </trkpt>
   <trkpt lat="45.6374450" lon="4.6020600">
    <ele>821.0</ele>
   </trkpt>
   <trkpt lat="45.6374780" lon="4.6020370">
    <ele>821.0</ele>
   </trkpt>
   <trkpt lat="45.6375110" lon="4.6020140">
    <ele>822.0</ele>
   </trkpt>
   <trkpt lat="45.6375430" lon="4.6019910">
    <ele>822.0</ele>
   </trkpt>
   <trkpt lat="45.6375760" lon="4.6019680">
    <ele>823.0</ele>
   </trkpt>
   <trkpt lat="45.6376080" lon="4.6019420">
    <ele>823.0</ele>
   </trkpt>
   <trkpt lat="45.6376400" lon="4.6019170">
    <ele>823.0</ele>
   </trkpt>
   <trkpt lat="45.6376720" lon="4.6018920">
    <ele>823.0</ele>
   </trkpt>
   <trkpt lat="45.6377050" lon="4.6018670">
    <ele>823.0</ele>
   </trkpt>
   <trkpt lat="45.6377370" lon="4.6018410">
    <ele>824.0</ele>
   </trkpt>
   <trkpt lat="45.6377680" lon="4.6018140">
    <ele>824.0</ele>
   </trkpt>
   <trkpt lat="45.6377990" lon="4.6017800">
    <ele>824.0</ele>
   </trkpt>
   <trkpt lat="45.6378290" lon="4.6017450">
    <ele>824.0</ele>
   </trkpt>
   <trkpt lat="45.6378570" lon="4.6017040">
    <ele>824.0</ele>
   </trkpt>
   <trkpt lat="45.6378850" lon="4.6016640">
    <ele>825.0</ele>
   </trkpt>
   <trkpt lat="45.6379130" lon="4.6016260">
    <ele>824.0</ele>
   </trkpt>
   <trkpt lat="45.6379420" lon="4.6015890">
    <ele>824.0</ele>
   </trkpt>
   <trkpt lat="45.6379750" lon="4.6015790">
    <ele>823.0</ele>
   </trkpt>
   <trkpt lat="45.6380080" lon="4.6015700">
    <ele>823.0</ele>
   </trkpt>
   <trkpt lat="45.6380430" lon="4.6015970">
    <ele>823.0</ele>
   </trkpt>
   <trkpt lat="45.6380780" lon="4.6016240">
    <ele>822.0</ele>
   </trkpt>
   <trkpt lat="45.6381120" lon="4.6016720">
    <ele>821.0</ele>
   </trkpt>
   <trkpt lat="45.6381460" lon="4.6017190">
    <ele>821.0</ele>
   </trkpt>
   <trkpt lat="45.6381780" lon="4.6017710">
    <ele>820.0</ele>
   </trkpt>
   <trkpt lat="45.6382100" lon="4.6018240">
    <ele>820.0</ele>
   </trkpt>
   <trkpt lat="45.6382410" lon="4.6018780">
    <ele>819.0</ele>
   </trkpt>
   <trkpt lat="45.6382720" lon="4.6019320">
    <ele>819.0</ele>
   </trkpt>
   <trkpt lat="45.6382990" lon="4.6019860">
    <ele>818.0</ele>
   </trkpt>
   <trkpt lat="45.6383250" lon="4.6020400">
    <ele>818.0</ele>
   </trkpt>
   <trkpt lat="45.6383470" lon="4.6020930">
    <ele>818.0</ele>
   </trkpt>
   <trkpt lat="45.6383690" lon="4.6021470">
    <ele>817.0</ele>
   </trkpt>
   <trkpt lat="45.6383900" lon="4.6022020">
    <ele>816.0</ele>
   </trkpt>
   <trkpt lat="45.6384110" lon="4.6022580">
    <ele>815.0</ele>
   </trkpt>
   <trkpt lat="45.6384330" lon="4.6023170">
    <ele>814.0</ele>
   </trkpt>
   <trkpt lat="45.6384550" lon="4.6023760">
    <ele>814.0</ele>
   </trkpt>
   <trkpt lat="45.6384820" lon="4.6024310">
    <ele>813.0</ele>
   </trkpt>
   <trkpt lat="45.6385100" lon="4.6024860">
    <ele>812.0</ele>
   </trkpt>
   <trkpt lat="45.6385450" lon="4.6025300">
    <ele>812.0</ele>
   </trkpt>
   <trkpt lat="45.6385790" lon="4.6025750">
    <ele>811.0</ele>
   </trkpt>
   <trkpt lat="45.6386160" lon="4.6026130">
    <ele>811.0</ele>
   </trkpt>
   <trkpt lat="45.6386520" lon="4.6026510">
    <ele>810.0</ele>
   </trkpt>
   <trkpt lat="45.6386890" lon="4.6026910">
    <ele>809.0</ele>
   </trkpt>
   <trkpt lat="45.6387270" lon="4.6027300">
    <ele>809.0</ele>
   </trkpt>
   <trkpt lat="45.6387630" lon="4.6027740">
    <ele>808.0</ele>
   </trkpt>
   <trkpt lat="45.6388000" lon="4.6028180">
    <ele>808.0</ele>
   </trkpt>
   <trkpt lat="45.6388340" lon="4.6028620">
    <ele>807.0</ele>
   </trkpt>
   <trkpt lat="45.6388680" lon="4.6029060">
    <ele>806.0</ele>
   </trkpt>
   <trkpt lat="45.6389000" lon="4.6029480">
    <ele>805.0</ele>
   </trkpt>
   <trkpt lat="45.6389320" lon="4.6029900">
    <ele>804.0</ele>
   </trkpt>
   <trkpt lat="45.6389650" lon="4.6030280">
    <ele>804.0</ele>
   </trkpt>
   <trkpt lat="45.6389980" lon="4.6030660">
    <ele>803.0</ele>
   </trkpt>
   <trkpt lat="45.6390340" lon="4.6031000">
    <ele>802.0</ele>
   </trkpt>
   <trkpt lat="45.6390710" lon="4.6031350">
    <ele>802.0</ele>
   </trkpt>
   <trkpt lat="45.6391090" lon="4.6031700">
    <ele>801.0</ele>
   </trkpt>
   <trkpt lat="45.6391480" lon="4.6032060">
    <ele>801.0</ele>
   </trkpt>
   <trkpt lat="45.6391870" lon="4.6032440">
    <ele>800.0</ele>
   </trkpt>
   <trkpt lat="45.6392250" lon="4.6032820">
    <ele>800.0</ele>
   </trkpt>
   <trkpt lat="45.6392610" lon="4.6033230">
    <ele>799.0</ele>
   </trkpt>
   <trkpt lat="45.6392960" lon="4.6033640">
    <ele>799.0</ele>
   </trkpt>
   <trkpt lat="45.6393270" lon="4.6034080">
    <ele>799.0</ele>
   </trkpt>
   <trkpt lat="45.6393570" lon="4.6034520">
    <ele>798.0</ele>
   </trkpt>
   <trkpt lat="45.6393830" lon="4.6034950">
    <ele>797.0</ele>
   </trkpt>
   <trkpt lat="45.6394080" lon="4.6035390">
    <ele>797.0</ele>
   </trkpt>
   <trkpt lat="45.6394350" lon="4.6035810">
    <ele>796.0</ele>
   </trkpt>
   <trkpt lat="45.6394620" lon="4.6036230">
    <ele>796.0</ele>
   </trkpt>
   <trkpt lat="45.6394960" lon="4.6036600">
    <ele>795.0</ele>
   </trkpt>
   <trkpt lat="45.6395290" lon="4.6036970">
    <ele>795.0</ele>
   </trkpt>
   <trkpt lat="45.6395680" lon="4.6037240">
    <ele>794.0</ele>
   </trkpt>
   <trkpt lat="45.6396070" lon="4.6037510">
    <ele>794.0</ele>
   </trkpt>
   <trkpt lat="45.6396490" lon="4.6037730">
    <ele>794.0</ele>
   </trkpt>
   <trkpt lat="45.6396900" lon="4.6037940">
    <ele>793.0</ele>
   </trkpt>
   <trkpt lat="45.6397330" lon="4.6038170">
    <ele>793.0</ele>
   </trkpt>
   <trkpt lat="45.6397750" lon="4.6038400">
    <ele>792.0</ele>
   </trkpt>
   <trkpt lat="45.6398150" lon="4.6038680">
    <ele>792.0</ele>
   </trkpt>
   <trkpt lat="45.6398540" lon="4.6038960">
    <ele>792.0</ele>
   </trkpt>
   <trkpt lat="45.6398890" lon="4.6039230">
    <ele>791.0</ele>
   </trkpt>
   <trkpt lat="45.6399240" lon="4.6039510">
    <ele>791.0</ele>
   </trkpt>
   <trkpt lat="45.6399590" lon="4.6039810">
    <ele>791.0</ele>
   </trkpt>
   <trkpt lat="45.6399930" lon="4.6040110">
    <ele>791.0</ele>
   </trkpt>
   <trkpt lat="45.6400330" lon="4.6040390">
    <ele>791.0</ele>
   </trkpt>
   <trkpt lat="45.6400720" lon="4.6040680">
    <ele>790.0</ele>
   </trkpt>
   <trkpt lat="45.6401140" lon="4.6040910">
    <ele>790.0</ele>
   </trkpt>
   <trkpt lat="45.6401560" lon="4.6041150">
    <ele>789.0</ele>
   </trkpt>
   <trkpt lat="45.6401960" lon="4.6041360">
    <ele>789.0</ele>
   </trkpt>
   <trkpt lat="45.6402360" lon="4.6041570">
    <ele>789.0</ele>
   </trkpt>
   <trkpt lat="45.6402730" lon="4.6041860">
    <ele>788.0</ele>
   </trkpt>
   <trkpt lat="45.6403110" lon="4.6042140">
    <ele>788.0</ele>
   </trkpt>
   <trkpt lat="45.6403450" lon="4.6042540">
    <ele>788.0</ele>
   </trkpt>
   <trkpt lat="45.6403800" lon="4.6042930">
    <ele>788.0</ele>
   </trkpt>
   <trkpt lat="45.6404120" lon="4.6043400">
    <ele>788.0</ele>
   </trkpt>
   <trkpt lat="45.6404440" lon="4.6043860">
    <ele>787.0</ele>
   </trkpt>
   <trkpt lat="45.6404750" lon="4.6044330">
    <ele>786.0</ele>
   </trkpt>
   <trkpt lat="45.6405050" lon="4.6044810">
    <ele>786.0</ele>
   </trkpt>
   <trkpt lat="45.6405300" lon="4.6045270">
    <ele>785.0</ele>
   </trkpt>
   <trkpt lat="45.6405550" lon="4.6045730">
    <ele>785.0</ele>
   </trkpt>
   <trkpt lat="45.6405770" lon="4.6046200">
    <ele>784.0</ele>
   </trkpt>
   <trkpt lat="45.6406000" lon="4.6046670">
    <ele>784.0</ele>
   </trkpt>
   <trkpt lat="45.6406240" lon="4.6047140">
    <ele>783.0</ele>
   </trkpt>
   <trkpt lat="45.6406470" lon="4.6047620">
    <ele>783.0</ele>
   </trkpt>
   <trkpt lat="45.6406670" lon="4.6048130">
    <ele>783.0</ele>
   </trkpt>
   <trkpt lat="45.6406880" lon="4.6048630">
    <ele>782.0</ele>
   </trkpt>
   <trkpt lat="45.6406900" lon="4.6049190">
    <ele>781.0</ele>
   </trkpt>
   <trkpt lat="45.6406920" lon="4.6049750">
    <ele>780.0</ele>
   </trkpt>
   <trkpt lat="45.6406730" lon="4.6050240">
    <ele>779.0</ele>
   </trkpt>
   <trkpt lat="45.6406540" lon="4.6050730">
    <ele>778.0</ele>
   </trkpt>
   <trkpt lat="45.6406160" lon="4.6051060">
    <ele>777.0</ele>
   </trkpt>
   <trkpt lat="45.6405790" lon="4.6051390">
    <ele>776.0</ele>
   </trkpt>
   <trkpt lat="45.6405330" lon="4.6051600">
    <ele>776.0</ele>
   </trkpt>
   <trkpt lat="45.6404880" lon="4.6051800">
    <ele>775.0</ele>
   </trkpt>
   <trkpt lat="45.6404410" lon="4.6051980">
    <ele>775.0</ele>
   </trkpt>
   <trkpt lat="45.6403950" lon="4.6052150">
    <ele>774.0</ele>
   </trkpt>
   <trkpt lat="45.6403500" lon="4.6052290">
    <ele>773.0</ele>
   </trkpt>
   <trkpt lat="45.6403050" lon="4.6052420">
    <ele>772.0</ele>
   </trkpt>
   <trkpt lat="45.6402600" lon="4.6052480">
    <ele>771.0</ele>
   </trkpt>
   <trkpt lat="45.6402150" lon="4.6052550">
    <ele>770.0</ele>
   </trkpt>
   <trkpt lat="45.6401690" lon="4.6052570">
    <ele>769.0</ele>
   </trkpt>
   <trkpt lat="45.6401240" lon="4.6052590">
    <ele>768.0</ele>
   </trkpt>
   <trkpt lat="45.6400790" lon="4.6052600">
    <ele>768.0</ele>
   </trkpt>
   <trkpt lat="45.6400330" lon="4.6052610">
    <ele>767.0</ele>
   </trkpt>
   <trkpt lat="45.6399920" lon="4.6052660">
    <ele>767.0</ele>
   </trkpt>
   <trkpt lat="45.6399500" lon="4.6052700">
    <ele>766.0</ele>
   </trkpt>
   <trkpt lat="45.6399130" lon="4.6052860">
    <ele>765.0</ele>
   </trkpt>
   <trkpt lat="45.6398760" lon="4.6053010">
    <ele>764.0</ele>
   </trkpt>
   <trkpt lat="45.6398380" lon="4.6053260">
    <ele>763.0</ele>
   </trkpt>
   <trkpt lat="45.6397990" lon="4.6053500">
    <ele>763.0</ele>
   </trkpt>
   <trkpt lat="45.6397590" lon="4.6053800">
    <ele>762.0</ele>
   </trkpt>
   <trkpt lat="45.6397190" lon="4.6054090">
    <ele>761.0</ele>
   </trkpt>
   <trkpt lat="45.6396790" lon="4.6054400">
    <ele>760.0</ele>
   </trkpt>
   <trkpt lat="45.6396390" lon="4.6054700">
    <ele>759.0</ele>
   </trkpt>
   <trkpt lat="45.6395990" lon="4.6055000">
    <ele>759.0</ele>
   </trkpt>
   <trkpt lat="45.6395590" lon="4.6055290">
    <ele>758.0</ele>
   </trkpt>
   <trkpt lat="45.6395190" lon="4.6055500">
    <ele>757.0</ele>
   </trkpt>
   <trkpt lat="45.6394780" lon="4.6055720">
    <ele>756.0</ele>
   </trkpt>
   <trkpt lat="45.6394380" lon="4.6055840">
    <ele>755.0</ele>
   </trkpt>
   <trkpt lat="45.6393980" lon="4.6055960">
    <ele>755.0</ele>
   </trkpt>
   <trkpt lat="45.6393550" lon="4.6056000">
    <ele>754.0</ele>
   </trkpt>
   <trkpt lat="45.6393110" lon="4.6056040">
    <ele>753.0</ele>
   </trkpt>
   <trkpt lat="45.6392690" lon="4.6056090">
    <ele>753.0</ele>
   </trkpt>
   <trkpt lat="45.6392260" lon="4.6056140">
    <ele>752.0</ele>
   </trkpt>
   <trkpt lat="45.6391850" lon="4.6056220">
    <ele>752.0</ele>
   </trkpt>
   <trkpt lat="45.6391430" lon="4.6056290">
    <ele>751.0</ele>
   </trkpt>
   <trkpt lat="45.6391020" lon="4.6056360">
    <ele>750.0</ele>
   </trkpt>
   <trkpt lat="45.6390610" lon="4.6056440">
    <ele>749.0</ele>
   </trkpt>
   <trkpt lat="45.6390230" lon="4.6056490">
    <ele>748.0</ele>
   </trkpt>
   <trkpt lat="45.6389840" lon="4.6056550">
    <ele>748.0</ele>
   </trkpt>
   <trkpt lat="45.6389470" lon="4.6056640">
    <ele>747.0</ele>
   </trkpt>
   <trkpt lat="45.6389100" lon="4.6056730">
    <ele>746.0</ele>
   </trkpt>
   <trkpt lat="45.6388700" lon="4.6056910">
    <ele>746.0</ele>
   </trkpt>
   <trkpt lat="45.6388300" lon="4.6057080">
    <ele>745.0</ele>
   </trkpt>
   <trkpt lat="45.6387840" lon="4.6057290">
    <ele>745.0</ele>
   </trkpt>
   <trkpt lat="45.6387380" lon="4.6057490">
    <ele>743.0</ele>
   </trkpt>
   <trkpt lat="45.6386930" lon="4.6057660">
    <ele>742.0</ele>
   </trkpt>
   <trkpt lat="45.6386490" lon="4.6057830">
    <ele>741.0</ele>
   </trkpt>
   <trkpt lat="45.6386070" lon="4.6057980">
    <ele>740.0</ele>
   </trkpt>
   <trkpt lat="45.6385660" lon="4.6058140">
    <ele>739.0</ele>
   </trkpt>
   <trkpt lat="45.6385240" lon="4.6058240">
    <ele>738.0</ele>
   </trkpt>
   <trkpt lat="45.6384830" lon="4.6058350">
    <ele>737.0</ele>
   </trkpt>
   <trkpt lat="45.6384410" lon="4.6058430">
    <ele>737.0</ele>
   </trkpt>
   <trkpt lat="45.6384000" lon="4.6058510">
    <ele>736.0</ele>
   </trkpt>
   <trkpt lat="45.6383570" lon="4.6058520">
    <ele>736.0</ele>
   </trkpt>
   <trkpt lat="45.6383150" lon="4.6058540">
    <ele>735.0</ele>
   </trkpt>
   <trkpt lat="45.6382740" lon="4.6058550">
    <ele>734.0</ele>
   </trkpt>
   <trkpt lat="45.6382330" lon="4.6058560">
    <ele>733.0</ele>
   </trkpt>
   <trkpt lat="45.6381940" lon="4.6058630">
    <ele>732.0</ele>
   </trkpt>
   <trkpt lat="45.6381540" lon="4.6058700">
    <ele>732.0</ele>
   </trkpt>
   <trkpt lat="45.6381190" lon="4.6058930">
    <ele>731.0</ele>
   </trkpt>
   <trkpt lat="45.6380840" lon="4.6059160">
    <ele>730.0</ele>
   </trkpt>
   <trkpt lat="45.6380560" lon="4.6059640">
    <ele>730.0</ele>
   </trkpt>
   <trkpt lat="45.6380280" lon="4.6060110">
    <ele>729.0</ele>
   </trkpt>
   <trkpt lat="45.6380010" lon="4.6060690">
    <ele>729.0</ele>
   </trkpt>
   <trkpt lat="45.6379730" lon="4.6061270">
    <ele>728.0</ele>
   </trkpt>
   <trkpt lat="45.6379470" lon="4.6061820">
    <ele>727.0</ele>
   </trkpt>
   <trkpt lat="45.6379200" lon="4.6062380">
    <ele>726.0</ele>
   </trkpt>
   <trkpt lat="45.6378940" lon="4.6062880">
    <ele>725.0</ele>
   </trkpt>
   <trkpt lat="45.6378670" lon="4.6063390">
    <ele>725.0</ele>
   </trkpt>
   <trkpt lat="45.6378400" lon="4.6063860">
    <ele>724.0</ele>
   </trkpt>
   <trkpt lat="45.6378130" lon="4.6064330">
    <ele>724.0</ele>
   </trkpt>
   <trkpt lat="45.6377860" lon="4.6064800">
    <ele>724.0</ele>
   </trkpt>
   <trkpt lat="45.6377590" lon="4.6065270">
    <ele>724.0</ele>
   </trkpt>
   <trkpt lat="45.6377340" lon="4.6065700">
    <ele>724.0</ele>
   </trkpt>
   <trkpt lat="45.6377090" lon="4.6066140">
    <ele>723.0</ele>
   </trkpt>
   <trkpt lat="45.6376910" lon="4.6066590">
    <ele>723.0</ele>
   </trkpt>
   <trkpt lat="45.6376730" lon="4.6067040">
    <ele>722.0</ele>
   </trkpt>
   <trkpt lat="45.6376660" lon="4.6067550">
    <ele>722.0</ele>
   </trkpt>
   <trkpt lat="45.6376590" lon="4.6068060">
    <ele>722.0</ele>
   </trkpt>
   <trkpt lat="45.6376620" lon="4.6068610">
    <ele>721.0</ele>
   </trkpt>
   <trkpt lat="45.6376650" lon="4.6069160">
    <ele>721.0</ele>
   </trkpt>
   <trkpt lat="45.6376750" lon="4.6069720">
    <ele>720.0</ele>
   </trkpt>
   <trkpt lat="45.6376840" lon="4.6070290">
    <ele>720.0</ele>
   </trkpt>
   <trkpt lat="45.6376930" lon="4.6070800">
    <ele>720.0</ele>
   </trkpt>
   <trkpt lat="45.6377020" lon="4.6071310">
    <ele>719.0</ele>
   </trkpt>
   <trkpt lat="45.6377060" lon="4.6071840">
    <ele>718.0</ele>
   </trkpt>
   <trkpt lat="45.6377100" lon="4.6072380">
    <ele>718.0</ele>
   </trkpt>
   <trkpt lat="45.6377130" lon="4.6072960">
    <ele>717.0</ele>
   </trkpt>
   <trkpt lat="45.6377150" lon="4.6073550">
    <ele>717.0</ele>
   </trkpt>
   <trkpt lat="45.6377170" lon="4.6074120">
    <ele>716.0</ele>
   </trkpt>
   <trkpt lat="45.6377180" lon="4.6074700">
    <ele>715.0</ele>
   </trkpt>
   <trkpt lat="45.6377220" lon="4.6075280">
    <ele>715.0</ele>
   </trkpt>
   <trkpt lat="45.6377250" lon="4.6075860">
    <ele>714.0</ele>
   </trkpt>
   <trkpt lat="45.6377330" lon="4.6076430">
    <ele>714.0</ele>
   </trkpt>
   <trkpt lat="45.6377400" lon="4.6076990">
    <ele>713.0</ele>
   </trkpt>
   <trkpt lat="45.6377510" lon="4.6077550">
    <ele>712.0</ele>
   </trkpt>
   <trkpt lat="45.6377610" lon="4.6078100">
    <ele>711.0</ele>
   </trkpt>
   <trkpt lat="45.6377730" lon="4.6078600">
    <ele>710.0</ele>
   </trkpt>
   <trkpt lat="45.6377850" lon="4.6079110">
    <ele>710.0</ele>
   </trkpt>
   <trkpt lat="45.6377970" lon="4.6079590">
    <ele>709.0</ele>
   </trkpt>
   <trkpt lat="45.6378090" lon="4.6080070">
    <ele>708.0</ele>
   </trkpt>
   <trkpt lat="45.6378230" lon="4.6080540">
    <ele>708.0</ele>
   </trkpt>
   <trkpt lat="45.6378370" lon="4.6081020">
    <ele>707.0</ele>
   </trkpt>
   <trkpt lat="45.6378530" lon="4.6081490">
    <ele>707.0</ele>
   </trkpt>
   <trkpt lat="45.6378680" lon="4.6081970">
    <ele>706.0</ele>
   </trkpt>
   <trkpt lat="45.6378800" lon="4.6082500">
    <ele>705.0</ele>
   </trkpt>
   <trkpt lat="45.6378920" lon="4.6083030">
    <ele>704.0</ele>
   </trkpt>
   <trkpt lat="45.6378970" lon="4.6083580">
    <ele>703.0</ele>
   </trkpt>
   <trkpt lat="45.6379010" lon="4.6084120">
    <ele>702.0</ele>
   </trkpt>
   <trkpt lat="45.6378980" lon="4.6084670">
    <ele>701.0</ele>
   </trkpt>
   <trkpt lat="45.6378940" lon="4.6085210">
    <ele>701.0</ele>
   </trkpt>
   <trkpt lat="45.6378900" lon="4.6085720">
    <ele>700.0</ele>
   </trkpt>
   <trkpt lat="45.6378850" lon="4.6086240">
    <ele>700.0</ele>
   </trkpt>
   <trkpt lat="45.6378830" lon="4.6086720">
    <ele>700.0</ele>
   </trkpt>
   <trkpt lat="45.6378810" lon="4.6087200">
    <ele>699.0</ele>
   </trkpt>
   <trkpt lat="45.6378850" lon="4.6087700">
    <ele>698.0</ele>
   </trkpt>
   <trkpt lat="45.6378890" lon="4.6088200">
    <ele>697.0</ele>
   </trkpt>
   <trkpt lat="45.6378970" lon="4.6088770">
    <ele>696.0</ele>
   </trkpt>
   <trkpt lat="45.6379060" lon="4.6089340">
    <ele>695.0</ele>
   </trkpt>
   <trkpt lat="45.6379120" lon="4.6089930">
    <ele>694.0</ele>
   </trkpt>
   <trkpt lat="45.6379180" lon="4.6090510">
    <ele>693.0</ele>
   </trkpt>
   <trkpt lat="45.6379230" lon="4.6091060">
    <ele>693.0</ele>
   </trkpt>
   <trkpt lat="45.6379290" lon="4.6091610">
    <ele>692.0</ele>
   </trkpt>
   <trkpt lat="45.6379380" lon="4.6092140">
    <ele>692.0</ele>
   </trkpt>
   <trkpt lat="45.6379470" lon="4.6092670">
    <ele>691.0</ele>
   </trkpt>
   <trkpt lat="45.6379590" lon="4.6093190">
    <ele>690.0</ele>
   </trkpt>
   <trkpt lat="45.6379700" lon="4.6093700">
    <ele>689.0</ele>
   </trkpt>
   <trkpt lat="45.6379830" lon="4.6094220">
    <ele>688.0</ele>
   </trkpt>
   <trkpt lat="45.6379960" lon="4.6094740">
    <ele>688.0</ele>
   </trkpt>
   <trkpt lat="45.6380130" lon="4.6095280">
    <ele>687.0</ele>
   </trkpt>
   <trkpt lat="45.6380290" lon="4.6095820">
    <ele>686.0</ele>
   </trkpt>
   <trkpt lat="45.6380410" lon="4.6096360">
    <ele>685.0</ele>
   </trkpt>
   <trkpt lat="45.6380530" lon="4.6096910">
    <ele>684.0</ele>
   </trkpt>
   <trkpt lat="45.6380630" lon="4.6097450">
    <ele>684.0</ele>
   </trkpt>
   <trkpt lat="45.6380740" lon="4.6098000">
    <ele>683.0</ele>
   </trkpt>
   <trkpt lat="45.6380860" lon="4.6098540">
    <ele>682.0</ele>
   </trkpt>
   <trkpt lat="45.6380980" lon="4.6099080">
    <ele>681.0</ele>
   </trkpt>
   <trkpt lat="45.6381140" lon="4.6099630">
    <ele>680.0</ele>
   </trkpt>
   <trkpt lat="45.6381290" lon="4.6100190">
    <ele>680.0</ele>
   </trkpt>
   <trkpt lat="45.6381460" lon="4.6100750">
    <ele>679.0</ele>
   </trkpt>
   <trkpt lat="45.6381630" lon="4.6101320">
    <ele>678.0</ele>
   </trkpt>
   <trkpt lat="45.6381790" lon="4.6101890">
    <ele>677.0</ele>
   </trkpt>
   <trkpt lat="45.6381960" lon="4.6102470">
    <ele>676.0</ele>
   </trkpt>
   <trkpt lat="45.6382090" lon="4.6103020">
    <ele>676.0</ele>
   </trkpt>
   <trkpt lat="45.6382210" lon="4.6103580">
    <ele>675.0</ele>
   </trkpt>
   <trkpt lat="45.6382320" lon="4.6104120">
    <ele>674.0</ele>
   </trkpt>
   <trkpt lat="45.6382430" lon="4.6104660">
    <ele>674.0</ele>
   </trkpt>
   <trkpt lat="45.6382580" lon="4.6105190">
    <ele>673.0</ele>
   </trkpt>
   <trkpt lat="45.6382730" lon="4.6105730">
    <ele>673.0</ele>
   </trkpt>
   <trkpt lat="45.6382920" lon="4.6106270">
    <ele>672.0</ele>
   </trkpt>
   <trkpt lat="45.6383110" lon="4.6106800">
    <ele>672.0</ele>
   </trkpt>
   <trkpt lat="45.6383350" lon="4.6107310">
    <ele>671.0</ele>
   </trkpt>
   <trkpt lat="45.6383590" lon="4.6107820">
    <ele>671.0</ele>
   </trkpt>
   <trkpt lat="45.6383850" lon="4.6108340">
    <ele>671.0</ele>
   </trkpt>
   <trkpt lat="45.6384110" lon="4.6108860">
    <ele>670.0</ele>
   </trkpt>
   <trkpt lat="45.6384370" lon="4.6109370">
    <ele>669.0</ele>
   </trkpt>
   <trkpt lat="45.6384630" lon="4.6109870">
    <ele>669.0</ele>
   </trkpt>
   <trkpt lat="45.6384910" lon="4.6110320">
    <ele>668.0</ele>
   </trkpt>
   <trkpt lat="45.6385200" lon="4.6110760">
    <ele>668.0</ele>
   </trkpt>
   <trkpt lat="45.6385490" lon="4.6111160">
    <ele>667.0</ele>
   </trkpt>
   <trkpt lat="45.6385790" lon="4.6111570">
    <ele>666.0</ele>
   </trkpt>
   <trkpt lat="45.6386090" lon="4.6111960">
    <ele>666.0</ele>
   </trkpt>
   <trkpt lat="45.6386390" lon="4.6112350">
    <ele>665.0</ele>
   </trkpt>
   <trkpt lat="45.6386690" lon="4.6112700">
    <ele>665.0</ele>
   </trkpt>
   <trkpt lat="45.6386980" lon="4.6113040">
    <ele>664.0</ele>
   </trkpt>
   <trkpt lat="45.6387250" lon="4.6113270">
    <ele>663.0</ele>
   </trkpt>
   <trkpt lat="45.6387520" lon="4.6113500">
    <ele>663.0</ele>
   </trkpt>
   <trkpt lat="45.6387710" lon="4.6113290">
    <ele>662.0</ele>
   </trkpt>
   <trkpt lat="45.6387750" lon="4.6113130">
    <ele>662.0</ele>
   </trkpt>
   <trkpt lat="45.6387790" lon="4.6112980">
    <ele>661.0</ele>
   </trkpt>
   <trkpt lat="45.6387750" lon="4.6112580">
    <ele>661.0</ele>
   </trkpt>
   <trkpt lat="45.6387640" lon="4.6111970">
    <ele>660.0</ele>
   </trkpt>
   <trkpt lat="45.6387520" lon="4.6111370">
    <ele>660.0</ele>
   </trkpt>
   <trkpt lat="45.6387450" lon="4.6110710">
    <ele>660.0</ele>
   </trkpt>
   <trkpt lat="45.6387380" lon="4.6110040">
    <ele>659.0</ele>
   </trkpt>
   <trkpt lat="45.6387510" lon="4.6109570">
    <ele>658.0</ele>
   </trkpt>
   <trkpt lat="45.6387650" lon="4.6109100">
    <ele>658.0</ele>
   </trkpt>
   <trkpt lat="45.6388000" lon="4.6109170">
    <ele>657.0</ele>
   </trkpt>
   <trkpt lat="45.6388350" lon="4.6109240">
    <ele>657.0</ele>
   </trkpt>
   <trkpt lat="45.6388680" lon="4.6109720">
    <ele>656.0</ele>
   </trkpt>
   <trkpt lat="45.6389010" lon="4.6110200">
    <ele>655.0</ele>
   </trkpt>
   <trkpt lat="45.6389240" lon="4.6110850">
    <ele>655.0</ele>
   </trkpt>
   <trkpt lat="45.6389470" lon="4.6111490">
    <ele>654.0</ele>
   </trkpt>
   <trkpt lat="45.6389680" lon="4.6112130">
    <ele>654.0</ele>
   </trkpt>
   <trkpt lat="45.6389880" lon="4.6112770">
    <ele>653.0</ele>
   </trkpt>
   <trkpt lat="45.6390070" lon="4.6113380">
    <ele>653.0</ele>
   </trkpt>
   <trkpt lat="45.6390260" lon="4.6113990">
    <ele>652.0</ele>
   </trkpt>
   <trkpt lat="45.6390460" lon="4.6114560">
    <ele>652.0</ele>
   </trkpt>
   <trkpt lat="45.6390650" lon="4.6115140">
    <ele>652.0</ele>
   </trkpt>
   <trkpt lat="45.6390860" lon="4.6115710">
    <ele>651.0</ele>
   </trkpt>
   <trkpt lat="45.6391080" lon="4.6116270">
    <ele>651.0</ele>
   </trkpt>
   <trkpt lat="45.6391280" lon="4.6116850">
    <ele>650.0</ele>
   </trkpt>
   <trkpt lat="45.6391480" lon="4.6117430">
    <ele>650.0</ele>
   </trkpt>
   <trkpt lat="45.6391670" lon="4.6118050">
    <ele>650.0</ele>
   </trkpt>
   <trkpt lat="45.6391860" lon="4.6118660">
    <ele>649.0</ele>
   </trkpt>
   <trkpt lat="45.6392000" lon="4.6119300">
    <ele>648.0</ele>
   </trkpt>
   <trkpt lat="45.6392140" lon="4.6119950">
    <ele>648.0</ele>
   </trkpt>
   <trkpt lat="45.6392190" lon="4.6120600">
    <ele>647.0</ele>
   </trkpt>
   <trkpt lat="45.6392230" lon="4.6121260">
    <ele>647.0</ele>
   </trkpt>
   <trkpt lat="45.6392190" lon="4.6121920">
    <ele>646.0</ele>
   </trkpt>
   <trkpt lat="45.6392140" lon="4.6122580">
    <ele>646.0</ele>
   </trkpt>
   <trkpt lat="45.6392020" lon="4.6123260">
    <ele>645.0</ele>
   </trkpt>
   <trkpt lat="45.6391910" lon="4.6123930">
    <ele>645.0</ele>
   </trkpt>
   <trkpt lat="45.6391760" lon="4.6124610">
    <ele>645.0</ele>
   </trkpt>
   <trkpt lat="45.6391610" lon="4.6125290">
    <ele>644.0</ele>
   </trkpt>
   <trkpt lat="45.6391440" lon="4.6125970">
    <ele>644.0</ele>
   </trkpt>
   <trkpt lat="45.6391280" lon="4.6126650">
    <ele>644.0</ele>
   </trkpt>
   <trkpt lat="45.6391110" lon="4.6127280">
    <ele>644.0</ele>
   </trkpt>
   <trkpt lat="45.6390950" lon="4.6127920">
    <ele>644.0</ele>
   </trkpt>
   <trkpt lat="45.6390770" lon="4.6128540">
    <ele>643.0</ele>
   </trkpt>
   <trkpt lat="45.6390590" lon="4.6129150">
    <ele>643.0</ele>
   </trkpt>
   <trkpt lat="45.6390420" lon="4.6129780">
    <ele>642.0</ele>
   </trkpt>
   <trkpt lat="45.6390250" lon="4.6130420">
    <ele>642.0</ele>
   </trkpt>
   <trkpt lat="45.6390080" lon="4.6131050">
    <ele>642.0</ele>
   </trkpt>
   <trkpt lat="45.6389920" lon="4.6131690">
    <ele>641.0</ele>
   </trkpt>
   <trkpt lat="45.6389750" lon="4.6132320">
    <ele>640.0</ele>
   </trkpt>
   <trkpt lat="45.6389590" lon="4.6132960">
    <ele>640.0</ele>
   </trkpt>
   <trkpt lat="45.6389410" lon="4.6133600">
    <ele>639.0</ele>
   </trkpt>
   <trkpt lat="45.6389240" lon="4.6134240">
    <ele>639.0</ele>
   </trkpt>
   <trkpt lat="45.6389050" lon="4.6134890">
    <ele>638.0</ele>
   </trkpt>
   <trkpt lat="45.6388860" lon="4.6135550">
    <ele>638.0</ele>
   </trkpt>
   <trkpt lat="45.6388700" lon="4.6136180">
    <ele>637.0</ele>
   </trkpt>
   <trkpt lat="45.6388530" lon="4.6136820">
    <ele>637.0</ele>
   </trkpt>
   <trkpt lat="45.6388410" lon="4.6137470">
    <ele>637.0</ele>
   </trkpt>
   <trkpt lat="45.6388290" lon="4.6138120">
    <ele>636.0</ele>
   </trkpt>
   <trkpt lat="45.6388230" lon="4.6138780">
    <ele>636.0</ele>
   </trkpt>
   <trkpt lat="45.6388170" lon="4.6139440">
    <ele>635.0</ele>
   </trkpt>
   <trkpt lat="45.6388160" lon="4.6140100">
    <ele>635.0</ele>
   </trkpt>
   <trkpt lat="45.6388140" lon="4.6140770">
    <ele>635.0</ele>
   </trkpt>
   <trkpt lat="45.6388150" lon="4.6141430">
    <ele>634.0</ele>
   </trkpt>
   <trkpt lat="45.6388160" lon="4.6142090">
    <ele>634.0</ele>
   </trkpt>
   <trkpt lat="45.6388190" lon="4.6142750">
    <ele>634.0</ele>
   </trkpt>
   <trkpt lat="45.6388220" lon="4.6143420">
    <ele>634.0</ele>
   </trkpt>
   <trkpt lat="45.6388270" lon="4.6144090">
    <ele>634.0</ele>
   </trkpt>
   <trkpt lat="45.6388330" lon="4.6144750">
    <ele>633.0</ele>
   </trkpt>
   <trkpt lat="45.6388390" lon="4.6145370">
    <ele>632.0</ele>
   </trkpt>
   <trkpt lat="45.6388450" lon="4.6145980">
    <ele>632.0</ele>
   </trkpt>
   <trkpt lat="45.6388510" lon="4.6146590">
    <ele>631.0</ele>
   </trkpt>
   <trkpt lat="45.6388570" lon="4.6147200">
    <ele>631.0</ele>
   </trkpt>
   <trkpt lat="45.6388630" lon="4.6147810">
    <ele>631.0</ele>
   </trkpt>
   <trkpt lat="45.6388700" lon="4.6148420">
    <ele>631.0</ele>
   </trkpt>
   <trkpt lat="45.6388770" lon="4.6149030">
    <ele>631.0</ele>
   </trkpt>
   <trkpt lat="45.6388840" lon="4.6149640">
    <ele>631.0</ele>
   </trkpt>
   <trkpt lat="45.6388910" lon="4.6150220">
    <ele>631.0</ele>
   </trkpt>
   <trkpt lat="45.6388990" lon="4.6150810">
    <ele>631.0</ele>
   </trkpt>
   <trkpt lat="45.6389070" lon="4.6151370">
    <ele>631.0</ele>
   </trkpt>
   <trkpt lat="45.6389140" lon="4.6151930">
    <ele>631.0</ele>
   </trkpt>
   <trkpt lat="45.6389230" lon="4.6152480">
    <ele>631.0</ele>
   </trkpt>
   <trkpt lat="45.6389310" lon="4.6153020">
    <ele>631.0</ele>
   </trkpt>
   <trkpt lat="45.6389410" lon="4.6153540">
    <ele>631.0</ele>
   </trkpt>
   <trkpt lat="45.6389510" lon="4.6154050">
    <ele>631.0</ele>
   </trkpt>
   <trkpt lat="45.6389620" lon="4.6154550">
    <ele>631.0</ele>
   </trkpt>
   <trkpt lat="45.6389730" lon="4.6155050">
    <ele>631.0</ele>
   </trkpt>
   <trkpt lat="45.6389850" lon="4.6155550">
    <ele>631.0</ele>
   </trkpt>
   <trkpt lat="45.6389960" lon="4.6156040">
    <ele>631.0</ele>
   </trkpt>
   <trkpt lat="45.6390080" lon="4.6156540">
    <ele>631.0</ele>
   </trkpt>
   <trkpt lat="45.6390200" lon="4.6157040">
    <ele>632.0</ele>
   </trkpt>
   <trkpt lat="45.6390320" lon="4.6157530">
    <ele>632.0</ele>
   </trkpt>
   <trkpt lat="45.6390440" lon="4.6158020">
    <ele>633.0</ele>
   </trkpt>
   <trkpt lat="45.6390580" lon="4.6158500">
    <ele>633.0</ele>
   </trkpt>
   <trkpt lat="45.6390710" lon="4.6158970">
    <ele>633.0</ele>
   </trkpt>
   <trkpt lat="45.6390840" lon="4.6159410">
    <ele>633.0</ele>
   </trkpt>
   <trkpt lat="45.6390970" lon="4.6159860">
    <ele>633.0</ele>
   </trkpt>
   <trkpt lat="45.6391080" lon="4.6160320">
    <ele>634.0</ele>
   </trkpt>
   <trkpt lat="45.6391180" lon="4.6160770">
    <ele>634.0</ele>
   </trkpt>
   <trkpt lat="45.6391260" lon="4.6161250">
    <ele>634.0</ele>
   </trkpt>
   <trkpt lat="45.6391340" lon="4.6161730">
    <ele>635.0</ele>
   </trkpt>
   <trkpt lat="45.6391350" lon="4.6162220">
    <ele>635.0</ele>
   </trkpt>
   <trkpt lat="45.6391350" lon="4.6162720">
    <ele>636.0</ele>
   </trkpt>
   <trkpt lat="45.6391260" lon="4.6163220">
    <ele>636.0</ele>
   </trkpt>
   <trkpt lat="45.6391170" lon="4.6163720">
    <ele>636.0</ele>
   </trkpt>
   <trkpt lat="45.6391030" lon="4.6164230">
    <ele>637.0</ele>
   </trkpt>
   <trkpt lat="45.6390900" lon="4.6164750">
    <ele>637.0</ele>
   </trkpt>
   <trkpt lat="45.6390750" lon="4.6165310">
    <ele>638.0</ele>
   </trkpt>
   <trkpt lat="45.6390600" lon="4.6165870">
    <ele>638.0</ele>
   </trkpt>
   <trkpt lat="45.6390470" lon="4.6166450">
    <ele>638.0</ele>
   </trkpt>
   <trkpt lat="45.6390340" lon="4.6167030">
    <ele>638.0</ele>
   </trkpt>
   <trkpt lat="45.6390240" lon="4.6167620">
    <ele>638.0</ele>
   </trkpt>
   <trkpt lat="45.6390140" lon="4.6168210">
    <ele>638.0</ele>
   </trkpt>
   <trkpt lat="45.6390070" lon="4.6168790">
    <ele>638.0</ele>
   </trkpt>
   <trkpt lat="45.6390000" lon="4.6169370">
    <ele>638.0</ele>
   </trkpt>
   <trkpt lat="45.6389940" lon="4.6169940">
    <ele>638.0</ele>
   </trkpt>
   <trkpt lat="45.6389880" lon="4.6170510">
    <ele>638.0</ele>
   </trkpt>
   <trkpt lat="45.6389820" lon="4.6171070">
    <ele>638.0</ele>
   </trkpt>
   <trkpt lat="45.6389750" lon="4.6171630">
    <ele>638.0</ele>
   </trkpt>
   <trkpt lat="45.6389670" lon="4.6172200">
    <ele>638.0</ele>
   </trkpt>
   <trkpt lat="45.6389600" lon="4.6172760">
    <ele>638.0</ele>
   </trkpt>
   <trkpt lat="45.6389530" lon="4.6173340">
    <ele>638.0</ele>
   </trkpt>
   <trkpt lat="45.6389450" lon="4.6173920">
    <ele>638.0</ele>
   </trkpt>
   <trkpt lat="45.6389360" lon="4.6174500">
    <ele>638.0</ele>
   </trkpt>
   <trkpt lat="45.6389270" lon="4.6175080">
    <ele>638.0</ele>
   </trkpt>
   <trkpt lat="45.6389160" lon="4.6175640">
    <ele>638.0</ele>
   </trkpt>
   <trkpt lat="45.6389060" lon="4.6176200">
    <ele>638.0</ele>
   </trkpt>
   <trkpt lat="45.6388930" lon="4.6176750">
    <ele>638.0</ele>
   </trkpt>
   <trkpt lat="45.6388800" lon="4.6177290">
    <ele>637.0</ele>
   </trkpt>
   <trkpt lat="45.6388670" lon="4.6177820">
    <ele>637.0</ele>
   </trkpt>
   <trkpt lat="45.6388530" lon="4.6178350">
    <ele>637.0</ele>
   </trkpt>
   <trkpt lat="45.6388400" lon="4.6178880">
    <ele>637.0</ele>
   </trkpt>
   <trkpt lat="45.6388270" lon="4.6179410">
    <ele>637.0</ele>
   </trkpt>
   <trkpt lat="45.6388130" lon="4.6179920">
    <ele>637.0</ele>
   </trkpt>
   <trkpt lat="45.6387990" lon="4.6180440">
    <ele>637.0</ele>
   </trkpt>
   <trkpt lat="45.6387870" lon="4.6180950">
    <ele>637.0</ele>
   </trkpt>
   <trkpt lat="45.6387750" lon="4.6181460">
    <ele>637.0</ele>
   </trkpt>
   <trkpt lat="45.6387640" lon="4.6181970">
    <ele>637.0</ele>
   </trkpt>
   <trkpt lat="45.6387540" lon="4.6182480">
    <ele>637.0</ele>
   </trkpt>
   <trkpt lat="45.6387460" lon="4.6182980">
    <ele>637.0</ele>
   </trkpt>
   <trkpt lat="45.6387370" lon="4.6183480">
    <ele>637.0</ele>
   </trkpt>
   <trkpt lat="45.6387280" lon="4.6183980">
    <ele>637.0</ele>
   </trkpt>
   <trkpt lat="45.6387190" lon="4.6184480">
    <ele>638.0</ele>
   </trkpt>
   <trkpt lat="45.6387080" lon="4.6184990">
    <ele>638.0</ele>
   </trkpt>
   <trkpt lat="45.6386980" lon="4.6185490">
    <ele>638.0</ele>
   </trkpt>
   <trkpt lat="45.6386890" lon="4.6186010">
    <ele>638.0</ele>
   </trkpt>
   <trkpt lat="45.6386810" lon="4.6186520">
    <ele>638.0</ele>
   </trkpt>
   <trkpt lat="45.6386790" lon="4.6187070">
    <ele>639.0</ele>
   </trkpt>
   <trkpt lat="45.6386770" lon="4.6187610">
    <ele>638.0</ele>
   </trkpt>
   <trkpt lat="45.6386810" lon="4.6188180">
    <ele>638.0</ele>
   </trkpt>
   <trkpt lat="45.6386850" lon="4.6188760">
    <ele>638.0</ele>
   </trkpt>
   <trkpt lat="45.6386980" lon="4.6189340">
    <ele>638.0</ele>
   </trkpt>
   <trkpt lat="45.6387100" lon="4.6189920">
    <ele>638.0</ele>
   </trkpt>
   <trkpt lat="45.6387320" lon="4.6190490">
    <ele>637.0</ele>
   </trkpt>
   <trkpt lat="45.6387550" lon="4.6191060">
    <ele>637.0</ele>
   </trkpt>
   <trkpt lat="45.6387810" lon="4.6191640">
    <ele>637.0</ele>
   </trkpt>
   <trkpt lat="45.6388070" lon="4.6192210">
    <ele>637.0</ele>
   </trkpt>
   <trkpt lat="45.6388300" lon="4.6192770">
    <ele>637.0</ele>
   </trkpt>
   <trkpt lat="45.6388540" lon="4.6193340">
    <ele>636.0</ele>
   </trkpt>
   <trkpt lat="45.6388760" lon="4.6193900">
    <ele>635.0</ele>
   </trkpt>
   <trkpt lat="45.6388980" lon="4.6194470">
    <ele>635.0</ele>
   </trkpt>
   <trkpt lat="45.6389170" lon="4.6195060">
    <ele>634.0</ele>
   </trkpt>
   <trkpt lat="45.6389360" lon="4.6195640">
    <ele>634.0</ele>
   </trkpt>
   <trkpt lat="45.6389510" lon="4.6196240">
    <ele>634.0</ele>
   </trkpt>
   <trkpt lat="45.6389660" lon="4.6196840">
    <ele>634.0</ele>
   </trkpt>
   <trkpt lat="45.6389750" lon="4.6197450">
    <ele>634.0</ele>
   </trkpt>
   <trkpt lat="45.6389840" lon="4.6198060">
    <ele>634.0</ele>
   </trkpt>
   <trkpt lat="45.6389860" lon="4.6198680">
    <ele>634.0</ele>
   </trkpt>
   <trkpt lat="45.6389870" lon="4.6199300">
    <ele>633.0</ele>
   </trkpt>
   <trkpt lat="45.6389800" lon="4.6199900">
    <ele>633.0</ele>
   </trkpt>
   <trkpt lat="45.6389740" lon="4.6200490">
    <ele>632.0</ele>
   </trkpt>
   <trkpt lat="45.6389590" lon="4.6201060">
    <ele>632.0</ele>
   </trkpt>
   <trkpt lat="45.6389450" lon="4.6201640">
    <ele>632.0</ele>
   </trkpt>
   <trkpt lat="45.6389230" lon="4.6202170">
    <ele>632.0</ele>
   </trkpt>
   <trkpt lat="45.6389000" lon="4.6202700">
    <ele>632.0</ele>
   </trkpt>
   <trkpt lat="45.6388730" lon="4.6203200">
    <ele>632.0</ele>
   </trkpt>
   <trkpt lat="45.6388460" lon="4.6203700">
    <ele>632.0</ele>
   </trkpt>
   <trkpt lat="45.6388190" lon="4.6204190">
    <ele>632.0</ele>
   </trkpt>
   <trkpt lat="45.6387920" lon="4.6204680">
    <ele>632.0</ele>
   </trkpt>
   <trkpt lat="45.6387680" lon="4.6205170">
    <ele>632.0</ele>
   </trkpt>
   <trkpt lat="45.6387440" lon="4.6205650">
    <ele>632.0</ele>
   </trkpt>
   <trkpt lat="45.6387180" lon="4.6206110">
    <ele>632.0</ele>
   </trkpt>
   <trkpt lat="45.6386930" lon="4.6206560">
    <ele>632.0</ele>
   </trkpt>
   <trkpt lat="45.6386650" lon="4.6207010">
    <ele>632.0</ele>
   </trkpt>
   <trkpt lat="45.6386360" lon="4.6207450">
    <ele>632.0</ele>
   </trkpt>
   <trkpt lat="45.6386040" lon="4.6207880">
    <ele>632.0</ele>
   </trkpt>
   <trkpt lat="45.6385720" lon="4.6208300">
    <ele>632.0</ele>
   </trkpt>
   <trkpt lat="45.6385390" lon="4.6208710">
    <ele>632.0</ele>
   </trkpt>
   <trkpt lat="45.6385060" lon="4.6209120">
    <ele>631.0</ele>
   </trkpt>
   <trkpt lat="45.6384730" lon="4.6209550">
    <ele>631.0</ele>
   </trkpt>
   <trkpt lat="45.6384390" lon="4.6209970">
    <ele>631.0</ele>
   </trkpt>
   <trkpt lat="45.6384060" lon="4.6210410">
    <ele>631.0</ele>
   </trkpt>
   <trkpt lat="45.6383730" lon="4.6210850">
    <ele>631.0</ele>
   </trkpt>
   <trkpt lat="45.6383400" lon="4.6211290">
    <ele>631.0</ele>
   </trkpt>
   <trkpt lat="45.6383080" lon="4.6211730">
    <ele>631.0</ele>
   </trkpt>
   <trkpt lat="45.6382790" lon="4.6212180">
    <ele>631.0</ele>
   </trkpt>
   <trkpt lat="45.6382500" lon="4.6212630">
    <ele>631.0</ele>
   </trkpt>
   <trkpt lat="45.6382250" lon="4.6213090">
    <ele>631.0</ele>
   </trkpt>
   <trkpt lat="45.6382000" lon="4.6213550">
    <ele>630.0</ele>
   </trkpt>
   <trkpt lat="45.6381740" lon="4.6214030">
    <ele>630.0</ele>
   </trkpt>
   <trkpt lat="45.6381490" lon="4.6214510">
    <ele>630.0</ele>
   </trkpt>
   <trkpt lat="45.6381210" lon="4.6215010">
    <ele>630.0</ele>
   </trkpt>
   <trkpt lat="45.6380940" lon="4.6215500">
    <ele>630.0</ele>
   </trkpt>
   <trkpt lat="45.6380680" lon="4.6216030">
    <ele>630.0</ele>
   </trkpt>
   <trkpt lat="45.6380410" lon="4.6216570">
    <ele>630.0</ele>
   </trkpt>
   <trkpt lat="45.6380170" lon="4.6217110">
    <ele>630.0</ele>
   </trkpt>
   <trkpt lat="45.6379930" lon="4.6217660">
    <ele>630.0</ele>
   </trkpt>
   <trkpt lat="45.6379700" lon="4.6218210">
    <ele>630.0</ele>
   </trkpt>
   <trkpt lat="45.6379470" lon="4.6218760">
    <ele>629.0</ele>
   </trkpt>
   <trkpt lat="45.6379250" lon="4.6219290">
    <ele>629.0</ele>
   </trkpt>
   <trkpt lat="45.6379020" lon="4.6219820">
    <ele>629.0</ele>
   </trkpt>
   <trkpt lat="45.6378790" lon="4.6220320">
    <ele>629.0</ele>
   </trkpt>
   <trkpt lat="45.6378560" lon="4.6220820">
    <ele>629.0</ele>
   </trkpt>
   <trkpt lat="45.6378310" lon="4.6221310">
    <ele>629.0</ele>
   </trkpt>
   <trkpt lat="45.6378060" lon="4.6221800">
    <ele>629.0</ele>
   </trkpt>
   <trkpt lat="45.6377790" lon="4.6222280">
    <ele>629.0</ele>
   </trkpt>
   <trkpt lat="45.6377530" lon="4.6222750">
    <ele>629.0</ele>
   </trkpt>
   <trkpt lat="45.6377260" lon="4.6223220">
    <ele>629.0</ele>
   </trkpt>
   <trkpt lat="45.6377000" lon="4.6223700">
    <ele>628.0</ele>
   </trkpt>
   <trkpt lat="45.6376740" lon="4.6224160">
    <ele>628.0</ele>
   </trkpt>
   <trkpt lat="45.6376480" lon="4.6224620">
    <ele>628.0</ele>
   </trkpt>
   <trkpt lat="45.6376220" lon="4.6225080">
    <ele>628.0</ele>
   </trkpt>
   <trkpt lat="45.6375970" lon="4.6225540">
    <ele>628.0</ele>
   </trkpt>
   <trkpt lat="45.6375710" lon="4.6226000">
    <ele>628.0</ele>
   </trkpt>
   <trkpt lat="45.6375460" lon="4.6226470">
    <ele>628.0</ele>
   </trkpt>
   <trkpt lat="45.6375190" lon="4.6226920">
    <ele>628.0</ele>
   </trkpt>
   <trkpt lat="45.6374930" lon="4.6227380">
    <ele>628.0</ele>
   </trkpt>
   <trkpt lat="45.6374630" lon="4.6227830">
    <ele>628.0</ele>
   </trkpt>
   <trkpt lat="45.6374330" lon="4.6228290">
    <ele>628.0</ele>
   </trkpt>
   <trkpt lat="45.6374040" lon="4.6228760">
    <ele>628.0</ele>
   </trkpt>
   <trkpt lat="45.6373750" lon="4.6229230">
    <ele>628.0</ele>
   </trkpt>
   <trkpt lat="45.6373490" lon="4.6229740">
    <ele>628.0</ele>
   </trkpt>
   <trkpt lat="45.6373220" lon="4.6230250">
    <ele>628.0</ele>
   </trkpt>
   <trkpt lat="45.6372990" lon="4.6230800">
    <ele>627.0</ele>
   </trkpt>
   <trkpt lat="45.6372770" lon="4.6231340">
    <ele>627.0</ele>
   </trkpt>
   <trkpt lat="45.6372560" lon="4.6231900">
    <ele>627.0</ele>
   </trkpt>
   <trkpt lat="45.6372360" lon="4.6232470">
    <ele>627.0</ele>
   </trkpt>
   <trkpt lat="45.6372190" lon="4.6233050">
    <ele>627.0</ele>
   </trkpt>
   <trkpt lat="45.6372020" lon="4.6233630">
    <ele>626.0</ele>
   </trkpt>
   <trkpt lat="45.6371910" lon="4.6234230">
    <ele>626.0</ele>
   </trkpt>
   <trkpt lat="45.6371800" lon="4.6234820">
    <ele>625.0</ele>
   </trkpt>
   <trkpt lat="45.6371800" lon="4.6235400">
    <ele>625.0</ele>
   </trkpt>
   <trkpt lat="45.6371810" lon="4.6235980">
    <ele>625.0</ele>
   </trkpt>
   <trkpt lat="45.6371950" lon="4.6236530">
    <ele>624.0</ele>
   </trkpt>
   <trkpt lat="45.6372100" lon="4.6237070">
    <ele>624.0</ele>
   </trkpt>
   <trkpt lat="45.6372350" lon="4.6237590">
    <ele>624.0</ele>
   </trkpt>
   <trkpt lat="45.6372600" lon="4.6238120">
    <ele>624.0</ele>
   </trkpt>
   <trkpt lat="45.6372910" lon="4.6238630">
    <ele>624.0</ele>
   </trkpt>
   <trkpt lat="45.6373210" lon="4.6239150">
    <ele>623.0</ele>
   </trkpt>
   <trkpt lat="45.6373470" lon="4.6239710">
    <ele>623.0</ele>
   </trkpt>
   <trkpt lat="45.6373740" lon="4.6240270">
    <ele>622.0</ele>
   </trkpt>
   <trkpt lat="45.6373900" lon="4.6240880">
    <ele>622.0</ele>
   </trkpt>
   <trkpt lat="45.6374070" lon="4.6241490">
    <ele>622.0</ele>
   </trkpt>
   <trkpt lat="45.6374120" lon="4.6242120">
    <ele>621.0</ele>
   </trkpt>
   <trkpt lat="45.6374160" lon="4.6242750">
    <ele>621.0</ele>
   </trkpt>
   <trkpt lat="45.6374060" lon="4.6243370">
    <ele>620.0</ele>
   </trkpt>
   <trkpt lat="45.6373960" lon="4.6243980">
    <ele>620.0</ele>
   </trkpt>
   <trkpt lat="45.6373800" lon="4.6244550">
    <ele>620.0</ele>
   </trkpt>
   <trkpt lat="45.6373630" lon="4.6245120">
    <ele>619.0</ele>
   </trkpt>
   <trkpt lat="45.6373490" lon="4.6245680">
    <ele>619.0</ele>
   </trkpt>
   <trkpt lat="45.6373350" lon="4.6246230">
    <ele>618.0</ele>
   </trkpt>
   <trkpt lat="45.6373210" lon="4.6246780">
    <ele>618.0</ele>
   </trkpt>
   <trkpt lat="45.6373070" lon="4.6247330">
    <ele>618.0</ele>
   </trkpt>
   <trkpt lat="45.6372880" lon="4.6247850">
    <ele>618.0</ele>
   </trkpt>
   <trkpt lat="45.6372690" lon="4.6248380">
    <ele>618.0</ele>
   </trkpt>
   <trkpt lat="45.6372400" lon="4.6248830">
    <ele>618.0</ele>
   </trkpt>
   <trkpt lat="45.6372120" lon="4.6249290">
    <ele>618.0</ele>
   </trkpt>
   <trkpt lat="45.6371750" lon="4.6249640">
    <ele>618.0</ele>
   </trkpt>
   <trkpt lat="45.6371380" lon="4.6250000">
    <ele>617.0</ele>
   </trkpt>
   <trkpt lat="45.6370980" lon="4.6250280">
    <ele>617.0</ele>
   </trkpt>
   <trkpt lat="45.6370580" lon="4.6250570">
    <ele>617.0</ele>
   </trkpt>
   <trkpt lat="45.6370210" lon="4.6250880">
    <ele>617.0</ele>
   </trkpt>
   <trkpt lat="45.6369840" lon="4.6251190">
    <ele>617.0</ele>
   </trkpt>
   <trkpt lat="45.6369550" lon="4.6251610">
    <ele>616.0</ele>
   </trkpt>
   <trkpt lat="45.6369270" lon="4.6252040">
    <ele>616.0</ele>
   </trkpt>
   <trkpt lat="45.6369070" lon="4.6252510">
    <ele>615.0</ele>
   </trkpt>
   <trkpt lat="45.6368880" lon="4.6252970">
    <ele>615.0</ele>
   </trkpt>
   <trkpt lat="45.6368770" lon="4.6253450">
    <ele>615.0</ele>
   </trkpt>
   <trkpt lat="45.6368660" lon="4.6253930">
    <ele>615.0</ele>
   </trkpt>
   <trkpt lat="45.6368560" lon="4.6254420">
    <ele>615.0</ele>
   </trkpt>
   <trkpt lat="45.6368460" lon="4.6254910">
    <ele>615.0</ele>
   </trkpt>
   <trkpt lat="45.6368310" lon="4.6255420">
    <ele>615.0</ele>
   </trkpt>
   <trkpt lat="45.6368160" lon="4.6255930">
    <ele>615.0</ele>
   </trkpt>
   <trkpt lat="45.6367940" lon="4.6256450">
    <ele>615.0</ele>
   </trkpt>
   <trkpt lat="45.6367730" lon="4.6256960">
    <ele>615.0</ele>
   </trkpt>
   <trkpt lat="45.6367490" lon="4.6257470">
    <ele>615.0</ele>
   </trkpt>
   <trkpt lat="45.6367240" lon="4.6257990">
    <ele>615.0</ele>
   </trkpt>
   <trkpt lat="45.6367000" lon="4.6258540">
    <ele>615.0</ele>
   </trkpt>
   <trkpt lat="45.6366750" lon="4.6259080">
    <ele>614.0</ele>
   </trkpt>
   <trkpt lat="45.6366550" lon="4.6259650">
    <ele>614.0</ele>
   </trkpt>
   <trkpt lat="45.6366350" lon="4.6260220">
    <ele>614.0</ele>
   </trkpt>
   <trkpt lat="45.6366170" lon="4.6260800">
    <ele>614.0</ele>
   </trkpt>
   <trkpt lat="45.6365990" lon="4.6261370">
    <ele>614.0</ele>
   </trkpt>
   <trkpt lat="45.6365810" lon="4.6261950">
    <ele>613.0</ele>
   </trkpt>
   <trkpt lat="45.6365630" lon="4.6262530">
    <ele>613.0</ele>
   </trkpt>
   <trkpt lat="45.6365460" lon="4.6263100">
    <ele>613.0</ele>
   </trkpt>
   <trkpt lat="45.6365290" lon="4.6263670">
    <ele>613.0</ele>
   </trkpt>
   <trkpt lat="45.6365100" lon="4.6264250">
    <ele>613.0</ele>
   </trkpt>
   <trkpt lat="45.6364910" lon="4.6264830">
    <ele>612.0</ele>
   </trkpt>
   <trkpt lat="45.6364700" lon="4.6265430">
    <ele>611.0</ele>
   </trkpt>
   <trkpt lat="45.6364490" lon="4.6266030">
    <ele>611.0</ele>
   </trkpt>
   <trkpt lat="45.6364290" lon="4.6266620">
    <ele>610.0</ele>
   </trkpt>
   <trkpt lat="45.6364090" lon="4.6267200">
    <ele>610.0</ele>
   </trkpt>
   <trkpt lat="45.6363890" lon="4.6267780">
    <ele>609.0</ele>
   </trkpt>
   <trkpt lat="45.6363690" lon="4.6268350">
    <ele>609.0</ele>
   </trkpt>
   <trkpt lat="45.6363480" lon="4.6268920">
    <ele>609.0</ele>
   </trkpt>
   <trkpt lat="45.6363280" lon="4.6269490">
    <ele>609.0</ele>
   </trkpt>
   <trkpt lat="45.6363020" lon="4.6270040">
    <ele>609.0</ele>
   </trkpt>
   <trkpt lat="45.6362770" lon="4.6270580">
    <ele>608.0</ele>
   </trkpt>
   <trkpt lat="45.6362440" lon="4.6271100">
    <ele>607.0</ele>
   </trkpt>
   <trkpt lat="45.6362120" lon="4.6271620">
    <ele>607.0</ele>
   </trkpt>
   <trkpt lat="45.6361760" lon="4.6272120">
    <ele>606.0</ele>
   </trkpt>
   <trkpt lat="45.6361400" lon="4.6272630">
    <ele>606.0</ele>
   </trkpt>
   <trkpt lat="45.6361040" lon="4.6273140">
    <ele>605.0</ele>
   </trkpt>
   <trkpt lat="45.6360680" lon="4.6273650">
    <ele>604.0</ele>
   </trkpt>
   <trkpt lat="45.6360360" lon="4.6274150">
    <ele>603.0</ele>
   </trkpt>
   <trkpt lat="45.6360030" lon="4.6274660">
    <ele>602.0</ele>
   </trkpt>
   <trkpt lat="45.6359740" lon="4.6275160">
    <ele>602.0</ele>
   </trkpt>
   <trkpt lat="45.6359440" lon="4.6275670">
    <ele>601.0</ele>
   </trkpt>
   <trkpt lat="45.6359170" lon="4.6276180">
    <ele>600.0</ele>
   </trkpt>
   <trkpt lat="45.6358900" lon="4.6276700">
    <ele>599.0</ele>
   </trkpt>
   <trkpt lat="45.6358670" lon="4.6277260">
    <ele>598.0</ele>
   </trkpt>
   <trkpt lat="45.6358450" lon="4.6277820">
    <ele>597.0</ele>
   </trkpt>
   <trkpt lat="45.6358270" lon="4.6278420">
    <ele>596.0</ele>
   </trkpt>
   <trkpt lat="45.6358090" lon="4.6279010">
    <ele>596.0</ele>
   </trkpt>
   <trkpt lat="45.6357990" lon="4.6279660">
    <ele>595.0</ele>
   </trkpt>
   <trkpt lat="45.6357880" lon="4.6280300">
    <ele>595.0</ele>
   </trkpt>
   <trkpt lat="45.6357840" lon="4.6280970">
    <ele>595.0</ele>
   </trkpt>
   <trkpt lat="45.6357790" lon="4.6281640">
    <ele>594.0</ele>
   </trkpt>
   <trkpt lat="45.6357750" lon="4.6282320">
    <ele>593.0</ele>
   </trkpt>
   <trkpt lat="45.6357720" lon="4.6282990">
    <ele>592.0</ele>
   </trkpt>
   <trkpt lat="45.6357700" lon="4.6283670">
    <ele>591.0</ele>
   </trkpt>
   <trkpt lat="45.6357670" lon="4.6284360">
    <ele>590.0</ele>
   </trkpt>
   <trkpt lat="45.6357640" lon="4.6285010">
    <ele>589.0</ele>
   </trkpt>
   <trkpt lat="45.6357600" lon="4.6285660">
    <ele>589.0</ele>
   </trkpt>
   <trkpt lat="45.6357510" lon="4.6286310">
    <ele>588.0</ele>
   </trkpt>
   <trkpt lat="45.6357420" lon="4.6286950">
    <ele>588.0</ele>
   </trkpt>
   <trkpt lat="45.6357260" lon="4.6287530">
    <ele>588.0</ele>
   </trkpt>
   <trkpt lat="45.6357090" lon="4.6288110">
    <ele>587.0</ele>
   </trkpt>
   <trkpt lat="45.6356860" lon="4.6288660">
    <ele>587.0</ele>
   </trkpt>
   <trkpt lat="45.6356620" lon="4.6289210">
    <ele>586.0</ele>
   </trkpt>
   <trkpt lat="45.6356350" lon="4.6289770">
    <ele>586.0</ele>
   </trkpt>
   <trkpt lat="45.6356080" lon="4.6290340">
    <ele>586.0</ele>
   </trkpt>
   <trkpt lat="45.6355810" lon="4.6290910">
    <ele>585.0</ele>
   </trkpt>
   <trkpt lat="45.6355540" lon="4.6291480">
    <ele>584.0</ele>
   </trkpt>
   <trkpt lat="45.6355280" lon="4.6291970">
    <ele>584.0</ele>
   </trkpt>
   <trkpt lat="45.6355020" lon="4.6292470">
    <ele>583.0</ele>
   </trkpt>
   <trkpt lat="45.6354810" lon="4.6292900">
    <ele>583.0</ele>
   </trkpt>
   <trkpt lat="45.6354600" lon="4.6293340">
    <ele>582.0</ele>
   </trkpt>
   <trkpt lat="45.6354600" lon="4.6293720">
    <ele>581.0</ele>
   </trkpt>
   <trkpt lat="45.6354600" lon="4.6294100">
    <ele>580.0</ele>
   </trkpt>
   <trkpt lat="45.6354850" lon="4.6294350">
    <ele>579.0</ele>
   </trkpt>
   <trkpt lat="45.6355110" lon="4.6294590">
    <ele>578.0</ele>
   </trkpt>
   <trkpt lat="45.6355500" lon="4.6294760">
    <ele>577.0</ele>
   </trkpt>
   <trkpt lat="45.6355880" lon="4.6294940">
    <ele>577.0</ele>
   </trkpt>
   <trkpt lat="45.6356290" lon="4.6295060">
    <ele>576.0</ele>
   </trkpt>
   <trkpt lat="45.6356690" lon="4.6295180">
    <ele>576.0</ele>
   </trkpt>
   <trkpt lat="45.6357070" lon="4.6295250">
    <ele>576.0</ele>
   </trkpt>
   <trkpt lat="45.6357440" lon="4.6295320">
    <ele>576.0</ele>
   </trkpt>
   <trkpt lat="45.6357790" lon="4.6295380">
    <ele>576.0</ele>
   </trkpt>
   <trkpt lat="45.6358140" lon="4.6295440">
    <ele>576.0</ele>
   </trkpt>
   <trkpt lat="45.6358500" lon="4.6295470">
    <ele>576.0</ele>
   </trkpt>
   <trkpt lat="45.6358850" lon="4.6295500">
    <ele>576.0</ele>
   </trkpt>
   <trkpt lat="45.6359210" lon="4.6295530">
    <ele>576.0</ele>
   </trkpt>
   <trkpt lat="45.6359570" lon="4.6295560">
    <ele>576.0</ele>
   </trkpt>
   <trkpt lat="45.6359930" lon="4.6295590">
    <ele>576.0</ele>
   </trkpt>
   <trkpt lat="45.6360300" lon="4.6295610">
    <ele>576.0</ele>
   </trkpt>
   <trkpt lat="45.6360680" lon="4.6295640">
    <ele>576.0</ele>
   </trkpt>
   <trkpt lat="45.6361060" lon="4.6295670">
    <ele>576.0</ele>
   </trkpt>
   <trkpt lat="45.6361440" lon="4.6295670">
    <ele>576.0</ele>
   </trkpt>
   <trkpt lat="45.6361820" lon="4.6295670">
    <ele>576.0</ele>
   </trkpt>
   <trkpt lat="45.6362180" lon="4.6295650">
    <ele>576.0</ele>
   </trkpt>
   <trkpt lat="45.6362540" lon="4.6295640">
    <ele>577.0</ele>
   </trkpt>
   <trkpt lat="45.6362880" lon="4.6295600">
    <ele>577.0</ele>
   </trkpt>
   <trkpt lat="45.6363220" lon="4.6295570">
    <ele>577.0</ele>
   </trkpt>
   <trkpt lat="45.6363570" lon="4.6295500">
    <ele>577.0</ele>
   </trkpt>
   <trkpt lat="45.6363920" lon="4.6295430">
    <ele>577.0</ele>
   </trkpt>
   <trkpt lat="45.6364290" lon="4.6295350">
    <ele>577.0</ele>
   </trkpt>
   <trkpt lat="45.6364670" lon="4.6295270">
    <ele>577.0</ele>
   </trkpt>
   <trkpt lat="45.6365060" lon="4.6295210">
    <ele>577.0</ele>
   </trkpt>
   <trkpt lat="45.6365450" lon="4.6295140">
    <ele>578.0</ele>
   </trkpt>
   <trkpt lat="45.6365850" lon="4.6295100">
    <ele>578.0</ele>
   </trkpt>
   <trkpt lat="45.6366250" lon="4.6295060">
    <ele>579.0</ele>
   </trkpt>
   <trkpt lat="45.6366650" lon="4.6295050">
    <ele>579.0</ele>
   </trkpt>
   <trkpt lat="45.6367060" lon="4.6295040">
    <ele>579.0</ele>
   </trkpt>
   <trkpt lat="45.6367450" lon="4.6295070">
    <ele>579.0</ele>
   </trkpt>
   <trkpt lat="45.6367840" lon="4.6295090">
    <ele>579.0</ele>
   </trkpt>
   <trkpt lat="45.6368220" lon="4.6295160">
    <ele>580.0</ele>
   </trkpt>
   <trkpt lat="45.6368590" lon="4.6295220">
    <ele>580.0</ele>
   </trkpt>
   <trkpt lat="45.6368970" lon="4.6295300">
    <ele>580.0</ele>
   </trkpt>
   <trkpt lat="45.6369350" lon="4.6295380">
    <ele>580.0</ele>
   </trkpt>
   <trkpt lat="45.6369750" lon="4.6295540">
    <ele>580.0</ele>
   </trkpt>
   <trkpt lat="45.6370150" lon="4.6295690">
    <ele>580.0</ele>
   </trkpt>
   <trkpt lat="45.6370530" lon="4.6295930">
    <ele>580.0</ele>
   </trkpt>
   <trkpt lat="45.6370910" lon="4.6296170">
    <ele>580.0</ele>
   </trkpt>
   <trkpt lat="45.6371230" lon="4.6296430">
    <ele>580.0</ele>
   </trkpt>
   <trkpt lat="45.6371540" lon="4.6296690">
    <ele>580.0</ele>
   </trkpt>
   <trkpt lat="45.6371840" lon="4.6296910">
    <ele>580.0</ele>
   </trkpt>
   <trkpt lat="45.6372130" lon="4.6297130">
    <ele>580.0</ele>
   </trkpt>
   <trkpt lat="45.6372440" lon="4.6297330">
    <ele>580.0</ele>
   </trkpt>
   <trkpt lat="45.6372750" lon="4.6297530">
    <ele>580.0</ele>
   </trkpt>
   <trkpt lat="45.6373070" lon="4.6297760">
    <ele>580.0</ele>
   </trkpt>
   <trkpt lat="45.6373400" lon="4.6297980">
    <ele>581.0</ele>
   </trkpt>
   <trkpt lat="45.6373710" lon="4.6298180">
    <ele>581.0</ele>
   </trkpt>
   <trkpt lat="45.6374030" lon="4.6298380">
    <ele>581.0</ele>
   </trkpt>
   <trkpt lat="45.6374330" lon="4.6298560">
    <ele>581.0</ele>
   </trkpt>
   <trkpt lat="45.6374640" lon="4.6298740">
    <ele>581.0</ele>
   </trkpt>
   <trkpt lat="45.6374940" lon="4.6298910">
    <ele>581.0</ele>
   </trkpt>
   <trkpt lat="45.6375240" lon="4.6299090">
    <ele>581.0</ele>
   </trkpt>
   <trkpt lat="45.6375510" lon="4.6299360">
    <ele>581.0</ele>
   </trkpt>
   <trkpt lat="45.6375790" lon="4.6299630">
    <ele>582.0</ele>
   </trkpt>
   <trkpt lat="45.6375960" lon="4.6299980">
    <ele>582.0</ele>
   </trkpt>
   <trkpt lat="45.6376140" lon="4.6300330">
    <ele>583.0</ele>
   </trkpt>
   <trkpt lat="45.6376260" lon="4.6300750">
    <ele>583.0</ele>
   </trkpt>
   <trkpt lat="45.6376380" lon="4.6301160">
    <ele>583.0</ele>
   </trkpt>
   <trkpt lat="45.6376470" lon="4.6301560">
    <ele>583.0</ele>
   </trkpt>
   <trkpt lat="45.6376560" lon="4.6301960">
    <ele>583.0</ele>
   </trkpt>
   <trkpt lat="45.6376650" lon="4.6302300">
    <ele>584.0</ele>
   </trkpt>
   <trkpt lat="45.6376740" lon="4.6302650">
    <ele>584.0</ele>
   </trkpt>
   <trkpt lat="45.6376850" lon="4.6302950">
    <ele>585.0</ele>
   </trkpt>
   <trkpt lat="45.6376970" lon="4.6303250">
    <ele>585.0</ele>
   </trkpt>
   <trkpt lat="45.6377080" lon="4.6303520">
    <ele>586.0</ele>
   </trkpt>
   <trkpt lat="45.6377190" lon="4.6303790">
    <ele>587.0</ele>
   </trkpt>
   <trkpt lat="45.6377290" lon="4.6304010">
    <ele>587.0</ele>
   </trkpt>
   <trkpt lat="45.6377380" lon="4.6304240">
    <ele>587.0</ele>
   </trkpt>
   <trkpt lat="45.6377470" lon="4.6304440">
    <ele>587.0</ele>
   </trkpt>
   <trkpt lat="45.6377560" lon="4.6304640">
    <ele>587.0</ele>
   </trkpt>
   <trkpt lat="45.6377680" lon="4.6304850">
    <ele>588.0</ele>
   </trkpt>
   <trkpt lat="45.6377790" lon="4.6305050">
    <ele>588.0</ele>
   </trkpt>
   <trkpt lat="45.6377910" lon="4.6305250">
    <ele>589.0</ele>
   </trkpt>
   <trkpt lat="45.6378020" lon="4.6305450">
    <ele>589.0</ele>
   </trkpt>
   <trkpt lat="45.6378130" lon="4.6305690">
    <ele>590.0</ele>
   </trkpt>
   <trkpt lat="45.6378240" lon="4.6305930">
    <ele>591.0</ele>
   </trkpt>
   <trkpt lat="45.6378340" lon="4.6306180">
    <ele>591.0</ele>
   </trkpt>
   <trkpt lat="45.6378440" lon="4.6306440">
    <ele>592.0</ele>
   </trkpt>
   <trkpt lat="45.6378530" lon="4.6306670">
    <ele>592.0</ele>
   </trkpt>
   <trkpt lat="45.6378610" lon="4.6306910">
    <ele>593.0</ele>
   </trkpt>
   <trkpt lat="45.6378700" lon="4.6307150">
    <ele>594.0</ele>
   </trkpt>
   <trkpt lat="45.6378780" lon="4.6307390">
    <ele>594.0</ele>
   </trkpt>
   <trkpt lat="45.6378870" lon="4.6307630">
    <ele>594.0</ele>
   </trkpt>
   <trkpt lat="45.6378960" lon="4.6307870">
    <ele>595.0</ele>
   </trkpt>
   <trkpt lat="45.6379060" lon="4.6308120">
    <ele>595.0</ele>
   </trkpt>
   <trkpt lat="45.6379160" lon="4.6308370">
    <ele>596.0</ele>
   </trkpt>
   <trkpt lat="45.6379260" lon="4.6308630">
    <ele>596.0</ele>
   </trkpt>
   <trkpt lat="45.6379370" lon="4.6308890">
    <ele>597.0</ele>
   </trkpt>
   <trkpt lat="45.6379480" lon="4.6309130">
    <ele>597.0</ele>
   </trkpt>
   <trkpt lat="45.6379580" lon="4.6309370">
    <ele>598.0</ele>
   </trkpt>
   <trkpt lat="45.6379700" lon="4.6309600">
    <ele>599.0</ele>
   </trkpt>
   <trkpt lat="45.6379810" lon="4.6309840">
    <ele>599.0</ele>
   </trkpt>
   <trkpt lat="45.6379940" lon="4.6310040">
    <ele>599.0</ele>
   </trkpt>
   <trkpt lat="45.6380080" lon="4.6310250">
    <ele>600.0</ele>
   </trkpt>
   <trkpt lat="45.6380250" lon="4.6310410">
    <ele>600.0</ele>
   </trkpt>
   <trkpt lat="45.6380430" lon="4.6310570">
    <ele>601.0</ele>
   </trkpt>
   <trkpt lat="45.6380610" lon="4.6310710">
    <ele>601.0</ele>
   </trkpt>
   <trkpt lat="45.6380790" lon="4.6310860">
    <ele>601.0</ele>
   </trkpt>
   <trkpt lat="45.6380950" lon="4.6310980">
    <ele>602.0</ele>
   </trkpt>
   <trkpt lat="45.6381120" lon="4.6311100">
    <ele>602.0</ele>
   </trkpt>
   <trkpt lat="45.6381290" lon="4.6311150">
    <ele>603.0</ele>
   </trkpt>
   <trkpt lat="45.6381460" lon="4.6311190">
    <ele>603.0</ele>
   </trkpt>
   <trkpt lat="45.6381650" lon="4.6311170">
    <ele>603.0</ele>
   </trkpt>
   <trkpt lat="45.6381840" lon="4.6311140">
    <ele>604.0</ele>
   </trkpt>
   <trkpt lat="45.6382030" lon="4.6311080">
    <ele>604.0</ele>
   </trkpt>
   <trkpt lat="45.6382230" lon="4.6311010">
    <ele>605.0</ele>
   </trkpt>
   <trkpt lat="45.6382420" lon="4.6310920">
    <ele>605.0</ele>
   </trkpt>
   <trkpt lat="45.6382610" lon="4.6310820">
    <ele>605.0</ele>
   </trkpt>
   <trkpt lat="45.6382790" lon="4.6310730">
    <ele>606.0</ele>
   </trkpt>
   <trkpt lat="45.6382970" lon="4.6310630">
    <ele>606.0</ele>
   </trkpt>
   <trkpt lat="45.6383150" lon="4.6310530">
    <ele>607.0</ele>
   </trkpt>
   <trkpt lat="45.6383340" lon="4.6310440">
    <ele>607.0</ele>
   </trkpt>
   <trkpt lat="45.6383520" lon="4.6310340">
    <ele>607.0</ele>
   </trkpt>
   <trkpt lat="45.6383690" lon="4.6310240">
    <ele>608.0</ele>
   </trkpt>
   <trkpt lat="45.6383880" lon="4.6310120">
    <ele>608.0</ele>
   </trkpt>
   <trkpt lat="45.6384080" lon="4.6310000">
    <ele>609.0</ele>
   </trkpt>
   <trkpt lat="45.6384260" lon="4.6309870">
    <ele>609.0</ele>
   </trkpt>
   <trkpt lat="45.6384450" lon="4.6309740">
    <ele>609.0</ele>
   </trkpt>
   <trkpt lat="45.6384640" lon="4.6309600">
    <ele>610.0</ele>
   </trkpt>
   <trkpt lat="45.6384830" lon="4.6309470">
    <ele>610.0</ele>
   </trkpt>
   <trkpt lat="45.6385030" lon="4.6309340">
    <ele>611.0</ele>
   </trkpt>
   <trkpt lat="45.6385220" lon="4.6309220">
    <ele>611.0</ele>
   </trkpt>
   <trkpt lat="45.6385410" lon="4.6309100">
    <ele>612.0</ele>
   </trkpt>
   <trkpt lat="45.6385590" lon="4.6308980">
    <ele>612.0</ele>
   </trkpt>
   <trkpt lat="45.6385770" lon="4.6308860">
    <ele>613.0</ele>
   </trkpt>
   <trkpt lat="45.6385950" lon="4.6308740">
    <ele>614.0</ele>
   </trkpt>
   <trkpt lat="45.6386130" lon="4.6308610">
    <ele>614.0</ele>
   </trkpt>
   <trkpt lat="45.6386320" lon="4.6308480">
    <ele>614.0</ele>
   </trkpt>
   <trkpt lat="45.6386500" lon="4.6308360">
    <ele>614.0</ele>
   </trkpt>
   <trkpt lat="45.6386680" lon="4.6308230">
    <ele>614.0</ele>
   </trkpt>
   <trkpt lat="45.6386860" lon="4.6308090">
    <ele>615.0</ele>
   </trkpt>
   <trkpt lat="45.6387050" lon="4.6307940">
    <ele>615.0</ele>
   </trkpt>
   <trkpt lat="45.6387260" lon="4.6307810">
    <ele>616.0</ele>
   </trkpt>
   <trkpt lat="45.6387470" lon="4.6307670">
    <ele>616.0</ele>
   </trkpt>
   <trkpt lat="45.6387690" lon="4.6307570">
    <ele>617.0</ele>
   </trkpt>
   <trkpt lat="45.6387910" lon="4.6307470">
    <ele>618.0</ele>
   </trkpt>
   <trkpt lat="45.6388140" lon="4.6307410">
    <ele>618.0</ele>
   </trkpt>
   <trkpt lat="45.6388370" lon="4.6307340">
    <ele>618.0</ele>
   </trkpt>
   <trkpt lat="45.6388590" lon="4.6307300">
    <ele>618.0</ele>
   </trkpt>
   <trkpt lat="45.6388800" lon="4.6307260">
    <ele>618.0</ele>
   </trkpt>
   <trkpt lat="45.6389020" lon="4.6307220">
    <ele>619.0</ele>
   </trkpt>
   <trkpt lat="45.6389240" lon="4.6307190">
    <ele>619.0</ele>
   </trkpt>
   <trkpt lat="45.6389480" lon="4.6307150">
    <ele>619.0</ele>
   </trkpt>
   <trkpt lat="45.6389710" lon="4.6307100">
    <ele>620.0</ele>
   </trkpt>
   <trkpt lat="45.6389950" lon="4.6307050">
    <ele>620.0</ele>
   </trkpt>
   <trkpt lat="45.6390190" lon="4.6307000">
    <ele>621.0</ele>
   </trkpt>
   <trkpt lat="45.6390430" lon="4.6306920">
    <ele>621.0</ele>
   </trkpt>
   <trkpt lat="45.6390670" lon="4.6306850">
    <ele>621.0</ele>
   </trkpt>
   <trkpt lat="45.6390890" lon="4.6306770">
    <ele>622.0</ele>
   </trkpt>
   <trkpt lat="45.6391110" lon="4.6306690">
    <ele>622.0</ele>
   </trkpt>
   <trkpt lat="45.6391330" lon="4.6306630">
    <ele>623.0</ele>
   </trkpt>
   <trkpt lat="45.6391560" lon="4.6306570">
    <ele>623.0</ele>
   </trkpt>
   <trkpt lat="45.6391790" lon="4.6306500">
    <ele>623.0</ele>
   </trkpt>
   <trkpt lat="45.6392020" lon="4.6306430">
    <ele>624.0</ele>
   </trkpt>
   <trkpt lat="45.6392240" lon="4.6306330">
    <ele>624.0</ele>
   </trkpt>
   <trkpt lat="45.6392470" lon="4.6306230">
    <ele>625.0</ele>
   </trkpt>
   <trkpt lat="45.6392700" lon="4.6306120">
    <ele>625.0</ele>
   </trkpt>
   <trkpt lat="45.6392930" lon="4.6306010">
    <ele>625.0</ele>
   </trkpt>
   <trkpt lat="45.6393170" lon="4.6305890">
    <ele>625.0</ele>
   </trkpt>
   <trkpt lat="45.6393420" lon="4.6305780">
    <ele>625.0</ele>
   </trkpt>
   <trkpt lat="45.6393670" lon="4.6305670">
    <ele>626.0</ele>
   </trkpt>
   <trkpt lat="45.6393930" lon="4.6305550">
    <ele>626.0</ele>
   </trkpt>
   <trkpt lat="45.6394190" lon="4.6305430">
    <ele>626.0</ele>
   </trkpt>
   <trkpt lat="45.6394450" lon="4.6305310">
    <ele>627.0</ele>
   </trkpt>
   <trkpt lat="45.6394690" lon="4.6305170">
    <ele>627.0</ele>
   </trkpt>
   <trkpt lat="45.6394940" lon="4.6305040">
    <ele>628.0</ele>
   </trkpt>
   <trkpt lat="45.6395170" lon="4.6304910">
    <ele>628.0</ele>
   </trkpt>
   <trkpt lat="45.6395400" lon="4.6304780">
    <ele>628.0</ele>
   </trkpt>
   <trkpt lat="45.6395640" lon="4.6304670">
    <ele>629.0</ele>
   </trkpt>
   <trkpt lat="45.6395870" lon="4.6304560">
    <ele>629.0</ele>
   </trkpt>
   <trkpt lat="45.6396120" lon="4.6304460">
    <ele>630.0</ele>
   </trkpt>
   <trkpt lat="45.6396380" lon="4.6304350">
    <ele>630.0</ele>
   </trkpt>
   <trkpt lat="45.6396630" lon="4.6304240">
    <ele>630.0</ele>
   </trkpt>
   <trkpt lat="45.6396880" lon="4.6304120">
    <ele>631.0</ele>
   </trkpt>
   <trkpt lat="45.6397130" lon="4.6304020">
    <ele>631.0</ele>
   </trkpt>
   <trkpt lat="45.6397380" lon="4.6303920">
    <ele>632.0</ele>
   </trkpt>
   <trkpt lat="45.6397620" lon="4.6303810">
    <ele>632.0</ele>
   </trkpt>
   <trkpt lat="45.6397870" lon="4.6303710">
    <ele>632.0</ele>
   </trkpt>
   <trkpt lat="45.6398100" lon="4.6303580">
    <ele>632.0</ele>
   </trkpt>
   <trkpt lat="45.6398340" lon="4.6303450">
    <ele>632.0</ele>
   </trkpt>
   <trkpt lat="45.6398560" lon="4.6303300">
    <ele>633.0</ele>
   </trkpt>
   <trkpt lat="45.6398790" lon="4.6303140">
    <ele>633.0</ele>
   </trkpt>
   <trkpt lat="45.6399010" lon="4.6302970">
    <ele>633.0</ele>
   </trkpt>
   <trkpt lat="45.6399230" lon="4.6302800">
    <ele>633.0</ele>
   </trkpt>
   <trkpt lat="45.6399450" lon="4.6302660">
    <ele>633.0</ele>
   </trkpt>
   <trkpt lat="45.6399680" lon="4.6302510">
    <ele>634.0</ele>
   </trkpt>
   <trkpt lat="45.6399950" lon="4.6302400">
    <ele>634.0</ele>
   </trkpt>
   <trkpt lat="45.6400220" lon="4.6302280">
    <ele>634.0</ele>
   </trkpt>
   <trkpt lat="45.6400530" lon="4.6302170">
    <ele>634.0</ele>
   </trkpt>
   <trkpt lat="45.6400840" lon="4.6302060">
    <ele>634.0</ele>
   </trkpt>
   <trkpt lat="45.6401180" lon="4.6301920">
    <ele>635.0</ele>
   </trkpt>
   <trkpt lat="45.6401520" lon="4.6301780">
    <ele>635.0</ele>
   </trkpt>
   <trkpt lat="45.6401870" lon="4.6301620">
    <ele>635.0</ele>
   </trkpt>
   <trkpt lat="45.6402230" lon="4.6301460">
    <ele>635.0</ele>
   </trkpt>
   <trkpt lat="45.6402590" lon="4.6301270">
    <ele>635.0</ele>
   </trkpt>
   <trkpt lat="45.6402960" lon="4.6301080">
    <ele>636.0</ele>
   </trkpt>
   <trkpt lat="45.6403330" lon="4.6300900">
    <ele>636.0</ele>
   </trkpt>
   <trkpt lat="45.6403700" lon="4.6300720">
    <ele>636.0</ele>
   </trkpt>
   <trkpt lat="45.6404070" lon="4.6300540">
    <ele>636.0</ele>
   </trkpt>
   <trkpt lat="45.6404450" lon="4.6300350">
    <ele>636.0</ele>
   </trkpt>
   <trkpt lat="45.6404860" lon="4.6300180">
    <ele>636.0</ele>
   </trkpt>
   <trkpt lat="45.6405280" lon="4.6300000">
    <ele>635.0</ele>
   </trkpt>
   <trkpt lat="45.6405710" lon="4.6299820">
    <ele>635.0</ele>
   </trkpt>
   <trkpt lat="45.6406130" lon="4.6299640">
    <ele>635.0</ele>
   </trkpt>
   <trkpt lat="45.6406540" lon="4.6299440">
    <ele>635.0</ele>
   </trkpt>
   <trkpt lat="45.6406940" lon="4.6299250">
    <ele>635.0</ele>
   </trkpt>
   <trkpt lat="45.6407330" lon="4.6299020">
    <ele>634.0</ele>
   </trkpt>
   <trkpt lat="45.6407720" lon="4.6298800">
    <ele>634.0</ele>
   </trkpt>
   <trkpt lat="45.6408080" lon="4.6298550">
    <ele>634.0</ele>
   </trkpt>
   <trkpt lat="45.6408440" lon="4.6298300">
    <ele>634.0</ele>
   </trkpt>
   <trkpt lat="45.6408790" lon="4.6298030">
    <ele>634.0</ele>
   </trkpt>
   <trkpt lat="45.6409150" lon="4.6297770">
    <ele>634.0</ele>
   </trkpt>
   <trkpt lat="45.6409500" lon="4.6297490">
    <ele>634.0</ele>
   </trkpt>
   <trkpt lat="45.6409850" lon="4.6297210">
    <ele>634.0</ele>
   </trkpt>
   <trkpt lat="45.6410180" lon="4.6296920">
    <ele>634.0</ele>
   </trkpt>
   <trkpt lat="45.6410520" lon="4.6296630">
    <ele>634.0</ele>
   </trkpt>
   <trkpt lat="45.6410870" lon="4.6296350">
    <ele>633.0</ele>
   </trkpt>
   <trkpt lat="45.6411210" lon="4.6296080">
    <ele>633.0</ele>
   </trkpt>
   <trkpt lat="45.6411550" lon="4.6295800">
    <ele>632.0</ele>
   </trkpt>
   <trkpt lat="45.6411890" lon="4.6295530">
    <ele>632.0</ele>
   </trkpt>
   <trkpt lat="45.6412220" lon="4.6295290">
    <ele>632.0</ele>
   </trkpt>
   <trkpt lat="45.6412550" lon="4.6295050">
    <ele>632.0</ele>
   </trkpt>
   <trkpt lat="45.6412890" lon="4.6294830">
    <ele>632.0</ele>
   </trkpt>
   <trkpt lat="45.6413230" lon="4.6294600">
    <ele>632.0</ele>
   </trkpt>
   <trkpt lat="45.6413610" lon="4.6294410">
    <ele>632.0</ele>
   </trkpt>
   <trkpt lat="45.6413990" lon="4.6294220">
    <ele>632.0</ele>
   </trkpt>
   <trkpt lat="45.6414400" lon="4.6294010">
    <ele>631.0</ele>
   </trkpt>
   <trkpt lat="45.6414820" lon="4.6293810">
    <ele>631.0</ele>
   </trkpt>
   <trkpt lat="45.6415240" lon="4.6293580">
    <ele>631.0</ele>
   </trkpt>
   <trkpt lat="45.6415670" lon="4.6293340">
    <ele>631.0</ele>
   </trkpt>
   <trkpt lat="45.6416100" lon="4.6293110">
    <ele>631.0</ele>
   </trkpt>
   <trkpt lat="45.6416530" lon="4.6292870">
    <ele>631.0</ele>
   </trkpt>
   <trkpt lat="45.6416950" lon="4.6292680">
    <ele>631.0</ele>
   </trkpt>
   <trkpt lat="45.6417380" lon="4.6292480">
    <ele>631.0</ele>
   </trkpt>
   <trkpt lat="45.6417780" lon="4.6292300">
    <ele>631.0</ele>
   </trkpt>
   <trkpt lat="45.6418180" lon="4.6292120">
    <ele>631.0</ele>
   </trkpt>
   <trkpt lat="45.6418580" lon="4.6291910">
    <ele>631.0</ele>
   </trkpt>
   <trkpt lat="45.6418980" lon="4.6291700">
    <ele>631.0</ele>
   </trkpt>
   <trkpt lat="45.6419390" lon="4.6291470">
    <ele>631.0</ele>
   </trkpt>
   <trkpt lat="45.6419800" lon="4.6291230">
    <ele>631.0</ele>
   </trkpt>
   <trkpt lat="45.6420230" lon="4.6290980">
    <ele>631.0</ele>
   </trkpt>
   <trkpt lat="45.6420670" lon="4.6290740">
    <ele>630.0</ele>
   </trkpt>
   <trkpt lat="45.6421100" lon="4.6290490">
    <ele>630.0</ele>
   </trkpt>
   <trkpt lat="45.6421540" lon="4.6290240">
    <ele>629.0</ele>
   </trkpt>
   <trkpt lat="45.6421950" lon="4.6289980">
    <ele>629.0</ele>
   </trkpt>
   <trkpt lat="45.6422360" lon="4.6289730">
    <ele>629.0</ele>
   </trkpt>
   <trkpt lat="45.6422760" lon="4.6289470">
    <ele>628.0</ele>
   </trkpt>
   <trkpt lat="45.6423170" lon="4.6289220">
    <ele>628.0</ele>
   </trkpt>
   <trkpt lat="45.6423580" lon="4.6288930">
    <ele>627.0</ele>
   </trkpt>
   <trkpt lat="45.6423980" lon="4.6288640">
    <ele>627.0</ele>
   </trkpt>
   <trkpt lat="45.6424400" lon="4.6288350">
    <ele>627.0</ele>
   </trkpt>
   <trkpt lat="45.6424810" lon="4.6288060">
    <ele>626.0</ele>
   </trkpt>
   <trkpt lat="45.6425220" lon="4.6287770">
    <ele>626.0</ele>
   </trkpt>
   <trkpt lat="45.6425630" lon="4.6287490">
    <ele>625.0</ele>
   </trkpt>
   <trkpt lat="45.6426030" lon="4.6287210">
    <ele>625.0</ele>
   </trkpt>
   <trkpt lat="45.6426440" lon="4.6286930">
    <ele>625.0</ele>
   </trkpt>
   <trkpt lat="45.6426830" lon="4.6286670">
    <ele>624.0</ele>
   </trkpt>
   <trkpt lat="45.6427220" lon="4.6286400">
    <ele>624.0</ele>
   </trkpt>
   <trkpt lat="45.6427580" lon="4.6286270">
    <ele>624.0</ele>
   </trkpt>
   <trkpt lat="45.6427940" lon="4.6286130">
    <ele>624.0</ele>
   </trkpt>
   <trkpt lat="45.6428250" lon="4.6286360">
    <ele>624.0</ele>
   </trkpt>
   <trkpt lat="45.6428550" lon="4.6286580">
    <ele>623.0</ele>
   </trkpt>
   <trkpt lat="45.6428780" lon="4.6287160">
    <ele>623.0</ele>
   </trkpt>
   <trkpt lat="45.6429010" lon="4.6287750">
    <ele>622.0</ele>
   </trkpt>
   <trkpt lat="45.6429180" lon="4.6288440">
    <ele>622.0</ele>
   </trkpt>
   <trkpt lat="45.6429350" lon="4.6289140">
    <ele>622.0</ele>
   </trkpt>
   <trkpt lat="45.6429500" lon="4.6289820">
    <ele>621.0</ele>
   </trkpt>
   <trkpt lat="45.6429650" lon="4.6290500">
    <ele>621.0</ele>
   </trkpt>
   <trkpt lat="45.6429810" lon="4.6291110">
    <ele>620.0</ele>
   </trkpt>
   <trkpt lat="45.6429980" lon="4.6291720">
    <ele>620.0</ele>
   </trkpt>
   <trkpt lat="45.6430160" lon="4.6292270">
    <ele>620.0</ele>
   </trkpt>
   <trkpt lat="45.6430340" lon="4.6292820">
    <ele>619.0</ele>
   </trkpt>
   <trkpt lat="45.6430530" lon="4.6293350">
    <ele>619.0</ele>
   </trkpt>
   <trkpt lat="45.6430720" lon="4.6293870">
    <ele>619.0</ele>
   </trkpt>
   <trkpt lat="45.6430890" lon="4.6294390">
    <ele>619.0</ele>
   </trkpt>
   <trkpt lat="45.6431070" lon="4.6294910">
    <ele>619.0</ele>
   </trkpt>
   <trkpt lat="45.6431240" lon="4.6295430">
    <ele>618.0</ele>
   </trkpt>
   <trkpt lat="45.6431420" lon="4.6295950">
    <ele>618.0</ele>
   </trkpt>
   <trkpt lat="45.6431580" lon="4.6296480">
    <ele>618.0</ele>
   </trkpt>
   <trkpt lat="45.6431740" lon="4.6297000">
    <ele>618.0</ele>
   </trkpt>
   <trkpt lat="45.6431880" lon="4.6297540">
    <ele>618.0</ele>
   </trkpt>
   <trkpt lat="45.6432020" lon="4.6298090">
    <ele>617.0</ele>
   </trkpt>
   <trkpt lat="45.6432160" lon="4.6298630">
    <ele>617.0</ele>
   </trkpt>
   <trkpt lat="45.6432290" lon="4.6299180">
    <ele>617.0</ele>
   </trkpt>
   <trkpt lat="45.6432420" lon="4.6299740">
    <ele>617.0</ele>
   </trkpt>
   <trkpt lat="45.6432550" lon="4.6300300">
    <ele>617.0</ele>
   </trkpt>
   <trkpt lat="45.6432650" lon="4.6300860">
    <ele>617.0</ele>
   </trkpt>
   <trkpt lat="45.6432750" lon="4.6301430">
    <ele>617.0</ele>
   </trkpt>
   <trkpt lat="45.6432810" lon="4.6301990">
    <ele>617.0</ele>
   </trkpt>
   <trkpt lat="45.6432870" lon="4.6302550">
    <ele>617.0</ele>
   </trkpt>
   <trkpt lat="45.6432910" lon="4.6303090">
    <ele>617.0</ele>
   </trkpt>
   <trkpt lat="45.6432960" lon="4.6303630">
    <ele>617.0</ele>
   </trkpt>
   <trkpt lat="45.6433020" lon="4.6304160">
    <ele>617.0</ele>
   </trkpt>
   <trkpt lat="45.6433080" lon="4.6304690">
    <ele>617.0</ele>
   </trkpt>
   <trkpt lat="45.6433170" lon="4.6305210">
    <ele>617.0</ele>
   </trkpt>
   <trkpt lat="45.6433260" lon="4.6305730">
    <ele>617.0</ele>
   </trkpt>
   <trkpt lat="45.6433370" lon="4.6306230">
    <ele>617.0</ele>
   </trkpt>
   <trkpt lat="45.6433480" lon="4.6306740">
    <ele>617.0</ele>
   </trkpt>
   <trkpt lat="45.6433610" lon="4.6307240">
    <ele>617.0</ele>
   </trkpt>
   <trkpt lat="45.6433740" lon="4.6307740">
    <ele>617.0</ele>
   </trkpt>
   <trkpt lat="45.6433830" lon="4.6308250">
    <ele>617.0</ele>
   </trkpt>
   <trkpt lat="45.6433930" lon="4.6308760">
    <ele>617.0</ele>
   </trkpt>
   <trkpt lat="45.6433920" lon="4.6309300">
    <ele>617.0</ele>
   </trkpt>
   <trkpt lat="45.6433910" lon="4.6309830">
    <ele>617.0</ele>
   </trkpt>
   <trkpt lat="45.6433800" lon="4.6310410">
    <ele>617.0</ele>
   </trkpt>
   <trkpt lat="45.6433690" lon="4.6310980">
    <ele>618.0</ele>
   </trkpt>
   <trkpt lat="45.6433550" lon="4.6311570">
    <ele>617.0</ele>
   </trkpt>
   <trkpt lat="45.6433410" lon="4.6312170">
    <ele>617.0</ele>
   </trkpt>
   <trkpt lat="45.6433280" lon="4.6312770">
    <ele>617.0</ele>
   </trkpt>
   <trkpt lat="45.6433150" lon="4.6313380">
    <ele>617.0</ele>
   </trkpt>
   <trkpt lat="45.6433040" lon="4.6314000">
    <ele>617.0</ele>
   </trkpt>
   <trkpt lat="45.6432930" lon="4.6314620">
    <ele>616.0</ele>
   </trkpt>
   <trkpt lat="45.6432860" lon="4.6315250">
    <ele>615.0</ele>
   </trkpt>
   <trkpt lat="45.6432790" lon="4.6315880">
    <ele>614.0</ele>
   </trkpt>
   <trkpt lat="45.6432770" lon="4.6316520">
    <ele>613.0</ele>
   </trkpt>
   <trkpt lat="45.6432740" lon="4.6317160">
    <ele>613.0</ele>
   </trkpt>
   <trkpt lat="45.6432760" lon="4.6317820">
    <ele>612.0</ele>
   </trkpt>
   <trkpt lat="45.6432790" lon="4.6318480">
    <ele>611.0</ele>
   </trkpt>
   <trkpt lat="45.6432860" lon="4.6319150">
    <ele>610.0</ele>
   </trkpt>
   <trkpt lat="45.6432940" lon="4.6319820">
    <ele>609.0</ele>
   </trkpt>
   <trkpt lat="45.6433060" lon="4.6320470">
    <ele>609.0</ele>
   </trkpt>
   <trkpt lat="45.6433170" lon="4.6321120">
    <ele>608.0</ele>
   </trkpt>
   <trkpt lat="45.6433300" lon="4.6321720">
    <ele>607.0</ele>
   </trkpt>
   <trkpt lat="45.6433420" lon="4.6322310">
    <ele>607.0</ele>
   </trkpt>
   <trkpt lat="45.6433490" lon="4.6322880">
    <ele>606.0</ele>
   </trkpt>
   <trkpt lat="45.6433570" lon="4.6323450">
    <ele>606.0</ele>
   </trkpt>
   <trkpt lat="45.6433560" lon="4.6324060">
    <ele>605.0</ele>
   </trkpt>
   <trkpt lat="45.6433550" lon="4.6324660">
    <ele>604.0</ele>
   </trkpt>
   <trkpt lat="45.6433440" lon="4.6325280">
    <ele>604.0</ele>
   </trkpt>
   <trkpt lat="45.6433340" lon="4.6325910">
    <ele>603.0</ele>
   </trkpt>
   <trkpt lat="45.6433200" lon="4.6326470">
    <ele>603.0</ele>
   </trkpt>
   <trkpt lat="45.6433060" lon="4.6327040">
    <ele>602.0</ele>
   </trkpt>
   <trkpt lat="45.6432870" lon="4.6327470">
    <ele>601.0</ele>
   </trkpt>
   <trkpt lat="45.6432680" lon="4.6327910">
    <ele>600.0</ele>
   </trkpt>
   <trkpt lat="45.6432530" lon="4.6328340">
    <ele>599.0</ele>
   </trkpt>
   <trkpt lat="45.6432380" lon="4.6328780">
    <ele>599.0</ele>
   </trkpt>
   <trkpt lat="45.6432340" lon="4.6329270">
    <ele>598.0</ele>
   </trkpt>
   <trkpt lat="45.6432290" lon="4.6329750">
    <ele>597.0</ele>
   </trkpt>
   <trkpt lat="45.6432280" lon="4.6330330">
    <ele>597.0</ele>
   </trkpt>
   <trkpt lat="45.6432280" lon="4.6330920">
    <ele>596.0</ele>
   </trkpt>
   <trkpt lat="45.6432260" lon="4.6331540">
    <ele>596.0</ele>
   </trkpt>
   <trkpt lat="45.6432250" lon="4.6332160">
    <ele>595.0</ele>
   </trkpt>
   <trkpt lat="45.6432250" lon="4.6332750">
    <ele>594.0</ele>
   </trkpt>
   <trkpt lat="45.6432260" lon="4.6333340">
    <ele>593.0</ele>
   </trkpt>
   <trkpt lat="45.6432270" lon="4.6333930">
    <ele>592.0</ele>
   </trkpt>
   <trkpt lat="45.6432280" lon="4.6334520">
    <ele>592.0</ele>
   </trkpt>
   <trkpt lat="45.6432320" lon="4.6335100">
    <ele>591.0</ele>
   </trkpt>
   <trkpt lat="45.6432360" lon="4.6335690">
    <ele>590.0</ele>
   </trkpt>
   <trkpt lat="45.6432370" lon="4.6336230">
    <ele>590.0</ele>
   </trkpt>
   <trkpt lat="45.6432370" lon="4.6336770">
    <ele>589.0</ele>
   </trkpt>
   <trkpt lat="45.6432220" lon="4.6337210">
    <ele>589.0</ele>
   </trkpt>
   <trkpt lat="45.6432060" lon="4.6337640">
    <ele>587.0</ele>
   </trkpt>
   <trkpt lat="45.6431740" lon="4.6337950">
    <ele>586.0</ele>
   </trkpt>
   <trkpt lat="45.6431420" lon="4.6338250">
    <ele>585.0</ele>
   </trkpt>
   <trkpt lat="45.6430990" lon="4.6338470">
    <ele>584.0</ele>
   </trkpt>
   <trkpt lat="45.6430570" lon="4.6338690">
    <ele>583.0</ele>
   </trkpt>
   <trkpt lat="45.6430120" lon="4.6338850">
    <ele>582.0</ele>
   </trkpt>
   <trkpt lat="45.6429670" lon="4.6339010">
    <ele>581.0</ele>
   </trkpt>
   <trkpt lat="45.6429250" lon="4.6339180">
    <ele>580.0</ele>
   </trkpt>
   <trkpt lat="45.6428830" lon="4.6339350">
    <ele>579.0</ele>
   </trkpt>
   <trkpt lat="45.6428520" lon="4.6339650">
    <ele>579.0</ele>
   </trkpt>
   <trkpt lat="45.6428200" lon="4.6339960">
    <ele>578.0</ele>
   </trkpt>
   <trkpt lat="45.6428000" lon="4.6340380">
    <ele>577.0</ele>
   </trkpt>
   <trkpt lat="45.6427790" lon="4.6340810">
    <ele>576.0</ele>
   </trkpt>
   <trkpt lat="45.6427650" lon="4.6341350">
    <ele>575.0</ele>
   </trkpt>
   <trkpt lat="45.6427510" lon="4.6341890">
    <ele>575.0</ele>
   </trkpt>
   <trkpt lat="45.6427400" lon="4.6342480">
    <ele>574.0</ele>
   </trkpt>
   <trkpt lat="45.6427290" lon="4.6343070">
    <ele>573.0</ele>
   </trkpt>
   <trkpt lat="45.6427200" lon="4.6343670">
    <ele>572.0</ele>
   </trkpt>
   <trkpt lat="45.6427120" lon="4.6344270">
    <ele>571.0</ele>
   </trkpt>
   <trkpt lat="45.6427020" lon="4.6344870">
    <ele>571.0</ele>
   </trkpt>
   <trkpt lat="45.6426920" lon="4.6345470">
    <ele>569.0</ele>
   </trkpt>
   <trkpt lat="45.6426740" lon="4.6346030">
    <ele>568.0</ele>
   </trkpt>
   <trkpt lat="45.6426560" lon="4.6346580">
    <ele>567.0</ele>
   </trkpt>
   <trkpt lat="45.6426290" lon="4.6347050">
    <ele>566.0</ele>
   </trkpt>
   <trkpt lat="45.6426010" lon="4.6347520">
    <ele>565.0</ele>
   </trkpt>
   <trkpt lat="45.6425690" lon="4.6347880">
    <ele>564.0</ele>
   </trkpt>
   <trkpt lat="45.6425360" lon="4.6348250">
    <ele>563.0</ele>
   </trkpt>
   <trkpt lat="45.6425070" lon="4.6348630">
    <ele>562.0</ele>
   </trkpt>
   <trkpt lat="45.6424780" lon="4.6349020">
    <ele>561.0</ele>
   </trkpt>
   <trkpt lat="45.6424530" lon="4.6349480">
    <ele>560.0</ele>
   </trkpt>
   <trkpt lat="45.6424290" lon="4.6349950">
    <ele>559.0</ele>
   </trkpt>
   <trkpt lat="45.6424080" lon="4.6350470">
    <ele>558.0</ele>
   </trkpt>
   <trkpt lat="45.6423860" lon="4.6350990">
    <ele>557.0</ele>
   </trkpt>
   <trkpt lat="45.6423630" lon="4.6351490">
    <ele>556.0</ele>
   </trkpt>
   <trkpt lat="45.6423400" lon="4.6352000">
    <ele>555.0</ele>
   </trkpt>
   <trkpt lat="45.6423130" lon="4.6352500">
    <ele>554.0</ele>
   </trkpt>
   <trkpt lat="45.6422860" lon="4.6353000">
    <ele>553.0</ele>
   </trkpt>
   <trkpt lat="45.6422580" lon="4.6353490">
    <ele>552.0</ele>
   </trkpt>
   <trkpt lat="45.6422310" lon="4.6353980">
    <ele>551.0</ele>
   </trkpt>
   <trkpt lat="45.6422030" lon="4.6354490">
    <ele>551.0</ele>
   </trkpt>
   <trkpt lat="45.6421750" lon="4.6355010">
    <ele>550.0</ele>
   </trkpt>
   <trkpt lat="45.6421450" lon="4.6355520">
    <ele>549.0</ele>
   </trkpt>
   <trkpt lat="45.6421160" lon="4.6356040">
    <ele>548.0</ele>
   </trkpt>
   <trkpt lat="45.6420790" lon="4.6356480">
    <ele>547.0</ele>
   </trkpt>
   <trkpt lat="45.6420420" lon="4.6356930">
    <ele>546.0</ele>
   </trkpt>
   <trkpt lat="45.6420020" lon="4.6357340">
    <ele>545.0</ele>
   </trkpt>
   <trkpt lat="45.6419630" lon="4.6357750">
    <ele>544.0</ele>
   </trkpt>
   <trkpt lat="45.6419290" lon="4.6358160">
    <ele>544.0</ele>
   </trkpt>
   <trkpt lat="45.6418950" lon="4.6358570">
    <ele>543.0</ele>
   </trkpt>
   <trkpt lat="45.6418670" lon="4.6359040">
    <ele>543.0</ele>
   </trkpt>
   <trkpt lat="45.6418390" lon="4.6359510">
    <ele>541.0</ele>
   </trkpt>
   <trkpt lat="45.6418110" lon="4.6359970">
    <ele>540.0</ele>
   </trkpt>
   <trkpt lat="45.6417840" lon="4.6360430">
    <ele>539.0</ele>
   </trkpt>
   <trkpt lat="45.6417610" lon="4.6360900">
    <ele>538.0</ele>
   </trkpt>
   <trkpt lat="45.6417380" lon="4.6361370">
    <ele>537.0</ele>
   </trkpt>
   <trkpt lat="45.6417240" lon="4.6361880">
    <ele>536.0</ele>
   </trkpt>
   <trkpt lat="45.6417110" lon="4.6362390">
    <ele>535.0</ele>
   </trkpt>
   <trkpt lat="45.6416990" lon="4.6362920">
    <ele>534.0</ele>
   </trkpt>
   <trkpt lat="45.6416870" lon="4.6363460">
    <ele>533.0</ele>
   </trkpt>
   <trkpt lat="45.6416700" lon="4.6363960">
    <ele>533.0</ele>
   </trkpt>
   <trkpt lat="45.6416530" lon="4.6364470">
    <ele>531.0</ele>
   </trkpt>
   <trkpt lat="45.6416290" lon="4.6364890">
    <ele>530.0</ele>
   </trkpt>
   <trkpt lat="45.6416060" lon="4.6365310">
    <ele>529.0</ele>
   </trkpt>
   <trkpt lat="45.6415730" lon="4.6365660">
    <ele>528.0</ele>
   </trkpt>
   <trkpt lat="45.6415410" lon="4.6366010">
    <ele>527.0</ele>
   </trkpt>
   <trkpt lat="45.6414980" lon="4.6366280">
    <ele>526.0</ele>
   </trkpt>
   <trkpt lat="45.6414560" lon="4.6366560">
    <ele>525.0</ele>
   </trkpt>
   <trkpt lat="45.6414090" lon="4.6366710">
    <ele>524.0</ele>
   </trkpt>
   <trkpt lat="45.6413620" lon="4.6366860">
    <ele>523.0</ele>
   </trkpt>
   <trkpt lat="45.6413160" lon="4.6366790">
    <ele>523.0</ele>
   </trkpt>
   <trkpt lat="45.6412700" lon="4.6366730">
    <ele>522.0</ele>
   </trkpt>
   <trkpt lat="45.6412320" lon="4.6366420">
    <ele>521.0</ele>
   </trkpt>
   <trkpt lat="45.6411930" lon="4.6366100">
    <ele>520.0</ele>
   </trkpt>
   <trkpt lat="45.6411650" lon="4.6365650">
    <ele>519.0</ele>
   </trkpt>
   <trkpt lat="45.6411360" lon="4.6365210">
    <ele>519.0</ele>
   </trkpt>
   <trkpt lat="45.6411170" lon="4.6364920">
    <ele>518.0</ele>
   </trkpt>
   <trkpt lat="45.6410980" lon="4.6364630">
    <ele>517.0</ele>
   </trkpt>
   <trkpt lat="45.6410880" lon="4.6364770">
    <ele>517.0</ele>
   </trkpt>
   <trkpt lat="45.6410790" lon="4.6364910">
    <ele>516.0</ele>
   </trkpt>
   <trkpt lat="45.6410830" lon="4.6365370">
    <ele>516.0</ele>
   </trkpt>
   <trkpt lat="45.6410870" lon="4.6365830">
    <ele>515.0</ele>
   </trkpt>
   <trkpt lat="45.6411000" lon="4.6366420">
    <ele>514.0</ele>
   </trkpt>
   <trkpt lat="45.6411140" lon="4.6367000">
    <ele>513.0</ele>
   </trkpt>
   <trkpt lat="45.6411330" lon="4.6367580">
    <ele>512.0</ele>
   </trkpt>
   <trkpt lat="45.6411530" lon="4.6368150">
    <ele>512.0</ele>
   </trkpt>
   <trkpt lat="45.6411800" lon="4.6368620">
    <ele>511.0</ele>
   </trkpt>
   <trkpt lat="45.6412070" lon="4.6369100">
    <ele>511.0</ele>
   </trkpt>
   <trkpt lat="45.6412430" lon="4.6369450">
    <ele>511.0</ele>
   </trkpt>
   <trkpt lat="45.6412790" lon="4.6369800">
    <ele>511.0</ele>
   </trkpt>
   <trkpt lat="45.6413200" lon="4.6370060">
    <ele>511.0</ele>
   </trkpt>
   <trkpt lat="45.6413610" lon="4.6370320">
    <ele>510.0</ele>
   </trkpt>
   <trkpt lat="45.6414000" lon="4.6370590">
    <ele>510.0</ele>
   </trkpt>
   <trkpt lat="45.6414390" lon="4.6370850">
    <ele>510.0</ele>
   </trkpt>
   <trkpt lat="45.6414640" lon="4.6371250">
    <ele>510.0</ele>
   </trkpt>
   <trkpt lat="45.6414890" lon="4.6371650">
    <ele>510.0</ele>
   </trkpt>
   <trkpt lat="45.6414840" lon="4.6372130">
    <ele>509.0</ele>
   </trkpt>
   <trkpt lat="45.6414800" lon="4.6372600">
    <ele>509.0</ele>
   </trkpt>
   <trkpt lat="45.6414520" lon="4.6373030">
    <ele>509.0</ele>
   </trkpt>
   <trkpt lat="45.6414250" lon="4.6373460">
    <ele>509.0</ele>
   </trkpt>
   <trkpt lat="45.6413890" lon="4.6373880">
    <ele>509.0</ele>
   </trkpt>
   <trkpt lat="45.6413530" lon="4.6374310">
    <ele>508.0</ele>
   </trkpt>
   <trkpt lat="45.6413240" lon="4.6374740">
    <ele>508.0</ele>
   </trkpt>
   <trkpt lat="45.6412950" lon="4.6375180">
    <ele>508.0</ele>
   </trkpt>
   <trkpt lat="45.6412750" lon="4.6375640">
    <ele>508.0</ele>
   </trkpt>
   <trkpt lat="45.6412560" lon="4.6376100">
    <ele>508.0</ele>
   </trkpt>
   <trkpt lat="45.6412420" lon="4.6376560">
    <ele>508.0</ele>
   </trkpt>
   <trkpt lat="45.6412280" lon="4.6377010">
    <ele>508.0</ele>
   </trkpt>
   <trkpt lat="45.6412190" lon="4.6377440">
    <ele>508.0</ele>
   </trkpt>
   <trkpt lat="45.6412100" lon="4.6377880">
    <ele>508.0</ele>
   </trkpt>
   <trkpt lat="45.6412060" lon="4.6378290">
    <ele>509.0</ele>
   </trkpt>
   <trkpt lat="45.6412010" lon="4.6378710">
    <ele>509.0</ele>
   </trkpt>
   <trkpt lat="45.6411970" lon="4.6379110">
    <ele>509.0</ele>
   </trkpt>
   <trkpt lat="45.6411930" lon="4.6379510">
    <ele>509.0</ele>
   </trkpt>
   <trkpt lat="45.6411900" lon="4.6379920">
    <ele>509.0</ele>
   </trkpt>
   <trkpt lat="45.6411860" lon="4.6380330">
    <ele>510.0</ele>
   </trkpt>
   <trkpt lat="45.6411810" lon="4.6380710">
    <ele>510.0</ele>
   </trkpt>
   <trkpt lat="45.6411770" lon="4.6381100">
    <ele>510.0</ele>
   </trkpt>
   <trkpt lat="45.6411750" lon="4.6381450">
    <ele>511.0</ele>
   </trkpt>
   <trkpt lat="45.6411730" lon="4.6381800">
    <ele>511.0</ele>
   </trkpt>
   <trkpt lat="45.6411730" lon="4.6382160">
    <ele>512.0</ele>
   </trkpt>
   <trkpt lat="45.6411740" lon="4.6382520">
    <ele>512.0</ele>
   </trkpt>
   <trkpt lat="45.6411760" lon="4.6382890">
    <ele>512.0</ele>
   </trkpt>
   <trkpt lat="45.6411790" lon="4.6383250">
    <ele>513.0</ele>
   </trkpt>
   <trkpt lat="45.6411850" lon="4.6383640">
    <ele>513.0</ele>
   </trkpt>
   <trkpt lat="45.6411900" lon="4.6384020">
    <ele>514.0</ele>
   </trkpt>
   <trkpt lat="45.6411960" lon="4.6384430">
    <ele>514.0</ele>
   </trkpt>
   <trkpt lat="45.6412020" lon="4.6384830">
    <ele>514.0</ele>
   </trkpt>
   <trkpt lat="45.6412090" lon="4.6385240">
    <ele>515.0</ele>
   </trkpt>
   <trkpt lat="45.6412150" lon="4.6385650">
    <ele>515.0</ele>
   </trkpt>
   <trkpt lat="45.6412230" lon="4.6386030">
    <ele>516.0</ele>
   </trkpt>
   <trkpt lat="45.6412310" lon="4.6386420">
    <ele>516.0</ele>
   </trkpt>
   <trkpt lat="45.6412370" lon="4.6386790">
    <ele>516.0</ele>
   </trkpt>
   <trkpt lat="45.6412440" lon="4.6387170">
    <ele>516.0</ele>
   </trkpt>
   <trkpt lat="45.6412470" lon="4.6387560">
    <ele>516.0</ele>
   </trkpt>
   <trkpt lat="45.6412510" lon="4.6387940">
    <ele>517.0</ele>
   </trkpt>
   <trkpt lat="45.6412560" lon="4.6388330">
    <ele>517.0</ele>
   </trkpt>
   <trkpt lat="45.6412600" lon="4.6388720">
    <ele>517.0</ele>
   </trkpt>
   <trkpt lat="45.6412670" lon="4.6389110">
    <ele>518.0</ele>
   </trkpt>
   <trkpt lat="45.6412740" lon="4.6389500">
    <ele>518.0</ele>
   </trkpt>
   <trkpt lat="45.6412820" lon="4.6389900">
    <ele>519.0</ele>
   </trkpt>
   <trkpt lat="45.6412890" lon="4.6390290">
    <ele>519.0</ele>
   </trkpt>
   <trkpt lat="45.6412950" lon="4.6390680">
    <ele>519.0</ele>
   </trkpt>
   <trkpt lat="45.6413010" lon="4.6391080">
    <ele>520.0</ele>
   </trkpt>
   <trkpt lat="45.6413070" lon="4.6391450">
    <ele>520.0</ele>
   </trkpt>
   <trkpt lat="45.6413120" lon="4.6391820">
    <ele>521.0</ele>
   </trkpt>
   <trkpt lat="45.6413200" lon="4.6392050">
    <ele>521.0</ele>
   </trkpt>
   <trkpt lat="45.6413280" lon="4.6392270">
    <ele>521.0</ele>
   </trkpt>
   <trkpt lat="45.6413380" lon="4.6392230">
    <ele>521.0</ele>
   </trkpt>
   <trkpt lat="45.6413490" lon="4.6392190">
    <ele>521.0</ele>
   </trkpt>
   <trkpt lat="45.6413570" lon="4.6391900">
    <ele>522.0</ele>
   </trkpt>
   <trkpt lat="45.6413650" lon="4.6391610">
    <ele>522.0</ele>
   </trkpt>
   <trkpt lat="45.6413730" lon="4.6391200">
    <ele>523.0</ele>
   </trkpt>
   <trkpt lat="45.6413810" lon="4.6390790">
    <ele>523.0</ele>
   </trkpt>
   <trkpt lat="45.6413930" lon="4.6390360">
    <ele>524.0</ele>
   </trkpt>
   <trkpt lat="45.6414050" lon="4.6389940">
    <ele>525.0</ele>
   </trkpt>
   <trkpt lat="45.6414180" lon="4.6389550">
    <ele>525.0</ele>
   </trkpt>
   <trkpt lat="45.6414320" lon="4.6389150">
    <ele>525.0</ele>
   </trkpt>
   <trkpt lat="45.6414460" lon="4.6388780">
    <ele>525.0</ele>
   </trkpt>
   <trkpt lat="45.6414610" lon="4.6388400">
    <ele>525.0</ele>
   </trkpt>
   <trkpt lat="45.6414760" lon="4.6388030">
    <ele>526.0</ele>
   </trkpt>
   <trkpt lat="45.6414910" lon="4.6387650">
    <ele>526.0</ele>
   </trkpt>
   <trkpt lat="45.6415080" lon="4.6387270">
    <ele>526.0</ele>
   </trkpt>
   <trkpt lat="45.6415250" lon="4.6386890">
    <ele>526.0</ele>
   </trkpt>
   <trkpt lat="45.6415430" lon="4.6386540">
    <ele>526.0</ele>
   </trkpt>
   <trkpt lat="45.6415600" lon="4.6386190">
    <ele>527.0</ele>
   </trkpt>
   <trkpt lat="45.6415790" lon="4.6385870">
    <ele>527.0</ele>
   </trkpt>
   <trkpt lat="45.6415970" lon="4.6385550">
    <ele>527.0</ele>
   </trkpt>
   <trkpt lat="45.6416150" lon="4.6385240">
    <ele>528.0</ele>
   </trkpt>
   <trkpt lat="45.6416330" lon="4.6384930">
    <ele>528.0</ele>
   </trkpt>
   <trkpt lat="45.6416520" lon="4.6384630">
    <ele>529.0</ele>
   </trkpt>
   <trkpt lat="45.6416720" lon="4.6384320">
    <ele>529.0</ele>
   </trkpt>
   <trkpt lat="45.6416900" lon="4.6384020">
    <ele>529.0</ele>
   </trkpt>
   <trkpt lat="45.6417090" lon="4.6383720">
    <ele>530.0</ele>
   </trkpt>
   <trkpt lat="45.6417280" lon="4.6383460">
    <ele>530.0</ele>
   </trkpt>
   <trkpt lat="45.6417480" lon="4.6383210">
    <ele>531.0</ele>
   </trkpt>
   <trkpt lat="45.6417680" lon="4.6383170">
    <ele>531.0</ele>
   </trkpt>
   <trkpt lat="45.6417890" lon="4.6383120">
    <ele>531.0</ele>
   </trkpt>
   <trkpt lat="45.6418040" lon="4.6383310">
    <ele>531.0</ele>
   </trkpt>
   <trkpt lat="45.6418200" lon="4.6383510">
    <ele>531.0</ele>
   </trkpt>
   <trkpt lat="45.6418290" lon="4.6383850">
    <ele>532.0</ele>
   </trkpt>
   <trkpt lat="45.6418370" lon="4.6384190">
    <ele>532.0</ele>
   </trkpt>
   <trkpt lat="45.6418380" lon="4.6384570">
    <ele>532.0</ele>
   </trkpt>
   <trkpt lat="45.6418400" lon="4.6384950">
    <ele>533.0</ele>
   </trkpt>
   <trkpt lat="45.6418380" lon="4.6385340">
    <ele>533.0</ele>
   </trkpt>
   <trkpt lat="45.6418370" lon="4.6385730">
    <ele>534.0</ele>
   </trkpt>
   <trkpt lat="45.6418350" lon="4.6386120">
    <ele>534.0</ele>
   </trkpt>
   <trkpt lat="45.6418340" lon="4.6386520">
    <ele>534.0</ele>
   </trkpt>
   <trkpt lat="45.6418350" lon="4.6386900">
    <ele>535.0</ele>
   </trkpt>
   <trkpt lat="45.6418360" lon="4.6387290">
    <ele>535.0</ele>
   </trkpt>
   <trkpt lat="45.6418380" lon="4.6387690">
    <ele>536.0</ele>
   </trkpt>
   <trkpt lat="45.6418400" lon="4.6388080">
    <ele>536.0</ele>
   </trkpt>
   <trkpt lat="45.6418440" lon="4.6388470">
    <ele>536.0</ele>
   </trkpt>
   <trkpt lat="45.6418470" lon="4.6388870">
    <ele>537.0</ele>
   </trkpt>
   <trkpt lat="45.6418490" lon="4.6389280">
    <ele>537.0</ele>
   </trkpt>
   <trkpt lat="45.6418510" lon="4.6389700">
    <ele>538.0</ele>
   </trkpt>
   <trkpt lat="45.6418550" lon="4.6390130">
    <ele>538.0</ele>
   </trkpt>
   <trkpt lat="45.6418590" lon="4.6390570">
    <ele>538.0</ele>
   </trkpt>
   <trkpt lat="45.6418660" lon="4.6390990">
    <ele>538.0</ele>
   </trkpt>
   <trkpt lat="45.6418730" lon="4.6391420">
    <ele>538.0</ele>
   </trkpt>
   <trkpt lat="45.6418840" lon="4.6391790">
    <ele>539.0</ele>
   </trkpt>
   <trkpt lat="45.6418940" lon="4.6392160">
    <ele>539.0</ele>
   </trkpt>
   <trkpt lat="45.6419060" lon="4.6392500">
    <ele>539.0</ele>
   </trkpt>
   <trkpt lat="45.6419190" lon="4.6392830">
    <ele>539.0</ele>
   </trkpt>
   <trkpt lat="45.6419340" lon="4.6393130">
    <ele>539.0</ele>
   </trkpt>
   <trkpt lat="45.6419480" lon="4.6393430">
    <ele>540.0</ele>
   </trkpt>
   <trkpt lat="45.6419660" lon="4.6393690">
    <ele>540.0</ele>
   </trkpt>
   <trkpt lat="45.6419830" lon="4.6393950">
    <ele>540.0</ele>
   </trkpt>
   <trkpt lat="45.6420030" lon="4.6394190">
    <ele>541.0</ele>
   </trkpt>
   <trkpt lat="45.6420230" lon="4.6394430">
    <ele>541.0</ele>
   </trkpt>
   <trkpt lat="45.6420450" lon="4.6394630">
    <ele>542.0</ele>
   </trkpt>
   <trkpt lat="45.6420670" lon="4.6394830">
    <ele>542.0</ele>
   </trkpt>
   <trkpt lat="45.6420900" lon="4.6395000">
    <ele>542.0</ele>
   </trkpt>
   <trkpt lat="45.6421130" lon="4.6395180">
    <ele>543.0</ele>
   </trkpt>
   <trkpt lat="45.6421360" lon="4.6395360">
    <ele>543.0</ele>
   </trkpt>
   <trkpt lat="45.6421590" lon="4.6395540">
    <ele>544.0</ele>
   </trkpt>
   <trkpt lat="45.6421830" lon="4.6395700">
    <ele>544.0</ele>
   </trkpt>
   <trkpt lat="45.6422070" lon="4.6395870">
    <ele>544.0</ele>
   </trkpt>
   <trkpt lat="45.6422320" lon="4.6396010">
    <ele>544.0</ele>
   </trkpt>
   <trkpt lat="45.6422580" lon="4.6396150">
    <ele>544.0</ele>
   </trkpt>
   <trkpt lat="45.6422870" lon="4.6396260">
    <ele>545.0</ele>
   </trkpt>
   <trkpt lat="45.6423150" lon="4.6396370">
    <ele>545.0</ele>
   </trkpt>
   <trkpt lat="45.6423450" lon="4.6396460">
    <ele>545.0</ele>
   </trkpt>
   <trkpt lat="45.6423750" lon="4.6396550">
    <ele>546.0</ele>
   </trkpt>
   <trkpt lat="45.6424050" lon="4.6396650">
    <ele>546.0</ele>
   </trkpt>
   <trkpt lat="45.6424350" lon="4.6396740">
    <ele>547.0</ele>
   </trkpt>
   <trkpt lat="45.6424660" lon="4.6396840">
    <ele>547.0</ele>
   </trkpt>
   <trkpt lat="45.6424970" lon="4.6396950">
    <ele>547.0</ele>
   </trkpt>
   <trkpt lat="45.6425280" lon="4.6397050">
    <ele>547.0</ele>
   </trkpt>
   <trkpt lat="45.6425590" lon="4.6397160">
    <ele>547.0</ele>
   </trkpt>
   <trkpt lat="45.6425910" lon="4.6397270">
    <ele>548.0</ele>
   </trkpt>
   <trkpt lat="45.6426230" lon="4.6397390">
    <ele>548.0</ele>
   </trkpt>
   <trkpt lat="45.6426560" lon="4.6397500">
    <ele>548.0</ele>
   </trkpt>
   <trkpt lat="45.6426880" lon="4.6397600">
    <ele>548.0</ele>
   </trkpt>
   <trkpt lat="45.6427210" lon="4.6397700">
    <ele>548.0</ele>
   </trkpt>
   <trkpt lat="45.6427540" lon="4.6397790">
    <ele>549.0</ele>
   </trkpt>
   <trkpt lat="45.6427860" lon="4.6397860">
    <ele>549.0</ele>
   </trkpt>
   <trkpt lat="45.6428190" lon="4.6397930">
    <ele>549.0</ele>
   </trkpt>
   <trkpt lat="45.6428510" lon="4.6397990">
    <ele>549.0</ele>
   </trkpt>
   <trkpt lat="45.6428840" lon="4.6398060">
    <ele>549.0</ele>
   </trkpt>
   <trkpt lat="45.6429160" lon="4.6398140">
    <ele>550.0</ele>
   </trkpt>
   <trkpt lat="45.6429490" lon="4.6398220">
    <ele>550.0</ele>
   </trkpt>
   <trkpt lat="45.6429820" lon="4.6398280">
    <ele>550.0</ele>
   </trkpt>
   <trkpt lat="45.6430160" lon="4.6398350">
    <ele>550.0</ele>
   </trkpt>
   <trkpt lat="45.6430500" lon="4.6398400">
    <ele>550.0</ele>
   </trkpt>
   <trkpt lat="45.6430850" lon="4.6398450">
    <ele>551.0</ele>
   </trkpt>
   <trkpt lat="45.6431200" lon="4.6398480">
    <ele>551.0</ele>
   </trkpt>
   <trkpt lat="45.6431550" lon="4.6398500">
    <ele>551.0</ele>
   </trkpt>
   <trkpt lat="45.6431890" lon="4.6398530">
    <ele>551.0</ele>
   </trkpt>
   <trkpt lat="45.6432240" lon="4.6398560">
    <ele>551.0</ele>
   </trkpt>
   <trkpt lat="45.6432590" lon="4.6398590">
    <ele>552.0</ele>
   </trkpt>
   <trkpt lat="45.6432950" lon="4.6398620">
    <ele>552.0</ele>
   </trkpt>
   <trkpt lat="45.6433310" lon="4.6398660">
    <ele>552.0</ele>
   </trkpt>
   <trkpt lat="45.6433680" lon="4.6398700">
    <ele>552.0</ele>
   </trkpt>
   <trkpt lat="45.6434060" lon="4.6398750">
    <ele>552.0</ele>
   </trkpt>
   <trkpt lat="45.6434430" lon="4.6398790">
    <ele>553.0</ele>
   </trkpt>
   <trkpt lat="45.6434810" lon="4.6398840">
    <ele>553.0</ele>
   </trkpt>
   <trkpt lat="45.6435190" lon="4.6398880">
    <ele>553.0</ele>
   </trkpt>
   <trkpt lat="45.6435570" lon="4.6398910">
    <ele>553.0</ele>
   </trkpt>
   <trkpt lat="45.6435950" lon="4.6398940">
    <ele>553.0</ele>
   </trkpt>
   <trkpt lat="45.6436350" lon="4.6398990">
    <ele>553.0</ele>
   </trkpt>
   <trkpt lat="45.6436750" lon="4.6399040">
    <ele>552.0</ele>
   </trkpt>
   <trkpt lat="45.6437150" lon="4.6399090">
    <ele>552.0</ele>
   </trkpt>
   <trkpt lat="45.6437560" lon="4.6399130">
    <ele>552.0</ele>
   </trkpt>
   <trkpt lat="45.6437960" lon="4.6399150">
    <ele>552.0</ele>
   </trkpt>
   <trkpt lat="45.6438370" lon="4.6399170">
    <ele>552.0</ele>
   </trkpt>
   <trkpt lat="45.6438770" lon="4.6399170">
    <ele>552.0</ele>
   </trkpt>
   <trkpt lat="45.6439170" lon="4.6399160">
    <ele>552.0</ele>
   </trkpt>
   <trkpt lat="45.6439560" lon="4.6399160">
    <ele>552.0</ele>
   </trkpt>
   <trkpt lat="45.6439950" lon="4.6399170">
    <ele>552.0</ele>
   </trkpt>
   <trkpt lat="45.6440350" lon="4.6399170">
    <ele>552.0</ele>
   </trkpt>
   <trkpt lat="45.6440760" lon="4.6399180">
    <ele>551.0</ele>
   </trkpt>
   <trkpt lat="45.6441170" lon="4.6399200">
    <ele>551.0</ele>
   </trkpt>
   <trkpt lat="45.6441580" lon="4.6399220">
    <ele>551.0</ele>
   </trkpt>
   <trkpt lat="45.6441970" lon="4.6399250">
    <ele>551.0</ele>
   </trkpt>
   <trkpt lat="45.6442370" lon="4.6399280">
    <ele>551.0</ele>
   </trkpt>
   <trkpt lat="45.6442770" lon="4.6399370">
    <ele>551.0</ele>
   </trkpt>
   <trkpt lat="45.6443160" lon="4.6399450">
    <ele>551.0</ele>
   </trkpt>
   <trkpt lat="45.6443550" lon="4.6399570">
    <ele>551.0</ele>
   </trkpt>
   <trkpt lat="45.6443940" lon="4.6399700">
    <ele>551.0</ele>
   </trkpt>
   <trkpt lat="45.6444330" lon="4.6399850">
    <ele>551.0</ele>
   </trkpt>
   <trkpt lat="45.6444720" lon="4.6400000">
    <ele>551.0</ele>
   </trkpt>
   <trkpt lat="45.6445100" lon="4.6400170">
    <ele>551.0</ele>
   </trkpt>
   <trkpt lat="45.6445470" lon="4.6400340">
    <ele>551.0</ele>
   </trkpt>
   <trkpt lat="45.6445840" lon="4.6400520">
    <ele>551.0</ele>
   </trkpt>
   <trkpt lat="45.6446210" lon="4.6400690">
    <ele>551.0</ele>
   </trkpt>
   <trkpt lat="45.6446560" lon="4.6400850">
    <ele>550.0</ele>
   </trkpt>
   <trkpt lat="45.6446910" lon="4.6401000">
    <ele>550.0</ele>
   </trkpt>
   <trkpt lat="45.6447260" lon="4.6401160">
    <ele>550.0</ele>
   </trkpt>
   <trkpt lat="45.6447610" lon="4.6401320">
    <ele>550.0</ele>
   </trkpt>
   <trkpt lat="45.6447950" lon="4.6401550">
    <ele>550.0</ele>
   </trkpt>
   <trkpt lat="45.6448290" lon="4.6401770">
    <ele>550.0</ele>
   </trkpt>
   <trkpt lat="45.6448580" lon="4.6402120">
    <ele>550.0</ele>
   </trkpt>
   <trkpt lat="45.6448870" lon="4.6402470">
    <ele>550.0</ele>
   </trkpt>
   <trkpt lat="45.6449100" lon="4.6402960">
    <ele>550.0</ele>
   </trkpt>
   <trkpt lat="45.6449320" lon="4.6403450">
    <ele>550.0</ele>
   </trkpt>
   <trkpt lat="45.6449490" lon="4.6404020">
    <ele>550.0</ele>
   </trkpt>
   <trkpt lat="45.6449660" lon="4.6404590">
    <ele>550.0</ele>
   </trkpt>
   <trkpt lat="45.6449770" lon="4.6405200">
    <ele>550.0</ele>
   </trkpt>
   <trkpt lat="45.6449890" lon="4.6405810">
    <ele>550.0</ele>
   </trkpt>
   <trkpt lat="45.6449950" lon="4.6406430">
    <ele>550.0</ele>
   </trkpt>
   <trkpt lat="45.6450000" lon="4.6407040">
    <ele>549.0</ele>
   </trkpt>
   <trkpt lat="45.6450030" lon="4.6407650">
    <ele>549.0</ele>
   </trkpt>
   <trkpt lat="45.6450060" lon="4.6408250">
    <ele>549.0</ele>
   </trkpt>
   <trkpt lat="45.6450050" lon="4.6408840">
    <ele>549.0</ele>
   </trkpt>
   <trkpt lat="45.6450050" lon="4.6409440">
    <ele>549.0</ele>
   </trkpt>
   <trkpt lat="45.6450030" lon="4.6410010">
    <ele>548.0</ele>
   </trkpt>
   <trkpt lat="45.6450020" lon="4.6410590">
    <ele>548.0</ele>
   </trkpt>
   <trkpt lat="45.6449980" lon="4.6411150">
    <ele>548.0</ele>
   </trkpt>
   <trkpt lat="45.6449950" lon="4.6411710">
    <ele>548.0</ele>
   </trkpt>
   <trkpt lat="45.6449890" lon="4.6412270">
    <ele>548.0</ele>
   </trkpt>
   <trkpt lat="45.6449830" lon="4.6412830">
    <ele>548.0</ele>
   </trkpt>
   <trkpt lat="45.6449760" lon="4.6413380">
    <ele>548.0</ele>
   </trkpt>
   <trkpt lat="45.6449700" lon="4.6413940">
    <ele>548.0</ele>
   </trkpt>
   <trkpt lat="45.6449640" lon="4.6414500">
    <ele>548.0</ele>
   </trkpt>
   <trkpt lat="45.6449570" lon="4.6415050">
    <ele>548.0</ele>
   </trkpt>
   <trkpt lat="45.6449510" lon="4.6415610">
    <ele>547.0</ele>
   </trkpt>
   <trkpt lat="45.6449440" lon="4.6416170">
    <ele>547.0</ele>
   </trkpt>
   <trkpt lat="45.6449380" lon="4.6416730">
    <ele>547.0</ele>
   </trkpt>
   <trkpt lat="45.6449320" lon="4.6417290">
    <ele>547.0</ele>
   </trkpt>
   <trkpt lat="45.6449260" lon="4.6417860">
    <ele>547.0</ele>
   </trkpt>
   <trkpt lat="45.6449210" lon="4.6418430">
    <ele>546.0</ele>
   </trkpt>
   <trkpt lat="45.6449160" lon="4.6418990">
    <ele>546.0</ele>
   </trkpt>
   <trkpt lat="45.6449120" lon="4.6419550">
    <ele>546.0</ele>
   </trkpt>
   <trkpt lat="45.6449080" lon="4.6420120">
    <ele>546.0</ele>
   </trkpt>
   <trkpt lat="45.6449050" lon="4.6420680">
    <ele>546.0</ele>
   </trkpt>
   <trkpt lat="45.6449020" lon="4.6421250">
    <ele>545.0</ele>
   </trkpt>
   <trkpt lat="45.6448990" lon="4.6421830">
    <ele>545.0</ele>
   </trkpt>
   <trkpt lat="45.6448970" lon="4.6422390">
    <ele>545.0</ele>
   </trkpt>
   <trkpt lat="45.6448950" lon="4.6422960">
    <ele>545.0</ele>
   </trkpt>
   <trkpt lat="45.6448970" lon="4.6423490">
    <ele>545.0</ele>
   </trkpt>
   <trkpt lat="45.6448990" lon="4.6424020">
    <ele>545.0</ele>
   </trkpt>
   <trkpt lat="45.6449130" lon="4.6424380">
    <ele>545.0</ele>
   </trkpt>
   <trkpt lat="45.6449270" lon="4.6424750">
    <ele>545.0</ele>
   </trkpt>
   <trkpt lat="45.6449550" lon="4.6424820">
    <ele>545.0</ele>
   </trkpt>
   <trkpt lat="45.6449840" lon="4.6424890">
    <ele>545.0</ele>
   </trkpt>
   <trkpt lat="45.6450190" lon="4.6424810">
    <ele>545.0</ele>
   </trkpt>
   <trkpt lat="45.6450550" lon="4.6424730">
    <ele>545.0</ele>
   </trkpt>
   <trkpt lat="45.6450920" lon="4.6424610">
    <ele>545.0</ele>
   </trkpt>
   <trkpt lat="45.6451300" lon="4.6424500">
    <ele>545.0</ele>
   </trkpt>
   <trkpt lat="45.6451670" lon="4.6424390">
    <ele>545.0</ele>
   </trkpt>
   <trkpt lat="45.6452050" lon="4.6424280">
    <ele>545.0</ele>
   </trkpt>
   <trkpt lat="45.6452410" lon="4.6424180">
    <ele>545.0</ele>
   </trkpt>
   <trkpt lat="45.6452780" lon="4.6424070">
    <ele>545.0</ele>
   </trkpt>
   <trkpt lat="45.6453140" lon="4.6423990">
    <ele>545.0</ele>
   </trkpt>
   <trkpt lat="45.6453500" lon="4.6423900">
    <ele>546.0</ele>
   </trkpt>
   <trkpt lat="45.6453870" lon="4.6423760">
    <ele>546.0</ele>
   </trkpt>
   <trkpt lat="45.6454230" lon="4.6423630">
    <ele>546.0</ele>
   </trkpt>
   <trkpt lat="45.6454600" lon="4.6423420">
    <ele>546.0</ele>
   </trkpt>
   <trkpt lat="45.6454970" lon="4.6423200">
    <ele>546.0</ele>
   </trkpt>
   <trkpt lat="45.6455320" lon="4.6422930">
    <ele>547.0</ele>
   </trkpt>
   <trkpt lat="45.6455680" lon="4.6422660">
    <ele>547.0</ele>
   </trkpt>
   <trkpt lat="45.6456010" lon="4.6422320">
    <ele>547.0</ele>
   </trkpt>
   <trkpt lat="45.6456340" lon="4.6421980">
    <ele>547.0</ele>
   </trkpt>
   <trkpt lat="45.6456650" lon="4.6421570">
    <ele>547.0</ele>
   </trkpt>
   <trkpt lat="45.6456960" lon="4.6421170">
    <ele>547.0</ele>
   </trkpt>
   <trkpt lat="45.6457250" lon="4.6420710">
    <ele>546.0</ele>
   </trkpt>
   <trkpt lat="45.6457550" lon="4.6420260">
    <ele>546.0</ele>
   </trkpt>
   <trkpt lat="45.6457810" lon="4.6419770">
    <ele>545.0</ele>
   </trkpt>
   <trkpt lat="45.6458080" lon="4.6419290">
    <ele>545.0</ele>
   </trkpt>
   <trkpt lat="45.6458330" lon="4.6418800">
    <ele>545.0</ele>
   </trkpt>
   <trkpt lat="45.6458580" lon="4.6418300">
    <ele>544.0</ele>
   </trkpt>
   <trkpt lat="45.6458820" lon="4.6417800">
    <ele>544.0</ele>
   </trkpt>
   <trkpt lat="45.6459070" lon="4.6417300">
    <ele>544.0</ele>
   </trkpt>
   <trkpt lat="45.6459300" lon="4.6416770">
    <ele>544.0</ele>
   </trkpt>
   <trkpt lat="45.6459530" lon="4.6416240">
    <ele>544.0</ele>
   </trkpt>
   <trkpt lat="45.6459750" lon="4.6415690">
    <ele>543.0</ele>
   </trkpt>
   <trkpt lat="45.6459960" lon="4.6415140">
    <ele>542.0</ele>
   </trkpt>
   <trkpt lat="45.6460160" lon="4.6414580">
    <ele>542.0</ele>
   </trkpt>
   <trkpt lat="45.6460370" lon="4.6414020">
    <ele>541.0</ele>
   </trkpt>
   <trkpt lat="45.6460580" lon="4.6413500">
    <ele>541.0</ele>
   </trkpt>
   <trkpt lat="45.6460800" lon="4.6412980">
    <ele>540.0</ele>
   </trkpt>
   <trkpt lat="45.6461090" lon="4.6412590">
    <ele>540.0</ele>
   </trkpt>
   <trkpt lat="45.6461380" lon="4.6412200">
    <ele>539.0</ele>
   </trkpt>
   <trkpt lat="45.6461740" lon="4.6411990">
    <ele>539.0</ele>
   </trkpt>
   <trkpt lat="45.6462110" lon="4.6411790">
    <ele>539.0</ele>
   </trkpt>
   <trkpt lat="45.6462500" lon="4.6411810">
    <ele>538.0</ele>
   </trkpt>
   <trkpt lat="45.6462890" lon="4.6411820">
    <ele>538.0</ele>
   </trkpt>
   <trkpt lat="45.6463280" lon="4.6412020">
    <ele>538.0</ele>
   </trkpt>
   <trkpt lat="45.6463660" lon="4.6412230">
    <ele>538.0</ele>
   </trkpt>
   <trkpt lat="45.6464020" lon="4.6412540">
    <ele>538.0</ele>
   </trkpt>
   <trkpt lat="45.6464370" lon="4.6412860">
    <ele>538.0</ele>
   </trkpt>
   <trkpt lat="45.6464700" lon="4.6413200">
    <ele>538.0</ele>
   </trkpt>
   <trkpt lat="45.6465020" lon="4.6413540">
    <ele>538.0</ele>
   </trkpt>
   <trkpt lat="45.6465330" lon="4.6413830">
    <ele>538.0</ele>
   </trkpt>
   <trkpt lat="45.6465630" lon="4.6414120">
    <ele>538.0</ele>
   </trkpt>
   <trkpt lat="45.6465930" lon="4.6414340">
    <ele>538.0</ele>
   </trkpt>
   <trkpt lat="45.6466220" lon="4.6414570">
    <ele>538.0</ele>
   </trkpt>
   <trkpt lat="45.6466520" lon="4.6414730">
    <ele>538.0</ele>
   </trkpt>
   <trkpt lat="45.6466810" lon="4.6414890">
    <ele>538.0</ele>
   </trkpt>
   <trkpt lat="45.6467130" lon="4.6415020">
    <ele>539.0</ele>
   </trkpt>
   <trkpt lat="45.6467450" lon="4.6415140">
    <ele>539.0</ele>
   </trkpt>
   <trkpt lat="45.6467790" lon="4.6415200">
    <ele>539.0</ele>
   </trkpt>
   <trkpt lat="45.6468130" lon="4.6415270">
    <ele>539.0</ele>
   </trkpt>
   <trkpt lat="45.6468460" lon="4.6415290">
    <ele>539.0</ele>
   </trkpt>
   <trkpt lat="45.6468800" lon="4.6415320">
    <ele>539.0</ele>
   </trkpt>
   <trkpt lat="45.6469140" lon="4.6415280">
    <ele>539.0</ele>
   </trkpt>
   <trkpt lat="45.6469480" lon="4.6415230">
    <ele>539.0</ele>
   </trkpt>
   <trkpt lat="45.6469810" lon="4.6415130">
    <ele>540.0</ele>
   </trkpt>
   <trkpt lat="45.6470150" lon="4.6415040">
    <ele>540.0</ele>
   </trkpt>
   <trkpt lat="45.6470470" lon="4.6414900">
    <ele>541.0</ele>
   </trkpt>
   <trkpt lat="45.6470800" lon="4.6414770">
    <ele>541.0</ele>
   </trkpt>
   <trkpt lat="45.6471130" lon="4.6414600">
    <ele>541.0</ele>
   </trkpt>
   <trkpt lat="45.6471460" lon="4.6414440">
    <ele>541.0</ele>
   </trkpt>
   <trkpt lat="45.6471790" lon="4.6414280">
    <ele>541.0</ele>
   </trkpt>
   <trkpt lat="45.6472120" lon="4.6414110">
    <ele>542.0</ele>
   </trkpt>
   <trkpt lat="45.6472450" lon="4.6413940">
    <ele>542.0</ele>
   </trkpt>
   <trkpt lat="45.6472770" lon="4.6413770">
    <ele>542.0</ele>
   </trkpt>
   <trkpt lat="45.6473100" lon="4.6413610">
    <ele>542.0</ele>
   </trkpt>
   <trkpt lat="45.6473420" lon="4.6413440">
    <ele>542.0</ele>
   </trkpt>
   <trkpt lat="45.6473750" lon="4.6413300">
    <ele>542.0</ele>
   </trkpt>
   <trkpt lat="45.6474070" lon="4.6413150">
    <ele>542.0</ele>
   </trkpt>
   <trkpt lat="45.6474390" lon="4.6413020">
    <ele>542.0</ele>
   </trkpt>
   <trkpt lat="45.6474720" lon="4.6412880">
    <ele>542.0</ele>
   </trkpt>
   <trkpt lat="45.6475040" lon="4.6412740">
    <ele>542.0</ele>
   </trkpt>
   <trkpt lat="45.6475370" lon="4.6412600">
    <ele>543.0</ele>
   </trkpt>
   <trkpt lat="45.6475710" lon="4.6412460">
    <ele>543.0</ele>
   </trkpt>
   <trkpt lat="45.6476060" lon="4.6412330">
    <ele>543.0</ele>
   </trkpt>
   <trkpt lat="45.6476430" lon="4.6412230">
    <ele>543.0</ele>
   </trkpt>
   <trkpt lat="45.6476790" lon="4.6412120">
    <ele>543.0</ele>
   </trkpt>
   <trkpt lat="45.6477140" lon="4.6412040">
    <ele>544.0</ele>
   </trkpt>
   <trkpt lat="45.6477490" lon="4.6411970">
    <ele>544.0</ele>
   </trkpt>
   <trkpt lat="45.6477840" lon="4.6411950">
    <ele>544.0</ele>
   </trkpt>
   <trkpt lat="45.6478180" lon="4.6411940">
    <ele>544.0</ele>
   </trkpt>
   <trkpt lat="45.6478520" lon="4.6412010">
    <ele>544.0</ele>
   </trkpt>
   <trkpt lat="45.6478870" lon="4.6412080">
    <ele>545.0</ele>
   </trkpt>
   <trkpt lat="45.6479200" lon="4.6412210">
    <ele>545.0</ele>
   </trkpt>
   <trkpt lat="45.6479530" lon="4.6412350">
    <ele>545.0</ele>
   </trkpt>
   <trkpt lat="45.6479860" lon="4.6412530">
    <ele>545.0</ele>
   </trkpt>
   <trkpt lat="45.6480180" lon="4.6412700">
    <ele>545.0</ele>
   </trkpt>
   <trkpt lat="45.6480520" lon="4.6412860">
    <ele>546.0</ele>
   </trkpt>
   <trkpt lat="45.6480860" lon="4.6413020">
    <ele>546.0</ele>
   </trkpt>
   <trkpt lat="45.6481210" lon="4.6413190">
    <ele>546.0</ele>
   </trkpt>
   <trkpt lat="45.6481560" lon="4.6413360">
    <ele>546.0</ele>
   </trkpt>
   <trkpt lat="45.6481920" lon="4.6413530">
    <ele>546.0</ele>
   </trkpt>
   <trkpt lat="45.6482270" lon="4.6413700">
    <ele>546.0</ele>
   </trkpt>
   <trkpt lat="45.6482630" lon="4.6413870">
    <ele>546.0</ele>
   </trkpt>
   <trkpt lat="45.6482990" lon="4.6414030">
    <ele>546.0</ele>
   </trkpt>
   <trkpt lat="45.6483350" lon="4.6414170">
    <ele>546.0</ele>
   </trkpt>
   <trkpt lat="45.6483710" lon="4.6414320">
    <ele>546.0</ele>
   </trkpt>
   <trkpt lat="45.6484060" lon="4.6414490">
    <ele>547.0</ele>
   </trkpt>
   <trkpt lat="45.6484410" lon="4.6414650">
    <ele>547.0</ele>
   </trkpt>
   <trkpt lat="45.6484740" lon="4.6414890">
    <ele>547.0</ele>
   </trkpt>
   <trkpt lat="45.6485070" lon="4.6415120">
    <ele>547.0</ele>
   </trkpt>
   <trkpt lat="45.6485360" lon="4.6415420">
    <ele>547.0</ele>
   </trkpt>
   <trkpt lat="45.6485650" lon="4.6415720">
    <ele>548.0</ele>
   </trkpt>
   <trkpt lat="45.6485910" lon="4.6416090">
    <ele>548.0</ele>
   </trkpt>
   <trkpt lat="45.6486160" lon="4.6416460">
    <ele>548.0</ele>
   </trkpt>
   <trkpt lat="45.6486370" lon="4.6416870">
    <ele>548.0</ele>
   </trkpt>
   <trkpt lat="45.6486590" lon="4.6417290">
    <ele>548.0</ele>
   </trkpt>
   <trkpt lat="45.6486770" lon="4.6417720">
    <ele>549.0</ele>
   </trkpt>
   <trkpt lat="45.6486960" lon="4.6418160">
    <ele>549.0</ele>
   </trkpt>
   <trkpt lat="45.6487130" lon="4.6418590">
    <ele>549.0</ele>
   </trkpt>
   <trkpt lat="45.6487300" lon="4.6419020">
    <ele>549.0</ele>
   </trkpt>
   <trkpt lat="45.6487460" lon="4.6419450">
    <ele>549.0</ele>
   </trkpt>
   <trkpt lat="45.6487620" lon="4.6419870">
    <ele>550.0</ele>
   </trkpt>
   <trkpt lat="45.6487770" lon="4.6420290">
    <ele>550.0</ele>
   </trkpt>
   <trkpt lat="45.6487920" lon="4.6420710">
    <ele>550.0</ele>
   </trkpt>
   <trkpt lat="45.6488040" lon="4.6421120">
    <ele>550.0</ele>
   </trkpt>
   <trkpt lat="45.6488160" lon="4.6421540">
    <ele>550.0</ele>
   </trkpt>
   <trkpt lat="45.6488260" lon="4.6421960">
    <ele>550.0</ele>
   </trkpt>
   <trkpt lat="45.6488350" lon="4.6422380">
    <ele>550.0</ele>
   </trkpt>
   <trkpt lat="45.6488460" lon="4.6422830">
    <ele>550.0</ele>
   </trkpt>
   <trkpt lat="45.6488570" lon="4.6423270">
    <ele>551.0</ele>
   </trkpt>
   <trkpt lat="45.6488740" lon="4.6423650">
    <ele>551.0</ele>
   </trkpt>
   <trkpt lat="45.6488910" lon="4.6424040">
    <ele>552.0</ele>
   </trkpt>
   <trkpt lat="45.6489150" lon="4.6424300">
    <ele>552.0</ele>
   </trkpt>
   <trkpt lat="45.6489380" lon="4.6424560">
    <ele>552.0</ele>
   </trkpt>
   <trkpt lat="45.6489680" lon="4.6424700">
    <ele>552.0</ele>
   </trkpt>
   <trkpt lat="45.6489970" lon="4.6424830">
    <ele>552.0</ele>
   </trkpt>
   <trkpt lat="45.6490290" lon="4.6424860">
    <ele>553.0</ele>
   </trkpt>
   <trkpt lat="45.6490610" lon="4.6424900">
    <ele>553.0</ele>
   </trkpt>
   <trkpt lat="45.6490910" lon="4.6424860">
    <ele>553.0</ele>
   </trkpt>
   <trkpt lat="45.6491210" lon="4.6424830">
    <ele>553.0</ele>
   </trkpt>
   <trkpt lat="45.6491510" lon="4.6424780">
    <ele>553.0</ele>
   </trkpt>
   <trkpt lat="45.6491810" lon="4.6424740">
    <ele>554.0</ele>
   </trkpt>
   <trkpt lat="45.6492130" lon="4.6424660">
    <ele>554.0</ele>
   </trkpt>
   <trkpt lat="45.6492450" lon="4.6424580">
    <ele>554.0</ele>
   </trkpt>
   <trkpt lat="45.6492770" lon="4.6424470">
    <ele>554.0</ele>
   </trkpt>
   <trkpt lat="45.6493100" lon="4.6424360">
    <ele>554.0</ele>
   </trkpt>
   <trkpt lat="45.6493430" lon="4.6424300">
    <ele>555.0</ele>
   </trkpt>
   <trkpt lat="45.6493760" lon="4.6424240">
    <ele>555.0</ele>
   </trkpt>
   <trkpt lat="45.6494090" lon="4.6424370">
    <ele>555.0</ele>
   </trkpt>
   <trkpt lat="45.6494410" lon="4.6424510">
    <ele>556.0</ele>
   </trkpt>
   <trkpt lat="45.6494720" lon="4.6424840">
    <ele>556.0</ele>
   </trkpt>
   <trkpt lat="45.6495040" lon="4.6425180">
    <ele>557.0</ele>
   </trkpt>
   <trkpt lat="45.6495320" lon="4.6425650">
    <ele>557.0</ele>
   </trkpt>
   <trkpt lat="45.6495600" lon="4.6426110">
    <ele>557.0</ele>
   </trkpt>
   <trkpt lat="45.6495850" lon="4.6426610">
    <ele>557.0</ele>
   </trkpt>
   <trkpt lat="45.6496110" lon="4.6427110">
    <ele>557.0</ele>
   </trkpt>
   <trkpt lat="45.6496350" lon="4.6427620">
    <ele>557.0</ele>
   </trkpt>
   <trkpt lat="45.6496600" lon="4.6428130">
    <ele>556.0</ele>
   </trkpt>
   <trkpt lat="45.6496830" lon="4.6428630">
    <ele>556.0</ele>
   </trkpt>
   <trkpt lat="45.6497070" lon="4.6429130">
    <ele>555.0</ele>
   </trkpt>
   <trkpt lat="45.6497300" lon="4.6429630">
    <ele>555.0</ele>
   </trkpt>
   <trkpt lat="45.6497530" lon="4.6430130">
    <ele>555.0</ele>
   </trkpt>
   <trkpt lat="45.6497760" lon="4.6430640">
    <ele>554.0</ele>
   </trkpt>
   <trkpt lat="45.6498000" lon="4.6431140">
    <ele>554.0</ele>
   </trkpt>
   <trkpt lat="45.6498230" lon="4.6431660">
    <ele>554.0</ele>
   </trkpt>
   <trkpt lat="45.6498460" lon="4.6432180">
    <ele>554.0</ele>
   </trkpt>
   <trkpt lat="45.6498680" lon="4.6432710">
    <ele>554.0</ele>
   </trkpt>
   <trkpt lat="45.6498910" lon="4.6433250">
    <ele>553.0</ele>
   </trkpt>
   <trkpt lat="45.6499140" lon="4.6433780">
    <ele>553.0</ele>
   </trkpt>
   <trkpt lat="45.6499380" lon="4.6434320">
    <ele>552.0</ele>
   </trkpt>
   <trkpt lat="45.6499630" lon="4.6434820">
    <ele>552.0</ele>
   </trkpt>
   <trkpt lat="45.6499890" lon="4.6435330">
    <ele>552.0</ele>
   </trkpt>
   <trkpt lat="45.6500160" lon="4.6435800">
    <ele>551.0</ele>
   </trkpt>
   <trkpt lat="45.6500430" lon="4.6436280">
    <ele>551.0</ele>
   </trkpt>
   <trkpt lat="45.6500700" lon="4.6436740">
    <ele>550.0</ele>
   </trkpt>
   <trkpt lat="45.6500980" lon="4.6437210">
    <ele>550.0</ele>
   </trkpt>
   <trkpt lat="45.6501260" lon="4.6437650">
    <ele>550.0</ele>
   </trkpt>
   <trkpt lat="45.6501550" lon="4.6438090">
    <ele>549.0</ele>
   </trkpt>
   <trkpt lat="45.6501840" lon="4.6438520">
    <ele>549.0</ele>
   </trkpt>
   <trkpt lat="45.6502140" lon="4.6438960">
    <ele>548.0</ele>
   </trkpt>
   <trkpt lat="45.6502430" lon="4.6439400">
    <ele>548.0</ele>
   </trkpt>
   <trkpt lat="45.6502730" lon="4.6439840">
    <ele>548.0</ele>
   </trkpt>
   <trkpt lat="45.6503020" lon="4.6440280">
    <ele>548.0</ele>
   </trkpt>
   <trkpt lat="45.6503310" lon="4.6440730">
    <ele>548.0</ele>
   </trkpt>
   <trkpt lat="45.6503590" lon="4.6441190">
    <ele>548.0</ele>
   </trkpt>
   <trkpt lat="45.6503880" lon="4.6441640">
    <ele>548.0</ele>
   </trkpt>
   <trkpt lat="45.6504150" lon="4.6442110">
    <ele>548.0</ele>
   </trkpt>
   <trkpt lat="45.6504420" lon="4.6442580">
    <ele>547.0</ele>
   </trkpt>
   <trkpt lat="45.6504680" lon="4.6443050">
    <ele>547.0</ele>
   </trkpt>
   <trkpt lat="45.6504940" lon="4.6443530">
    <ele>546.0</ele>
   </trkpt>
   <trkpt lat="45.6505190" lon="4.6444000">
    <ele>546.0</ele>
   </trkpt>
   <trkpt lat="45.6505450" lon="4.6444470">
    <ele>546.0</ele>
   </trkpt>
   <trkpt lat="45.6505740" lon="4.6444860">
    <ele>546.0</ele>
   </trkpt>
   <trkpt lat="45.6506040" lon="4.6445250">
    <ele>546.0</ele>
   </trkpt>
   <trkpt lat="45.6506390" lon="4.6445400">
    <ele>546.0</ele>
   </trkpt>
   <trkpt lat="45.6506750" lon="4.6445550">
    <ele>546.0</ele>
   </trkpt>
   <trkpt lat="45.6507140" lon="4.6445510">
    <ele>546.0</ele>
   </trkpt>
   <trkpt lat="45.6507540" lon="4.6445470">
    <ele>546.0</ele>
   </trkpt>
   <trkpt lat="45.6507950" lon="4.6445370">
    <ele>546.0</ele>
   </trkpt>
   <trkpt lat="45.6508360" lon="4.6445270">
    <ele>546.0</ele>
   </trkpt>
   <trkpt lat="45.6508780" lon="4.6445150">
    <ele>546.0</ele>
   </trkpt>
   <trkpt lat="45.6509200" lon="4.6445030">
    <ele>546.0</ele>
   </trkpt>
   <trkpt lat="45.6509610" lon="4.6444890">
    <ele>545.0</ele>
   </trkpt>
   <trkpt lat="45.6510020" lon="4.6444740">
    <ele>545.0</ele>
   </trkpt>
   <trkpt lat="45.6510430" lon="4.6444600">
    <ele>545.0</ele>
   </trkpt>
   <trkpt lat="45.6510830" lon="4.6444460">
    <ele>545.0</ele>
   </trkpt>
   <trkpt lat="45.6511230" lon="4.6444340">
    <ele>545.0</ele>
   </trkpt>
   <trkpt lat="45.6511630" lon="4.6444220">
    <ele>545.0</ele>
   </trkpt>
   <trkpt lat="45.6512030" lon="4.6444100">
    <ele>545.0</ele>
   </trkpt>
   <trkpt lat="45.6512420" lon="4.6443990">
    <ele>545.0</ele>
   </trkpt>
   <trkpt lat="45.6512810" lon="4.6443850">
    <ele>545.0</ele>
   </trkpt>
   <trkpt lat="45.6513210" lon="4.6443710">
    <ele>545.0</ele>
   </trkpt>
   <trkpt lat="45.6513600" lon="4.6443500">
    <ele>545.0</ele>
   </trkpt>
   <trkpt lat="45.6513990" lon="4.6443300">
    <ele>545.0</ele>
   </trkpt>
   <trkpt lat="45.6514380" lon="4.6443040">
    <ele>545.0</ele>
   </trkpt>
   <trkpt lat="45.6514760" lon="4.6442780">
    <ele>545.0</ele>
   </trkpt>
   <trkpt lat="45.6515130" lon="4.6442480">
    <ele>545.0</ele>
   </trkpt>
   <trkpt lat="45.6515500" lon="4.6442180">
    <ele>544.0</ele>
   </trkpt>
   <trkpt lat="45.6515860" lon="4.6441840">
    <ele>544.0</ele>
   </trkpt>
   <trkpt lat="45.6516210" lon="4.6441500">
    <ele>544.0</ele>
   </trkpt>
   <trkpt lat="45.6516560" lon="4.6441140">
    <ele>544.0</ele>
   </trkpt>
   <trkpt lat="45.6516910" lon="4.6440790">
    <ele>544.0</ele>
   </trkpt>
   <trkpt lat="45.6517260" lon="4.6440420">
    <ele>544.0</ele>
   </trkpt>
   <trkpt lat="45.6517610" lon="4.6440050">
    <ele>544.0</ele>
   </trkpt>
   <trkpt lat="45.6517970" lon="4.6439690">
    <ele>544.0</ele>
   </trkpt>
   <trkpt lat="45.6518320" lon="4.6439330">
    <ele>544.0</ele>
   </trkpt>
   <trkpt lat="45.6518680" lon="4.6438960">
    <ele>544.0</ele>
   </trkpt>
   <trkpt lat="45.6519040" lon="4.6438600">
    <ele>543.0</ele>
   </trkpt>
   <trkpt lat="45.6519400" lon="4.6438230">
    <ele>543.0</ele>
   </trkpt>
   <trkpt lat="45.6519760" lon="4.6437860">
    <ele>542.0</ele>
   </trkpt>
   <trkpt lat="45.6520120" lon="4.6437490">
    <ele>542.0</ele>
   </trkpt>
   <trkpt lat="45.6520490" lon="4.6437120">
    <ele>542.0</ele>
   </trkpt>
   <trkpt lat="45.6520840" lon="4.6436750">
    <ele>541.0</ele>
   </trkpt>
   <trkpt lat="45.6521200" lon="4.6436380">
    <ele>541.0</ele>
   </trkpt>
   <trkpt lat="45.6521550" lon="4.6436010">
    <ele>541.0</ele>
   </trkpt>
   <trkpt lat="45.6521900" lon="4.6435650">
    <ele>541.0</ele>
   </trkpt>
   <trkpt lat="45.6522260" lon="4.6435290">
    <ele>541.0</ele>
   </trkpt>
   <trkpt lat="45.6522610" lon="4.6434940">
    <ele>540.0</ele>
   </trkpt>
   <trkpt lat="45.6522980" lon="4.6434580">
    <ele>540.0</ele>
   </trkpt>
   <trkpt lat="45.6523350" lon="4.6434220">
    <ele>539.0</ele>
   </trkpt>
   <trkpt lat="45.6523730" lon="4.6433870">
    <ele>539.0</ele>
   </trkpt>
   <trkpt lat="45.6524100" lon="4.6433520">
    <ele>539.0</ele>
   </trkpt>
   <trkpt lat="45.6524480" lon="4.6433210">
    <ele>538.0</ele>
   </trkpt>
   <trkpt lat="45.6524870" lon="4.6432900">
    <ele>538.0</ele>
   </trkpt>
   <trkpt lat="45.6525280" lon="4.6432670">
    <ele>538.0</ele>
   </trkpt>
   <trkpt lat="45.6525700" lon="4.6432440">
    <ele>538.0</ele>
   </trkpt>
   <trkpt lat="45.6526130" lon="4.6432240">
    <ele>538.0</ele>
   </trkpt>
   <trkpt lat="45.6526550" lon="4.6432050">
    <ele>537.0</ele>
   </trkpt>
   <trkpt lat="45.6526970" lon="4.6431880">
    <ele>537.0</ele>
   </trkpt>
   <trkpt lat="45.6527390" lon="4.6431710">
    <ele>536.0</ele>
   </trkpt>
   <trkpt lat="45.6527810" lon="4.6431530">
    <ele>536.0</ele>
   </trkpt>
   <trkpt lat="45.6528220" lon="4.6431360">
    <ele>536.0</ele>
   </trkpt>
   <trkpt lat="45.6528650" lon="4.6431150">
    <ele>535.0</ele>
   </trkpt>
   <trkpt lat="45.6529070" lon="4.6430950">
    <ele>535.0</ele>
   </trkpt>
   <trkpt lat="45.6529500" lon="4.6430730">
    <ele>534.0</ele>
   </trkpt>
   <trkpt lat="45.6529920" lon="4.6430520">
    <ele>534.0</ele>
   </trkpt>
   <trkpt lat="45.6530330" lon="4.6430290">
    <ele>534.0</ele>
   </trkpt>
   <trkpt lat="45.6530730" lon="4.6430060">
    <ele>533.0</ele>
   </trkpt>
   <trkpt lat="45.6531120" lon="4.6429810">
    <ele>533.0</ele>
   </trkpt>
   <trkpt lat="45.6531520" lon="4.6429560">
    <ele>532.0</ele>
   </trkpt>
   <trkpt lat="45.6531900" lon="4.6429260">
    <ele>532.0</ele>
   </trkpt>
   <trkpt lat="45.6532290" lon="4.6428970">
    <ele>532.0</ele>
   </trkpt>
   <trkpt lat="45.6532700" lon="4.6428680">
    <ele>531.0</ele>
   </trkpt>
   <trkpt lat="45.6533110" lon="4.6428390">
    <ele>530.0</ele>
   </trkpt>
   <trkpt lat="45.6533550" lon="4.6428130">
    <ele>530.0</ele>
   </trkpt>
   <trkpt lat="45.6533990" lon="4.6427880">
    <ele>529.0</ele>
   </trkpt>
   <trkpt lat="45.6534430" lon="4.6427690">
    <ele>529.0</ele>
   </trkpt>
   <trkpt lat="45.6534880" lon="4.6427510">
    <ele>527.0</ele>
   </trkpt>
   <trkpt lat="45.6535320" lon="4.6427430">
    <ele>526.0</ele>
   </trkpt>
   <trkpt lat="45.6535770" lon="4.6427350">
    <ele>525.0</ele>
   </trkpt>
   <trkpt lat="45.6536220" lon="4.6427350">
    <ele>524.0</ele>
   </trkpt>
   <trkpt lat="45.6536670" lon="4.6427360">
    <ele>523.0</ele>
   </trkpt>
   <trkpt lat="45.6537130" lon="4.6427410">
    <ele>522.0</ele>
   </trkpt>
   <trkpt lat="45.6537590" lon="4.6427460">
    <ele>521.0</ele>
   </trkpt>
   <trkpt lat="45.6538030" lon="4.6427510">
    <ele>520.0</ele>
   </trkpt>
   <trkpt lat="45.6538480" lon="4.6427560">
    <ele>519.0</ele>
   </trkpt>
   <trkpt lat="45.6538910" lon="4.6427590">
    <ele>519.0</ele>
   </trkpt>
   <trkpt lat="45.6539350" lon="4.6427620">
    <ele>517.0</ele>
   </trkpt>
   <trkpt lat="45.6539800" lon="4.6427660">
    <ele>516.0</ele>
   </trkpt>
   <trkpt lat="45.6540250" lon="4.6427700">
    <ele>515.0</ele>
   </trkpt>
   <trkpt lat="45.6540710" lon="4.6427750">
    <ele>514.0</ele>
   </trkpt>
   <trkpt lat="45.6541170" lon="4.6427800">
    <ele>513.0</ele>
   </trkpt>
   <trkpt lat="45.6541620" lon="4.6427870">
    <ele>512.0</ele>
   </trkpt>
   <trkpt lat="45.6542080" lon="4.6427930">
    <ele>511.0</ele>
   </trkpt>
   <trkpt lat="45.6542540" lon="4.6427980">
    <ele>511.0</ele>
   </trkpt>
   <trkpt lat="45.6543000" lon="4.6428040">
    <ele>510.0</ele>
   </trkpt>
   <trkpt lat="45.6543460" lon="4.6428070">
    <ele>510.0</ele>
   </trkpt>
   <trkpt lat="45.6543920" lon="4.6428110">
    <ele>509.0</ele>
   </trkpt>
   <trkpt lat="45.6544370" lon="4.6428130">
    <ele>508.0</ele>
   </trkpt>
   <trkpt lat="45.6544820" lon="4.6428150">
    <ele>507.0</ele>
   </trkpt>
   <trkpt lat="45.6545270" lon="4.6428100">
    <ele>506.0</ele>
   </trkpt>
   <trkpt lat="45.6545730" lon="4.6428060">
    <ele>506.0</ele>
   </trkpt>
   <trkpt lat="45.6546150" lon="4.6427860">
    <ele>505.0</ele>
   </trkpt>
   <trkpt lat="45.6546580" lon="4.6427670">
    <ele>504.0</ele>
   </trkpt>
   <trkpt lat="45.6546940" lon="4.6427280">
    <ele>504.0</ele>
   </trkpt>
   <trkpt lat="45.6547300" lon="4.6426890">
    <ele>503.0</ele>
   </trkpt>
   <trkpt lat="45.6547610" lon="4.6426410">
    <ele>503.0</ele>
   </trkpt>
   <trkpt lat="45.6547910" lon="4.6425930">
    <ele>502.0</ele>
   </trkpt>
   <trkpt lat="45.6548210" lon="4.6425430">
    <ele>501.0</ele>
   </trkpt>
   <trkpt lat="45.6548500" lon="4.6424930">
    <ele>500.0</ele>
   </trkpt>
   <trkpt lat="45.6548820" lon="4.6424470">
    <ele>499.0</ele>
   </trkpt>
   <trkpt lat="45.6549140" lon="4.6424020">
    <ele>499.0</ele>
   </trkpt>
   <trkpt lat="45.6549470" lon="4.6423560">
    <ele>498.0</ele>
   </trkpt>
   <trkpt lat="45.6549810" lon="4.6423100">
    <ele>497.0</ele>
   </trkpt>
   <trkpt lat="45.6550130" lon="4.6422610">
    <ele>497.0</ele>
   </trkpt>
   <trkpt lat="45.6550450" lon="4.6422110">
    <ele>496.0</ele>
   </trkpt>
   <trkpt lat="45.6550760" lon="4.6421600">
    <ele>496.0</ele>
   </trkpt>
   <trkpt lat="45.6551070" lon="4.6421090">
    <ele>495.0</ele>
   </trkpt>
   <trkpt lat="45.6551380" lon="4.6420600">
    <ele>494.0</ele>
   </trkpt>
   <trkpt lat="45.6551680" lon="4.6420100">
    <ele>494.0</ele>
   </trkpt>
   <trkpt lat="45.6552000" lon="4.6419620">
    <ele>493.0</ele>
   </trkpt>
   <trkpt lat="45.6552310" lon="4.6419130">
    <ele>493.0</ele>
   </trkpt>
   <trkpt lat="45.6552640" lon="4.6418630">
    <ele>492.0</ele>
   </trkpt>
   <trkpt lat="45.6552960" lon="4.6418130">
    <ele>492.0</ele>
   </trkpt>
   <trkpt lat="45.6553270" lon="4.6417630">
    <ele>491.0</ele>
   </trkpt>
   <trkpt lat="45.6553590" lon="4.6417130">
    <ele>491.0</ele>
   </trkpt>
   <trkpt lat="45.6553900" lon="4.6416670">
    <ele>491.0</ele>
   </trkpt>
   <trkpt lat="45.6554220" lon="4.6416210">
    <ele>490.0</ele>
   </trkpt>
   <trkpt lat="45.6554540" lon="4.6415780">
    <ele>489.0</ele>
   </trkpt>
   <trkpt lat="45.6554870" lon="4.6415340">
    <ele>489.0</ele>
   </trkpt>
   <trkpt lat="45.6555190" lon="4.6414930">
    <ele>488.0</ele>
   </trkpt>
   <trkpt lat="45.6555510" lon="4.6414520">
    <ele>488.0</ele>
   </trkpt>
   <trkpt lat="45.6555840" lon="4.6414130">
    <ele>487.0</ele>
   </trkpt>
   <trkpt lat="45.6556160" lon="4.6413750">
    <ele>487.0</ele>
   </trkpt>
   <trkpt lat="45.6556480" lon="4.6413380">
    <ele>487.0</ele>
   </trkpt>
   <trkpt lat="45.6556810" lon="4.6413010">
    <ele>487.0</ele>
   </trkpt>
   <trkpt lat="45.6557140" lon="4.6412630">
    <ele>487.0</ele>
   </trkpt>
   <trkpt lat="45.6557460" lon="4.6412250">
    <ele>486.0</ele>
   </trkpt>
   <trkpt lat="45.6557800" lon="4.6411890">
    <ele>485.0</ele>
   </trkpt>
   <trkpt lat="45.6558140" lon="4.6411540">
    <ele>484.0</ele>
   </trkpt>
   <trkpt lat="45.6558490" lon="4.6411180">
    <ele>483.0</ele>
   </trkpt>
   <trkpt lat="45.6558840" lon="4.6410830">
    <ele>483.0</ele>
   </trkpt>
   <trkpt lat="45.6559200" lon="4.6410460">
    <ele>483.0</ele>
   </trkpt>
   <trkpt lat="45.6559560" lon="4.6410100">
    <ele>483.0</ele>
   </trkpt>
   <trkpt lat="45.6559930" lon="4.6409770">
    <ele>483.0</ele>
   </trkpt>
   <trkpt lat="45.6560300" lon="4.6409440">
    <ele>483.0</ele>
   </trkpt>
   <trkpt lat="45.6560670" lon="4.6409130">
    <ele>483.0</ele>
   </trkpt>
   <trkpt lat="45.6561040" lon="4.6408830">
    <ele>482.0</ele>
   </trkpt>
   <trkpt lat="45.6561390" lon="4.6408530">
    <ele>481.0</ele>
   </trkpt>
   <trkpt lat="45.6561740" lon="4.6408240">
    <ele>480.0</ele>
   </trkpt>
   <trkpt lat="45.6562080" lon="4.6407980">
    <ele>479.0</ele>
   </trkpt>
   <trkpt lat="45.6562430" lon="4.6407720">
    <ele>478.0</ele>
   </trkpt>
   <trkpt lat="45.6562780" lon="4.6407480">
    <ele>477.0</ele>
   </trkpt>
   <trkpt lat="45.6563140" lon="4.6407250">
    <ele>476.0</ele>
   </trkpt>
   <trkpt lat="45.6563500" lon="4.6407000">
    <ele>475.0</ele>
   </trkpt>
   <trkpt lat="45.6563860" lon="4.6406750">
    <ele>474.0</ele>
   </trkpt>
   <trkpt lat="45.6564250" lon="4.6406490">
    <ele>473.0</ele>
   </trkpt>
   <trkpt lat="45.6564630" lon="4.6406240">
    <ele>471.0</ele>
   </trkpt>
   <trkpt lat="45.6565040" lon="4.6406010">
    <ele>470.0</ele>
   </trkpt>
   <trkpt lat="45.6565450" lon="4.6405780">
    <ele>469.0</ele>
   </trkpt>
   <trkpt lat="45.6565870" lon="4.6405590">
    <ele>468.0</ele>
   </trkpt>
   <trkpt lat="45.6566280" lon="4.6405390">
    <ele>467.0</ele>
   </trkpt>
   <trkpt lat="45.6566690" lon="4.6405190">
    <ele>466.0</ele>
   </trkpt>
   <trkpt lat="45.6567100" lon="4.6404990">
    <ele>465.0</ele>
   </trkpt>
   <trkpt lat="45.6567490" lon="4.6404740">
    <ele>464.0</ele>
   </trkpt>
   <trkpt lat="45.6567890" lon="4.6404490">
    <ele>463.0</ele>
   </trkpt>
   <trkpt lat="45.6568280" lon="4.6404200">
    <ele>463.0</ele>
   </trkpt>
   <trkpt lat="45.6568670" lon="4.6403920">
    <ele>462.0</ele>
   </trkpt>
   <trkpt lat="45.6569070" lon="4.6403640">
    <ele>461.0</ele>
   </trkpt>
   <trkpt lat="45.6569460" lon="4.6403350">
    <ele>460.0</ele>
   </trkpt>
   <trkpt lat="45.6569870" lon="4.6403070">
    <ele>459.0</ele>
   </trkpt>
   <trkpt lat="45.6570270" lon="4.6402790">
    <ele>458.0</ele>
   </trkpt>
   <trkpt lat="45.6570700" lon="4.6402500">
    <ele>457.0</ele>
   </trkpt>
   <trkpt lat="45.6571120" lon="4.6402220">
    <ele>456.0</ele>
   </trkpt>
   <trkpt lat="45.6571550" lon="4.6401930">
    <ele>456.0</ele>
   </trkpt>
   <trkpt lat="45.6571980" lon="4.6401640">
    <ele>455.0</ele>
   </trkpt>
   <trkpt lat="45.6572400" lon="4.6401350">
    <ele>455.0</ele>
   </trkpt>
   <trkpt lat="45.6572810" lon="4.6401060">
    <ele>453.0</ele>
   </trkpt>
   <trkpt lat="45.6573190" lon="4.6400770">
    <ele>452.0</ele>
   </trkpt>
   <trkpt lat="45.6573570" lon="4.6400490">
    <ele>451.0</ele>
   </trkpt>
   <trkpt lat="45.6573860" lon="4.6400130">
    <ele>450.0</ele>
   </trkpt>
   <trkpt lat="45.6574150" lon="4.6399770">
    <ele>449.0</ele>
   </trkpt>
   <trkpt lat="45.6574300" lon="4.6399310">
    <ele>448.0</ele>
   </trkpt>
   <trkpt lat="45.6574450" lon="4.6398850">
    <ele>447.0</ele>
   </trkpt>
   <trkpt lat="45.6574470" lon="4.6398270">
    <ele>446.0</ele>
   </trkpt>
   <trkpt lat="45.6574500" lon="4.6397700">
    <ele>445.0</ele>
   </trkpt>
   <trkpt lat="45.6574540" lon="4.6397100">
    <ele>445.0</ele>
   </trkpt>
   <trkpt lat="45.6574580" lon="4.6396510">
    <ele>444.0</ele>
   </trkpt>
   <trkpt lat="45.6574760" lon="4.6395990">
    <ele>443.0</ele>
   </trkpt>
   <trkpt lat="45.6574940" lon="4.6395470">
    <ele>442.0</ele>
   </trkpt>
   <trkpt lat="45.6575250" lon="4.6395020">
    <ele>441.0</ele>
   </trkpt>
   <trkpt lat="45.6575560" lon="4.6394570">
    <ele>441.0</ele>
   </trkpt>
   <trkpt lat="45.6575930" lon="4.6394190">
    <ele>439.0</ele>
   </trkpt>
   <trkpt lat="45.6576290" lon="4.6393810">
    <ele>438.0</ele>
   </trkpt>
   <trkpt lat="45.6576710" lon="4.6393530">
    <ele>437.0</ele>
   </trkpt>
   <trkpt lat="45.6577120" lon="4.6393240">
    <ele>436.0</ele>
   </trkpt>
   <trkpt lat="45.6577570" lon="4.6393070">
    <ele>435.0</ele>
   </trkpt>
   <trkpt lat="45.6578010" lon="4.6392910">
    <ele>434.0</ele>
   </trkpt>
   <trkpt lat="45.6578470" lon="4.6392860">
    <ele>433.0</ele>
   </trkpt>
   <trkpt lat="45.6578930" lon="4.6392810">
    <ele>432.0</ele>
   </trkpt>
   <trkpt lat="45.6579400" lon="4.6392850">
    <ele>431.0</ele>
   </trkpt>
   <trkpt lat="45.6579870" lon="4.6392890">
    <ele>430.0</ele>
   </trkpt>
   <trkpt lat="45.6580330" lon="4.6392950">
    <ele>429.0</ele>
   </trkpt>
   <trkpt lat="45.6580800" lon="4.6393010">
    <ele>428.0</ele>
   </trkpt>
   <trkpt lat="45.6581240" lon="4.6393080">
    <ele>428.0</ele>
   </trkpt>
   <trkpt lat="45.6581690" lon="4.6393160">
    <ele>427.0</ele>
   </trkpt>
   <trkpt lat="45.6582100" lon="4.6393290">
    <ele>427.0</ele>
   </trkpt>
   <trkpt lat="45.6582510" lon="4.6393410">
    <ele>426.0</ele>
   </trkpt>
   <trkpt lat="45.6582910" lon="4.6393530">
    <ele>425.0</ele>
   </trkpt>
   <trkpt lat="45.6583310" lon="4.6393640">
    <ele>424.0</ele>
   </trkpt>
   <trkpt lat="45.6583690" lon="4.6393700">
    <ele>423.0</ele>
   </trkpt>
   <trkpt lat="45.6584080" lon="4.6393750">
    <ele>422.0</ele>
   </trkpt>
   <trkpt lat="45.6584480" lon="4.6393770">
    <ele>421.0</ele>
   </trkpt>
   <trkpt lat="45.6584880" lon="4.6393790">
    <ele>420.0</ele>
   </trkpt>
   <trkpt lat="45.6585290" lon="4.6393780">
    <ele>419.0</ele>
   </trkpt>
   <trkpt lat="45.6585700" lon="4.6393780">
    <ele>418.0</ele>
   </trkpt>
   <trkpt lat="45.6586100" lon="4.6393750">
    <ele>418.0</ele>
   </trkpt>
   <trkpt lat="45.6586510" lon="4.6393710">
    <ele>417.0</ele>
   </trkpt>
   <trkpt lat="45.6586920" lon="4.6393700">
    <ele>416.0</ele>
   </trkpt>
   <trkpt lat="45.6587340" lon="4.6393690">
    <ele>415.0</ele>
   </trkpt>
   <trkpt lat="45.6587760" lon="4.6393780">
    <ele>414.0</ele>
   </trkpt>
   <trkpt lat="45.6588190" lon="4.6393870">
    <ele>414.0</ele>
   </trkpt>
   <trkpt lat="45.6588600" lon="4.6394050">
    <ele>413.0</ele>
   </trkpt>
   <trkpt lat="45.6589020" lon="4.6394230">
    <ele>412.0</ele>
   </trkpt>
   <trkpt lat="45.6589430" lon="4.6394470">
    <ele>411.0</ele>
   </trkpt>
   <trkpt lat="45.6589840" lon="4.6394720">
    <ele>410.0</ele>
   </trkpt>
   <trkpt lat="45.6590240" lon="4.6394960">
    <ele>409.0</ele>
   </trkpt>
   <trkpt lat="45.6590650" lon="4.6395210">
    <ele>408.0</ele>
   </trkpt>
   <trkpt lat="45.6591040" lon="4.6395380">
    <ele>407.0</ele>
   </trkpt>
   <trkpt lat="45.6591430" lon="4.6395550">
    <ele>406.0</ele>
   </trkpt>
   <trkpt lat="45.6591790" lon="4.6395510">
    <ele>405.0</ele>
   </trkpt>
   <trkpt lat="45.6592150" lon="4.6395470">
    <ele>405.0</ele>
   </trkpt>
   <trkpt lat="45.6592460" lon="4.6395170">
    <ele>404.0</ele>
   </trkpt>
   <trkpt lat="45.6592780" lon="4.6394880">
    <ele>404.0</ele>
   </trkpt>
   <trkpt lat="45.6593120" lon="4.6394460">
    <ele>403.0</ele>
   </trkpt>
   <trkpt lat="45.6593450" lon="4.6394030">
    <ele>403.0</ele>
   </trkpt>
   <trkpt lat="45.6593830" lon="4.6393600">
    <ele>403.0</ele>
   </trkpt>
   <trkpt lat="45.6594200" lon="4.6393170">
    <ele>402.0</ele>
   </trkpt>
   <trkpt lat="45.6594580" lon="4.6392790">
    <ele>401.0</ele>
   </trkpt>
   <trkpt lat="45.6594970" lon="4.6392410">
    <ele>400.0</ele>
   </trkpt>
   <trkpt lat="45.6595360" lon="4.6392100">
    <ele>399.0</ele>
   </trkpt>
   <trkpt lat="45.6595760" lon="4.6391780">
    <ele>399.0</ele>
   </trkpt>
   <trkpt lat="45.6596150" lon="4.6391600">
    <ele>398.0</ele>
   </trkpt>
   <trkpt lat="45.6596540" lon="4.6391410">
    <ele>398.0</ele>
   </trkpt>
   <trkpt lat="45.6596900" lon="4.6391510">
    <ele>398.0</ele>
   </trkpt>
   <trkpt lat="45.6597260" lon="4.6391610">
    <ele>398.0</ele>
   </trkpt>
   <trkpt lat="45.6597560" lon="4.6391970">
    <ele>398.0</ele>
   </trkpt>
   <trkpt lat="45.6597860" lon="4.6392330">
    <ele>397.0</ele>
   </trkpt>
   <trkpt lat="45.6598100" lon="4.6392830">
    <ele>397.0</ele>
   </trkpt>
   <trkpt lat="45.6598340" lon="4.6393320">
    <ele>397.0</ele>
   </trkpt>
   <trkpt lat="45.6598510" lon="4.6393870">
    <ele>397.0</ele>
   </trkpt>
   <trkpt lat="45.6598680" lon="4.6394420">
    <ele>397.0</ele>
   </trkpt>
   <trkpt lat="45.6598760" lon="4.6394970">
    <ele>397.0</ele>
   </trkpt>
   <trkpt lat="45.6598850" lon="4.6395520">
    <ele>397.0</ele>
   </trkpt>
   <trkpt lat="45.6598880" lon="4.6396060">
    <ele>397.0</ele>
   </trkpt>
   <trkpt lat="45.6598910" lon="4.6396610">
    <ele>397.0</ele>
   </trkpt>
   <trkpt lat="45.6598900" lon="4.6397160">
    <ele>397.0</ele>
   </trkpt>
   <trkpt lat="45.6598900" lon="4.6397720">
    <ele>397.0</ele>
   </trkpt>
   <trkpt lat="45.6598900" lon="4.6398240">
    <ele>397.0</ele>
   </trkpt>
   <trkpt lat="45.6598910" lon="4.6398760">
    <ele>397.0</ele>
   </trkpt>
   <trkpt lat="45.6599000" lon="4.6399220">
    <ele>397.0</ele>
   </trkpt>
   <trkpt lat="45.6599090" lon="4.6399680">
    <ele>398.0</ele>
   </trkpt>
   <trkpt lat="45.6599270" lon="4.6400050">
    <ele>398.0</ele>
   </trkpt>
   <trkpt lat="45.6599450" lon="4.6400420">
    <ele>398.0</ele>
   </trkpt>
   <trkpt lat="45.6599650" lon="4.6400730">
    <ele>398.0</ele>
   </trkpt>
   <trkpt lat="45.6599850" lon="4.6401050">
    <ele>398.0</ele>
   </trkpt>
   <trkpt lat="45.6600050" lon="4.6401340">
    <ele>399.0</ele>
   </trkpt>
   <trkpt lat="45.6600250" lon="4.6401640">
    <ele>399.0</ele>
   </trkpt>
   <trkpt lat="45.6600450" lon="4.6401930">
    <ele>399.0</ele>
   </trkpt>
   <trkpt lat="45.6600650" lon="4.6402220">
    <ele>399.0</ele>
   </trkpt>
   <trkpt lat="45.6600840" lon="4.6402520">
    <ele>399.0</ele>
   </trkpt>
   <trkpt lat="45.6601040" lon="4.6402820">
    <ele>400.0</ele>
   </trkpt>
   <trkpt lat="45.6601210" lon="4.6403170">
    <ele>400.0</ele>
   </trkpt>
   <trkpt lat="45.6601390" lon="4.6403510">
    <ele>400.0</ele>
   </trkpt>
   <trkpt lat="45.6601530" lon="4.6403880">
    <ele>400.0</ele>
   </trkpt>
   <trkpt lat="45.6601680" lon="4.6404250">
    <ele>400.0</ele>
   </trkpt>
   <trkpt lat="45.6601800" lon="4.6404630">
    <ele>401.0</ele>
   </trkpt>
   <trkpt lat="45.6601930" lon="4.6405010">
    <ele>401.0</ele>
   </trkpt>
   <trkpt lat="45.6602030" lon="4.6405400">
    <ele>402.0</ele>
   </trkpt>
   <trkpt lat="45.6602140" lon="4.6405800">
    <ele>402.0</ele>
   </trkpt>
   <trkpt lat="45.6602200" lon="4.6406180">
    <ele>403.0</ele>
   </trkpt>
   <trkpt lat="45.6602260" lon="4.6406570">
    <ele>404.0</ele>
   </trkpt>
   <trkpt lat="45.6602310" lon="4.6406940">
    <ele>404.0</ele>
   </trkpt>
   <trkpt lat="45.6602360" lon="4.6407320">
    <ele>404.0</ele>
   </trkpt>
   <trkpt lat="45.6602450" lon="4.6407670">
    <ele>405.0</ele>
   </trkpt>
   <trkpt lat="45.6602540" lon="4.6408020">
    <ele>405.0</ele>
   </trkpt>
   <trkpt lat="45.6602640" lon="4.6408370">
    <ele>406.0</ele>
   </trkpt>
   <trkpt lat="45.6602750" lon="4.6408710">
    <ele>406.0</ele>
   </trkpt>
   <trkpt lat="45.6602860" lon="4.6409030">
    <ele>406.0</ele>
   </trkpt>
   <trkpt lat="45.6602980" lon="4.6409350">
    <ele>407.0</ele>
   </trkpt>
   <trkpt lat="45.6603080" lon="4.6409630">
    <ele>407.0</ele>
   </trkpt>
   <trkpt lat="45.6603190" lon="4.6409920">
    <ele>408.0</ele>
   </trkpt>
   <trkpt lat="45.6603240" lon="4.6410230">
    <ele>408.0</ele>
   </trkpt>
   <trkpt lat="45.6603300" lon="4.6410550">
    <ele>408.0</ele>
   </trkpt>
   <trkpt lat="45.6603230" lon="4.6410860">
    <ele>409.0</ele>
   </trkpt>
   <trkpt lat="45.6603160" lon="4.6411170">
    <ele>409.0</ele>
   </trkpt>
   <trkpt lat="45.6602980" lon="4.6411410">
    <ele>410.0</ele>
   </trkpt>
   <trkpt lat="45.6602800" lon="4.6411650">
    <ele>410.0</ele>
   </trkpt>
   <trkpt lat="45.6602550" lon="4.6411780">
    <ele>411.0</ele>
   </trkpt>
   <trkpt lat="45.6602290" lon="4.6411910">
    <ele>411.0</ele>
   </trkpt>
   <trkpt lat="45.6602030" lon="4.6411970">
    <ele>412.0</ele>
   </trkpt>
   <trkpt lat="45.6601760" lon="4.6412040">
    <ele>413.0</ele>
   </trkpt>
   <trkpt lat="45.6601520" lon="4.6412080">
    <ele>413.0</ele>
   </trkpt>
   <trkpt lat="45.6601280" lon="4.6412130">
    <ele>413.0</ele>
   </trkpt>
   <trkpt lat="45.6601060" lon="4.6412170">
    <ele>414.0</ele>
   </trkpt>
   <trkpt lat="45.6600840" lon="4.6412220">
    <ele>414.0</ele>
   </trkpt>
   <trkpt lat="45.6600630" lon="4.6412260">
    <ele>415.0</ele>
   </trkpt>
   <trkpt lat="45.6600410" lon="4.6412300">
    <ele>415.0</ele>
   </trkpt>
   <trkpt lat="45.6600180" lon="4.6412330">
    <ele>415.0</ele>
   </trkpt>
   <trkpt lat="45.6599950" lon="4.6412370">
    <ele>416.0</ele>
   </trkpt>
   <trkpt lat="45.6599720" lon="4.6412380">
    <ele>416.0</ele>
   </trkpt>
   <trkpt lat="45.6599480" lon="4.6412390">
    <ele>417.0</ele>
   </trkpt>
   <trkpt lat="45.6599240" lon="4.6412380">
    <ele>417.0</ele>
   </trkpt>
   <trkpt lat="45.6599000" lon="4.6412380">
    <ele>417.0</ele>
   </trkpt>
   <trkpt lat="45.6598780" lon="4.6412390">
    <ele>418.0</ele>
   </trkpt>
   <trkpt lat="45.6598560" lon="4.6412410">
    <ele>418.0</ele>
   </trkpt>
   <trkpt lat="45.6598360" lon="4.6412450">
    <ele>419.0</ele>
   </trkpt>
   <trkpt lat="45.6598170" lon="4.6412490">
    <ele>419.0</ele>
   </trkpt>
   <trkpt lat="45.6597980" lon="4.6412540">
    <ele>420.0</ele>
   </trkpt>
   <trkpt lat="45.6597790" lon="4.6412590">
    <ele>420.0</ele>
   </trkpt>
   <trkpt lat="45.6597590" lon="4.6412660">
    <ele>421.0</ele>
   </trkpt>
   <trkpt lat="45.6597390" lon="4.6412730">
    <ele>422.0</ele>
   </trkpt>
   <trkpt lat="45.6597190" lon="4.6412810">
    <ele>422.0</ele>
   </trkpt>
   <trkpt lat="45.6596980" lon="4.6412900">
    <ele>422.0</ele>
   </trkpt>
   <trkpt lat="45.6596770" lon="4.6412990">
    <ele>423.0</ele>
   </trkpt>
   <trkpt lat="45.6596550" lon="4.6413080">
    <ele>423.0</ele>
   </trkpt>
   <trkpt lat="45.6596350" lon="4.6413170">
    <ele>424.0</ele>
   </trkpt>
   <trkpt lat="45.6596150" lon="4.6413260">
    <ele>424.0</ele>
   </trkpt>
   <trkpt lat="45.6595940" lon="4.6413360">
    <ele>424.0</ele>
   </trkpt>
   <trkpt lat="45.6595720" lon="4.6413470">
    <ele>425.0</ele>
   </trkpt>
   <trkpt lat="45.6595500" lon="4.6413600">
    <ele>425.0</ele>
   </trkpt>
   <trkpt lat="45.6595280" lon="4.6413740">
    <ele>426.0</ele>
   </trkpt>
   <trkpt lat="45.6595050" lon="4.6413900">
    <ele>426.0</ele>
   </trkpt>
   <trkpt lat="45.6594830" lon="4.6414070">
    <ele>426.0</ele>
   </trkpt>
   <trkpt lat="45.6594620" lon="4.6414260">
    <ele>427.0</ele>
   </trkpt>
   <trkpt lat="45.6594400" lon="4.6414450">
    <ele>427.0</ele>
   </trkpt>
   <trkpt lat="45.6594200" lon="4.6414660">
    <ele>428.0</ele>
   </trkpt>
   <trkpt lat="45.6594000" lon="4.6414860">
    <ele>428.0</ele>
   </trkpt>
   <trkpt lat="45.6593810" lon="4.6415070">
    <ele>428.0</ele>
   </trkpt>
   <trkpt lat="45.6593630" lon="4.6415270">
    <ele>429.0</ele>
   </trkpt>
   <trkpt lat="45.6593470" lon="4.6415530">
    <ele>429.0</ele>
   </trkpt>
   <trkpt lat="45.6593300" lon="4.6415790">
    <ele>430.0</ele>
   </trkpt>
   <trkpt lat="45.6593160" lon="4.6416090">
    <ele>430.0</ele>
   </trkpt>
   <trkpt lat="45.6593020" lon="4.6416390">
    <ele>430.0</ele>
   </trkpt>
   <trkpt lat="45.6592940" lon="4.6416710">
    <ele>431.0</ele>
   </trkpt>
   <trkpt lat="45.6592850" lon="4.6417030">
    <ele>431.0</ele>
   </trkpt>
   <trkpt lat="45.6592810" lon="4.6417330">
    <ele>432.0</ele>
   </trkpt>
   <trkpt lat="45.6592760" lon="4.6417630">
    <ele>432.0</ele>
   </trkpt>
   <trkpt lat="45.6592710" lon="4.6417920">
    <ele>432.0</ele>
   </trkpt>
   <trkpt lat="45.6592670" lon="4.6418210">
    <ele>433.0</ele>
   </trkpt>
   <trkpt lat="45.6592610" lon="4.6418490">
    <ele>433.0</ele>
   </trkpt>
   <trkpt lat="45.6592550" lon="4.6418780">
    <ele>434.0</ele>
   </trkpt>
   <trkpt lat="45.6592460" lon="4.6419080">
    <ele>434.0</ele>
   </trkpt>
   <trkpt lat="45.6592380" lon="4.6419380">
    <ele>434.0</ele>
   </trkpt>
   <trkpt lat="45.6592260" lon="4.6419710">
    <ele>435.0</ele>
   </trkpt>
   <trkpt lat="45.6592150" lon="4.6420040">
    <ele>435.0</ele>
   </trkpt>
   <trkpt lat="45.6592050" lon="4.6420370">
    <ele>436.0</ele>
   </trkpt>
   <trkpt lat="45.6591950" lon="4.6420710">
    <ele>436.0</ele>
   </trkpt>
   <trkpt lat="45.6591950" lon="4.6421030">
    <ele>436.0</ele>
   </trkpt>
   <trkpt lat="45.6591940" lon="4.6421350">
    <ele>437.0</ele>
   </trkpt>
   <trkpt lat="45.6592040" lon="4.6421590">
    <ele>437.0</ele>
   </trkpt>
   <trkpt lat="45.6592140" lon="4.6421840">
    <ele>438.0</ele>
   </trkpt>
   <trkpt lat="45.6592280" lon="4.6422030">
    <ele>438.0</ele>
   </trkpt>
   <trkpt lat="45.6592420" lon="4.6422220">
    <ele>438.0</ele>
   </trkpt>
   <trkpt lat="45.6592580" lon="4.6422380">
    <ele>439.0</ele>
   </trkpt>
   <trkpt lat="45.6592740" lon="4.6422550">
    <ele>439.0</ele>
   </trkpt>
   <trkpt lat="45.6592900" lon="4.6422700">
    <ele>440.0</ele>
   </trkpt>
   <trkpt lat="45.6593060" lon="4.6422850">
    <ele>440.0</ele>
   </trkpt>
   <trkpt lat="45.6593240" lon="4.6422990">
    <ele>440.0</ele>
   </trkpt>
   <trkpt lat="45.6593420" lon="4.6423130">
    <ele>441.0</ele>
   </trkpt>
   <trkpt lat="45.6593620" lon="4.6423250">
    <ele>441.0</ele>
   </trkpt>
   <trkpt lat="45.6593830" lon="4.6423380">
    <ele>442.0</ele>
   </trkpt>
   <trkpt lat="45.6594040" lon="4.6423500">
    <ele>442.0</ele>
   </trkpt>
   <trkpt lat="45.6594250" lon="4.6423610">
    <ele>442.0</ele>
   </trkpt>
   <trkpt lat="45.6594460" lon="4.6423770">
    <ele>443.0</ele>
   </trkpt>
   <trkpt lat="45.6594670" lon="4.6423930">
    <ele>443.0</ele>
   </trkpt>
   <trkpt lat="45.6594850" lon="4.6424170">
    <ele>444.0</ele>
   </trkpt>
   <trkpt lat="45.6595030" lon="4.6424400">
    <ele>444.0</ele>
   </trkpt>
   <trkpt lat="45.6595160" lon="4.6424670">
    <ele>445.0</ele>
   </trkpt>
   <trkpt lat="45.6595300" lon="4.6424940">
    <ele>445.0</ele>
   </trkpt>
   <trkpt lat="45.6595420" lon="4.6425230">
    <ele>446.0</ele>
   </trkpt>
   <trkpt lat="45.6595530" lon="4.6425520">
    <ele>447.0</ele>
   </trkpt>
   <trkpt lat="45.6595640" lon="4.6425830">
    <ele>447.0</ele>
   </trkpt>
   <trkpt lat="45.6595740" lon="4.6426140">
    <ele>447.0</ele>
   </trkpt>
   <trkpt lat="45.6595850" lon="4.6426460">
    <ele>447.0</ele>
   </trkpt>
   <trkpt lat="45.6595960" lon="4.6426790">
    <ele>447.0</ele>
   </trkpt>
   <trkpt lat="45.6596070" lon="4.6427090">
    <ele>448.0</ele>
   </trkpt>
   <trkpt lat="45.6596180" lon="4.6427390">
    <ele>448.0</ele>
   </trkpt>
   <trkpt lat="45.6596310" lon="4.6427670">
    <ele>449.0</ele>
   </trkpt>
   <trkpt lat="45.6596450" lon="4.6427960">
    <ele>449.0</ele>
   </trkpt>
   <trkpt lat="45.6596630" lon="4.6428220">
    <ele>450.0</ele>
   </trkpt>
   <trkpt lat="45.6596810" lon="4.6428480">
    <ele>451.0</ele>
   </trkpt>
   <trkpt lat="45.6597010" lon="4.6428730">
    <ele>451.0</ele>
   </trkpt>
   <trkpt lat="45.6597210" lon="4.6428990">
    <ele>451.0</ele>
   </trkpt>
   <trkpt lat="45.6597420" lon="4.6429280">
    <ele>451.0</ele>
   </trkpt>
   <trkpt lat="45.6597630" lon="4.6429570">
    <ele>451.0</ele>
   </trkpt>
   <trkpt lat="45.6597820" lon="4.6429900">
    <ele>452.0</ele>
   </trkpt>
   <trkpt lat="45.6598020" lon="4.6430240">
    <ele>452.0</ele>
   </trkpt>
   <trkpt lat="45.6598160" lon="4.6430610">
    <ele>452.0</ele>
   </trkpt>
   <trkpt lat="45.6598300" lon="4.6430980">
    <ele>453.0</ele>
   </trkpt>
   <trkpt lat="45.6598370" lon="4.6431380">
    <ele>453.0</ele>
   </trkpt>
   <trkpt lat="45.6598450" lon="4.6431770">
    <ele>454.0</ele>
   </trkpt>
   <trkpt lat="45.6598480" lon="4.6432190">
    <ele>454.0</ele>
   </trkpt>
   <trkpt lat="45.6598510" lon="4.6432620">
    <ele>454.0</ele>
   </trkpt>
   <trkpt lat="45.6598480" lon="4.6433030">
    <ele>454.0</ele>
   </trkpt>
   <trkpt lat="45.6598450" lon="4.6433440">
    <ele>454.0</ele>
   </trkpt>
   <trkpt lat="45.6598390" lon="4.6433830">
    <ele>454.0</ele>
   </trkpt>
   <trkpt lat="45.6598340" lon="4.6434210">
    <ele>454.0</ele>
   </trkpt>
   <trkpt lat="45.6598280" lon="4.6434570">
    <ele>455.0</ele>
   </trkpt>
   <trkpt lat="45.6598210" lon="4.6434930">
    <ele>455.0</ele>
   </trkpt>
   <trkpt lat="45.6598140" lon="4.6435280">
    <ele>456.0</ele>
   </trkpt>
   <trkpt lat="45.6598070" lon="4.6435620">
    <ele>457.0</ele>
   </trkpt>
   <trkpt lat="45.6597990" lon="4.6435950">
    <ele>457.0</ele>
   </trkpt>
   <trkpt lat="45.6597900" lon="4.6436280">
    <ele>457.0</ele>
   </trkpt>
   <trkpt lat="45.6597810" lon="4.6436610">
    <ele>457.0</ele>
   </trkpt>
   <trkpt lat="45.6597720" lon="4.6436930">
    <ele>457.0</ele>
   </trkpt>
   <trkpt lat="45.6597630" lon="4.6437270">
    <ele>457.0</ele>
   </trkpt>
   <trkpt lat="45.6597530" lon="4.6437600">
    <ele>457.0</ele>
   </trkpt>
   <trkpt lat="45.6597430" lon="4.6437940">
    <ele>457.0</ele>
   </trkpt>
   <trkpt lat="45.6597340" lon="4.6438280">
    <ele>458.0</ele>
   </trkpt>
   <trkpt lat="45.6597250" lon="4.6438620">
    <ele>458.0</ele>
   </trkpt>
   <trkpt lat="45.6597160" lon="4.6438960">
    <ele>459.0</ele>
   </trkpt>
   <trkpt lat="45.6597070" lon="4.6439290">
    <ele>459.0</ele>
   </trkpt>
   <trkpt lat="45.6596980" lon="4.6439630">
    <ele>459.0</ele>
   </trkpt>
   <trkpt lat="45.6596890" lon="4.6439960">
    <ele>460.0</ele>
   </trkpt>
   <trkpt lat="45.6596800" lon="4.6440290">
    <ele>460.0</ele>
   </trkpt>
   <trkpt lat="45.6596700" lon="4.6440620">
    <ele>461.0</ele>
   </trkpt>
   <trkpt lat="45.6596610" lon="4.6440950">
    <ele>461.0</ele>
   </trkpt>
   <trkpt lat="45.6596510" lon="4.6441290">
    <ele>461.0</ele>
   </trkpt>
   <trkpt lat="45.6596410" lon="4.6441630">
    <ele>462.0</ele>
   </trkpt>
   <trkpt lat="45.6596310" lon="4.6441980">
    <ele>462.0</ele>
   </trkpt>
   <trkpt lat="45.6596220" lon="4.6442320">
    <ele>463.0</ele>
   </trkpt>
   <trkpt lat="45.6596130" lon="4.6442670">
    <ele>463.0</ele>
   </trkpt>
   <trkpt lat="45.6596030" lon="4.6443010">
    <ele>463.0</ele>
   </trkpt>
   <trkpt lat="45.6595930" lon="4.6443350">
    <ele>464.0</ele>
   </trkpt>
   <trkpt lat="45.6595830" lon="4.6443680">
    <ele>464.0</ele>
   </trkpt>
   <trkpt lat="45.6595720" lon="4.6444000">
    <ele>465.0</ele>
   </trkpt>
   <trkpt lat="45.6595610" lon="4.6444330">
    <ele>465.0</ele>
   </trkpt>
   <trkpt lat="45.6595460" lon="4.6444610">
    <ele>465.0</ele>
   </trkpt>
   <trkpt lat="45.6595320" lon="4.6444900">
    <ele>466.0</ele>
   </trkpt>
   <trkpt lat="45.6595150" lon="4.6445150">
    <ele>466.0</ele>
   </trkpt>
   <trkpt lat="45.6594980" lon="4.6445400">
    <ele>467.0</ele>
   </trkpt>
   <trkpt lat="45.6594780" lon="4.6445620">
    <ele>467.0</ele>
   </trkpt>
   <trkpt lat="45.6594580" lon="4.6445840">
    <ele>467.0</ele>
   </trkpt>
   <trkpt lat="45.6594380" lon="4.6446050">
    <ele>467.0</ele>
   </trkpt>
   <trkpt lat="45.6594180" lon="4.6446250">
    <ele>467.0</ele>
   </trkpt>
   <trkpt lat="45.6593980" lon="4.6446440">
    <ele>468.0</ele>
   </trkpt>
   <trkpt lat="45.6593780" lon="4.6446640">
    <ele>468.0</ele>
   </trkpt>
   <trkpt lat="45.6593580" lon="4.6446790">
    <ele>468.0</ele>
   </trkpt>
   <trkpt lat="45.6593380" lon="4.6446940">
    <ele>469.0</ele>
   </trkpt>
   <trkpt lat="45.6593190" lon="4.6447050">
    <ele>469.0</ele>
   </trkpt>
   <trkpt lat="45.6593000" lon="4.6447170">
    <ele>470.0</ele>
   </trkpt>
   <trkpt lat="45.6592820" lon="4.6447290">
    <ele>470.0</ele>
   </trkpt>
   <trkpt lat="45.6592630" lon="4.6447400">
    <ele>470.0</ele>
   </trkpt>
   <trkpt lat="45.6592460" lon="4.6447550">
    <ele>471.0</ele>
   </trkpt>
   <trkpt lat="45.6592280" lon="4.6447700">
    <ele>471.0</ele>
   </trkpt>
   <trkpt lat="45.6592130" lon="4.6447890">
    <ele>472.0</ele>
   </trkpt>
   <trkpt lat="45.6591980" lon="4.6448080">
    <ele>472.0</ele>
   </trkpt>
   <trkpt lat="45.6591850" lon="4.6448310">
    <ele>472.0</ele>
   </trkpt>
   <trkpt lat="45.6591730" lon="4.6448540">
    <ele>473.0</ele>
   </trkpt>
   <trkpt lat="45.6591670" lon="4.6448810">
    <ele>473.0</ele>
   </trkpt>
   <trkpt lat="45.6591610" lon="4.6449080">
    <ele>474.0</ele>
   </trkpt>
   <trkpt lat="45.6591610" lon="4.6449380">
    <ele>474.0</ele>
   </trkpt>
   <trkpt lat="45.6591620" lon="4.6449670">
    <ele>474.0</ele>
   </trkpt>
   <trkpt lat="45.6591660" lon="4.6449980">
    <ele>475.0</ele>
   </trkpt>
   <trkpt lat="45.6591700" lon="4.6450290">
    <ele>475.0</ele>
   </trkpt>
   <trkpt lat="45.6591730" lon="4.6450590">
    <ele>476.0</ele>
   </trkpt>
   <trkpt lat="45.6591770" lon="4.6450890">
    <ele>476.0</ele>
   </trkpt>
   <trkpt lat="45.6591800" lon="4.6451190">
    <ele>477.0</ele>
   </trkpt>
   <trkpt lat="45.6591830" lon="4.6451490">
    <ele>477.0</ele>
   </trkpt>
   <trkpt lat="45.6591860" lon="4.6451770">
    <ele>478.0</ele>
   </trkpt>
   <trkpt lat="45.6591900" lon="4.6452050">
    <ele>479.0</ele>
   </trkpt>
   <trkpt lat="45.6591960" lon="4.6452310">
    <ele>479.0</ele>
   </trkpt>
   <trkpt lat="45.6592010" lon="4.6452570">
    <ele>479.0</ele>
   </trkpt>
   <trkpt lat="45.6592090" lon="4.6452850">
    <ele>479.0</ele>
   </trkpt>
   <trkpt lat="45.6592170" lon="4.6453130">
    <ele>479.0</ele>
   </trkpt>
   <trkpt lat="45.6592260" lon="4.6453420">
    <ele>480.0</ele>
   </trkpt>
   <trkpt lat="45.6592360" lon="4.6453720">
    <ele>480.0</ele>
   </trkpt>
   <trkpt lat="45.6592450" lon="4.6454040">
    <ele>481.0</ele>
   </trkpt>
   <trkpt lat="45.6592530" lon="4.6454360">
    <ele>481.0</ele>
   </trkpt>
   <trkpt lat="45.6592640" lon="4.6454710">
    <ele>482.0</ele>
   </trkpt>
   <trkpt lat="45.6592750" lon="4.6455050">
    <ele>483.0</ele>
   </trkpt>
   <trkpt lat="45.6592860" lon="4.6455400">
    <ele>483.0</ele>
   </trkpt>
   <trkpt lat="45.6592980" lon="4.6455750">
    <ele>483.0</ele>
   </trkpt>
   <trkpt lat="45.6593070" lon="4.6456100">
    <ele>483.0</ele>
   </trkpt>
   <trkpt lat="45.6593160" lon="4.6456460">
    <ele>483.0</ele>
   </trkpt>
   <trkpt lat="45.6593220" lon="4.6456820">
    <ele>484.0</ele>
   </trkpt>
   <trkpt lat="45.6593270" lon="4.6457170">
    <ele>484.0</ele>
   </trkpt>
   <trkpt lat="45.6593310" lon="4.6457530">
    <ele>484.0</ele>
   </trkpt>
   <trkpt lat="45.6593340" lon="4.6457890">
    <ele>484.0</ele>
   </trkpt>
   <trkpt lat="45.6593340" lon="4.6458220">
    <ele>484.0</ele>
   </trkpt>
   <trkpt lat="45.6593350" lon="4.6458560">
    <ele>485.0</ele>
   </trkpt>
   <trkpt lat="45.6593340" lon="4.6458880">
    <ele>485.0</ele>
   </trkpt>
   <trkpt lat="45.6593330" lon="4.6459200">
    <ele>485.0</ele>
   </trkpt>
   <trkpt lat="45.6593310" lon="4.6459500">
    <ele>486.0</ele>
   </trkpt>
   <trkpt lat="45.6593280" lon="4.6459810">
    <ele>486.0</ele>
   </trkpt>
   <trkpt lat="45.6593220" lon="4.6460110">
    <ele>487.0</ele>
   </trkpt>
   <trkpt lat="45.6593170" lon="4.6460410">
    <ele>487.0</ele>
   </trkpt>
   <trkpt lat="45.6593100" lon="4.6460700">
    <ele>487.0</ele>
   </trkpt>
   <trkpt lat="45.6593030" lon="4.6460990">
    <ele>488.0</ele>
   </trkpt>
   <trkpt lat="45.6592970" lon="4.6461280">
    <ele>488.0</ele>
   </trkpt>
   <trkpt lat="45.6592910" lon="4.6461560">
    <ele>489.0</ele>
   </trkpt>
   <trkpt lat="45.6592820" lon="4.6461840">
    <ele>489.0</ele>
   </trkpt>
   <trkpt lat="45.6592730" lon="4.6462120">
    <ele>489.0</ele>
   </trkpt>
   <trkpt lat="45.6592590" lon="4.6462400">
    <ele>490.0</ele>
   </trkpt>
   <trkpt lat="45.6592460" lon="4.6462690">
    <ele>490.0</ele>
   </trkpt>
   <trkpt lat="45.6592320" lon="4.6462980">
    <ele>491.0</ele>
   </trkpt>
   <trkpt lat="45.6592170" lon="4.6463270">
    <ele>491.0</ele>
   </trkpt>
   <trkpt lat="45.6592080" lon="4.6463580">
    <ele>491.0</ele>
   </trkpt>
   <trkpt lat="45.6591990" lon="4.6463880">
    <ele>492.0</ele>
   </trkpt>
   <trkpt lat="45.6591960" lon="4.6464200">
    <ele>492.0</ele>
   </trkpt>
   <trkpt lat="45.6591930" lon="4.6464520">
    <ele>493.0</ele>
   </trkpt>
   <trkpt lat="45.6591940" lon="4.6464860">
    <ele>493.0</ele>
   </trkpt>
   <trkpt lat="45.6591950" lon="4.6465210">
    <ele>493.0</ele>
   </trkpt>
   <trkpt lat="45.6591960" lon="4.6465580">
    <ele>494.0</ele>
   </trkpt>
   <trkpt lat="45.6591970" lon="4.6465950">
    <ele>494.0</ele>
   </trkpt>
   <trkpt lat="45.6591970" lon="4.6466340">
    <ele>495.0</ele>
   </trkpt>
   <trkpt lat="45.6591970" lon="4.6466730">
    <ele>495.0</ele>
   </trkpt>
   <trkpt lat="45.6591970" lon="4.6467160">
    <ele>495.0</ele>
   </trkpt>
   <trkpt lat="45.6591970" lon="4.6467580">
    <ele>496.0</ele>
   </trkpt>
   <trkpt lat="45.6591980" lon="4.6468020">
    <ele>496.0</ele>
   </trkpt>
   <trkpt lat="45.6591990" lon="4.6468460">
    <ele>497.0</ele>
   </trkpt>
   <trkpt lat="45.6592000" lon="4.6468890">
    <ele>497.0</ele>
   </trkpt>
   <trkpt lat="45.6592020" lon="4.6469330">
    <ele>497.0</ele>
   </trkpt>
   <trkpt lat="45.6592020" lon="4.6469780">
    <ele>497.0</ele>
   </trkpt>
   <trkpt lat="45.6592020" lon="4.6470230">
    <ele>497.0</ele>
   </trkpt>
   <trkpt lat="45.6592000" lon="4.6470680">
    <ele>498.0</ele>
   </trkpt>
   <trkpt lat="45.6591990" lon="4.6471140">
    <ele>498.0</ele>
   </trkpt>
   <trkpt lat="45.6591960" lon="4.6471610">
    <ele>498.0</ele>
   </trkpt>
   <trkpt lat="45.6591930" lon="4.6472090">
    <ele>498.0</ele>
   </trkpt>
   <trkpt lat="45.6591870" lon="4.6472570">
    <ele>498.0</ele>
   </trkpt>
   <trkpt lat="45.6591810" lon="4.6473050">
    <ele>499.0</ele>
   </trkpt>
   <trkpt lat="45.6591740" lon="4.6473530">
    <ele>499.0</ele>
   </trkpt>
   <trkpt lat="45.6591670" lon="4.6474010">
    <ele>499.0</ele>
   </trkpt>
   <trkpt lat="45.6591580" lon="4.6474490">
    <ele>499.0</ele>
   </trkpt>
   <trkpt lat="45.6591490" lon="4.6474970">
    <ele>499.0</ele>
   </trkpt>
   <trkpt lat="45.6591400" lon="4.6475430">
    <ele>499.0</ele>
   </trkpt>
   <trkpt lat="45.6591310" lon="4.6475890">
    <ele>499.0</ele>
   </trkpt>
   <trkpt lat="45.6591230" lon="4.6476360">
    <ele>499.0</ele>
   </trkpt>
   <trkpt lat="45.6591150" lon="4.6476830">
    <ele>499.0</ele>
   </trkpt>
   <trkpt lat="45.6591070" lon="4.6477300">
    <ele>499.0</ele>
   </trkpt>
   <trkpt lat="45.6590980" lon="4.6477780">
    <ele>500.0</ele>
   </trkpt>
   <trkpt lat="45.6590890" lon="4.6478250">
    <ele>500.0</ele>
   </trkpt>
   <trkpt lat="45.6590790" lon="4.6478730">
    <ele>500.0</ele>
   </trkpt>
   <trkpt lat="45.6590700" lon="4.6479180">
    <ele>500.0</ele>
   </trkpt>
   <trkpt lat="45.6590610" lon="4.6479630">
    <ele>500.0</ele>
   </trkpt>
   <trkpt lat="45.6590510" lon="4.6480040">
    <ele>500.0</ele>
   </trkpt>
   <trkpt lat="45.6590410" lon="4.6480450">
    <ele>500.0</ele>
   </trkpt>
   <trkpt lat="45.6590270" lon="4.6480820">
    <ele>500.0</ele>
   </trkpt>
   <trkpt lat="45.6590130" lon="4.6481180">
    <ele>500.0</ele>
   </trkpt>
   <trkpt lat="45.6589930" lon="4.6481520">
    <ele>500.0</ele>
   </trkpt>
   <trkpt lat="45.6589740" lon="4.6481850">
    <ele>501.0</ele>
   </trkpt>
   <trkpt lat="45.6589510" lon="4.6482160">
    <ele>501.0</ele>
   </trkpt>
   <trkpt lat="45.6589290" lon="4.6482470">
    <ele>501.0</ele>
   </trkpt>
   <trkpt lat="45.6589040" lon="4.6482760">
    <ele>502.0</ele>
   </trkpt>
   <trkpt lat="45.6588800" lon="4.6483060">
    <ele>502.0</ele>
   </trkpt>
   <trkpt lat="45.6588530" lon="4.6483360">
    <ele>503.0</ele>
   </trkpt>
   <trkpt lat="45.6588270" lon="4.6483650">
    <ele>503.0</ele>
   </trkpt>
   <trkpt lat="45.6588000" lon="4.6483940">
    <ele>503.0</ele>
   </trkpt>
   <trkpt lat="45.6587730" lon="4.6484220">
    <ele>503.0</ele>
   </trkpt>
   <trkpt lat="45.6587490" lon="4.6484500">
    <ele>503.0</ele>
   </trkpt>
   <trkpt lat="45.6587250" lon="4.6484780">
    <ele>504.0</ele>
   </trkpt>
   <trkpt lat="45.6587030" lon="4.6485070">
    <ele>504.0</ele>
   </trkpt>
   <trkpt lat="45.6586820" lon="4.6485370">
    <ele>504.0</ele>
   </trkpt>
   <trkpt lat="45.6586630" lon="4.6485670">
    <ele>504.0</ele>
   </trkpt>
   <trkpt lat="45.6586440" lon="4.6485970">
    <ele>504.0</ele>
   </trkpt>
   <trkpt lat="45.6586240" lon="4.6486280">
    <ele>505.0</ele>
   </trkpt>
   <trkpt lat="45.6586050" lon="4.6486590">
    <ele>505.0</ele>
   </trkpt>
   <trkpt lat="45.6585850" lon="4.6486870">
    <ele>505.0</ele>
   </trkpt>
   <trkpt lat="45.6585650" lon="4.6487150">
    <ele>505.0</ele>
   </trkpt>
   <trkpt lat="45.6585450" lon="4.6487400">
    <ele>505.0</ele>
   </trkpt>
   <trkpt lat="45.6585240" lon="4.6487650">
    <ele>506.0</ele>
   </trkpt>
   <trkpt lat="45.6585010" lon="4.6487870">
    <ele>506.0</ele>
   </trkpt>
   <trkpt lat="45.6584770" lon="4.6488080">
    <ele>506.0</ele>
   </trkpt>
   <trkpt lat="45.6584540" lon="4.6488300">
    <ele>506.0</ele>
   </trkpt>
   <trkpt lat="45.6584300" lon="4.6488520">
    <ele>506.0</ele>
   </trkpt>
   <trkpt lat="45.6584050" lon="4.6488760">
    <ele>507.0</ele>
   </trkpt>
   <trkpt lat="45.6583810" lon="4.6489000">
    <ele>507.0</ele>
   </trkpt>
   <trkpt lat="45.6583590" lon="4.6489280">
    <ele>507.0</ele>
   </trkpt>
   <trkpt lat="45.6583360" lon="4.6489560">
    <ele>508.0</ele>
   </trkpt>
   <trkpt lat="45.6583150" lon="4.6489830">
    <ele>508.0</ele>
   </trkpt>
   <trkpt lat="45.6582940" lon="4.6490100">
    <ele>509.0</ele>
   </trkpt>
   <trkpt lat="45.6582720" lon="4.6490370">
    <ele>509.0</ele>
   </trkpt>
   <trkpt lat="45.6582500" lon="4.6490640">
    <ele>509.0</ele>
   </trkpt>
   <trkpt lat="45.6582260" lon="4.6490860">
    <ele>509.0</ele>
   </trkpt>
   <trkpt lat="45.6582030" lon="4.6491080">
    <ele>509.0</ele>
   </trkpt>
   <trkpt lat="45.6581770" lon="4.6491230">
    <ele>510.0</ele>
   </trkpt>
   <trkpt lat="45.6581520" lon="4.6491390">
    <ele>510.0</ele>
   </trkpt>
   <trkpt lat="45.6581290" lon="4.6491560">
    <ele>510.0</ele>
   </trkpt>
   <trkpt lat="45.6581050" lon="4.6491740">
    <ele>511.0</ele>
   </trkpt>
   <trkpt lat="45.6580840" lon="4.6491960">
    <ele>511.0</ele>
   </trkpt>
   <trkpt lat="45.6580620" lon="4.6492180">
    <ele>512.0</ele>
   </trkpt>
   <trkpt lat="45.6580400" lon="4.6492420">
    <ele>512.0</ele>
   </trkpt>
   <trkpt lat="45.6580180" lon="4.6492660">
    <ele>512.0</ele>
   </trkpt>
   <trkpt lat="45.6579960" lon="4.6492880">
    <ele>512.0</ele>
   </trkpt>
   <trkpt lat="45.6579740" lon="4.6493110">
    <ele>512.0</ele>
   </trkpt>
   <trkpt lat="45.6579530" lon="4.6493350">
    <ele>513.0</ele>
   </trkpt>
   <trkpt lat="45.6579320" lon="4.6493580">
    <ele>513.0</ele>
   </trkpt>
   <trkpt lat="45.6579130" lon="4.6493840">
    <ele>513.0</ele>
   </trkpt>
   <trkpt lat="45.6578930" lon="4.6494110">
    <ele>514.0</ele>
   </trkpt>
   <trkpt lat="45.6578720" lon="4.6494380">
    <ele>514.0</ele>
   </trkpt>
   <trkpt lat="45.6578520" lon="4.6494640">
    <ele>515.0</ele>
   </trkpt>
   <trkpt lat="45.6578310" lon="4.6494910">
    <ele>515.0</ele>
   </trkpt>
   <trkpt lat="45.6578110" lon="4.6495180">
    <ele>515.0</ele>
   </trkpt>
   <trkpt lat="45.6577880" lon="4.6495460">
    <ele>515.0</ele>
   </trkpt>
   <trkpt lat="45.6577660" lon="4.6495730">
    <ele>515.0</ele>
   </trkpt>
   <trkpt lat="45.6577410" lon="4.6496020">
    <ele>516.0</ele>
   </trkpt>
   <trkpt lat="45.6577170" lon="4.6496300">
    <ele>516.0</ele>
   </trkpt>
   <trkpt lat="45.6576900" lon="4.6496560">
    <ele>516.0</ele>
   </trkpt>
   <trkpt lat="45.6576640" lon="4.6496820">
    <ele>516.0</ele>
   </trkpt>
   <trkpt lat="45.6576350" lon="4.6497070">
    <ele>516.0</ele>
   </trkpt>
   <trkpt lat="45.6576060" lon="4.6497310">
    <ele>517.0</ele>
   </trkpt>
   <trkpt lat="45.6575770" lon="4.6497540">
    <ele>517.0</ele>
   </trkpt>
   <trkpt lat="45.6575470" lon="4.6497770">
    <ele>517.0</ele>
   </trkpt>
   <trkpt lat="45.6575170" lon="4.6497980">
    <ele>517.0</ele>
   </trkpt>
   <trkpt lat="45.6574880" lon="4.6498200">
    <ele>517.0</ele>
   </trkpt>
   <trkpt lat="45.6574590" lon="4.6498410">
    <ele>518.0</ele>
   </trkpt>
   <trkpt lat="45.6574290" lon="4.6498630">
    <ele>518.0</ele>
   </trkpt>
   <trkpt lat="45.6574010" lon="4.6498860">
    <ele>518.0</ele>
   </trkpt>
   <trkpt lat="45.6573730" lon="4.6499080">
    <ele>518.0</ele>
   </trkpt>
   <trkpt lat="45.6573450" lon="4.6499340">
    <ele>518.0</ele>
   </trkpt>
   <trkpt lat="45.6573170" lon="4.6499610">
    <ele>519.0</ele>
   </trkpt>
   <trkpt lat="45.6572890" lon="4.6499870">
    <ele>519.0</ele>
   </trkpt>
   <trkpt lat="45.6572610" lon="4.6500150">
    <ele>519.0</ele>
   </trkpt>
   <trkpt lat="45.6572300" lon="4.6500410">
    <ele>519.0</ele>
   </trkpt>
   <trkpt lat="45.6572000" lon="4.6500670">
    <ele>519.0</ele>
   </trkpt>
   <trkpt lat="45.6571680" lon="4.6500920">
    <ele>519.0</ele>
   </trkpt>
   <trkpt lat="45.6571360" lon="4.6501180">
    <ele>519.0</ele>
   </trkpt>
   <trkpt lat="45.6571050" lon="4.6501420">
    <ele>519.0</ele>
   </trkpt>
   <trkpt lat="45.6570730" lon="4.6501670">
    <ele>519.0</ele>
   </trkpt>
   <trkpt lat="45.6570430" lon="4.6501900">
    <ele>519.0</ele>
   </trkpt>
   <trkpt lat="45.6570120" lon="4.6502120">
    <ele>520.0</ele>
   </trkpt>
   <trkpt lat="45.6569810" lon="4.6502330">
    <ele>520.0</ele>
   </trkpt>
   <trkpt lat="45.6569490" lon="4.6502540">
    <ele>520.0</ele>
   </trkpt>
   <trkpt lat="45.6569190" lon="4.6502800">
    <ele>520.0</ele>
   </trkpt>
   <trkpt lat="45.6568900" lon="4.6503050">
    <ele>520.0</ele>
   </trkpt>
   <trkpt lat="45.6568630" lon="4.6503380">
    <ele>520.0</ele>
   </trkpt>
   <trkpt lat="45.6568360" lon="4.6503700">
    <ele>520.0</ele>
   </trkpt>
   <trkpt lat="45.6568110" lon="4.6504060">
    <ele>520.0</ele>
   </trkpt>
   <trkpt lat="45.6567860" lon="4.6504410">
    <ele>521.0</ele>
   </trkpt>
   <trkpt lat="45.6567620" lon="4.6504780">
    <ele>521.0</ele>
   </trkpt>
   <trkpt lat="45.6567380" lon="4.6505140">
    <ele>522.0</ele>
   </trkpt>
   <trkpt lat="45.6567150" lon="4.6505530">
    <ele>522.0</ele>
   </trkpt>
   <trkpt lat="45.6566920" lon="4.6505910">
    <ele>522.0</ele>
   </trkpt>
   <trkpt lat="45.6566700" lon="4.6506290">
    <ele>522.0</ele>
   </trkpt>
   <trkpt lat="45.6566470" lon="4.6506660">
    <ele>522.0</ele>
   </trkpt>
   <trkpt lat="45.6566250" lon="4.6507010">
    <ele>522.0</ele>
   </trkpt>
   <trkpt lat="45.6566020" lon="4.6507370">
    <ele>522.0</ele>
   </trkpt>
   <trkpt lat="45.6565800" lon="4.6507700">
    <ele>522.0</ele>
   </trkpt>
   <trkpt lat="45.6565580" lon="4.6508020">
    <ele>522.0</ele>
   </trkpt>
   <trkpt lat="45.6565360" lon="4.6508340">
    <ele>522.0</ele>
   </trkpt>
   <trkpt lat="45.6565140" lon="4.6508660">
    <ele>523.0</ele>
   </trkpt>
   <trkpt lat="45.6564930" lon="4.6508990">
    <ele>523.0</ele>
   </trkpt>
   <trkpt lat="45.6564710" lon="4.6509310">
    <ele>523.0</ele>
   </trkpt>
   <trkpt lat="45.6564490" lon="4.6509630">
    <ele>523.0</ele>
   </trkpt>
   <trkpt lat="45.6564270" lon="4.6509940">
    <ele>523.0</ele>
   </trkpt>
   <trkpt lat="45.6564050" lon="4.6510260">
    <ele>524.0</ele>
   </trkpt>
   <trkpt lat="45.6563830" lon="4.6510580">
    <ele>524.0</ele>
   </trkpt>
   <trkpt lat="45.6563620" lon="4.6510910">
    <ele>524.0</ele>
   </trkpt>
   <trkpt lat="45.6563400" lon="4.6511240">
    <ele>524.0</ele>
   </trkpt>
   <trkpt lat="45.6563190" lon="4.6511560">
    <ele>524.0</ele>
   </trkpt>
   <trkpt lat="45.6562970" lon="4.6511890">
    <ele>525.0</ele>
   </trkpt>
   <trkpt lat="45.6562740" lon="4.6512210">
    <ele>525.0</ele>
   </trkpt>
   <trkpt lat="45.6562520" lon="4.6512530">
    <ele>525.0</ele>
   </trkpt>
   <trkpt lat="45.6562300" lon="4.6512850">
    <ele>525.0</ele>
   </trkpt>
   <trkpt lat="45.6562080" lon="4.6513170">
    <ele>525.0</ele>
   </trkpt>
   <trkpt lat="45.6561860" lon="4.6513480">
    <ele>526.0</ele>
   </trkpt>
   <trkpt lat="45.6561640" lon="4.6513800">
    <ele>526.0</ele>
   </trkpt>
   <trkpt lat="45.6561410" lon="4.6514100">
    <ele>526.0</ele>
   </trkpt>
   <trkpt lat="45.6561190" lon="4.6514410">
    <ele>526.0</ele>
   </trkpt>
   <trkpt lat="45.6560960" lon="4.6514710">
    <ele>526.0</ele>
   </trkpt>
   <trkpt lat="45.6560740" lon="4.6515020">
    <ele>527.0</ele>
   </trkpt>
   <trkpt lat="45.6560500" lon="4.6515340">
    <ele>527.0</ele>
   </trkpt>
   <trkpt lat="45.6560270" lon="4.6515650">
    <ele>527.0</ele>
   </trkpt>
   <trkpt lat="45.6560030" lon="4.6515960">
    <ele>527.0</ele>
   </trkpt>
   <trkpt lat="45.6559800" lon="4.6516270">
    <ele>527.0</ele>
   </trkpt>
   <trkpt lat="45.6559560" lon="4.6516590">
    <ele>528.0</ele>
   </trkpt>
   <trkpt lat="45.6559330" lon="4.6516920">
    <ele>528.0</ele>
   </trkpt>
   <trkpt lat="45.6559110" lon="4.6517250">
    <ele>528.0</ele>
   </trkpt>
   <trkpt lat="45.6558890" lon="4.6517580">
    <ele>528.0</ele>
   </trkpt>
   <trkpt lat="45.6558670" lon="4.6517910">
    <ele>528.0</ele>
   </trkpt>
   <trkpt lat="45.6558460" lon="4.6518240">
    <ele>529.0</ele>
   </trkpt>
   <trkpt lat="45.6558240" lon="4.6518570">
    <ele>529.0</ele>
   </trkpt>
   <trkpt lat="45.6558030" lon="4.6518890">
    <ele>529.0</ele>
   </trkpt>
   <trkpt lat="45.6557820" lon="4.6519220">
    <ele>529.0</ele>
   </trkpt>
   <trkpt lat="45.6557610" lon="4.6519560">
    <ele>529.0</ele>
   </trkpt>
   <trkpt lat="45.6557400" lon="4.6519900">
    <ele>530.0</ele>
   </trkpt>
   <trkpt lat="45.6557180" lon="4.6520240">
    <ele>530.0</ele>
   </trkpt>
   <trkpt lat="45.6556970" lon="4.6520580">
    <ele>530.0</ele>
   </trkpt>
   <trkpt lat="45.6556750" lon="4.6520910">
    <ele>531.0</ele>
   </trkpt>
   <trkpt lat="45.6556530" lon="4.6521230">
    <ele>531.0</ele>
   </trkpt>
   <trkpt lat="45.6556320" lon="4.6521560">
    <ele>532.0</ele>
   </trkpt>
   <trkpt lat="45.6556120" lon="4.6521880">
    <ele>532.0</ele>
   </trkpt>
   <trkpt lat="45.6555920" lon="4.6522200">
    <ele>532.0</ele>
   </trkpt>
   <trkpt lat="45.6555730" lon="4.6522560">
    <ele>532.0</ele>
   </trkpt>
   <trkpt lat="45.6555540" lon="4.6522920">
    <ele>532.0</ele>
   </trkpt>
   <trkpt lat="45.6555370" lon="4.6523320">
    <ele>533.0</ele>
   </trkpt>
   <trkpt lat="45.6555190" lon="4.6523710">
    <ele>533.0</ele>
   </trkpt>
   <trkpt lat="45.6555000" lon="4.6524110">
    <ele>533.0</ele>
   </trkpt>
   <trkpt lat="45.6554820" lon="4.6524520">
    <ele>533.0</ele>
   </trkpt>
   <trkpt lat="45.6554610" lon="4.6524910">
    <ele>533.0</ele>
   </trkpt>
   <trkpt lat="45.6554400" lon="4.6525310">
    <ele>534.0</ele>
   </trkpt>
   <trkpt lat="45.6554170" lon="4.6525690">
    <ele>534.0</ele>
   </trkpt>
   <trkpt lat="45.6553940" lon="4.6526070">
    <ele>534.0</ele>
   </trkpt>
   <trkpt lat="45.6553700" lon="4.6526430">
    <ele>534.0</ele>
   </trkpt>
   <trkpt lat="45.6553470" lon="4.6526790">
    <ele>534.0</ele>
   </trkpt>
   <trkpt lat="45.6553230" lon="4.6527120">
    <ele>534.0</ele>
   </trkpt>
   <trkpt lat="45.6552980" lon="4.6527450">
    <ele>534.0</ele>
   </trkpt>
   <trkpt lat="45.6552750" lon="4.6527740">
    <ele>534.0</ele>
   </trkpt>
   <trkpt lat="45.6552510" lon="4.6528030">
    <ele>535.0</ele>
   </trkpt>
   <trkpt lat="45.6552290" lon="4.6528290">
    <ele>535.0</ele>
   </trkpt>
   <trkpt lat="45.6552060" lon="4.6528560">
    <ele>536.0</ele>
   </trkpt>
   <trkpt lat="45.6551840" lon="4.6528800">
    <ele>536.0</ele>
   </trkpt>
   <trkpt lat="45.6551610" lon="4.6529050">
    <ele>536.0</ele>
   </trkpt>
   <trkpt lat="45.6551360" lon="4.6529280">
    <ele>536.0</ele>
   </trkpt>
   <trkpt lat="45.6551100" lon="4.6529520">
    <ele>536.0</ele>
   </trkpt>
   <trkpt lat="45.6550830" lon="4.6529760">
    <ele>537.0</ele>
   </trkpt>
   <trkpt lat="45.6550560" lon="4.6530010">
    <ele>537.0</ele>
   </trkpt>
   <trkpt lat="45.6550290" lon="4.6530300">
    <ele>537.0</ele>
   </trkpt>
   <trkpt lat="45.6550030" lon="4.6530600">
    <ele>537.0</ele>
   </trkpt>
   <trkpt lat="45.6549760" lon="4.6530920">
    <ele>537.0</ele>
   </trkpt>
   <trkpt lat="45.6549500" lon="4.6531240">
    <ele>538.0</ele>
   </trkpt>
   <trkpt lat="45.6549220" lon="4.6531580">
    <ele>538.0</ele>
   </trkpt>
   <trkpt lat="45.6548950" lon="4.6531920">
    <ele>538.0</ele>
   </trkpt>
   <trkpt lat="45.6548690" lon="4.6532290">
    <ele>538.0</ele>
   </trkpt>
   <trkpt lat="45.6548420" lon="4.6532660">
    <ele>538.0</ele>
   </trkpt>
   <trkpt lat="45.6548160" lon="4.6533050">
    <ele>539.0</ele>
   </trkpt>
   <trkpt lat="45.6547910" lon="4.6533440">
    <ele>539.0</ele>
   </trkpt>
   <trkpt lat="45.6547680" lon="4.6533880">
    <ele>539.0</ele>
   </trkpt>
   <trkpt lat="45.6547450" lon="4.6534320">
    <ele>539.0</ele>
   </trkpt>
   <trkpt lat="45.6547260" lon="4.6534820">
    <ele>539.0</ele>
   </trkpt>
   <trkpt lat="45.6547070" lon="4.6535320">
    <ele>540.0</ele>
   </trkpt>
   <trkpt lat="45.6546910" lon="4.6535850">
    <ele>539.0</ele>
   </trkpt>
   <trkpt lat="45.6546740" lon="4.6536380">
    <ele>539.0</ele>
   </trkpt>
   <trkpt lat="45.6546590" lon="4.6536890">
    <ele>539.0</ele>
   </trkpt>
   <trkpt lat="45.6546430" lon="4.6537410">
    <ele>539.0</ele>
   </trkpt>
   <trkpt lat="45.6546250" lon="4.6537890">
    <ele>539.0</ele>
   </trkpt>
   <trkpt lat="45.6546070" lon="4.6538390">
    <ele>538.0</ele>
   </trkpt>
   <trkpt lat="45.6545780" lon="4.6538810">
    <ele>538.0</ele>
   </trkpt>
   <trkpt lat="45.6545500" lon="4.6539230">
    <ele>538.0</ele>
   </trkpt>
   <trkpt lat="45.6545120" lon="4.6539460">
    <ele>538.0</ele>
   </trkpt>
   <trkpt lat="45.6544730" lon="4.6539690">
    <ele>538.0</ele>
   </trkpt>
   <trkpt lat="45.6544310" lon="4.6539680">
    <ele>537.0</ele>
   </trkpt>
   <trkpt lat="45.6543890" lon="4.6539670">
    <ele>537.0</ele>
   </trkpt>
   <trkpt lat="45.6543470" lon="4.6539550">
    <ele>537.0</ele>
   </trkpt>
   <trkpt lat="45.6543060" lon="4.6539430">
    <ele>537.0</ele>
   </trkpt>
   <trkpt lat="45.6542680" lon="4.6539220">
    <ele>537.0</ele>
   </trkpt>
   <trkpt lat="45.6542290" lon="4.6539020">
    <ele>536.0</ele>
   </trkpt>
   <trkpt lat="45.6541930" lon="4.6538770">
    <ele>536.0</ele>
   </trkpt>
   <trkpt lat="45.6541570" lon="4.6538520">
    <ele>535.0</ele>
   </trkpt>
   <trkpt lat="45.6541210" lon="4.6538260">
    <ele>535.0</ele>
   </trkpt>
   <trkpt lat="45.6540850" lon="4.6537990">
    <ele>535.0</ele>
   </trkpt>
   <trkpt lat="45.6540510" lon="4.6537710">
    <ele>534.0</ele>
   </trkpt>
   <trkpt lat="45.6540170" lon="4.6537430">
    <ele>534.0</ele>
   </trkpt>
   <trkpt lat="45.6539840" lon="4.6537160">
    <ele>533.0</ele>
   </trkpt>
   <trkpt lat="45.6539510" lon="4.6536890">
    <ele>533.0</ele>
   </trkpt>
   <trkpt lat="45.6539160" lon="4.6536650">
    <ele>533.0</ele>
   </trkpt>
   <trkpt lat="45.6538800" lon="4.6536410">
    <ele>532.0</ele>
   </trkpt>
   <trkpt lat="45.6538420" lon="4.6536240">
    <ele>532.0</ele>
   </trkpt>
   <trkpt lat="45.6538040" lon="4.6536060">
    <ele>532.0</ele>
   </trkpt>
   <trkpt lat="45.6537640" lon="4.6535940">
    <ele>532.0</ele>
   </trkpt>
   <trkpt lat="45.6537250" lon="4.6535820">
    <ele>532.0</ele>
   </trkpt>
   <trkpt lat="45.6536910" lon="4.6535860">
    <ele>531.0</ele>
   </trkpt>
   <trkpt lat="45.6536560" lon="4.6535910">
    <ele>531.0</ele>
   </trkpt>
   <trkpt lat="45.6536340" lon="4.6536220">
    <ele>531.0</ele>
   </trkpt>
   <trkpt lat="45.6536120" lon="4.6536530">
    <ele>531.0</ele>
   </trkpt>
   <trkpt lat="45.6536060" lon="4.6537070">
    <ele>531.0</ele>
   </trkpt>
   <trkpt lat="45.6536010" lon="4.6537600">
    <ele>530.0</ele>
   </trkpt>
   <trkpt lat="45.6536040" lon="4.6538220">
    <ele>530.0</ele>
   </trkpt>
   <trkpt lat="45.6536070" lon="4.6538850">
    <ele>530.0</ele>
   </trkpt>
   <trkpt lat="45.6536080" lon="4.6539480">
    <ele>530.0</ele>
   </trkpt>
   <trkpt lat="45.6536090" lon="4.6540120">
    <ele>530.0</ele>
   </trkpt>
   <trkpt lat="45.6536070" lon="4.6540710">
    <ele>529.0</ele>
   </trkpt>
   <trkpt lat="45.6536050" lon="4.6541310">
    <ele>529.0</ele>
   </trkpt>
   <trkpt lat="45.6535990" lon="4.6541880">
    <ele>529.0</ele>
   </trkpt>
   <trkpt lat="45.6535920" lon="4.6542450">
    <ele>529.0</ele>
   </trkpt>
   <trkpt lat="45.6535840" lon="4.6543010">
    <ele>529.0</ele>
   </trkpt>
   <trkpt lat="45.6535760" lon="4.6543580">
    <ele>528.0</ele>
   </trkpt>
   <trkpt lat="45.6535690" lon="4.6544120">
    <ele>528.0</ele>
   </trkpt>
   <trkpt lat="45.6535610" lon="4.6544660">
    <ele>527.0</ele>
   </trkpt>
   <trkpt lat="45.6535530" lon="4.6545190">
    <ele>527.0</ele>
   </trkpt>
   <trkpt lat="45.6535450" lon="4.6545730">
    <ele>527.0</ele>
   </trkpt>
   <trkpt lat="45.6535320" lon="4.6546240">
    <ele>526.0</ele>
   </trkpt>
   <trkpt lat="45.6535200" lon="4.6546760">
    <ele>526.0</ele>
   </trkpt>
   <trkpt lat="45.6535010" lon="4.6547290">
    <ele>526.0</ele>
   </trkpt>
   <trkpt lat="45.6534830" lon="4.6547830">
    <ele>526.0</ele>
   </trkpt>
   <trkpt lat="45.6534600" lon="4.6548350">
    <ele>526.0</ele>
   </trkpt>
   <trkpt lat="45.6534380" lon="4.6548880">
    <ele>525.0</ele>
   </trkpt>
   <trkpt lat="45.6534120" lon="4.6549370">
    <ele>525.0</ele>
   </trkpt>
   <trkpt lat="45.6533870" lon="4.6549870">
    <ele>524.0</ele>
   </trkpt>
   <trkpt lat="45.6533570" lon="4.6550320">
    <ele>524.0</ele>
   </trkpt>
   <trkpt lat="45.6533270" lon="4.6550780">
    <ele>524.0</ele>
   </trkpt>
   <trkpt lat="45.6532950" lon="4.6551200">
    <ele>524.0</ele>
   </trkpt>
   <trkpt lat="45.6532620" lon="4.6551610">
    <ele>524.0</ele>
   </trkpt>
   <trkpt lat="45.6532290" lon="4.6552000">
    <ele>524.0</ele>
   </trkpt>
   <trkpt lat="45.6531960" lon="4.6552390">
    <ele>524.0</ele>
   </trkpt>
   <trkpt lat="45.6531620" lon="4.6552760">
    <ele>524.0</ele>
   </trkpt>
   <trkpt lat="45.6531280" lon="4.6553130">
    <ele>523.0</ele>
   </trkpt>
   <trkpt lat="45.6530930" lon="4.6553470">
    <ele>523.0</ele>
   </trkpt>
   <trkpt lat="45.6530590" lon="4.6553820">
    <ele>523.0</ele>
   </trkpt>
   <trkpt lat="45.6530220" lon="4.6554090">
    <ele>523.0</ele>
   </trkpt>
   <trkpt lat="45.6529850" lon="4.6554370">
    <ele>523.0</ele>
   </trkpt>
   <trkpt lat="45.6529460" lon="4.6554530">
    <ele>522.0</ele>
   </trkpt>
   <trkpt lat="45.6529060" lon="4.6554700">
    <ele>522.0</ele>
   </trkpt>
   <trkpt lat="45.6528640" lon="4.6554780">
    <ele>522.0</ele>
   </trkpt>
   <trkpt lat="45.6528220" lon="4.6554870">
    <ele>522.0</ele>
   </trkpt>
   <trkpt lat="45.6527790" lon="4.6554860">
    <ele>522.0</ele>
   </trkpt>
   <trkpt lat="45.6527360" lon="4.6554850">
    <ele>521.0</ele>
   </trkpt>
   <trkpt lat="45.6526920" lon="4.6554800">
    <ele>521.0</ele>
   </trkpt>
   <trkpt lat="45.6526490" lon="4.6554750">
    <ele>520.0</ele>
   </trkpt>
   <trkpt lat="45.6526050" lon="4.6554750">
    <ele>520.0</ele>
   </trkpt>
   <trkpt lat="45.6525610" lon="4.6554740">
    <ele>520.0</ele>
   </trkpt>
   <trkpt lat="45.6525170" lon="4.6554740">
    <ele>519.0</ele>
   </trkpt>
   <trkpt lat="45.6524730" lon="4.6554740">
    <ele>519.0</ele>
   </trkpt>
   <trkpt lat="45.6524290" lon="4.6554740">
    <ele>519.0</ele>
   </trkpt>
   <trkpt lat="45.6523860" lon="4.6554750">
    <ele>519.0</ele>
   </trkpt>
   <trkpt lat="45.6523440" lon="4.6554720">
    <ele>519.0</ele>
   </trkpt>
   <trkpt lat="45.6523020" lon="4.6554690">
    <ele>518.0</ele>
   </trkpt>
   <trkpt lat="45.6522640" lon="4.6554620">
    <ele>517.0</ele>
   </trkpt>
   <trkpt lat="45.6522260" lon="4.6554550">
    <ele>517.0</ele>
   </trkpt>
   <trkpt lat="45.6521880" lon="4.6554440">
    <ele>516.0</ele>
   </trkpt>
   <trkpt lat="45.6521510" lon="4.6554330">
    <ele>516.0</ele>
   </trkpt>
   <trkpt lat="45.6521120" lon="4.6554200">
    <ele>516.0</ele>
   </trkpt>
   <trkpt lat="45.6520740" lon="4.6554060">
    <ele>516.0</ele>
   </trkpt>
   <trkpt lat="45.6520350" lon="4.6553900">
    <ele>516.0</ele>
   </trkpt>
   <trkpt lat="45.6519960" lon="4.6553740">
    <ele>516.0</ele>
   </trkpt>
   <trkpt lat="45.6519570" lon="4.6553580">
    <ele>516.0</ele>
   </trkpt>
   <trkpt lat="45.6519170" lon="4.6553430">
    <ele>515.0</ele>
   </trkpt>
   <trkpt lat="45.6518780" lon="4.6553360">
    <ele>515.0</ele>
   </trkpt>
   <trkpt lat="45.6518390" lon="4.6553280">
    <ele>514.0</ele>
   </trkpt>
   <trkpt lat="45.6518020" lon="4.6553380">
    <ele>514.0</ele>
   </trkpt>
   <trkpt lat="45.6517650" lon="4.6553470">
    <ele>514.0</ele>
   </trkpt>
   <trkpt lat="45.6517340" lon="4.6553760">
    <ele>514.0</ele>
   </trkpt>
   <trkpt lat="45.6517030" lon="4.6554040">
    <ele>514.0</ele>
   </trkpt>
   <trkpt lat="45.6516780" lon="4.6554440">
    <ele>514.0</ele>
   </trkpt>
   <trkpt lat="45.6516530" lon="4.6554840">
    <ele>514.0</ele>
   </trkpt>
   <trkpt lat="45.6516340" lon="4.6555270">
    <ele>514.0</ele>
   </trkpt>
   <trkpt lat="45.6516140" lon="4.6555700">
    <ele>514.0</ele>
   </trkpt>
   <trkpt lat="45.6516060" lon="4.6556120">
    <ele>514.0</ele>
   </trkpt>
   <trkpt lat="45.6515970" lon="4.6556550">
    <ele>514.0</ele>
   </trkpt>
   <trkpt lat="45.6516000" lon="4.6557000">
    <ele>514.0</ele>
   </trkpt>
   <trkpt lat="45.6516040" lon="4.6557450">
    <ele>515.0</ele>
   </trkpt>
   <trkpt lat="45.6516180" lon="4.6557910">
    <ele>515.0</ele>
   </trkpt>
   <trkpt lat="45.6516320" lon="4.6558380">
    <ele>515.0</ele>
   </trkpt>
   <trkpt lat="45.6516490" lon="4.6558850">
    <ele>515.0</ele>
   </trkpt>
   <trkpt lat="45.6516670" lon="4.6559320">
    <ele>515.0</ele>
   </trkpt>
   <trkpt lat="45.6516840" lon="4.6559780">
    <ele>515.0</ele>
   </trkpt>
   <trkpt lat="45.6517000" lon="4.6560250">
    <ele>515.0</ele>
   </trkpt>
   <trkpt lat="45.6517160" lon="4.6560710">
    <ele>515.0</ele>
   </trkpt>
   <trkpt lat="45.6517320" lon="4.6561160">
    <ele>515.0</ele>
   </trkpt>
   <trkpt lat="45.6517420" lon="4.6561620">
    <ele>515.0</ele>
   </trkpt>
   <trkpt lat="45.6517520" lon="4.6562080">
    <ele>516.0</ele>
   </trkpt>
   <trkpt lat="45.6517550" lon="4.6562540">
    <ele>516.0</ele>
   </trkpt>
   <trkpt lat="45.6517580" lon="4.6563000">
    <ele>516.0</ele>
   </trkpt>
   <trkpt lat="45.6517550" lon="4.6563470">
    <ele>516.0</ele>
   </trkpt>
   <trkpt lat="45.6517530" lon="4.6563940">
    <ele>516.0</ele>
   </trkpt>
   <trkpt lat="45.6517480" lon="4.6564390">
    <ele>516.0</ele>
   </trkpt>
   <trkpt lat="45.6517420" lon="4.6564840">
    <ele>516.0</ele>
   </trkpt>
   <trkpt lat="45.6517330" lon="4.6565280">
    <ele>516.0</ele>
   </trkpt>
   <trkpt lat="45.6517240" lon="4.6565710">
    <ele>517.0</ele>
   </trkpt>
   <trkpt lat="45.6517080" lon="4.6566120">
    <ele>517.0</ele>
   </trkpt>
   <trkpt lat="45.6516910" lon="4.6566530">
    <ele>518.0</ele>
   </trkpt>
   <trkpt lat="45.6516700" lon="4.6566920">
    <ele>518.0</ele>
   </trkpt>
   <trkpt lat="45.6516490" lon="4.6567320">
    <ele>518.0</ele>
   </trkpt>
   <trkpt lat="45.6516270" lon="4.6567700">
    <ele>519.0</ele>
   </trkpt>
   <trkpt lat="45.6516050" lon="4.6568090">
    <ele>519.0</ele>
   </trkpt>
   <trkpt lat="45.6515840" lon="4.6568480">
    <ele>520.0</ele>
   </trkpt>
   <trkpt lat="45.6515620" lon="4.6568870">
    <ele>520.0</ele>
   </trkpt>
   <trkpt lat="45.6515430" lon="4.6569270">
    <ele>520.0</ele>
   </trkpt>
   <trkpt lat="45.6515230" lon="4.6569670">
    <ele>520.0</ele>
   </trkpt>
   <trkpt lat="45.6515060" lon="4.6570070">
    <ele>520.0</ele>
   </trkpt>
   <trkpt lat="45.6514890" lon="4.6570480">
    <ele>521.0</ele>
   </trkpt>
   <trkpt lat="45.6514760" lon="4.6570890">
    <ele>521.0</ele>
   </trkpt>
   <trkpt lat="45.6514630" lon="4.6571300">
    <ele>521.0</ele>
   </trkpt>
   <trkpt lat="45.6514540" lon="4.6571710">
    <ele>521.0</ele>
   </trkpt>
   <trkpt lat="45.6514450" lon="4.6572120">
    <ele>521.0</ele>
   </trkpt>
   <trkpt lat="45.6514430" lon="4.6572560">
    <ele>522.0</ele>
   </trkpt>
   <trkpt lat="45.6514410" lon="4.6573000">
    <ele>522.0</ele>
   </trkpt>
   <trkpt lat="45.6514450" lon="4.6573420">
    <ele>522.0</ele>
   </trkpt>
   <trkpt lat="45.6514500" lon="4.6573840">
    <ele>522.0</ele>
   </trkpt>
   <trkpt lat="45.6514620" lon="4.6574210">
    <ele>522.0</ele>
   </trkpt>
   <trkpt lat="45.6514740" lon="4.6574570">
    <ele>523.0</ele>
   </trkpt>
   <trkpt lat="45.6514900" lon="4.6574920">
    <ele>523.0</ele>
   </trkpt>
   <trkpt lat="45.6515060" lon="4.6575270">
    <ele>523.0</ele>
   </trkpt>
   <trkpt lat="45.6515220" lon="4.6575640">
    <ele>523.0</ele>
   </trkpt>
   <trkpt lat="45.6515390" lon="4.6576020">
    <ele>523.0</ele>
   </trkpt>
   <trkpt lat="45.6515530" lon="4.6576430">
    <ele>524.0</ele>
   </trkpt>
   <trkpt lat="45.6515670" lon="4.6576840">
    <ele>524.0</ele>
   </trkpt>
   <trkpt lat="45.6515770" lon="4.6577260">
    <ele>524.0</ele>
   </trkpt>
   <trkpt lat="45.6515880" lon="4.6577680">
    <ele>525.0</ele>
   </trkpt>
   <trkpt lat="45.6515940" lon="4.6578110">
    <ele>525.0</ele>
   </trkpt>
   <trkpt lat="45.6516010" lon="4.6578530">
    <ele>526.0</ele>
   </trkpt>
   <trkpt lat="45.6516030" lon="4.6578960">
    <ele>526.0</ele>
   </trkpt>
   <trkpt lat="45.6516040" lon="4.6579400">
    <ele>526.0</ele>
   </trkpt>
   <trkpt lat="45.6515990" lon="4.6579830">
    <ele>526.0</ele>
   </trkpt>
   <trkpt lat="45.6515940" lon="4.6580270">
    <ele>526.0</ele>
   </trkpt>
   <trkpt lat="45.6515830" lon="4.6580680">
    <ele>527.0</ele>
   </trkpt>
   <trkpt lat="45.6515720" lon="4.6581090">
    <ele>527.0</ele>
   </trkpt>
   <trkpt lat="45.6515560" lon="4.6581470">
    <ele>527.0</ele>
   </trkpt>
   <trkpt lat="45.6515390" lon="4.6581840">
    <ele>528.0</ele>
   </trkpt>
   <trkpt lat="45.6515180" lon="4.6582170">
    <ele>528.0</ele>
   </trkpt>
   <trkpt lat="45.6514970" lon="4.6582510">
    <ele>529.0</ele>
   </trkpt>
   <trkpt lat="45.6514730" lon="4.6582820">
    <ele>529.0</ele>
   </trkpt>
   <trkpt lat="45.6514490" lon="4.6583130">
    <ele>529.0</ele>
   </trkpt>
   <trkpt lat="45.6514230" lon="4.6583420">
    <ele>529.0</ele>
   </trkpt>
   <trkpt lat="45.6513980" lon="4.6583710">
    <ele>529.0</ele>
   </trkpt>
   <trkpt lat="45.6513710" lon="4.6584010">
    <ele>530.0</ele>
   </trkpt>
   <trkpt lat="45.6513450" lon="4.6584300">
    <ele>530.0</ele>
   </trkpt>
   <trkpt lat="45.6513180" lon="4.6584590">
    <ele>530.0</ele>
   </trkpt>
   <trkpt lat="45.6512910" lon="4.6584880">
    <ele>530.0</ele>
   </trkpt>
   <trkpt lat="45.6512640" lon="4.6585160">
    <ele>530.0</ele>
   </trkpt>
   <trkpt lat="45.6512370" lon="4.6585440">
    <ele>531.0</ele>
   </trkpt>
   <trkpt lat="45.6512100" lon="4.6585740">
    <ele>531.0</ele>
   </trkpt>
   <trkpt lat="45.6511830" lon="4.6586030">
    <ele>531.0</ele>
   </trkpt>
   <trkpt lat="45.6511590" lon="4.6586380">
    <ele>531.0</ele>
   </trkpt>
   <trkpt lat="45.6511340" lon="4.6586720">
    <ele>531.0</ele>
   </trkpt>
   <trkpt lat="45.6511090" lon="4.6587090">
    <ele>532.0</ele>
   </trkpt>
   <trkpt lat="45.6510840" lon="4.6587460">
    <ele>532.0</ele>
   </trkpt>
   <trkpt lat="45.6510570" lon="4.6587830">
    <ele>532.0</ele>
   </trkpt>
   <trkpt lat="45.6510310" lon="4.6588200">
    <ele>532.0</ele>
   </trkpt>
   <trkpt lat="45.6510040" lon="4.6588560">
    <ele>532.0</ele>
   </trkpt>
   <trkpt lat="45.6509780" lon="4.6588930">
    <ele>533.0</ele>
   </trkpt>
   <trkpt lat="45.6509510" lon="4.6589300">
    <ele>533.0</ele>
   </trkpt>
   <trkpt lat="45.6509240" lon="4.6589670">
    <ele>533.0</ele>
   </trkpt>
   <trkpt lat="45.6508970" lon="4.6590030">
    <ele>533.0</ele>
   </trkpt>
   <trkpt lat="45.6508710" lon="4.6590390">
    <ele>533.0</ele>
   </trkpt>
   <trkpt lat="45.6508450" lon="4.6590760">
    <ele>533.0</ele>
   </trkpt>
   <trkpt lat="45.6508200" lon="4.6591130">
    <ele>533.0</ele>
   </trkpt>
   <trkpt lat="45.6507970" lon="4.6591510">
    <ele>533.0</ele>
   </trkpt>
   <trkpt lat="45.6507730" lon="4.6591890">
    <ele>533.0</ele>
   </trkpt>
   <trkpt lat="45.6507490" lon="4.6592260">
    <ele>533.0</ele>
   </trkpt>
   <trkpt lat="45.6507240" lon="4.6592640">
    <ele>533.0</ele>
   </trkpt>
   <trkpt lat="45.6506990" lon="4.6593000">
    <ele>533.0</ele>
   </trkpt>
   <trkpt lat="45.6506750" lon="4.6593360">
    <ele>533.0</ele>
   </trkpt>
   <trkpt lat="45.6506490" lon="4.6593720">
    <ele>533.0</ele>
   </trkpt>
   <trkpt lat="45.6506240" lon="4.6594070">
    <ele>533.0</ele>
   </trkpt>
   <trkpt lat="45.6505980" lon="4.6594430">
    <ele>533.0</ele>
   </trkpt>
   <trkpt lat="45.6505720" lon="4.6594800">
    <ele>533.0</ele>
   </trkpt>
   <trkpt lat="45.6505450" lon="4.6595160">
    <ele>533.0</ele>
   </trkpt>
   <trkpt lat="45.6505180" lon="4.6595520">
    <ele>533.0</ele>
   </trkpt>
   <trkpt lat="45.6504900" lon="4.6595870">
    <ele>533.0</ele>
   </trkpt>
   <trkpt lat="45.6504620" lon="4.6596230">
    <ele>534.0</ele>
   </trkpt>
   <trkpt lat="45.6504350" lon="4.6596580">
    <ele>534.0</ele>
   </trkpt>
   <trkpt lat="45.6504070" lon="4.6596930">
    <ele>534.0</ele>
   </trkpt>
   <trkpt lat="45.6503800" lon="4.6597290">
    <ele>534.0</ele>
   </trkpt>
   <trkpt lat="45.6503530" lon="4.6597660">
    <ele>534.0</ele>
   </trkpt>
   <trkpt lat="45.6503270" lon="4.6598030">
    <ele>534.0</ele>
   </trkpt>
   <trkpt lat="45.6503000" lon="4.6598400">
    <ele>534.0</ele>
   </trkpt>
   <trkpt lat="45.6502730" lon="4.6598760">
    <ele>534.0</ele>
   </trkpt>
   <trkpt lat="45.6502460" lon="4.6599110">
    <ele>534.0</ele>
   </trkpt>
   <trkpt lat="45.6502200" lon="4.6599460">
    <ele>534.0</ele>
   </trkpt>
   <trkpt lat="45.6501930" lon="4.6599810">
    <ele>535.0</ele>
   </trkpt>
   <trkpt lat="45.6501690" lon="4.6600180">
    <ele>535.0</ele>
   </trkpt>
   <trkpt lat="45.6501450" lon="4.6600560">
    <ele>535.0</ele>
   </trkpt>
   <trkpt lat="45.6501250" lon="4.6600980">
    <ele>535.0</ele>
   </trkpt>
   <trkpt lat="45.6501050" lon="4.6601400">
    <ele>535.0</ele>
   </trkpt>
   <trkpt lat="45.6500880" lon="4.6601840">
    <ele>535.0</ele>
   </trkpt>
   <trkpt lat="45.6500700" lon="4.6602290">
    <ele>535.0</ele>
   </trkpt>
   <trkpt lat="45.6500530" lon="4.6602740">
    <ele>535.0</ele>
   </trkpt>
   <trkpt lat="45.6500350" lon="4.6603180">
    <ele>535.0</ele>
   </trkpt>
   <trkpt lat="45.6500140" lon="4.6603590">
    <ele>535.0</ele>
   </trkpt>
   <trkpt lat="45.6499940" lon="4.6604010">
    <ele>536.0</ele>
   </trkpt>
   <trkpt lat="45.6499710" lon="4.6604400">
    <ele>536.0</ele>
   </trkpt>
   <trkpt lat="45.6499480" lon="4.6604790">
    <ele>536.0</ele>
   </trkpt>
   <trkpt lat="45.6499230" lon="4.6605170">
    <ele>536.0</ele>
   </trkpt>
   <trkpt lat="45.6498990" lon="4.6605550">
    <ele>536.0</ele>
   </trkpt>
   <trkpt lat="45.6498730" lon="4.6605930">
    <ele>536.0</ele>
   </trkpt>
   <trkpt lat="45.6498470" lon="4.6606310">
    <ele>536.0</ele>
   </trkpt>
   <trkpt lat="45.6498200" lon="4.6606680">
    <ele>536.0</ele>
   </trkpt>
   <trkpt lat="45.6497930" lon="4.6607050">
    <ele>536.0</ele>
   </trkpt>
   <trkpt lat="45.6497660" lon="4.6607420">
    <ele>536.0</ele>
   </trkpt>
   <trkpt lat="45.6497390" lon="4.6607790">
    <ele>536.0</ele>
   </trkpt>
   <trkpt lat="45.6497110" lon="4.6608170">
    <ele>536.0</ele>
   </trkpt>
   <trkpt lat="45.6496840" lon="4.6608550">
    <ele>536.0</ele>
   </trkpt>
   <trkpt lat="45.6496550" lon="4.6608920">
    <ele>536.0</ele>
   </trkpt>
   <trkpt lat="45.6496260" lon="4.6609310">
    <ele>536.0</ele>
   </trkpt>
   <trkpt lat="45.6495990" lon="4.6609670">
    <ele>537.0</ele>
   </trkpt>
   <trkpt lat="45.6495710" lon="4.6610040">
    <ele>537.0</ele>
   </trkpt>
   <trkpt lat="45.6495450" lon="4.6610420">
    <ele>537.0</ele>
   </trkpt>
   <trkpt lat="45.6495190" lon="4.6610800">
    <ele>537.0</ele>
   </trkpt>
   <trkpt lat="45.6494920" lon="4.6611180">
    <ele>537.0</ele>
   </trkpt>
   <trkpt lat="45.6494640" lon="4.6611570">
    <ele>537.0</ele>
   </trkpt>
   <trkpt lat="45.6494360" lon="4.6611950">
    <ele>537.0</ele>
   </trkpt>
   <trkpt lat="45.6494070" lon="4.6612330">
    <ele>537.0</ele>
   </trkpt>
   <trkpt lat="45.6493780" lon="4.6612710">
    <ele>537.0</ele>
   </trkpt>
   <trkpt lat="45.6493490" lon="4.6613090">
    <ele>537.0</ele>
   </trkpt>
   <trkpt lat="45.6493210" lon="4.6613480">
    <ele>538.0</ele>
   </trkpt>
   <trkpt lat="45.6492930" lon="4.6613860">
    <ele>538.0</ele>
   </trkpt>
   <trkpt lat="45.6492660" lon="4.6614250">
    <ele>538.0</ele>
   </trkpt>
   <trkpt lat="45.6492380" lon="4.6614630">
    <ele>538.0</ele>
   </trkpt>
   <trkpt lat="45.6492120" lon="4.6615020">
    <ele>538.0</ele>
   </trkpt>
   <trkpt lat="45.6491850" lon="4.6615410">
    <ele>538.0</ele>
   </trkpt>
   <trkpt lat="45.6491590" lon="4.6615810">
    <ele>538.0</ele>
   </trkpt>
   <trkpt lat="45.6491330" lon="4.6616210">
    <ele>538.0</ele>
   </trkpt>
   <trkpt lat="45.6491100" lon="4.6616650">
    <ele>538.0</ele>
   </trkpt>
   <trkpt lat="45.6490870" lon="4.6617080">
    <ele>538.0</ele>
   </trkpt>
   <trkpt lat="45.6490710" lon="4.6617550">
    <ele>538.0</ele>
   </trkpt>
   <trkpt lat="45.6490540" lon="4.6618020">
    <ele>537.0</ele>
   </trkpt>
   <trkpt lat="45.6490520" lon="4.6618510">
    <ele>537.0</ele>
   </trkpt>
   <trkpt lat="45.6490510" lon="4.6618990">
    <ele>537.0</ele>
   </trkpt>
   <trkpt lat="45.6490690" lon="4.6619440">
    <ele>537.0</ele>
   </trkpt>
   <trkpt lat="45.6490870" lon="4.6619880">
    <ele>537.0</ele>
   </trkpt>
   <trkpt lat="45.6491180" lon="4.6620280">
    <ele>537.0</ele>
   </trkpt>
   <trkpt lat="45.6491490" lon="4.6620670">
    <ele>537.0</ele>
   </trkpt>
   <trkpt lat="45.6491840" lon="4.6621020">
    <ele>537.0</ele>
   </trkpt>
   <trkpt lat="45.6492200" lon="4.6621370">
    <ele>537.0</ele>
   </trkpt>
   <trkpt lat="45.6492550" lon="4.6621690">
    <ele>537.0</ele>
   </trkpt>
   <trkpt lat="45.6492900" lon="4.6622010">
    <ele>536.0</ele>
   </trkpt>
   <trkpt lat="45.6493260" lon="4.6622310">
    <ele>536.0</ele>
   </trkpt>
   <trkpt lat="45.6493610" lon="4.6622600">
    <ele>536.0</ele>
   </trkpt>
   <trkpt lat="45.6493970" lon="4.6622870">
    <ele>536.0</ele>
   </trkpt>
   <trkpt lat="45.6494330" lon="4.6623140">
    <ele>536.0</ele>
   </trkpt>
   <trkpt lat="45.6494710" lon="4.6623390">
    <ele>536.0</ele>
   </trkpt>
   <trkpt lat="45.6495100" lon="4.6623630">
    <ele>536.0</ele>
   </trkpt>
   <trkpt lat="45.6495490" lon="4.6623860">
    <ele>536.0</ele>
   </trkpt>
   <trkpt lat="45.6495880" lon="4.6624090">
    <ele>536.0</ele>
   </trkpt>
   <trkpt lat="45.6496270" lon="4.6624280">
    <ele>536.0</ele>
   </trkpt>
   <trkpt lat="45.6496660" lon="4.6624480">
    <ele>535.0</ele>
   </trkpt>
   <trkpt lat="45.6497040" lon="4.6624660">
    <ele>535.0</ele>
   </trkpt>
   <trkpt lat="45.6497430" lon="4.6624840">
    <ele>535.0</ele>
   </trkpt>
   <trkpt lat="45.6497830" lon="4.6625010">
    <ele>535.0</ele>
   </trkpt>
   <trkpt lat="45.6498220" lon="4.6625180">
    <ele>535.0</ele>
   </trkpt>
   <trkpt lat="45.6498610" lon="4.6625380">
    <ele>534.0</ele>
   </trkpt>
   <trkpt lat="45.6499010" lon="4.6625580">
    <ele>534.0</ele>
   </trkpt>
   <trkpt lat="45.6499420" lon="4.6625800">
    <ele>533.0</ele>
   </trkpt>
   <trkpt lat="45.6499830" lon="4.6626020">
    <ele>533.0</ele>
   </trkpt>
   <trkpt lat="45.6500240" lon="4.6626240">
    <ele>533.0</ele>
   </trkpt>
   <trkpt lat="45.6500650" lon="4.6626470">
    <ele>532.0</ele>
   </trkpt>
   <trkpt lat="45.6501070" lon="4.6626700">
    <ele>532.0</ele>
   </trkpt>
   <trkpt lat="45.6501490" lon="4.6626930">
    <ele>531.0</ele>
   </trkpt>
   <trkpt lat="45.6501900" lon="4.6627040">
    <ele>531.0</ele>
   </trkpt>
   <trkpt lat="45.6502320" lon="4.6627150">
    <ele>531.0</ele>
   </trkpt>
   <trkpt lat="45.6502710" lon="4.6627020">
    <ele>530.0</ele>
   </trkpt>
   <trkpt lat="45.6503100" lon="4.6626890">
    <ele>530.0</ele>
   </trkpt>
   <trkpt lat="45.6503450" lon="4.6626550">
    <ele>530.0</ele>
   </trkpt>
   <trkpt lat="45.6503800" lon="4.6626220">
    <ele>530.0</ele>
   </trkpt>
   <trkpt lat="45.6504110" lon="4.6625770">
    <ele>530.0</ele>
   </trkpt>
   <trkpt lat="45.6504420" lon="4.6625320">
    <ele>529.0</ele>
   </trkpt>
   <trkpt lat="45.6504690" lon="4.6624860">
    <ele>529.0</ele>
   </trkpt>
   <trkpt lat="45.6504970" lon="4.6624410">
    <ele>529.0</ele>
   </trkpt>
   <trkpt lat="45.6505250" lon="4.6623970">
    <ele>529.0</ele>
   </trkpt>
   <trkpt lat="45.6505530" lon="4.6623540">
    <ele>529.0</ele>
   </trkpt>
   <trkpt lat="45.6505830" lon="4.6623140">
    <ele>528.0</ele>
   </trkpt>
   <trkpt lat="45.6506130" lon="4.6622740">
    <ele>528.0</ele>
   </trkpt>
   <trkpt lat="45.6506480" lon="4.6622370">
    <ele>528.0</ele>
   </trkpt>
   <trkpt lat="45.6506830" lon="4.6622000">
    <ele>528.0</ele>
   </trkpt>
   <trkpt lat="45.6507210" lon="4.6621650">
    <ele>528.0</ele>
   </trkpt>
   <trkpt lat="45.6507600" lon="4.6621300">
    <ele>527.0</ele>
   </trkpt>
   <trkpt lat="45.6507980" lon="4.6620970">
    <ele>527.0</ele>
   </trkpt>
   <trkpt lat="45.6508370" lon="4.6620630">
    <ele>527.0</ele>
   </trkpt>
   <trkpt lat="45.6508740" lon="4.6620310">
    <ele>527.0</ele>
   </trkpt>
   <trkpt lat="45.6509120" lon="4.6620000">
    <ele>527.0</ele>
   </trkpt>
   <trkpt lat="45.6509480" lon="4.6619700">
    <ele>526.0</ele>
   </trkpt>
   <trkpt lat="45.6509850" lon="4.6619410">
    <ele>526.0</ele>
   </trkpt>
   <trkpt lat="45.6510210" lon="4.6619150">
    <ele>526.0</ele>
   </trkpt>
   <trkpt lat="45.6510570" lon="4.6618890">
    <ele>526.0</ele>
   </trkpt>
   <trkpt lat="45.6510920" lon="4.6618660">
    <ele>526.0</ele>
   </trkpt>
   <trkpt lat="45.6511280" lon="4.6618430">
    <ele>526.0</ele>
   </trkpt>
   <trkpt lat="45.6511640" lon="4.6618220">
    <ele>526.0</ele>
   </trkpt>
   <trkpt lat="45.6512000" lon="4.6618000">
    <ele>526.0</ele>
   </trkpt>
   <trkpt lat="45.6512380" lon="4.6617850">
    <ele>526.0</ele>
   </trkpt>
   <trkpt lat="45.6512760" lon="4.6617700">
    <ele>526.0</ele>
   </trkpt>
   <trkpt lat="45.6513180" lon="4.6617640">
    <ele>525.0</ele>
   </trkpt>
   <trkpt lat="45.6513600" lon="4.6617570">
    <ele>525.0</ele>
   </trkpt>
   <trkpt lat="45.6514040" lon="4.6617530">
    <ele>525.0</ele>
   </trkpt>
   <trkpt lat="45.6514490" lon="4.6617490">
    <ele>525.0</ele>
   </trkpt>
   <trkpt lat="45.6514950" lon="4.6617450">
    <ele>525.0</ele>
   </trkpt>
   <trkpt lat="45.6515410" lon="4.6617410">
    <ele>524.0</ele>
   </trkpt>
   <trkpt lat="45.6515860" lon="4.6617350">
    <ele>524.0</ele>
   </trkpt>
   <trkpt lat="45.6516310" lon="4.6617300">
    <ele>523.0</ele>
   </trkpt>
   <trkpt lat="45.6516730" lon="4.6617230">
    <ele>523.0</ele>
   </trkpt>
   <trkpt lat="45.6517160" lon="4.6617170">
    <ele>523.0</ele>
   </trkpt>
   <trkpt lat="45.6517590" lon="4.6617180">
    <ele>522.0</ele>
   </trkpt>
   <trkpt lat="45.6518020" lon="4.6617190">
    <ele>522.0</ele>
   </trkpt>
   <trkpt lat="45.6518440" lon="4.6617310">
    <ele>522.0</ele>
   </trkpt>
   <trkpt lat="45.6518860" lon="4.6617420">
    <ele>522.0</ele>
   </trkpt>
   <trkpt lat="45.6519280" lon="4.6617600">
    <ele>522.0</ele>
   </trkpt>
   <trkpt lat="45.6519700" lon="4.6617780">
    <ele>521.0</ele>
   </trkpt>
   <trkpt lat="45.6520110" lon="4.6617960">
    <ele>520.0</ele>
   </trkpt>
   <trkpt lat="45.6520530" lon="4.6618140">
    <ele>520.0</ele>
   </trkpt>
   <trkpt lat="45.6520940" lon="4.6618270">
    <ele>519.0</ele>
   </trkpt>
   <trkpt lat="45.6521350" lon="4.6618400">
    <ele>519.0</ele>
   </trkpt>
   <trkpt lat="45.6521790" lon="4.6618480">
    <ele>518.0</ele>
   </trkpt>
   <trkpt lat="45.6522230" lon="4.6618560">
    <ele>517.0</ele>
   </trkpt>
   <trkpt lat="45.6522670" lon="4.6618550">
    <ele>517.0</ele>
   </trkpt>
   <trkpt lat="45.6523110" lon="4.6618540">
    <ele>516.0</ele>
   </trkpt>
   <trkpt lat="45.6523550" lon="4.6618460">
    <ele>516.0</ele>
   </trkpt>
   <trkpt lat="45.6523980" lon="4.6618380">
    <ele>515.0</ele>
   </trkpt>
   <trkpt lat="45.6524420" lon="4.6618280">
    <ele>515.0</ele>
   </trkpt>
   <trkpt lat="45.6524860" lon="4.6618170">
    <ele>514.0</ele>
   </trkpt>
   <trkpt lat="45.6525300" lon="4.6618060">
    <ele>514.0</ele>
   </trkpt>
   <trkpt lat="45.6525730" lon="4.6617940">
    <ele>514.0</ele>
   </trkpt>
   <trkpt lat="45.6526150" lon="4.6617750">
    <ele>513.0</ele>
   </trkpt>
   <trkpt lat="45.6526570" lon="4.6617560">
    <ele>512.0</ele>
   </trkpt>
   <trkpt lat="45.6526980" lon="4.6617320">
    <ele>512.0</ele>
   </trkpt>
   <trkpt lat="45.6527390" lon="4.6617090">
    <ele>511.0</ele>
   </trkpt>
   <trkpt lat="45.6527810" lon="4.6616820">
    <ele>511.0</ele>
   </trkpt>
   <trkpt lat="45.6528230" lon="4.6616550">
    <ele>510.0</ele>
   </trkpt>
   <trkpt lat="45.6528650" lon="4.6616290">
    <ele>509.0</ele>
   </trkpt>
   <trkpt lat="45.6529060" lon="4.6616030">
    <ele>509.0</ele>
   </trkpt>
   <trkpt lat="45.6529450" lon="4.6615800">
    <ele>508.0</ele>
   </trkpt>
   <trkpt lat="45.6529840" lon="4.6615570">
    <ele>508.0</ele>
   </trkpt>
   <trkpt lat="45.6530210" lon="4.6615390">
    <ele>507.0</ele>
   </trkpt>
   <trkpt lat="45.6530590" lon="4.6615210">
    <ele>507.0</ele>
   </trkpt>
   <trkpt lat="45.6530990" lon="4.6615120">
    <ele>506.0</ele>
   </trkpt>
   <trkpt lat="45.6531390" lon="4.6615030">
    <ele>506.0</ele>
   </trkpt>
   <trkpt lat="45.6531810" lon="4.6614980">
    <ele>506.0</ele>
   </trkpt>
   <trkpt lat="45.6532230" lon="4.6614930">
    <ele>505.0</ele>
   </trkpt>
   <trkpt lat="45.6532680" lon="4.6614960">
    <ele>504.0</ele>
   </trkpt>
   <trkpt lat="45.6533140" lon="4.6615000">
    <ele>503.0</ele>
   </trkpt>
   <trkpt lat="45.6533630" lon="4.6615140">
    <ele>502.0</ele>
   </trkpt>
   <trkpt lat="45.6534110" lon="4.6615280">
    <ele>501.0</ele>
   </trkpt>
   <trkpt lat="45.6534570" lon="4.6615490">
    <ele>500.0</ele>
   </trkpt>
   <trkpt lat="45.6535030" lon="4.6615700">
    <ele>500.0</ele>
   </trkpt>
   <trkpt lat="45.6535430" lon="4.6616010">
    <ele>499.0</ele>
   </trkpt>
   <trkpt lat="45.6535830" lon="4.6616330">
    <ele>499.0</ele>
   </trkpt>
   <trkpt lat="45.6536180" lon="4.6616740">
    <ele>499.0</ele>
   </trkpt>
   <trkpt lat="45.6536530" lon="4.6617160">
    <ele>498.0</ele>
   </trkpt>
   <trkpt lat="45.6536840" lon="4.6617610">
    <ele>497.0</ele>
   </trkpt>
   <trkpt lat="45.6537140" lon="4.6618070">
    <ele>496.0</ele>
   </trkpt>
   <trkpt lat="45.6537450" lon="4.6618480">
    <ele>495.0</ele>
   </trkpt>
   <trkpt lat="45.6537750" lon="4.6618890">
    <ele>494.0</ele>
   </trkpt>
   <trkpt lat="45.6538080" lon="4.6619240">
    <ele>493.0</ele>
   </trkpt>
   <trkpt lat="45.6538420" lon="4.6619580">
    <ele>493.0</ele>
   </trkpt>
   <trkpt lat="45.6538780" lon="4.6619920">
    <ele>492.0</ele>
   </trkpt>
   <trkpt lat="45.6539140" lon="4.6620270">
    <ele>492.0</ele>
   </trkpt>
   <trkpt lat="45.6539480" lon="4.6620700">
    <ele>492.0</ele>
   </trkpt>
   <trkpt lat="45.6539820" lon="4.6621120">
    <ele>491.0</ele>
   </trkpt>
   <trkpt lat="45.6540050" lon="4.6621660">
    <ele>490.0</ele>
   </trkpt>
   <trkpt lat="45.6540280" lon="4.6622200">
    <ele>489.0</ele>
   </trkpt>
   <trkpt lat="45.6540390" lon="4.6622820">
    <ele>488.0</ele>
   </trkpt>
   <trkpt lat="45.6540490" lon="4.6623430">
    <ele>488.0</ele>
   </trkpt>
   <trkpt lat="45.6540540" lon="4.6624060">
    <ele>487.0</ele>
   </trkpt>
   <trkpt lat="45.6540580" lon="4.6624690">
    <ele>487.0</ele>
   </trkpt>
   <trkpt lat="45.6540650" lon="4.6625250">
    <ele>486.0</ele>
   </trkpt>
   <trkpt lat="45.6540720" lon="4.6625810">
    <ele>486.0</ele>
   </trkpt>
   <trkpt lat="45.6540880" lon="4.6626290">
    <ele>486.0</ele>
   </trkpt>
   <trkpt lat="45.6541040" lon="4.6626770">
    <ele>485.0</ele>
   </trkpt>
   <trkpt lat="45.6541270" lon="4.6627240">
    <ele>484.0</ele>
   </trkpt>
   <trkpt lat="45.6541510" lon="4.6627720">
    <ele>484.0</ele>
   </trkpt>
   <trkpt lat="45.6541790" lon="4.6628200">
    <ele>483.0</ele>
   </trkpt>
   <trkpt lat="45.6542070" lon="4.6628680">
    <ele>483.0</ele>
   </trkpt>
   <trkpt lat="45.6542360" lon="4.6629140">
    <ele>482.0</ele>
   </trkpt>
   <trkpt lat="45.6542660" lon="4.6629600">
    <ele>482.0</ele>
   </trkpt>
   <trkpt lat="45.6542930" lon="4.6630080">
    <ele>481.0</ele>
   </trkpt>
   <trkpt lat="45.6543210" lon="4.6630570">
    <ele>481.0</ele>
   </trkpt>
   <trkpt lat="45.6543460" lon="4.6631070">
    <ele>481.0</ele>
   </trkpt>
   <trkpt lat="45.6543710" lon="4.6631560">
    <ele>480.0</ele>
   </trkpt>
   <trkpt lat="45.6543970" lon="4.6632070">
    <ele>479.0</ele>
   </trkpt>
   <trkpt lat="45.6544220" lon="4.6632570">
    <ele>478.0</ele>
   </trkpt>
   <trkpt lat="45.6544470" lon="4.6633090">
    <ele>477.0</ele>
   </trkpt>
   <trkpt lat="45.6544720" lon="4.6633610">
    <ele>476.0</ele>
   </trkpt>
   <trkpt lat="45.6544960" lon="4.6634130">
    <ele>475.0</ele>
   </trkpt>
   <trkpt lat="45.6545200" lon="4.6634670">
    <ele>475.0</ele>
   </trkpt>
   <trkpt lat="45.6545430" lon="4.6635180">
    <ele>474.0</ele>
   </trkpt>
   <trkpt lat="45.6545660" lon="4.6635690">
    <ele>474.0</ele>
   </trkpt>
   <trkpt lat="45.6545910" lon="4.6636170">
    <ele>474.0</ele>
   </trkpt>
   <trkpt lat="45.6546160" lon="4.6636640">
    <ele>473.0</ele>
   </trkpt>
   <trkpt lat="45.6546430" lon="4.6637090">
    <ele>472.0</ele>
   </trkpt>
   <trkpt lat="45.6546700" lon="4.6637540">
    <ele>471.0</ele>
   </trkpt>
   <trkpt lat="45.6547000" lon="4.6637970">
    <ele>470.0</ele>
   </trkpt>
   <trkpt lat="45.6547290" lon="4.6638410">
    <ele>469.0</ele>
   </trkpt>
   <trkpt lat="45.6547620" lon="4.6638790">
    <ele>468.0</ele>
   </trkpt>
   <trkpt lat="45.6547960" lon="4.6639180">
    <ele>467.0</ele>
   </trkpt>
   <trkpt lat="45.6548320" lon="4.6639530">
    <ele>467.0</ele>
   </trkpt>
   <trkpt lat="45.6548690" lon="4.6639890">
    <ele>466.0</ele>
   </trkpt>
   <trkpt lat="45.6549030" lon="4.6640270">
    <ele>466.0</ele>
   </trkpt>
   <trkpt lat="45.6549380" lon="4.6640650">
    <ele>465.0</ele>
   </trkpt>
   <trkpt lat="45.6549620" lon="4.6641130">
    <ele>465.0</ele>
   </trkpt>
   <trkpt lat="45.6549860" lon="4.6641610">
    <ele>464.0</ele>
   </trkpt>
   <trkpt lat="45.6549840" lon="4.6642100">
    <ele>464.0</ele>
   </trkpt>
   <trkpt lat="45.6549810" lon="4.6642580">
    <ele>464.0</ele>
   </trkpt>
   <trkpt lat="45.6549630" lon="4.6642980">
    <ele>463.0</ele>
   </trkpt>
   <trkpt lat="45.6549450" lon="4.6643380">
    <ele>463.0</ele>
   </trkpt>
   <trkpt lat="45.6549430" lon="4.6643770">
    <ele>463.0</ele>
   </trkpt>
   <trkpt lat="45.6549420" lon="4.6644170">
    <ele>463.0</ele>
   </trkpt>
   <trkpt lat="45.6549580" lon="4.6644590">
    <ele>463.0</ele>
   </trkpt>
   <trkpt lat="45.6549740" lon="4.6645010">
    <ele>462.0</ele>
   </trkpt>
   <trkpt lat="45.6549940" lon="4.6645510">
    <ele>461.0</ele>
   </trkpt>
   <trkpt lat="45.6550150" lon="4.6646000">
    <ele>461.0</ele>
   </trkpt>
   <trkpt lat="45.6550340" lon="4.6646570">
    <ele>460.0</ele>
   </trkpt>
   <trkpt lat="45.6550530" lon="4.6647130">
    <ele>460.0</ele>
   </trkpt>
   <trkpt lat="45.6550680" lon="4.6647750">
    <ele>459.0</ele>
   </trkpt>
   <trkpt lat="45.6550830" lon="4.6648370">
    <ele>459.0</ele>
   </trkpt>
   <trkpt lat="45.6550930" lon="4.6649000">
    <ele>458.0</ele>
   </trkpt>
   <trkpt lat="45.6551040" lon="4.6649630">
    <ele>458.0</ele>
   </trkpt>
   <trkpt lat="45.6551140" lon="4.6650230">
    <ele>458.0</ele>
   </trkpt>
   <trkpt lat="45.6551230" lon="4.6650840">
    <ele>457.0</ele>
   </trkpt>
   <trkpt lat="45.6551360" lon="4.6651380">
    <ele>457.0</ele>
   </trkpt>
   <trkpt lat="45.6551480" lon="4.6651920">
    <ele>456.0</ele>
   </trkpt>
   <trkpt lat="45.6551700" lon="4.6652330">
    <ele>456.0</ele>
   </trkpt>
   <trkpt lat="45.6551910" lon="4.6652740">
    <ele>456.0</ele>
   </trkpt>
   <trkpt lat="45.6552190" lon="4.6653090">
    <ele>455.0</ele>
   </trkpt>
   <trkpt lat="45.6552470" lon="4.6653440">
    <ele>455.0</ele>
   </trkpt>
   <trkpt lat="45.6552800" lon="4.6653750">
    <ele>454.0</ele>
   </trkpt>
   <trkpt lat="45.6553140" lon="4.6654060">
    <ele>454.0</ele>
   </trkpt>
   <trkpt lat="45.6553500" lon="4.6654370">
    <ele>454.0</ele>
   </trkpt>
   <trkpt lat="45.6553870" lon="4.6654670">
    <ele>453.0</ele>
   </trkpt>
   <trkpt lat="45.6554200" lon="4.6655010">
    <ele>452.0</ele>
   </trkpt>
   <trkpt lat="45.6554540" lon="4.6655340">
    <ele>451.0</ele>
   </trkpt>
   <trkpt lat="45.6554780" lon="4.6655750">
    <ele>450.0</ele>
   </trkpt>
   <trkpt lat="45.6555030" lon="4.6656160">
    <ele>450.0</ele>
   </trkpt>
   <trkpt lat="45.6555170" lon="4.6656650">
    <ele>449.0</ele>
   </trkpt>
   <trkpt lat="45.6555320" lon="4.6657140">
    <ele>448.0</ele>
   </trkpt>
   <trkpt lat="45.6555400" lon="4.6657640">
    <ele>448.0</ele>
   </trkpt>
   <trkpt lat="45.6555490" lon="4.6658140">
    <ele>447.0</ele>
   </trkpt>
   <trkpt lat="45.6555610" lon="4.6658600">
    <ele>447.0</ele>
   </trkpt>
   <trkpt lat="45.6555720" lon="4.6659060">
    <ele>445.0</ele>
   </trkpt>
   <trkpt lat="45.6555850" lon="4.6659510">
    <ele>444.0</ele>
   </trkpt>
   <trkpt lat="45.6555980" lon="4.6659970">
    <ele>443.0</ele>
   </trkpt>
   <trkpt lat="45.6556100" lon="4.6660410">
    <ele>442.0</ele>
   </trkpt>
   <trkpt lat="45.6556220" lon="4.6660860">
    <ele>441.0</ele>
   </trkpt>
   <trkpt lat="45.6556340" lon="4.6661310">
    <ele>440.0</ele>
   </trkpt>
   <trkpt lat="45.6556450" lon="4.6661770">
    <ele>439.0</ele>
   </trkpt>
   <trkpt lat="45.6556570" lon="4.6662230">
    <ele>438.0</ele>
   </trkpt>
   <trkpt lat="45.6556690" lon="4.6662700">
    <ele>437.0</ele>
   </trkpt>
   <trkpt lat="45.6556810" lon="4.6663160">
    <ele>437.0</ele>
   </trkpt>
   <trkpt lat="45.6556920" lon="4.6663620">
    <ele>435.0</ele>
   </trkpt>
   <trkpt lat="45.6556980" lon="4.6664090">
    <ele>434.0</ele>
   </trkpt>
   <trkpt lat="45.6557040" lon="4.6664550">
    <ele>433.0</ele>
   </trkpt>
   <trkpt lat="45.6557080" lon="4.6665010">
    <ele>432.0</ele>
   </trkpt>
   <trkpt lat="45.6557130" lon="4.6665460">
    <ele>431.0</ele>
   </trkpt>
   <trkpt lat="45.6557330" lon="4.6666150">
    <ele>430.0</ele>
   </trkpt>
   <trkpt lat="45.6557440" lon="4.6666420">
    <ele>429.0</ele>
   </trkpt>
   <trkpt lat="45.6557540" lon="4.6666700">
    <ele>429.0</ele>
   </trkpt>
   <trkpt lat="45.6557740" lon="4.6667110">
    <ele>428.0</ele>
   </trkpt>
   <trkpt lat="45.6557980" lon="4.6667560">
    <ele>428.0</ele>
   </trkpt>
   <trkpt lat="45.6558230" lon="4.6668020">
    <ele>427.0</ele>
   </trkpt>
   <trkpt lat="45.6558470" lon="4.6668430">
    <ele>426.0</ele>
   </trkpt>
   <trkpt lat="45.6558710" lon="4.6668850">
    <ele>425.0</ele>
   </trkpt>
   <trkpt lat="45.6558950" lon="4.6669190">
    <ele>424.0</ele>
   </trkpt>
   <trkpt lat="45.6559200" lon="4.6669530">
    <ele>423.0</ele>
   </trkpt>
   <trkpt lat="45.6559440" lon="4.6669880">
    <ele>422.0</ele>
   </trkpt>
   <trkpt lat="45.6559680" lon="4.6670240">
    <ele>421.0</ele>
   </trkpt>
   <trkpt lat="45.6559900" lon="4.6670580">
    <ele>420.0</ele>
   </trkpt>
   <trkpt lat="45.6560130" lon="4.6670910">
    <ele>419.0</ele>
   </trkpt>
   <trkpt lat="45.6560370" lon="4.6671120">
    <ele>419.0</ele>
   </trkpt>
   <trkpt lat="45.6560620" lon="4.6671320">
    <ele>418.0</ele>
   </trkpt>
   <trkpt lat="45.6560870" lon="4.6671500">
    <ele>417.0</ele>
   </trkpt>
   <trkpt lat="45.6561110" lon="4.6671680">
    <ele>417.0</ele>
   </trkpt>
   <trkpt lat="45.6561270" lon="4.6671950">
    <ele>416.0</ele>
   </trkpt>
   <trkpt lat="45.6561430" lon="4.6672230">
    <ele>416.0</ele>
   </trkpt>
   <trkpt lat="45.6561470" lon="4.6672610">
    <ele>416.0</ele>
   </trkpt>
   <trkpt lat="45.6561510" lon="4.6672980">
    <ele>416.0</ele>
   </trkpt>
   <trkpt lat="45.6561450" lon="4.6673410">
    <ele>416.0</ele>
   </trkpt>
   <trkpt lat="45.6561390" lon="4.6673840">
    <ele>416.0</ele>
   </trkpt>
   <trkpt lat="45.6561280" lon="4.6674310">
    <ele>416.0</ele>
   </trkpt>
   <trkpt lat="45.6561180" lon="4.6674780">
    <ele>416.0</ele>
   </trkpt>
   <trkpt lat="45.6561070" lon="4.6675270">
    <ele>416.0</ele>
   </trkpt>
   <trkpt lat="45.6560960" lon="4.6675770">
    <ele>416.0</ele>
   </trkpt>
   <trkpt lat="45.6560880" lon="4.6676280">
    <ele>416.0</ele>
   </trkpt>
   <trkpt lat="45.6560800" lon="4.6676790">
    <ele>416.0</ele>
   </trkpt>
   <trkpt lat="45.6560740" lon="4.6677290">
    <ele>416.0</ele>
   </trkpt>
   <trkpt lat="45.6560680" lon="4.6677790">
    <ele>416.0</ele>
   </trkpt>
   <trkpt lat="45.6560620" lon="4.6678260">
    <ele>416.0</ele>
   </trkpt>
   <trkpt lat="45.6560560" lon="4.6678740">
    <ele>416.0</ele>
   </trkpt>
   <trkpt lat="45.6560500" lon="4.6679200">
    <ele>416.0</ele>
   </trkpt>
   <trkpt lat="45.6560430" lon="4.6679660">
    <ele>416.0</ele>
   </trkpt>
   <trkpt lat="45.6560340" lon="4.6680110">
    <ele>416.0</ele>
   </trkpt>
   <trkpt lat="45.6560260" lon="4.6680560">
    <ele>416.0</ele>
   </trkpt>
   <trkpt lat="45.6560170" lon="4.6680980">
    <ele>416.0</ele>
   </trkpt>
   <trkpt lat="45.6560070" lon="4.6681410">
    <ele>417.0</ele>
   </trkpt>
   <trkpt lat="45.6560010" lon="4.6681830">
    <ele>417.0</ele>
   </trkpt>
   <trkpt lat="45.6559940" lon="4.6682240">
    <ele>417.0</ele>
   </trkpt>
   <trkpt lat="45.6559890" lon="4.6682660">
    <ele>417.0</ele>
   </trkpt>
   <trkpt lat="45.6559840" lon="4.6683080">
    <ele>417.0</ele>
   </trkpt>
   <trkpt lat="45.6559800" lon="4.6683490">
    <ele>418.0</ele>
   </trkpt>
   <trkpt lat="45.6559770" lon="4.6683910">
    <ele>418.0</ele>
   </trkpt>
   <trkpt lat="45.6559770" lon="4.6684290">
    <ele>418.0</ele>
   </trkpt>
   <trkpt lat="45.6559780" lon="4.6684670">
    <ele>418.0</ele>
   </trkpt>
   <trkpt lat="45.6559840" lon="4.6685020">
    <ele>418.0</ele>
   </trkpt>
   <trkpt lat="45.6559910" lon="4.6685370">
    <ele>419.0</ele>
   </trkpt>
   <trkpt lat="45.6560040" lon="4.6685690">
    <ele>419.0</ele>
   </trkpt>
   <trkpt lat="45.6560180" lon="4.6686010">
    <ele>419.0</ele>
   </trkpt>
   <trkpt lat="45.6560370" lon="4.6686260">
    <ele>420.0</ele>
   </trkpt>
   <trkpt lat="45.6560570" lon="4.6686510">
    <ele>420.0</ele>
   </trkpt>
   <trkpt lat="45.6560800" lon="4.6686700">
    <ele>421.0</ele>
   </trkpt>
   <trkpt lat="45.6561030" lon="4.6686900">
    <ele>421.0</ele>
   </trkpt>
   <trkpt lat="45.6561300" lon="4.6687070">
    <ele>421.0</ele>
   </trkpt>
   <trkpt lat="45.6561580" lon="4.6687250">
    <ele>422.0</ele>
   </trkpt>
   <trkpt lat="45.6561850" lon="4.6687390">
    <ele>422.0</ele>
   </trkpt>
   <trkpt lat="45.6562130" lon="4.6687540">
    <ele>423.0</ele>
   </trkpt>
   <trkpt lat="45.6562380" lon="4.6687630">
    <ele>423.0</ele>
   </trkpt>
   <trkpt lat="45.6562640" lon="4.6687720">
    <ele>423.0</ele>
   </trkpt>
   <trkpt lat="45.6562870" lon="4.6687800">
    <ele>423.0</ele>
   </trkpt>
   <trkpt lat="45.6563100" lon="4.6687880">
    <ele>423.0</ele>
   </trkpt>
   <trkpt lat="45.6563310" lon="4.6687950">
    <ele>424.0</ele>
   </trkpt>
   <trkpt lat="45.6563520" lon="4.6688030">
    <ele>424.0</ele>
   </trkpt>
   <trkpt lat="45.6563740" lon="4.6688120">
    <ele>424.0</ele>
   </trkpt>
   <trkpt lat="45.6563970" lon="4.6688220">
    <ele>425.0</ele>
   </trkpt>
   <trkpt lat="45.6564210" lon="4.6688330">
    <ele>425.0</ele>
   </trkpt>
   <trkpt lat="45.6564450" lon="4.6688440">
    <ele>426.0</ele>
   </trkpt>
   <trkpt lat="45.6564700" lon="4.6688560">
    <ele>426.0</ele>
   </trkpt>
   <trkpt lat="45.6564960" lon="4.6688680">
    <ele>426.0</ele>
   </trkpt>
   <trkpt lat="45.6565210" lon="4.6688780">
    <ele>426.0</ele>
   </trkpt>
   <trkpt lat="45.6565470" lon="4.6688890">
    <ele>426.0</ele>
   </trkpt>
   <trkpt lat="45.6565730" lon="4.6688990">
    <ele>427.0</ele>
   </trkpt>
   <trkpt lat="45.6565990" lon="4.6689080">
    <ele>427.0</ele>
   </trkpt>
   <trkpt lat="45.6566240" lon="4.6689150">
    <ele>427.0</ele>
   </trkpt>
   <trkpt lat="45.6566490" lon="4.6689210">
    <ele>428.0</ele>
   </trkpt>
   <trkpt lat="45.6566730" lon="4.6689240">
    <ele>428.0</ele>
   </trkpt>
   <trkpt lat="45.6566970" lon="4.6689260">
    <ele>429.0</ele>
   </trkpt>
   <trkpt lat="45.6567210" lon="4.6689280">
    <ele>429.0</ele>
   </trkpt>
   <trkpt lat="45.6567460" lon="4.6689300">
    <ele>429.0</ele>
   </trkpt>
   <trkpt lat="45.6567700" lon="4.6689290">
    <ele>430.0</ele>
   </trkpt>
   <trkpt lat="45.6567950" lon="4.6689280">
    <ele>430.0</ele>
   </trkpt>
   <trkpt lat="45.6568190" lon="4.6689270">
    <ele>431.0</ele>
   </trkpt>
   <trkpt lat="45.6568430" lon="4.6689250">
    <ele>431.0</ele>
   </trkpt>
   <trkpt lat="45.6568640" lon="4.6689260">
    <ele>431.0</ele>
   </trkpt>
   <trkpt lat="45.6568860" lon="4.6689270">
    <ele>431.0</ele>
   </trkpt>
   <trkpt lat="45.6569070" lon="4.6689300">
    <ele>431.0</ele>
   </trkpt>
   <trkpt lat="45.6569280" lon="4.6689340">
    <ele>432.0</ele>
   </trkpt>
   <trkpt lat="45.6569490" lon="4.6689380">
    <ele>432.0</ele>
   </trkpt>
   <trkpt lat="45.6569700" lon="4.6689420">
    <ele>433.0</ele>
   </trkpt>
   <trkpt lat="45.6569890" lon="4.6689470">
    <ele>433.0</ele>
   </trkpt>
   <trkpt lat="45.6570090" lon="4.6689530">
    <ele>434.0</ele>
   </trkpt>
   <trkpt lat="45.6570290" lon="4.6689570">
    <ele>435.0</ele>
   </trkpt>
   <trkpt lat="45.6570490" lon="4.6689610">
    <ele>435.0</ele>
   </trkpt>
   <trkpt lat="45.6570700" lon="4.6689640">
    <ele>435.0</ele>
   </trkpt>
   <trkpt lat="45.6570900" lon="4.6689660">
    <ele>436.0</ele>
   </trkpt>
   <trkpt lat="45.6571110" lon="4.6689680">
    <ele>436.0</ele>
   </trkpt>
   <trkpt lat="45.6571330" lon="4.6689690">
    <ele>437.0</ele>
   </trkpt>
   <trkpt lat="45.6571570" lon="4.6689710">
    <ele>437.0</ele>
   </trkpt>
   <trkpt lat="45.6571800" lon="4.6689740">
    <ele>437.0</ele>
   </trkpt>
   <trkpt lat="45.6572040" lon="4.6689820">
    <ele>437.0</ele>
   </trkpt>
   <trkpt lat="45.6572290" lon="4.6689890">
    <ele>437.0</ele>
   </trkpt>
   <trkpt lat="45.6572520" lon="4.6689990">
    <ele>438.0</ele>
   </trkpt>
   <trkpt lat="45.6572750" lon="4.6690080">
    <ele>438.0</ele>
   </trkpt>
   <trkpt lat="45.6572990" lon="4.6690130">
    <ele>438.0</ele>
   </trkpt>
   <trkpt lat="45.6573220" lon="4.6690180">
    <ele>439.0</ele>
   </trkpt>
   <trkpt lat="45.6573460" lon="4.6690210">
    <ele>439.0</ele>
   </trkpt>
   <trkpt lat="45.6573700" lon="4.6690240">
    <ele>440.0</ele>
   </trkpt>
   <trkpt lat="45.6573950" lon="4.6690270">
    <ele>440.0</ele>
   </trkpt>
   <trkpt lat="45.6574190" lon="4.6690300">
    <ele>440.0</ele>
   </trkpt>
   <trkpt lat="45.6574410" lon="4.6690320">
    <ele>441.0</ele>
   </trkpt>
   <trkpt lat="45.6574640" lon="4.6690340">
    <ele>441.0</ele>
   </trkpt>
   <trkpt lat="45.6574860" lon="4.6690370">
    <ele>442.0</ele>
   </trkpt>
   <trkpt lat="45.6575080" lon="4.6690400">
    <ele>442.0</ele>
   </trkpt>
   <trkpt lat="45.6575300" lon="4.6690430">
    <ele>442.0</ele>
   </trkpt>
   <trkpt lat="45.6575530" lon="4.6690460">
    <ele>443.0</ele>
   </trkpt>
   <trkpt lat="45.6575780" lon="4.6690460">
    <ele>443.0</ele>
   </trkpt>
   <trkpt lat="45.6576040" lon="4.6690470">
    <ele>444.0</ele>
   </trkpt>
   <trkpt lat="45.6576310" lon="4.6690480">
    <ele>444.0</ele>
   </trkpt>
   <trkpt lat="45.6576580" lon="4.6690490">
    <ele>444.0</ele>
   </trkpt>
   <trkpt lat="45.6576840" lon="4.6690520">
    <ele>444.0</ele>
   </trkpt>
   <trkpt lat="45.6577110" lon="4.6690550">
    <ele>444.0</ele>
   </trkpt>
   <trkpt lat="45.6577380" lon="4.6690600">
    <ele>445.0</ele>
   </trkpt>
   <trkpt lat="45.6577640" lon="4.6690660">
    <ele>445.0</ele>
   </trkpt>
   <trkpt lat="45.6577890" lon="4.6690750">
    <ele>445.0</ele>
   </trkpt>
   <trkpt lat="45.6578150" lon="4.6690840">
    <ele>446.0</ele>
   </trkpt>
   <trkpt lat="45.6578400" lon="4.6690920">
    <ele>446.0</ele>
   </trkpt>
   <trkpt lat="45.6578650" lon="4.6691000">
    <ele>447.0</ele>
   </trkpt>
   <trkpt lat="45.6578900" lon="4.6691060">
    <ele>447.0</ele>
   </trkpt>
   <trkpt lat="45.6579150" lon="4.6691120">
    <ele>447.0</ele>
   </trkpt>
   <trkpt lat="45.6579410" lon="4.6691170">
    <ele>447.0</ele>
   </trkpt>
   <trkpt lat="45.6579670" lon="4.6691230">
    <ele>447.0</ele>
   </trkpt>
   <trkpt lat="45.6579950" lon="4.6691280">
    <ele>448.0</ele>
   </trkpt>
   <trkpt lat="45.6580220" lon="4.6691340">
    <ele>448.0</ele>
   </trkpt>
   <trkpt lat="45.6580510" lon="4.6691400">
    <ele>448.0</ele>
   </trkpt>
   <trkpt lat="45.6580800" lon="4.6691470">
    <ele>449.0</ele>
   </trkpt>
   <trkpt lat="45.6581080" lon="4.6691550">
    <ele>449.0</ele>
   </trkpt>
   <trkpt lat="45.6581370" lon="4.6691640">
    <ele>450.0</ele>
   </trkpt>
   <trkpt lat="45.6581650" lon="4.6691710">
    <ele>450.0</ele>
   </trkpt>
   <trkpt lat="45.6581920" lon="4.6691780">
    <ele>450.0</ele>
   </trkpt>
   <trkpt lat="45.6582200" lon="4.6691860">
    <ele>450.0</ele>
   </trkpt>
   <trkpt lat="45.6582480" lon="4.6691930">
    <ele>450.0</ele>
   </trkpt>
   <trkpt lat="45.6582750" lon="4.6692030">
    <ele>451.0</ele>
   </trkpt>
   <trkpt lat="45.6583010" lon="4.6692130">
    <ele>451.0</ele>
   </trkpt>
   <trkpt lat="45.6583260" lon="4.6692260">
    <ele>451.0</ele>
   </trkpt>
   <trkpt lat="45.6583510" lon="4.6692380">
    <ele>452.0</ele>
   </trkpt>
   <trkpt lat="45.6583760" lon="4.6692520">
    <ele>452.0</ele>
   </trkpt>
   <trkpt lat="45.6584000" lon="4.6692670">
    <ele>453.0</ele>
   </trkpt>
   <trkpt lat="45.6584260" lon="4.6692840">
    <ele>453.0</ele>
   </trkpt>
   <trkpt lat="45.6584510" lon="4.6693010">
    <ele>453.0</ele>
   </trkpt>
   <trkpt lat="45.6584780" lon="4.6693210">
    <ele>453.0</ele>
   </trkpt>
   <trkpt lat="45.6585060" lon="4.6693400">
    <ele>453.0</ele>
   </trkpt>
   <trkpt lat="45.6585360" lon="4.6693610">
    <ele>454.0</ele>
   </trkpt>
   <trkpt lat="45.6585650" lon="4.6693820">
    <ele>454.0</ele>
   </trkpt>
   <trkpt lat="45.6585940" lon="4.6694030">
    <ele>454.0</ele>
   </trkpt>
   <trkpt lat="45.6586230" lon="4.6694240">
    <ele>455.0</ele>
   </trkpt>
   <trkpt lat="45.6586510" lon="4.6694470">
    <ele>455.0</ele>
   </trkpt>
   <trkpt lat="45.6586800" lon="4.6694710">
    <ele>456.0</ele>
   </trkpt>
   <trkpt lat="45.6587100" lon="4.6694980">
    <ele>456.0</ele>
   </trkpt>
   <trkpt lat="45.6587400" lon="4.6695250">
    <ele>456.0</ele>
   </trkpt>
   <trkpt lat="45.6587720" lon="4.6695550">
    <ele>456.0</ele>
   </trkpt>
   <trkpt lat="45.6588040" lon="4.6695850">
    <ele>456.0</ele>
   </trkpt>
   <trkpt lat="45.6588370" lon="4.6696140">
    <ele>456.0</ele>
   </trkpt>
   <trkpt lat="45.6588700" lon="4.6696440">
    <ele>456.0</ele>
   </trkpt>
   <trkpt lat="45.6589040" lon="4.6696720">
    <ele>456.0</ele>
   </trkpt>
   <trkpt lat="45.6589390" lon="4.6697000">
    <ele>456.0</ele>
   </trkpt>
   <trkpt lat="45.6589740" lon="4.6697280">
    <ele>456.0</ele>
   </trkpt>
   <trkpt lat="45.6590080" lon="4.6697560">
    <ele>456.0</ele>
   </trkpt>
   <trkpt lat="45.6590420" lon="4.6697860">
    <ele>456.0</ele>
   </trkpt>
   <trkpt lat="45.6590750" lon="4.6698160">
    <ele>456.0</ele>
   </trkpt>
   <trkpt lat="45.6591080" lon="4.6698470">
    <ele>456.0</ele>
   </trkpt>
   <trkpt lat="45.6591410" lon="4.6698780">
    <ele>456.0</ele>
   </trkpt>
   <trkpt lat="45.6591740" lon="4.6699110">
    <ele>456.0</ele>
   </trkpt>
   <trkpt lat="45.6592080" lon="4.6699430">
    <ele>456.0</ele>
   </trkpt>
   <trkpt lat="45.6592430" lon="4.6699750">
    <ele>456.0</ele>
   </trkpt>
   <trkpt lat="45.6592770" lon="4.6700080">
    <ele>456.0</ele>
   </trkpt>
   <trkpt lat="45.6593110" lon="4.6700410">
    <ele>456.0</ele>
   </trkpt>
   <trkpt lat="45.6593450" lon="4.6700750">
    <ele>456.0</ele>
   </trkpt>
   <trkpt lat="45.6593800" lon="4.6701080">
    <ele>455.0</ele>
   </trkpt>
   <trkpt lat="45.6594150" lon="4.6701400">
    <ele>455.0</ele>
   </trkpt>
   <trkpt lat="45.6594490" lon="4.6701720">
    <ele>455.0</ele>
   </trkpt>
   <trkpt lat="45.6594830" lon="4.6702040">
    <ele>455.0</ele>
   </trkpt>
   <trkpt lat="45.6595160" lon="4.6702340">
    <ele>455.0</ele>
   </trkpt>
   <trkpt lat="45.6595490" lon="4.6702640">
    <ele>455.0</ele>
   </trkpt>
   <trkpt lat="45.6595820" lon="4.6702930">
    <ele>455.0</ele>
   </trkpt>
   <trkpt lat="45.6596150" lon="4.6703220">
    <ele>455.0</ele>
   </trkpt>
   <trkpt lat="45.6596500" lon="4.6703500">
    <ele>455.0</ele>
   </trkpt>
   <trkpt lat="45.6596860" lon="4.6703780">
    <ele>455.0</ele>
   </trkpt>
   <trkpt lat="45.6597210" lon="4.6704070">
    <ele>454.0</ele>
   </trkpt>
   <trkpt lat="45.6597570" lon="4.6704360">
    <ele>454.0</ele>
   </trkpt>
   <trkpt lat="45.6597920" lon="4.6704670">
    <ele>453.0</ele>
   </trkpt>
   <trkpt lat="45.6598260" lon="4.6704980">
    <ele>453.0</ele>
   </trkpt>
   <trkpt lat="45.6598610" lon="4.6705280">
    <ele>453.0</ele>
   </trkpt>
   <trkpt lat="45.6598960" lon="4.6705590">
    <ele>453.0</ele>
   </trkpt>
   <trkpt lat="45.6599300" lon="4.6705890">
    <ele>453.0</ele>
   </trkpt>
   <trkpt lat="45.6599640" lon="4.6706180">
    <ele>453.0</ele>
   </trkpt>
   <trkpt lat="45.6599960" lon="4.6706490">
    <ele>453.0</ele>
   </trkpt>
   <trkpt lat="45.6600290" lon="4.6706790">
    <ele>453.0</ele>
   </trkpt>
   <trkpt lat="45.6600610" lon="4.6707100">
    <ele>452.0</ele>
   </trkpt>
   <trkpt lat="45.6600930" lon="4.6707410">
    <ele>452.0</ele>
   </trkpt>
   <trkpt lat="45.6601280" lon="4.6707700">
    <ele>451.0</ele>
   </trkpt>
   <trkpt lat="45.6601620" lon="4.6707990">
    <ele>451.0</ele>
   </trkpt>
   <trkpt lat="45.6602000" lon="4.6708210">
    <ele>451.0</ele>
   </trkpt>
   <trkpt lat="45.6602380" lon="4.6708420">
    <ele>450.0</ele>
   </trkpt>
   <trkpt lat="45.6602770" lon="4.6708560">
    <ele>450.0</ele>
   </trkpt>
   <trkpt lat="45.6603170" lon="4.6708700">
    <ele>450.0</ele>
   </trkpt>
   <trkpt lat="45.6603570" lon="4.6708830">
    <ele>450.0</ele>
   </trkpt>
   <trkpt lat="45.6603970" lon="4.6708950">
    <ele>450.0</ele>
   </trkpt>
   <trkpt lat="45.6604360" lon="4.6709050">
    <ele>449.0</ele>
   </trkpt>
   <trkpt lat="45.6604750" lon="4.6709150">
    <ele>449.0</ele>
   </trkpt>
   <trkpt lat="45.6605130" lon="4.6709240">
    <ele>448.0</ele>
   </trkpt>
   <trkpt lat="45.6605510" lon="4.6709340">
    <ele>448.0</ele>
   </trkpt>
   <trkpt lat="45.6605890" lon="4.6709430">
    <ele>448.0</ele>
   </trkpt>
   <trkpt lat="45.6606270" lon="4.6709530">
    <ele>448.0</ele>
   </trkpt>
   <trkpt lat="45.6606660" lon="4.6709620">
    <ele>448.0</ele>
   </trkpt>
   <trkpt lat="45.6607050" lon="4.6709700">
    <ele>448.0</ele>
   </trkpt>
   <trkpt lat="45.6607430" lon="4.6709780">
    <ele>448.0</ele>
   </trkpt>
   <trkpt lat="45.6607810" lon="4.6709860">
    <ele>448.0</ele>
   </trkpt>
   <trkpt lat="45.6608180" lon="4.6709940">
    <ele>447.0</ele>
   </trkpt>
   <trkpt lat="45.6608560" lon="4.6710020">
    <ele>447.0</ele>
   </trkpt>
   <trkpt lat="45.6608940" lon="4.6710110">
    <ele>447.0</ele>
   </trkpt>
   <trkpt lat="45.6609320" lon="4.6710200">
    <ele>447.0</ele>
   </trkpt>
   <trkpt lat="45.6609690" lon="4.6710290">
    <ele>447.0</ele>
   </trkpt>
   <trkpt lat="45.6610070" lon="4.6710370">
    <ele>447.0</ele>
   </trkpt>
   <trkpt lat="45.6610440" lon="4.6710410">
    <ele>447.0</ele>
   </trkpt>
   <trkpt lat="45.6610810" lon="4.6710440">
    <ele>447.0</ele>
   </trkpt>
   <trkpt lat="45.6611170" lon="4.6710420">
    <ele>447.0</ele>
   </trkpt>
   <trkpt lat="45.6611530" lon="4.6710410">
    <ele>447.0</ele>
   </trkpt>
   <trkpt lat="45.6611830" lon="4.6710540">
    <ele>446.0</ele>
   </trkpt>
   <trkpt lat="45.6612130" lon="4.6710660">
    <ele>446.0</ele>
   </trkpt>
   <trkpt lat="45.6612210" lon="4.6711040">
    <ele>446.0</ele>
   </trkpt>
   <trkpt lat="45.6612290" lon="4.6711420">
    <ele>446.0</ele>
   </trkpt>
   <trkpt lat="45.6612170" lon="4.6711960">
    <ele>446.0</ele>
   </trkpt>
   <trkpt lat="45.6612040" lon="4.6712510">
    <ele>445.0</ele>
   </trkpt>
   <trkpt lat="45.6611840" lon="4.6713100">
    <ele>445.0</ele>
   </trkpt>
   <trkpt lat="45.6611640" lon="4.6713690">
    <ele>445.0</ele>
   </trkpt>
   <trkpt lat="45.6611440" lon="4.6714260">
    <ele>445.0</ele>
   </trkpt>
   <trkpt lat="45.6611250" lon="4.6714830">
    <ele>445.0</ele>
   </trkpt>
   <trkpt lat="45.6611060" lon="4.6715380">
    <ele>444.0</ele>
   </trkpt>
   <trkpt lat="45.6610870" lon="4.6715930">
    <ele>444.0</ele>
   </trkpt>
   <trkpt lat="45.6610700" lon="4.6716480">
    <ele>444.0</ele>
   </trkpt>
   <trkpt lat="45.6610520" lon="4.6717030">
    <ele>444.0</ele>
   </trkpt>
   <trkpt lat="45.6610360" lon="4.6717570">
    <ele>444.0</ele>
   </trkpt>
   <trkpt lat="45.6610190" lon="4.6718120">
    <ele>444.0</ele>
   </trkpt>
   <trkpt lat="45.6610040" lon="4.6718660">
    <ele>444.0</ele>
   </trkpt>
   <trkpt lat="45.6609890" lon="4.6719200">
    <ele>444.0</ele>
   </trkpt>
   <trkpt lat="45.6609750" lon="4.6719740">
    <ele>444.0</ele>
   </trkpt>
   <trkpt lat="45.6609600" lon="4.6720270">
    <ele>444.0</ele>
   </trkpt>
   <trkpt lat="45.6609450" lon="4.6720810">
    <ele>444.0</ele>
   </trkpt>
   <trkpt lat="45.6609300" lon="4.6721350">
    <ele>444.0</ele>
   </trkpt>
   <trkpt lat="45.6609160" lon="4.6721880">
    <ele>444.0</ele>
   </trkpt>
   <trkpt lat="45.6609010" lon="4.6722420">
    <ele>444.0</ele>
   </trkpt>
   <trkpt lat="45.6608880" lon="4.6722950">
    <ele>444.0</ele>
   </trkpt>
   <trkpt lat="45.6608760" lon="4.6723490">
    <ele>443.0</ele>
   </trkpt>
   <trkpt lat="45.6608640" lon="4.6724020">
    <ele>443.0</ele>
   </trkpt>
   <trkpt lat="45.6608520" lon="4.6724560">
    <ele>443.0</ele>
   </trkpt>
   <trkpt lat="45.6608390" lon="4.6725100">
    <ele>443.0</ele>
   </trkpt>
   <trkpt lat="45.6608260" lon="4.6725650">
    <ele>443.0</ele>
   </trkpt>
   <trkpt lat="45.6608130" lon="4.6726180">
    <ele>443.0</ele>
   </trkpt>
   <trkpt lat="45.6608000" lon="4.6726710">
    <ele>443.0</ele>
   </trkpt>
   <trkpt lat="45.6607870" lon="4.6727240">
    <ele>443.0</ele>
   </trkpt>
   <trkpt lat="45.6607730" lon="4.6727770">
    <ele>443.0</ele>
   </trkpt>
   <trkpt lat="45.6607580" lon="4.6728290">
    <ele>443.0</ele>
   </trkpt>
   <trkpt lat="45.6607430" lon="4.6728810">
    <ele>442.0</ele>
   </trkpt>
   <trkpt lat="45.6607270" lon="4.6729340">
    <ele>442.0</ele>
   </trkpt>
   <trkpt lat="45.6607110" lon="4.6729860">
    <ele>441.0</ele>
   </trkpt>
   <trkpt lat="45.6606980" lon="4.6730400">
    <ele>441.0</ele>
   </trkpt>
   <trkpt lat="45.6606840" lon="4.6730940">
    <ele>441.0</ele>
   </trkpt>
   <trkpt lat="45.6606720" lon="4.6731480">
    <ele>441.0</ele>
   </trkpt>
   <trkpt lat="45.6606600" lon="4.6732020">
    <ele>441.0</ele>
   </trkpt>
   <trkpt lat="45.6606490" lon="4.6732550">
    <ele>441.0</ele>
   </trkpt>
   <trkpt lat="45.6606370" lon="4.6733090">
    <ele>441.0</ele>
   </trkpt>
   <trkpt lat="45.6606250" lon="4.6733620">
    <ele>441.0</ele>
   </trkpt>
   <trkpt lat="45.6606130" lon="4.6734150">
    <ele>440.0</ele>
   </trkpt>
   <trkpt lat="45.6606020" lon="4.6734700">
    <ele>440.0</ele>
   </trkpt>
   <trkpt lat="45.6605900" lon="4.6735250">
    <ele>440.0</ele>
   </trkpt>
   <trkpt lat="45.6605820" lon="4.6735800">
    <ele>440.0</ele>
   </trkpt>
   <trkpt lat="45.6605730" lon="4.6736340">
    <ele>440.0</ele>
   </trkpt>
   <trkpt lat="45.6605650" lon="4.6736900">
    <ele>440.0</ele>
   </trkpt>
   <trkpt lat="45.6605580" lon="4.6737460">
    <ele>440.0</ele>
   </trkpt>
   <trkpt lat="45.6605470" lon="4.6738020">
    <ele>440.0</ele>
   </trkpt>
   <trkpt lat="45.6605360" lon="4.6738590">
    <ele>440.0</ele>
   </trkpt>
   <trkpt lat="45.6605240" lon="4.6739150">
    <ele>440.0</ele>
   </trkpt>
   <trkpt lat="45.6605110" lon="4.6739710">
    <ele>440.0</ele>
   </trkpt>
   <trkpt lat="45.6605020" lon="4.6740260">
    <ele>440.0</ele>
   </trkpt>
   <trkpt lat="45.6604930" lon="4.6740810">
    <ele>440.0</ele>
   </trkpt>
   <trkpt lat="45.6604940" lon="4.6741350">
    <ele>440.0</ele>
   </trkpt>
   <trkpt lat="45.6604950" lon="4.6741890">
    <ele>440.0</ele>
   </trkpt>
   <trkpt lat="45.6605070" lon="4.6742410">
    <ele>439.0</ele>
   </trkpt>
   <trkpt lat="45.6605190" lon="4.6742920">
    <ele>439.0</ele>
   </trkpt>
   <trkpt lat="45.6605350" lon="4.6743430">
    <ele>439.0</ele>
   </trkpt>
   <trkpt lat="45.6605520" lon="4.6743930">
    <ele>439.0</ele>
   </trkpt>
   <trkpt lat="45.6605700" lon="4.6744420">
    <ele>439.0</ele>
   </trkpt>
   <trkpt lat="45.6605880" lon="4.6744910">
    <ele>438.0</ele>
   </trkpt>
   <trkpt lat="45.6606070" lon="4.6745380">
    <ele>438.0</ele>
   </trkpt>
   <trkpt lat="45.6606260" lon="4.6745850">
    <ele>438.0</ele>
   </trkpt>
   <trkpt lat="45.6606460" lon="4.6746290">
    <ele>438.0</ele>
   </trkpt>
   <trkpt lat="45.6606670" lon="4.6746730">
    <ele>438.0</ele>
   </trkpt>
   <trkpt lat="45.6606880" lon="4.6747170">
    <ele>438.0</ele>
   </trkpt>
   <trkpt lat="45.6607080" lon="4.6747600">
    <ele>438.0</ele>
   </trkpt>
   <trkpt lat="45.6607270" lon="4.6748020">
    <ele>438.0</ele>
   </trkpt>
   <trkpt lat="45.6607470" lon="4.6748440">
    <ele>438.0</ele>
   </trkpt>
   <trkpt lat="45.6607650" lon="4.6748860">
    <ele>438.0</ele>
   </trkpt>
   <trkpt lat="45.6607840" lon="4.6749280">
    <ele>438.0</ele>
   </trkpt>
   <trkpt lat="45.6608030" lon="4.6749690">
    <ele>438.0</ele>
   </trkpt>
   <trkpt lat="45.6608210" lon="4.6750090">
    <ele>438.0</ele>
   </trkpt>
   <trkpt lat="45.6608400" lon="4.6750490">
    <ele>438.0</ele>
   </trkpt>
   <trkpt lat="45.6608600" lon="4.6750890">
    <ele>438.0</ele>
   </trkpt>
   <trkpt lat="45.6608790" lon="4.6751290">
    <ele>438.0</ele>
   </trkpt>
   <trkpt lat="45.6608980" lon="4.6751700">
    <ele>438.0</ele>
   </trkpt>
   <trkpt lat="45.6609170" lon="4.6752100">
    <ele>438.0</ele>
   </trkpt>
   <trkpt lat="45.6609370" lon="4.6752490">
    <ele>438.0</ele>
   </trkpt>
   <trkpt lat="45.6609580" lon="4.6752900">
    <ele>439.0</ele>
   </trkpt>
   <trkpt lat="45.6609800" lon="4.6753310">
    <ele>439.0</ele>
   </trkpt>
   <trkpt lat="45.6610040" lon="4.6753720">
    <ele>439.0</ele>
   </trkpt>
   <trkpt lat="45.6610270" lon="4.6754130">
    <ele>439.0</ele>
   </trkpt>
   <trkpt lat="45.6610510" lon="4.6754530">
    <ele>439.0</ele>
   </trkpt>
   <trkpt lat="45.6610750" lon="4.6754930">
    <ele>440.0</ele>
   </trkpt>
   <trkpt lat="45.6610980" lon="4.6755350">
    <ele>440.0</ele>
   </trkpt>
   <trkpt lat="45.6611210" lon="4.6755760">
    <ele>440.0</ele>
   </trkpt>
   <trkpt lat="45.6611440" lon="4.6756190">
    <ele>440.0</ele>
   </trkpt>
   <trkpt lat="45.6611670" lon="4.6756610">
    <ele>440.0</ele>
   </trkpt>
   <trkpt lat="45.6611900" lon="4.6757040">
    <ele>440.0</ele>
   </trkpt>
   <trkpt lat="45.6612130" lon="4.6757470">
    <ele>440.0</ele>
   </trkpt>
   <trkpt lat="45.6612370" lon="4.6757910">
    <ele>440.0</ele>
   </trkpt>
   <trkpt lat="45.6612610" lon="4.6758350">
    <ele>440.0</ele>
   </trkpt>
   <trkpt lat="45.6612850" lon="4.6758780">
    <ele>440.0</ele>
   </trkpt>
   <trkpt lat="45.6613090" lon="4.6759210">
    <ele>440.0</ele>
   </trkpt>
   <trkpt lat="45.6613330" lon="4.6759650">
    <ele>440.0</ele>
   </trkpt>
   <trkpt lat="45.6613570" lon="4.6760090">
    <ele>440.0</ele>
   </trkpt>
   <trkpt lat="45.6613810" lon="4.6760550">
    <ele>440.0</ele>
   </trkpt>
   <trkpt lat="45.6614060" lon="4.6761000">
    <ele>440.0</ele>
   </trkpt>
   <trkpt lat="45.6614300" lon="4.6761450">
    <ele>440.0</ele>
   </trkpt>
   <trkpt lat="45.6614540" lon="4.6761890">
    <ele>440.0</ele>
   </trkpt>
   <trkpt lat="45.6614790" lon="4.6762340">
    <ele>440.0</ele>
   </trkpt>
   <trkpt lat="45.6615030" lon="4.6762780">
    <ele>440.0</ele>
   </trkpt>
   <trkpt lat="45.6615270" lon="4.6763220">
    <ele>440.0</ele>
   </trkpt>
   <trkpt lat="45.6615510" lon="4.6763660">
    <ele>440.0</ele>
   </trkpt>
   <trkpt lat="45.6615750" lon="4.6764100">
    <ele>439.0</ele>
   </trkpt>
   <trkpt lat="45.6615990" lon="4.6764540">
    <ele>439.0</ele>
   </trkpt>
   <trkpt lat="45.6616230" lon="4.6764960">
    <ele>439.0</ele>
   </trkpt>
   <trkpt lat="45.6616470" lon="4.6765390">
    <ele>439.0</ele>
   </trkpt>
   <trkpt lat="45.6616730" lon="4.6765810">
    <ele>439.0</ele>
   </trkpt>
   <trkpt lat="45.6616990" lon="4.6766230">
    <ele>438.0</ele>
   </trkpt>
   <trkpt lat="45.6617250" lon="4.6766630">
    <ele>438.0</ele>
   </trkpt>
   <trkpt lat="45.6617520" lon="4.6767030">
    <ele>438.0</ele>
   </trkpt>
   <trkpt lat="45.6617790" lon="4.6767420">
    <ele>438.0</ele>
   </trkpt>
   <trkpt lat="45.6618060" lon="4.6767820">
    <ele>438.0</ele>
   </trkpt>
   <trkpt lat="45.6618320" lon="4.6768260">
    <ele>437.0</ele>
   </trkpt>
   <trkpt lat="45.6618580" lon="4.6768700">
    <ele>437.0</ele>
   </trkpt>
   <trkpt lat="45.6618840" lon="4.6769160">
    <ele>437.0</ele>
   </trkpt>
   <trkpt lat="45.6619110" lon="4.6769620">
    <ele>437.0</ele>
   </trkpt>
   <trkpt lat="45.6619380" lon="4.6770080">
    <ele>437.0</ele>
   </trkpt>
   <trkpt lat="45.6619660" lon="4.6770540">
    <ele>436.0</ele>
   </trkpt>
   <trkpt lat="45.6619950" lon="4.6770980">
    <ele>436.0</ele>
   </trkpt>
   <trkpt lat="45.6620240" lon="4.6771430">
    <ele>435.0</ele>
   </trkpt>
   <trkpt lat="45.6620530" lon="4.6771850">
    <ele>435.0</ele>
   </trkpt>
   <trkpt lat="45.6620820" lon="4.6772270">
    <ele>435.0</ele>
   </trkpt>
   <trkpt lat="45.6621110" lon="4.6772660">
    <ele>435.0</ele>
   </trkpt>
   <trkpt lat="45.6621400" lon="4.6773060">
    <ele>435.0</ele>
   </trkpt>
   <trkpt lat="45.6621700" lon="4.6773450">
    <ele>435.0</ele>
   </trkpt>
   <trkpt lat="45.6622000" lon="4.6773840">
    <ele>435.0</ele>
   </trkpt>
   <trkpt lat="45.6622320" lon="4.6774240">
    <ele>435.0</ele>
   </trkpt>
   <trkpt lat="45.6622650" lon="4.6774640">
    <ele>434.0</ele>
   </trkpt>
   <trkpt lat="45.6623000" lon="4.6775050">
    <ele>434.0</ele>
   </trkpt>
   <trkpt lat="45.6623340" lon="4.6775450">
    <ele>434.0</ele>
   </trkpt>
   <trkpt lat="45.6623690" lon="4.6775840">
    <ele>434.0</ele>
   </trkpt>
   <trkpt lat="45.6624040" lon="4.6776230">
    <ele>434.0</ele>
   </trkpt>
   <trkpt lat="45.6624390" lon="4.6776610">
    <ele>433.0</ele>
   </trkpt>
   <trkpt lat="45.6624740" lon="4.6776990">
    <ele>433.0</ele>
   </trkpt>
   <trkpt lat="45.6625100" lon="4.6777370">
    <ele>433.0</ele>
   </trkpt>
   <trkpt lat="45.6625450" lon="4.6777750">
    <ele>433.0</ele>
   </trkpt>
   <trkpt lat="45.6625800" lon="4.6778120">
    <ele>433.0</ele>
   </trkpt>
   <trkpt lat="45.6626140" lon="4.6778490">
    <ele>432.0</ele>
   </trkpt>
   <trkpt lat="45.6626490" lon="4.6778850">
    <ele>431.0</ele>
   </trkpt>
   <trkpt lat="45.6626830" lon="4.6779210">
    <ele>431.0</ele>
   </trkpt>
   <trkpt lat="45.6627180" lon="4.6779570">
    <ele>430.0</ele>
   </trkpt>
   <trkpt lat="45.6627540" lon="4.6779930">
    <ele>430.0</ele>
   </trkpt>
   <trkpt lat="45.6627890" lon="4.6780290">
    <ele>429.0</ele>
   </trkpt>
   <trkpt lat="45.6628250" lon="4.6780650">
    <ele>429.0</ele>
   </trkpt>
   <trkpt lat="45.6628590" lon="4.6781010">
    <ele>429.0</ele>
   </trkpt>
   <trkpt lat="45.6628940" lon="4.6781360">
    <ele>429.0</ele>
   </trkpt>
   <trkpt lat="45.6629260" lon="4.6781720">
    <ele>429.0</ele>
   </trkpt>
   <trkpt lat="45.6629590" lon="4.6782070">
    <ele>428.0</ele>
   </trkpt>
   <trkpt lat="45.6629910" lon="4.6782450">
    <ele>428.0</ele>
   </trkpt>
   <trkpt lat="45.6630230" lon="4.6782820">
    <ele>427.0</ele>
   </trkpt>
   <trkpt lat="45.6630550" lon="4.6783220">
    <ele>427.0</ele>
   </trkpt>
   <trkpt lat="45.6630860" lon="4.6783630">
    <ele>427.0</ele>
   </trkpt>
   <trkpt lat="45.6631180" lon="4.6784060">
    <ele>426.0</ele>
   </trkpt>
   <trkpt lat="45.6631490" lon="4.6784490">
    <ele>426.0</ele>
   </trkpt>
   <trkpt lat="45.6631810" lon="4.6784930">
    <ele>426.0</ele>
   </trkpt>
   <trkpt lat="45.6632130" lon="4.6785380">
    <ele>426.0</ele>
   </trkpt>
   <trkpt lat="45.6632450" lon="4.6785810">
    <ele>426.0</ele>
   </trkpt>
   <trkpt lat="45.6632770" lon="4.6786230">
    <ele>425.0</ele>
   </trkpt>
   <trkpt lat="45.6633100" lon="4.6786630">
    <ele>425.0</ele>
   </trkpt>
   <trkpt lat="45.6633420" lon="4.6787020">
    <ele>424.0</ele>
   </trkpt>
   <trkpt lat="45.6633760" lon="4.6787390">
    <ele>424.0</ele>
   </trkpt>
   <trkpt lat="45.6634090" lon="4.6787770">
    <ele>424.0</ele>
   </trkpt>
   <trkpt lat="45.6634420" lon="4.6788140">
    <ele>423.0</ele>
   </trkpt>
   <trkpt lat="45.6634750" lon="4.6788520">
    <ele>423.0</ele>
   </trkpt>
   <trkpt lat="45.6635070" lon="4.6788900">
    <ele>423.0</ele>
   </trkpt>
   <trkpt lat="45.6635390" lon="4.6789290">
    <ele>423.0</ele>
   </trkpt>
   <trkpt lat="45.6635710" lon="4.6789680">
    <ele>423.0</ele>
   </trkpt>
   <trkpt lat="45.6636030" lon="4.6790080">
    <ele>422.0</ele>
   </trkpt>
   <trkpt lat="45.6636350" lon="4.6790490">
    <ele>421.0</ele>
   </trkpt>
   <trkpt lat="45.6636670" lon="4.6790890">
    <ele>421.0</ele>
   </trkpt>
   <trkpt lat="45.6636980" lon="4.6791300">
    <ele>420.0</ele>
   </trkpt>
   <trkpt lat="45.6637290" lon="4.6791710">
    <ele>420.0</ele>
   </trkpt>
   <trkpt lat="45.6637600" lon="4.6792130">
    <ele>419.0</ele>
   </trkpt>
   <trkpt lat="45.6637910" lon="4.6792550">
    <ele>419.0</ele>
   </trkpt>
   <trkpt lat="45.6638230" lon="4.6792980">
    <ele>419.0</ele>
   </trkpt>
   <trkpt lat="45.6638540" lon="4.6793420">
    <ele>419.0</ele>
   </trkpt>
   <trkpt lat="45.6638850" lon="4.6793860">
    <ele>419.0</ele>
   </trkpt>
   <trkpt lat="45.6639170" lon="4.6794290">
    <ele>418.0</ele>
   </trkpt>
   <trkpt lat="45.6639460" lon="4.6794720">
    <ele>418.0</ele>
   </trkpt>
   <trkpt lat="45.6639760" lon="4.6795140">
    <ele>418.0</ele>
   </trkpt>
   <trkpt lat="45.6640040" lon="4.6795580">
    <ele>418.0</ele>
   </trkpt>
   <trkpt lat="45.6640320" lon="4.6796010">
    <ele>418.0</ele>
   </trkpt>
   <trkpt lat="45.6640490" lon="4.6796520">
    <ele>417.0</ele>
   </trkpt>
   <trkpt lat="45.6640660" lon="4.6797030">
    <ele>417.0</ele>
   </trkpt>
   <trkpt lat="45.6640570" lon="4.6797540">
    <ele>417.0</ele>
   </trkpt>
   <trkpt lat="45.6640490" lon="4.6798050">
    <ele>417.0</ele>
   </trkpt>
   <trkpt lat="45.6640180" lon="4.6798490">
    <ele>417.0</ele>
   </trkpt>
   <trkpt lat="45.6639870" lon="4.6798930">
    <ele>416.0</ele>
   </trkpt>
   <trkpt lat="45.6639470" lon="4.6799280">
    <ele>416.0</ele>
   </trkpt>
   <trkpt lat="45.6639060" lon="4.6799630">
    <ele>415.0</ele>
   </trkpt>
   <trkpt lat="45.6638660" lon="4.6799970">
    <ele>415.0</ele>
   </trkpt>
   <trkpt lat="45.6638250" lon="4.6800300">
    <ele>415.0</ele>
   </trkpt>
   <trkpt lat="45.6637870" lon="4.6800630">
    <ele>414.0</ele>
   </trkpt>
   <trkpt lat="45.6637490" lon="4.6800960">
    <ele>414.0</ele>
   </trkpt>
   <trkpt lat="45.6637130" lon="4.6801280">
    <ele>414.0</ele>
   </trkpt>
   <trkpt lat="45.6636770" lon="4.6801600">
    <ele>414.0</ele>
   </trkpt>
   <trkpt lat="45.6636450" lon="4.6801920">
    <ele>414.0</ele>
   </trkpt>
   <trkpt lat="45.6636120" lon="4.6802230">
    <ele>413.0</ele>
   </trkpt>
   <trkpt lat="45.6635920" lon="4.6802560">
    <ele>413.0</ele>
   </trkpt>
   <trkpt lat="45.6635710" lon="4.6802890">
    <ele>413.0</ele>
   </trkpt>
   <trkpt lat="45.6635790" lon="4.6803220">
    <ele>413.0</ele>
   </trkpt>
   <trkpt lat="45.6635870" lon="4.6803540">
    <ele>413.0</ele>
   </trkpt>
   <trkpt lat="45.6636210" lon="4.6803810">
    <ele>412.0</ele>
   </trkpt>
   <trkpt lat="45.6636550" lon="4.6804080">
    <ele>411.0</ele>
   </trkpt>
   <trkpt lat="45.6636960" lon="4.6804370">
    <ele>411.0</ele>
   </trkpt>
   <trkpt lat="45.6637370" lon="4.6804660">
    <ele>410.0</ele>
   </trkpt>
   <trkpt lat="45.6637760" lon="4.6804990">
    <ele>410.0</ele>
   </trkpt>
   <trkpt lat="45.6638150" lon="4.6805310">
    <ele>409.0</ele>
   </trkpt>
   <trkpt lat="45.6638510" lon="4.6805650">
    <ele>409.0</ele>
   </trkpt>
   <trkpt lat="45.6638860" lon="4.6805980">
    <ele>408.0</ele>
   </trkpt>
   <trkpt lat="45.6639180" lon="4.6806330">
    <ele>408.0</ele>
   </trkpt>
   <trkpt lat="45.6639500" lon="4.6806670">
    <ele>408.0</ele>
   </trkpt>
   <trkpt lat="45.6639800" lon="4.6807030">
    <ele>408.0</ele>
   </trkpt>
   <trkpt lat="45.6640100" lon="4.6807380">
    <ele>408.0</ele>
   </trkpt>
   <trkpt lat="45.6640410" lon="4.6807740">
    <ele>408.0</ele>
   </trkpt>
   <trkpt lat="45.6640710" lon="4.6808090">
    <ele>408.0</ele>
   </trkpt>
   <trkpt lat="45.6641020" lon="4.6808450">
    <ele>408.0</ele>
   </trkpt>
   <trkpt lat="45.6641330" lon="4.6808800">
    <ele>407.0</ele>
   </trkpt>
   <trkpt lat="45.6641650" lon="4.6809160">
    <ele>407.0</ele>
   </trkpt>
   <trkpt lat="45.6641970" lon="4.6809520">
    <ele>407.0</ele>
   </trkpt>
   <trkpt lat="45.6642300" lon="4.6809890">
    <ele>407.0</ele>
   </trkpt>
   <trkpt lat="45.6642620" lon="4.6810260">
    <ele>407.0</ele>
   </trkpt>
   <trkpt lat="45.6642930" lon="4.6810630">
    <ele>407.0</ele>
   </trkpt>
   <trkpt lat="45.6643240" lon="4.6811000">
    <ele>407.0</ele>
   </trkpt>
   <trkpt lat="45.6643530" lon="4.6811400">
    <ele>407.0</ele>
   </trkpt>
   <trkpt lat="45.6643820" lon="4.6811800">
    <ele>407.0</ele>
   </trkpt>
   <trkpt lat="45.6644080" lon="4.6812240">
    <ele>407.0</ele>
   </trkpt>
   <trkpt lat="45.6644340" lon="4.6812690">
    <ele>406.0</ele>
   </trkpt>
   <trkpt lat="45.6644580" lon="4.6813160">
    <ele>406.0</ele>
   </trkpt>
   <trkpt lat="45.6644820" lon="4.6813640">
    <ele>406.0</ele>
   </trkpt>
   <trkpt lat="45.6645040" lon="4.6814120">
    <ele>406.0</ele>
   </trkpt>
   <trkpt lat="45.6645260" lon="4.6814600">
    <ele>406.0</ele>
   </trkpt>
   <trkpt lat="45.6645480" lon="4.6815070">
    <ele>405.0</ele>
   </trkpt>
   <trkpt lat="45.6645700" lon="4.6815540">
    <ele>405.0</ele>
   </trkpt>
   <trkpt lat="45.6645930" lon="4.6815990">
    <ele>405.0</ele>
   </trkpt>
   <trkpt lat="45.6646160" lon="4.6816440">
    <ele>405.0</ele>
   </trkpt>
   <trkpt lat="45.6646410" lon="4.6816880">
    <ele>405.0</ele>
   </trkpt>
   <trkpt lat="45.6646660" lon="4.6817320">
    <ele>404.0</ele>
   </trkpt>
   <trkpt lat="45.6646940" lon="4.6817740">
    <ele>404.0</ele>
   </trkpt>
   <trkpt lat="45.6647210" lon="4.6818170">
    <ele>404.0</ele>
   </trkpt>
   <trkpt lat="45.6647500" lon="4.6818560">
    <ele>404.0</ele>
   </trkpt>
   <trkpt lat="45.6647790" lon="4.6818950">
    <ele>404.0</ele>
   </trkpt>
   <trkpt lat="45.6648100" lon="4.6819310">
    <ele>404.0</ele>
   </trkpt>
   <trkpt lat="45.6648410" lon="4.6819670">
    <ele>404.0</ele>
   </trkpt>
   <trkpt lat="45.6648720" lon="4.6820010">
    <ele>404.0</ele>
   </trkpt>
   <trkpt lat="45.6649040" lon="4.6820350">
    <ele>404.0</ele>
   </trkpt>
   <trkpt lat="45.6649370" lon="4.6820660">
    <ele>404.0</ele>
   </trkpt>
   <trkpt lat="45.6649690" lon="4.6820980">
    <ele>404.0</ele>
   </trkpt>
   <trkpt lat="45.6650040" lon="4.6821290">
    <ele>404.0</ele>
   </trkpt>
   <trkpt lat="45.6650380" lon="4.6821590">
    <ele>404.0</ele>
   </trkpt>
   <trkpt lat="45.6650730" lon="4.6821870">
    <ele>404.0</ele>
   </trkpt>
   <trkpt lat="45.6651080" lon="4.6822150">
    <ele>404.0</ele>
   </trkpt>
   <trkpt lat="45.6651430" lon="4.6822410">
    <ele>403.0</ele>
   </trkpt>
   <trkpt lat="45.6651780" lon="4.6822660">
    <ele>403.0</ele>
   </trkpt>
   <trkpt lat="45.6652140" lon="4.6822900">
    <ele>403.0</ele>
   </trkpt>
   <trkpt lat="45.6652500" lon="4.6823140">
    <ele>403.0</ele>
   </trkpt>
   <trkpt lat="45.6652870" lon="4.6823380">
    <ele>403.0</ele>
   </trkpt>
   <trkpt lat="45.6653240" lon="4.6823610">
    <ele>402.0</ele>
   </trkpt>
   <trkpt lat="45.6653610" lon="4.6823840">
    <ele>402.0</ele>
   </trkpt>
   <trkpt lat="45.6653980" lon="4.6824060">
    <ele>402.0</ele>
   </trkpt>
   <trkpt lat="45.6654350" lon="4.6824280">
    <ele>402.0</ele>
   </trkpt>
   <trkpt lat="45.6654720" lon="4.6824500">
    <ele>402.0</ele>
   </trkpt>
   <trkpt lat="45.6655090" lon="4.6824720">
    <ele>401.0</ele>
   </trkpt>
   <trkpt lat="45.6655460" lon="4.6824940">
    <ele>401.0</ele>
   </trkpt>
   <trkpt lat="45.6655830" lon="4.6825170">
    <ele>401.0</ele>
   </trkpt>
   <trkpt lat="45.6656200" lon="4.6825410">
    <ele>401.0</ele>
   </trkpt>
   <trkpt lat="45.6656580" lon="4.6825640">
    <ele>401.0</ele>
   </trkpt>
   <trkpt lat="45.6656960" lon="4.6825880">
    <ele>400.0</ele>
   </trkpt>
   <trkpt lat="45.6657330" lon="4.6826100">
    <ele>400.0</ele>
   </trkpt>
   <trkpt lat="45.6657710" lon="4.6826330">
    <ele>400.0</ele>
   </trkpt>
   <trkpt lat="45.6658070" lon="4.6826560">
    <ele>400.0</ele>
   </trkpt>
   <trkpt lat="45.6658440" lon="4.6826790">
    <ele>400.0</ele>
   </trkpt>
   <trkpt lat="45.6658810" lon="4.6827040">
    <ele>400.0</ele>
   </trkpt>
   <trkpt lat="45.6659180" lon="4.6827290">
    <ele>400.0</ele>
   </trkpt>
   <trkpt lat="45.6659560" lon="4.6827540">
    <ele>400.0</ele>
   </trkpt>
   <trkpt lat="45.6659930" lon="4.6827790">
    <ele>400.0</ele>
   </trkpt>
   <trkpt lat="45.6660310" lon="4.6828060">
    <ele>400.0</ele>
   </trkpt>
   <trkpt lat="45.6660690" lon="4.6828330">
    <ele>399.0</ele>
   </trkpt>
   <trkpt lat="45.6661070" lon="4.6828610">
    <ele>399.0</ele>
   </trkpt>
   <trkpt lat="45.6661450" lon="4.6828890">
    <ele>398.0</ele>
   </trkpt>
   <trkpt lat="45.6661840" lon="4.6829160">
    <ele>398.0</ele>
   </trkpt>
   <trkpt lat="45.6662240" lon="4.6829430">
    <ele>398.0</ele>
   </trkpt>
   <trkpt lat="45.6662620" lon="4.6829690">
    <ele>397.0</ele>
   </trkpt>
   <trkpt lat="45.6663010" lon="4.6829940">
    <ele>397.0</ele>
   </trkpt>
   <trkpt lat="45.6663400" lon="4.6830160">
    <ele>397.0</ele>
   </trkpt>
   <trkpt lat="45.6663790" lon="4.6830380">
    <ele>397.0</ele>
   </trkpt>
   <trkpt lat="45.6664180" lon="4.6830580">
    <ele>397.0</ele>
   </trkpt>
   <trkpt lat="45.6664570" lon="4.6830780">
    <ele>396.0</ele>
   </trkpt>
   <trkpt lat="45.6664960" lon="4.6830970">
    <ele>396.0</ele>
   </trkpt>
   <trkpt lat="45.6665350" lon="4.6831160">
    <ele>395.0</ele>
   </trkpt>
   <trkpt lat="45.6665740" lon="4.6831360">
    <ele>395.0</ele>
   </trkpt>
   <trkpt lat="45.6666120" lon="4.6831560">
    <ele>395.0</ele>
   </trkpt>
   <trkpt lat="45.6666510" lon="4.6831750">
    <ele>394.0</ele>
   </trkpt>
   <trkpt lat="45.6666890" lon="4.6831940">
    <ele>394.0</ele>
   </trkpt>
   <trkpt lat="45.6667270" lon="4.6832130">
    <ele>394.0</ele>
   </trkpt>
   <trkpt lat="45.6667660" lon="4.6832310">
    <ele>394.0</ele>
   </trkpt>
   <trkpt lat="45.6668050" lon="4.6832480">
    <ele>394.0</ele>
   </trkpt>
   <trkpt lat="45.6668440" lon="4.6832660">
    <ele>393.0</ele>
   </trkpt>
   <trkpt lat="45.6668840" lon="4.6832830">
    <ele>393.0</ele>
   </trkpt>
   <trkpt lat="45.6669240" lon="4.6833010">
    <ele>393.0</ele>
   </trkpt>
   <trkpt lat="45.6669650" lon="4.6833200">
    <ele>393.0</ele>
   </trkpt>
   <trkpt lat="45.6670050" lon="4.6833400">
    <ele>393.0</ele>
   </trkpt>
   <trkpt lat="45.6670460" lon="4.6833580">
    <ele>392.0</ele>
   </trkpt>
   <trkpt lat="45.6670870" lon="4.6833760">
    <ele>392.0</ele>
   </trkpt>
   <trkpt lat="45.6671280" lon="4.6833940">
    <ele>392.0</ele>
   </trkpt>
   <trkpt lat="45.6671700" lon="4.6834110">
    <ele>392.0</ele>
   </trkpt>
   <trkpt lat="45.6672100" lon="4.6834280">
    <ele>392.0</ele>
   </trkpt>
   <trkpt lat="45.6672500" lon="4.6834440">
    <ele>391.0</ele>
   </trkpt>
   <trkpt lat="45.6672890" lon="4.6834590">
    <ele>391.0</ele>
   </trkpt>
   <trkpt lat="45.6673290" lon="4.6834740">
    <ele>390.0</ele>
   </trkpt>
   <trkpt lat="45.6673690" lon="4.6834860">
    <ele>390.0</ele>
   </trkpt>
   <trkpt lat="45.6674100" lon="4.6834990">
    <ele>390.0</ele>
   </trkpt>
   <trkpt lat="45.6674510" lon="4.6835110">
    <ele>389.0</ele>
   </trkpt>
   <trkpt lat="45.6674930" lon="4.6835240">
    <ele>389.0</ele>
   </trkpt>
   <trkpt lat="45.6675340" lon="4.6835410">
    <ele>389.0</ele>
   </trkpt>
   <trkpt lat="45.6675760" lon="4.6835580">
    <ele>389.0</ele>
   </trkpt>
   <trkpt lat="45.6676150" lon="4.6835800">
    <ele>389.0</ele>
   </trkpt>
   <trkpt lat="45.6676540" lon="4.6836010">
    <ele>388.0</ele>
   </trkpt>
   <trkpt lat="45.6676910" lon="4.6836270">
    <ele>388.0</ele>
   </trkpt>
   <trkpt lat="45.6677290" lon="4.6836530">
    <ele>387.0</ele>
   </trkpt>
   <trkpt lat="45.6677650" lon="4.6836810">
    <ele>387.0</ele>
   </trkpt>
   <trkpt lat="45.6678010" lon="4.6837090">
    <ele>387.0</ele>
   </trkpt>
   <trkpt lat="45.6678390" lon="4.6837360">
    <ele>386.0</ele>
   </trkpt>
   <trkpt lat="45.6678760" lon="4.6837630">
    <ele>386.0</ele>
   </trkpt>
   <trkpt lat="45.6679140" lon="4.6837890">
    <ele>386.0</ele>
   </trkpt>
   <trkpt lat="45.6679520" lon="4.6838140">
    <ele>386.0</ele>
   </trkpt>
   <trkpt lat="45.6679900" lon="4.6838370">
    <ele>386.0</ele>
   </trkpt>
   <trkpt lat="45.6680280" lon="4.6838600">
    <ele>385.0</ele>
   </trkpt>
   <trkpt lat="45.6680660" lon="4.6838790">
    <ele>385.0</ele>
   </trkpt>
   <trkpt lat="45.6681040" lon="4.6838980">
    <ele>385.0</ele>
   </trkpt>
   <trkpt lat="45.6681410" lon="4.6839140">
    <ele>385.0</ele>
   </trkpt>
   <trkpt lat="45.6681780" lon="4.6839300">
    <ele>385.0</ele>
   </trkpt>
   <trkpt lat="45.6682170" lon="4.6839460">
    <ele>384.0</ele>
   </trkpt>
   <trkpt lat="45.6682570" lon="4.6839630">
    <ele>384.0</ele>
   </trkpt>
   <trkpt lat="45.6682980" lon="4.6839780">
    <ele>383.0</ele>
   </trkpt>
   <trkpt lat="45.6683390" lon="4.6839920">
    <ele>383.0</ele>
   </trkpt>
   <trkpt lat="45.6683810" lon="4.6840040">
    <ele>383.0</ele>
   </trkpt>
   <trkpt lat="45.6684230" lon="4.6840150">
    <ele>382.0</ele>
   </trkpt>
   <trkpt lat="45.6684640" lon="4.6840210">
    <ele>382.0</ele>
   </trkpt>
   <trkpt lat="45.6685050" lon="4.6840270">
    <ele>382.0</ele>
   </trkpt>
   <trkpt lat="45.6685450" lon="4.6840300">
    <ele>382.0</ele>
   </trkpt>
   <trkpt lat="45.6685850" lon="4.6840320">
    <ele>382.0</ele>
   </trkpt>
   <trkpt lat="45.6686240" lon="4.6840370">
    <ele>381.0</ele>
   </trkpt>
   <trkpt lat="45.6686640" lon="4.6840420">
    <ele>381.0</ele>
   </trkpt>
   <trkpt lat="45.6687030" lon="4.6840490">
    <ele>381.0</ele>
   </trkpt>
   <trkpt lat="45.6687420" lon="4.6840560">
    <ele>381.0</ele>
   </trkpt>
   <trkpt lat="45.6687820" lon="4.6840640">
    <ele>381.0</ele>
   </trkpt>
   <trkpt lat="45.6688220" lon="4.6840730">
    <ele>380.0</ele>
   </trkpt>
   <trkpt lat="45.6688640" lon="4.6840840">
    <ele>380.0</ele>
   </trkpt>
   <trkpt lat="45.6689050" lon="4.6840940">
    <ele>380.0</ele>
   </trkpt>
   <trkpt lat="45.6689480" lon="4.6841050">
    <ele>380.0</ele>
   </trkpt>
   <trkpt lat="45.6689900" lon="4.6841160">
    <ele>380.0</ele>
   </trkpt>
   <trkpt lat="45.6690320" lon="4.6841290">
    <ele>379.0</ele>
   </trkpt>
   <trkpt lat="45.6690740" lon="4.6841410">
    <ele>379.0</ele>
   </trkpt>
   <trkpt lat="45.6691140" lon="4.6841560">
    <ele>379.0</ele>
   </trkpt>
   <trkpt lat="45.6691540" lon="4.6841710">
    <ele>379.0</ele>
   </trkpt>
   <trkpt lat="45.6691940" lon="4.6841860">
    <ele>379.0</ele>
   </trkpt>
   <trkpt lat="45.6692330" lon="4.6842010">
    <ele>379.0</ele>
   </trkpt>
   <trkpt lat="45.6692720" lon="4.6842150">
    <ele>379.0</ele>
   </trkpt>
   <trkpt lat="45.6693110" lon="4.6842290">
    <ele>379.0</ele>
   </trkpt>
   <trkpt lat="45.6693510" lon="4.6842360">
    <ele>379.0</ele>
   </trkpt>
   <trkpt lat="45.6693910" lon="4.6842430">
    <ele>379.0</ele>
   </trkpt>
   <trkpt lat="45.6694310" lon="4.6842330">
    <ele>378.0</ele>
   </trkpt>
   <trkpt lat="45.6694710" lon="4.6842240">
    <ele>378.0</ele>
   </trkpt>
   <trkpt lat="45.6695080" lon="4.6841980">
    <ele>378.0</ele>
   </trkpt>
   <trkpt lat="45.6695460" lon="4.6841730">
    <ele>378.0</ele>
   </trkpt>
   <trkpt lat="45.6695810" lon="4.6841410">
    <ele>378.0</ele>
   </trkpt>
   <trkpt lat="45.6696160" lon="4.6841090">
    <ele>377.0</ele>
   </trkpt>
   <trkpt lat="45.6696510" lon="4.6840800">
    <ele>377.0</ele>
   </trkpt>
   <trkpt lat="45.6696850" lon="4.6840510">
    <ele>377.0</ele>
   </trkpt>
   <trkpt lat="45.6697190" lon="4.6840270">
    <ele>377.0</ele>
   </trkpt>
   <trkpt lat="45.6697530" lon="4.6840040">
    <ele>377.0</ele>
   </trkpt>
   <trkpt lat="45.6697890" lon="4.6839890">
    <ele>377.0</ele>
   </trkpt>
   <trkpt lat="45.6698250" lon="4.6839750">
    <ele>377.0</ele>
   </trkpt>
   <trkpt lat="45.6698650" lon="4.6839700">
    <ele>377.0</ele>
   </trkpt>
   <trkpt lat="45.6699050" lon="4.6839660">
    <ele>377.0</ele>
   </trkpt>
   <trkpt lat="45.6699450" lon="4.6839670">
    <ele>377.0</ele>
   </trkpt>
   <trkpt lat="45.6699850" lon="4.6839670">
    <ele>376.0</ele>
   </trkpt>
   <trkpt lat="45.6700240" lon="4.6839670">
    <ele>376.0</ele>
   </trkpt>
   <trkpt lat="45.6700630" lon="4.6839660">
    <ele>376.0</ele>
   </trkpt>
   <trkpt lat="45.6701010" lon="4.6839620">
    <ele>376.0</ele>
   </trkpt>
   <trkpt lat="45.6701380" lon="4.6839580">
    <ele>376.0</ele>
   </trkpt>
   <trkpt lat="45.6701750" lon="4.6839480">
    <ele>376.0</ele>
   </trkpt>
   <trkpt lat="45.6702120" lon="4.6839390">
    <ele>376.0</ele>
   </trkpt>
   <trkpt lat="45.6702490" lon="4.6839230">
    <ele>376.0</ele>
   </trkpt>
   <trkpt lat="45.6702860" lon="4.6839080">
    <ele>376.0</ele>
   </trkpt>
   <trkpt lat="45.6703220" lon="4.6838880">
    <ele>376.0</ele>
   </trkpt>
   <trkpt lat="45.6703570" lon="4.6838680">
    <ele>376.0</ele>
   </trkpt>
   <trkpt lat="45.6703890" lon="4.6838410">
    <ele>376.0</ele>
   </trkpt>
   <trkpt lat="45.6704210" lon="4.6838150">
    <ele>376.0</ele>
   </trkpt>
   <trkpt lat="45.6704520" lon="4.6837860">
    <ele>376.0</ele>
   </trkpt>
   <trkpt lat="45.6704840" lon="4.6837570">
    <ele>376.0</ele>
   </trkpt>
   <trkpt lat="45.6705150" lon="4.6837290">
    <ele>376.0</ele>
   </trkpt>
   <trkpt lat="45.6705470" lon="4.6837010">
    <ele>376.0</ele>
   </trkpt>
   <trkpt lat="45.6705770" lon="4.6836700">
    <ele>376.0</ele>
   </trkpt>
   <trkpt lat="45.6706080" lon="4.6836390">
    <ele>376.0</ele>
   </trkpt>
   <trkpt lat="45.6706390" lon="4.6836080">
    <ele>376.0</ele>
   </trkpt>
   <trkpt lat="45.6706700" lon="4.6835770">
    <ele>376.0</ele>
   </trkpt>
   <trkpt lat="45.6707040" lon="4.6835540">
    <ele>376.0</ele>
   </trkpt>
   <trkpt lat="45.6707370" lon="4.6835310">
    <ele>376.0</ele>
   </trkpt>
   <trkpt lat="45.6707740" lon="4.6835330">
    <ele>376.0</ele>
   </trkpt>
   <trkpt lat="45.6708100" lon="4.6835350">
    <ele>377.0</ele>
   </trkpt>
   <trkpt lat="45.6708450" lon="4.6835640">
    <ele>376.0</ele>
   </trkpt>
   <trkpt lat="45.6708800" lon="4.6835930">
    <ele>376.0</ele>
   </trkpt>
   <trkpt lat="45.6709110" lon="4.6836350">
    <ele>376.0</ele>
   </trkpt>
   <trkpt lat="45.6709420" lon="4.6836760">
    <ele>376.0</ele>
   </trkpt>
   <trkpt lat="45.6709720" lon="4.6837190">
    <ele>376.0</ele>
   </trkpt>
   <trkpt lat="45.6710010" lon="4.6837620">
    <ele>376.0</ele>
   </trkpt>
   <trkpt lat="45.6710320" lon="4.6838020">
    <ele>376.0</ele>
   </trkpt>
   <trkpt lat="45.6710620" lon="4.6838410">
    <ele>376.0</ele>
   </trkpt>
   <trkpt lat="45.6710940" lon="4.6838740">
    <ele>376.0</ele>
   </trkpt>
   <trkpt lat="45.6711260" lon="4.6839070">
    <ele>376.0</ele>
   </trkpt>
   <trkpt lat="45.6711580" lon="4.6839350">
    <ele>376.0</ele>
   </trkpt>
   <trkpt lat="45.6711900" lon="4.6839620">
    <ele>376.0</ele>
   </trkpt>
   <trkpt lat="45.6712230" lon="4.6839880">
    <ele>376.0</ele>
   </trkpt>
   <trkpt lat="45.6712560" lon="4.6840130">
    <ele>376.0</ele>
   </trkpt>
   <trkpt lat="45.6712890" lon="4.6840390">
    <ele>376.0</ele>
   </trkpt>
   <trkpt lat="45.6713220" lon="4.6840650">
    <ele>376.0</ele>
   </trkpt>
   <trkpt lat="45.6713560" lon="4.6840930">
    <ele>376.0</ele>
   </trkpt>
   <trkpt lat="45.6713900" lon="4.6841210">
    <ele>376.0</ele>
   </trkpt>
   <trkpt lat="45.6714240" lon="4.6841490">
    <ele>376.0</ele>
   </trkpt>
   <trkpt lat="45.6714580" lon="4.6841760">
    <ele>376.0</ele>
   </trkpt>
   <trkpt lat="45.6714930" lon="4.6842030">
    <ele>376.0</ele>
   </trkpt>
   <trkpt lat="45.6715270" lon="4.6842300">
    <ele>376.0</ele>
   </trkpt>
   <trkpt lat="45.6715600" lon="4.6842560">
    <ele>376.0</ele>
   </trkpt>
   <trkpt lat="45.6715930" lon="4.6842810">
    <ele>376.0</ele>
   </trkpt>
   <trkpt lat="45.6716250" lon="4.6843060">
    <ele>376.0</ele>
   </trkpt>
   <trkpt lat="45.6716570" lon="4.6843310">
    <ele>376.0</ele>
   </trkpt>
   <trkpt lat="45.6716890" lon="4.6843570">
    <ele>376.0</ele>
   </trkpt>
   <trkpt lat="45.6717200" lon="4.6843820">
    <ele>376.0</ele>
   </trkpt>
   <trkpt lat="45.6717520" lon="4.6844060">
    <ele>376.0</ele>
   </trkpt>
   <trkpt lat="45.6717840" lon="4.6844290">
    <ele>376.0</ele>
   </trkpt>
   <trkpt lat="45.6718190" lon="4.6844520">
    <ele>376.0</ele>
   </trkpt>
   <trkpt lat="45.6718530" lon="4.6844750">
    <ele>376.0</ele>
   </trkpt>
   <trkpt lat="45.6718900" lon="4.6844980">
    <ele>376.0</ele>
   </trkpt>
   <trkpt lat="45.6719270" lon="4.6845200">
    <ele>376.0</ele>
   </trkpt>
   <trkpt lat="45.6719620" lon="4.6845460">
    <ele>376.0</ele>
   </trkpt>
   <trkpt lat="45.6719980" lon="4.6845710">
    <ele>376.0</ele>
   </trkpt>
   <trkpt lat="45.6720330" lon="4.6845990">
    <ele>376.0</ele>
   </trkpt>
   <trkpt lat="45.6720680" lon="4.6846270">
    <ele>376.0</ele>
   </trkpt>
   <trkpt lat="45.6721030" lon="4.6846550">
    <ele>376.0</ele>
   </trkpt>
   <trkpt lat="45.6721380" lon="4.6846840">
    <ele>376.0</ele>
   </trkpt>
   <trkpt lat="45.6721730" lon="4.6847130">
    <ele>376.0</ele>
   </trkpt>
   <trkpt lat="45.6722080" lon="4.6847430">
    <ele>376.0</ele>
   </trkpt>
   <trkpt lat="45.6722410" lon="4.6847750">
    <ele>376.0</ele>
   </trkpt>
   <trkpt lat="45.6722740" lon="4.6848080">
    <ele>376.0</ele>
   </trkpt>
   <trkpt lat="45.6723040" lon="4.6848440">
    <ele>376.0</ele>
   </trkpt>
   <trkpt lat="45.6723350" lon="4.6848810">
    <ele>376.0</ele>
   </trkpt>
   <trkpt lat="45.6723640" lon="4.6849190">
    <ele>376.0</ele>
   </trkpt>
   <trkpt lat="45.6723930" lon="4.6849580">
    <ele>376.0</ele>
   </trkpt>
   <trkpt lat="45.6724230" lon="4.6849950">
    <ele>376.0</ele>
   </trkpt>
   <trkpt lat="45.6724520" lon="4.6850320">
    <ele>376.0</ele>
   </trkpt>
   <trkpt lat="45.6724830" lon="4.6850660">
    <ele>375.0</ele>
   </trkpt>
   <trkpt lat="45.6725150" lon="4.6851010">
    <ele>375.0</ele>
   </trkpt>
   <trkpt lat="45.6725480" lon="4.6851310">
    <ele>375.0</ele>
   </trkpt>
   <trkpt lat="45.6725810" lon="4.6851620">
    <ele>375.0</ele>
   </trkpt>
   <trkpt lat="45.6726160" lon="4.6851860">
    <ele>375.0</ele>
   </trkpt>
   <trkpt lat="45.6726520" lon="4.6852100">
    <ele>374.0</ele>
   </trkpt>
   <trkpt lat="45.6726890" lon="4.6852280">
    <ele>374.0</ele>
   </trkpt>
   <trkpt lat="45.6727260" lon="4.6852470">
    <ele>374.0</ele>
   </trkpt>
   <trkpt lat="45.6727630" lon="4.6852620">
    <ele>374.0</ele>
   </trkpt>
   <trkpt lat="45.6728010" lon="4.6852780">
    <ele>374.0</ele>
   </trkpt>
   <trkpt lat="45.6728390" lon="4.6852930">
    <ele>374.0</ele>
   </trkpt>
   <trkpt lat="45.6728770" lon="4.6853090">
    <ele>374.0</ele>
   </trkpt>
   <trkpt lat="45.6729160" lon="4.6853280">
    <ele>374.0</ele>
   </trkpt>
   <trkpt lat="45.6729540" lon="4.6853480">
    <ele>374.0</ele>
   </trkpt>
   <trkpt lat="45.6729910" lon="4.6853710">
    <ele>374.0</ele>
   </trkpt>
   <trkpt lat="45.6730280" lon="4.6853940">
    <ele>373.0</ele>
   </trkpt>
   <trkpt lat="45.6730620" lon="4.6854240">
    <ele>373.0</ele>
   </trkpt>
   <trkpt lat="45.6730970" lon="4.6854540">
    <ele>373.0</ele>
   </trkpt>
   <trkpt lat="45.6731270" lon="4.6854920">
    <ele>373.0</ele>
   </trkpt>
   <trkpt lat="45.6731570" lon="4.6855290">
    <ele>373.0</ele>
   </trkpt>
   <trkpt lat="45.6731840" lon="4.6855730">
    <ele>372.0</ele>
   </trkpt>
   <trkpt lat="45.6732120" lon="4.6856170">
    <ele>372.0</ele>
   </trkpt>
   <trkpt lat="45.6732360" lon="4.6856650">
    <ele>372.0</ele>
   </trkpt>
   <trkpt lat="45.6732600" lon="4.6857120">
    <ele>372.0</ele>
   </trkpt>
   <trkpt lat="45.6732800" lon="4.6857610">
    <ele>372.0</ele>
   </trkpt>
   <trkpt lat="45.6733000" lon="4.6858100">
    <ele>372.0</ele>
   </trkpt>
   <trkpt lat="45.6733170" lon="4.6858590">
    <ele>372.0</ele>
   </trkpt>
   <trkpt lat="45.6733350" lon="4.6859080">
    <ele>372.0</ele>
   </trkpt>
   <trkpt lat="45.6733530" lon="4.6859570">
    <ele>372.0</ele>
   </trkpt>
   <trkpt lat="45.6733710" lon="4.6860060">
    <ele>372.0</ele>
   </trkpt>
   <trkpt lat="45.6733900" lon="4.6860540">
    <ele>371.0</ele>
   </trkpt>
   <trkpt lat="45.6734090" lon="4.6861020">
    <ele>371.0</ele>
   </trkpt>
   <trkpt lat="45.6734300" lon="4.6861510">
    <ele>371.0</ele>
   </trkpt>
   <trkpt lat="45.6734500" lon="4.6861990">
    <ele>371.0</ele>
   </trkpt>
   <trkpt lat="45.6734700" lon="4.6862490">
    <ele>371.0</ele>
   </trkpt>
   <trkpt lat="45.6734900" lon="4.6862980">
    <ele>371.0</ele>
   </trkpt>
   <trkpt lat="45.6735090" lon="4.6863460">
    <ele>371.0</ele>
   </trkpt>
   <trkpt lat="45.6735280" lon="4.6863930">
    <ele>371.0</ele>
   </trkpt>
   <trkpt lat="45.6735470" lon="4.6864400">
    <ele>371.0</ele>
   </trkpt>
   <trkpt lat="45.6735650" lon="4.6864870">
    <ele>371.0</ele>
   </trkpt>
   <trkpt lat="45.6735830" lon="4.6865340">
    <ele>370.0</ele>
   </trkpt>
   <trkpt lat="45.6736010" lon="4.6865820">
    <ele>370.0</ele>
   </trkpt>
   <trkpt lat="45.6736190" lon="4.6866300">
    <ele>370.0</ele>
   </trkpt>
   <trkpt lat="45.6736380" lon="4.6866790">
    <ele>370.0</ele>
   </trkpt>
   <trkpt lat="45.6736570" lon="4.6867270">
    <ele>370.0</ele>
   </trkpt>
   <trkpt lat="45.6736760" lon="4.6867760">
    <ele>370.0</ele>
   </trkpt>
   <trkpt lat="45.6736940" lon="4.6868230">
    <ele>370.0</ele>
   </trkpt>
   <trkpt lat="45.6737130" lon="4.6868700">
    <ele>370.0</ele>
   </trkpt>
   <trkpt lat="45.6737310" lon="4.6869170">
    <ele>370.0</ele>
   </trkpt>
   <trkpt lat="45.6737490" lon="4.6869650">
    <ele>370.0</ele>
   </trkpt>
   <trkpt lat="45.6737670" lon="4.6870130">
    <ele>370.0</ele>
   </trkpt>
   <trkpt lat="45.6737840" lon="4.6870620">
    <ele>370.0</ele>
   </trkpt>
   <trkpt lat="45.6738030" lon="4.6871110">
    <ele>370.0</ele>
   </trkpt>
   <trkpt lat="45.6738220" lon="4.6871610">
    <ele>370.0</ele>
   </trkpt>
   <trkpt lat="45.6738400" lon="4.6872090">
    <ele>370.0</ele>
   </trkpt>
   <trkpt lat="45.6738590" lon="4.6872570">
    <ele>370.0</ele>
   </trkpt>
   <trkpt lat="45.6738770" lon="4.6873040">
    <ele>370.0</ele>
   </trkpt>
   <trkpt lat="45.6738960" lon="4.6873500">
    <ele>370.0</ele>
   </trkpt>
   <trkpt lat="45.6739140" lon="4.6873950">
    <ele>370.0</ele>
   </trkpt>
   <trkpt lat="45.6739330" lon="4.6874410">
    <ele>370.0</ele>
   </trkpt>
   <trkpt lat="45.6739530" lon="4.6874850">
    <ele>370.0</ele>
   </trkpt>
   <trkpt lat="45.6739720" lon="4.6875290">
    <ele>370.0</ele>
   </trkpt>
   <trkpt lat="45.6739920" lon="4.6875740">
    <ele>370.0</ele>
   </trkpt>
   <trkpt lat="45.6740110" lon="4.6876180">
    <ele>370.0</ele>
   </trkpt>
   <trkpt lat="45.6740300" lon="4.6876630">
    <ele>370.0</ele>
   </trkpt>
   <trkpt lat="45.6740500" lon="4.6877080">
    <ele>370.0</ele>
   </trkpt>
   <trkpt lat="45.6740680" lon="4.6877530">
    <ele>370.0</ele>
   </trkpt>
   <trkpt lat="45.6740870" lon="4.6877970">
    <ele>370.0</ele>
   </trkpt>
   <trkpt lat="45.6741050" lon="4.6878420">
    <ele>370.0</ele>
   </trkpt>
   <trkpt lat="45.6741230" lon="4.6878870">
    <ele>370.0</ele>
   </trkpt>
   <trkpt lat="45.6741400" lon="4.6879310">
    <ele>370.0</ele>
   </trkpt>
   <trkpt lat="45.6741580" lon="4.6879750">
    <ele>370.0</ele>
   </trkpt>
   <trkpt lat="45.6741740" lon="4.6880200">
    <ele>370.0</ele>
   </trkpt>
   <trkpt lat="45.6741910" lon="4.6880660">
    <ele>370.0</ele>
   </trkpt>
   <trkpt lat="45.6742050" lon="4.6881130">
    <ele>371.0</ele>
   </trkpt>
   <trkpt lat="45.6742200" lon="4.6881600">
    <ele>371.0</ele>
   </trkpt>
   <trkpt lat="45.6742350" lon="4.6882090">
    <ele>371.0</ele>
   </trkpt>
   <trkpt lat="45.6742500" lon="4.6882570">
    <ele>371.0</ele>
   </trkpt>
   <trkpt lat="45.6742630" lon="4.6883070">
    <ele>371.0</ele>
   </trkpt>
   <trkpt lat="45.6742760" lon="4.6883570">
    <ele>371.0</ele>
   </trkpt>
   <trkpt lat="45.6742840" lon="4.6884090">
    <ele>371.0</ele>
   </trkpt>
   <trkpt lat="45.6742930" lon="4.6884600">
    <ele>371.0</ele>
   </trkpt>
   <trkpt lat="45.6742990" lon="4.6885120">
    <ele>371.0</ele>
   </trkpt>
   <trkpt lat="45.6743050" lon="4.6885630">
    <ele>371.0</ele>
   </trkpt>
   <trkpt lat="45.6743090" lon="4.6886140">
    <ele>372.0</ele>
   </trkpt>
   <trkpt lat="45.6743120" lon="4.6886660">
    <ele>372.0</ele>
   </trkpt>
   <trkpt lat="45.6743150" lon="4.6887180">
    <ele>372.0</ele>
   </trkpt>
   <trkpt lat="45.6743180" lon="4.6887710">
    <ele>372.0</ele>
   </trkpt>
   <trkpt lat="45.6743210" lon="4.6888240">
    <ele>372.0</ele>
   </trkpt>
   <trkpt lat="45.6743250" lon="4.6888770">
    <ele>372.0</ele>
   </trkpt>
   <trkpt lat="45.6743310" lon="4.6889290">
    <ele>372.0</ele>
   </trkpt>
   <trkpt lat="45.6743370" lon="4.6889810">
    <ele>372.0</ele>
   </trkpt>
   <trkpt lat="45.6743450" lon="4.6890310">
    <ele>372.0</ele>
   </trkpt>
   <trkpt lat="45.6743540" lon="4.6890810">
    <ele>372.0</ele>
   </trkpt>
   <trkpt lat="45.6743650" lon="4.6891300">
    <ele>372.0</ele>
   </trkpt>
   <trkpt lat="45.6743770" lon="4.6891800">
    <ele>372.0</ele>
   </trkpt>
   <trkpt lat="45.6743900" lon="4.6892300">
    <ele>372.0</ele>
   </trkpt>
   <trkpt lat="45.6744030" lon="4.6892800">
    <ele>372.0</ele>
   </trkpt>
   <trkpt lat="45.6744160" lon="4.6893310">
    <ele>372.0</ele>
   </trkpt>
   <trkpt lat="45.6744290" lon="4.6893820">
    <ele>373.0</ele>
   </trkpt>
   <trkpt lat="45.6744420" lon="4.6894320">
    <ele>373.0</ele>
   </trkpt>
   <trkpt lat="45.6744550" lon="4.6894830">
    <ele>373.0</ele>
   </trkpt>
   <trkpt lat="45.6744670" lon="4.6895320">
    <ele>373.0</ele>
   </trkpt>
   <trkpt lat="45.6744790" lon="4.6895820">
    <ele>373.0</ele>
   </trkpt>
   <trkpt lat="45.6744920" lon="4.6896340">
    <ele>373.0</ele>
   </trkpt>
   <trkpt lat="45.6745050" lon="4.6896850">
    <ele>373.0</ele>
   </trkpt>
   <trkpt lat="45.6745180" lon="4.6897370">
    <ele>373.0</ele>
   </trkpt>
   <trkpt lat="45.6745300" lon="4.6897890">
    <ele>373.0</ele>
   </trkpt>
   <trkpt lat="45.6745430" lon="4.6898380">
    <ele>373.0</ele>
   </trkpt>
   <trkpt lat="45.6745560" lon="4.6898880">
    <ele>373.0</ele>
   </trkpt>
   <trkpt lat="45.6745710" lon="4.6899360">
    <ele>373.0</ele>
   </trkpt>
   <trkpt lat="45.6745860" lon="4.6899840">
    <ele>373.0</ele>
   </trkpt>
   <trkpt lat="45.6746040" lon="4.6900290">
    <ele>373.0</ele>
   </trkpt>
   <trkpt lat="45.6746230" lon="4.6900730">
    <ele>373.0</ele>
   </trkpt>
   <trkpt lat="45.6746440" lon="4.6901150">
    <ele>373.0</ele>
   </trkpt>
   <trkpt lat="45.6746660" lon="4.6901570">
    <ele>373.0</ele>
   </trkpt>
   <trkpt lat="45.6746900" lon="4.6901980">
    <ele>373.0</ele>
   </trkpt>
   <trkpt lat="45.6747140" lon="4.6902390">
    <ele>373.0</ele>
   </trkpt>
   <trkpt lat="45.6747400" lon="4.6902780">
    <ele>373.0</ele>
   </trkpt>
   <trkpt lat="45.6747660" lon="4.6903170">
    <ele>373.0</ele>
   </trkpt>
   <trkpt lat="45.6747920" lon="4.6903550">
    <ele>373.0</ele>
   </trkpt>
   <trkpt lat="45.6748190" lon="4.6903930">
    <ele>373.0</ele>
   </trkpt>
   <trkpt lat="45.6748470" lon="4.6904280">
    <ele>373.0</ele>
   </trkpt>
   <trkpt lat="45.6748750" lon="4.6904630">
    <ele>373.0</ele>
   </trkpt>
   <trkpt lat="45.6749060" lon="4.6904960">
    <ele>373.0</ele>
   </trkpt>
   <trkpt lat="45.6749370" lon="4.6905290">
    <ele>373.0</ele>
   </trkpt>
   <trkpt lat="45.6749690" lon="4.6905620">
    <ele>373.0</ele>
   </trkpt>
   <trkpt lat="45.6750020" lon="4.6905960">
    <ele>373.0</ele>
   </trkpt>
   <trkpt lat="45.6750340" lon="4.6906290">
    <ele>373.0</ele>
   </trkpt>
   <trkpt lat="45.6750650" lon="4.6906620">
    <ele>373.0</ele>
   </trkpt>
   <trkpt lat="45.6750970" lon="4.6906910">
    <ele>373.0</ele>
   </trkpt>
   <trkpt lat="45.6751280" lon="4.6907210">
    <ele>373.0</ele>
   </trkpt>
   <trkpt lat="45.6751600" lon="4.6907500">
    <ele>373.0</ele>
   </trkpt>
   <trkpt lat="45.6751910" lon="4.6907800">
    <ele>373.0</ele>
   </trkpt>
   <trkpt lat="45.6752210" lon="4.6908100">
    <ele>373.0</ele>
   </trkpt>
   <trkpt lat="45.6752510" lon="4.6908400">
    <ele>373.0</ele>
   </trkpt>
   <trkpt lat="45.6752810" lon="4.6908710">
    <ele>373.0</ele>
   </trkpt>
   <trkpt lat="45.6753110" lon="4.6909020">
    <ele>373.0</ele>
   </trkpt>
   <trkpt lat="45.6753430" lon="4.6909320">
    <ele>373.0</ele>
   </trkpt>
   <trkpt lat="45.6753740" lon="4.6909630">
    <ele>373.0</ele>
   </trkpt>
   <trkpt lat="45.6754060" lon="4.6909930">
    <ele>372.0</ele>
   </trkpt>
   <trkpt lat="45.6754380" lon="4.6910230">
    <ele>372.0</ele>
   </trkpt>
   <trkpt lat="45.6754690" lon="4.6910550">
    <ele>372.0</ele>
   </trkpt>
   <trkpt lat="45.6755000" lon="4.6910860">
    <ele>372.0</ele>
   </trkpt>
   <trkpt lat="45.6755310" lon="4.6911180">
    <ele>372.0</ele>
   </trkpt>
   <trkpt lat="45.6755620" lon="4.6911490">
    <ele>372.0</ele>
   </trkpt>
   <trkpt lat="45.6755930" lon="4.6911800">
    <ele>372.0</ele>
   </trkpt>
   <trkpt lat="45.6756240" lon="4.6912110">
    <ele>372.0</ele>
   </trkpt>
   <trkpt lat="45.6756560" lon="4.6912410">
    <ele>372.0</ele>
   </trkpt>
   <trkpt lat="45.6756880" lon="4.6912720">
    <ele>372.0</ele>
   </trkpt>
   <trkpt lat="45.6757220" lon="4.6913010">
    <ele>371.0</ele>
   </trkpt>
   <trkpt lat="45.6757550" lon="4.6913310">
    <ele>371.0</ele>
   </trkpt>
   <trkpt lat="45.6757900" lon="4.6913570">
    <ele>371.0</ele>
   </trkpt>
   <trkpt lat="45.6758250" lon="4.6913840">
    <ele>371.0</ele>
   </trkpt>
   <trkpt lat="45.6758610" lon="4.6914090">
    <ele>371.0</ele>
   </trkpt>
   <trkpt lat="45.6758970" lon="4.6914330">
    <ele>371.0</ele>
   </trkpt>
   <trkpt lat="45.6759330" lon="4.6914570">
    <ele>371.0</ele>
   </trkpt>
   <trkpt lat="45.6759690" lon="4.6914800">
    <ele>371.0</ele>
   </trkpt>
   <trkpt lat="45.6760050" lon="4.6915050">
    <ele>371.0</ele>
   </trkpt>
   <trkpt lat="45.6760410" lon="4.6915300">
    <ele>371.0</ele>
   </trkpt>
   <trkpt lat="45.6760770" lon="4.6915530">
    <ele>370.0</ele>
   </trkpt>
   <trkpt lat="45.6761130" lon="4.6915770">
    <ele>370.0</ele>
   </trkpt>
   <trkpt lat="45.6761490" lon="4.6915990">
    <ele>370.0</ele>
   </trkpt>
   <trkpt lat="45.6761840" lon="4.6916220">
    <ele>370.0</ele>
   </trkpt>
   <trkpt lat="45.6762190" lon="4.6916410">
    <ele>370.0</ele>
   </trkpt>
   <trkpt lat="45.6762540" lon="4.6916600">
    <ele>369.0</ele>
   </trkpt>
   <trkpt lat="45.6762890" lon="4.6916780">
    <ele>369.0</ele>
   </trkpt>
   <trkpt lat="45.6763240" lon="4.6916960">
    <ele>369.0</ele>
   </trkpt>
   <trkpt lat="45.6763600" lon="4.6917160">
    <ele>369.0</ele>
   </trkpt>
   <trkpt lat="45.6763970" lon="4.6917350">
    <ele>369.0</ele>
   </trkpt>
   <trkpt lat="45.6764350" lon="4.6917550">
    <ele>369.0</ele>
   </trkpt>
   <trkpt lat="45.6764740" lon="4.6917750">
    <ele>369.0</ele>
   </trkpt>
   <trkpt lat="45.6765110" lon="4.6917950">
    <ele>369.0</ele>
   </trkpt>
   <trkpt lat="45.6765490" lon="4.6918150">
    <ele>369.0</ele>
   </trkpt>
   <trkpt lat="45.6765860" lon="4.6918350">
    <ele>369.0</ele>
   </trkpt>
   <trkpt lat="45.6766220" lon="4.6918550">
    <ele>368.0</ele>
   </trkpt>
   <trkpt lat="45.6766590" lon="4.6918790">
    <ele>368.0</ele>
   </trkpt>
   <trkpt lat="45.6766950" lon="4.6919020">
    <ele>368.0</ele>
   </trkpt>
   <trkpt lat="45.6767310" lon="4.6919310">
    <ele>368.0</ele>
   </trkpt>
   <trkpt lat="45.6767660" lon="4.6919590">
    <ele>368.0</ele>
   </trkpt>
   <trkpt lat="45.6768000" lon="4.6919910">
    <ele>367.0</ele>
   </trkpt>
   <trkpt lat="45.6768340" lon="4.6920230">
    <ele>367.0</ele>
   </trkpt>
   <trkpt lat="45.6768670" lon="4.6920550">
    <ele>367.0</ele>
   </trkpt>
   <trkpt lat="45.6769000" lon="4.6920870">
    <ele>367.0</ele>
   </trkpt>
   <trkpt lat="45.6769320" lon="4.6921220">
    <ele>367.0</ele>
   </trkpt>
   <trkpt lat="45.6769650" lon="4.6921560">
    <ele>366.0</ele>
   </trkpt>
   <trkpt lat="45.6769950" lon="4.6921930">
    <ele>366.0</ele>
   </trkpt>
   <trkpt lat="45.6770260" lon="4.6922310">
    <ele>366.0</ele>
   </trkpt>
   <trkpt lat="45.6770560" lon="4.6922690">
    <ele>366.0</ele>
   </trkpt>
   <trkpt lat="45.6770860" lon="4.6923080">
    <ele>366.0</ele>
   </trkpt>
   <trkpt lat="45.6771160" lon="4.6923480">
    <ele>366.0</ele>
   </trkpt>
   <trkpt lat="45.6771460" lon="4.6923880">
    <ele>366.0</ele>
   </trkpt>
   <trkpt lat="45.6771740" lon="4.6924310">
    <ele>366.0</ele>
   </trkpt>
   <trkpt lat="45.6772020" lon="4.6924740">
    <ele>366.0</ele>
   </trkpt>
   <trkpt lat="45.6772290" lon="4.6925200">
    <ele>366.0</ele>
   </trkpt>
   <trkpt lat="45.6772560" lon="4.6925660">
    <ele>365.0</ele>
   </trkpt>
   <trkpt lat="45.6772820" lon="4.6926140">
    <ele>365.0</ele>
   </trkpt>
   <trkpt lat="45.6773080" lon="4.6926620">
    <ele>365.0</ele>
   </trkpt>
   <trkpt lat="45.6773330" lon="4.6927120">
    <ele>365.0</ele>
   </trkpt>
   <trkpt lat="45.6773580" lon="4.6927620">
    <ele>365.0</ele>
   </trkpt>
   <trkpt lat="45.6773790" lon="4.6928150">
    <ele>364.0</ele>
   </trkpt>
   <trkpt lat="45.6774000" lon="4.6928670">
    <ele>364.0</ele>
   </trkpt>
   <trkpt lat="45.6774180" lon="4.6929220">
    <ele>364.0</ele>
   </trkpt>
   <trkpt lat="45.6774350" lon="4.6929760">
    <ele>364.0</ele>
   </trkpt>
   <trkpt lat="45.6774500" lon="4.6930290">
    <ele>364.0</ele>
   </trkpt>
   <trkpt lat="45.6774640" lon="4.6930810">
    <ele>363.0</ele>
   </trkpt>
   <trkpt lat="45.6774800" lon="4.6931300">
    <ele>363.0</ele>
   </trkpt>
   <trkpt lat="45.6774960" lon="4.6931790">
    <ele>363.0</ele>
   </trkpt>
   <trkpt lat="45.6775180" lon="4.6932240">
    <ele>363.0</ele>
   </trkpt>
   <trkpt lat="45.6775400" lon="4.6932700">
    <ele>363.0</ele>
   </trkpt>
   <trkpt lat="45.6775660" lon="4.6933150">
    <ele>363.0</ele>
   </trkpt>
   <trkpt lat="45.6775930" lon="4.6933600">
    <ele>363.0</ele>
   </trkpt>
   <trkpt lat="45.6776210" lon="4.6934070">
    <ele>363.0</ele>
   </trkpt>
   <trkpt lat="45.6776480" lon="4.6934530">
    <ele>363.0</ele>
   </trkpt>
   <trkpt lat="45.6776740" lon="4.6935010">
    <ele>363.0</ele>
   </trkpt>
   <trkpt lat="45.6776990" lon="4.6935490">
    <ele>362.0</ele>
   </trkpt>
   <trkpt lat="45.6777190" lon="4.6935990">
    <ele>362.0</ele>
   </trkpt>
   <trkpt lat="45.6777390" lon="4.6936490">
    <ele>362.0</ele>
   </trkpt>
   <trkpt lat="45.6777550" lon="4.6937000">
    <ele>362.0</ele>
   </trkpt>
   <trkpt lat="45.6777710" lon="4.6937510">
    <ele>362.0</ele>
   </trkpt>
   <trkpt lat="45.6777830" lon="4.6938030">
    <ele>362.0</ele>
   </trkpt>
   <trkpt lat="45.6777960" lon="4.6938560">
    <ele>362.0</ele>
   </trkpt>
   <trkpt lat="45.6778060" lon="4.6939110">
    <ele>362.0</ele>
   </trkpt>
   <trkpt lat="45.6778160" lon="4.6939660">
    <ele>362.0</ele>
   </trkpt>
   <trkpt lat="45.6778230" lon="4.6940220">
    <ele>362.0</ele>
   </trkpt>
   <trkpt lat="45.6778300" lon="4.6940790">
    <ele>362.0</ele>
   </trkpt>
   <trkpt lat="45.6778340" lon="4.6941380">
    <ele>362.0</ele>
   </trkpt>
   <trkpt lat="45.6778380" lon="4.6941970">
    <ele>362.0</ele>
   </trkpt>
   <trkpt lat="45.6778400" lon="4.6942560">
    <ele>362.0</ele>
   </trkpt>
   <trkpt lat="45.6778410" lon="4.6943160">
    <ele>363.0</ele>
   </trkpt>
   <trkpt lat="45.6778410" lon="4.6943740">
    <ele>363.0</ele>
   </trkpt>
   <trkpt lat="45.6778420" lon="4.6944330">
    <ele>363.0</ele>
   </trkpt>
   <trkpt lat="45.6778420" lon="4.6944910">
    <ele>363.0</ele>
   </trkpt>
   <trkpt lat="45.6778430" lon="4.6945480">
    <ele>363.0</ele>
   </trkpt>
   <trkpt lat="45.6778460" lon="4.6946050">
    <ele>363.0</ele>
   </trkpt>
   <trkpt lat="45.6778490" lon="4.6946620">
    <ele>363.0</ele>
   </trkpt>
   <trkpt lat="45.6778540" lon="4.6947190">
    <ele>363.0</ele>
   </trkpt>
   <trkpt lat="45.6778580" lon="4.6947750">
    <ele>363.0</ele>
   </trkpt>
   <trkpt lat="45.6778610" lon="4.6948320">
    <ele>363.0</ele>
   </trkpt>
   <trkpt lat="45.6778650" lon="4.6948880">
    <ele>363.0</ele>
   </trkpt>
   <trkpt lat="45.6778690" lon="4.6949450">
    <ele>363.0</ele>
   </trkpt>
   <trkpt lat="45.6778730" lon="4.6950020">
    <ele>363.0</ele>
   </trkpt>
   <trkpt lat="45.6778770" lon="4.6950580">
    <ele>363.0</ele>
   </trkpt>
   <trkpt lat="45.6778810" lon="4.6951150">
    <ele>363.0</ele>
   </trkpt>
   <trkpt lat="45.6778860" lon="4.6951680">
    <ele>363.0</ele>
   </trkpt>
   <trkpt lat="45.6778910" lon="4.6952220">
    <ele>363.0</ele>
   </trkpt>
   <trkpt lat="45.6778920" lon="4.6952740">
    <ele>363.0</ele>
   </trkpt>
   <trkpt lat="45.6778920" lon="4.6953260">
    <ele>363.0</ele>
   </trkpt>
   <trkpt lat="45.6778760" lon="4.6953700">
    <ele>363.0</ele>
   </trkpt>
   <trkpt lat="45.6778600" lon="4.6954140">
    <ele>363.0</ele>
   </trkpt>
   <trkpt lat="45.6778250" lon="4.6954450">
    <ele>363.0</ele>
   </trkpt>
   <trkpt lat="45.6777900" lon="4.6954760">
    <ele>363.0</ele>
   </trkpt>
   <trkpt lat="45.6777480" lon="4.6955010">
    <ele>363.0</ele>
   </trkpt>
   <trkpt lat="45.6777050" lon="4.6955260">
    <ele>363.0</ele>
   </trkpt>
   <trkpt lat="45.6776630" lon="4.6955530">
    <ele>363.0</ele>
   </trkpt>
   <trkpt lat="45.6776220" lon="4.6955810">
    <ele>363.0</ele>
   </trkpt>
   <trkpt lat="45.6775840" lon="4.6956140">
    <ele>363.0</ele>
   </trkpt>
   <trkpt lat="45.6775460" lon="4.6956470">
    <ele>363.0</ele>
   </trkpt>
   <trkpt lat="45.6775110" lon="4.6956820">
    <ele>363.0</ele>
   </trkpt>
   <trkpt lat="45.6774760" lon="4.6957170">
    <ele>363.0</ele>
   </trkpt>
   <trkpt lat="45.6774430" lon="4.6957520">
    <ele>362.0</ele>
   </trkpt>
   <trkpt lat="45.6774100" lon="4.6957880">
    <ele>362.0</ele>
   </trkpt>
   <trkpt lat="45.6773880" lon="4.6958260">
    <ele>362.0</ele>
   </trkpt>
   <trkpt lat="45.6773670" lon="4.6958650">
    <ele>362.0</ele>
   </trkpt>
   <trkpt lat="45.6773700" lon="4.6959030">
    <ele>362.0</ele>
   </trkpt>
   <trkpt lat="45.6773730" lon="4.6959420">
    <ele>362.0</ele>
   </trkpt>
   <trkpt lat="45.6773970" lon="4.6959650">
    <ele>362.0</ele>
   </trkpt>
   <trkpt lat="45.6774220" lon="4.6959890">
    <ele>362.0</ele>
   </trkpt>
   <trkpt lat="45.6774530" lon="4.6959810">
    <ele>362.0</ele>
   </trkpt>
   <trkpt lat="45.6774840" lon="4.6959740">
    <ele>362.0</ele>
   </trkpt>
   <trkpt lat="45.6775110" lon="4.6959440">
    <ele>361.0</ele>
   </trkpt>
   <trkpt lat="45.6775390" lon="4.6959140">
    <ele>361.0</ele>
   </trkpt>
   <trkpt lat="45.6775590" lon="4.6958850">
    <ele>361.0</ele>
   </trkpt>
   <trkpt lat="45.6775800" lon="4.6958550">
    <ele>361.0</ele>
   </trkpt>
   <trkpt lat="45.6775990" lon="4.6958280">
    <ele>361.0</ele>
   </trkpt>
   <trkpt lat="45.6776190" lon="4.6958020">
    <ele>361.0</ele>
   </trkpt>
   <trkpt lat="45.6776400" lon="4.6957760">
    <ele>361.0</ele>
   </trkpt>
   <trkpt lat="45.6776620" lon="4.6957510">
    <ele>361.0</ele>
   </trkpt>
   <trkpt lat="45.6776870" lon="4.6957210">
    <ele>361.0</ele>
   </trkpt>
   <trkpt lat="45.6777130" lon="4.6956910">
    <ele>361.0</ele>
   </trkpt>
   <trkpt lat="45.6777400" lon="4.6956550">
    <ele>361.0</ele>
   </trkpt>
   <trkpt lat="45.6777670" lon="4.6956190">
    <ele>361.0</ele>
   </trkpt>
   <trkpt lat="45.6777960" lon="4.6956000">
    <ele>361.0</ele>
   </trkpt>
   <trkpt lat="45.6778260" lon="4.6955800">
    <ele>361.0</ele>
   </trkpt>
   <trkpt lat="45.6778570" lon="4.6955970">
    <ele>361.0</ele>
   </trkpt>
   <trkpt lat="45.6778880" lon="4.6956130">
    <ele>361.0</ele>
   </trkpt>
   <trkpt lat="45.6779190" lon="4.6956580">
    <ele>361.0</ele>
   </trkpt>
   <trkpt lat="45.6779490" lon="4.6957030">
    <ele>361.0</ele>
   </trkpt>
   <trkpt lat="45.6779770" lon="4.6957570">
    <ele>361.0</ele>
   </trkpt>
   <trkpt lat="45.6780040" lon="4.6958120">
    <ele>361.0</ele>
   </trkpt>
   <trkpt lat="45.6780300" lon="4.6958620">
    <ele>361.0</ele>
   </trkpt>
   <trkpt lat="45.6780560" lon="4.6959130">
    <ele>361.0</ele>
   </trkpt>
   <trkpt lat="45.6780810" lon="4.6959600">
    <ele>361.0</ele>
   </trkpt>
   <trkpt lat="45.6781060" lon="4.6960080">
    <ele>361.0</ele>
   </trkpt>
   <trkpt lat="45.6781300" lon="4.6960580">
    <ele>361.0</ele>
   </trkpt>
   <trkpt lat="45.6781540" lon="4.6961080">
    <ele>361.0</ele>
   </trkpt>
   <trkpt lat="45.6781770" lon="4.6961610">
    <ele>361.0</ele>
   </trkpt>
   <trkpt lat="45.6781990" lon="4.6962140">
    <ele>361.0</ele>
   </trkpt>
   <trkpt lat="45.6782190" lon="4.6962690">
    <ele>361.0</ele>
   </trkpt>
   <trkpt lat="45.6782380" lon="4.6963250">
    <ele>361.0</ele>
   </trkpt>
   <trkpt lat="45.6782550" lon="4.6963820">
    <ele>361.0</ele>
   </trkpt>
   <trkpt lat="45.6782710" lon="4.6964380">
    <ele>361.0</ele>
   </trkpt>
   <trkpt lat="45.6782830" lon="4.6964970">
    <ele>361.0</ele>
   </trkpt>
   <trkpt lat="45.6782960" lon="4.6965550">
    <ele>361.0</ele>
   </trkpt>
   <trkpt lat="45.6783070" lon="4.6966150">
    <ele>361.0</ele>
   </trkpt>
   <trkpt lat="45.6783180" lon="4.6966750">
    <ele>360.0</ele>
   </trkpt>
   <trkpt lat="45.6783280" lon="4.6967350">
    <ele>360.0</ele>
   </trkpt>
   <trkpt lat="45.6783380" lon="4.6967940">
    <ele>360.0</ele>
   </trkpt>
   <trkpt lat="45.6783470" lon="4.6968540">
    <ele>360.0</ele>
   </trkpt>
   <trkpt lat="45.6783560" lon="4.6969130">
    <ele>360.0</ele>
   </trkpt>
   <trkpt lat="45.6783640" lon="4.6969730">
    <ele>359.0</ele>
   </trkpt>
   <trkpt lat="45.6783710" lon="4.6970330">
    <ele>359.0</ele>
   </trkpt>
   <trkpt lat="45.6783780" lon="4.6970950">
    <ele>359.0</ele>
   </trkpt>
   <trkpt lat="45.6783840" lon="4.6971560">
    <ele>359.0</ele>
   </trkpt>
   <trkpt lat="45.6783880" lon="4.6972190">
    <ele>359.0</ele>
   </trkpt>
   <trkpt lat="45.6783920" lon="4.6972820">
    <ele>358.0</ele>
   </trkpt>
   <trkpt lat="45.6783930" lon="4.6973450">
    <ele>358.0</ele>
   </trkpt>
   <trkpt lat="45.6783940" lon="4.6974090">
    <ele>358.0</ele>
   </trkpt>
   <trkpt lat="45.6783910" lon="4.6974700">
    <ele>358.0</ele>
   </trkpt>
   <trkpt lat="45.6783890" lon="4.6975320">
    <ele>358.0</ele>
   </trkpt>
   <trkpt lat="45.6783870" lon="4.6975920">
    <ele>357.0</ele>
   </trkpt>
   <trkpt lat="45.6783840" lon="4.6976530">
    <ele>357.0</ele>
   </trkpt>
   <trkpt lat="45.6783860" lon="4.6977150">
    <ele>357.0</ele>
   </trkpt>
   <trkpt lat="45.6783870" lon="4.6977760">
    <ele>357.0</ele>
   </trkpt>
   <trkpt lat="45.6783900" lon="4.6978390">
    <ele>357.0</ele>
   </trkpt>
   <trkpt lat="45.6783930" lon="4.6979030">
    <ele>356.0</ele>
   </trkpt>
   <trkpt lat="45.6783950" lon="4.6979650">
    <ele>356.0</ele>
   </trkpt>
   <trkpt lat="45.6783960" lon="4.6980280">
    <ele>356.0</ele>
   </trkpt>
   <trkpt lat="45.6783980" lon="4.6980910">
    <ele>356.0</ele>
   </trkpt>
   <trkpt lat="45.6783990" lon="4.6981540">
    <ele>356.0</ele>
   </trkpt>
   <trkpt lat="45.6783990" lon="4.6982160">
    <ele>355.0</ele>
   </trkpt>
   <trkpt lat="45.6783990" lon="4.6982780">
    <ele>355.0</ele>
   </trkpt>
   <trkpt lat="45.6783980" lon="4.6983390">
    <ele>355.0</ele>
   </trkpt>
   <trkpt lat="45.6783980" lon="4.6984000">
    <ele>355.0</ele>
   </trkpt>
   <trkpt lat="45.6783980" lon="4.6984590">
    <ele>355.0</ele>
   </trkpt>
   <trkpt lat="45.6783970" lon="4.6985170">
    <ele>354.0</ele>
   </trkpt>
   <trkpt lat="45.6783970" lon="4.6985760">
    <ele>354.0</ele>
   </trkpt>
   <trkpt lat="45.6783960" lon="4.6986340">
    <ele>353.0</ele>
   </trkpt>
   <trkpt lat="45.6783970" lon="4.6986920">
    <ele>353.0</ele>
   </trkpt>
   <trkpt lat="45.6783990" lon="4.6987500">
    <ele>353.0</ele>
   </trkpt>
   <trkpt lat="45.6784030" lon="4.6988090">
    <ele>352.0</ele>
   </trkpt>
   <trkpt lat="45.6784070" lon="4.6988670">
    <ele>352.0</ele>
   </trkpt>
   <trkpt lat="45.6784160" lon="4.6989240">
    <ele>352.0</ele>
   </trkpt>
   <trkpt lat="45.6784250" lon="4.6989810">
    <ele>352.0</ele>
   </trkpt>
   <trkpt lat="45.6784390" lon="4.6990380">
    <ele>352.0</ele>
   </trkpt>
   <trkpt lat="45.6784520" lon="4.6990950">
    <ele>351.0</ele>
   </trkpt>
   <trkpt lat="45.6784670" lon="4.6991540">
    <ele>351.0</ele>
   </trkpt>
   <trkpt lat="45.6784820" lon="4.6992130">
    <ele>351.0</ele>
   </trkpt>
   <trkpt lat="45.6784960" lon="4.6992710">
    <ele>351.0</ele>
   </trkpt>
   <trkpt lat="45.6785100" lon="4.6993300">
    <ele>351.0</ele>
   </trkpt>
   <trkpt lat="45.6785240" lon="4.6993880">
    <ele>350.0</ele>
   </trkpt>
   <trkpt lat="45.6785380" lon="4.6994460">
    <ele>350.0</ele>
   </trkpt>
   <trkpt lat="45.6785530" lon="4.6995020">
    <ele>350.0</ele>
   </trkpt>
   <trkpt lat="45.6785670" lon="4.6995570">
    <ele>350.0</ele>
   </trkpt>
   <trkpt lat="45.6785830" lon="4.6996110">
    <ele>350.0</ele>
   </trkpt>
   <trkpt lat="45.6785990" lon="4.6996650">
    <ele>349.0</ele>
   </trkpt>
   <trkpt lat="45.6786160" lon="4.6997190">
    <ele>349.0</ele>
   </trkpt>
   <trkpt lat="45.6786330" lon="4.6997740">
    <ele>349.0</ele>
   </trkpt>
   <trkpt lat="45.6786500" lon="4.6998290">
    <ele>349.0</ele>
   </trkpt>
   <trkpt lat="45.6786670" lon="4.6998840">
    <ele>349.0</ele>
   </trkpt>
   <trkpt lat="45.6786860" lon="4.6999360">
    <ele>349.0</ele>
   </trkpt>
   <trkpt lat="45.6787040" lon="4.6999890">
    <ele>349.0</ele>
   </trkpt>
   <trkpt lat="45.6787270" lon="4.7000290">
    <ele>349.0</ele>
   </trkpt>
   <trkpt lat="45.6787510" lon="4.7000710">
    <ele>349.0</ele>
   </trkpt>
   <trkpt lat="45.6787840" lon="4.7000940">
    <ele>349.0</ele>
   </trkpt>
   <trkpt lat="45.6788180" lon="4.7001180">
    <ele>349.0</ele>
   </trkpt>
   <trkpt lat="45.6788560" lon="4.7001290">
    <ele>349.0</ele>
   </trkpt>
   <trkpt lat="45.6788940" lon="4.7001400">
    <ele>349.0</ele>
   </trkpt>
   <trkpt lat="45.6789330" lon="4.7001460">
    <ele>349.0</ele>
   </trkpt>
   <trkpt lat="45.6789710" lon="4.7001520">
    <ele>349.0</ele>
   </trkpt>
   <trkpt lat="45.6790090" lon="4.7001580">
    <ele>349.0</ele>
   </trkpt>
   <trkpt lat="45.6790480" lon="4.7001640">
    <ele>349.0</ele>
   </trkpt>
   <trkpt lat="45.6790860" lon="4.7001710">
    <ele>349.0</ele>
   </trkpt>
   <trkpt lat="45.6791240" lon="4.7001780">
    <ele>349.0</ele>
   </trkpt>
   <trkpt lat="45.6791610" lon="4.7001870">
    <ele>349.0</ele>
   </trkpt>
   <trkpt lat="45.6791980" lon="4.7001960">
    <ele>349.0</ele>
   </trkpt>
   <trkpt lat="45.6792360" lon="4.7002070">
    <ele>349.0</ele>
   </trkpt>
   <trkpt lat="45.6792740" lon="4.7002190">
    <ele>349.0</ele>
   </trkpt>
   <trkpt lat="45.6793120" lon="4.7002310">
    <ele>349.0</ele>
   </trkpt>
   <trkpt lat="45.6793490" lon="4.7002430">
    <ele>349.0</ele>
   </trkpt>
   <trkpt lat="45.6793860" lon="4.7002520">
    <ele>349.0</ele>
   </trkpt>
   <trkpt lat="45.6794230" lon="4.7002620">
    <ele>349.0</ele>
   </trkpt>
   <trkpt lat="45.6794590" lon="4.7002660">
    <ele>349.0</ele>
   </trkpt>
   <trkpt lat="45.6794960" lon="4.7002700">
    <ele>349.0</ele>
   </trkpt>
   <trkpt lat="45.6795330" lon="4.7002700">
    <ele>349.0</ele>
   </trkpt>
   <trkpt lat="45.6795700" lon="4.7002700">
    <ele>349.0</ele>
   </trkpt>
   <trkpt lat="45.6796020" lon="4.7002580">
    <ele>349.0</ele>
   </trkpt>
   <trkpt lat="45.6796340" lon="4.7002470">
    <ele>349.0</ele>
   </trkpt>
   <trkpt lat="45.6796540" lon="4.7002140">
    <ele>349.0</ele>
   </trkpt>
   <trkpt lat="45.6796750" lon="4.7001820">
    <ele>350.0</ele>
   </trkpt>
   <trkpt lat="45.6796860" lon="4.7001340">
    <ele>350.0</ele>
   </trkpt>
   <trkpt lat="45.6796980" lon="4.7000860">
    <ele>350.0</ele>
   </trkpt>
   <trkpt lat="45.6797060" lon="4.7000330">
    <ele>350.0</ele>
   </trkpt>
   <trkpt lat="45.6797140" lon="4.6999800">
    <ele>350.0</ele>
   </trkpt>
   <trkpt lat="45.6797200" lon="4.6999270">
    <ele>350.0</ele>
   </trkpt>
   <trkpt lat="45.6797270" lon="4.6998740">
    <ele>350.0</ele>
   </trkpt>
   <trkpt lat="45.6797320" lon="4.6998240">
    <ele>350.0</ele>
   </trkpt>
   <trkpt lat="45.6797380" lon="4.6997740">
    <ele>351.0</ele>
   </trkpt>
   <trkpt lat="45.6797460" lon="4.6997270">
    <ele>351.0</ele>
   </trkpt>
   <trkpt lat="45.6797540" lon="4.6996790">
    <ele>352.0</ele>
   </trkpt>
   <trkpt lat="45.6797620" lon="4.6996350">
    <ele>352.0</ele>
   </trkpt>
   <trkpt lat="45.6797690" lon="4.6995920">
    <ele>352.0</ele>
   </trkpt>
   <trkpt lat="45.6797750" lon="4.6995500">
    <ele>352.0</ele>
   </trkpt>
   <trkpt lat="45.6797810" lon="4.6995080">
    <ele>352.0</ele>
   </trkpt>
   <trkpt lat="45.6797870" lon="4.6994670">
    <ele>353.0</ele>
   </trkpt>
   <trkpt lat="45.6797940" lon="4.6994260">
    <ele>353.0</ele>
   </trkpt>
   <trkpt lat="45.6798010" lon="4.6993850">
    <ele>353.0</ele>
   </trkpt>
   <trkpt lat="45.6798080" lon="4.6993430">
    <ele>353.0</ele>
   </trkpt>
   <trkpt lat="45.6798150" lon="4.6993010">
    <ele>353.0</ele>
   </trkpt>
   <trkpt lat="45.6798220" lon="4.6992580">
    <ele>354.0</ele>
   </trkpt>
   <trkpt lat="45.6798280" lon="4.6992140">
    <ele>354.0</ele>
   </trkpt>
   <trkpt lat="45.6798340" lon="4.6991700">
    <ele>354.0</ele>
   </trkpt>
   <trkpt lat="45.6798380" lon="4.6991230">
    <ele>355.0</ele>
   </trkpt>
   <trkpt lat="45.6798430" lon="4.6990770">
    <ele>355.0</ele>
   </trkpt>
   <trkpt lat="45.6798490" lon="4.6990280">
    <ele>356.0</ele>
   </trkpt>
   <trkpt lat="45.6798550" lon="4.6989800">
    <ele>356.0</ele>
   </trkpt>
   <trkpt lat="45.6798630" lon="4.6989320">
    <ele>356.0</ele>
   </trkpt>
   <trkpt lat="45.6798710" lon="4.6988830">
    <ele>356.0</ele>
   </trkpt>
   <trkpt lat="45.6798810" lon="4.6988340">
    <ele>356.0</ele>
   </trkpt>
   <trkpt lat="45.6798900" lon="4.6987840">
    <ele>357.0</ele>
   </trkpt>
   <trkpt lat="45.6799080" lon="4.6987370">
    <ele>357.0</ele>
   </trkpt>
   <trkpt lat="45.6799250" lon="4.6986900">
    <ele>357.0</ele>
   </trkpt>
   <trkpt lat="45.6799500" lon="4.6986490">
    <ele>357.0</ele>
   </trkpt>
   <trkpt lat="45.6799750" lon="4.6986070">
    <ele>357.0</ele>
   </trkpt>
   <trkpt lat="45.6800030" lon="4.6985680">
    <ele>358.0</ele>
   </trkpt>
   <trkpt lat="45.6800300" lon="4.6985290">
    <ele>358.0</ele>
   </trkpt>
   <trkpt lat="45.6800560" lon="4.6984870">
    <ele>358.0</ele>
   </trkpt>
   <trkpt lat="45.6800820" lon="4.6984460">
    <ele>358.0</ele>
   </trkpt>
   <trkpt lat="45.6801050" lon="4.6984010">
    <ele>358.0</ele>
   </trkpt>
   <trkpt lat="45.6801290" lon="4.6983560">
    <ele>359.0</ele>
   </trkpt>
   <trkpt lat="45.6801490" lon="4.6983080">
    <ele>359.0</ele>
   </trkpt>
   <trkpt lat="45.6801700" lon="4.6982610">
    <ele>359.0</ele>
   </trkpt>
   <trkpt lat="45.6801910" lon="4.6982140">
    <ele>359.0</ele>
   </trkpt>
   <trkpt lat="45.6802120" lon="4.6981670">
    <ele>359.0</ele>
   </trkpt>
   <trkpt lat="45.6802340" lon="4.6981210">
    <ele>359.0</ele>
   </trkpt>
   <trkpt lat="45.6802570" lon="4.6980750">
    <ele>359.0</ele>
   </trkpt>
   <trkpt lat="45.6802800" lon="4.6980300">
    <ele>359.0</ele>
   </trkpt>
   <trkpt lat="45.6803030" lon="4.6979850">
    <ele>359.0</ele>
   </trkpt>
   <trkpt lat="45.6803260" lon="4.6979410">
    <ele>359.0</ele>
   </trkpt>
   <trkpt lat="45.6803500" lon="4.6978970">
    <ele>359.0</ele>
   </trkpt>
   <trkpt lat="45.6803730" lon="4.6978530">
    <ele>359.0</ele>
   </trkpt>
   <trkpt lat="45.6803970" lon="4.6978080">
    <ele>359.0</ele>
   </trkpt>
   <trkpt lat="45.6804200" lon="4.6977650">
    <ele>359.0</ele>
   </trkpt>
   <trkpt lat="45.6804440" lon="4.6977220">
    <ele>359.0</ele>
   </trkpt>
   <trkpt lat="45.6804670" lon="4.6976810">
    <ele>359.0</ele>
   </trkpt>
   <trkpt lat="45.6804910" lon="4.6976390">
    <ele>359.0</ele>
   </trkpt>
   <trkpt lat="45.6805150" lon="4.6975970">
    <ele>359.0</ele>
   </trkpt>
   <trkpt lat="45.6805390" lon="4.6975550">
    <ele>359.0</ele>
   </trkpt>
   <trkpt lat="45.6805630" lon="4.6975120">
    <ele>359.0</ele>
   </trkpt>
   <trkpt lat="45.6805870" lon="4.6974690">
    <ele>360.0</ele>
   </trkpt>
   <trkpt lat="45.6806100" lon="4.6974250">
    <ele>360.0</ele>
   </trkpt>
   <trkpt lat="45.6806330" lon="4.6973810">
    <ele>360.0</ele>
   </trkpt>
   <trkpt lat="45.6806550" lon="4.6973390">
    <ele>360.0</ele>
   </trkpt>
   <trkpt lat="45.6806780" lon="4.6972970">
    <ele>360.0</ele>
   </trkpt>
   <trkpt lat="45.6807010" lon="4.6972600">
    <ele>360.0</ele>
   </trkpt>
   <trkpt lat="45.6807240" lon="4.6972220">
    <ele>360.0</ele>
   </trkpt>
   <trkpt lat="45.6807530" lon="4.6972050">
    <ele>360.0</ele>
   </trkpt>
   <trkpt lat="45.6807820" lon="4.6971880">
    <ele>360.0</ele>
   </trkpt>
   <trkpt lat="45.6808200" lon="4.6971980">
    <ele>360.0</ele>
   </trkpt>
   <trkpt lat="45.6808580" lon="4.6972080">
    <ele>360.0</ele>
   </trkpt>
   <trkpt lat="45.6809010" lon="4.6972340">
    <ele>359.0</ele>
   </trkpt>
   <trkpt lat="45.6809450" lon="4.6972600">
    <ele>359.0</ele>
   </trkpt>
   <trkpt lat="45.6809900" lon="4.6972920">
    <ele>359.0</ele>
   </trkpt>
   <trkpt lat="45.6810360" lon="4.6973250">
    <ele>359.0</ele>
   </trkpt>
   <trkpt lat="45.6810790" lon="4.6973540">
    <ele>359.0</ele>
   </trkpt>
   <trkpt lat="45.6811220" lon="4.6973840">
    <ele>359.0</ele>
   </trkpt>
   <trkpt lat="45.6811620" lon="4.6974110">
    <ele>359.0</ele>
   </trkpt>
   <trkpt lat="45.6812020" lon="4.6974380">
    <ele>359.0</ele>
   </trkpt>
   <trkpt lat="45.6812410" lon="4.6974640">
    <ele>359.0</ele>
   </trkpt>
   <trkpt lat="45.6812800" lon="4.6974900">
    <ele>359.0</ele>
   </trkpt>
   <trkpt lat="45.6813190" lon="4.6975140">
    <ele>359.0</ele>
   </trkpt>
   <trkpt lat="45.6813570" lon="4.6975370">
    <ele>359.0</ele>
   </trkpt>
   <trkpt lat="45.6813940" lon="4.6975590">
    <ele>359.0</ele>
   </trkpt>
   <trkpt lat="45.6814320" lon="4.6975800">
    <ele>359.0</ele>
   </trkpt>
   <trkpt lat="45.6814680" lon="4.6976020">
    <ele>359.0</ele>
   </trkpt>
   <trkpt lat="45.6815040" lon="4.6976240">
    <ele>358.0</ele>
   </trkpt>
   <trkpt lat="45.6815400" lon="4.6976480">
    <ele>358.0</ele>
   </trkpt>
   <trkpt lat="45.6815770" lon="4.6976720">
    <ele>357.0</ele>
   </trkpt>
   <trkpt lat="45.6816140" lon="4.6976970">
    <ele>357.0</ele>
   </trkpt>
   <trkpt lat="45.6816500" lon="4.6977220">
    <ele>357.0</ele>
   </trkpt>
   <trkpt lat="45.6816870" lon="4.6977460">
    <ele>356.0</ele>
   </trkpt>
   <trkpt lat="45.6817240" lon="4.6977700">
    <ele>356.0</ele>
   </trkpt>
   <trkpt lat="45.6817600" lon="4.6977930">
    <ele>356.0</ele>
   </trkpt>
   <trkpt lat="45.6817970" lon="4.6978170">
    <ele>356.0</ele>
   </trkpt>
   <trkpt lat="45.6818320" lon="4.6978390">
    <ele>356.0</ele>
   </trkpt>
   <trkpt lat="45.6818680" lon="4.6978610">
    <ele>355.0</ele>
   </trkpt>
   <trkpt lat="45.6819050" lon="4.6978860">
    <ele>355.0</ele>
   </trkpt>
   <trkpt lat="45.6819420" lon="4.6979120">
    <ele>354.0</ele>
   </trkpt>
   <trkpt lat="45.6819790" lon="4.6979430">
    <ele>354.0</ele>
   </trkpt>
   <trkpt lat="45.6820160" lon="4.6979740">
    <ele>354.0</ele>
   </trkpt>
   <trkpt lat="45.6820510" lon="4.6980040">
    <ele>354.0</ele>
   </trkpt>
   <trkpt lat="45.6820870" lon="4.6980350">
    <ele>354.0</ele>
   </trkpt>
   <trkpt lat="45.6821230" lon="4.6980630">
    <ele>354.0</ele>
   </trkpt>
   <trkpt lat="45.6821590" lon="4.6980920">
    <ele>354.0</ele>
   </trkpt>
   <trkpt lat="45.6821940" lon="4.6981200">
    <ele>354.0</ele>
   </trkpt>
   <trkpt lat="45.6822290" lon="4.6981480">
    <ele>353.0</ele>
   </trkpt>
   <trkpt lat="45.6822640" lon="4.6981760">
    <ele>353.0</ele>
   </trkpt>
   <trkpt lat="45.6823000" lon="4.6982050">
    <ele>353.0</ele>
   </trkpt>
   <trkpt lat="45.6823350" lon="4.6982320">
    <ele>353.0</ele>
   </trkpt>
   <trkpt lat="45.6823710" lon="4.6982600">
    <ele>353.0</ele>
   </trkpt>
   <trkpt lat="45.6824060" lon="4.6982860">
    <ele>352.0</ele>
   </trkpt>
   <trkpt lat="45.6824420" lon="4.6983120">
    <ele>352.0</ele>
   </trkpt>
   <trkpt lat="45.6824780" lon="4.6983430">
    <ele>352.0</ele>
   </trkpt>
   <trkpt lat="45.6825130" lon="4.6983740">
    <ele>352.0</ele>
   </trkpt>
   <trkpt lat="45.6825470" lon="4.6984120">
    <ele>352.0</ele>
   </trkpt>
   <trkpt lat="45.6825800" lon="4.6984490">
    <ele>351.0</ele>
   </trkpt>
   <trkpt lat="45.6826120" lon="4.6984900">
    <ele>351.0</ele>
   </trkpt>
   <trkpt lat="45.6826440" lon="4.6985320">
    <ele>350.0</ele>
   </trkpt>
   <trkpt lat="45.6826750" lon="4.6985720">
    <ele>350.0</ele>
   </trkpt>
   <trkpt lat="45.6827050" lon="4.6986120">
    <ele>350.0</ele>
   </trkpt>
   <trkpt lat="45.6827340" lon="4.6986510">
    <ele>350.0</ele>
   </trkpt>
   <trkpt lat="45.6827630" lon="4.6986890">
    <ele>350.0</ele>
   </trkpt>
   <trkpt lat="45.6827920" lon="4.6987270">
    <ele>350.0</ele>
   </trkpt>
   <trkpt lat="45.6828210" lon="4.6987640">
    <ele>350.0</ele>
   </trkpt>
   <trkpt lat="45.6828500" lon="4.6988030">
    <ele>350.0</ele>
   </trkpt>
   <trkpt lat="45.6828790" lon="4.6988410">
    <ele>349.0</ele>
   </trkpt>
   <trkpt lat="45.6829080" lon="4.6988820">
    <ele>349.0</ele>
   </trkpt>
   <trkpt lat="45.6829360" lon="4.6989230">
    <ele>349.0</ele>
   </trkpt>
   <trkpt lat="45.6829640" lon="4.6989640">
    <ele>349.0</ele>
   </trkpt>
   <trkpt lat="45.6829920" lon="4.6990060">
    <ele>349.0</ele>
   </trkpt>
   <trkpt lat="45.6830220" lon="4.6990450">
    <ele>349.0</ele>
   </trkpt>
   <trkpt lat="45.6830510" lon="4.6990850">
    <ele>349.0</ele>
   </trkpt>
   <trkpt lat="45.6830820" lon="4.6991230">
    <ele>349.0</ele>
   </trkpt>
   <trkpt lat="45.6831130" lon="4.6991620">
    <ele>349.0</ele>
   </trkpt>
   <trkpt lat="45.6831430" lon="4.6991980">
    <ele>349.0</ele>
   </trkpt>
   <trkpt lat="45.6831730" lon="4.6992350">
    <ele>349.0</ele>
   </trkpt>
   <trkpt lat="45.6832000" lon="4.6992730">
    <ele>349.0</ele>
   </trkpt>
   <trkpt lat="45.6832270" lon="4.6993110">
    <ele>349.0</ele>
   </trkpt>
   <trkpt lat="45.6832540" lon="4.6993500">
    <ele>349.0</ele>
   </trkpt>
   <trkpt lat="45.6832810" lon="4.6993880">
    <ele>349.0</ele>
   </trkpt>
   <trkpt lat="45.6833080" lon="4.6994260">
    <ele>348.0</ele>
   </trkpt>
   <trkpt lat="45.6833360" lon="4.6994630">
    <ele>348.0</ele>
   </trkpt>
   <trkpt lat="45.6833640" lon="4.6995010">
    <ele>348.0</ele>
   </trkpt>
   <trkpt lat="45.6833920" lon="4.6995390">
    <ele>348.0</ele>
   </trkpt>
   <trkpt lat="45.6834170" lon="4.6995850">
    <ele>348.0</ele>
   </trkpt>
   <trkpt lat="45.6834420" lon="4.6996310">
    <ele>348.0</ele>
   </trkpt>
   <trkpt lat="45.6834640" lon="4.6996840">
    <ele>348.0</ele>
   </trkpt>
   <trkpt lat="45.6834870" lon="4.6997360">
    <ele>348.0</ele>
   </trkpt>
   <trkpt lat="45.6835030" lon="4.6997940">
    <ele>348.0</ele>
   </trkpt>
   <trkpt lat="45.6835190" lon="4.6998520">
    <ele>348.0</ele>
   </trkpt>
   <trkpt lat="45.6835240" lon="4.6999140">
    <ele>348.0</ele>
   </trkpt>
   <trkpt lat="45.6835290" lon="4.6999760">
    <ele>348.0</ele>
   </trkpt>
   <trkpt lat="45.6835230" lon="4.7000370">
    <ele>348.0</ele>
   </trkpt>
   <trkpt lat="45.6835160" lon="4.7000980">
    <ele>348.0</ele>
   </trkpt>
   <trkpt lat="45.6835010" lon="4.7001550">
    <ele>348.0</ele>
   </trkpt>
   <trkpt lat="45.6834870" lon="4.7002130">
    <ele>348.0</ele>
   </trkpt>
   <trkpt lat="45.6834690" lon="4.7002680">
    <ele>348.0</ele>
   </trkpt>
   <trkpt lat="45.6834510" lon="4.7003230">
    <ele>348.0</ele>
   </trkpt>
   <trkpt lat="45.6834310" lon="4.7003750">
    <ele>348.0</ele>
   </trkpt>
   <trkpt lat="45.6834120" lon="4.7004280">
    <ele>348.0</ele>
   </trkpt>
   <trkpt lat="45.6833920" lon="4.7004790">
    <ele>348.0</ele>
   </trkpt>
   <trkpt lat="45.6833730" lon="4.7005310">
    <ele>348.0</ele>
   </trkpt>
   <trkpt lat="45.6833520" lon="4.7005820">
    <ele>348.0</ele>
   </trkpt>
   <trkpt lat="45.6833320" lon="4.7006340">
    <ele>348.0</ele>
   </trkpt>
   <trkpt lat="45.6833140" lon="4.7006840">
    <ele>348.0</ele>
   </trkpt>
   <trkpt lat="45.6832950" lon="4.7007350">
    <ele>347.0</ele>
   </trkpt>
   <trkpt lat="45.6832780" lon="4.7007850">
    <ele>347.0</ele>
   </trkpt>
   <trkpt lat="45.6832600" lon="4.7008350">
    <ele>347.0</ele>
   </trkpt>
   <trkpt lat="45.6832410" lon="4.7008820">
    <ele>347.0</ele>
   </trkpt>
   <trkpt lat="45.6832220" lon="4.7009290">
    <ele>347.0</ele>
   </trkpt>
   <trkpt lat="45.6832010" lon="4.7009740">
    <ele>347.0</ele>
   </trkpt>
   <trkpt lat="45.6831800" lon="4.7010200">
    <ele>347.0</ele>
   </trkpt>
   <trkpt lat="45.6831560" lon="4.7010640">
    <ele>347.0</ele>
   </trkpt>
   <trkpt lat="45.6831310" lon="4.7011070">
    <ele>347.0</ele>
   </trkpt>
   <trkpt lat="45.6831050" lon="4.7011510">
    <ele>347.0</ele>
   </trkpt>
   <trkpt lat="45.6830790" lon="4.7011950">
    <ele>347.0</ele>
   </trkpt>
   <trkpt lat="45.6830550" lon="4.7012410">
    <ele>347.0</ele>
   </trkpt>
   <trkpt lat="45.6830300" lon="4.7012860">
    <ele>347.0</ele>
   </trkpt>
   <trkpt lat="45.6830080" lon="4.7013350">
    <ele>347.0</ele>
   </trkpt>
   <trkpt lat="45.6829870" lon="4.7013830">
    <ele>347.0</ele>
   </trkpt>
   <trkpt lat="45.6829680" lon="4.7014320">
    <ele>347.0</ele>
   </trkpt>
   <trkpt lat="45.6829490" lon="4.7014800">
    <ele>347.0</ele>
   </trkpt>
   <trkpt lat="45.6829330" lon="4.7015290">
    <ele>347.0</ele>
   </trkpt>
   <trkpt lat="45.6829160" lon="4.7015790">
    <ele>347.0</ele>
   </trkpt>
   <trkpt lat="45.6829010" lon="4.7016290">
    <ele>347.0</ele>
   </trkpt>
   <trkpt lat="45.6828850" lon="4.7016790">
    <ele>346.0</ele>
   </trkpt>
   <trkpt lat="45.6828720" lon="4.7017300">
    <ele>346.0</ele>
   </trkpt>
   <trkpt lat="45.6828600" lon="4.7017820">
    <ele>346.0</ele>
   </trkpt>
   <trkpt lat="45.6828530" lon="4.7018360">
    <ele>346.0</ele>
   </trkpt>
   <trkpt lat="45.6828460" lon="4.7018900">
    <ele>346.0</ele>
   </trkpt>
   <trkpt lat="45.6828440" lon="4.7019470">
    <ele>346.0</ele>
   </trkpt>
   <trkpt lat="45.6828430" lon="4.7020030">
    <ele>346.0</ele>
   </trkpt>
   <trkpt lat="45.6828420" lon="4.7020620">
    <ele>346.0</ele>
   </trkpt>
   <trkpt lat="45.6828420" lon="4.7021220">
    <ele>346.0</ele>
   </trkpt>
   <trkpt lat="45.6828390" lon="4.7021810">
    <ele>346.0</ele>
   </trkpt>
   <trkpt lat="45.6828370" lon="4.7022400">
    <ele>346.0</ele>
   </trkpt>
   <trkpt lat="45.6828300" lon="4.7022980">
    <ele>346.0</ele>
   </trkpt>
   <trkpt lat="45.6828240" lon="4.7023570">
    <ele>346.0</ele>
   </trkpt>
   <trkpt lat="45.6828130" lon="4.7024150">
    <ele>346.0</ele>
   </trkpt>
   <trkpt lat="45.6828030" lon="4.7024720">
    <ele>346.0</ele>
   </trkpt>
   <trkpt lat="45.6827900" lon="4.7025280">
    <ele>345.0</ele>
   </trkpt>
   <trkpt lat="45.6827770" lon="4.7025840">
    <ele>345.0</ele>
   </trkpt>
   <trkpt lat="45.6827600" lon="4.7026370">
    <ele>345.0</ele>
   </trkpt>
   <trkpt lat="45.6827440" lon="4.7026900">
    <ele>345.0</ele>
   </trkpt>
   <trkpt lat="45.6827240" lon="4.7027400">
    <ele>345.0</ele>
   </trkpt>
   <trkpt lat="45.6827050" lon="4.7027910">
    <ele>344.0</ele>
   </trkpt>
   <trkpt lat="45.6826820" lon="4.7028400">
    <ele>344.0</ele>
   </trkpt>
   <trkpt lat="45.6826590" lon="4.7028890">
    <ele>344.0</ele>
   </trkpt>
   <trkpt lat="45.6826330" lon="4.7029360">
    <ele>344.0</ele>
   </trkpt>
   <trkpt lat="45.6826070" lon="4.7029820">
    <ele>344.0</ele>
   </trkpt>
   <trkpt lat="45.6825760" lon="4.7030230">
    <ele>343.0</ele>
   </trkpt>
   <trkpt lat="45.6825450" lon="4.7030640">
    <ele>343.0</ele>
   </trkpt>
   <trkpt lat="45.6825110" lon="4.7031020">
    <ele>343.0</ele>
   </trkpt>
   <trkpt lat="45.6824770" lon="4.7031390">
    <ele>343.0</ele>
   </trkpt>
   <trkpt lat="45.6824460" lon="4.7031780">
    <ele>343.0</ele>
   </trkpt>
   <trkpt lat="45.6824140" lon="4.7032160">
    <ele>342.0</ele>
   </trkpt>
   <trkpt lat="45.6823890" lon="4.7032610">
    <ele>342.0</ele>
   </trkpt>
   <trkpt lat="45.6823650" lon="4.7033050">
    <ele>341.0</ele>
   </trkpt>
   <trkpt lat="45.6823550" lon="4.7033540">
    <ele>341.0</ele>
   </trkpt>
   <trkpt lat="45.6823460" lon="4.7034020">
    <ele>341.0</ele>
   </trkpt>
   <trkpt lat="45.6823600" lon="4.7034460">
    <ele>340.0</ele>
   </trkpt>
   <trkpt lat="45.6823730" lon="4.7034890">
    <ele>340.0</ele>
   </trkpt>
   <trkpt lat="45.6824020" lon="4.7035280">
    <ele>340.0</ele>
   </trkpt>
   <trkpt lat="45.6824310" lon="4.7035660">
    <ele>340.0</ele>
   </trkpt>
   <trkpt lat="45.6824630" lon="4.7036000">
    <ele>340.0</ele>
   </trkpt>
   <trkpt lat="45.6824960" lon="4.7036350">
    <ele>340.0</ele>
   </trkpt>
   <trkpt lat="45.6825270" lon="4.7036690">
    <ele>340.0</ele>
   </trkpt>
   <trkpt lat="45.6825590" lon="4.7037030">
    <ele>340.0</ele>
   </trkpt>
   <trkpt lat="45.6825890" lon="4.7037380">
    <ele>340.0</ele>
   </trkpt>
   <trkpt lat="45.6826190" lon="4.7037730">
    <ele>340.0</ele>
   </trkpt>
   <trkpt lat="45.6826500" lon="4.7038050">
    <ele>340.0</ele>
   </trkpt>
   <trkpt lat="45.6826810" lon="4.7038380">
    <ele>340.0</ele>
   </trkpt>
   <trkpt lat="45.6827110" lon="4.7038700">
    <ele>340.0</ele>
   </trkpt>
   <trkpt lat="45.6827420" lon="4.7039020">
    <ele>340.0</ele>
   </trkpt>
   <trkpt lat="45.6827720" lon="4.7039320">
    <ele>340.0</ele>
   </trkpt>
   <trkpt lat="45.6828010" lon="4.7039630">
    <ele>340.0</ele>
   </trkpt>
   <trkpt lat="45.6828300" lon="4.7039940">
    <ele>340.0</ele>
   </trkpt>
   <trkpt lat="45.6828580" lon="4.7040250">
    <ele>340.0</ele>
   </trkpt>
   <trkpt lat="45.6828850" lon="4.7040590">
    <ele>340.0</ele>
   </trkpt>
   <trkpt lat="45.6829130" lon="4.7040920">
    <ele>340.0</ele>
   </trkpt>
   <trkpt lat="45.6829390" lon="4.7041260">
    <ele>340.0</ele>
   </trkpt>
   <trkpt lat="45.6829650" lon="4.7041600">
    <ele>340.0</ele>
   </trkpt>
   <trkpt lat="45.6829890" lon="4.7041950">
    <ele>340.0</ele>
   </trkpt>
   <trkpt lat="45.6830140" lon="4.7042300">
    <ele>340.0</ele>
   </trkpt>
   <trkpt lat="45.6830370" lon="4.7042640">
    <ele>340.0</ele>
   </trkpt>
   <trkpt lat="45.6830610" lon="4.7042990">
    <ele>340.0</ele>
   </trkpt>
   <trkpt lat="45.6830830" lon="4.7043330">
    <ele>340.0</ele>
   </trkpt>
   <trkpt lat="45.6831060" lon="4.7043680">
    <ele>340.0</ele>
   </trkpt>
   <trkpt lat="45.6831280" lon="4.7044020">
    <ele>340.0</ele>
   </trkpt>
   <trkpt lat="45.6831510" lon="4.7044360">
    <ele>341.0</ele>
   </trkpt>
   <trkpt lat="45.6831750" lon="4.7044720">
    <ele>341.0</ele>
   </trkpt>
   <trkpt lat="45.6831990" lon="4.7045080">
    <ele>341.0</ele>
   </trkpt>
   <trkpt lat="45.6832230" lon="4.7045470">
    <ele>341.0</ele>
   </trkpt>
   <trkpt lat="45.6832480" lon="4.7045860">
    <ele>341.0</ele>
   </trkpt>
   <trkpt lat="45.6832700" lon="4.7046290">
    <ele>342.0</ele>
   </trkpt>
   <trkpt lat="45.6832930" lon="4.7046710">
    <ele>342.0</ele>
   </trkpt>
   <trkpt lat="45.6833140" lon="4.7047140">
    <ele>342.0</ele>
   </trkpt>
   <trkpt lat="45.6833350" lon="4.7047560">
    <ele>342.0</ele>
   </trkpt>
   <trkpt lat="45.6833560" lon="4.7047990">
    <ele>342.0</ele>
   </trkpt>
   <trkpt lat="45.6833770" lon="4.7048430">
    <ele>343.0</ele>
   </trkpt>
   <trkpt lat="45.6834010" lon="4.7048860">
    <ele>343.0</ele>
   </trkpt>
   <trkpt lat="45.6834240" lon="4.7049290">
    <ele>343.0</ele>
   </trkpt>
   <trkpt lat="45.6834500" lon="4.7049700">
    <ele>343.0</ele>
   </trkpt>
   <trkpt lat="45.6834750" lon="4.7050110">
    <ele>343.0</ele>
   </trkpt>
   <trkpt lat="45.6835020" lon="4.7050490">
    <ele>343.0</ele>
   </trkpt>
   <trkpt lat="45.6835280" lon="4.7050870">
    <ele>343.0</ele>
   </trkpt>
   <trkpt lat="45.6835570" lon="4.7051230">
    <ele>343.0</ele>
   </trkpt>
   <trkpt lat="45.6835860" lon="4.7051590">
    <ele>343.0</ele>
   </trkpt>
   <trkpt lat="45.6836160" lon="4.7051930">
    <ele>343.0</ele>
   </trkpt>
   <trkpt lat="45.6836470" lon="4.7052280">
    <ele>343.0</ele>
   </trkpt>
   <trkpt lat="45.6836780" lon="4.7052610">
    <ele>343.0</ele>
   </trkpt>
   <trkpt lat="45.6837090" lon="4.7052940">
    <ele>343.0</ele>
   </trkpt>
   <trkpt lat="45.6837400" lon="4.7053280">
    <ele>343.0</ele>
   </trkpt>
   <trkpt lat="45.6837720" lon="4.7053620">
    <ele>343.0</ele>
   </trkpt>
   <trkpt lat="45.6838030" lon="4.7053960">
    <ele>343.0</ele>
   </trkpt>
   <trkpt lat="45.6838340" lon="4.7054300">
    <ele>343.0</ele>
   </trkpt>
   <trkpt lat="45.6838650" lon="4.7054660">
    <ele>343.0</ele>
   </trkpt>
   <trkpt lat="45.6838970" lon="4.7055020">
    <ele>343.0</ele>
   </trkpt>
   <trkpt lat="45.6839280" lon="4.7055410">
    <ele>343.0</ele>
   </trkpt>
   <trkpt lat="45.6839600" lon="4.7055800">
    <ele>343.0</ele>
   </trkpt>
   <trkpt lat="45.6839910" lon="4.7056230">
    <ele>342.0</ele>
   </trkpt>
   <trkpt lat="45.6840220" lon="4.7056660">
    <ele>342.0</ele>
   </trkpt>
   <trkpt lat="45.6840540" lon="4.7057090">
    <ele>342.0</ele>
   </trkpt>
   <trkpt lat="45.6840850" lon="4.7057520">
    <ele>342.0</ele>
   </trkpt>
   <trkpt lat="45.6841140" lon="4.7057930">
    <ele>342.0</ele>
   </trkpt>
   <trkpt lat="45.6841430" lon="4.7058340">
    <ele>342.0</ele>
   </trkpt>
   <trkpt lat="45.6841700" lon="4.7058740">
    <ele>342.0</ele>
   </trkpt>
   <trkpt lat="45.6841970" lon="4.7059140">
    <ele>342.0</ele>
   </trkpt>
   <trkpt lat="45.6842240" lon="4.7059550">
    <ele>342.0</ele>
   </trkpt>
   <trkpt lat="45.6842510" lon="4.7059950">
    <ele>342.0</ele>
   </trkpt>
   <trkpt lat="45.6842780" lon="4.7060370">
    <ele>341.0</ele>
   </trkpt>
   <trkpt lat="45.6843040" lon="4.7060790">
    <ele>341.0</ele>
   </trkpt>
   <trkpt lat="45.6843290" lon="4.7061220">
    <ele>341.0</ele>
   </trkpt>
   <trkpt lat="45.6843540" lon="4.7061650">
    <ele>341.0</ele>
   </trkpt>
   <trkpt lat="45.6843790" lon="4.7062080">
    <ele>341.0</ele>
   </trkpt>
   <trkpt lat="45.6844040" lon="4.7062500">
    <ele>340.0</ele>
   </trkpt>
   <trkpt lat="45.6844320" lon="4.7062890">
    <ele>340.0</ele>
   </trkpt>
   <trkpt lat="45.6844600" lon="4.7063280">
    <ele>340.0</ele>
   </trkpt>
   <trkpt lat="45.6844930" lon="4.7063600">
    <ele>340.0</ele>
   </trkpt>
   <trkpt lat="45.6845260" lon="4.7063930">
    <ele>340.0</ele>
   </trkpt>
   <trkpt lat="45.6845600" lon="4.7064280">
    <ele>340.0</ele>
   </trkpt>
   <trkpt lat="45.6845930" lon="4.7064630">
    <ele>340.0</ele>
   </trkpt>
   <trkpt lat="45.6846230" lon="4.7065050">
    <ele>340.0</ele>
   </trkpt>
   <trkpt lat="45.6846530" lon="4.7065470">
    <ele>340.0</ele>
   </trkpt>
   <trkpt lat="45.6846790" lon="4.7065940">
    <ele>340.0</ele>
   </trkpt>
   <trkpt lat="45.6847040" lon="4.7066410">
    <ele>340.0</ele>
   </trkpt>
   <trkpt lat="45.6847280" lon="4.7066910">
    <ele>340.0</ele>
   </trkpt>
   <trkpt lat="45.6847520" lon="4.7067400">
    <ele>340.0</ele>
   </trkpt>
   <trkpt lat="45.6847780" lon="4.7067870">
    <ele>340.0</ele>
   </trkpt>
   <trkpt lat="45.6848040" lon="4.7068340">
    <ele>340.0</ele>
   </trkpt>
   <trkpt lat="45.6848310" lon="4.7068770">
    <ele>339.0</ele>
   </trkpt>
   <trkpt lat="45.6848590" lon="4.7069200">
    <ele>339.0</ele>
   </trkpt>
   <trkpt lat="45.6848880" lon="4.7069600">
    <ele>338.0</ele>
   </trkpt>
   <trkpt lat="45.6849170" lon="4.7070000">
    <ele>338.0</ele>
   </trkpt>
   <trkpt lat="45.6849480" lon="4.7070390">
    <ele>338.0</ele>
   </trkpt>
   <trkpt lat="45.6849790" lon="4.7070780">
    <ele>337.0</ele>
   </trkpt>
   <trkpt lat="45.6850100" lon="4.7071180">
    <ele>337.0</ele>
   </trkpt>
   <trkpt lat="45.6850420" lon="4.7071570">
    <ele>337.0</ele>
   </trkpt>
   <trkpt lat="45.6850730" lon="4.7072000">
    <ele>337.0</ele>
   </trkpt>
   <trkpt lat="45.6851050" lon="4.7072420">
    <ele>337.0</ele>
   </trkpt>
   <trkpt lat="45.6851360" lon="4.7072860">
    <ele>336.0</ele>
   </trkpt>
   <trkpt lat="45.6851680" lon="4.7073290">
    <ele>336.0</ele>
   </trkpt>
   <trkpt lat="45.6851990" lon="4.7073710">
    <ele>335.0</ele>
   </trkpt>
   <trkpt lat="45.6852310" lon="4.7074140">
    <ele>335.0</ele>
   </trkpt>
   <trkpt lat="45.6852630" lon="4.7074560">
    <ele>335.0</ele>
   </trkpt>
   <trkpt lat="45.6852950" lon="4.7074990">
    <ele>334.0</ele>
   </trkpt>
   <trkpt lat="45.6853260" lon="4.7075410">
    <ele>334.0</ele>
   </trkpt>
   <trkpt lat="45.6853570" lon="4.7075830">
    <ele>333.0</ele>
   </trkpt>
   <trkpt lat="45.6853880" lon="4.7076260">
    <ele>333.0</ele>
   </trkpt>
   <trkpt lat="45.6854180" lon="4.7076680">
    <ele>333.0</ele>
   </trkpt>
   <trkpt lat="45.6854470" lon="4.7077110">
    <ele>332.0</ele>
   </trkpt>
   <trkpt lat="45.6854770" lon="4.7077540">
    <ele>332.0</ele>
   </trkpt>
   <trkpt lat="45.6855070" lon="4.7077980">
    <ele>332.0</ele>
   </trkpt>
   <trkpt lat="45.6855360" lon="4.7078420">
    <ele>332.0</ele>
   </trkpt>
   <trkpt lat="45.6855650" lon="4.7078840">
    <ele>332.0</ele>
   </trkpt>
   <trkpt lat="45.6855950" lon="4.7079270">
    <ele>331.0</ele>
   </trkpt>
   <trkpt lat="45.6856250" lon="4.7079690">
    <ele>331.0</ele>
   </trkpt>
   <trkpt lat="45.6856550" lon="4.7080110">
    <ele>330.0</ele>
   </trkpt>
   <trkpt lat="45.6856870" lon="4.7080520">
    <ele>330.0</ele>
   </trkpt>
   <trkpt lat="45.6857200" lon="4.7080940">
    <ele>330.0</ele>
   </trkpt>
   <trkpt lat="45.6857540" lon="4.7081340">
    <ele>329.0</ele>
   </trkpt>
   <trkpt lat="45.6857880" lon="4.7081740">
    <ele>329.0</ele>
   </trkpt>
   <trkpt lat="45.6858220" lon="4.7082130">
    <ele>328.0</ele>
   </trkpt>
   <trkpt lat="45.6858560" lon="4.7082520">
    <ele>328.0</ele>
   </trkpt>
   <trkpt lat="45.6858900" lon="4.7082890">
    <ele>328.0</ele>
   </trkpt>
   <trkpt lat="45.6859250" lon="4.7083250">
    <ele>327.0</ele>
   </trkpt>
   <trkpt lat="45.6859590" lon="4.7083600">
    <ele>327.0</ele>
   </trkpt>
   <trkpt lat="45.6859930" lon="4.7083950">
    <ele>326.0</ele>
   </trkpt>
   <trkpt lat="45.6860280" lon="4.7084290">
    <ele>326.0</ele>
   </trkpt>
   <trkpt lat="45.6860640" lon="4.7084620">
    <ele>326.0</ele>
   </trkpt>
   <trkpt lat="45.6860990" lon="4.7084950">
    <ele>325.0</ele>
   </trkpt>
   <trkpt lat="45.6861350" lon="4.7085270">
    <ele>325.0</ele>
   </trkpt>
   <trkpt lat="45.6861700" lon="4.7085620">
    <ele>325.0</ele>
   </trkpt>
   <trkpt lat="45.6862040" lon="4.7085970">
    <ele>325.0</ele>
   </trkpt>
   <trkpt lat="45.6862380" lon="4.7086320">
    <ele>325.0</ele>
   </trkpt>
   <trkpt lat="45.6862710" lon="4.7086680">
    <ele>324.0</ele>
   </trkpt>
   <trkpt lat="45.6863050" lon="4.7087030">
    <ele>324.0</ele>
   </trkpt>
   <trkpt lat="45.6863380" lon="4.7087380">
    <ele>324.0</ele>
   </trkpt>
   <trkpt lat="45.6863720" lon="4.7087730">
    <ele>324.0</ele>
   </trkpt>
   <trkpt lat="45.6864060" lon="4.7088080">
    <ele>324.0</ele>
   </trkpt>
   <trkpt lat="45.6864400" lon="4.7088410">
    <ele>324.0</ele>
   </trkpt>
   <trkpt lat="45.6864750" lon="4.7088750">
    <ele>324.0</ele>
   </trkpt>
   <trkpt lat="45.6865100" lon="4.7089080">
    <ele>324.0</ele>
   </trkpt>
   <trkpt lat="45.6865460" lon="4.7089410">
    <ele>324.0</ele>
   </trkpt>
   <trkpt lat="45.6865810" lon="4.7089720">
    <ele>324.0</ele>
   </trkpt>
   <trkpt lat="45.6866170" lon="4.7090030">
    <ele>323.0</ele>
   </trkpt>
   <trkpt lat="45.6866530" lon="4.7090330">
    <ele>323.0</ele>
   </trkpt>
   <trkpt lat="45.6866890" lon="4.7090630">
    <ele>323.0</ele>
   </trkpt>
   <trkpt lat="45.6867250" lon="4.7090920">
    <ele>323.0</ele>
   </trkpt>
   <trkpt lat="45.6867600" lon="4.7091210">
    <ele>323.0</ele>
   </trkpt>
   <trkpt lat="45.6867960" lon="4.7091500">
    <ele>323.0</ele>
   </trkpt>
   <trkpt lat="45.6868310" lon="4.7091780">
    <ele>323.0</ele>
   </trkpt>
   <trkpt lat="45.6868670" lon="4.7092070">
    <ele>323.0</ele>
   </trkpt>
   <trkpt lat="45.6869020" lon="4.7092360">
    <ele>323.0</ele>
   </trkpt>
   <trkpt lat="45.6869370" lon="4.7092650">
    <ele>323.0</ele>
   </trkpt>
   <trkpt lat="45.6869720" lon="4.7092940">
    <ele>323.0</ele>
   </trkpt>
   <trkpt lat="45.6870060" lon="4.7093210">
    <ele>323.0</ele>
   </trkpt>
   <trkpt lat="45.6870410" lon="4.7093490">
    <ele>323.0</ele>
   </trkpt>
   <trkpt lat="45.6870750" lon="4.7093700">
    <ele>323.0</ele>
   </trkpt>
   <trkpt lat="45.6871100" lon="4.7093920">
    <ele>323.0</ele>
   </trkpt>
   <trkpt lat="45.6871490" lon="4.7093950">
    <ele>323.0</ele>
   </trkpt>
   <trkpt lat="45.6871880" lon="4.7093990">
    <ele>323.0</ele>
   </trkpt>
   <trkpt lat="45.6872270" lon="4.7093800">
    <ele>323.0</ele>
   </trkpt>
   <trkpt lat="45.6872660" lon="4.7093610">
    <ele>323.0</ele>
   </trkpt>
   <trkpt lat="45.6872990" lon="4.7093250">
    <ele>323.0</ele>
   </trkpt>
   <trkpt lat="45.6873330" lon="4.7092890">
    <ele>322.0</ele>
   </trkpt>
   <trkpt lat="45.6873620" lon="4.7092470">
    <ele>322.0</ele>
   </trkpt>
   <trkpt lat="45.6873920" lon="4.7092050">
    <ele>322.0</ele>
   </trkpt>
   <trkpt lat="45.6874210" lon="4.7091640">
    <ele>322.0</ele>
   </trkpt>
   <trkpt lat="45.6874500" lon="4.7091220">
    <ele>322.0</ele>
   </trkpt>
   <trkpt lat="45.6874780" lon="4.7090800">
    <ele>321.0</ele>
   </trkpt>
   <trkpt lat="45.6875070" lon="4.7090370">
    <ele>321.0</ele>
   </trkpt>
   <trkpt lat="45.6875360" lon="4.7089950">
    <ele>321.0</ele>
   </trkpt>
   <trkpt lat="45.6875660" lon="4.7089530">
    <ele>321.0</ele>
   </trkpt>
   <trkpt lat="45.6875970" lon="4.7089140">
    <ele>321.0</ele>
   </trkpt>
   <trkpt lat="45.6876280" lon="4.7088750">
    <ele>320.0</ele>
   </trkpt>
   <trkpt lat="45.6876580" lon="4.7088350">
    <ele>320.0</ele>
   </trkpt>
   <trkpt lat="45.6876890" lon="4.7087950">
    <ele>320.0</ele>
   </trkpt>
   <trkpt lat="45.6877170" lon="4.7087550">
    <ele>320.0</ele>
   </trkpt>
   <trkpt lat="45.6877460" lon="4.7087150">
    <ele>320.0</ele>
   </trkpt>
   <trkpt lat="45.6877710" lon="4.7086710">
    <ele>319.0</ele>
   </trkpt>
   <trkpt lat="45.6877960" lon="4.7086270">
    <ele>319.0</ele>
   </trkpt>
   <trkpt lat="45.6878200" lon="4.7085800">
    <ele>319.0</ele>
   </trkpt>
   <trkpt lat="45.6878450" lon="4.7085340">
    <ele>319.0</ele>
   </trkpt>
   <trkpt lat="45.6878660" lon="4.7084830">
    <ele>319.0</ele>
   </trkpt>
   <trkpt lat="45.6878870" lon="4.7084330">
    <ele>318.0</ele>
   </trkpt>
   <trkpt lat="45.6879050" lon="4.7083800">
    <ele>318.0</ele>
   </trkpt>
   <trkpt lat="45.6879220" lon="4.7083280">
    <ele>318.0</ele>
   </trkpt>
   <trkpt lat="45.6879400" lon="4.7082740">
    <ele>318.0</ele>
   </trkpt>
   <trkpt lat="45.6879580" lon="4.7082200">
    <ele>318.0</ele>
   </trkpt>
   <trkpt lat="45.6879780" lon="4.7081660">
    <ele>317.0</ele>
   </trkpt>
   <trkpt lat="45.6879970" lon="4.7081130">
    <ele>317.0</ele>
   </trkpt>
   <trkpt lat="45.6880180" lon="4.7080610">
    <ele>317.0</ele>
   </trkpt>
   <trkpt lat="45.6880390" lon="4.7080100">
    <ele>317.0</ele>
   </trkpt>
   <trkpt lat="45.6880610" lon="4.7079590">
    <ele>317.0</ele>
   </trkpt>
   <trkpt lat="45.6880820" lon="4.7079080">
    <ele>316.0</ele>
   </trkpt>
   <trkpt lat="45.6881010" lon="4.7078520">
    <ele>316.0</ele>
   </trkpt>
   <trkpt lat="45.6881210" lon="4.7077970">
    <ele>316.0</ele>
   </trkpt>
   <trkpt lat="45.6881360" lon="4.7077400">
    <ele>316.0</ele>
   </trkpt>
   <trkpt lat="45.6881510" lon="4.7076840">
    <ele>316.0</ele>
   </trkpt>
   <trkpt lat="45.6881620" lon="4.7076260">
    <ele>315.0</ele>
   </trkpt>
   <trkpt lat="45.6881740" lon="4.7075690">
    <ele>315.0</ele>
   </trkpt>
   <trkpt lat="45.6881890" lon="4.7075120">
    <ele>315.0</ele>
   </trkpt>
   <trkpt lat="45.6882030" lon="4.7074560">
    <ele>315.0</ele>
   </trkpt>
   <trkpt lat="45.6882240" lon="4.7074060">
    <ele>315.0</ele>
   </trkpt>
   <trkpt lat="45.6882440" lon="4.7073570">
    <ele>314.0</ele>
   </trkpt>
   <trkpt lat="45.6882660" lon="4.7073080">
    <ele>314.0</ele>
   </trkpt>
   <trkpt lat="45.6882880" lon="4.7072590">
    <ele>313.0</ele>
   </trkpt>
   <trkpt lat="45.6883070" lon="4.7072070">
    <ele>313.0</ele>
   </trkpt>
   <trkpt lat="45.6883270" lon="4.7071540">
    <ele>313.0</ele>
   </trkpt>
   <trkpt lat="45.6883440" lon="4.7071000">
    <ele>312.0</ele>
   </trkpt>
   <trkpt lat="45.6883610" lon="4.7070460">
    <ele>312.0</ele>
   </trkpt>
   <trkpt lat="45.6883760" lon="4.7069930">
    <ele>312.0</ele>
   </trkpt>
   <trkpt lat="45.6883910" lon="4.7069400">
    <ele>312.0</ele>
   </trkpt>
   <trkpt lat="45.6884060" lon="4.7068860">
    <ele>312.0</ele>
   </trkpt>
   <trkpt lat="45.6884210" lon="4.7068320">
    <ele>311.0</ele>
   </trkpt>
   <trkpt lat="45.6884360" lon="4.7067770">
    <ele>311.0</ele>
   </trkpt>
   <trkpt lat="45.6884520" lon="4.7067220">
    <ele>311.0</ele>
   </trkpt>
   <trkpt lat="45.6884700" lon="4.7066670">
    <ele>311.0</ele>
   </trkpt>
   <trkpt lat="45.6884870" lon="4.7066120">
    <ele>311.0</ele>
   </trkpt>
   <trkpt lat="45.6885060" lon="4.7065600">
    <ele>311.0</ele>
   </trkpt>
   <trkpt lat="45.6885250" lon="4.7065070">
    <ele>311.0</ele>
   </trkpt>
   <trkpt lat="45.6885460" lon="4.7064570">
    <ele>311.0</ele>
   </trkpt>
   <trkpt lat="45.6885680" lon="4.7064070">
    <ele>311.0</ele>
   </trkpt>
   <trkpt lat="45.6885920" lon="4.7063600">
    <ele>311.0</ele>
   </trkpt>
   <trkpt lat="45.6886160" lon="4.7063130">
    <ele>310.0</ele>
   </trkpt>
   <trkpt lat="45.6886420" lon="4.7062670">
    <ele>310.0</ele>
   </trkpt>
   <trkpt lat="45.6886680" lon="4.7062220">
    <ele>310.0</ele>
   </trkpt>
   <trkpt lat="45.6886950" lon="4.7061770">
    <ele>310.0</ele>
   </trkpt>
   <trkpt lat="45.6887230" lon="4.7061330">
    <ele>310.0</ele>
   </trkpt>
   <trkpt lat="45.6887500" lon="4.7060880">
    <ele>310.0</ele>
   </trkpt>
   <trkpt lat="45.6887770" lon="4.7060440">
    <ele>310.0</ele>
   </trkpt>
   <trkpt lat="45.6888050" lon="4.7060000">
    <ele>310.0</ele>
   </trkpt>
   <trkpt lat="45.6888320" lon="4.7059560">
    <ele>310.0</ele>
   </trkpt>
   <trkpt lat="45.6888600" lon="4.7059130">
    <ele>310.0</ele>
   </trkpt>
   <trkpt lat="45.6888890" lon="4.7058700">
    <ele>310.0</ele>
   </trkpt>
   <trkpt lat="45.6889190" lon="4.7058290">
    <ele>310.0</ele>
   </trkpt>
   <trkpt lat="45.6889490" lon="4.7057880">
    <ele>310.0</ele>
   </trkpt>
   <trkpt lat="45.6889810" lon="4.7057490">
    <ele>310.0</ele>
   </trkpt>
   <trkpt lat="45.6890130" lon="4.7057100">
    <ele>310.0</ele>
   </trkpt>
   <trkpt lat="45.6890460" lon="4.7056740">
    <ele>310.0</ele>
   </trkpt>
   <trkpt lat="45.6890790" lon="4.7056380">
    <ele>310.0</ele>
   </trkpt>
   <trkpt lat="45.6891120" lon="4.7056030">
    <ele>310.0</ele>
   </trkpt>
   <trkpt lat="45.6891460" lon="4.7055690">
    <ele>310.0</ele>
   </trkpt>
   <trkpt lat="45.6891790" lon="4.7055360">
    <ele>310.0</ele>
   </trkpt>
   <trkpt lat="45.6892130" lon="4.7055040">
    <ele>309.0</ele>
   </trkpt>
   <trkpt lat="45.6892480" lon="4.7054730">
    <ele>309.0</ele>
   </trkpt>
   <trkpt lat="45.6892820" lon="4.7054410">
    <ele>309.0</ele>
   </trkpt>
   <trkpt lat="45.6893170" lon="4.7054110">
    <ele>309.0</ele>
   </trkpt>
   <trkpt lat="45.6893520" lon="4.7053800">
    <ele>309.0</ele>
   </trkpt>
   <trkpt lat="45.6893870" lon="4.7053530">
    <ele>308.0</ele>
   </trkpt>
   <trkpt lat="45.6894230" lon="4.7053250">
    <ele>308.0</ele>
   </trkpt>
   <trkpt lat="45.6894590" lon="4.7053000">
    <ele>308.0</ele>
   </trkpt>
   <trkpt lat="45.6894950" lon="4.7052740">
    <ele>308.0</ele>
   </trkpt>
   <trkpt lat="45.6895320" lon="4.7052510">
    <ele>308.0</ele>
   </trkpt>
   <trkpt lat="45.6895700" lon="4.7052290">
    <ele>307.0</ele>
   </trkpt>
   <trkpt lat="45.6896080" lon="4.7052080">
    <ele>307.0</ele>
   </trkpt>
   <trkpt lat="45.6896460" lon="4.7051870">
    <ele>307.0</ele>
   </trkpt>
   <trkpt lat="45.6896840" lon="4.7051680">
    <ele>307.0</ele>
   </trkpt>
   <trkpt lat="45.6897220" lon="4.7051490">
    <ele>307.0</ele>
   </trkpt>
   <trkpt lat="45.6897590" lon="4.7051310">
    <ele>307.0</ele>
   </trkpt>
   <trkpt lat="45.6897960" lon="4.7051130">
    <ele>307.0</ele>
   </trkpt>
   <trkpt lat="45.6898340" lon="4.7050970">
    <ele>307.0</ele>
   </trkpt>
   <trkpt lat="45.6898720" lon="4.7050810">
    <ele>307.0</ele>
   </trkpt>
   <trkpt lat="45.6899110" lon="4.7050660">
    <ele>307.0</ele>
   </trkpt>
   <trkpt lat="45.6899500" lon="4.7050520">
    <ele>307.0</ele>
   </trkpt>
   <trkpt lat="45.6899900" lon="4.7050390">
    <ele>307.0</ele>
   </trkpt>
   <trkpt lat="45.6900310" lon="4.7050260">
    <ele>307.0</ele>
   </trkpt>
   <trkpt lat="45.6900700" lon="4.7050160">
    <ele>307.0</ele>
   </trkpt>
   <trkpt lat="45.6901090" lon="4.7050050">
    <ele>307.0</ele>
   </trkpt>
   <trkpt lat="45.6901480" lon="4.7049960">
    <ele>307.0</ele>
   </trkpt>
   <trkpt lat="45.6901860" lon="4.7049880">
    <ele>307.0</ele>
   </trkpt>
   <trkpt lat="45.6902260" lon="4.7049800">
    <ele>307.0</ele>
   </trkpt>
   <trkpt lat="45.6902660" lon="4.7049720">
    <ele>307.0</ele>
   </trkpt>
   <trkpt lat="45.6903060" lon="4.7049680">
    <ele>307.0</ele>
   </trkpt>
   <trkpt lat="45.6903470" lon="4.7049640">
    <ele>306.0</ele>
   </trkpt>
   <trkpt lat="45.6903880" lon="4.7049640">
    <ele>306.0</ele>
   </trkpt>
   <trkpt lat="45.6904290" lon="4.7049640">
    <ele>306.0</ele>
   </trkpt>
   <trkpt lat="45.6904700" lon="4.7049660">
    <ele>306.0</ele>
   </trkpt>
   <trkpt lat="45.6905110" lon="4.7049680">
    <ele>306.0</ele>
   </trkpt>
   <trkpt lat="45.6905520" lon="4.7049700">
    <ele>306.0</ele>
   </trkpt>
   <trkpt lat="45.6905920" lon="4.7049730">
    <ele>306.0</ele>
   </trkpt>
   <trkpt lat="45.6906320" lon="4.7049780">
    <ele>306.0</ele>
   </trkpt>
   <trkpt lat="45.6906720" lon="4.7049830">
    <ele>306.0</ele>
   </trkpt>
   <trkpt lat="45.6907120" lon="4.7049880">
    <ele>306.0</ele>
   </trkpt>
   <trkpt lat="45.6907520" lon="4.7049940">
    <ele>306.0</ele>
   </trkpt>
   <trkpt lat="45.6907910" lon="4.7050000">
    <ele>306.0</ele>
   </trkpt>
   <trkpt lat="45.6908300" lon="4.7050060">
    <ele>306.0</ele>
   </trkpt>
   <trkpt lat="45.6908710" lon="4.7050150">
    <ele>306.0</ele>
   </trkpt>
   <trkpt lat="45.6909110" lon="4.7050240">
    <ele>306.0</ele>
   </trkpt>
   <trkpt lat="45.6909520" lon="4.7050340">
    <ele>305.0</ele>
   </trkpt>
   <trkpt lat="45.6909930" lon="4.7050450">
    <ele>305.0</ele>
   </trkpt>
   <trkpt lat="45.6910330" lon="4.7050570">
    <ele>305.0</ele>
   </trkpt>
   <trkpt lat="45.6910730" lon="4.7050690">
    <ele>305.0</ele>
   </trkpt>
   <trkpt lat="45.6911130" lon="4.7050830">
    <ele>305.0</ele>
   </trkpt>
   <trkpt lat="45.6911530" lon="4.7050980">
    <ele>304.0</ele>
   </trkpt>
   <trkpt lat="45.6911940" lon="4.7051100">
    <ele>304.0</ele>
   </trkpt>
   <trkpt lat="45.6912360" lon="4.7051220">
    <ele>304.0</ele>
   </trkpt>
   <trkpt lat="45.6912770" lon="4.7051340">
    <ele>304.0</ele>
   </trkpt>
   <trkpt lat="45.6913180" lon="4.7051460">
    <ele>304.0</ele>
   </trkpt>
   <trkpt lat="45.6913580" lon="4.7051560">
    <ele>303.0</ele>
   </trkpt>
   <trkpt lat="45.6913990" lon="4.7051660">
    <ele>303.0</ele>
   </trkpt>
   <trkpt lat="45.6914380" lon="4.7051730">
    <ele>303.0</ele>
   </trkpt>
   <trkpt lat="45.6914780" lon="4.7051800">
    <ele>303.0</ele>
   </trkpt>
   <trkpt lat="45.6915170" lon="4.7051840">
    <ele>303.0</ele>
   </trkpt>
   <trkpt lat="45.6915560" lon="4.7051890">
    <ele>303.0</ele>
   </trkpt>
   <trkpt lat="45.6915950" lon="4.7051920">
    <ele>303.0</ele>
   </trkpt>
   <trkpt lat="45.6916340" lon="4.7051960">
    <ele>303.0</ele>
   </trkpt>
   <trkpt lat="45.6916740" lon="4.7051970">
    <ele>303.0</ele>
   </trkpt>
   <trkpt lat="45.6917140" lon="4.7051990">
    <ele>303.0</ele>
   </trkpt>
   <trkpt lat="45.6917560" lon="4.7051980">
    <ele>303.0</ele>
   </trkpt>
   <trkpt lat="45.6917970" lon="4.7051960">
    <ele>303.0</ele>
   </trkpt>
   <trkpt lat="45.6918390" lon="4.7051910">
    <ele>303.0</ele>
   </trkpt>
   <trkpt lat="45.6918810" lon="4.7051870">
    <ele>303.0</ele>
   </trkpt>
   <trkpt lat="45.6919230" lon="4.7051810">
    <ele>303.0</ele>
   </trkpt>
   <trkpt lat="45.6919660" lon="4.7051750">
    <ele>303.0</ele>
   </trkpt>
   <trkpt lat="45.6920070" lon="4.7051670">
    <ele>303.0</ele>
   </trkpt>
   <trkpt lat="45.6920480" lon="4.7051580">
    <ele>303.0</ele>
   </trkpt>
   <trkpt lat="45.6920890" lon="4.7051480">
    <ele>303.0</ele>
   </trkpt>
   <trkpt lat="45.6921290" lon="4.7051380">
    <ele>303.0</ele>
   </trkpt>
   <trkpt lat="45.6921690" lon="4.7051290">
    <ele>302.0</ele>
   </trkpt>
   <trkpt lat="45.6922080" lon="4.7051190">
    <ele>302.0</ele>
   </trkpt>
   <trkpt lat="45.6922480" lon="4.7051100">
    <ele>302.0</ele>
   </trkpt>
   <trkpt lat="45.6922870" lon="4.7051010">
    <ele>302.0</ele>
   </trkpt>
   <trkpt lat="45.6923260" lon="4.7050890">
    <ele>302.0</ele>
   </trkpt>
   <trkpt lat="45.6923660" lon="4.7050770">
    <ele>302.0</ele>
   </trkpt>
   <trkpt lat="45.6924050" lon="4.7050610">
    <ele>302.0</ele>
   </trkpt>
   <trkpt lat="45.6924430" lon="4.7050450">
    <ele>302.0</ele>
   </trkpt>
   <trkpt lat="45.6924820" lon="4.7050260">
    <ele>302.0</ele>
   </trkpt>
   <trkpt lat="45.6925200" lon="4.7050070">
    <ele>302.0</ele>
   </trkpt>
   <trkpt lat="45.6925580" lon="4.7049850">
    <ele>302.0</ele>
   </trkpt>
   <trkpt lat="45.6925950" lon="4.7049620">
    <ele>302.0</ele>
   </trkpt>
   <trkpt lat="45.6926320" lon="4.7049390">
    <ele>302.0</ele>
   </trkpt>
   <trkpt lat="45.6926690" lon="4.7049150">
    <ele>302.0</ele>
   </trkpt>
   <trkpt lat="45.6927060" lon="4.7048900">
    <ele>302.0</ele>
   </trkpt>
   <trkpt lat="45.6927420" lon="4.7048640">
    <ele>301.0</ele>
   </trkpt>
   <trkpt lat="45.6927780" lon="4.7048380">
    <ele>301.0</ele>
   </trkpt>
   <trkpt lat="45.6928140" lon="4.7048110">
    <ele>301.0</ele>
   </trkpt>
   <trkpt lat="45.6928490" lon="4.7047820">
    <ele>301.0</ele>
   </trkpt>
   <trkpt lat="45.6928850" lon="4.7047530">
    <ele>301.0</ele>
   </trkpt>
   <trkpt lat="45.6929180" lon="4.7047220">
    <ele>300.0</ele>
   </trkpt>
   <trkpt lat="45.6929520" lon="4.7046900">
    <ele>300.0</ele>
   </trkpt>
   <trkpt lat="45.6929840" lon="4.7046580">
    <ele>300.0</ele>
   </trkpt>
   <trkpt lat="45.6930160" lon="4.7046250">
    <ele>300.0</ele>
   </trkpt>
   <trkpt lat="45.6930450" lon="4.7045910">
    <ele>300.0</ele>
   </trkpt>
   <trkpt lat="45.6930750" lon="4.7045580">
    <ele>300.0</ele>
   </trkpt>
   <trkpt lat="45.6931060" lon="4.7045250">
    <ele>300.0</ele>
   </trkpt>
   <trkpt lat="45.6931360" lon="4.7044920">
    <ele>300.0</ele>
   </trkpt>
   <trkpt lat="45.6931670" lon="4.7044570">
    <ele>300.0</ele>
   </trkpt>
   <trkpt lat="45.6931990" lon="4.7044230">
    <ele>300.0</ele>
   </trkpt>
   <trkpt lat="45.6932300" lon="4.7043860">
    <ele>300.0</ele>
   </trkpt>
   <trkpt lat="45.6932610" lon="4.7043490">
    <ele>300.0</ele>
   </trkpt>
   <trkpt lat="45.6932900" lon="4.7043110">
    <ele>300.0</ele>
   </trkpt>
   <trkpt lat="45.6933200" lon="4.7042730">
    <ele>300.0</ele>
   </trkpt>
   <trkpt lat="45.6933490" lon="4.7042350">
    <ele>300.0</ele>
   </trkpt>
   <trkpt lat="45.6933770" lon="4.7041960">
    <ele>300.0</ele>
   </trkpt>
   <trkpt lat="45.6934050" lon="4.7041550">
    <ele>300.0</ele>
   </trkpt>
   <trkpt lat="45.6934320" lon="4.7041140">
    <ele>300.0</ele>
   </trkpt>
   <trkpt lat="45.6934580" lon="4.7040720">
    <ele>300.0</ele>
   </trkpt>
   <trkpt lat="45.6934850" lon="4.7040310">
    <ele>300.0</ele>
   </trkpt>
   <trkpt lat="45.6935130" lon="4.7039940">
    <ele>300.0</ele>
   </trkpt>
   <trkpt lat="45.6935410" lon="4.7039580">
    <ele>300.0</ele>
   </trkpt>
   <trkpt lat="45.6935750" lon="4.7039410">
    <ele>300.0</ele>
   </trkpt>
   <trkpt lat="45.6936090" lon="4.7039230">
    <ele>300.0</ele>
   </trkpt>
   <trkpt lat="45.6936460" lon="4.7039350">
    <ele>300.0</ele>
   </trkpt>
   <trkpt lat="45.6936840" lon="4.7039480">
    <ele>299.0</ele>
   </trkpt>
   <trkpt lat="45.6937200" lon="4.7039800">
    <ele>299.0</ele>
   </trkpt>
   <trkpt lat="45.6937550" lon="4.7040130">
    <ele>299.0</ele>
   </trkpt>
   <trkpt lat="45.6937890" lon="4.7040520">
    <ele>299.0</ele>
   </trkpt>
   <trkpt lat="45.6938240" lon="4.7040920">
    <ele>299.0</ele>
   </trkpt>
   <trkpt lat="45.6938570" lon="4.7041300">
    <ele>298.0</ele>
   </trkpt>
   <trkpt lat="45.6938900" lon="4.7041690">
    <ele>298.0</ele>
   </trkpt>
   <trkpt lat="45.6939230" lon="4.7042060">
    <ele>298.0</ele>
   </trkpt>
   <trkpt lat="45.6939560" lon="4.7042430">
    <ele>298.0</ele>
   </trkpt>
   <trkpt lat="45.6939880" lon="4.7042790">
    <ele>298.0</ele>
   </trkpt>
   <trkpt lat="45.6940190" lon="4.7043150">
    <ele>297.0</ele>
   </trkpt>
   <trkpt lat="45.6940510" lon="4.7043500">
    <ele>297.0</ele>
   </trkpt>
   <trkpt lat="45.6940830" lon="4.7043860">
    <ele>297.0</ele>
   </trkpt>
   <trkpt lat="45.6941150" lon="4.7044200">
    <ele>297.0</ele>
   </trkpt>
   <trkpt lat="45.6941470" lon="4.7044540">
    <ele>297.0</ele>
   </trkpt>
   <trkpt lat="45.6941800" lon="4.7044880">
    <ele>297.0</ele>
   </trkpt>
   <trkpt lat="45.6942120" lon="4.7045220">
    <ele>297.0</ele>
   </trkpt>
   <trkpt lat="45.6942440" lon="4.7045560">
    <ele>297.0</ele>
   </trkpt>
   <trkpt lat="45.6942750" lon="4.7045900">
    <ele>297.0</ele>
   </trkpt>
   <trkpt lat="45.6943070" lon="4.7046240">
    <ele>297.0</ele>
   </trkpt>
   <trkpt lat="45.6943390" lon="4.7046580">
    <ele>297.0</ele>
   </trkpt>
   <trkpt lat="45.6943710" lon="4.7046930">
    <ele>297.0</ele>
   </trkpt>
   <trkpt lat="45.6944040" lon="4.7047270">
    <ele>297.0</ele>
   </trkpt>
   <trkpt lat="45.6944370" lon="4.7047600">
    <ele>297.0</ele>
   </trkpt>
   <trkpt lat="45.6944710" lon="4.7047940">
    <ele>297.0</ele>
   </trkpt>
   <trkpt lat="45.6945040" lon="4.7048260">
    <ele>296.0</ele>
   </trkpt>
   <trkpt lat="45.6945380" lon="4.7048590">
    <ele>296.0</ele>
   </trkpt>
   <trkpt lat="45.6945720" lon="4.7048900">
    <ele>296.0</ele>
   </trkpt>
   <trkpt lat="45.6946060" lon="4.7049220">
    <ele>296.0</ele>
   </trkpt>
   <trkpt lat="45.6946400" lon="4.7049530">
    <ele>296.0</ele>
   </trkpt>
   <trkpt lat="45.6946740" lon="4.7049850">
    <ele>295.0</ele>
   </trkpt>
   <trkpt lat="45.6947090" lon="4.7050160">
    <ele>295.0</ele>
   </trkpt>
   <trkpt lat="45.6947430" lon="4.7050480">
    <ele>295.0</ele>
   </trkpt>
   <trkpt lat="45.6947770" lon="4.7050790">
    <ele>295.0</ele>
   </trkpt>
   <trkpt lat="45.6948110" lon="4.7051110">
    <ele>295.0</ele>
   </trkpt>
   <trkpt lat="45.6948460" lon="4.7051410">
    <ele>295.0</ele>
   </trkpt>
   <trkpt lat="45.6948810" lon="4.7051720">
    <ele>295.0</ele>
   </trkpt>
   <trkpt lat="45.6949160" lon="4.7052040">
    <ele>295.0</ele>
   </trkpt>
   <trkpt lat="45.6949500" lon="4.7052350">
    <ele>295.0</ele>
   </trkpt>
   <trkpt lat="45.6949840" lon="4.7052680">
    <ele>295.0</ele>
   </trkpt>
   <trkpt lat="45.6950180" lon="4.7053010">
    <ele>295.0</ele>
   </trkpt>
   <trkpt lat="45.6950500" lon="4.7053330">
    <ele>295.0</ele>
   </trkpt>
   <trkpt lat="45.6950820" lon="4.7053660">
    <ele>295.0</ele>
   </trkpt>
   <trkpt lat="45.6951140" lon="4.7053980">
    <ele>295.0</ele>
   </trkpt>
   <trkpt lat="45.6951470" lon="4.7054290">
    <ele>295.0</ele>
   </trkpt>
   <trkpt lat="45.6951790" lon="4.7054600">
    <ele>294.0</ele>
   </trkpt>
   <trkpt lat="45.6952120" lon="4.7054900">
    <ele>294.0</ele>
   </trkpt>
   <trkpt lat="45.6952450" lon="4.7055200">
    <ele>294.0</ele>
   </trkpt>
   <trkpt lat="45.6952790" lon="4.7055500">
    <ele>294.0</ele>
   </trkpt>
   <trkpt lat="45.6953130" lon="4.7055800">
    <ele>294.0</ele>
   </trkpt>
   <trkpt lat="45.6953460" lon="4.7056100">
    <ele>294.0</ele>
   </trkpt>
   <trkpt lat="45.6953790" lon="4.7056410">
    <ele>294.0</ele>
   </trkpt>
   <trkpt lat="45.6954120" lon="4.7056710">
    <ele>294.0</ele>
   </trkpt>
   <trkpt lat="45.6954460" lon="4.7057030">
    <ele>294.0</ele>
   </trkpt>
   <trkpt lat="45.6954790" lon="4.7057340">
    <ele>294.0</ele>
   </trkpt>
   <trkpt lat="45.6955140" lon="4.7057650">
    <ele>294.0</ele>
   </trkpt>
   <trkpt lat="45.6955480" lon="4.7057950">
    <ele>294.0</ele>
   </trkpt>
   <trkpt lat="45.6955820" lon="4.7058250">
    <ele>294.0</ele>
   </trkpt>
   <trkpt lat="45.6956170" lon="4.7058550">
    <ele>294.0</ele>
   </trkpt>
   <trkpt lat="45.6956500" lon="4.7058840">
    <ele>294.0</ele>
   </trkpt>
   <trkpt lat="45.6956840" lon="4.7059130">
    <ele>293.0</ele>
   </trkpt>
   <trkpt lat="45.6957160" lon="4.7059420">
    <ele>293.0</ele>
   </trkpt>
   <trkpt lat="45.6957480" lon="4.7059710">
    <ele>293.0</ele>
   </trkpt>
   <trkpt lat="45.6957800" lon="4.7060010">
    <ele>293.0</ele>
   </trkpt>
   <trkpt lat="45.6958120" lon="4.7060320">
    <ele>293.0</ele>
   </trkpt>
   <trkpt lat="45.6958450" lon="4.7060620">
    <ele>293.0</ele>
   </trkpt>
   <trkpt lat="45.6958770" lon="4.7060930">
    <ele>293.0</ele>
   </trkpt>
   <trkpt lat="45.6959110" lon="4.7061240">
    <ele>293.0</ele>
   </trkpt>
   <trkpt lat="45.6959450" lon="4.7061560">
    <ele>293.0</ele>
   </trkpt>
   <trkpt lat="45.6959790" lon="4.7061860">
    <ele>293.0</ele>
   </trkpt>
   <trkpt lat="45.6960130" lon="4.7062170">
    <ele>293.0</ele>
   </trkpt>
   <trkpt lat="45.6960480" lon="4.7062460">
    <ele>293.0</ele>
   </trkpt>
   <trkpt lat="45.6960820" lon="4.7062760">
    <ele>293.0</ele>
   </trkpt>
   <trkpt lat="45.6961170" lon="4.7063050">
    <ele>293.0</ele>
   </trkpt>
   <trkpt lat="45.6961520" lon="4.7063330">
    <ele>293.0</ele>
   </trkpt>
   <trkpt lat="45.6961870" lon="4.7063610">
    <ele>293.0</ele>
   </trkpt>
   <trkpt lat="45.6962220" lon="4.7063890">
    <ele>293.0</ele>
   </trkpt>
   <trkpt lat="45.6962570" lon="4.7064140">
    <ele>293.0</ele>
   </trkpt>
   <trkpt lat="45.6962920" lon="4.7064400">
    <ele>293.0</ele>
   </trkpt>
   <trkpt lat="45.6963270" lon="4.7064630">
    <ele>293.0</ele>
   </trkpt>
   <trkpt lat="45.6963620" lon="4.7064860">
    <ele>293.0</ele>
   </trkpt>
   <trkpt lat="45.6963980" lon="4.7065050">
    <ele>293.0</ele>
   </trkpt>
   <trkpt lat="45.6964340" lon="4.7065250">
    <ele>293.0</ele>
   </trkpt>
   <trkpt lat="45.6964710" lon="4.7065430">
    <ele>293.0</ele>
   </trkpt>
   <trkpt lat="45.6965070" lon="4.7065610">
    <ele>294.0</ele>
   </trkpt>
   <trkpt lat="45.6965440" lon="4.7065770">
    <ele>293.0</ele>
   </trkpt>
   <trkpt lat="45.6965800" lon="4.7065920">
    <ele>293.0</ele>
   </trkpt>
   <trkpt lat="45.6966150" lon="4.7066070">
    <ele>293.0</ele>
   </trkpt>
   <trkpt lat="45.6966500" lon="4.7066220">
    <ele>293.0</ele>
   </trkpt>
   <trkpt lat="45.6966850" lon="4.7066360">
    <ele>293.0</ele>
   </trkpt>
   <trkpt lat="45.6967200" lon="4.7066510">
    <ele>293.0</ele>
   </trkpt>
   <trkpt lat="45.6967560" lon="4.7066630">
    <ele>293.0</ele>
   </trkpt>
   <trkpt lat="45.6967910" lon="4.7066760">
    <ele>293.0</ele>
   </trkpt>
   <trkpt lat="45.6968260" lon="4.7066900">
    <ele>293.0</ele>
   </trkpt>
   <trkpt lat="45.6968610" lon="4.7067030">
    <ele>293.0</ele>
   </trkpt>
   <trkpt lat="45.6968950" lon="4.7067190">
    <ele>293.0</ele>
   </trkpt>
   <trkpt lat="45.6969300" lon="4.7067340">
    <ele>293.0</ele>
   </trkpt>
   <trkpt lat="45.6969640" lon="4.7067500">
    <ele>293.0</ele>
   </trkpt>
   <trkpt lat="45.6969980" lon="4.7067660">
    <ele>293.0</ele>
   </trkpt>
   <trkpt lat="45.6970330" lon="4.7067850">
    <ele>294.0</ele>
   </trkpt>
   <trkpt lat="45.6970670" lon="4.7068040">
    <ele>294.0</ele>
   </trkpt>
   <trkpt lat="45.6971020" lon="4.7068240">
    <ele>294.0</ele>
   </trkpt>
   <trkpt lat="45.6971370" lon="4.7068430">
    <ele>294.0</ele>
   </trkpt>
   <trkpt lat="45.6971740" lon="4.7068600">
    <ele>294.0</ele>
   </trkpt>
   <trkpt lat="45.6972110" lon="4.7068770">
    <ele>295.0</ele>
   </trkpt>
   <trkpt lat="45.6972490" lon="4.7068930">
    <ele>295.0</ele>
   </trkpt>
   <trkpt lat="45.6972870" lon="4.7069090">
    <ele>295.0</ele>
   </trkpt>
   <trkpt lat="45.6973260" lon="4.7069240">
    <ele>295.0</ele>
   </trkpt>
   <trkpt lat="45.6973650" lon="4.7069390">
    <ele>295.0</ele>
   </trkpt>
   <trkpt lat="45.6974040" lon="4.7069510">
    <ele>295.0</ele>
   </trkpt>
   <trkpt lat="45.6974430" lon="4.7069640">
    <ele>295.0</ele>
   </trkpt>
   <trkpt lat="45.6974810" lon="4.7069790">
    <ele>295.0</ele>
   </trkpt>
   <trkpt lat="45.6975180" lon="4.7069940">
    <ele>295.0</ele>
   </trkpt>
   <trkpt lat="45.6975440" lon="4.7070270">
    <ele>295.0</ele>
   </trkpt>
   <trkpt lat="45.6975710" lon="4.7070610">
    <ele>295.0</ele>
   </trkpt>
   <trkpt lat="45.6975730" lon="4.7071100">
    <ele>294.0</ele>
   </trkpt>
   <trkpt lat="45.6975750" lon="4.7071580">
    <ele>294.0</ele>
   </trkpt>
   <trkpt lat="45.6975570" lon="4.7072100">
    <ele>294.0</ele>
   </trkpt>
   <trkpt lat="45.6975390" lon="4.7072610">
    <ele>294.0</ele>
   </trkpt>
   <trkpt lat="45.6975140" lon="4.7073130">
    <ele>294.0</ele>
   </trkpt>
   <trkpt lat="45.6974890" lon="4.7073650">
    <ele>294.0</ele>
   </trkpt>
   <trkpt lat="45.6974630" lon="4.7074150">
    <ele>294.0</ele>
   </trkpt>
   <trkpt lat="45.6974370" lon="4.7074660">
    <ele>294.0</ele>
   </trkpt>
   <trkpt lat="45.6974170" lon="4.7075090">
    <ele>294.0</ele>
   </trkpt>
   <trkpt lat="45.6973980" lon="4.7075530">
    <ele>294.0</ele>
   </trkpt>
   <trkpt lat="45.6974010" lon="4.7075790">
    <ele>294.0</ele>
   </trkpt>
   <trkpt lat="45.6974040" lon="4.7076060">
    <ele>294.0</ele>
   </trkpt>
   <trkpt lat="45.6974350" lon="4.7076220">
    <ele>294.0</ele>
   </trkpt>
   <trkpt lat="45.6974660" lon="4.7076390">
    <ele>294.0</ele>
   </trkpt>
   <trkpt lat="45.6975100" lon="4.7076530">
    <ele>294.0</ele>
   </trkpt>
   <trkpt lat="45.6975540" lon="4.7076680">
    <ele>293.0</ele>
   </trkpt>
   <trkpt lat="45.6976000" lon="4.7076850">
    <ele>293.0</ele>
   </trkpt>
   <trkpt lat="45.6976460" lon="4.7077020">
    <ele>292.0</ele>
   </trkpt>
   <trkpt lat="45.6976910" lon="4.7077220">
    <ele>292.0</ele>
   </trkpt>
   <trkpt lat="45.6977350" lon="4.7077420">
    <ele>292.0</ele>
   </trkpt>
   <trkpt lat="45.6977780" lon="4.7077620">
    <ele>291.0</ele>
   </trkpt>
   <trkpt lat="45.6978210" lon="4.7077820">
    <ele>291.0</ele>
   </trkpt>
   <trkpt lat="45.6978630" lon="4.7078020">
    <ele>291.0</ele>
   </trkpt>
   <trkpt lat="45.6979050" lon="4.7078220">
    <ele>291.0</ele>
   </trkpt>
   <trkpt lat="45.6979470" lon="4.7078420">
    <ele>291.0</ele>
   </trkpt>
   <trkpt lat="45.6979880" lon="4.7078620">
    <ele>290.0</ele>
   </trkpt>
   <trkpt lat="45.6980290" lon="4.7078810">
    <ele>289.0</ele>
   </trkpt>
   <trkpt lat="45.6980700" lon="4.7079000">
    <ele>288.0</ele>
   </trkpt>
   <trkpt lat="45.6981100" lon="4.7079210">
    <ele>287.0</ele>
   </trkpt>
   <trkpt lat="45.6981510" lon="4.7079410">
    <ele>286.0</ele>
   </trkpt>
   <trkpt lat="45.6981900" lon="4.7079600">
    <ele>285.0</ele>
   </trkpt>
   <trkpt lat="45.6982290" lon="4.7079780">
    <ele>285.0</ele>
   </trkpt>
   <trkpt lat="45.6982680" lon="4.7079950">
    <ele>284.0</ele>
   </trkpt>
   <trkpt lat="45.6983060" lon="4.7080110">
    <ele>284.0</ele>
   </trkpt>
   <trkpt lat="45.6983440" lon="4.7080280">
    <ele>284.0</ele>
   </trkpt>
   <trkpt lat="45.6983830" lon="4.7080440">
    <ele>283.0</ele>
   </trkpt>
   <trkpt lat="45.6984220" lon="4.7080610">
    <ele>282.0</ele>
   </trkpt>
   <trkpt lat="45.6984610" lon="4.7080790">
    <ele>282.0</ele>
   </trkpt>
   <trkpt lat="45.6985010" lon="4.7080960">
    <ele>281.0</ele>
   </trkpt>
   <trkpt lat="45.6985410" lon="4.7081140">
    <ele>281.0</ele>
   </trkpt>
   <trkpt lat="45.6985810" lon="4.7081310">
    <ele>280.0</ele>
   </trkpt>
   <trkpt lat="45.6986220" lon="4.7081490">
    <ele>279.0</ele>
   </trkpt>
   <trkpt lat="45.6986580" lon="4.7081720">
    <ele>279.0</ele>
   </trkpt>
   <trkpt lat="45.6986950" lon="4.7081940">
    <ele>278.0</ele>
   </trkpt>
   <trkpt lat="45.6987120" lon="4.7082370">
    <ele>278.0</ele>
   </trkpt>
   <trkpt lat="45.6987280" lon="4.7082800">
    <ele>277.0</ele>
   </trkpt>
   <trkpt lat="45.6987180" lon="4.7083330">
    <ele>276.0</ele>
   </trkpt>
   <trkpt lat="45.6987080" lon="4.7083860">
    <ele>275.0</ele>
   </trkpt>
   <trkpt lat="45.6986850" lon="4.7084400">
    <ele>274.0</ele>
   </trkpt>
   <trkpt lat="45.6986620" lon="4.7084930">
    <ele>273.0</ele>
   </trkpt>
   <trkpt lat="45.6986310" lon="4.7085400">
    <ele>272.0</ele>
   </trkpt>
   <trkpt lat="45.6986010" lon="4.7085880">
    <ele>271.0</ele>
   </trkpt>
   <trkpt lat="45.6985640" lon="4.7086220">
    <ele>271.0</ele>
   </trkpt>
   <trkpt lat="45.6985270" lon="4.7086550">
    <ele>270.0</ele>
   </trkpt>
   <trkpt lat="45.6984900" lon="4.7086800">
    <ele>270.0</ele>
   </trkpt>
   <trkpt lat="45.6984530" lon="4.7087050">
    <ele>269.0</ele>
   </trkpt>
   <trkpt lat="45.6984310" lon="4.7087310">
    <ele>269.0</ele>
   </trkpt>
   <trkpt lat="45.6984100" lon="4.7087560">
    <ele>268.0</ele>
   </trkpt>
   <trkpt lat="45.6984210" lon="4.7087730">
    <ele>268.0</ele>
   </trkpt>
   <trkpt lat="45.6984330" lon="4.7087900">
    <ele>268.0</ele>
   </trkpt>
   <trkpt lat="45.6984710" lon="4.7087910">
    <ele>267.0</ele>
   </trkpt>
   <trkpt lat="45.6985090" lon="4.7087930">
    <ele>267.0</ele>
   </trkpt>
   <trkpt lat="45.6985560" lon="4.7087820">
    <ele>267.0</ele>
   </trkpt>
   <trkpt lat="45.6986030" lon="4.7087720">
    <ele>267.0</ele>
   </trkpt>
   <trkpt lat="45.6986480" lon="4.7087540">
    <ele>267.0</ele>
   </trkpt>
   <trkpt lat="45.6986940" lon="4.7087360">
    <ele>266.0</ele>
   </trkpt>
   <trkpt lat="45.6987370" lon="4.7087210">
    <ele>266.0</ele>
   </trkpt>
   <trkpt lat="45.6987810" lon="4.7087050">
    <ele>265.0</ele>
   </trkpt>
   <trkpt lat="45.6988240" lon="4.7086920">
    <ele>265.0</ele>
   </trkpt>
   <trkpt lat="45.6988660" lon="4.7086780">
    <ele>265.0</ele>
   </trkpt>
   <trkpt lat="45.6989050" lon="4.7086620">
    <ele>264.0</ele>
   </trkpt>
   <trkpt lat="45.6989450" lon="4.7086450">
    <ele>264.0</ele>
   </trkpt>
   <trkpt lat="45.6989820" lon="4.7086220">
    <ele>263.0</ele>
   </trkpt>
   <trkpt lat="45.6990190" lon="4.7085990">
    <ele>263.0</ele>
   </trkpt>
   <trkpt lat="45.6990540" lon="4.7085680">
    <ele>263.0</ele>
   </trkpt>
   <trkpt lat="45.6990880" lon="4.7085370">
    <ele>262.0</ele>
   </trkpt>
   <trkpt lat="45.6991180" lon="4.7084970">
    <ele>262.0</ele>
   </trkpt>
   <trkpt lat="45.6991480" lon="4.7084570">
    <ele>261.0</ele>
   </trkpt>
   <trkpt lat="45.6991730" lon="4.7084130">
    <ele>261.0</ele>
   </trkpt>
   <trkpt lat="45.6991990" lon="4.7083700">
    <ele>261.0</ele>
   </trkpt>
   <trkpt lat="45.6992230" lon="4.7083260">
    <ele>260.0</ele>
   </trkpt>
   <trkpt lat="45.6992480" lon="4.7082830">
    <ele>260.0</ele>
   </trkpt>
   <trkpt lat="45.6992750" lon="4.7082400">
    <ele>260.0</ele>
   </trkpt>
   <trkpt lat="45.6993020" lon="4.7081970">
    <ele>260.0</ele>
   </trkpt>
   <trkpt lat="45.6993310" lon="4.7081580">
    <ele>260.0</ele>
   </trkpt>
   <trkpt lat="45.6993600" lon="4.7081190">
    <ele>259.0</ele>
   </trkpt>
   <trkpt lat="45.6993900" lon="4.7080810">
    <ele>259.0</ele>
   </trkpt>
   <trkpt lat="45.6994190" lon="4.7080420">
    <ele>258.0</ele>
   </trkpt>
   <trkpt lat="45.6994440" lon="4.7080000">
    <ele>258.0</ele>
   </trkpt>
   <trkpt lat="45.6994690" lon="4.7079580">
    <ele>258.0</ele>
   </trkpt>
   <trkpt lat="45.6994850" lon="4.7079080">
    <ele>257.0</ele>
   </trkpt>
   <trkpt lat="45.6995000" lon="4.7078580">
    <ele>257.0</ele>
   </trkpt>
   <trkpt lat="45.6995140" lon="4.7078050">
    <ele>256.0</ele>
   </trkpt>
   <trkpt lat="45.6995280" lon="4.7077510">
    <ele>256.0</ele>
   </trkpt>
   <trkpt lat="45.6995420" lon="4.7076990">
    <ele>256.0</ele>
   </trkpt>
   <trkpt lat="45.6995560" lon="4.7076460">
    <ele>255.0</ele>
   </trkpt>
   <trkpt lat="45.6995670" lon="4.7075940">
    <ele>255.0</ele>
   </trkpt>
   <trkpt lat="45.6995770" lon="4.7075420">
    <ele>254.0</ele>
   </trkpt>
   <trkpt lat="45.6995860" lon="4.7074920">
    <ele>254.0</ele>
   </trkpt>
   <trkpt lat="45.6995940" lon="4.7074420">
    <ele>254.0</ele>
   </trkpt>
   <trkpt lat="45.6996140" lon="4.7074160">
    <ele>253.0</ele>
   </trkpt>
   <trkpt lat="45.6996230" lon="4.7074160">
    <ele>253.0</ele>
   </trkpt>
   <trkpt lat="45.6996310" lon="4.7074150">
    <ele>252.0</ele>
   </trkpt>
   <trkpt lat="45.6996430" lon="4.7074390">
    <ele>252.0</ele>
   </trkpt>
   <trkpt lat="45.6996490" lon="4.7074960">
    <ele>252.0</ele>
   </trkpt>
   <trkpt lat="45.6996560" lon="4.7075540">
    <ele>251.0</ele>
   </trkpt>
   <trkpt lat="45.6996550" lon="4.7076210">
    <ele>250.0</ele>
   </trkpt>
   <trkpt lat="45.6996550" lon="4.7076880">
    <ele>250.0</ele>
   </trkpt>
   <trkpt lat="45.6996470" lon="4.7077530">
    <ele>249.0</ele>
   </trkpt>
   <trkpt lat="45.6996390" lon="4.7078180">
    <ele>249.0</ele>
   </trkpt>
   <trkpt lat="45.6996260" lon="4.7078790">
    <ele>248.0</ele>
   </trkpt>
   <trkpt lat="45.6996120" lon="4.7079400">
    <ele>248.0</ele>
   </trkpt>
   <trkpt lat="45.6995990" lon="4.7079960">
    <ele>248.0</ele>
   </trkpt>
   <trkpt lat="45.6995860" lon="4.7080520">
    <ele>248.0</ele>
   </trkpt>
   <trkpt lat="45.6995760" lon="4.7081030">
    <ele>248.0</ele>
   </trkpt>
   <trkpt lat="45.6995660" lon="4.7081540">
    <ele>247.0</ele>
   </trkpt>
   <trkpt lat="45.6995550" lon="4.7082050">
    <ele>247.0</ele>
   </trkpt>
   <trkpt lat="45.6995440" lon="4.7082550">
    <ele>246.0</ele>
   </trkpt>
   <trkpt lat="45.6995320" lon="4.7083040">
    <ele>246.0</ele>
   </trkpt>
   <trkpt lat="45.6995210" lon="4.7083530">
    <ele>246.0</ele>
   </trkpt>
   <trkpt lat="45.6995200" lon="4.7083880">
    <ele>245.0</ele>
   </trkpt>
   <trkpt lat="45.6995200" lon="4.7084230">
    <ele>245.0</ele>
   </trkpt>
   <trkpt lat="45.6995300" lon="4.7084500">
    <ele>245.0</ele>
   </trkpt>
   <trkpt lat="45.6995410" lon="4.7084780">
    <ele>245.0</ele>
   </trkpt>
   <trkpt lat="45.6995520" lon="4.7085120">
    <ele>245.0</ele>
   </trkpt>
   <trkpt lat="45.6995640" lon="4.7085460">
    <ele>244.0</ele>
   </trkpt>
   <trkpt lat="45.6995700" lon="4.7085920">
    <ele>244.0</ele>
   </trkpt>
   <trkpt lat="45.6995770" lon="4.7086370">
    <ele>244.0</ele>
   </trkpt>
   <trkpt lat="45.6995870" lon="4.7086860">
    <ele>244.0</ele>
   </trkpt>
   <trkpt lat="45.6995970" lon="4.7087360">
    <ele>244.0</ele>
   </trkpt>
   <trkpt lat="45.6996160" lon="4.7087780">
    <ele>244.0</ele>
   </trkpt>
   <trkpt lat="45.6996360" lon="4.7088210">
    <ele>244.0</ele>
   </trkpt>
   <trkpt lat="45.6996640" lon="4.7088500">
    <ele>244.0</ele>
   </trkpt>
   <trkpt lat="45.6996930" lon="4.7088780">
    <ele>244.0</ele>
   </trkpt>
   <trkpt lat="45.6997250" lon="4.7088970">
    <ele>244.0</ele>
   </trkpt>
   <trkpt lat="45.6997570" lon="4.7089150">
    <ele>244.0</ele>
   </trkpt>
   <trkpt lat="45.6997880" lon="4.7089290">
    <ele>244.0</ele>
   </trkpt>
   <trkpt lat="45.6998200" lon="4.7089420">
    <ele>244.0</ele>
   </trkpt>
   <trkpt lat="45.6998520" lon="4.7089570">
    <ele>244.0</ele>
   </trkpt>
   <trkpt lat="45.6998830" lon="4.7089720">
    <ele>244.0</ele>
   </trkpt>
   <trkpt lat="45.6999150" lon="4.7089880">
    <ele>244.0</ele>
   </trkpt>
   <trkpt lat="45.6999470" lon="4.7090040">
    <ele>244.0</ele>
   </trkpt>
   <trkpt lat="45.6999820" lon="4.7090180">
    <ele>244.0</ele>
   </trkpt>
   <trkpt lat="45.7000160" lon="4.7090310">
    <ele>244.0</ele>
   </trkpt>
   <trkpt lat="45.7000510" lon="4.7090400">
    <ele>245.0</ele>
   </trkpt>
   <trkpt lat="45.7000850" lon="4.7090480">
    <ele>245.0</ele>
   </trkpt>
   <trkpt lat="45.7001190" lon="4.7090480">
    <ele>245.0</ele>
   </trkpt>
   <trkpt lat="45.7001520" lon="4.7090490">
    <ele>245.0</ele>
   </trkpt>
   <trkpt lat="45.7001860" lon="4.7090460">
    <ele>245.0</ele>
   </trkpt>
   <trkpt lat="45.7002200" lon="4.7090440">
    <ele>246.0</ele>
   </trkpt>
   <trkpt lat="45.7002530" lon="4.7090420">
    <ele>246.0</ele>
   </trkpt>
   <trkpt lat="45.7002860" lon="4.7090410">
    <ele>246.0</ele>
   </trkpt>
   <trkpt lat="45.7003180" lon="4.7090420">
    <ele>246.0</ele>
   </trkpt>
   <trkpt lat="45.7003510" lon="4.7090440">
    <ele>246.0</ele>
   </trkpt>
   <trkpt lat="45.7003850" lon="4.7090470">
    <ele>246.0</ele>
   </trkpt>
   <trkpt lat="45.7004180" lon="4.7090510">
    <ele>246.0</ele>
   </trkpt>
   <trkpt lat="45.7004520" lon="4.7090620">
    <ele>246.0</ele>
   </trkpt>
   <trkpt lat="45.7004850" lon="4.7090730">
    <ele>247.0</ele>
   </trkpt>
   <trkpt lat="45.7005150" lon="4.7090860">
    <ele>247.0</ele>
   </trkpt>
   <trkpt lat="45.7005460" lon="4.7090990">
    <ele>248.0</ele>
   </trkpt>
   <trkpt lat="45.7005740" lon="4.7091130">
    <ele>248.0</ele>
   </trkpt>
   <trkpt lat="45.7006030" lon="4.7091260">
    <ele>248.0</ele>
   </trkpt>
   <trkpt lat="45.7006330" lon="4.7091400">
    <ele>248.0</ele>
   </trkpt>
   <trkpt lat="45.7006630" lon="4.7091550">
    <ele>248.0</ele>
   </trkpt>
   <trkpt lat="45.7006950" lon="4.7091680">
    <ele>249.0</ele>
   </trkpt>
   <trkpt lat="45.7007270" lon="4.7091820">
    <ele>249.0</ele>
   </trkpt>
   <trkpt lat="45.7007580" lon="4.7091930">
    <ele>249.0</ele>
   </trkpt>
   <trkpt lat="45.7007900" lon="4.7092050">
    <ele>250.0</ele>
   </trkpt>
   <trkpt lat="45.7008200" lon="4.7092080">
    <ele>250.0</ele>
   </trkpt>
   <trkpt lat="45.7008510" lon="4.7092110">
    <ele>251.0</ele>
   </trkpt>
   <trkpt lat="45.7008790" lon="4.7092040">
    <ele>251.0</ele>
   </trkpt>
   <trkpt lat="45.7009070" lon="4.7091960">
    <ele>251.0</ele>
   </trkpt>
   <trkpt lat="45.7009230" lon="4.7091710">
    <ele>251.0</ele>
   </trkpt>
   <trkpt lat="45.7009390" lon="4.7091470">
    <ele>251.0</ele>
   </trkpt>
   <trkpt lat="45.7009460" lon="4.7091080">
    <ele>252.0</ele>
   </trkpt>
   <trkpt lat="45.7009520" lon="4.7090700">
    <ele>252.0</ele>
   </trkpt>
   <trkpt lat="45.7009580" lon="4.7090240">
    <ele>252.0</ele>
   </trkpt>
   <trkpt lat="45.7009630" lon="4.7089790">
    <ele>253.0</ele>
   </trkpt>
   <trkpt lat="45.7009730" lon="4.7089310">
    <ele>253.0</ele>
   </trkpt>
   <trkpt lat="45.7009830" lon="4.7088820">
    <ele>254.0</ele>
   </trkpt>
   <trkpt lat="45.7009980" lon="4.7088390">
    <ele>254.0</ele>
   </trkpt>
   <trkpt lat="45.7010140" lon="4.7087950">
    <ele>254.0</ele>
   </trkpt>
   <trkpt lat="45.7010370" lon="4.7087680">
    <ele>254.0</ele>
   </trkpt>
   <trkpt lat="45.7010610" lon="4.7087400">
    <ele>254.0</ele>
   </trkpt>
   <trkpt lat="45.7010930" lon="4.7087290">
    <ele>255.0</ele>
   </trkpt>
   <trkpt lat="45.7011240" lon="4.7087190">
    <ele>255.0</ele>
   </trkpt>
   <trkpt lat="45.7011560" lon="4.7087160">
    <ele>255.0</ele>
   </trkpt>
   <trkpt lat="45.7011880" lon="4.7087130">
    <ele>256.0</ele>
   </trkpt>
   <trkpt lat="45.7012190" lon="4.7087130">
    <ele>256.0</ele>
   </trkpt>
   <trkpt lat="45.7012500" lon="4.7087120">
    <ele>257.0</ele>
   </trkpt>
   <trkpt lat="45.7012780" lon="4.7087110">
    <ele>257.0</ele>
   </trkpt>
   <trkpt lat="45.7013060" lon="4.7087100">
    <ele>257.0</ele>
   </trkpt>
   <trkpt lat="45.7013310" lon="4.7087080">
    <ele>257.0</ele>
   </trkpt>
   <trkpt lat="45.7013570" lon="4.7087070">
    <ele>257.0</ele>
   </trkpt>
   <trkpt lat="45.7013820" lon="4.7087040">
    <ele>258.0</ele>
   </trkpt>
   <trkpt lat="45.7014070" lon="4.7087020">
    <ele>258.0</ele>
   </trkpt>
   <trkpt lat="45.7014310" lon="4.7086990">
    <ele>258.0</ele>
   </trkpt>
   <trkpt lat="45.7014560" lon="4.7086960">
    <ele>259.0</ele>
   </trkpt>
   <trkpt lat="45.7014810" lon="4.7086930">
    <ele>259.0</ele>
   </trkpt>
   <trkpt lat="45.7015070" lon="4.7086900">
    <ele>260.0</ele>
   </trkpt>
   <trkpt lat="45.7015330" lon="4.7086850">
    <ele>260.0</ele>
   </trkpt>
   <trkpt lat="45.7015600" lon="4.7086810">
    <ele>260.0</ele>
   </trkpt>
   <trkpt lat="45.7015880" lon="4.7086780">
    <ele>260.0</ele>
   </trkpt>
   <trkpt lat="45.7016160" lon="4.7086750">
    <ele>260.0</ele>
   </trkpt>
   <trkpt lat="45.7016430" lon="4.7086720">
    <ele>261.0</ele>
   </trkpt>
   <trkpt lat="45.7016690" lon="4.7086700">
    <ele>261.0</ele>
   </trkpt>
   <trkpt lat="45.7016940" lon="4.7086650">
    <ele>261.0</ele>
   </trkpt>
   <trkpt lat="45.7017190" lon="4.7086610">
    <ele>262.0</ele>
   </trkpt>
   <trkpt lat="45.7017440" lon="4.7086580">
    <ele>262.0</ele>
   </trkpt>
   <trkpt lat="45.7017690" lon="4.7086540">
    <ele>263.0</ele>
   </trkpt>
   <trkpt lat="45.7017940" lon="4.7086510">
    <ele>263.0</ele>
   </trkpt>
   <trkpt lat="45.7018200" lon="4.7086480">
    <ele>263.0</ele>
   </trkpt>
   <trkpt lat="45.7018430" lon="4.7086440">
    <ele>263.0</ele>
   </trkpt>
   <trkpt lat="45.7018660" lon="4.7086400">
    <ele>263.0</ele>
   </trkpt>
   <trkpt lat="45.7018890" lon="4.7086360">
    <ele>264.0</ele>
   </trkpt>
   <trkpt lat="45.7019120" lon="4.7086320">
    <ele>264.0</ele>
   </trkpt>
   <trkpt lat="45.7019340" lon="4.7086270">
    <ele>264.0</ele>
   </trkpt>
   <trkpt lat="45.7019570" lon="4.7086220">
    <ele>265.0</ele>
   </trkpt>
   <trkpt lat="45.7019800" lon="4.7086190">
    <ele>265.0</ele>
   </trkpt>
   <trkpt lat="45.7020040" lon="4.7086160">
    <ele>266.0</ele>
   </trkpt>
   <trkpt lat="45.7020280" lon="4.7086160">
    <ele>266.0</ele>
   </trkpt>
   <trkpt lat="45.7020520" lon="4.7086160">
    <ele>266.0</ele>
   </trkpt>
   <trkpt lat="45.7020760" lon="4.7086140">
    <ele>267.0</ele>
   </trkpt>
   <trkpt lat="45.7020990" lon="4.7086120">
    <ele>267.0</ele>
   </trkpt>
   <trkpt lat="45.7021230" lon="4.7086070">
    <ele>268.0</ele>
   </trkpt>
   <trkpt lat="45.7021470" lon="4.7086020">
    <ele>268.0</ele>
   </trkpt>
   <trkpt lat="45.7021710" lon="4.7085970">
    <ele>268.0</ele>
   </trkpt>
   <trkpt lat="45.7021940" lon="4.7085920">
    <ele>269.0</ele>
   </trkpt>
   <trkpt lat="45.7022180" lon="4.7085880">
    <ele>269.0</ele>
   </trkpt>
   <trkpt lat="45.7022410" lon="4.7085840">
    <ele>270.0</ele>
   </trkpt>
   <trkpt lat="45.7022650" lon="4.7085820">
    <ele>270.0</ele>
   </trkpt>
   <trkpt lat="45.7022880" lon="4.7085790">
    <ele>270.0</ele>
   </trkpt>
   <trkpt lat="45.7023110" lon="4.7085780">
    <ele>271.0</ele>
   </trkpt>
   <trkpt lat="45.7023340" lon="4.7085770">
    <ele>271.0</ele>
   </trkpt>
   <trkpt lat="45.7023570" lon="4.7085740">
    <ele>272.0</ele>
   </trkpt>
   <trkpt lat="45.7023810" lon="4.7085710">
    <ele>272.0</ele>
   </trkpt>
   <trkpt lat="45.7024040" lon="4.7085650">
    <ele>273.0</ele>
   </trkpt>
   <trkpt lat="45.7024280" lon="4.7085590">
    <ele>273.0</ele>
   </trkpt>
   <trkpt lat="45.7024500" lon="4.7085470">
    <ele>274.0</ele>
   </trkpt>
   <trkpt lat="45.7024720" lon="4.7085360">
    <ele>275.0</ele>
   </trkpt>
   <trkpt lat="45.7024900" lon="4.7085150">
    <ele>275.0</ele>
   </trkpt>
   <trkpt lat="45.7025090" lon="4.7084950">
    <ele>275.0</ele>
   </trkpt>
   <trkpt lat="45.7025260" lon="4.7084700">
    <ele>275.0</ele>
   </trkpt>
   <trkpt lat="45.7025440" lon="4.7084460">
    <ele>275.0</ele>
   </trkpt>
   <trkpt lat="45.7025600" lon="4.7084200">
    <ele>276.0</ele>
   </trkpt>
   <trkpt lat="45.7025760" lon="4.7083940">
    <ele>276.0</ele>
   </trkpt>
   <trkpt lat="45.7025920" lon="4.7083700">
    <ele>277.0</ele>
   </trkpt>
   <trkpt lat="45.7026080" lon="4.7083450">
    <ele>277.0</ele>
   </trkpt>
   <trkpt lat="45.7026240" lon="4.7083220">
    <ele>278.0</ele>
   </trkpt>
   <trkpt lat="45.7026410" lon="4.7082990">
    <ele>279.0</ele>
   </trkpt>
   <trkpt lat="45.7026590" lon="4.7082750">
    <ele>279.0</ele>
   </trkpt>
   <trkpt lat="45.7026770" lon="4.7082520">
    <ele>279.0</ele>
   </trkpt>
   <trkpt lat="45.7026940" lon="4.7082290">
    <ele>279.0</ele>
   </trkpt>
   <trkpt lat="45.7027110" lon="4.7082060">
    <ele>279.0</ele>
   </trkpt>
   <trkpt lat="45.7027250" lon="4.7081810">
    <ele>280.0</ele>
   </trkpt>
   <trkpt lat="45.7027400" lon="4.7081570">
    <ele>280.0</ele>
   </trkpt>
   <trkpt lat="45.7027550" lon="4.7081340">
    <ele>280.0</ele>
   </trkpt>
   <trkpt lat="45.7027700" lon="4.7081100">
    <ele>280.0</ele>
   </trkpt>
   <trkpt lat="45.7027880" lon="4.7080870">
    <ele>280.0</ele>
   </trkpt>
   <trkpt lat="45.7028070" lon="4.7080630">
    <ele>281.0</ele>
   </trkpt>
   <trkpt lat="45.7028280" lon="4.7080400">
    <ele>281.0</ele>
   </trkpt>
   <trkpt lat="45.7028490" lon="4.7080160">
    <ele>281.0</ele>
   </trkpt>
   <trkpt lat="45.7028710" lon="4.7079940">
    <ele>282.0</ele>
   </trkpt>
   <trkpt lat="45.7028930" lon="4.7079730">
    <ele>282.0</ele>
   </trkpt>
   <trkpt lat="45.7029150" lon="4.7079520">
    <ele>283.0</ele>
   </trkpt>
   <trkpt lat="45.7029380" lon="4.7079310">
    <ele>283.0</ele>
   </trkpt>
   <trkpt lat="45.7029610" lon="4.7079120">
    <ele>283.0</ele>
   </trkpt>
   <trkpt lat="45.7029850" lon="4.7078930">
    <ele>284.0</ele>
   </trkpt>
   <trkpt lat="45.7030110" lon="4.7078760">
    <ele>284.0</ele>
   </trkpt>
   <trkpt lat="45.7030380" lon="4.7078600">
    <ele>285.0</ele>
   </trkpt>
   <trkpt lat="45.7030680" lon="4.7078500">
    <ele>285.0</ele>
   </trkpt>
   <trkpt lat="45.7030970" lon="4.7078400">
    <ele>285.0</ele>
   </trkpt>
   <trkpt lat="45.7031290" lon="4.7078320">
    <ele>285.0</ele>
   </trkpt>
   <trkpt lat="45.7031600" lon="4.7078240">
    <ele>285.0</ele>
   </trkpt>
   <trkpt lat="45.7031920" lon="4.7078130">
    <ele>286.0</ele>
   </trkpt>
   <trkpt lat="45.7032230" lon="4.7078030">
    <ele>286.0</ele>
   </trkpt>
   <trkpt lat="45.7032520" lon="4.7077880">
    <ele>287.0</ele>
   </trkpt>
   <trkpt lat="45.7032810" lon="4.7077730">
    <ele>287.0</ele>
   </trkpt>
   <trkpt lat="45.7033080" lon="4.7077580">
    <ele>288.0</ele>
   </trkpt>
   <trkpt lat="45.7033340" lon="4.7077430">
    <ele>289.0</ele>
   </trkpt>
   <trkpt lat="45.7033610" lon="4.7077310">
    <ele>289.0</ele>
   </trkpt>
   <trkpt lat="45.7033880" lon="4.7077190">
    <ele>289.0</ele>
   </trkpt>
   <trkpt lat="45.7034180" lon="4.7077120">
    <ele>289.0</ele>
   </trkpt>
   <trkpt lat="45.7034480" lon="4.7077040">
    <ele>289.0</ele>
   </trkpt>
   <trkpt lat="45.7034790" lon="4.7077000">
    <ele>290.0</ele>
   </trkpt>
   <trkpt lat="45.7035100" lon="4.7076950">
    <ele>290.0</ele>
   </trkpt>
   <trkpt lat="45.7035410" lon="4.7076910">
    <ele>290.0</ele>
   </trkpt>
   <trkpt lat="45.7035730" lon="4.7076860">
    <ele>290.0</ele>
   </trkpt>
   <trkpt lat="45.7036020" lon="4.7076820">
    <ele>290.0</ele>
   </trkpt>
   <trkpt lat="45.7036310" lon="4.7076770">
    <ele>291.0</ele>
   </trkpt>
   <trkpt lat="45.7036590" lon="4.7076720">
    <ele>291.0</ele>
   </trkpt>
   <trkpt lat="45.7036870" lon="4.7076660">
    <ele>291.0</ele>
   </trkpt>
   <trkpt lat="45.7037160" lon="4.7076600">
    <ele>291.0</ele>
   </trkpt>
   <trkpt lat="45.7037450" lon="4.7076540">
    <ele>291.0</ele>
   </trkpt>
   <trkpt lat="45.7037750" lon="4.7076480">
    <ele>292.0</ele>
   </trkpt>
   <trkpt lat="45.7038060" lon="4.7076420">
    <ele>292.0</ele>
   </trkpt>
   <trkpt lat="45.7038350" lon="4.7076290">
    <ele>292.0</ele>
   </trkpt>
   <trkpt lat="45.7038640" lon="4.7076170">
    <ele>293.0</ele>
   </trkpt>
   <trkpt lat="45.7038900" lon="4.7075940">
    <ele>293.0</ele>
   </trkpt>
   <trkpt lat="45.7039170" lon="4.7075720">
    <ele>294.0</ele>
   </trkpt>
   <trkpt lat="45.7039400" lon="4.7075400">
    <ele>294.0</ele>
   </trkpt>
   <trkpt lat="45.7039630" lon="4.7075080">
    <ele>294.0</ele>
   </trkpt>
   <trkpt lat="45.7039840" lon="4.7074760">
    <ele>294.0</ele>
   </trkpt>
   <trkpt lat="45.7040050" lon="4.7074430">
    <ele>294.0</ele>
   </trkpt>
   <trkpt lat="45.7040290" lon="4.7074220">
    <ele>295.0</ele>
   </trkpt>
   <trkpt lat="45.7040530" lon="4.7074000">
    <ele>295.0</ele>
   </trkpt>
   <trkpt lat="45.7040810" lon="4.7073850">
    <ele>295.0</ele>
   </trkpt>
   <trkpt lat="45.7041090" lon="4.7073710">
    <ele>296.0</ele>
   </trkpt>
   <trkpt lat="45.7041420" lon="4.7073610">
    <ele>296.0</ele>
   </trkpt>
   <trkpt lat="45.7041740" lon="4.7073500">
    <ele>297.0</ele>
   </trkpt>
   <trkpt lat="45.7042080" lon="4.7073400">
    <ele>297.0</ele>
   </trkpt>
   <trkpt lat="45.7042430" lon="4.7073300">
    <ele>297.0</ele>
   </trkpt>
   <trkpt lat="45.7042760" lon="4.7073170">
    <ele>297.0</ele>
   </trkpt>
   <trkpt lat="45.7043090" lon="4.7073040">
    <ele>297.0</ele>
   </trkpt>
   <trkpt lat="45.7043410" lon="4.7072910">
    <ele>298.0</ele>
   </trkpt>
   <trkpt lat="45.7043740" lon="4.7072770">
    <ele>298.0</ele>
   </trkpt>
   <trkpt lat="45.7044070" lon="4.7072670">
    <ele>298.0</ele>
   </trkpt>
   <trkpt lat="45.7044400" lon="4.7072560">
    <ele>298.0</ele>
   </trkpt>
   <trkpt lat="45.7044740" lon="4.7072480">
    <ele>298.0</ele>
   </trkpt>
   <trkpt lat="45.7045070" lon="4.7072400">
    <ele>299.0</ele>
   </trkpt>
   <trkpt lat="45.7045390" lon="4.7072330">
    <ele>299.0</ele>
   </trkpt>
   <trkpt lat="45.7045710" lon="4.7072270">
    <ele>299.0</ele>
   </trkpt>
   <trkpt lat="45.7046030" lon="4.7072240">
    <ele>300.0</ele>
   </trkpt>
   <trkpt lat="45.7046350" lon="4.7072210">
    <ele>300.0</ele>
   </trkpt>
   <trkpt lat="45.7046670" lon="4.7072220">
    <ele>301.0</ele>
   </trkpt>
   <trkpt lat="45.7046990" lon="4.7072240">
    <ele>301.0</ele>
   </trkpt>
   <trkpt lat="45.7047320" lon="4.7072260">
    <ele>301.0</ele>
   </trkpt>
   <trkpt lat="45.7047660" lon="4.7072290">
    <ele>301.0</ele>
   </trkpt>
   <trkpt lat="45.7047990" lon="4.7072290">
    <ele>301.0</ele>
   </trkpt>
   <trkpt lat="45.7048330" lon="4.7072300">
    <ele>302.0</ele>
   </trkpt>
   <trkpt lat="45.7048670" lon="4.7072300">
    <ele>302.0</ele>
   </trkpt>
   <trkpt lat="45.7049010" lon="4.7072290">
    <ele>302.0</ele>
   </trkpt>
   <trkpt lat="45.7049350" lon="4.7072260">
    <ele>302.0</ele>
   </trkpt>
   <trkpt lat="45.7049700" lon="4.7072230">
    <ele>302.0</ele>
   </trkpt>
   <trkpt lat="45.7050050" lon="4.7072200">
    <ele>303.0</ele>
   </trkpt>
   <trkpt lat="45.7050400" lon="4.7072160">
    <ele>303.0</ele>
   </trkpt>
   <trkpt lat="45.7050750" lon="4.7072140">
    <ele>303.0</ele>
   </trkpt>
   <trkpt lat="45.7051110" lon="4.7072120">
    <ele>303.0</ele>
   </trkpt>
   <trkpt lat="45.7051460" lon="4.7072110">
    <ele>303.0</ele>
   </trkpt>
   <trkpt lat="45.7051820" lon="4.7072100">
    <ele>304.0</ele>
   </trkpt>
   <trkpt lat="45.7052190" lon="4.7072090">
    <ele>304.0</ele>
   </trkpt>
   <trkpt lat="45.7052550" lon="4.7072090">
    <ele>304.0</ele>
   </trkpt>
   <trkpt lat="45.7052890" lon="4.7072200">
    <ele>304.0</ele>
   </trkpt>
   <trkpt lat="45.7053230" lon="4.7072310">
    <ele>304.0</ele>
   </trkpt>
   <trkpt lat="45.7053510" lon="4.7072640">
    <ele>305.0</ele>
   </trkpt>
   <trkpt lat="45.7053790" lon="4.7072970">
    <ele>305.0</ele>
   </trkpt>
   <trkpt lat="45.7053960" lon="4.7073510">
    <ele>305.0</ele>
   </trkpt>
   <trkpt lat="45.7054130" lon="4.7074060">
    <ele>305.0</ele>
   </trkpt>
   <trkpt lat="45.7054200" lon="4.7074680">
    <ele>305.0</ele>
   </trkpt>
   <trkpt lat="45.7054260" lon="4.7075300">
    <ele>306.0</ele>
   </trkpt>
   <trkpt lat="45.7054270" lon="4.7075910">
    <ele>306.0</ele>
   </trkpt>
   <trkpt lat="45.7054280" lon="4.7076530">
    <ele>306.0</ele>
   </trkpt>
   <trkpt lat="45.7054260" lon="4.7077130">
    <ele>306.0</ele>
   </trkpt>
   <trkpt lat="45.7054250" lon="4.7077730">
    <ele>306.0</ele>
   </trkpt>
   <trkpt lat="45.7054240" lon="4.7078340">
    <ele>306.0</ele>
   </trkpt>
   <trkpt lat="45.7054230" lon="4.7078950">
    <ele>305.0</ele>
   </trkpt>
   <trkpt lat="45.7054240" lon="4.7079570">
    <ele>305.0</ele>
   </trkpt>
   <trkpt lat="45.7054260" lon="4.7080190">
    <ele>305.0</ele>
   </trkpt>
   <trkpt lat="45.7054290" lon="4.7080810">
    <ele>305.0</ele>
   </trkpt>
   <trkpt lat="45.7054330" lon="4.7081430">
    <ele>305.0</ele>
   </trkpt>
   <trkpt lat="45.7054390" lon="4.7082030">
    <ele>305.0</ele>
   </trkpt>
   <trkpt lat="45.7054450" lon="4.7082630">
    <ele>305.0</ele>
   </trkpt>
   <trkpt lat="45.7054510" lon="4.7083220">
    <ele>305.0</ele>
   </trkpt>
   <trkpt lat="45.7054580" lon="4.7083800">
    <ele>305.0</ele>
   </trkpt>
   <trkpt lat="45.7054640" lon="4.7084390">
    <ele>305.0</ele>
   </trkpt>
   <trkpt lat="45.7054710" lon="4.7084980">
    <ele>305.0</ele>
   </trkpt>
   <trkpt lat="45.7054750" lon="4.7085580">
    <ele>305.0</ele>
   </trkpt>
   <trkpt lat="45.7054790" lon="4.7086180">
    <ele>305.0</ele>
   </trkpt>
   <trkpt lat="45.7054850" lon="4.7086750">
    <ele>305.0</ele>
   </trkpt>
   <trkpt lat="45.7054900" lon="4.7087330">
    <ele>305.0</ele>
   </trkpt>
   <trkpt lat="45.7054970" lon="4.7087870">
    <ele>305.0</ele>
   </trkpt>
   <trkpt lat="45.7055030" lon="4.7088420">
    <ele>305.0</ele>
   </trkpt>
   <trkpt lat="45.7055100" lon="4.7088970">
    <ele>305.0</ele>
   </trkpt>
   <trkpt lat="45.7055170" lon="4.7089530">
    <ele>305.0</ele>
   </trkpt>
   <trkpt lat="45.7055200" lon="4.7090100">
    <ele>305.0</ele>
   </trkpt>
   <trkpt lat="45.7055240" lon="4.7090670">
    <ele>304.0</ele>
   </trkpt>
   <trkpt lat="45.7055230" lon="4.7091270">
    <ele>304.0</ele>
   </trkpt>
   <trkpt lat="45.7055220" lon="4.7091870">
    <ele>304.0</ele>
   </trkpt>
   <trkpt lat="45.7055190" lon="4.7092480">
    <ele>304.0</ele>
   </trkpt>
   <trkpt lat="45.7055160" lon="4.7093090">
    <ele>304.0</ele>
   </trkpt>
   <trkpt lat="45.7055130" lon="4.7093700">
    <ele>304.0</ele>
   </trkpt>
   <trkpt lat="45.7055100" lon="4.7094310">
    <ele>304.0</ele>
   </trkpt>
   <trkpt lat="45.7055060" lon="4.7094930">
    <ele>304.0</ele>
   </trkpt>
   <trkpt lat="45.7055030" lon="4.7095540">
    <ele>304.0</ele>
   </trkpt>
   <trkpt lat="45.7054980" lon="4.7096140">
    <ele>304.0</ele>
   </trkpt>
   <trkpt lat="45.7054930" lon="4.7096740">
    <ele>304.0</ele>
   </trkpt>
   <trkpt lat="45.7054870" lon="4.7097320">
    <ele>304.0</ele>
   </trkpt>
   <trkpt lat="45.7054800" lon="4.7097900">
    <ele>304.0</ele>
   </trkpt>
   <trkpt lat="45.7054720" lon="4.7098480">
    <ele>304.0</ele>
   </trkpt>
   <trkpt lat="45.7054630" lon="4.7099060">
    <ele>304.0</ele>
   </trkpt>
   <trkpt lat="45.7054520" lon="4.7099630">
    <ele>304.0</ele>
   </trkpt>
   <trkpt lat="45.7054420" lon="4.7100210">
    <ele>304.0</ele>
   </trkpt>
   <trkpt lat="45.7054330" lon="4.7100780">
    <ele>304.0</ele>
   </trkpt>
   <trkpt lat="45.7054240" lon="4.7101350">
    <ele>304.0</ele>
   </trkpt>
   <trkpt lat="45.7054180" lon="4.7101920">
    <ele>304.0</ele>
   </trkpt>
   <trkpt lat="45.7054130" lon="4.7102480">
    <ele>303.0</ele>
   </trkpt>
   <trkpt lat="45.7054120" lon="4.7103060">
    <ele>303.0</ele>
   </trkpt>
   <trkpt lat="45.7054100" lon="4.7103640">
    <ele>303.0</ele>
   </trkpt>
   <trkpt lat="45.7054130" lon="4.7104220">
    <ele>303.0</ele>
   </trkpt>
   <trkpt lat="45.7054160" lon="4.7104800">
    <ele>303.0</ele>
   </trkpt>
   <trkpt lat="45.7054220" lon="4.7105360">
    <ele>303.0</ele>
   </trkpt>
   <trkpt lat="45.7054280" lon="4.7105930">
    <ele>303.0</ele>
   </trkpt>
   <trkpt lat="45.7054370" lon="4.7106490">
    <ele>303.0</ele>
   </trkpt>
   <trkpt lat="45.7054460" lon="4.7107050">
    <ele>303.0</ele>
   </trkpt>
   <trkpt lat="45.7054550" lon="4.7107590">
    <ele>303.0</ele>
   </trkpt>
   <trkpt lat="45.7054630" lon="4.7108140">
    <ele>303.0</ele>
   </trkpt>
   <trkpt lat="45.7054680" lon="4.7108700">
    <ele>303.0</ele>
   </trkpt>
   <trkpt lat="45.7054740" lon="4.7109260">
    <ele>303.0</ele>
   </trkpt>
   <trkpt lat="45.7054780" lon="4.7109810">
    <ele>303.0</ele>
   </trkpt>
   <trkpt lat="45.7054820" lon="4.7110360">
    <ele>304.0</ele>
   </trkpt>
   <trkpt lat="45.7054860" lon="4.7110910">
    <ele>304.0</ele>
   </trkpt>
   <trkpt lat="45.7054900" lon="4.7111460">
    <ele>304.0</ele>
   </trkpt>
   <trkpt lat="45.7054920" lon="4.7112030">
    <ele>304.0</ele>
   </trkpt>
   <trkpt lat="45.7054940" lon="4.7112600">
    <ele>304.0</ele>
   </trkpt>
   <trkpt lat="45.7054910" lon="4.7113150">
    <ele>304.0</ele>
   </trkpt>
   <trkpt lat="45.7054890" lon="4.7113710">
    <ele>304.0</ele>
   </trkpt>
   <trkpt lat="45.7054860" lon="4.7114260">
    <ele>304.0</ele>
   </trkpt>
   <trkpt lat="45.7054820" lon="4.7114820">
    <ele>304.0</ele>
   </trkpt>
   <trkpt lat="45.7054780" lon="4.7115370">
    <ele>304.0</ele>
   </trkpt>
   <trkpt lat="45.7054730" lon="4.7115910">
    <ele>304.0</ele>
   </trkpt>
   <trkpt lat="45.7054660" lon="4.7116460">
    <ele>304.0</ele>
   </trkpt>
   <trkpt lat="45.7054590" lon="4.7117000">
    <ele>304.0</ele>
   </trkpt>
   <trkpt lat="45.7054480" lon="4.7117550">
    <ele>304.0</ele>
   </trkpt>
   <trkpt lat="45.7054370" lon="4.7118100">
    <ele>304.0</ele>
   </trkpt>
   <trkpt lat="45.7054250" lon="4.7118630">
    <ele>305.0</ele>
   </trkpt>
   <trkpt lat="45.7054130" lon="4.7119170">
    <ele>305.0</ele>
   </trkpt>
   <trkpt lat="45.7054010" lon="4.7119690">
    <ele>305.0</ele>
   </trkpt>
   <trkpt lat="45.7053880" lon="4.7120210">
    <ele>305.0</ele>
   </trkpt>
   <trkpt lat="45.7053750" lon="4.7120730">
    <ele>305.0</ele>
   </trkpt>
   <trkpt lat="45.7053620" lon="4.7121240">
    <ele>306.0</ele>
   </trkpt>
   <trkpt lat="45.7053510" lon="4.7121760">
    <ele>306.0</ele>
   </trkpt>
   <trkpt lat="45.7053400" lon="4.7122270">
    <ele>306.0</ele>
   </trkpt>
   <trkpt lat="45.7053280" lon="4.7122780">
    <ele>306.0</ele>
   </trkpt>
   <trkpt lat="45.7053160" lon="4.7123290">
    <ele>306.0</ele>
   </trkpt>
   <trkpt lat="45.7053030" lon="4.7123800">
    <ele>307.0</ele>
   </trkpt>
   <trkpt lat="45.7052890" lon="4.7124320">
    <ele>307.0</ele>
   </trkpt>
   <trkpt lat="45.7052750" lon="4.7124850">
    <ele>307.0</ele>
   </trkpt>
   <trkpt lat="45.7052610" lon="4.7125380">
    <ele>307.0</ele>
   </trkpt>
   <trkpt lat="45.7052470" lon="4.7125900">
    <ele>307.0</ele>
   </trkpt>
   <trkpt lat="45.7052330" lon="4.7126420">
    <ele>308.0</ele>
   </trkpt>
   <trkpt lat="45.7052180" lon="4.7126910">
    <ele>308.0</ele>
   </trkpt>
   <trkpt lat="45.7052030" lon="4.7127410">
    <ele>308.0</ele>
   </trkpt>
   <trkpt lat="45.7051880" lon="4.7127900">
    <ele>308.0</ele>
   </trkpt>
   <trkpt lat="45.7051730" lon="4.7128390">
    <ele>308.0</ele>
   </trkpt>
   <trkpt lat="45.7051590" lon="4.7128880">
    <ele>308.0</ele>
   </trkpt>
   <trkpt lat="45.7051460" lon="4.7129380">
    <ele>308.0</ele>
   </trkpt>
   <trkpt lat="45.7051330" lon="4.7129870">
    <ele>308.0</ele>
   </trkpt>
   <trkpt lat="45.7051210" lon="4.7130360">
    <ele>308.0</ele>
   </trkpt>
   <trkpt lat="45.7051060" lon="4.7130830">
    <ele>308.0</ele>
   </trkpt>
   <trkpt lat="45.7050920" lon="4.7131310">
    <ele>309.0</ele>
   </trkpt>
   <trkpt lat="45.7050770" lon="4.7131780">
    <ele>309.0</ele>
   </trkpt>
   <trkpt lat="45.7050630" lon="4.7132260">
    <ele>309.0</ele>
   </trkpt>
   <trkpt lat="45.7050480" lon="4.7132720">
    <ele>309.0</ele>
   </trkpt>
   <trkpt lat="45.7050330" lon="4.7133180">
    <ele>309.0</ele>
   </trkpt>
   <trkpt lat="45.7050180" lon="4.7133620">
    <ele>309.0</ele>
   </trkpt>
   <trkpt lat="45.7050020" lon="4.7134070">
    <ele>309.0</ele>
   </trkpt>
   <trkpt lat="45.7049850" lon="4.7134500">
    <ele>309.0</ele>
   </trkpt>
   <trkpt lat="45.7049680" lon="4.7134920">
    <ele>309.0</ele>
   </trkpt>
   <trkpt lat="45.7049500" lon="4.7135350">
    <ele>309.0</ele>
   </trkpt>
   <trkpt lat="45.7049320" lon="4.7135780">
    <ele>310.0</ele>
   </trkpt>
   <trkpt lat="45.7049140" lon="4.7136230">
    <ele>310.0</ele>
   </trkpt>
   <trkpt lat="45.7048960" lon="4.7136680">
    <ele>310.0</ele>
   </trkpt>
   <trkpt lat="45.7048790" lon="4.7137140">
    <ele>310.0</ele>
   </trkpt>
   <trkpt lat="45.7048620" lon="4.7137590">
    <ele>310.0</ele>
   </trkpt>
   <trkpt lat="45.7048460" lon="4.7138050">
    <ele>311.0</ele>
   </trkpt>
   <trkpt lat="45.7048310" lon="4.7138520">
    <ele>311.0</ele>
   </trkpt>
   <trkpt lat="45.7048150" lon="4.7138980">
    <ele>311.0</ele>
   </trkpt>
   <trkpt lat="45.7047990" lon="4.7139440">
    <ele>312.0</ele>
   </trkpt>
   <trkpt lat="45.7047820" lon="4.7139890">
    <ele>312.0</ele>
   </trkpt>
   <trkpt lat="45.7047660" lon="4.7140340">
    <ele>313.0</ele>
   </trkpt>
   <trkpt lat="45.7047480" lon="4.7140790">
    <ele>313.0</ele>
   </trkpt>
   <trkpt lat="45.7047310" lon="4.7141240">
    <ele>313.0</ele>
   </trkpt>
   <trkpt lat="45.7047140" lon="4.7141690">
    <ele>313.0</ele>
   </trkpt>
   <trkpt lat="45.7046970" lon="4.7142140">
    <ele>313.0</ele>
   </trkpt>
   <trkpt lat="45.7046810" lon="4.7142620">
    <ele>314.0</ele>
   </trkpt>
   <trkpt lat="45.7046640" lon="4.7143100">
    <ele>314.0</ele>
   </trkpt>
   <trkpt lat="45.7046480" lon="4.7143610">
    <ele>314.0</ele>
   </trkpt>
   <trkpt lat="45.7046330" lon="4.7144110">
    <ele>314.0</ele>
   </trkpt>
   <trkpt lat="45.7046180" lon="4.7144610">
    <ele>314.0</ele>
   </trkpt>
   <trkpt lat="45.7046030" lon="4.7145120">
    <ele>315.0</ele>
   </trkpt>
   <trkpt lat="45.7045880" lon="4.7145610">
    <ele>315.0</ele>
   </trkpt>
   <trkpt lat="45.7045720" lon="4.7146110">
    <ele>315.0</ele>
   </trkpt>
   <trkpt lat="45.7045580" lon="4.7146600">
    <ele>315.0</ele>
   </trkpt>
   <trkpt lat="45.7045440" lon="4.7147090">
    <ele>315.0</ele>
   </trkpt>
   <trkpt lat="45.7045330" lon="4.7147580">
    <ele>315.0</ele>
   </trkpt>
   <trkpt lat="45.7045210" lon="4.7148070">
    <ele>315.0</ele>
   </trkpt>
   <trkpt lat="45.7045100" lon="4.7148570">
    <ele>315.0</ele>
   </trkpt>
   <trkpt lat="45.7044980" lon="4.7149060">
    <ele>315.0</ele>
   </trkpt>
   <trkpt lat="45.7044840" lon="4.7149580">
    <ele>315.0</ele>
   </trkpt>
   <trkpt lat="45.7044700" lon="4.7150090">
    <ele>315.0</ele>
   </trkpt>
   <trkpt lat="45.7044550" lon="4.7150600">
    <ele>315.0</ele>
   </trkpt>
   <trkpt lat="45.7044400" lon="4.7151110">
    <ele>315.0</ele>
   </trkpt>
   <trkpt lat="45.7044260" lon="4.7151630">
    <ele>315.0</ele>
   </trkpt>
   <trkpt lat="45.7044120" lon="4.7152150">
    <ele>315.0</ele>
   </trkpt>
   <trkpt lat="45.7044000" lon="4.7152650">
    <ele>316.0</ele>
   </trkpt>
   <trkpt lat="45.7043870" lon="4.7153160">
    <ele>316.0</ele>
   </trkpt>
   <trkpt lat="45.7043760" lon="4.7153660">
    <ele>316.0</ele>
   </trkpt>
   <trkpt lat="45.7043640" lon="4.7154160">
    <ele>316.0</ele>
   </trkpt>
   <trkpt lat="45.7043520" lon="4.7154660">
    <ele>316.0</ele>
   </trkpt>
   <trkpt lat="45.7043390" lon="4.7155160">
    <ele>316.0</ele>
   </trkpt>
   <trkpt lat="45.7043280" lon="4.7155660">
    <ele>316.0</ele>
   </trkpt>
   <trkpt lat="45.7043170" lon="4.7156160">
    <ele>316.0</ele>
   </trkpt>
   <trkpt lat="45.7043070" lon="4.7156660">
    <ele>316.0</ele>
   </trkpt>
   <trkpt lat="45.7042980" lon="4.7157170">
    <ele>316.0</ele>
   </trkpt>
   <trkpt lat="45.7042890" lon="4.7157690">
    <ele>317.0</ele>
   </trkpt>
   <trkpt lat="45.7042800" lon="4.7158210">
    <ele>317.0</ele>
   </trkpt>
   <trkpt lat="45.7042730" lon="4.7158750">
    <ele>317.0</ele>
   </trkpt>
   <trkpt lat="45.7042660" lon="4.7159280">
    <ele>317.0</ele>
   </trkpt>
   <trkpt lat="45.7042620" lon="4.7159840">
    <ele>317.0</ele>
   </trkpt>
   <trkpt lat="45.7042580" lon="4.7160400">
    <ele>318.0</ele>
   </trkpt>
   <trkpt lat="45.7042550" lon="4.7160960">
    <ele>318.0</ele>
   </trkpt>
   <trkpt lat="45.7042520" lon="4.7161530">
    <ele>318.0</ele>
   </trkpt>
   <trkpt lat="45.7042480" lon="4.7162090">
    <ele>318.0</ele>
   </trkpt>
   <trkpt lat="45.7042440" lon="4.7162660">
    <ele>318.0</ele>
   </trkpt>
   <trkpt lat="45.7042370" lon="4.7163230">
    <ele>319.0</ele>
   </trkpt>
   <trkpt lat="45.7042310" lon="4.7163810">
    <ele>319.0</ele>
   </trkpt>
   <trkpt lat="45.7042230" lon="4.7164370">
    <ele>319.0</ele>
   </trkpt>
   <trkpt lat="45.7042150" lon="4.7164930">
    <ele>319.0</ele>
   </trkpt>
   <trkpt lat="45.7042060" lon="4.7165470">
    <ele>319.0</ele>
   </trkpt>
   <trkpt lat="45.7041980" lon="4.7166020">
    <ele>320.0</ele>
   </trkpt>
   <trkpt lat="45.7041910" lon="4.7166560">
    <ele>320.0</ele>
   </trkpt>
   <trkpt lat="45.7041830" lon="4.7167100">
    <ele>320.0</ele>
   </trkpt>
   <trkpt lat="45.7041780" lon="4.7167650">
    <ele>320.0</ele>
   </trkpt>
   <trkpt lat="45.7041730" lon="4.7168210">
    <ele>320.0</ele>
   </trkpt>
   <trkpt lat="45.7041700" lon="4.7168780">
    <ele>320.0</ele>
   </trkpt>
   <trkpt lat="45.7041660" lon="4.7169350">
    <ele>320.0</ele>
   </trkpt>
   <trkpt lat="45.7041620" lon="4.7169950">
    <ele>320.0</ele>
   </trkpt>
   <trkpt lat="45.7041580" lon="4.7170540">
    <ele>320.0</ele>
   </trkpt>
   <trkpt lat="45.7041540" lon="4.7171120">
    <ele>320.0</ele>
   </trkpt>
   <trkpt lat="45.7041490" lon="4.7171710">
    <ele>320.0</ele>
   </trkpt>
   <trkpt lat="45.7041440" lon="4.7172300">
    <ele>320.0</ele>
   </trkpt>
   <trkpt lat="45.7041390" lon="4.7172900">
    <ele>320.0</ele>
   </trkpt>
   <trkpt lat="45.7041330" lon="4.7173500">
    <ele>320.0</ele>
   </trkpt>
   <trkpt lat="45.7041280" lon="4.7174110">
    <ele>320.0</ele>
   </trkpt>
   <trkpt lat="45.7041230" lon="4.7174730">
    <ele>320.0</ele>
   </trkpt>
   <trkpt lat="45.7041180" lon="4.7175360">
    <ele>320.0</ele>
   </trkpt>
   <trkpt lat="45.7041110" lon="4.7175980">
    <ele>320.0</ele>
   </trkpt>
   <trkpt lat="45.7041050" lon="4.7176600">
    <ele>320.0</ele>
   </trkpt>
   <trkpt lat="45.7040990" lon="4.7177230">
    <ele>320.0</ele>
   </trkpt>
   <trkpt lat="45.7040930" lon="4.7177860">
    <ele>320.0</ele>
   </trkpt>
   <trkpt lat="45.7040870" lon="4.7178510">
    <ele>320.0</ele>
   </trkpt>
   <trkpt lat="45.7040810" lon="4.7179160">
    <ele>320.0</ele>
   </trkpt>
   <trkpt lat="45.7040750" lon="4.7179820">
    <ele>320.0</ele>
   </trkpt>
   <trkpt lat="45.7040680" lon="4.7180490">
    <ele>320.0</ele>
   </trkpt>
   <trkpt lat="45.7040630" lon="4.7181120">
    <ele>320.0</ele>
   </trkpt>
   <trkpt lat="45.7040580" lon="4.7181760">
    <ele>319.0</ele>
   </trkpt>
   <trkpt lat="45.7040540" lon="4.7182390">
    <ele>319.0</ele>
   </trkpt>
   <trkpt lat="45.7040500" lon="4.7183020">
    <ele>318.0</ele>
   </trkpt>
   <trkpt lat="45.7040470" lon="4.7183650">
    <ele>318.0</ele>
   </trkpt>
   <trkpt lat="45.7040430" lon="4.7184290">
    <ele>318.0</ele>
   </trkpt>
   <trkpt lat="45.7040390" lon="4.7184930">
    <ele>317.0</ele>
   </trkpt>
   <trkpt lat="45.7040360" lon="4.7185560">
    <ele>317.0</ele>
   </trkpt>
   <trkpt lat="45.7040300" lon="4.7186190">
    <ele>317.0</ele>
   </trkpt>
   <trkpt lat="45.7040250" lon="4.7186820">
    <ele>317.0</ele>
   </trkpt>
   <trkpt lat="45.7040180" lon="4.7187440">
    <ele>317.0</ele>
   </trkpt>
   <trkpt lat="45.7040110" lon="4.7188060">
    <ele>316.0</ele>
   </trkpt>
   <trkpt lat="45.7040050" lon="4.7188680">
    <ele>316.0</ele>
   </trkpt>
   <trkpt lat="45.7039990" lon="4.7189290">
    <ele>316.0</ele>
   </trkpt>
   <trkpt lat="45.7039940" lon="4.7189900">
    <ele>316.0</ele>
   </trkpt>
   <trkpt lat="45.7039890" lon="4.7190510">
    <ele>316.0</ele>
   </trkpt>
   <trkpt lat="45.7039850" lon="4.7191110">
    <ele>315.0</ele>
   </trkpt>
   <trkpt lat="45.7039820" lon="4.7191710">
    <ele>315.0</ele>
   </trkpt>
   <trkpt lat="45.7039790" lon="4.7192310">
    <ele>315.0</ele>
   </trkpt>
   <trkpt lat="45.7039750" lon="4.7192920">
    <ele>315.0</ele>
   </trkpt>
   <trkpt lat="45.7039700" lon="4.7193530">
    <ele>315.0</ele>
   </trkpt>
   <trkpt lat="45.7039640" lon="4.7194150">
    <ele>314.0</ele>
   </trkpt>
   <trkpt lat="45.7039570" lon="4.7194770">
    <ele>314.0</ele>
   </trkpt>
   <trkpt lat="45.7039500" lon="4.7195390">
    <ele>314.0</ele>
   </trkpt>
   <trkpt lat="45.7039410" lon="4.7196010">
    <ele>314.0</ele>
   </trkpt>
   <trkpt lat="45.7039330" lon="4.7196630">
    <ele>314.0</ele>
   </trkpt>
   <trkpt lat="45.7039240" lon="4.7197230">
    <ele>313.0</ele>
   </trkpt>
   <trkpt lat="45.7039150" lon="4.7197840">
    <ele>313.0</ele>
   </trkpt>
   <trkpt lat="45.7039040" lon="4.7198430">
    <ele>313.0</ele>
   </trkpt>
   <trkpt lat="45.7038930" lon="4.7199020">
    <ele>313.0</ele>
   </trkpt>
   <trkpt lat="45.7038810" lon="4.7199610">
    <ele>313.0</ele>
   </trkpt>
   <trkpt lat="45.7038680" lon="4.7200200">
    <ele>313.0</ele>
   </trkpt>
   <trkpt lat="45.7038540" lon="4.7200810">
    <ele>313.0</ele>
   </trkpt>
   <trkpt lat="45.7038410" lon="4.7201420">
    <ele>313.0</ele>
   </trkpt>
   <trkpt lat="45.7038270" lon="4.7202040">
    <ele>313.0</ele>
   </trkpt>
   <trkpt lat="45.7038130" lon="4.7202650">
    <ele>313.0</ele>
   </trkpt>
   <trkpt lat="45.7038010" lon="4.7203260">
    <ele>312.0</ele>
   </trkpt>
   <trkpt lat="45.7037890" lon="4.7203880">
    <ele>312.0</ele>
   </trkpt>
   <trkpt lat="45.7037800" lon="4.7204490">
    <ele>312.0</ele>
   </trkpt>
   <trkpt lat="45.7037710" lon="4.7205110">
    <ele>312.0</ele>
   </trkpt>
   <trkpt lat="45.7037640" lon="4.7205730">
    <ele>312.0</ele>
   </trkpt>
   <trkpt lat="45.7037570" lon="4.7206350">
    <ele>311.0</ele>
   </trkpt>
   <trkpt lat="45.7037480" lon="4.7206950">
    <ele>311.0</ele>
   </trkpt>
   <trkpt lat="45.7037390" lon="4.7207560">
    <ele>311.0</ele>
   </trkpt>
   <trkpt lat="45.7037300" lon="4.7208160">
    <ele>311.0</ele>
   </trkpt>
   <trkpt lat="45.7037210" lon="4.7208760">
    <ele>311.0</ele>
   </trkpt>
   <trkpt lat="45.7037160" lon="4.7209340">
    <ele>311.0</ele>
   </trkpt>
   <trkpt lat="45.7037110" lon="4.7209930">
    <ele>311.0</ele>
   </trkpt>
   <trkpt lat="45.7037090" lon="4.7210520">
    <ele>311.0</ele>
   </trkpt>
   <trkpt lat="45.7037070" lon="4.7211110">
    <ele>311.0</ele>
   </trkpt>
   <trkpt lat="45.7037060" lon="4.7211710">
    <ele>311.0</ele>
   </trkpt>
   <trkpt lat="45.7037060" lon="4.7212300">
    <ele>311.0</ele>
   </trkpt>
   <trkpt lat="45.7037090" lon="4.7212880">
    <ele>311.0</ele>
   </trkpt>
   <trkpt lat="45.7037120" lon="4.7213460">
    <ele>311.0</ele>
   </trkpt>
   <trkpt lat="45.7037180" lon="4.7214030">
    <ele>311.0</ele>
   </trkpt>
   <trkpt lat="45.7037230" lon="4.7214600">
    <ele>312.0</ele>
   </trkpt>
   <trkpt lat="45.7037290" lon="4.7215170">
    <ele>312.0</ele>
   </trkpt>
   <trkpt lat="45.7037340" lon="4.7215740">
    <ele>312.0</ele>
   </trkpt>
   <trkpt lat="45.7037370" lon="4.7216310">
    <ele>312.0</ele>
   </trkpt>
   <trkpt lat="45.7037410" lon="4.7216880">
    <ele>312.0</ele>
   </trkpt>
   <trkpt lat="45.7037420" lon="4.7217450">
    <ele>312.0</ele>
   </trkpt>
   <trkpt lat="45.7037440" lon="4.7218020">
    <ele>312.0</ele>
   </trkpt>
   <trkpt lat="45.7037430" lon="4.7218600">
    <ele>312.0</ele>
   </trkpt>
   <trkpt lat="45.7037420" lon="4.7219180">
    <ele>312.0</ele>
   </trkpt>
   <trkpt lat="45.7037400" lon="4.7219780">
    <ele>312.0</ele>
   </trkpt>
   <trkpt lat="45.7037380" lon="4.7220370">
    <ele>312.0</ele>
   </trkpt>
   <trkpt lat="45.7037360" lon="4.7220970">
    <ele>312.0</ele>
   </trkpt>
   <trkpt lat="45.7037340" lon="4.7221560">
    <ele>312.0</ele>
   </trkpt>
   <trkpt lat="45.7037330" lon="4.7222150">
    <ele>312.0</ele>
   </trkpt>
   <trkpt lat="45.7037330" lon="4.7222740">
    <ele>312.0</ele>
   </trkpt>
   <trkpt lat="45.7037320" lon="4.7223330">
    <ele>312.0</ele>
   </trkpt>
   <trkpt lat="45.7037320" lon="4.7223920">
    <ele>312.0</ele>
   </trkpt>
   <trkpt lat="45.7037320" lon="4.7224520">
    <ele>312.0</ele>
   </trkpt>
   <trkpt lat="45.7037320" lon="4.7225120">
    <ele>312.0</ele>
   </trkpt>
   <trkpt lat="45.7037330" lon="4.7225720">
    <ele>312.0</ele>
   </trkpt>
   <trkpt lat="45.7037340" lon="4.7226330">
    <ele>312.0</ele>
   </trkpt>
   <trkpt lat="45.7037350" lon="4.7226920">
    <ele>312.0</ele>
   </trkpt>
   <trkpt lat="45.7037370" lon="4.7227510">
    <ele>312.0</ele>
   </trkpt>
   <trkpt lat="45.7037380" lon="4.7228130">
    <ele>312.0</ele>
   </trkpt>
   <trkpt lat="45.7037390" lon="4.7228740">
    <ele>312.0</ele>
   </trkpt>
   <trkpt lat="45.7037400" lon="4.7229350">
    <ele>312.0</ele>
   </trkpt>
   <trkpt lat="45.7037400" lon="4.7229970">
    <ele>312.0</ele>
   </trkpt>
   <trkpt lat="45.7037410" lon="4.7230580">
    <ele>312.0</ele>
   </trkpt>
   <trkpt lat="45.7037420" lon="4.7231180">
    <ele>312.0</ele>
   </trkpt>
   <trkpt lat="45.7037440" lon="4.7231770">
    <ele>312.0</ele>
   </trkpt>
   <trkpt lat="45.7037470" lon="4.7232360">
    <ele>312.0</ele>
   </trkpt>
   <trkpt lat="45.7037510" lon="4.7232950">
    <ele>312.0</ele>
   </trkpt>
   <trkpt lat="45.7037560" lon="4.7233530">
    <ele>312.0</ele>
   </trkpt>
   <trkpt lat="45.7037620" lon="4.7234120">
    <ele>312.0</ele>
   </trkpt>
   <trkpt lat="45.7037690" lon="4.7234700">
    <ele>312.0</ele>
   </trkpt>
   <trkpt lat="45.7037760" lon="4.7235290">
    <ele>312.0</ele>
   </trkpt>
   <trkpt lat="45.7037830" lon="4.7235890">
    <ele>311.0</ele>
   </trkpt>
   <trkpt lat="45.7037900" lon="4.7236480">
    <ele>311.0</ele>
   </trkpt>
   <trkpt lat="45.7037970" lon="4.7237080">
    <ele>311.0</ele>
   </trkpt>
   <trkpt lat="45.7038050" lon="4.7237680">
    <ele>311.0</ele>
   </trkpt>
   <trkpt lat="45.7038120" lon="4.7238280">
    <ele>311.0</ele>
   </trkpt>
   <trkpt lat="45.7038180" lon="4.7238870">
    <ele>311.0</ele>
   </trkpt>
   <trkpt lat="45.7038240" lon="4.7239460">
    <ele>311.0</ele>
   </trkpt>
   <trkpt lat="45.7038310" lon="4.7240030">
    <ele>311.0</ele>
   </trkpt>
   <trkpt lat="45.7038370" lon="4.7240600">
    <ele>311.0</ele>
   </trkpt>
   <trkpt lat="45.7038440" lon="4.7241170">
    <ele>311.0</ele>
   </trkpt>
   <trkpt lat="45.7038510" lon="4.7241730">
    <ele>311.0</ele>
   </trkpt>
   <trkpt lat="45.7038580" lon="4.7242300">
    <ele>311.0</ele>
   </trkpt>
   <trkpt lat="45.7038650" lon="4.7242880">
    <ele>311.0</ele>
   </trkpt>
   <trkpt lat="45.7038740" lon="4.7243460">
    <ele>311.0</ele>
   </trkpt>
   <trkpt lat="45.7038820" lon="4.7244040">
    <ele>311.0</ele>
   </trkpt>
   <trkpt lat="45.7038910" lon="4.7244610">
    <ele>311.0</ele>
   </trkpt>
   <trkpt lat="45.7039010" lon="4.7245180">
    <ele>311.0</ele>
   </trkpt>
   <trkpt lat="45.7039100" lon="4.7245740">
    <ele>311.0</ele>
   </trkpt>
   <trkpt lat="45.7039180" lon="4.7246310">
    <ele>311.0</ele>
   </trkpt>
   <trkpt lat="45.7039260" lon="4.7246880">
    <ele>311.0</ele>
   </trkpt>
   <trkpt lat="45.7039340" lon="4.7247450">
    <ele>310.0</ele>
   </trkpt>
   <trkpt lat="45.7039420" lon="4.7248040">
    <ele>310.0</ele>
   </trkpt>
   <trkpt lat="45.7039500" lon="4.7248630">
    <ele>310.0</ele>
   </trkpt>
   <trkpt lat="45.7039580" lon="4.7249210">
    <ele>310.0</ele>
   </trkpt>
   <trkpt lat="45.7039670" lon="4.7249800">
    <ele>310.0</ele>
   </trkpt>
   <trkpt lat="45.7039750" lon="4.7250360">
    <ele>309.0</ele>
   </trkpt>
   <trkpt lat="45.7039830" lon="4.7250930">
    <ele>309.0</ele>
   </trkpt>
   <trkpt lat="45.7039910" lon="4.7251490">
    <ele>309.0</ele>
   </trkpt>
   <trkpt lat="45.7039990" lon="4.7252060">
    <ele>309.0</ele>
   </trkpt>
   <trkpt lat="45.7040080" lon="4.7252640">
    <ele>309.0</ele>
   </trkpt>
   <trkpt lat="45.7040180" lon="4.7253220">
    <ele>309.0</ele>
   </trkpt>
   <trkpt lat="45.7040290" lon="4.7253800">
    <ele>309.0</ele>
   </trkpt>
   <trkpt lat="45.7040400" lon="4.7254390">
    <ele>309.0</ele>
   </trkpt>
   <trkpt lat="45.7040510" lon="4.7254970">
    <ele>309.0</ele>
   </trkpt>
   <trkpt lat="45.7040620" lon="4.7255550">
    <ele>309.0</ele>
   </trkpt>
   <trkpt lat="45.7040730" lon="4.7256140">
    <ele>308.0</ele>
   </trkpt>
   <trkpt lat="45.7040830" lon="4.7256720">
    <ele>308.0</ele>
   </trkpt>
   <trkpt lat="45.7040920" lon="4.7257300">
    <ele>308.0</ele>
   </trkpt>
   <trkpt lat="45.7041020" lon="4.7257870">
    <ele>308.0</ele>
   </trkpt>
   <trkpt lat="45.7041120" lon="4.7258460">
    <ele>308.0</ele>
   </trkpt>
   <trkpt lat="45.7041220" lon="4.7259040">
    <ele>308.0</ele>
   </trkpt>
   <trkpt lat="45.7041320" lon="4.7259630">
    <ele>308.0</ele>
   </trkpt>
   <trkpt lat="45.7041420" lon="4.7260220">
    <ele>308.0</ele>
   </trkpt>
   <trkpt lat="45.7041520" lon="4.7260810">
    <ele>308.0</ele>
   </trkpt>
   <trkpt lat="45.7041610" lon="4.7261400">
    <ele>308.0</ele>
   </trkpt>
   <trkpt lat="45.7041700" lon="4.7261980">
    <ele>308.0</ele>
   </trkpt>
   <trkpt lat="45.7041800" lon="4.7262570">
    <ele>308.0</ele>
   </trkpt>
   <trkpt lat="45.7041880" lon="4.7263140">
    <ele>308.0</ele>
   </trkpt>
   <trkpt lat="45.7041970" lon="4.7263720">
    <ele>308.0</ele>
   </trkpt>
   <trkpt lat="45.7042060" lon="4.7264300">
    <ele>308.0</ele>
   </trkpt>
   <trkpt lat="45.7042150" lon="4.7264880">
    <ele>308.0</ele>
   </trkpt>
   <trkpt lat="45.7042240" lon="4.7265470">
    <ele>308.0</ele>
   </trkpt>
   <trkpt lat="45.7042340" lon="4.7266050">
    <ele>308.0</ele>
   </trkpt>
   <trkpt lat="45.7042430" lon="4.7266640">
    <ele>308.0</ele>
   </trkpt>
   <trkpt lat="45.7042530" lon="4.7267220">
    <ele>308.0</ele>
   </trkpt>
   <trkpt lat="45.7042610" lon="4.7267790">
    <ele>308.0</ele>
   </trkpt>
   <trkpt lat="45.7042690" lon="4.7268360">
    <ele>308.0</ele>
   </trkpt>
   <trkpt lat="45.7042770" lon="4.7268920">
    <ele>308.0</ele>
   </trkpt>
   <trkpt lat="45.7042850" lon="4.7269490">
    <ele>308.0</ele>
   </trkpt>
   <trkpt lat="45.7042930" lon="4.7270060">
    <ele>308.0</ele>
   </trkpt>
   <trkpt lat="45.7043020" lon="4.7270630">
    <ele>307.0</ele>
   </trkpt>
   <trkpt lat="45.7043120" lon="4.7271190">
    <ele>307.0</ele>
   </trkpt>
   <trkpt lat="45.7043220" lon="4.7271760">
    <ele>307.0</ele>
   </trkpt>
   <trkpt lat="45.7043320" lon="4.7272310">
    <ele>307.0</ele>
   </trkpt>
   <trkpt lat="45.7043420" lon="4.7272870">
    <ele>307.0</ele>
   </trkpt>
   <trkpt lat="45.7043510" lon="4.7273430">
    <ele>307.0</ele>
   </trkpt>
   <trkpt lat="45.7043610" lon="4.7273990">
    <ele>307.0</ele>
   </trkpt>
   <trkpt lat="45.7043710" lon="4.7274560">
    <ele>307.0</ele>
   </trkpt>
   <trkpt lat="45.7043810" lon="4.7275120">
    <ele>307.0</ele>
   </trkpt>
   <trkpt lat="45.7043900" lon="4.7275670">
    <ele>307.0</ele>
   </trkpt>
   <trkpt lat="45.7043990" lon="4.7276230">
    <ele>307.0</ele>
   </trkpt>
   <trkpt lat="45.7044070" lon="4.7276770">
    <ele>307.0</ele>
   </trkpt>
   <trkpt lat="45.7044140" lon="4.7277320">
    <ele>307.0</ele>
   </trkpt>
   <trkpt lat="45.7044200" lon="4.7277870">
    <ele>307.0</ele>
   </trkpt>
   <trkpt lat="45.7044260" lon="4.7278430">
    <ele>307.0</ele>
   </trkpt>
   <trkpt lat="45.7044260" lon="4.7279010">
    <ele>307.0</ele>
   </trkpt>
   <trkpt lat="45.7044250" lon="4.7279590">
    <ele>307.0</ele>
   </trkpt>
   <trkpt lat="45.7044180" lon="4.7280170">
    <ele>307.0</ele>
   </trkpt>
   <trkpt lat="45.7044110" lon="4.7280750">
    <ele>307.0</ele>
   </trkpt>
   <trkpt lat="45.7043980" lon="4.7281320">
    <ele>307.0</ele>
   </trkpt>
   <trkpt lat="45.7043840" lon="4.7281880">
    <ele>307.0</ele>
   </trkpt>
   <trkpt lat="45.7043670" lon="4.7282430">
    <ele>307.0</ele>
   </trkpt>
   <trkpt lat="45.7043500" lon="4.7282980">
    <ele>307.0</ele>
   </trkpt>
   <trkpt lat="45.7043300" lon="4.7283500">
    <ele>307.0</ele>
   </trkpt>
   <trkpt lat="45.7043100" lon="4.7284010">
    <ele>307.0</ele>
   </trkpt>
   <trkpt lat="45.7042890" lon="4.7284500">
    <ele>307.0</ele>
   </trkpt>
   <trkpt lat="45.7042680" lon="4.7284990">
    <ele>307.0</ele>
   </trkpt>
   <trkpt lat="45.7042470" lon="4.7285470">
    <ele>307.0</ele>
   </trkpt>
   <trkpt lat="45.7042250" lon="4.7285940">
    <ele>307.0</ele>
   </trkpt>
   <trkpt lat="45.7042020" lon="4.7286400">
    <ele>307.0</ele>
   </trkpt>
   <trkpt lat="45.7041800" lon="4.7286850">
    <ele>306.0</ele>
   </trkpt>
   <trkpt lat="45.7041560" lon="4.7287290">
    <ele>306.0</ele>
   </trkpt>
   <trkpt lat="45.7041320" lon="4.7287730">
    <ele>306.0</ele>
   </trkpt>
   <trkpt lat="45.7041080" lon="4.7288180">
    <ele>306.0</ele>
   </trkpt>
   <trkpt lat="45.7040840" lon="4.7288630">
    <ele>306.0</ele>
   </trkpt>
   <trkpt lat="45.7040600" lon="4.7289080">
    <ele>306.0</ele>
   </trkpt>
   <trkpt lat="45.7040360" lon="4.7289530">
    <ele>306.0</ele>
   </trkpt>
   <trkpt lat="45.7040120" lon="4.7289980">
    <ele>306.0</ele>
   </trkpt>
   <trkpt lat="45.7039880" lon="4.7290430">
    <ele>306.0</ele>
   </trkpt>
   <trkpt lat="45.7039630" lon="4.7290860">
    <ele>306.0</ele>
   </trkpt>
   <trkpt lat="45.7039390" lon="4.7291300">
    <ele>306.0</ele>
   </trkpt>
   <trkpt lat="45.7039140" lon="4.7291720">
    <ele>306.0</ele>
   </trkpt>
   <trkpt lat="45.7038900" lon="4.7292150">
    <ele>306.0</ele>
   </trkpt>
   <trkpt lat="45.7038680" lon="4.7292600">
    <ele>306.0</ele>
   </trkpt>
   <trkpt lat="45.7038460" lon="4.7293060">
    <ele>306.0</ele>
   </trkpt>
   <trkpt lat="45.7038250" lon="4.7293530">
    <ele>306.0</ele>
   </trkpt>
   <trkpt lat="45.7038050" lon="4.7294000">
    <ele>306.0</ele>
   </trkpt>
   <trkpt lat="45.7037840" lon="4.7294480">
    <ele>306.0</ele>
   </trkpt>
   <trkpt lat="45.7037640" lon="4.7294960">
    <ele>306.0</ele>
   </trkpt>
   <trkpt lat="45.7037450" lon="4.7295440">
    <ele>306.0</ele>
   </trkpt>
   <trkpt lat="45.7037250" lon="4.7295920">
    <ele>306.0</ele>
   </trkpt>
   <trkpt lat="45.7037060" lon="4.7296400">
    <ele>306.0</ele>
   </trkpt>
   <trkpt lat="45.7036860" lon="4.7296880">
    <ele>306.0</ele>
   </trkpt>
   <trkpt lat="45.7036660" lon="4.7297360">
    <ele>306.0</ele>
   </trkpt>
   <trkpt lat="45.7036460" lon="4.7297830">
    <ele>307.0</ele>
   </trkpt>
   <trkpt lat="45.7036240" lon="4.7298300">
    <ele>307.0</ele>
   </trkpt>
   <trkpt lat="45.7036020" lon="4.7298770">
    <ele>307.0</ele>
   </trkpt>
   <trkpt lat="45.7035800" lon="4.7299250">
    <ele>307.0</ele>
   </trkpt>
   <trkpt lat="45.7035580" lon="4.7299720">
    <ele>307.0</ele>
   </trkpt>
   <trkpt lat="45.7035370" lon="4.7300210">
    <ele>307.0</ele>
   </trkpt>
   <trkpt lat="45.7035170" lon="4.7300690">
    <ele>306.0</ele>
   </trkpt>
   <trkpt lat="45.7034970" lon="4.7301170">
    <ele>306.0</ele>
   </trkpt>
   <trkpt lat="45.7034770" lon="4.7301650">
    <ele>306.0</ele>
   </trkpt>
   <trkpt lat="45.7034570" lon="4.7302130">
    <ele>306.0</ele>
   </trkpt>
   <trkpt lat="45.7034370" lon="4.7302610">
    <ele>306.0</ele>
   </trkpt>
   <trkpt lat="45.7034200" lon="4.7303100">
    <ele>306.0</ele>
   </trkpt>
   <trkpt lat="45.7034030" lon="4.7303600">
    <ele>306.0</ele>
   </trkpt>
   <trkpt lat="45.7033870" lon="4.7304110">
    <ele>306.0</ele>
   </trkpt>
   <trkpt lat="45.7033720" lon="4.7304630">
    <ele>306.0</ele>
   </trkpt>
   <trkpt lat="45.7033570" lon="4.7305140">
    <ele>306.0</ele>
   </trkpt>
   <trkpt lat="45.7033430" lon="4.7305650">
    <ele>306.0</ele>
   </trkpt>
   <trkpt lat="45.7033300" lon="4.7306150">
    <ele>306.0</ele>
   </trkpt>
   <trkpt lat="45.7033180" lon="4.7306650">
    <ele>306.0</ele>
   </trkpt>
   <trkpt lat="45.7033110" lon="4.7307160">
    <ele>306.0</ele>
   </trkpt>
   <trkpt lat="45.7033040" lon="4.7307680">
    <ele>306.0</ele>
   </trkpt>
   <trkpt lat="45.7033090" lon="4.7308190">
    <ele>306.0</ele>
   </trkpt>
   <trkpt lat="45.7033140" lon="4.7308710">
    <ele>306.0</ele>
   </trkpt>
   <trkpt lat="45.7033320" lon="4.7309170">
    <ele>306.0</ele>
   </trkpt>
   <trkpt lat="45.7033500" lon="4.7309630">
    <ele>306.0</ele>
   </trkpt>
   <trkpt lat="45.7033780" lon="4.7310030">
    <ele>306.0</ele>
   </trkpt>
   <trkpt lat="45.7034060" lon="4.7310440">
    <ele>306.0</ele>
   </trkpt>
   <trkpt lat="45.7034360" lon="4.7310830">
    <ele>306.0</ele>
   </trkpt>
   <trkpt lat="45.7034670" lon="4.7311220">
    <ele>306.0</ele>
   </trkpt>
   <trkpt lat="45.7034970" lon="4.7311610">
    <ele>306.0</ele>
   </trkpt>
   <trkpt lat="45.7035270" lon="4.7311990">
    <ele>306.0</ele>
   </trkpt>
   <trkpt lat="45.7035580" lon="4.7312360">
    <ele>306.0</ele>
   </trkpt>
   <trkpt lat="45.7035880" lon="4.7312720">
    <ele>306.0</ele>
   </trkpt>
   <trkpt lat="45.7036190" lon="4.7313090">
    <ele>306.0</ele>
   </trkpt>
   <trkpt lat="45.7036510" lon="4.7313460">
    <ele>306.0</ele>
   </trkpt>
   <trkpt lat="45.7036830" lon="4.7313810">
    <ele>306.0</ele>
   </trkpt>
   <trkpt lat="45.7037160" lon="4.7314170">
    <ele>306.0</ele>
   </trkpt>
   <trkpt lat="45.7037510" lon="4.7314510">
    <ele>306.0</ele>
   </trkpt>
   <trkpt lat="45.7037850" lon="4.7314850">
    <ele>306.0</ele>
   </trkpt>
   <trkpt lat="45.7038210" lon="4.7315140">
    <ele>306.0</ele>
   </trkpt>
   <trkpt lat="45.7038570" lon="4.7315440">
    <ele>307.0</ele>
   </trkpt>
   <trkpt lat="45.7038930" lon="4.7315720">
    <ele>307.0</ele>
   </trkpt>
   <trkpt lat="45.7039280" lon="4.7316000">
    <ele>307.0</ele>
   </trkpt>
   <trkpt lat="45.7039640" lon="4.7316280">
    <ele>307.0</ele>
   </trkpt>
   <trkpt lat="45.7040000" lon="4.7316560">
    <ele>307.0</ele>
   </trkpt>
   <trkpt lat="45.7040360" lon="4.7316820">
    <ele>307.0</ele>
   </trkpt>
   <trkpt lat="45.7040730" lon="4.7317080">
    <ele>307.0</ele>
   </trkpt>
   <trkpt lat="45.7041080" lon="4.7317340">
    <ele>307.0</ele>
   </trkpt>
   <trkpt lat="45.7041440" lon="4.7317590">
    <ele>307.0</ele>
   </trkpt>
   <trkpt lat="45.7041780" lon="4.7317830">
    <ele>307.0</ele>
   </trkpt>
   <trkpt lat="45.7042120" lon="4.7318060">
    <ele>307.0</ele>
   </trkpt>
   <trkpt lat="45.7042460" lon="4.7318280">
    <ele>306.0</ele>
   </trkpt>
   <trkpt lat="45.7042810" lon="4.7318500">
    <ele>306.0</ele>
   </trkpt>
   <trkpt lat="45.7043170" lon="4.7318740">
    <ele>306.0</ele>
   </trkpt>
   <trkpt lat="45.7043520" lon="4.7318980">
    <ele>306.0</ele>
   </trkpt>
   <trkpt lat="45.7043890" lon="4.7319240">
    <ele>306.0</ele>
   </trkpt>
   <trkpt lat="45.7044260" lon="4.7319490">
    <ele>306.0</ele>
   </trkpt>
   <trkpt lat="45.7044630" lon="4.7319750">
    <ele>306.0</ele>
   </trkpt>
   <trkpt lat="45.7045000" lon="4.7320010">
    <ele>306.0</ele>
   </trkpt>
   <trkpt lat="45.7045370" lon="4.7320260">
    <ele>306.0</ele>
   </trkpt>
   <trkpt lat="45.7045730" lon="4.7320520">
    <ele>306.0</ele>
   </trkpt>
   <trkpt lat="45.7046090" lon="4.7320770">
    <ele>306.0</ele>
   </trkpt>
   <trkpt lat="45.7046440" lon="4.7321020">
    <ele>306.0</ele>
   </trkpt>
   <trkpt lat="45.7046790" lon="4.7321250">
    <ele>306.0</ele>
   </trkpt>
   <trkpt lat="45.7047140" lon="4.7321490">
    <ele>306.0</ele>
   </trkpt>
   <trkpt lat="45.7047490" lon="4.7321730">
    <ele>306.0</ele>
   </trkpt>
   <trkpt lat="45.7047840" lon="4.7321970">
    <ele>306.0</ele>
   </trkpt>
   <trkpt lat="45.7048210" lon="4.7322230">
    <ele>306.0</ele>
   </trkpt>
   <trkpt lat="45.7048580" lon="4.7322490">
    <ele>306.0</ele>
   </trkpt>
   <trkpt lat="45.7048960" lon="4.7322760">
    <ele>306.0</ele>
   </trkpt>
   <trkpt lat="45.7049350" lon="4.7323020">
    <ele>306.0</ele>
   </trkpt>
   <trkpt lat="45.7049730" lon="4.7323290">
    <ele>306.0</ele>
   </trkpt>
   <trkpt lat="45.7050110" lon="4.7323550">
    <ele>306.0</ele>
   </trkpt>
   <trkpt lat="45.7050480" lon="4.7323810">
    <ele>306.0</ele>
   </trkpt>
   <trkpt lat="45.7050850" lon="4.7324070">
    <ele>306.0</ele>
   </trkpt>
   <trkpt lat="45.7051210" lon="4.7324330">
    <ele>307.0</ele>
   </trkpt>
   <trkpt lat="45.7051570" lon="4.7324580">
    <ele>307.0</ele>
   </trkpt>
   <trkpt lat="45.7051930" lon="4.7324840">
    <ele>307.0</ele>
   </trkpt>
   <trkpt lat="45.7052280" lon="4.7325100">
    <ele>307.0</ele>
   </trkpt>
   <trkpt lat="45.7052640" lon="4.7325350">
    <ele>307.0</ele>
   </trkpt>
   <trkpt lat="45.7053000" lon="4.7325600">
    <ele>307.0</ele>
   </trkpt>
   <trkpt lat="45.7053360" lon="4.7325870">
    <ele>307.0</ele>
   </trkpt>
   <trkpt lat="45.7053730" lon="4.7326130">
    <ele>307.0</ele>
   </trkpt>
   <trkpt lat="45.7054100" lon="4.7326400">
    <ele>307.0</ele>
   </trkpt>
   <trkpt lat="45.7054470" lon="4.7326680">
    <ele>307.0</ele>
   </trkpt>
   <trkpt lat="45.7054850" lon="4.7326950">
    <ele>307.0</ele>
   </trkpt>
   <trkpt lat="45.7055230" lon="4.7327230">
    <ele>306.0</ele>
   </trkpt>
   <trkpt lat="45.7055580" lon="4.7327530">
    <ele>306.0</ele>
   </trkpt>
   <trkpt lat="45.7055940" lon="4.7327830">
    <ele>306.0</ele>
   </trkpt>
   <trkpt lat="45.7056270" lon="4.7328160">
    <ele>306.0</ele>
   </trkpt>
   <trkpt lat="45.7056600" lon="4.7328490">
    <ele>306.0</ele>
   </trkpt>
   <trkpt lat="45.7056920" lon="4.7328850">
    <ele>306.0</ele>
   </trkpt>
   <trkpt lat="45.7057230" lon="4.7329210">
    <ele>306.0</ele>
   </trkpt>
   <trkpt lat="45.7057540" lon="4.7329560">
    <ele>306.0</ele>
   </trkpt>
   <trkpt lat="45.7057840" lon="4.7329910">
    <ele>306.0</ele>
   </trkpt>
   <trkpt lat="45.7058140" lon="4.7330260">
    <ele>306.0</ele>
   </trkpt>
   <trkpt lat="45.7058440" lon="4.7330610">
    <ele>306.0</ele>
   </trkpt>
   <trkpt lat="45.7058740" lon="4.7330990">
    <ele>306.0</ele>
   </trkpt>
   <trkpt lat="45.7059030" lon="4.7331370">
    <ele>306.0</ele>
   </trkpt>
   <trkpt lat="45.7059320" lon="4.7331780">
    <ele>306.0</ele>
   </trkpt>
   <trkpt lat="45.7059610" lon="4.7332200">
    <ele>306.0</ele>
   </trkpt>
   <trkpt lat="45.7059900" lon="4.7332630">
    <ele>306.0</ele>
   </trkpt>
   <trkpt lat="45.7060190" lon="4.7333070">
    <ele>306.0</ele>
   </trkpt>
   <trkpt lat="45.7060460" lon="4.7333500">
    <ele>306.0</ele>
   </trkpt>
   <trkpt lat="45.7060730" lon="4.7333930">
    <ele>306.0</ele>
   </trkpt>
   <trkpt lat="45.7061000" lon="4.7334350">
    <ele>306.0</ele>
   </trkpt>
   <trkpt lat="45.7061260" lon="4.7334770">
    <ele>306.0</ele>
   </trkpt>
   <trkpt lat="45.7061520" lon="4.7335180">
    <ele>306.0</ele>
   </trkpt>
   <trkpt lat="45.7061790" lon="4.7335600">
    <ele>306.0</ele>
   </trkpt>
   <trkpt lat="45.7062060" lon="4.7336000">
    <ele>306.0</ele>
   </trkpt>
   <trkpt lat="45.7062340" lon="4.7336410">
    <ele>307.0</ele>
   </trkpt>
   <trkpt lat="45.7062620" lon="4.7336820">
    <ele>307.0</ele>
   </trkpt>
   <trkpt lat="45.7062900" lon="4.7337230">
    <ele>307.0</ele>
   </trkpt>
   <trkpt lat="45.7063170" lon="4.7337650">
    <ele>307.0</ele>
   </trkpt>
   <trkpt lat="45.7063450" lon="4.7338060">
    <ele>307.0</ele>
   </trkpt>
   <trkpt lat="45.7063710" lon="4.7338450">
    <ele>307.0</ele>
   </trkpt>
   <trkpt lat="45.7063980" lon="4.7338850">
    <ele>307.0</ele>
   </trkpt>
   <trkpt lat="45.7064230" lon="4.7339230">
    <ele>307.0</ele>
   </trkpt>
   <trkpt lat="45.7064480" lon="4.7339610">
    <ele>307.0</ele>
   </trkpt>
   <trkpt lat="45.7064730" lon="4.7339980">
    <ele>307.0</ele>
   </trkpt>
   <trkpt lat="45.7064980" lon="4.7340360">
    <ele>307.0</ele>
   </trkpt>
   <trkpt lat="45.7065240" lon="4.7340740">
    <ele>306.0</ele>
   </trkpt>
   <trkpt lat="45.7065490" lon="4.7341130">
    <ele>306.0</ele>
   </trkpt>
   <trkpt lat="45.7065750" lon="4.7341490">
    <ele>306.0</ele>
   </trkpt>
   <trkpt lat="45.7066010" lon="4.7341850">
    <ele>306.0</ele>
   </trkpt>
   <trkpt lat="45.7066270" lon="4.7342210">
    <ele>306.0</ele>
   </trkpt>
   <trkpt lat="45.7066540" lon="4.7342580">
    <ele>306.0</ele>
   </trkpt>
   <trkpt lat="45.7066810" lon="4.7342950">
    <ele>306.0</ele>
   </trkpt>
   <trkpt lat="45.7067090" lon="4.7343320">
    <ele>306.0</ele>
   </trkpt>
   <trkpt lat="45.7067370" lon="4.7343680">
    <ele>306.0</ele>
   </trkpt>
   <trkpt lat="45.7067650" lon="4.7344040">
    <ele>307.0</ele>
   </trkpt>
   <trkpt lat="45.7067920" lon="4.7344390">
    <ele>307.0</ele>
   </trkpt>
   <trkpt lat="45.7068200" lon="4.7344750">
    <ele>307.0</ele>
   </trkpt>
   <trkpt lat="45.7068490" lon="4.7345100">
    <ele>307.0</ele>
   </trkpt>
   <trkpt lat="45.7068780" lon="4.7345450">
    <ele>307.0</ele>
   </trkpt>
   <trkpt lat="45.7069070" lon="4.7345780">
    <ele>308.0</ele>
   </trkpt>
   <trkpt lat="45.7069370" lon="4.7346110">
    <ele>308.0</ele>
   </trkpt>
   <trkpt lat="45.7069670" lon="4.7346440">
    <ele>308.0</ele>
   </trkpt>
   <trkpt lat="45.7069980" lon="4.7346760">
    <ele>308.0</ele>
   </trkpt>
   <trkpt lat="45.7070280" lon="4.7347070">
    <ele>308.0</ele>
   </trkpt>
   <trkpt lat="45.7070590" lon="4.7347380">
    <ele>309.0</ele>
   </trkpt>
   <trkpt lat="45.7070890" lon="4.7347700">
    <ele>309.0</ele>
   </trkpt>
   <trkpt lat="45.7071190" lon="4.7348020">
    <ele>309.0</ele>
   </trkpt>
   <trkpt lat="45.7071490" lon="4.7348360">
    <ele>309.0</ele>
   </trkpt>
   <trkpt lat="45.7071790" lon="4.7348690">
    <ele>309.0</ele>
   </trkpt>
   <trkpt lat="45.7072120" lon="4.7349020">
    <ele>309.0</ele>
   </trkpt>
   <trkpt lat="45.7072440" lon="4.7349360">
    <ele>309.0</ele>
   </trkpt>
   <trkpt lat="45.7072770" lon="4.7349690">
    <ele>309.0</ele>
   </trkpt>
   <trkpt lat="45.7073090" lon="4.7350030">
    <ele>309.0</ele>
   </trkpt>
   <trkpt lat="45.7073420" lon="4.7350360">
    <ele>309.0</ele>
   </trkpt>
   <trkpt lat="45.7073740" lon="4.7350680">
    <ele>309.0</ele>
   </trkpt>
   <trkpt lat="45.7074070" lon="4.7351010">
    <ele>309.0</ele>
   </trkpt>
   <trkpt lat="45.7074400" lon="4.7351330">
    <ele>309.0</ele>
   </trkpt>
   <trkpt lat="45.7074730" lon="4.7351600">
    <ele>309.0</ele>
   </trkpt>
   <trkpt lat="45.7075060" lon="4.7351860">
    <ele>309.0</ele>
   </trkpt>
   <trkpt lat="45.7075360" lon="4.7351890">
    <ele>309.0</ele>
   </trkpt>
   <trkpt lat="45.7075660" lon="4.7351920">
    <ele>309.0</ele>
   </trkpt>
   <trkpt lat="45.7075830" lon="4.7351600">
    <ele>309.0</ele>
   </trkpt>
   <trkpt lat="45.7076010" lon="4.7351290">
    <ele>309.0</ele>
   </trkpt>
   <trkpt lat="45.7076070" lon="4.7350720">
    <ele>309.0</ele>
   </trkpt>
   <trkpt lat="45.7076130" lon="4.7350160">
    <ele>310.0</ele>
   </trkpt>
   <trkpt lat="45.7076170" lon="4.7349530">
    <ele>310.0</ele>
   </trkpt>
   <trkpt lat="45.7076200" lon="4.7348890">
    <ele>310.0</ele>
   </trkpt>
   <trkpt lat="45.7076260" lon="4.7348270">
    <ele>310.0</ele>
   </trkpt>
   <trkpt lat="45.7076320" lon="4.7347640">
    <ele>310.0</ele>
   </trkpt>
   <trkpt lat="45.7076430" lon="4.7347060">
    <ele>310.0</ele>
   </trkpt>
   <trkpt lat="45.7076530" lon="4.7346480">
    <ele>310.0</ele>
   </trkpt>
   <trkpt lat="45.7076700" lon="4.7345960">
    <ele>310.0</ele>
   </trkpt>
   <trkpt lat="45.7076860" lon="4.7345430">
    <ele>310.0</ele>
   </trkpt>
   <trkpt lat="45.7077090" lon="4.7344970">
    <ele>310.0</ele>
   </trkpt>
   <trkpt lat="45.7077320" lon="4.7344500">
    <ele>311.0</ele>
   </trkpt>
   <trkpt lat="45.7077560" lon="4.7344050">
    <ele>310.0</ele>
   </trkpt>
   <trkpt lat="45.7077790" lon="4.7343590">
    <ele>310.0</ele>
   </trkpt>
   <trkpt lat="45.7077950" lon="4.7343080">
    <ele>310.0</ele>
   </trkpt>
   <trkpt lat="45.7078120" lon="4.7342580">
    <ele>310.0</ele>
   </trkpt>
   <trkpt lat="45.7078240" lon="4.7342020">
    <ele>310.0</ele>
   </trkpt>
   <trkpt lat="45.7078370" lon="4.7341460">
    <ele>309.0</ele>
   </trkpt>
   <trkpt lat="45.7078480" lon="4.7340860">
    <ele>309.0</ele>
   </trkpt>
   <trkpt lat="45.7078600" lon="4.7340250">
    <ele>309.0</ele>
   </trkpt>
   <trkpt lat="45.7078720" lon="4.7339650">
    <ele>309.0</ele>
   </trkpt>
   <trkpt lat="45.7078830" lon="4.7339050">
    <ele>309.0</ele>
   </trkpt>
   <trkpt lat="45.7078950" lon="4.7338470">
    <ele>308.0</ele>
   </trkpt>
   <trkpt lat="45.7079070" lon="4.7337890">
    <ele>308.0</ele>
   </trkpt>
   <trkpt lat="45.7079190" lon="4.7337320">
    <ele>308.0</ele>
   </trkpt>
   <trkpt lat="45.7079320" lon="4.7336760">
    <ele>308.0</ele>
   </trkpt>
   <trkpt lat="45.7079480" lon="4.7336210">
    <ele>308.0</ele>
   </trkpt>
   <trkpt lat="45.7079630" lon="4.7335660">
    <ele>308.0</ele>
   </trkpt>
   <trkpt lat="45.7079890" lon="4.7335280">
    <ele>308.0</ele>
   </trkpt>
   <trkpt lat="45.7080150" lon="4.7334900">
    <ele>308.0</ele>
   </trkpt>
   <trkpt lat="45.7080510" lon="4.7334730">
    <ele>308.0</ele>
   </trkpt>
   <trkpt lat="45.7080870" lon="4.7334570">
    <ele>308.0</ele>
   </trkpt>
   <trkpt lat="45.7081200" lon="4.7334350">
    <ele>307.0</ele>
   </trkpt>
   <trkpt lat="45.7081540" lon="4.7334120">
    <ele>307.0</ele>
   </trkpt>
   <trkpt lat="45.7081770" lon="4.7333720">
    <ele>307.0</ele>
   </trkpt>
   <trkpt lat="45.7082000" lon="4.7333320">
    <ele>307.0</ele>
   </trkpt>
   <trkpt lat="45.7082190" lon="4.7332910">
    <ele>307.0</ele>
   </trkpt>
   <trkpt lat="45.7082390" lon="4.7332510">
    <ele>307.0</ele>
   </trkpt>
   <trkpt lat="45.7082630" lon="4.7332350">
    <ele>307.0</ele>
   </trkpt>
   <trkpt lat="45.7082870" lon="4.7332190">
    <ele>307.0</ele>
   </trkpt>
   <trkpt lat="45.7083050" lon="4.7332300">
    <ele>307.0</ele>
   </trkpt>
   <trkpt lat="45.7083240" lon="4.7332410">
    <ele>307.0</ele>
   </trkpt>
   <trkpt lat="45.7083250" lon="4.7332670">
    <ele>307.0</ele>
   </trkpt>
   <trkpt lat="45.7083260" lon="4.7332930">
    <ele>307.0</ele>
   </trkpt>
   <trkpt lat="45.7083100" lon="4.7333210">
    <ele>307.0</ele>
   </trkpt>
   <trkpt lat="45.7082930" lon="4.7333480">
    <ele>307.0</ele>
   </trkpt>
   <trkpt lat="45.7082610" lon="4.7333860">
    <ele>307.0</ele>
   </trkpt>
   <trkpt lat="45.7082290" lon="4.7334230">
    <ele>306.0</ele>
   </trkpt>
   <trkpt lat="45.7081830" lon="4.7334620">
    <ele>306.0</ele>
   </trkpt>
   <trkpt lat="45.7081380" lon="4.7335010">
    <ele>306.0</ele>
   </trkpt>
   <trkpt lat="45.7080920" lon="4.7335480">
    <ele>306.0</ele>
   </trkpt>
   <trkpt lat="45.7080470" lon="4.7335950">
    <ele>306.0</ele>
   </trkpt>
   <trkpt lat="45.7080150" lon="4.7336480">
    <ele>306.0</ele>
   </trkpt>
   <trkpt lat="45.7079840" lon="4.7337010">
    <ele>306.0</ele>
   </trkpt>
   <trkpt lat="45.7079650" lon="4.7337550">
    <ele>306.0</ele>
   </trkpt>
   <trkpt lat="45.7079470" lon="4.7338100">
    <ele>306.0</ele>
   </trkpt>
   <trkpt lat="45.7079360" lon="4.7338610">
    <ele>306.0</ele>
   </trkpt>
   <trkpt lat="45.7079250" lon="4.7339120">
    <ele>306.0</ele>
   </trkpt>
   <trkpt lat="45.7079150" lon="4.7339590">
    <ele>306.0</ele>
   </trkpt>
   <trkpt lat="45.7079060" lon="4.7340070">
    <ele>306.0</ele>
   </trkpt>
   <trkpt lat="45.7078960" lon="4.7340520">
    <ele>306.0</ele>
   </trkpt>
   <trkpt lat="45.7078870" lon="4.7340970">
    <ele>307.0</ele>
   </trkpt>
   <trkpt lat="45.7078780" lon="4.7341430">
    <ele>307.0</ele>
   </trkpt>
   <trkpt lat="45.7078680" lon="4.7341890">
    <ele>307.0</ele>
   </trkpt>
   <trkpt lat="45.7078580" lon="4.7342350">
    <ele>307.0</ele>
   </trkpt>
   <trkpt lat="45.7078480" lon="4.7342820">
    <ele>307.0</ele>
   </trkpt>
   <trkpt lat="45.7078360" lon="4.7343280">
    <ele>308.0</ele>
   </trkpt>
   <trkpt lat="45.7078240" lon="4.7343740">
    <ele>308.0</ele>
   </trkpt>
   <trkpt lat="45.7078090" lon="4.7344180">
    <ele>308.0</ele>
   </trkpt>
   <trkpt lat="45.7077940" lon="4.7344620">
    <ele>308.0</ele>
   </trkpt>
   <trkpt lat="45.7077720" lon="4.7345020">
    <ele>308.0</ele>
   </trkpt>
   <trkpt lat="45.7077510" lon="4.7345420">
    <ele>309.0</ele>
   </trkpt>
   <trkpt lat="45.7077310" lon="4.7345830">
    <ele>309.0</ele>
   </trkpt>
   <trkpt lat="45.7077100" lon="4.7346250">
    <ele>309.0</ele>
   </trkpt>
   <trkpt lat="45.7076960" lon="4.7346700">
    <ele>309.0</ele>
   </trkpt>
   <trkpt lat="45.7076830" lon="4.7347160">
    <ele>309.0</ele>
   </trkpt>
   <trkpt lat="45.7076760" lon="4.7347650">
    <ele>310.0</ele>
   </trkpt>
   <trkpt lat="45.7076690" lon="4.7348150">
    <ele>310.0</ele>
   </trkpt>
   <trkpt lat="45.7076630" lon="4.7348660">
    <ele>310.0</ele>
   </trkpt>
   <trkpt lat="45.7076570" lon="4.7349180">
    <ele>310.0</ele>
   </trkpt>
   <trkpt lat="45.7076510" lon="4.7349710">
    <ele>310.0</ele>
   </trkpt>
   <trkpt lat="45.7076440" lon="4.7350240">
    <ele>310.0</ele>
   </trkpt>
   <trkpt lat="45.7076370" lon="4.7350760">
    <ele>310.0</ele>
   </trkpt>
   <trkpt lat="45.7076290" lon="4.7351290">
    <ele>310.0</ele>
   </trkpt>
   <trkpt lat="45.7076190" lon="4.7351770">
    <ele>310.0</ele>
   </trkpt>
   <trkpt lat="45.7076080" lon="4.7352260">
    <ele>310.0</ele>
   </trkpt>
   <trkpt lat="45.7075860" lon="4.7352560">
    <ele>311.0</ele>
   </trkpt>
   <trkpt lat="45.7075640" lon="4.7352870">
    <ele>310.0</ele>
   </trkpt>
   <trkpt lat="45.7075310" lon="4.7352830">
    <ele>310.0</ele>
   </trkpt>
   <trkpt lat="45.7074980" lon="4.7352790">
    <ele>310.0</ele>
   </trkpt>
   <trkpt lat="45.7074610" lon="4.7352480">
    <ele>310.0</ele>
   </trkpt>
   <trkpt lat="45.7074230" lon="4.7352170">
    <ele>310.0</ele>
   </trkpt>
   <trkpt lat="45.7073840" lon="4.7351740">
    <ele>309.0</ele>
   </trkpt>
   <trkpt lat="45.7073450" lon="4.7351320">
    <ele>309.0</ele>
   </trkpt>
   <trkpt lat="45.7073090" lon="4.7350880">
    <ele>309.0</ele>
   </trkpt>
   <trkpt lat="45.7072720" lon="4.7350450">
    <ele>309.0</ele>
   </trkpt>
   <trkpt lat="45.7072380" lon="4.7350040">
    <ele>309.0</ele>
   </trkpt>
   <trkpt lat="45.7072040" lon="4.7349630">
    <ele>309.0</ele>
   </trkpt>
   <trkpt lat="45.7071720" lon="4.7349250">
    <ele>309.0</ele>
   </trkpt>
   <trkpt lat="45.7071390" lon="4.7348880">
    <ele>309.0</ele>
   </trkpt>
   <trkpt lat="45.7071060" lon="4.7348520">
    <ele>309.0</ele>
   </trkpt>
   <trkpt lat="45.7070740" lon="4.7348170">
    <ele>309.0</ele>
   </trkpt>
   <trkpt lat="45.7070410" lon="4.7347830">
    <ele>309.0</ele>
   </trkpt>
   <trkpt lat="45.7070080" lon="4.7347490">
    <ele>309.0</ele>
   </trkpt>
   <trkpt lat="45.7069740" lon="4.7347160">
    <ele>309.0</ele>
   </trkpt>
   <trkpt lat="45.7069400" lon="4.7346820">
    <ele>309.0</ele>
   </trkpt>
   <trkpt lat="45.7069060" lon="4.7346470">
    <ele>309.0</ele>
   </trkpt>
   <trkpt lat="45.7068720" lon="4.7346120">
    <ele>309.0</ele>
   </trkpt>
   <trkpt lat="45.7068400" lon="4.7345760">
    <ele>309.0</ele>
   </trkpt>
   <trkpt lat="45.7068070" lon="4.7345400">
    <ele>309.0</ele>
   </trkpt>
   <trkpt lat="45.7067760" lon="4.7345020">
    <ele>309.0</ele>
   </trkpt>
   <trkpt lat="45.7067440" lon="4.7344650">
    <ele>309.0</ele>
   </trkpt>
   <trkpt lat="45.7067110" lon="4.7344240">
    <ele>309.0</ele>
   </trkpt>
   <trkpt lat="45.7066780" lon="4.7343840">
    <ele>309.0</ele>
   </trkpt>
   <trkpt lat="45.7066460" lon="4.7343420">
    <ele>309.0</ele>
   </trkpt>
   <trkpt lat="45.7066140" lon="4.7342990">
    <ele>309.0</ele>
   </trkpt>
   <trkpt lat="45.7065840" lon="4.7342560">
    <ele>309.0</ele>
   </trkpt>
   <trkpt lat="45.7065540" lon="4.7342140">
    <ele>309.0</ele>
   </trkpt>
   <trkpt lat="45.7065250" lon="4.7341710">
    <ele>309.0</ele>
   </trkpt>
   <trkpt lat="45.7064950" lon="4.7341270">
    <ele>309.0</ele>
   </trkpt>
   <trkpt lat="45.7064660" lon="4.7340860">
    <ele>309.0</ele>
   </trkpt>
   <trkpt lat="45.7064370" lon="4.7340450">
    <ele>309.0</ele>
   </trkpt>
   <trkpt lat="45.7064080" lon="4.7340030">
    <ele>308.0</ele>
   </trkpt>
   <trkpt lat="45.7063790" lon="4.7339610">
    <ele>308.0</ele>
   </trkpt>
   <trkpt lat="45.7063490" lon="4.7339170">
    <ele>308.0</ele>
   </trkpt>
   <trkpt lat="45.7063190" lon="4.7338740">
    <ele>308.0</ele>
   </trkpt>
   <trkpt lat="45.7062890" lon="4.7338310">
    <ele>308.0</ele>
   </trkpt>
   <trkpt lat="45.7062590" lon="4.7337890">
    <ele>308.0</ele>
   </trkpt>
   <trkpt lat="45.7062290" lon="4.7337470">
    <ele>308.0</ele>
   </trkpt>
   <trkpt lat="45.7061990" lon="4.7337050">
    <ele>308.0</ele>
   </trkpt>
   <trkpt lat="45.7061680" lon="4.7336620">
    <ele>308.0</ele>
   </trkpt>
   <trkpt lat="45.7061370" lon="4.7336190">
    <ele>308.0</ele>
   </trkpt>
   <trkpt lat="45.7061080" lon="4.7335760">
    <ele>308.0</ele>
   </trkpt>
   <trkpt lat="45.7060780" lon="4.7335330">
    <ele>308.0</ele>
   </trkpt>
   <trkpt lat="45.7060510" lon="4.7334920">
    <ele>308.0</ele>
   </trkpt>
   <trkpt lat="45.7060240" lon="4.7334510">
    <ele>308.0</ele>
   </trkpt>
   <trkpt lat="45.7059960" lon="4.7334100">
    <ele>308.0</ele>
   </trkpt>
   <trkpt lat="45.7059690" lon="4.7333690">
    <ele>307.0</ele>
   </trkpt>
   <trkpt lat="45.7059410" lon="4.7333270">
    <ele>307.0</ele>
   </trkpt>
   <trkpt lat="45.7059130" lon="4.7332860">
    <ele>307.0</ele>
   </trkpt>
   <trkpt lat="45.7058850" lon="4.7332440">
    <ele>307.0</ele>
   </trkpt>
   <trkpt lat="45.7058570" lon="4.7332030">
    <ele>307.0</ele>
   </trkpt>
   <trkpt lat="45.7058290" lon="4.7331600">
    <ele>307.0</ele>
   </trkpt>
   <trkpt lat="45.7058010" lon="4.7331180">
    <ele>307.0</ele>
   </trkpt>
   <trkpt lat="45.7057720" lon="4.7330780">
    <ele>307.0</ele>
   </trkpt>
   <trkpt lat="45.7057430" lon="4.7330380">
    <ele>307.0</ele>
   </trkpt>
   <trkpt lat="45.7057110" lon="4.7330020">
    <ele>307.0</ele>
   </trkpt>
   <trkpt lat="45.7056800" lon="4.7329660">
    <ele>306.0</ele>
   </trkpt>
   <trkpt lat="45.7056470" lon="4.7329330">
    <ele>306.0</ele>
   </trkpt>
   <trkpt lat="45.7056150" lon="4.7328990">
    <ele>306.0</ele>
   </trkpt>
   <trkpt lat="45.7055820" lon="4.7328680">
    <ele>306.0</ele>
   </trkpt>
   <trkpt lat="45.7055500" lon="4.7328360">
    <ele>306.0</ele>
   </trkpt>
   <trkpt lat="45.7055170" lon="4.7328060">
    <ele>305.0</ele>
   </trkpt>
   <trkpt lat="45.7054850" lon="4.7327760">
    <ele>305.0</ele>
   </trkpt>
   <trkpt lat="45.7054500" lon="4.7327480">
    <ele>305.0</ele>
   </trkpt>
   <trkpt lat="45.7054160" lon="4.7327200">
    <ele>305.0</ele>
   </trkpt>
   <trkpt lat="45.7053810" lon="4.7326930">
    <ele>305.0</ele>
   </trkpt>
   <trkpt lat="45.7053460" lon="4.7326660">
    <ele>305.0</ele>
   </trkpt>
   <trkpt lat="45.7053090" lon="4.7326400">
    <ele>305.0</ele>
   </trkpt>
   <trkpt lat="45.7052720" lon="4.7326140">
    <ele>305.0</ele>
   </trkpt>
   <trkpt lat="45.7052350" lon="4.7325890">
    <ele>305.0</ele>
   </trkpt>
   <trkpt lat="45.7051970" lon="4.7325640">
    <ele>306.0</ele>
   </trkpt>
   <trkpt lat="45.7051600" lon="4.7325390">
    <ele>306.0</ele>
   </trkpt>
   <trkpt lat="45.7051230" lon="4.7325140">
    <ele>306.0</ele>
   </trkpt>
   <trkpt lat="45.7050880" lon="4.7324860">
    <ele>306.0</ele>
   </trkpt>
   <trkpt lat="45.7050530" lon="4.7324590">
    <ele>306.0</ele>
   </trkpt>
   <trkpt lat="45.7050170" lon="4.7324310">
    <ele>307.0</ele>
   </trkpt>
   <trkpt lat="45.7049820" lon="4.7324030">
    <ele>307.0</ele>
   </trkpt>
   <trkpt lat="45.7049460" lon="4.7323770">
    <ele>307.0</ele>
   </trkpt>
   <trkpt lat="45.7049110" lon="4.7323520">
    <ele>307.0</ele>
   </trkpt>
   <trkpt lat="45.7048750" lon="4.7323260">
    <ele>307.0</ele>
   </trkpt>
   <trkpt lat="45.7048390" lon="4.7323000">
    <ele>307.0</ele>
   </trkpt>
   <trkpt lat="45.7048020" lon="4.7322760">
    <ele>307.0</ele>
   </trkpt>
   <trkpt lat="45.7047660" lon="4.7322520">
    <ele>307.0</ele>
   </trkpt>
   <trkpt lat="45.7047290" lon="4.7322280">
    <ele>307.0</ele>
   </trkpt>
   <trkpt lat="45.7046930" lon="4.7322030">
    <ele>307.0</ele>
   </trkpt>
   <trkpt lat="45.7046560" lon="4.7321790">
    <ele>307.0</ele>
   </trkpt>
   <trkpt lat="45.7046190" lon="4.7321550">
    <ele>307.0</ele>
   </trkpt>
   <trkpt lat="45.7045810" lon="4.7321280">
    <ele>307.0</ele>
   </trkpt>
   <trkpt lat="45.7045430" lon="4.7321020">
    <ele>307.0</ele>
   </trkpt>
   <trkpt lat="45.7045040" lon="4.7320750">
    <ele>307.0</ele>
   </trkpt>
   <trkpt lat="45.7044650" lon="4.7320490">
    <ele>308.0</ele>
   </trkpt>
   <trkpt lat="45.7044260" lon="4.7320230">
    <ele>308.0</ele>
   </trkpt>
   <trkpt lat="45.7043870" lon="4.7319970">
    <ele>308.0</ele>
   </trkpt>
   <trkpt lat="45.7043490" lon="4.7319690">
    <ele>308.0</ele>
   </trkpt>
   <trkpt lat="45.7043100" lon="4.7319410">
    <ele>308.0</ele>
   </trkpt>
   <trkpt lat="45.7042720" lon="4.7319130">
    <ele>308.0</ele>
   </trkpt>
   <trkpt lat="45.7042350" lon="4.7318850">
    <ele>308.0</ele>
   </trkpt>
   <trkpt lat="45.7041960" lon="4.7318600">
    <ele>308.0</ele>
   </trkpt>
   <trkpt lat="45.7041580" lon="4.7318340">
    <ele>308.0</ele>
   </trkpt>
   <trkpt lat="45.7041200" lon="4.7318100">
    <ele>308.0</ele>
   </trkpt>
   <trkpt lat="45.7040820" lon="4.7317860">
    <ele>309.0</ele>
   </trkpt>
   <trkpt lat="45.7040430" lon="4.7317600">
    <ele>309.0</ele>
   </trkpt>
   <trkpt lat="45.7040040" lon="4.7317350">
    <ele>309.0</ele>
   </trkpt>
   <trkpt lat="45.7039650" lon="4.7317060">
    <ele>309.0</ele>
   </trkpt>
   <trkpt lat="45.7039260" lon="4.7316770">
    <ele>309.0</ele>
   </trkpt>
   <trkpt lat="45.7038890" lon="4.7316460">
    <ele>309.0</ele>
   </trkpt>
   <trkpt lat="45.7038520" lon="4.7316160">
    <ele>309.0</ele>
   </trkpt>
   <trkpt lat="45.7038150" lon="4.7315820">
    <ele>309.0</ele>
   </trkpt>
   <trkpt lat="45.7037780" lon="4.7315490">
    <ele>309.0</ele>
   </trkpt>
   <trkpt lat="45.7037420" lon="4.7315120">
    <ele>309.0</ele>
   </trkpt>
   <trkpt lat="45.7037060" lon="4.7314750">
    <ele>309.0</ele>
   </trkpt>
   <trkpt lat="45.7036720" lon="4.7314360">
    <ele>309.0</ele>
   </trkpt>
   <trkpt lat="45.7036380" lon="4.7313970">
    <ele>309.0</ele>
   </trkpt>
   <trkpt lat="45.7036050" lon="4.7313560">
    <ele>309.0</ele>
   </trkpt>
   <trkpt lat="45.7035710" lon="4.7313150">
    <ele>309.0</ele>
   </trkpt>
   <trkpt lat="45.7035380" lon="4.7312730">
    <ele>309.0</ele>
   </trkpt>
   <trkpt lat="45.7035050" lon="4.7312300">
    <ele>309.0</ele>
   </trkpt>
   <trkpt lat="45.7034730" lon="4.7311880">
    <ele>309.0</ele>
   </trkpt>
   <trkpt lat="45.7034410" lon="4.7311460">
    <ele>309.0</ele>
   </trkpt>
   <trkpt lat="45.7034070" lon="4.7311100">
    <ele>309.0</ele>
   </trkpt>
   <trkpt lat="45.7033740" lon="4.7310730">
    <ele>309.0</ele>
   </trkpt>
   <trkpt lat="45.7033370" lon="4.7310600">
    <ele>308.0</ele>
   </trkpt>
   <trkpt lat="45.7033010" lon="4.7310470">
    <ele>308.0</ele>
   </trkpt>
   <trkpt lat="45.7032700" lon="4.7310700">
    <ele>308.0</ele>
   </trkpt>
   <trkpt lat="45.7032390" lon="4.7310940">
    <ele>308.0</ele>
   </trkpt>
   <trkpt lat="45.7032180" lon="4.7311440">
    <ele>308.0</ele>
   </trkpt>
   <trkpt lat="45.7031970" lon="4.7311950">
    <ele>308.0</ele>
   </trkpt>
   <trkpt lat="45.7031840" lon="4.7312570">
    <ele>308.0</ele>
   </trkpt>
   <trkpt lat="45.7031720" lon="4.7313200">
    <ele>308.0</ele>
   </trkpt>
   <trkpt lat="45.7031630" lon="4.7313850">
    <ele>308.0</ele>
   </trkpt>
   <trkpt lat="45.7031540" lon="4.7314500">
    <ele>308.0</ele>
   </trkpt>
   <trkpt lat="45.7031450" lon="4.7315120">
    <ele>308.0</ele>
   </trkpt>
   <trkpt lat="45.7031370" lon="4.7315740">
    <ele>308.0</ele>
   </trkpt>
   <trkpt lat="45.7031280" lon="4.7316330">
    <ele>308.0</ele>
   </trkpt>
   <trkpt lat="45.7031190" lon="4.7316930">
    <ele>308.0</ele>
   </trkpt>
   <trkpt lat="45.7031090" lon="4.7317490">
    <ele>308.0</ele>
   </trkpt>
   <trkpt lat="45.7031000" lon="4.7318050">
    <ele>307.0</ele>
   </trkpt>
   <trkpt lat="45.7030910" lon="4.7318620">
    <ele>307.0</ele>
   </trkpt>
   <trkpt lat="45.7030810" lon="4.7319180">
    <ele>307.0</ele>
   </trkpt>
   <trkpt lat="45.7030720" lon="4.7319760">
    <ele>307.0</ele>
   </trkpt>
   <trkpt lat="45.7030630" lon="4.7320350">
    <ele>307.0</ele>
   </trkpt>
   <trkpt lat="45.7030530" lon="4.7320940">
    <ele>306.0</ele>
   </trkpt>
   <trkpt lat="45.7030440" lon="4.7321540">
    <ele>306.0</ele>
   </trkpt>
   <trkpt lat="45.7030350" lon="4.7322140">
    <ele>306.0</ele>
   </trkpt>
   <trkpt lat="45.7030260" lon="4.7322740">
    <ele>306.0</ele>
   </trkpt>
   <trkpt lat="45.7030170" lon="4.7323340">
    <ele>306.0</ele>
   </trkpt>
   <trkpt lat="45.7030090" lon="4.7323950">
    <ele>306.0</ele>
   </trkpt>
   <trkpt lat="45.7030020" lon="4.7324590">
    <ele>306.0</ele>
   </trkpt>
   <trkpt lat="45.7029950" lon="4.7325220">
    <ele>306.0</ele>
   </trkpt>
   <trkpt lat="45.7029890" lon="4.7325850">
    <ele>306.0</ele>
   </trkpt>
   <trkpt lat="45.7029830" lon="4.7326480">
    <ele>306.0</ele>
   </trkpt>
   <trkpt lat="45.7029790" lon="4.7327080">
    <ele>306.0</ele>
   </trkpt>
   <trkpt lat="45.7029740" lon="4.7327690">
    <ele>306.0</ele>
   </trkpt>
   <trkpt lat="45.7029720" lon="4.7328290">
    <ele>306.0</ele>
   </trkpt>
   <trkpt lat="45.7029710" lon="4.7328890">
    <ele>306.0</ele>
   </trkpt>
   <trkpt lat="45.7029710" lon="4.7329500">
    <ele>306.0</ele>
   </trkpt>
   <trkpt lat="45.7029710" lon="4.7330110">
    <ele>305.0</ele>
   </trkpt>
   <trkpt lat="45.7029710" lon="4.7330730">
    <ele>305.0</ele>
   </trkpt>
   <trkpt lat="45.7029720" lon="4.7331350">
    <ele>305.0</ele>
   </trkpt>
   <trkpt lat="45.7029700" lon="4.7331970">
    <ele>305.0</ele>
   </trkpt>
   <trkpt lat="45.7029690" lon="4.7332590">
    <ele>305.0</ele>
   </trkpt>
   <trkpt lat="45.7029650" lon="4.7333200">
    <ele>305.0</ele>
   </trkpt>
   <trkpt lat="45.7029620" lon="4.7333800">
    <ele>305.0</ele>
   </trkpt>
   <trkpt lat="45.7029590" lon="4.7334410">
    <ele>305.0</ele>
   </trkpt>
   <trkpt lat="45.7029560" lon="4.7335020">
    <ele>305.0</ele>
   </trkpt>
   <trkpt lat="45.7029550" lon="4.7335630">
    <ele>305.0</ele>
   </trkpt>
   <trkpt lat="45.7029540" lon="4.7336240">
    <ele>305.0</ele>
   </trkpt>
   <trkpt lat="45.7029550" lon="4.7336840">
    <ele>305.0</ele>
   </trkpt>
   <trkpt lat="45.7029550" lon="4.7337450">
    <ele>305.0</ele>
   </trkpt>
   <trkpt lat="45.7029560" lon="4.7338060">
    <ele>305.0</ele>
   </trkpt>
   <trkpt lat="45.7029560" lon="4.7338680">
    <ele>305.0</ele>
   </trkpt>
   <trkpt lat="45.7029570" lon="4.7339290">
    <ele>305.0</ele>
   </trkpt>
   <trkpt lat="45.7029590" lon="4.7339900">
    <ele>305.0</ele>
   </trkpt>
   <trkpt lat="45.7029610" lon="4.7340510">
    <ele>305.0</ele>
   </trkpt>
   <trkpt lat="45.7029630" lon="4.7341110">
    <ele>305.0</ele>
   </trkpt>
   <trkpt lat="45.7029650" lon="4.7341720">
    <ele>305.0</ele>
   </trkpt>
   <trkpt lat="45.7029670" lon="4.7342330">
    <ele>304.0</ele>
   </trkpt>
   <trkpt lat="45.7029680" lon="4.7342920">
    <ele>304.0</ele>
   </trkpt>
   <trkpt lat="45.7029680" lon="4.7343520">
    <ele>304.0</ele>
   </trkpt>
   <trkpt lat="45.7029680" lon="4.7344110">
    <ele>304.0</ele>
   </trkpt>
   <trkpt lat="45.7029680" lon="4.7344710">
    <ele>304.0</ele>
   </trkpt>
   <trkpt lat="45.7029660" lon="4.7345300">
    <ele>304.0</ele>
   </trkpt>
   <trkpt lat="45.7029640" lon="4.7345900">
    <ele>304.0</ele>
   </trkpt>
   <trkpt lat="45.7029590" lon="4.7346490">
    <ele>304.0</ele>
   </trkpt>
   <trkpt lat="45.7029550" lon="4.7347080">
    <ele>304.0</ele>
   </trkpt>
   <trkpt lat="45.7029480" lon="4.7347660">
    <ele>304.0</ele>
   </trkpt>
   <trkpt lat="45.7029410" lon="4.7348250">
    <ele>304.0</ele>
   </trkpt>
   <trkpt lat="45.7029300" lon="4.7348830">
    <ele>304.0</ele>
   </trkpt>
   <trkpt lat="45.7029190" lon="4.7349410">
    <ele>304.0</ele>
   </trkpt>
   <trkpt lat="45.7029050" lon="4.7349980">
    <ele>304.0</ele>
   </trkpt>
   <trkpt lat="45.7028900" lon="4.7350550">
    <ele>304.0</ele>
   </trkpt>
   <trkpt lat="45.7028720" lon="4.7351090">
    <ele>304.0</ele>
   </trkpt>
   <trkpt lat="45.7028540" lon="4.7351640">
    <ele>304.0</ele>
   </trkpt>
   <trkpt lat="45.7028340" lon="4.7352170">
    <ele>304.0</ele>
   </trkpt>
   <trkpt lat="45.7028140" lon="4.7352710">
    <ele>304.0</ele>
   </trkpt>
   <trkpt lat="45.7027950" lon="4.7353250">
    <ele>305.0</ele>
   </trkpt>
   <trkpt lat="45.7027750" lon="4.7353780">
    <ele>305.0</ele>
   </trkpt>
   <trkpt lat="45.7027560" lon="4.7354300">
    <ele>305.0</ele>
   </trkpt>
   <trkpt lat="45.7027360" lon="4.7354830">
    <ele>305.0</ele>
   </trkpt>
   <trkpt lat="45.7027170" lon="4.7355310">
    <ele>305.0</ele>
   </trkpt>
   <trkpt lat="45.7026980" lon="4.7355810">
    <ele>305.0</ele>
   </trkpt>
   <trkpt lat="45.7026810" lon="4.7356280">
    <ele>305.0</ele>
   </trkpt>
   <trkpt lat="45.7026630" lon="4.7356760">
    <ele>305.0</ele>
   </trkpt>
   <trkpt lat="45.7026470" lon="4.7357250">
    <ele>305.0</ele>
   </trkpt>
   <trkpt lat="45.7026310" lon="4.7357740">
    <ele>305.0</ele>
   </trkpt>
   <trkpt lat="45.7026180" lon="4.7358240">
    <ele>305.0</ele>
   </trkpt>
   <trkpt lat="45.7026050" lon="4.7358750">
    <ele>305.0</ele>
   </trkpt>
   <trkpt lat="45.7025920" lon="4.7359270">
    <ele>305.0</ele>
   </trkpt>
   <trkpt lat="45.7025800" lon="4.7359790">
    <ele>305.0</ele>
   </trkpt>
   <trkpt lat="45.7025680" lon="4.7360320">
    <ele>305.0</ele>
   </trkpt>
   <trkpt lat="45.7025570" lon="4.7360840">
    <ele>306.0</ele>
   </trkpt>
   <trkpt lat="45.7025480" lon="4.7361370">
    <ele>306.0</ele>
   </trkpt>
   <trkpt lat="45.7025400" lon="4.7361890">
    <ele>306.0</ele>
   </trkpt>
   <trkpt lat="45.7025340" lon="4.7362420">
    <ele>306.0</ele>
   </trkpt>
   <trkpt lat="45.7025290" lon="4.7362940">
    <ele>306.0</ele>
   </trkpt>
   <trkpt lat="45.7025250" lon="4.7363470">
    <ele>307.0</ele>
   </trkpt>
   <trkpt lat="45.7025220" lon="4.7364000">
    <ele>307.0</ele>
   </trkpt>
   <trkpt lat="45.7025190" lon="4.7364550">
    <ele>307.0</ele>
   </trkpt>
   <trkpt lat="45.7025160" lon="4.7365090">
    <ele>307.0</ele>
   </trkpt>
   <trkpt lat="45.7025130" lon="4.7365650">
    <ele>307.0</ele>
   </trkpt>
   <trkpt lat="45.7025100" lon="4.7366200">
    <ele>308.0</ele>
   </trkpt>
   <trkpt lat="45.7025070" lon="4.7366760">
    <ele>308.0</ele>
   </trkpt>
   <trkpt lat="45.7025030" lon="4.7367310">
    <ele>308.0</ele>
   </trkpt>
   <trkpt lat="45.7025000" lon="4.7367860">
    <ele>308.0</ele>
   </trkpt>
   <trkpt lat="45.7024970" lon="4.7368400">
    <ele>308.0</ele>
   </trkpt>
   <trkpt lat="45.7024960" lon="4.7368950">
    <ele>308.0</ele>
   </trkpt>
   <trkpt lat="45.7024950" lon="4.7369500">
    <ele>308.0</ele>
   </trkpt>
   <trkpt lat="45.7024940" lon="4.7370070">
    <ele>308.0</ele>
   </trkpt>
   <trkpt lat="45.7024930" lon="4.7370640">
    <ele>309.0</ele>
   </trkpt>
   <trkpt lat="45.7024900" lon="4.7371200">
    <ele>309.0</ele>
   </trkpt>
   <trkpt lat="45.7024870" lon="4.7371760">
    <ele>310.0</ele>
   </trkpt>
   <trkpt lat="45.7024820" lon="4.7372310">
    <ele>310.0</ele>
   </trkpt>
   <trkpt lat="45.7024780" lon="4.7372860">
    <ele>310.0</ele>
   </trkpt>
   <trkpt lat="45.7024720" lon="4.7373420">
    <ele>310.0</ele>
   </trkpt>
   <trkpt lat="45.7024660" lon="4.7373980">
    <ele>310.0</ele>
   </trkpt>
   <trkpt lat="45.7024580" lon="4.7374550">
    <ele>311.0</ele>
   </trkpt>
   <trkpt lat="45.7024490" lon="4.7375110">
    <ele>311.0</ele>
   </trkpt>
   <trkpt lat="45.7024400" lon="4.7375670">
    <ele>311.0</ele>
   </trkpt>
   <trkpt lat="45.7024310" lon="4.7376230">
    <ele>312.0</ele>
   </trkpt>
   <trkpt lat="45.7024210" lon="4.7376800">
    <ele>312.0</ele>
   </trkpt>
   <trkpt lat="45.7024110" lon="4.7377370">
    <ele>313.0</ele>
   </trkpt>
   <trkpt lat="45.7024010" lon="4.7377930">
    <ele>313.0</ele>
   </trkpt>
   <trkpt lat="45.7023900" lon="4.7378500">
    <ele>313.0</ele>
   </trkpt>
   <trkpt lat="45.7023770" lon="4.7379070">
    <ele>313.0</ele>
   </trkpt>
   <trkpt lat="45.7023650" lon="4.7379650">
    <ele>313.0</ele>
   </trkpt>
   <trkpt lat="45.7023510" lon="4.7380230">
    <ele>314.0</ele>
   </trkpt>
   <trkpt lat="45.7023380" lon="4.7380800">
    <ele>314.0</ele>
   </trkpt>
   <trkpt lat="45.7023230" lon="4.7381370">
    <ele>314.0</ele>
   </trkpt>
   <trkpt lat="45.7023080" lon="4.7381940">
    <ele>314.0</ele>
   </trkpt>
   <trkpt lat="45.7022890" lon="4.7382450">
    <ele>314.0</ele>
   </trkpt>
   <trkpt lat="45.7022700" lon="4.7382970">
    <ele>315.0</ele>
   </trkpt>
   <trkpt lat="45.7022430" lon="4.7383380">
    <ele>315.0</ele>
   </trkpt>
   <trkpt lat="45.7022160" lon="4.7383780">
    <ele>315.0</ele>
   </trkpt>
   <trkpt lat="45.7021820" lon="4.7384080">
    <ele>315.0</ele>
   </trkpt>
   <trkpt lat="45.7021490" lon="4.7384380">
    <ele>315.0</ele>
   </trkpt>
   <trkpt lat="45.7021120" lon="4.7384620">
    <ele>316.0</ele>
   </trkpt>
   <trkpt lat="45.7020750" lon="4.7384860">
    <ele>316.0</ele>
   </trkpt>
   <trkpt lat="45.7020380" lon="4.7385070">
    <ele>316.0</ele>
   </trkpt>
   <trkpt lat="45.7020000" lon="4.7385290">
    <ele>316.0</ele>
   </trkpt>
   <trkpt lat="45.7019650" lon="4.7385530">
    <ele>316.0</ele>
   </trkpt>
   <trkpt lat="45.7019300" lon="4.7385770">
    <ele>317.0</ele>
   </trkpt>
   <trkpt lat="45.7018990" lon="4.7386090">
    <ele>317.0</ele>
   </trkpt>
   <trkpt lat="45.7018670" lon="4.7386420">
    <ele>317.0</ele>
   </trkpt>
   <trkpt lat="45.7018400" lon="4.7386810">
    <ele>317.0</ele>
   </trkpt>
   <trkpt lat="45.7018130" lon="4.7387190">
    <ele>317.0</ele>
   </trkpt>
   <trkpt lat="45.7017900" lon="4.7387630">
    <ele>318.0</ele>
   </trkpt>
   <trkpt lat="45.7017680" lon="4.7388070">
    <ele>318.0</ele>
   </trkpt>
   <trkpt lat="45.7017470" lon="4.7388570">
    <ele>318.0</ele>
   </trkpt>
   <trkpt lat="45.7017260" lon="4.7389070">
    <ele>318.0</ele>
   </trkpt>
   <trkpt lat="45.7017050" lon="4.7389580">
    <ele>318.0</ele>
   </trkpt>
   <trkpt lat="45.7016830" lon="4.7390090">
    <ele>319.0</ele>
   </trkpt>
   <trkpt lat="45.7016610" lon="4.7390600">
    <ele>319.0</ele>
   </trkpt>
   <trkpt lat="45.7016400" lon="4.7391110">
    <ele>319.0</ele>
   </trkpt>
   <trkpt lat="45.7016190" lon="4.7391630">
    <ele>319.0</ele>
   </trkpt>
   <trkpt lat="45.7015980" lon="4.7392150">
    <ele>319.0</ele>
   </trkpt>
   <trkpt lat="45.7015760" lon="4.7392650">
    <ele>320.0</ele>
   </trkpt>
   <trkpt lat="45.7015530" lon="4.7393150">
    <ele>320.0</ele>
   </trkpt>
   <trkpt lat="45.7015290" lon="4.7393640">
    <ele>320.0</ele>
   </trkpt>
   <trkpt lat="45.7015050" lon="4.7394130">
    <ele>320.0</ele>
   </trkpt>
   <trkpt lat="45.7014820" lon="4.7394650">
    <ele>320.0</ele>
   </trkpt>
   <trkpt lat="45.7014580" lon="4.7395160">
    <ele>321.0</ele>
   </trkpt>
   <trkpt lat="45.7014370" lon="4.7395710">
    <ele>321.0</ele>
   </trkpt>
   <trkpt lat="45.7014150" lon="4.7396270">
    <ele>321.0</ele>
   </trkpt>
   <trkpt lat="45.7013940" lon="4.7396840">
    <ele>321.0</ele>
   </trkpt>
   <trkpt lat="45.7013730" lon="4.7397410">
    <ele>321.0</ele>
   </trkpt>
   <trkpt lat="45.7013540" lon="4.7398000">
    <ele>321.0</ele>
   </trkpt>
   <trkpt lat="45.7013340" lon="4.7398580">
    <ele>321.0</ele>
   </trkpt>
   <trkpt lat="45.7013170" lon="4.7399160">
    <ele>321.0</ele>
   </trkpt>
   <trkpt lat="45.7013000" lon="4.7399740">
    <ele>321.0</ele>
   </trkpt>
   <trkpt lat="45.7012830" lon="4.7400330">
    <ele>321.0</ele>
   </trkpt>
   <trkpt lat="45.7012660" lon="4.7400930">
    <ele>322.0</ele>
   </trkpt>
   <trkpt lat="45.7012470" lon="4.7401540">
    <ele>322.0</ele>
   </trkpt>
   <trkpt lat="45.7012290" lon="4.7402150">
    <ele>322.0</ele>
   </trkpt>
   <trkpt lat="45.7012070" lon="4.7402760">
    <ele>322.0</ele>
   </trkpt>
   <trkpt lat="45.7011850" lon="4.7403360">
    <ele>322.0</ele>
   </trkpt>
   <trkpt lat="45.7011620" lon="4.7403950">
    <ele>322.0</ele>
   </trkpt>
   <trkpt lat="45.7011400" lon="4.7404540">
    <ele>321.0</ele>
   </trkpt>
   <trkpt lat="45.7011190" lon="4.7405100">
    <ele>321.0</ele>
   </trkpt>
   <trkpt lat="45.7010990" lon="4.7405660">
    <ele>321.0</ele>
   </trkpt>
   <trkpt lat="45.7010800" lon="4.7406210">
    <ele>321.0</ele>
   </trkpt>
   <trkpt lat="45.7010620" lon="4.7406750">
    <ele>321.0</ele>
   </trkpt>
   <trkpt lat="45.7010430" lon="4.7407330">
    <ele>320.0</ele>
   </trkpt>
   <trkpt lat="45.7010240" lon="4.7407910">
    <ele>320.0</ele>
   </trkpt>
   <trkpt lat="45.7010080" lon="4.7408520">
    <ele>320.0</ele>
   </trkpt>
   <trkpt lat="45.7009920" lon="4.7409130">
    <ele>320.0</ele>
   </trkpt>
   <trkpt lat="45.7009790" lon="4.7409760">
    <ele>320.0</ele>
   </trkpt>
   <trkpt lat="45.7009660" lon="4.7410390">
    <ele>319.0</ele>
   </trkpt>
   <trkpt lat="45.7009520" lon="4.7411040">
    <ele>319.0</ele>
   </trkpt>
   <trkpt lat="45.7009390" lon="4.7411690">
    <ele>319.0</ele>
   </trkpt>
   <trkpt lat="45.7009240" lon="4.7412340">
    <ele>319.0</ele>
   </trkpt>
   <trkpt lat="45.7009080" lon="4.7412990">
    <ele>319.0</ele>
   </trkpt>
   <trkpt lat="45.7008910" lon="4.7413610">
    <ele>318.0</ele>
   </trkpt>
   <trkpt lat="45.7008740" lon="4.7414230">
    <ele>318.0</ele>
   </trkpt>
   <trkpt lat="45.7008580" lon="4.7414850">
    <ele>318.0</ele>
   </trkpt>
   <trkpt lat="45.7008410" lon="4.7415470">
    <ele>318.0</ele>
   </trkpt>
   <trkpt lat="45.7008250" lon="4.7416090">
    <ele>318.0</ele>
   </trkpt>
   <trkpt lat="45.7008080" lon="4.7416700">
    <ele>317.0</ele>
   </trkpt>
   <trkpt lat="45.7007920" lon="4.7417300">
    <ele>317.0</ele>
   </trkpt>
   <trkpt lat="45.7007750" lon="4.7417900">
    <ele>316.0</ele>
   </trkpt>
   <trkpt lat="45.7007590" lon="4.7418490">
    <ele>316.0</ele>
   </trkpt>
   <trkpt lat="45.7007440" lon="4.7419090">
    <ele>316.0</ele>
   </trkpt>
   <trkpt lat="45.7007290" lon="4.7419690">
    <ele>315.0</ele>
   </trkpt>
   <trkpt lat="45.7007130" lon="4.7420290">
    <ele>315.0</ele>
   </trkpt>
   <trkpt lat="45.7006980" lon="4.7420900">
    <ele>315.0</ele>
   </trkpt>
   <trkpt lat="45.7006840" lon="4.7421510">
    <ele>315.0</ele>
   </trkpt>
   <trkpt lat="45.7006670" lon="4.7422130">
    <ele>315.0</ele>
   </trkpt>
   <trkpt lat="45.7006510" lon="4.7422750">
    <ele>314.0</ele>
   </trkpt>
   <trkpt lat="45.7006340" lon="4.7423360">
    <ele>314.0</ele>
   </trkpt>
   <trkpt lat="45.7006180" lon="4.7423970">
    <ele>314.0</ele>
   </trkpt>
   <trkpt lat="45.7006030" lon="4.7424580">
    <ele>314.0</ele>
   </trkpt>
   <trkpt lat="45.7005880" lon="4.7425200">
    <ele>314.0</ele>
   </trkpt>
   <trkpt lat="45.7005770" lon="4.7425830">
    <ele>314.0</ele>
   </trkpt>
   <trkpt lat="45.7005660" lon="4.7426470">
    <ele>314.0</ele>
   </trkpt>
   <trkpt lat="45.7005560" lon="4.7427120">
    <ele>314.0</ele>
   </trkpt>
   <trkpt lat="45.7005450" lon="4.7427770">
    <ele>314.0</ele>
   </trkpt>
   <trkpt lat="45.7005340" lon="4.7428420">
    <ele>314.0</ele>
   </trkpt>
   <trkpt lat="45.7005240" lon="4.7429080">
    <ele>314.0</ele>
   </trkpt>
   <trkpt lat="45.7005130" lon="4.7429710">
    <ele>314.0</ele>
   </trkpt>
   <trkpt lat="45.7005030" lon="4.7430340">
    <ele>314.0</ele>
   </trkpt>
   <trkpt lat="45.7004910" lon="4.7430960">
    <ele>314.0</ele>
   </trkpt>
   <trkpt lat="45.7004790" lon="4.7431580">
    <ele>314.0</ele>
   </trkpt>
   <trkpt lat="45.7004660" lon="4.7432190">
    <ele>314.0</ele>
   </trkpt>
   <trkpt lat="45.7004530" lon="4.7432800">
    <ele>314.0</ele>
   </trkpt>
   <trkpt lat="45.7004370" lon="4.7433400">
    <ele>314.0</ele>
   </trkpt>
   <trkpt lat="45.7004210" lon="4.7433990">
    <ele>314.0</ele>
   </trkpt>
   <trkpt lat="45.7004040" lon="4.7434580">
    <ele>314.0</ele>
   </trkpt>
   <trkpt lat="45.7003870" lon="4.7435180">
    <ele>313.0</ele>
   </trkpt>
   <trkpt lat="45.7003700" lon="4.7435760">
    <ele>313.0</ele>
   </trkpt>
   <trkpt lat="45.7003530" lon="4.7436350">
    <ele>313.0</ele>
   </trkpt>
   <trkpt lat="45.7003370" lon="4.7436950">
    <ele>313.0</ele>
   </trkpt>
   <trkpt lat="45.7003210" lon="4.7437560">
    <ele>313.0</ele>
   </trkpt>
   <trkpt lat="45.7003060" lon="4.7438170">
    <ele>312.0</ele>
   </trkpt>
   <trkpt lat="45.7002920" lon="4.7438780">
    <ele>312.0</ele>
   </trkpt>
   <trkpt lat="45.7002750" lon="4.7439400">
    <ele>312.0</ele>
   </trkpt>
   <trkpt lat="45.7002580" lon="4.7440010">
    <ele>312.0</ele>
   </trkpt>
   <trkpt lat="45.7002410" lon="4.7440620">
    <ele>312.0</ele>
   </trkpt>
   <trkpt lat="45.7002250" lon="4.7441220">
    <ele>311.0</ele>
   </trkpt>
   <trkpt lat="45.7002090" lon="4.7441820">
    <ele>311.0</ele>
   </trkpt>
   <trkpt lat="45.7001940" lon="4.7442410">
    <ele>311.0</ele>
   </trkpt>
   <trkpt lat="45.7001800" lon="4.7443010">
    <ele>311.0</ele>
   </trkpt>
   <trkpt lat="45.7001660" lon="4.7443620">
    <ele>311.0</ele>
   </trkpt>
   <trkpt lat="45.7001520" lon="4.7444240">
    <ele>310.0</ele>
   </trkpt>
   <trkpt lat="45.7001380" lon="4.7444850">
    <ele>310.0</ele>
   </trkpt>
   <trkpt lat="45.7001180" lon="4.7445440">
    <ele>310.0</ele>
   </trkpt>
   <trkpt lat="45.7000990" lon="4.7446020">
    <ele>310.0</ele>
   </trkpt>
   <trkpt lat="45.7000730" lon="4.7446520">
    <ele>310.0</ele>
   </trkpt>
   <trkpt lat="45.7000470" lon="4.7447030">
    <ele>309.0</ele>
   </trkpt>
   <trkpt lat="45.7000160" lon="4.7447510">
    <ele>309.0</ele>
   </trkpt>
   <trkpt lat="45.6999850" lon="4.7448000">
    <ele>309.0</ele>
   </trkpt>
   <trkpt lat="45.6999540" lon="4.7448480">
    <ele>309.0</ele>
   </trkpt>
   <trkpt lat="45.6999230" lon="4.7448970">
    <ele>309.0</ele>
   </trkpt>
   <trkpt lat="45.6998980" lon="4.7449500">
    <ele>308.0</ele>
   </trkpt>
   <trkpt lat="45.6998740" lon="4.7450030">
    <ele>308.0</ele>
   </trkpt>
   <trkpt lat="45.6998560" lon="4.7450570">
    <ele>308.0</ele>
   </trkpt>
   <trkpt lat="45.6998390" lon="4.7451120">
    <ele>308.0</ele>
   </trkpt>
   <trkpt lat="45.6998200" lon="4.7451670">
    <ele>308.0</ele>
   </trkpt>
   <trkpt lat="45.6998020" lon="4.7452220">
    <ele>308.0</ele>
   </trkpt>
   <trkpt lat="45.6997810" lon="4.7452710">
    <ele>308.0</ele>
   </trkpt>
   <trkpt lat="45.6997610" lon="4.7453190">
    <ele>308.0</ele>
   </trkpt>
   <trkpt lat="45.6997410" lon="4.7453640">
    <ele>308.0</ele>
   </trkpt>
   <trkpt lat="45.6997220" lon="4.7454080">
    <ele>308.0</ele>
   </trkpt>
   <trkpt lat="45.6997060" lon="4.7454610">
    <ele>308.0</ele>
   </trkpt>
   <trkpt lat="45.6996910" lon="4.7455140">
    <ele>308.0</ele>
   </trkpt>
   <trkpt lat="45.6996750" lon="4.7455720">
    <ele>308.0</ele>
   </trkpt>
   <trkpt lat="45.6996590" lon="4.7456300">
    <ele>308.0</ele>
   </trkpt>
   <trkpt lat="45.6996420" lon="4.7456900">
    <ele>308.0</ele>
   </trkpt>
   <trkpt lat="45.6996240" lon="4.7457490">
    <ele>307.0</ele>
   </trkpt>
   <trkpt lat="45.6996040" lon="4.7458080">
    <ele>307.0</ele>
   </trkpt>
   <trkpt lat="45.6995840" lon="4.7458660">
    <ele>307.0</ele>
   </trkpt>
   <trkpt lat="45.6995610" lon="4.7459230">
    <ele>307.0</ele>
   </trkpt>
   <trkpt lat="45.6995370" lon="4.7459800">
    <ele>307.0</ele>
   </trkpt>
   <trkpt lat="45.6995120" lon="4.7460350">
    <ele>307.0</ele>
   </trkpt>
   <trkpt lat="45.6994870" lon="4.7460900">
    <ele>307.0</ele>
   </trkpt>
   <trkpt lat="45.6994610" lon="4.7461430">
    <ele>307.0</ele>
   </trkpt>
   <trkpt lat="45.6994360" lon="4.7461950">
    <ele>307.0</ele>
   </trkpt>
   <trkpt lat="45.6994130" lon="4.7462480">
    <ele>307.0</ele>
   </trkpt>
   <trkpt lat="45.6993890" lon="4.7463000">
    <ele>306.0</ele>
   </trkpt>
   <trkpt lat="45.6993670" lon="4.7463540">
    <ele>306.0</ele>
   </trkpt>
   <trkpt lat="45.6993450" lon="4.7464090">
    <ele>306.0</ele>
   </trkpt>
   <trkpt lat="45.6993240" lon="4.7464630">
    <ele>306.0</ele>
   </trkpt>
   <trkpt lat="45.6993040" lon="4.7465180">
    <ele>306.0</ele>
   </trkpt>
   <trkpt lat="45.6992830" lon="4.7465730">
    <ele>306.0</ele>
   </trkpt>
   <trkpt lat="45.6992620" lon="4.7466280">
    <ele>306.0</ele>
   </trkpt>
   <trkpt lat="45.6992380" lon="4.7466830">
    <ele>306.0</ele>
   </trkpt>
   <trkpt lat="45.6992150" lon="4.7467380">
    <ele>306.0</ele>
   </trkpt>
   <trkpt lat="45.6991920" lon="4.7467910">
    <ele>306.0</ele>
   </trkpt>
   <trkpt lat="45.6991700" lon="4.7468440">
    <ele>306.0</ele>
   </trkpt>
   <trkpt lat="45.6991490" lon="4.7468960">
    <ele>306.0</ele>
   </trkpt>
   <trkpt lat="45.6991280" lon="4.7469480">
    <ele>306.0</ele>
   </trkpt>
   <trkpt lat="45.6991080" lon="4.7469990">
    <ele>306.0</ele>
   </trkpt>
   <trkpt lat="45.6990890" lon="4.7470500">
    <ele>306.0</ele>
   </trkpt>
   <trkpt lat="45.6990750" lon="4.7471020">
    <ele>306.0</ele>
   </trkpt>
   <trkpt lat="45.6990620" lon="4.7471530">
    <ele>306.0</ele>
   </trkpt>
   <trkpt lat="45.6990540" lon="4.7472060">
    <ele>306.0</ele>
   </trkpt>
   <trkpt lat="45.6990460" lon="4.7472600">
    <ele>306.0</ele>
   </trkpt>
   <trkpt lat="45.6990420" lon="4.7473190">
    <ele>306.0</ele>
   </trkpt>
   <trkpt lat="45.6990380" lon="4.7473780">
    <ele>305.0</ele>
   </trkpt>
   <trkpt lat="45.6990330" lon="4.7474420">
    <ele>305.0</ele>
   </trkpt>
   <trkpt lat="45.6990280" lon="4.7475060">
    <ele>305.0</ele>
   </trkpt>
   <trkpt lat="45.6990250" lon="4.7475720">
    <ele>305.0</ele>
   </trkpt>
   <trkpt lat="45.6990220" lon="4.7476380">
    <ele>305.0</ele>
   </trkpt>
   <trkpt lat="45.6990220" lon="4.7477050">
    <ele>304.0</ele>
   </trkpt>
   <trkpt lat="45.6990230" lon="4.7477710">
    <ele>304.0</ele>
   </trkpt>
   <trkpt lat="45.6990250" lon="4.7478390">
    <ele>304.0</ele>
   </trkpt>
   <trkpt lat="45.6990270" lon="4.7479070">
    <ele>304.0</ele>
   </trkpt>
   <trkpt lat="45.6990250" lon="4.7479750">
    <ele>304.0</ele>
   </trkpt>
   <trkpt lat="45.6990230" lon="4.7480430">
    <ele>303.0</ele>
   </trkpt>
   <trkpt lat="45.6990210" lon="4.7481110">
    <ele>302.0</ele>
   </trkpt>
   <trkpt lat="45.6990190" lon="4.7481790">
    <ele>302.0</ele>
   </trkpt>
   <trkpt lat="45.6990190" lon="4.7482470">
    <ele>301.0</ele>
   </trkpt>
   <trkpt lat="45.6990190" lon="4.7483150">
    <ele>301.0</ele>
   </trkpt>
   <trkpt lat="45.6990180" lon="4.7483840">
    <ele>300.0</ele>
   </trkpt>
   <trkpt lat="45.6990170" lon="4.7484530">
    <ele>300.0</ele>
   </trkpt>
   <trkpt lat="45.6990150" lon="4.7485210">
    <ele>299.0</ele>
   </trkpt>
   <trkpt lat="45.6990140" lon="4.7485890">
    <ele>299.0</ele>
   </trkpt>
   <trkpt lat="45.6990140" lon="4.7486540">
    <ele>299.0</ele>
   </trkpt>
   <trkpt lat="45.6990140" lon="4.7487190">
    <ele>298.0</ele>
   </trkpt>
   <trkpt lat="45.6990160" lon="4.7487840">
    <ele>298.0</ele>
   </trkpt>
   <trkpt lat="45.6990170" lon="4.7488490">
    <ele>297.0</ele>
   </trkpt>
   <trkpt lat="45.6990200" lon="4.7489160">
    <ele>297.0</ele>
   </trkpt>
   <trkpt lat="45.6990220" lon="4.7489830">
    <ele>297.0</ele>
   </trkpt>
   <trkpt lat="45.6990240" lon="4.7490470">
    <ele>296.0</ele>
   </trkpt>
   <trkpt lat="45.6990250" lon="4.7491120">
    <ele>296.0</ele>
   </trkpt>
   <trkpt lat="45.6990260" lon="4.7491760">
    <ele>296.0</ele>
   </trkpt>
   <trkpt lat="45.6990280" lon="4.7492400">
    <ele>296.0</ele>
   </trkpt>
   <trkpt lat="45.6990280" lon="4.7493030">
    <ele>296.0</ele>
   </trkpt>
   <trkpt lat="45.6990290" lon="4.7493670">
    <ele>295.0</ele>
   </trkpt>
   <trkpt lat="45.6990260" lon="4.7494310">
    <ele>295.0</ele>
   </trkpt>
   <trkpt lat="45.6990230" lon="4.7494950">
    <ele>294.0</ele>
   </trkpt>
   <trkpt lat="45.6990160" lon="4.7495590">
    <ele>294.0</ele>
   </trkpt>
   <trkpt lat="45.6990090" lon="4.7496240">
    <ele>294.0</ele>
   </trkpt>
   <trkpt lat="45.6990000" lon="4.7496880">
    <ele>293.0</ele>
   </trkpt>
   <trkpt lat="45.6989910" lon="4.7497520">
    <ele>293.0</ele>
   </trkpt>
   <trkpt lat="45.6989820" lon="4.7498190">
    <ele>293.0</ele>
   </trkpt>
   <trkpt lat="45.6989740" lon="4.7498850">
    <ele>293.0</ele>
   </trkpt>
   <trkpt lat="45.6989650" lon="4.7499520">
    <ele>293.0</ele>
   </trkpt>
   <trkpt lat="45.6989560" lon="4.7500190">
    <ele>292.0</ele>
   </trkpt>
   <trkpt lat="45.6989480" lon="4.7500850">
    <ele>292.0</ele>
   </trkpt>
   <trkpt lat="45.6989390" lon="4.7501500">
    <ele>291.0</ele>
   </trkpt>
   <trkpt lat="45.6989320" lon="4.7502130">
    <ele>291.0</ele>
   </trkpt>
   <trkpt lat="45.6989250" lon="4.7502760">
    <ele>291.0</ele>
   </trkpt>
   <trkpt lat="45.6989190" lon="4.7503390">
    <ele>290.0</ele>
   </trkpt>
   <trkpt lat="45.6989130" lon="4.7504010">
    <ele>290.0</ele>
   </trkpt>
   <trkpt lat="45.6989040" lon="4.7504640">
    <ele>289.0</ele>
   </trkpt>
   <trkpt lat="45.6988950" lon="4.7505270">
    <ele>289.0</ele>
   </trkpt>
   <trkpt lat="45.6988860" lon="4.7505910">
    <ele>289.0</ele>
   </trkpt>
   <trkpt lat="45.6988770" lon="4.7506550">
    <ele>288.0</ele>
   </trkpt>
   <trkpt lat="45.6988700" lon="4.7507200">
    <ele>287.0</ele>
   </trkpt>
   <trkpt lat="45.6988620" lon="4.7507850">
    <ele>287.0</ele>
   </trkpt>
   <trkpt lat="45.6988530" lon="4.7508500">
    <ele>286.0</ele>
   </trkpt>
   <trkpt lat="45.6988430" lon="4.7509160">
    <ele>286.0</ele>
   </trkpt>
   <trkpt lat="45.6988340" lon="4.7509800">
    <ele>285.0</ele>
   </trkpt>
   <trkpt lat="45.6988240" lon="4.7510450">
    <ele>285.0</ele>
   </trkpt>
   <trkpt lat="45.6988120" lon="4.7511090">
    <ele>285.0</ele>
   </trkpt>
   <trkpt lat="45.6988010" lon="4.7511740">
    <ele>285.0</ele>
   </trkpt>
   <trkpt lat="45.6987870" lon="4.7512360">
    <ele>285.0</ele>
   </trkpt>
   <trkpt lat="45.6987740" lon="4.7512990">
    <ele>284.0</ele>
   </trkpt>
   <trkpt lat="45.6987600" lon="4.7513600">
    <ele>284.0</ele>
   </trkpt>
   <trkpt lat="45.6987460" lon="4.7514220">
    <ele>284.0</ele>
   </trkpt>
   <trkpt lat="45.6987350" lon="4.7514830">
    <ele>284.0</ele>
   </trkpt>
   <trkpt lat="45.6987230" lon="4.7515440">
    <ele>284.0</ele>
   </trkpt>
   <trkpt lat="45.6987140" lon="4.7516060">
    <ele>283.0</ele>
   </trkpt>
   <trkpt lat="45.6987060" lon="4.7516680">
    <ele>283.0</ele>
   </trkpt>
   <trkpt lat="45.6986990" lon="4.7517310">
    <ele>283.0</ele>
   </trkpt>
   <trkpt lat="45.6986920" lon="4.7517940">
    <ele>283.0</ele>
   </trkpt>
   <trkpt lat="45.6986840" lon="4.7518580">
    <ele>283.0</ele>
   </trkpt>
   <trkpt lat="45.6986770" lon="4.7519210">
    <ele>283.0</ele>
   </trkpt>
   <trkpt lat="45.6986700" lon="4.7519850">
    <ele>283.0</ele>
   </trkpt>
   <trkpt lat="45.6986630" lon="4.7520490">
    <ele>283.0</ele>
   </trkpt>
   <trkpt lat="45.6986560" lon="4.7521110">
    <ele>283.0</ele>
   </trkpt>
   <trkpt lat="45.6986490" lon="4.7521730">
    <ele>283.0</ele>
   </trkpt>
   <trkpt lat="45.6986400" lon="4.7522360">
    <ele>282.0</ele>
   </trkpt>
   <trkpt lat="45.6986310" lon="4.7522990">
    <ele>282.0</ele>
   </trkpt>
   <trkpt lat="45.6986190" lon="4.7523610">
    <ele>282.0</ele>
   </trkpt>
   <trkpt lat="45.6986080" lon="4.7524230">
    <ele>282.0</ele>
   </trkpt>
   <trkpt lat="45.6985970" lon="4.7524840">
    <ele>282.0</ele>
   </trkpt>
   <trkpt lat="45.6985870" lon="4.7525450">
    <ele>282.0</ele>
   </trkpt>
   <trkpt lat="45.6985760" lon="4.7526050">
    <ele>282.0</ele>
   </trkpt>
   <trkpt lat="45.6985650" lon="4.7526650">
    <ele>282.0</ele>
   </trkpt>
   <trkpt lat="45.6985550" lon="4.7527240">
    <ele>282.0</ele>
   </trkpt>
   <trkpt lat="45.6985450" lon="4.7527840">
    <ele>282.0</ele>
   </trkpt>
   <trkpt lat="45.6985390" lon="4.7528450">
    <ele>281.0</ele>
   </trkpt>
   <trkpt lat="45.6985330" lon="4.7529050">
    <ele>281.0</ele>
   </trkpt>
   <trkpt lat="45.6985290" lon="4.7529690">
    <ele>281.0</ele>
   </trkpt>
   <trkpt lat="45.6985250" lon="4.7530330">
    <ele>281.0</ele>
   </trkpt>
   <trkpt lat="45.6985220" lon="4.7530980">
    <ele>281.0</ele>
   </trkpt>
   <trkpt lat="45.6985190" lon="4.7531630">
    <ele>281.0</ele>
   </trkpt>
   <trkpt lat="45.6985190" lon="4.7532300">
    <ele>281.0</ele>
   </trkpt>
   <trkpt lat="45.6985190" lon="4.7532970">
    <ele>281.0</ele>
   </trkpt>
   <trkpt lat="45.6985200" lon="4.7533620">
    <ele>281.0</ele>
   </trkpt>
   <trkpt lat="45.6985210" lon="4.7534260">
    <ele>281.0</ele>
   </trkpt>
   <trkpt lat="45.6985220" lon="4.7534890">
    <ele>280.0</ele>
   </trkpt>
   <trkpt lat="45.6985240" lon="4.7535520">
    <ele>280.0</ele>
   </trkpt>
   <trkpt lat="45.6985210" lon="4.7536160">
    <ele>280.0</ele>
   </trkpt>
   <trkpt lat="45.6985190" lon="4.7536790">
    <ele>280.0</ele>
   </trkpt>
   <trkpt lat="45.6985170" lon="4.7537410">
    <ele>280.0</ele>
   </trkpt>
   <trkpt lat="45.6985150" lon="4.7538040">
    <ele>280.0</ele>
   </trkpt>
   <trkpt lat="45.6985140" lon="4.7538650">
    <ele>280.0</ele>
   </trkpt>
   <trkpt lat="45.6985130" lon="4.7539260">
    <ele>280.0</ele>
   </trkpt>
   <trkpt lat="45.6985120" lon="4.7539860">
    <ele>280.0</ele>
   </trkpt>
   <trkpt lat="45.6985110" lon="4.7540470">
    <ele>280.0</ele>
   </trkpt>
   <trkpt lat="45.6985130" lon="4.7541050">
    <ele>279.0</ele>
   </trkpt>
   <trkpt lat="45.6985140" lon="4.7541640">
    <ele>279.0</ele>
   </trkpt>
   <trkpt lat="45.6985260" lon="4.7542110">
    <ele>279.0</ele>
   </trkpt>
   <trkpt lat="45.6985390" lon="4.7542580">
    <ele>279.0</ele>
   </trkpt>
   <trkpt lat="45.6985680" lon="4.7542830">
    <ele>279.0</ele>
   </trkpt>
   <trkpt lat="45.6985980" lon="4.7543080">
    <ele>278.0</ele>
   </trkpt>
   <trkpt lat="45.6986390" lon="4.7543130">
    <ele>278.0</ele>
   </trkpt>
   <trkpt lat="45.6986810" lon="4.7543180">
    <ele>278.0</ele>
   </trkpt>
   <trkpt lat="45.6987240" lon="4.7543180">
    <ele>278.0</ele>
   </trkpt>
   <trkpt lat="45.6987680" lon="4.7543180">
    <ele>278.0</ele>
   </trkpt>
   <trkpt lat="45.6988120" lon="4.7543180">
    <ele>277.0</ele>
   </trkpt>
   <trkpt lat="45.6988570" lon="4.7543170">
    <ele>277.0</ele>
   </trkpt>
   <trkpt lat="45.6989000" lon="4.7543150">
    <ele>277.0</ele>
   </trkpt>
   <trkpt lat="45.6989440" lon="4.7543130">
    <ele>277.0</ele>
   </trkpt>
   <trkpt lat="45.6989850" lon="4.7543110">
    <ele>277.0</ele>
   </trkpt>
   <trkpt lat="45.6990270" lon="4.7543090">
    <ele>276.0</ele>
   </trkpt>
   <trkpt lat="45.6990690" lon="4.7543060">
    <ele>276.0</ele>
   </trkpt>
   <trkpt lat="45.6991120" lon="4.7543030">
    <ele>276.0</ele>
   </trkpt>
   <trkpt lat="45.6991570" lon="4.7543010">
    <ele>276.0</ele>
   </trkpt>
   <trkpt lat="45.6992010" lon="4.7543000">
    <ele>276.0</ele>
   </trkpt>
   <trkpt lat="45.6992490" lon="4.7543020">
    <ele>275.0</ele>
   </trkpt>
   <trkpt lat="45.6992960" lon="4.7543050">
    <ele>275.0</ele>
   </trkpt>
   <trkpt lat="45.6993450" lon="4.7543090">
    <ele>275.0</ele>
   </trkpt>
   <trkpt lat="45.6993940" lon="4.7543120">
    <ele>275.0</ele>
   </trkpt>
   <trkpt lat="45.6994410" lon="4.7543130">
    <ele>275.0</ele>
   </trkpt>
   <trkpt lat="45.6994880" lon="4.7543140">
    <ele>275.0</ele>
   </trkpt>
   <trkpt lat="45.6995340" lon="4.7543120">
    <ele>275.0</ele>
   </trkpt>
   <trkpt lat="45.6995810" lon="4.7543100">
    <ele>275.0</ele>
   </trkpt>
   <trkpt lat="45.6996270" lon="4.7543020">
    <ele>275.0</ele>
   </trkpt>
   <trkpt lat="45.6996730" lon="4.7542940">
    <ele>275.0</ele>
   </trkpt>
   <trkpt lat="45.6997180" lon="4.7542870">
    <ele>275.0</ele>
   </trkpt>
   <trkpt lat="45.6997630" lon="4.7542790">
    <ele>275.0</ele>
   </trkpt>
   <trkpt lat="45.6998060" lon="4.7542760">
    <ele>275.0</ele>
   </trkpt>
   <trkpt lat="45.6998500" lon="4.7542720">
    <ele>275.0</ele>
   </trkpt>
   <trkpt lat="45.6998910" lon="4.7542700">
    <ele>275.0</ele>
   </trkpt>
   <trkpt lat="45.6999320" lon="4.7542680">
    <ele>274.0</ele>
   </trkpt>
   <trkpt lat="45.6999730" lon="4.7542680">
    <ele>274.0</ele>
   </trkpt>
   <trkpt lat="45.7000140" lon="4.7542670">
    <ele>274.0</ele>
   </trkpt>
   <trkpt lat="45.7000560" lon="4.7542650">
    <ele>274.0</ele>
   </trkpt>
   <trkpt lat="45.7000990" lon="4.7542630">
    <ele>274.0</ele>
   </trkpt>
   <trkpt lat="45.7001410" lon="4.7542590">
    <ele>274.0</ele>
   </trkpt>
   <trkpt lat="45.7001830" lon="4.7542560">
    <ele>274.0</ele>
   </trkpt>
   <trkpt lat="45.7002240" lon="4.7542520">
    <ele>274.0</ele>
   </trkpt>
   <trkpt lat="45.7002650" lon="4.7542490">
    <ele>274.0</ele>
   </trkpt>
   <trkpt lat="45.7003060" lon="4.7542550">
    <ele>274.0</ele>
   </trkpt>
   <trkpt lat="45.7003480" lon="4.7542620">
    <ele>273.0</ele>
   </trkpt>
   <trkpt lat="45.7003790" lon="4.7542950">
    <ele>273.0</ele>
   </trkpt>
   <trkpt lat="45.7004110" lon="4.7543290">
    <ele>273.0</ele>
   </trkpt>
   <trkpt lat="45.7004320" lon="4.7543730">
    <ele>273.0</ele>
   </trkpt>
   <trkpt lat="45.7004530" lon="4.7544180">
    <ele>273.0</ele>
   </trkpt>
   <trkpt lat="45.7004810" lon="4.7544520">
    <ele>273.0</ele>
   </trkpt>
   <trkpt lat="45.7005090" lon="4.7544860">
    <ele>273.0</ele>
   </trkpt>
   <trkpt lat="45.7005440" lon="4.7545020">
    <ele>273.0</ele>
   </trkpt>
   <trkpt lat="45.7005810" lon="4.7545180">
    <ele>273.0</ele>
   </trkpt>
   <trkpt lat="45.7006200" lon="4.7545100">
    <ele>273.0</ele>
   </trkpt>
   <trkpt lat="45.7006600" lon="4.7545020">
    <ele>272.0</ele>
   </trkpt>
   <trkpt lat="45.7006980" lon="4.7544760">
    <ele>272.0</ele>
   </trkpt>
   <trkpt lat="45.7007350" lon="4.7544490">
    <ele>272.0</ele>
   </trkpt>
   <trkpt lat="45.7007700" lon="4.7544110">
    <ele>272.0</ele>
   </trkpt>
   <trkpt lat="45.7008060" lon="4.7543740">
    <ele>272.0</ele>
   </trkpt>
   <trkpt lat="45.7008420" lon="4.7543360">
    <ele>271.0</ele>
   </trkpt>
   <trkpt lat="45.7008770" lon="4.7542990">
    <ele>271.0</ele>
   </trkpt>
   <trkpt lat="45.7009150" lon="4.7542650">
    <ele>271.0</ele>
   </trkpt>
   <trkpt lat="45.7009520" lon="4.7542310">
    <ele>271.0</ele>
   </trkpt>
   <trkpt lat="45.7009930" lon="4.7542040">
    <ele>271.0</ele>
   </trkpt>
   <trkpt lat="45.7010340" lon="4.7541770">
    <ele>271.0</ele>
   </trkpt>
   <trkpt lat="45.7010750" lon="4.7541600">
    <ele>271.0</ele>
   </trkpt>
   <trkpt lat="45.7011170" lon="4.7541430">
    <ele>271.0</ele>
   </trkpt>
   <trkpt lat="45.7011590" lon="4.7541320">
    <ele>271.0</ele>
   </trkpt>
   <trkpt lat="45.7012020" lon="4.7541220">
    <ele>271.0</ele>
   </trkpt>
   <trkpt lat="45.7012450" lon="4.7541150">
    <ele>271.0</ele>
   </trkpt>
   <trkpt lat="45.7012880" lon="4.7541080">
    <ele>271.0</ele>
   </trkpt>
   <trkpt lat="45.7013300" lon="4.7541010">
    <ele>271.0</ele>
   </trkpt>
   <trkpt lat="45.7013710" lon="4.7540950">
    <ele>271.0</ele>
   </trkpt>
   <trkpt lat="45.7014140" lon="4.7540880">
    <ele>271.0</ele>
   </trkpt>
   <trkpt lat="45.7014570" lon="4.7540800">
    <ele>270.0</ele>
   </trkpt>
   <trkpt lat="45.7014990" lon="4.7540760">
    <ele>270.0</ele>
   </trkpt>
   <trkpt lat="45.7015410" lon="4.7540720">
    <ele>270.0</ele>
   </trkpt>
   <trkpt lat="45.7015820" lon="4.7540690">
    <ele>270.0</ele>
   </trkpt>
   <trkpt lat="45.7016230" lon="4.7540650">
    <ele>270.0</ele>
   </trkpt>
   <trkpt lat="45.7016650" lon="4.7540590">
    <ele>270.0</ele>
   </trkpt>
   <trkpt lat="45.7017070" lon="4.7540520">
    <ele>270.0</ele>
   </trkpt>
   <trkpt lat="45.7017500" lon="4.7540450">
    <ele>270.0</ele>
   </trkpt>
   <trkpt lat="45.7017920" lon="4.7540370">
    <ele>270.0</ele>
   </trkpt>
   <trkpt lat="45.7018330" lon="4.7540260">
    <ele>270.0</ele>
   </trkpt>
   <trkpt lat="45.7018740" lon="4.7540150">
    <ele>270.0</ele>
   </trkpt>
   <trkpt lat="45.7019170" lon="4.7540010">
    <ele>270.0</ele>
   </trkpt>
   <trkpt lat="45.7019600" lon="4.7539870">
    <ele>270.0</ele>
   </trkpt>
   <trkpt lat="45.7020030" lon="4.7539740">
    <ele>270.0</ele>
   </trkpt>
   <trkpt lat="45.7020470" lon="4.7539610">
    <ele>270.0</ele>
   </trkpt>
   <trkpt lat="45.7020920" lon="4.7539490">
    <ele>270.0</ele>
   </trkpt>
   <trkpt lat="45.7021370" lon="4.7539370">
    <ele>270.0</ele>
   </trkpt>
   <trkpt lat="45.7021810" lon="4.7539230">
    <ele>270.0</ele>
   </trkpt>
   <trkpt lat="45.7022260" lon="4.7539090">
    <ele>270.0</ele>
   </trkpt>
   <trkpt lat="45.7022700" lon="4.7538930">
    <ele>271.0</ele>
   </trkpt>
   <trkpt lat="45.7023140" lon="4.7538770">
    <ele>271.0</ele>
   </trkpt>
   <trkpt lat="45.7023570" lon="4.7538610">
    <ele>271.0</ele>
   </trkpt>
   <trkpt lat="45.7023990" lon="4.7538450">
    <ele>271.0</ele>
   </trkpt>
   <trkpt lat="45.7024410" lon="4.7538280">
    <ele>271.0</ele>
   </trkpt>
   <trkpt lat="45.7024820" lon="4.7538110">
    <ele>271.0</ele>
   </trkpt>
   <trkpt lat="45.7025240" lon="4.7537910">
    <ele>270.0</ele>
   </trkpt>
   <trkpt lat="45.7025650" lon="4.7537700">
    <ele>270.0</ele>
   </trkpt>
   <trkpt lat="45.7026070" lon="4.7537470">
    <ele>270.0</ele>
   </trkpt>
   <trkpt lat="45.7026490" lon="4.7537230">
    <ele>270.0</ele>
   </trkpt>
   <trkpt lat="45.7026880" lon="4.7536970">
    <ele>270.0</ele>
   </trkpt>
   <trkpt lat="45.7027270" lon="4.7536720">
    <ele>269.0</ele>
   </trkpt>
   <trkpt lat="45.7027660" lon="4.7536480">
    <ele>269.0</ele>
   </trkpt>
   <trkpt lat="45.7028060" lon="4.7536240">
    <ele>269.0</ele>
   </trkpt>
   <trkpt lat="45.7028460" lon="4.7536010">
    <ele>269.0</ele>
   </trkpt>
   <trkpt lat="45.7028860" lon="4.7535790">
    <ele>269.0</ele>
   </trkpt>
   <trkpt lat="45.7029270" lon="4.7535580">
    <ele>268.0</ele>
   </trkpt>
   <trkpt lat="45.7029690" lon="4.7535370">
    <ele>268.0</ele>
   </trkpt>
   <trkpt lat="45.7030090" lon="4.7535140">
    <ele>268.0</ele>
   </trkpt>
   <trkpt lat="45.7030490" lon="4.7534920">
    <ele>268.0</ele>
   </trkpt>
   <trkpt lat="45.7030890" lon="4.7534690">
    <ele>268.0</ele>
   </trkpt>
   <trkpt lat="45.7031290" lon="4.7534470">
    <ele>268.0</ele>
   </trkpt>
   <trkpt lat="45.7031690" lon="4.7534260">
    <ele>268.0</ele>
   </trkpt>
   <trkpt lat="45.7032090" lon="4.7534040">
    <ele>268.0</ele>
   </trkpt>
   <trkpt lat="45.7032490" lon="4.7533820">
    <ele>268.0</ele>
   </trkpt>
   <trkpt lat="45.7032890" lon="4.7533600">
    <ele>268.0</ele>
   </trkpt>
   <trkpt lat="45.7033290" lon="4.7533380">
    <ele>268.0</ele>
   </trkpt>
   <trkpt lat="45.7033690" lon="4.7533160">
    <ele>268.0</ele>
   </trkpt>
   <trkpt lat="45.7034110" lon="4.7532950">
    <ele>268.0</ele>
   </trkpt>
   <trkpt lat="45.7034520" lon="4.7532750">
    <ele>268.0</ele>
   </trkpt>
   <trkpt lat="45.7034970" lon="4.7532560">
    <ele>268.0</ele>
   </trkpt>
   <trkpt lat="45.7035410" lon="4.7532370">
    <ele>268.0</ele>
   </trkpt>
   <trkpt lat="45.7035840" lon="4.7532180">
    <ele>268.0</ele>
   </trkpt>
   <trkpt lat="45.7036280" lon="4.7531990">
    <ele>268.0</ele>
   </trkpt>
   <trkpt lat="45.7036690" lon="4.7531790">
    <ele>268.0</ele>
   </trkpt>
   <trkpt lat="45.7037100" lon="4.7531600">
    <ele>268.0</ele>
   </trkpt>
   <trkpt lat="45.7037480" lon="4.7531390">
    <ele>267.0</ele>
   </trkpt>
   <trkpt lat="45.7037870" lon="4.7531180">
    <ele>267.0</ele>
   </trkpt>
   <trkpt lat="45.7038240" lon="4.7530970">
    <ele>267.0</ele>
   </trkpt>
   <trkpt lat="45.7038620" lon="4.7530760">
    <ele>267.0</ele>
   </trkpt>
   <trkpt lat="45.7039000" lon="4.7530550">
    <ele>267.0</ele>
   </trkpt>
   <trkpt lat="45.7039390" lon="4.7530340">
    <ele>267.0</ele>
   </trkpt>
   <trkpt lat="45.7039770" lon="4.7530120">
    <ele>267.0</ele>
   </trkpt>
   <trkpt lat="45.7040150" lon="4.7529900">
    <ele>267.0</ele>
   </trkpt>
   <trkpt lat="45.7040530" lon="4.7529680">
    <ele>267.0</ele>
   </trkpt>
   <trkpt lat="45.7040910" lon="4.7529450">
    <ele>267.0</ele>
   </trkpt>
   <trkpt lat="45.7041290" lon="4.7529220">
    <ele>267.0</ele>
   </trkpt>
   <trkpt lat="45.7041670" lon="4.7528990">
    <ele>267.0</ele>
   </trkpt>
   <trkpt lat="45.7042050" lon="4.7528760">
    <ele>267.0</ele>
   </trkpt>
   <trkpt lat="45.7042440" lon="4.7528530">
    <ele>267.0</ele>
   </trkpt>
   <trkpt lat="45.7042800" lon="4.7528270">
    <ele>267.0</ele>
   </trkpt>
   <trkpt lat="45.7043170" lon="4.7528020">
    <ele>267.0</ele>
   </trkpt>
   <trkpt lat="45.7043510" lon="4.7527760">
    <ele>267.0</ele>
   </trkpt>
   <trkpt lat="45.7043850" lon="4.7527490">
    <ele>267.0</ele>
   </trkpt>
   <trkpt lat="45.7044190" lon="4.7527200">
    <ele>267.0</ele>
   </trkpt>
   <trkpt lat="45.7044530" lon="4.7526920">
    <ele>268.0</ele>
   </trkpt>
   <trkpt lat="45.7044870" lon="4.7526620">
    <ele>268.0</ele>
   </trkpt>
   <trkpt lat="45.7045220" lon="4.7526320">
    <ele>268.0</ele>
   </trkpt>
   <trkpt lat="45.7045570" lon="4.7526220">
    <ele>268.0</ele>
   </trkpt>
   <trkpt lat="45.7045910" lon="4.7526130">
    <ele>268.0</ele>
   </trkpt>
   <trkpt lat="45.7046170" lon="4.7526460">
    <ele>268.0</ele>
   </trkpt>
   <trkpt lat="45.7046420" lon="4.7526790">
    <ele>268.0</ele>
   </trkpt>
   <trkpt lat="45.7046500" lon="4.7527390">
    <ele>268.0</ele>
   </trkpt>
   <trkpt lat="45.7046590" lon="4.7527990">
    <ele>268.0</ele>
   </trkpt>
   <trkpt lat="45.7046570" lon="4.7528660">
    <ele>268.0</ele>
   </trkpt>
   <trkpt lat="45.7046550" lon="4.7529330">
    <ele>268.0</ele>
   </trkpt>
   <trkpt lat="45.7046480" lon="4.7529940">
    <ele>268.0</ele>
   </trkpt>
   <trkpt lat="45.7046410" lon="4.7530550">
    <ele>268.0</ele>
   </trkpt>
   <trkpt lat="45.7046370" lon="4.7531030">
    <ele>268.0</ele>
   </trkpt>
   <trkpt lat="45.7046330" lon="4.7531510">
    <ele>268.0</ele>
   </trkpt>
   <trkpt lat="45.7046370" lon="4.7531970">
    <ele>268.0</ele>
   </trkpt>
   <trkpt lat="45.7046420" lon="4.7532430">
    <ele>267.0</ele>
   </trkpt>
   <trkpt lat="45.7046510" lon="4.7532930">
    <ele>266.0</ele>
   </trkpt>
   <trkpt lat="45.7046600" lon="4.7533440">
    <ele>266.0</ele>
   </trkpt>
   <trkpt lat="45.7046690" lon="4.7533910">
    <ele>265.0</ele>
   </trkpt>
   <trkpt lat="45.7046790" lon="4.7534390">
    <ele>265.0</ele>
   </trkpt>
   <trkpt lat="45.7046930" lon="4.7534610">
    <ele>264.0</ele>
   </trkpt>
   <trkpt lat="45.7047070" lon="4.7534840">
    <ele>264.0</ele>
   </trkpt>
   <trkpt lat="45.7047320" lon="4.7534810">
    <ele>264.0</ele>
   </trkpt>
   <trkpt lat="45.7047570" lon="4.7534780">
    <ele>264.0</ele>
   </trkpt>
   <trkpt lat="45.7047920" lon="4.7534710">
    <ele>264.0</ele>
   </trkpt>
   <trkpt lat="45.7048260" lon="4.7534640">
    <ele>264.0</ele>
   </trkpt>
   <trkpt lat="45.7048630" lon="4.7534600">
    <ele>264.0</ele>
   </trkpt>
   <trkpt lat="45.7049010" lon="4.7534570">
    <ele>264.0</ele>
   </trkpt>
   <trkpt lat="45.7049350" lon="4.7534550">
    <ele>264.0</ele>
   </trkpt>
   <trkpt lat="45.7049690" lon="4.7534530">
    <ele>264.0</ele>
   </trkpt>
   <trkpt lat="45.7049960" lon="4.7534330">
    <ele>264.0</ele>
   </trkpt>
   <trkpt lat="45.7050230" lon="4.7534140">
    <ele>264.0</ele>
   </trkpt>
   <trkpt lat="45.7050430" lon="4.7533800">
    <ele>264.0</ele>
   </trkpt>
   <trkpt lat="45.7050630" lon="4.7533460">
    <ele>264.0</ele>
   </trkpt>
   <trkpt lat="45.7050820" lon="4.7533150">
    <ele>265.0</ele>
   </trkpt>
   <trkpt lat="45.7051010" lon="4.7532850">
    <ele>265.0</ele>
   </trkpt>
   <trkpt lat="45.7051200" lon="4.7532720">
    <ele>265.0</ele>
   </trkpt>
   <trkpt lat="45.7051380" lon="4.7532580">
    <ele>266.0</ele>
   </trkpt>
   <trkpt lat="45.7051580" lon="4.7532540">
    <ele>266.0</ele>
   </trkpt>
   <trkpt lat="45.7051780" lon="4.7532510">
    <ele>267.0</ele>
   </trkpt>
   <trkpt lat="45.7051990" lon="4.7532510">
    <ele>267.0</ele>
   </trkpt>
   <trkpt lat="45.7052210" lon="4.7532520">
    <ele>267.0</ele>
   </trkpt>
   <trkpt lat="45.7052420" lon="4.7532560">
    <ele>267.0</ele>
   </trkpt>
   <trkpt lat="45.7052630" lon="4.7532600">
    <ele>267.0</ele>
   </trkpt>
   <trkpt lat="45.7052830" lon="4.7532610">
    <ele>268.0</ele>
   </trkpt>
   <trkpt lat="45.7053030" lon="4.7532620">
    <ele>268.0</ele>
   </trkpt>
   <trkpt lat="45.7053260" lon="4.7532610">
    <ele>269.0</ele>
   </trkpt>
   <trkpt lat="45.7053480" lon="4.7532610">
    <ele>269.0</ele>
   </trkpt>
   <trkpt lat="45.7053700" lon="4.7532620">
    <ele>270.0</ele>
   </trkpt>
   <trkpt lat="45.7053920" lon="4.7532630">
    <ele>271.0</ele>
   </trkpt>
   <trkpt lat="45.7054130" lon="4.7532640">
    <ele>271.0</ele>
   </trkpt>
   <trkpt lat="45.7054350" lon="4.7532650">
    <ele>271.0</ele>
   </trkpt>
   <trkpt lat="45.7054570" lon="4.7532640">
    <ele>272.0</ele>
   </trkpt>
   <trkpt lat="45.7054780" lon="4.7532620">
    <ele>272.0</ele>
   </trkpt>
   <trkpt lat="45.7054970" lon="4.7532600">
    <ele>273.0</ele>
   </trkpt>
   <trkpt lat="45.7055160" lon="4.7532580">
    <ele>273.0</ele>
   </trkpt>
   <trkpt lat="45.7055350" lon="4.7532540">
    <ele>274.0</ele>
   </trkpt>
   <trkpt lat="45.7055540" lon="4.7532510">
    <ele>274.0</ele>
   </trkpt>
   <trkpt lat="45.7055730" lon="4.7532450">
    <ele>275.0</ele>
   </trkpt>
   <trkpt lat="45.7055930" lon="4.7532400">
    <ele>276.0</ele>
   </trkpt>
   <trkpt lat="45.7056120" lon="4.7532360">
    <ele>276.0</ele>
   </trkpt>
   <trkpt lat="45.7056320" lon="4.7532320">
    <ele>276.0</ele>
   </trkpt>
   <trkpt lat="45.7056490" lon="4.7532260">
    <ele>277.0</ele>
   </trkpt>
   <trkpt lat="45.7056660" lon="4.7532200">
    <ele>277.0</ele>
   </trkpt>
   <trkpt lat="45.7056800" lon="4.7532110">
    <ele>278.0</ele>
   </trkpt>
   <trkpt lat="45.7056940" lon="4.7532020">
    <ele>278.0</ele>
   </trkpt>
   <trkpt lat="45.7057050" lon="4.7531970">
    <ele>279.0</ele>
   </trkpt>
   <trkpt lat="45.7057170" lon="4.7531920">
    <ele>279.0</ele>
   </trkpt>
   <trkpt lat="45.7057290" lon="4.7531880">
    <ele>280.0</ele>
   </trkpt>
   <trkpt lat="45.7057400" lon="4.7531850">
    <ele>281.0</ele>
   </trkpt>
   <trkpt lat="45.7057530" lon="4.7531830">
    <ele>281.0</ele>
   </trkpt>
   <trkpt lat="45.7057660" lon="4.7531810">
    <ele>281.0</ele>
   </trkpt>
   <trkpt lat="45.7057810" lon="4.7531780">
    <ele>281.0</ele>
   </trkpt>
   <trkpt lat="45.7057960" lon="4.7531750">
    <ele>281.0</ele>
   </trkpt>
   <trkpt lat="45.7058090" lon="4.7531690">
    <ele>282.0</ele>
   </trkpt>
   <trkpt lat="45.7058230" lon="4.7531630">
    <ele>282.0</ele>
   </trkpt>
   <trkpt lat="45.7058360" lon="4.7531580">
    <ele>283.0</ele>
   </trkpt>
   <trkpt lat="45.7058480" lon="4.7531530">
    <ele>283.0</ele>
   </trkpt>
   <trkpt lat="45.7058620" lon="4.7531460">
    <ele>284.0</ele>
   </trkpt>
   <trkpt lat="45.7058750" lon="4.7531390">
    <ele>285.0</ele>
   </trkpt>
   <trkpt lat="45.7058870" lon="4.7531300">
    <ele>285.0</ele>
   </trkpt>
   <trkpt lat="45.7059000" lon="4.7531200">
    <ele>285.0</ele>
   </trkpt>
   <trkpt lat="45.7059070" lon="4.7531050">
    <ele>286.0</ele>
   </trkpt>
   <trkpt lat="45.7059150" lon="4.7530900">
    <ele>286.0</ele>
   </trkpt>
   <trkpt lat="45.7059220" lon="4.7530670">
    <ele>287.0</ele>
   </trkpt>
   <trkpt lat="45.7059290" lon="4.7530440">
    <ele>287.0</ele>
   </trkpt>
   <trkpt lat="45.7059370" lon="4.7530150">
    <ele>288.0</ele>
   </trkpt>
   <trkpt lat="45.7059460" lon="4.7529870">
    <ele>288.0</ele>
   </trkpt>
   <trkpt lat="45.7059590" lon="4.7529530">
    <ele>289.0</ele>
   </trkpt>
   <trkpt lat="45.7059720" lon="4.7529190">
    <ele>290.0</ele>
   </trkpt>
   <trkpt lat="45.7059910" lon="4.7528840">
    <ele>290.0</ele>
   </trkpt>
   <trkpt lat="45.7060100" lon="4.7528480">
    <ele>290.0</ele>
   </trkpt>
   <trkpt lat="45.7060330" lon="4.7528180">
    <ele>291.0</ele>
   </trkpt>
   <trkpt lat="45.7060560" lon="4.7527890">
    <ele>291.0</ele>
   </trkpt>
   <trkpt lat="45.7060830" lon="4.7527700">
    <ele>292.0</ele>
   </trkpt>
   <trkpt lat="45.7061090" lon="4.7527500">
    <ele>292.0</ele>
   </trkpt>
   <trkpt lat="45.7061360" lon="4.7527350">
    <ele>292.0</ele>
   </trkpt>
   <trkpt lat="45.7061620" lon="4.7527190">
    <ele>292.0</ele>
   </trkpt>
   <trkpt lat="45.7061890" lon="4.7527050">
    <ele>292.0</ele>
   </trkpt>
   <trkpt lat="45.7062170" lon="4.7526900">
    <ele>293.0</ele>
   </trkpt>
   <trkpt lat="45.7062460" lon="4.7526760">
    <ele>293.0</ele>
   </trkpt>
   <trkpt lat="45.7062750" lon="4.7526630">
    <ele>293.0</ele>
   </trkpt>
   <trkpt lat="45.7063050" lon="4.7526510">
    <ele>293.0</ele>
   </trkpt>
   <trkpt lat="45.7063360" lon="4.7526390">
    <ele>293.0</ele>
   </trkpt>
   <trkpt lat="45.7063660" lon="4.7526290">
    <ele>294.0</ele>
   </trkpt>
   <trkpt lat="45.7063960" lon="4.7526200">
    <ele>294.0</ele>
   </trkpt>
   <trkpt lat="45.7064230" lon="4.7526160">
    <ele>294.0</ele>
   </trkpt>
   <trkpt lat="45.7064510" lon="4.7526120">
    <ele>294.0</ele>
   </trkpt>
   <trkpt lat="45.7064770" lon="4.7526190">
    <ele>294.0</ele>
   </trkpt>
   <trkpt lat="45.7065030" lon="4.7526250">
    <ele>295.0</ele>
   </trkpt>
   <trkpt lat="45.7065270" lon="4.7526490">
    <ele>295.0</ele>
   </trkpt>
   <trkpt lat="45.7065510" lon="4.7526730">
    <ele>295.0</ele>
   </trkpt>
   <trkpt lat="45.7065740" lon="4.7527020">
    <ele>296.0</ele>
   </trkpt>
   <trkpt lat="45.7065970" lon="4.7527320">
    <ele>296.0</ele>
   </trkpt>
   <trkpt lat="45.7066210" lon="4.7527570">
    <ele>297.0</ele>
   </trkpt>
   <trkpt lat="45.7066440" lon="4.7527830">
    <ele>297.0</ele>
   </trkpt>
   <trkpt lat="45.7066710" lon="4.7528070">
    <ele>297.0</ele>
   </trkpt>
   <trkpt lat="45.7066970" lon="4.7528310">
    <ele>297.0</ele>
   </trkpt>
   <trkpt lat="45.7067260" lon="4.7528540">
    <ele>297.0</ele>
   </trkpt>
   <trkpt lat="45.7067550" lon="4.7528770">
    <ele>298.0</ele>
   </trkpt>
   <trkpt lat="45.7067860" lon="4.7529020">
    <ele>298.0</ele>
   </trkpt>
   <trkpt lat="45.7068180" lon="4.7529270">
    <ele>298.0</ele>
   </trkpt>
   <trkpt lat="45.7068480" lon="4.7529570">
    <ele>298.0</ele>
   </trkpt>
   <trkpt lat="45.7068780" lon="4.7529870">
    <ele>298.0</ele>
   </trkpt>
   <trkpt lat="45.7069080" lon="4.7530200">
    <ele>299.0</ele>
   </trkpt>
   <trkpt lat="45.7069370" lon="4.7530520">
    <ele>299.0</ele>
   </trkpt>
   <trkpt lat="45.7069690" lon="4.7530810">
    <ele>299.0</ele>
   </trkpt>
   <trkpt lat="45.7070010" lon="4.7531090">
    <ele>299.0</ele>
   </trkpt>
   <trkpt lat="45.7070370" lon="4.7531330">
    <ele>299.0</ele>
   </trkpt>
   <trkpt lat="45.7070740" lon="4.7531580">
    <ele>299.0</ele>
   </trkpt>
   <trkpt lat="45.7071090" lon="4.7531730">
    <ele>299.0</ele>
   </trkpt>
   <trkpt lat="45.7071430" lon="4.7531880">
    <ele>299.0</ele>
   </trkpt>
   <trkpt lat="45.7071750" lon="4.7531940">
    <ele>299.0</ele>
   </trkpt>
   <trkpt lat="45.7072070" lon="4.7532010">
    <ele>299.0</ele>
   </trkpt>
   <trkpt lat="45.7072410" lon="4.7532060">
    <ele>299.0</ele>
   </trkpt>
   <trkpt lat="45.7072750" lon="4.7532120">
    <ele>299.0</ele>
   </trkpt>
   <trkpt lat="45.7073110" lon="4.7532170">
    <ele>299.0</ele>
   </trkpt>
   <trkpt lat="45.7073470" lon="4.7532230">
    <ele>299.0</ele>
   </trkpt>
   <trkpt lat="45.7073830" lon="4.7532280">
    <ele>299.0</ele>
   </trkpt>
   <trkpt lat="45.7074180" lon="4.7532330">
    <ele>299.0</ele>
   </trkpt>
   <trkpt lat="45.7074530" lon="4.7532420">
    <ele>299.0</ele>
   </trkpt>
   <trkpt lat="45.7074880" lon="4.7532510">
    <ele>299.0</ele>
   </trkpt>
   <trkpt lat="45.7075230" lon="4.7532600">
    <ele>299.0</ele>
   </trkpt>
   <trkpt lat="45.7075580" lon="4.7532690">
    <ele>299.0</ele>
   </trkpt>
   <trkpt lat="45.7075960" lon="4.7532750">
    <ele>299.0</ele>
   </trkpt>
   <trkpt lat="45.7076340" lon="4.7532810">
    <ele>299.0</ele>
   </trkpt>
   <trkpt lat="45.7076750" lon="4.7532890">
    <ele>299.0</ele>
   </trkpt>
   <trkpt lat="45.7077150" lon="4.7532980">
    <ele>299.0</ele>
   </trkpt>
   <trkpt lat="45.7077540" lon="4.7533090">
    <ele>299.0</ele>
   </trkpt>
   <trkpt lat="45.7077940" lon="4.7533200">
    <ele>300.0</ele>
   </trkpt>
   <trkpt lat="45.7078330" lon="4.7533350">
    <ele>300.0</ele>
   </trkpt>
   <trkpt lat="45.7078720" lon="4.7533510">
    <ele>300.0</ele>
   </trkpt>
   <trkpt lat="45.7079120" lon="4.7533670">
    <ele>300.0</ele>
   </trkpt>
   <trkpt lat="45.7079530" lon="4.7533830">
    <ele>300.0</ele>
   </trkpt>
   <trkpt lat="45.7079940" lon="4.7533960">
    <ele>300.0</ele>
   </trkpt>
   <trkpt lat="45.7080350" lon="4.7534080">
    <ele>300.0</ele>
   </trkpt>
   <trkpt lat="45.7080760" lon="4.7534240">
    <ele>300.0</ele>
   </trkpt>
   <trkpt lat="45.7081180" lon="4.7534390">
    <ele>300.0</ele>
   </trkpt>
   <trkpt lat="45.7081560" lon="4.7534540">
    <ele>300.0</ele>
   </trkpt>
   <trkpt lat="45.7081950" lon="4.7534690">
    <ele>301.0</ele>
   </trkpt>
   <trkpt lat="45.7082310" lon="4.7534820">
    <ele>301.0</ele>
   </trkpt>
   <trkpt lat="45.7082670" lon="4.7534960">
    <ele>301.0</ele>
   </trkpt>
   <trkpt lat="45.7083030" lon="4.7535080">
    <ele>301.0</ele>
   </trkpt>
   <trkpt lat="45.7083380" lon="4.7535200">
    <ele>301.0</ele>
   </trkpt>
   <trkpt lat="45.7083760" lon="4.7535360">
    <ele>302.0</ele>
   </trkpt>
   <trkpt lat="45.7084140" lon="4.7535520">
    <ele>302.0</ele>
   </trkpt>
   <trkpt lat="45.7084530" lon="4.7535690">
    <ele>302.0</ele>
   </trkpt>
   <trkpt lat="45.7084910" lon="4.7535860">
    <ele>302.0</ele>
   </trkpt>
   <trkpt lat="45.7085280" lon="4.7535990">
    <ele>302.0</ele>
   </trkpt>
   <trkpt lat="45.7085650" lon="4.7536120">
    <ele>302.0</ele>
   </trkpt>
   <trkpt lat="45.7086010" lon="4.7536240">
    <ele>302.0</ele>
   </trkpt>
   <trkpt lat="45.7086370" lon="4.7536360">
    <ele>302.0</ele>
   </trkpt>
   <trkpt lat="45.7086740" lon="4.7536460">
    <ele>302.0</ele>
   </trkpt>
   <trkpt lat="45.7087100" lon="4.7536560">
    <ele>302.0</ele>
   </trkpt>
   <trkpt lat="45.7087490" lon="4.7536670">
    <ele>303.0</ele>
   </trkpt>
   <trkpt lat="45.7087890" lon="4.7536780">
    <ele>303.0</ele>
   </trkpt>
   <trkpt lat="45.7088290" lon="4.7536940">
    <ele>303.0</ele>
   </trkpt>
   <trkpt lat="45.7088700" lon="4.7537100">
    <ele>303.0</ele>
   </trkpt>
   <trkpt lat="45.7089090" lon="4.7537290">
    <ele>303.0</ele>
   </trkpt>
   <trkpt lat="45.7089490" lon="4.7537470">
    <ele>303.0</ele>
   </trkpt>
   <trkpt lat="45.7089860" lon="4.7537630">
    <ele>303.0</ele>
   </trkpt>
   <trkpt lat="45.7090240" lon="4.7537780">
    <ele>303.0</ele>
   </trkpt>
   <trkpt lat="45.7090610" lon="4.7537910">
    <ele>303.0</ele>
   </trkpt>
   <trkpt lat="45.7090980" lon="4.7538050">
    <ele>303.0</ele>
   </trkpt>
   <trkpt lat="45.7091340" lon="4.7538150">
    <ele>303.0</ele>
   </trkpt>
   <trkpt lat="45.7091710" lon="4.7538260">
    <ele>303.0</ele>
   </trkpt>
   <trkpt lat="45.7092080" lon="4.7538330">
    <ele>303.0</ele>
   </trkpt>
   <trkpt lat="45.7092440" lon="4.7538410">
    <ele>303.0</ele>
   </trkpt>
   <trkpt lat="45.7092810" lon="4.7538500">
    <ele>303.0</ele>
   </trkpt>
   <trkpt lat="45.7093180" lon="4.7538600">
    <ele>304.0</ele>
   </trkpt>
   <trkpt lat="45.7093550" lon="4.7538720">
    <ele>304.0</ele>
   </trkpt>
   <trkpt lat="45.7093930" lon="4.7538840">
    <ele>304.0</ele>
   </trkpt>
   <trkpt lat="45.7094290" lon="4.7538980">
    <ele>304.0</ele>
   </trkpt>
   <trkpt lat="45.7094640" lon="4.7539120">
    <ele>304.0</ele>
   </trkpt>
   <trkpt lat="45.7094970" lon="4.7539280">
    <ele>305.0</ele>
   </trkpt>
   <trkpt lat="45.7095300" lon="4.7539430">
    <ele>305.0</ele>
   </trkpt>
   <trkpt lat="45.7095620" lon="4.7539560">
    <ele>305.0</ele>
   </trkpt>
   <trkpt lat="45.7095940" lon="4.7539700">
    <ele>305.0</ele>
   </trkpt>
   <trkpt lat="45.7096270" lon="4.7539750">
    <ele>305.0</ele>
   </trkpt>
   <trkpt lat="45.7096610" lon="4.7539800">
    <ele>306.0</ele>
   </trkpt>
   <trkpt lat="45.7096960" lon="4.7539780">
    <ele>306.0</ele>
   </trkpt>
   <trkpt lat="45.7097310" lon="4.7539760">
    <ele>306.0</ele>
   </trkpt>
   <trkpt lat="45.7097680" lon="4.7539710">
    <ele>307.0</ele>
   </trkpt>
   <trkpt lat="45.7098040" lon="4.7539660">
    <ele>307.0</ele>
   </trkpt>
   <trkpt lat="45.7098410" lon="4.7539680">
    <ele>308.0</ele>
   </trkpt>
   <trkpt lat="45.7098780" lon="4.7539700">
    <ele>308.0</ele>
   </trkpt>
   <trkpt lat="45.7099160" lon="4.7539800">
    <ele>308.0</ele>
   </trkpt>
   <trkpt lat="45.7099540" lon="4.7539890">
    <ele>309.0</ele>
   </trkpt>
   <trkpt lat="45.7099900" lon="4.7540050">
    <ele>309.0</ele>
   </trkpt>
   <trkpt lat="45.7100260" lon="4.7540210">
    <ele>310.0</ele>
   </trkpt>
   <trkpt lat="45.7100610" lon="4.7540440">
    <ele>310.0</ele>
   </trkpt>
   <trkpt lat="45.7100960" lon="4.7540670">
    <ele>310.0</ele>
   </trkpt>
   <trkpt lat="45.7101310" lon="4.7540870">
    <ele>310.0</ele>
   </trkpt>
   <trkpt lat="45.7101660" lon="4.7541070">
    <ele>310.0</ele>
   </trkpt>
   <trkpt lat="45.7102030" lon="4.7541230">
    <ele>311.0</ele>
   </trkpt>
   <trkpt lat="45.7102390" lon="4.7541400">
    <ele>311.0</ele>
   </trkpt>
   <trkpt lat="45.7102790" lon="4.7541500">
    <ele>311.0</ele>
   </trkpt>
   <trkpt lat="45.7103190" lon="4.7541590">
    <ele>311.0</ele>
   </trkpt>
   <trkpt lat="45.7103610" lon="4.7541640">
    <ele>311.0</ele>
   </trkpt>
   <trkpt lat="45.7104040" lon="4.7541680">
    <ele>312.0</ele>
   </trkpt>
   <trkpt lat="45.7104410" lon="4.7541870">
    <ele>312.0</ele>
   </trkpt>
   <trkpt lat="45.7104780" lon="4.7542060">
    <ele>312.0</ele>
   </trkpt>
   <trkpt lat="45.7105010" lon="4.7542470">
    <ele>312.0</ele>
   </trkpt>
   <trkpt lat="45.7105240" lon="4.7542890">
    <ele>312.0</ele>
   </trkpt>
   <trkpt lat="45.7105320" lon="4.7543440">
    <ele>312.0</ele>
   </trkpt>
   <trkpt lat="45.7105390" lon="4.7544000">
    <ele>312.0</ele>
   </trkpt>
   <trkpt lat="45.7105410" lon="4.7544620">
    <ele>312.0</ele>
   </trkpt>
   <trkpt lat="45.7105430" lon="4.7545240">
    <ele>312.0</ele>
   </trkpt>
   <trkpt lat="45.7105440" lon="4.7545880">
    <ele>312.0</ele>
   </trkpt>
   <trkpt lat="45.7105440" lon="4.7546520">
    <ele>313.0</ele>
   </trkpt>
   <trkpt lat="45.7105450" lon="4.7547140">
    <ele>313.0</ele>
   </trkpt>
   <trkpt lat="45.7105470" lon="4.7547760">
    <ele>313.0</ele>
   </trkpt>
   <trkpt lat="45.7105470" lon="4.7548370">
    <ele>313.0</ele>
   </trkpt>
   <trkpt lat="45.7105480" lon="4.7548980">
    <ele>313.0</ele>
   </trkpt>
   <trkpt lat="45.7105500" lon="4.7549590">
    <ele>313.0</ele>
   </trkpt>
   <trkpt lat="45.7105510" lon="4.7550190">
    <ele>312.0</ele>
   </trkpt>
   <trkpt lat="45.7105550" lon="4.7550780">
    <ele>312.0</ele>
   </trkpt>
   <trkpt lat="45.7105590" lon="4.7551380">
    <ele>312.0</ele>
   </trkpt>
   <trkpt lat="45.7105630" lon="4.7551950">
    <ele>312.0</ele>
   </trkpt>
   <trkpt lat="45.7105680" lon="4.7552530">
    <ele>312.0</ele>
   </trkpt>
   <trkpt lat="45.7105710" lon="4.7553100">
    <ele>312.0</ele>
   </trkpt>
   <trkpt lat="45.7105740" lon="4.7553680">
    <ele>312.0</ele>
   </trkpt>
   <trkpt lat="45.7105750" lon="4.7554250">
    <ele>312.0</ele>
   </trkpt>
   <trkpt lat="45.7105760" lon="4.7554810">
    <ele>312.0</ele>
   </trkpt>
   <trkpt lat="45.7105760" lon="4.7555380">
    <ele>312.0</ele>
   </trkpt>
   <trkpt lat="45.7105760" lon="4.7555950">
    <ele>312.0</ele>
   </trkpt>
   <trkpt lat="45.7105740" lon="4.7556520">
    <ele>312.0</ele>
   </trkpt>
   <trkpt lat="45.7105720" lon="4.7557090">
    <ele>312.0</ele>
   </trkpt>
   <trkpt lat="45.7105690" lon="4.7557680">
    <ele>312.0</ele>
   </trkpt>
   <trkpt lat="45.7105650" lon="4.7558260">
    <ele>312.0</ele>
   </trkpt>
   <trkpt lat="45.7105630" lon="4.7558860">
    <ele>312.0</ele>
   </trkpt>
   <trkpt lat="45.7105600" lon="4.7559450">
    <ele>312.0</ele>
   </trkpt>
   <trkpt lat="45.7105580" lon="4.7560030">
    <ele>312.0</ele>
   </trkpt>
   <trkpt lat="45.7105550" lon="4.7560620">
    <ele>312.0</ele>
   </trkpt>
   <trkpt lat="45.7105540" lon="4.7561190">
    <ele>312.0</ele>
   </trkpt>
   <trkpt lat="45.7105530" lon="4.7561770">
    <ele>312.0</ele>
   </trkpt>
   <trkpt lat="45.7105510" lon="4.7562350">
    <ele>312.0</ele>
   </trkpt>
   <trkpt lat="45.7105490" lon="4.7562920">
    <ele>312.0</ele>
   </trkpt>
   <trkpt lat="45.7105470" lon="4.7563510">
    <ele>312.0</ele>
   </trkpt>
   <trkpt lat="45.7105450" lon="4.7564100">
    <ele>312.0</ele>
   </trkpt>
   <trkpt lat="45.7105420" lon="4.7564730">
    <ele>312.0</ele>
   </trkpt>
   <trkpt lat="45.7105380" lon="4.7565350">
    <ele>312.0</ele>
   </trkpt>
   <trkpt lat="45.7105320" lon="4.7565950">
    <ele>312.0</ele>
   </trkpt>
   <trkpt lat="45.7105270" lon="4.7566560">
    <ele>312.0</ele>
   </trkpt>
   <trkpt lat="45.7105220" lon="4.7567130">
    <ele>313.0</ele>
   </trkpt>
   <trkpt lat="45.7105170" lon="4.7567690">
    <ele>313.0</ele>
   </trkpt>
   <trkpt lat="45.7105120" lon="4.7568250">
    <ele>313.0</ele>
   </trkpt>
   <trkpt lat="45.7105070" lon="4.7568800">
    <ele>313.0</ele>
   </trkpt>
   <trkpt lat="45.7105020" lon="4.7569350">
    <ele>313.0</ele>
   </trkpt>
   <trkpt lat="45.7104980" lon="4.7569910">
    <ele>313.0</ele>
   </trkpt>
   <trkpt lat="45.7104930" lon="4.7570470">
    <ele>313.0</ele>
   </trkpt>
   <trkpt lat="45.7104880" lon="4.7571040">
    <ele>313.0</ele>
   </trkpt>
   <trkpt lat="45.7104790" lon="4.7571600">
    <ele>313.0</ele>
   </trkpt>
   <trkpt lat="45.7104710" lon="4.7572170">
    <ele>313.0</ele>
   </trkpt>
   <trkpt lat="45.7104610" lon="4.7572740">
    <ele>313.0</ele>
   </trkpt>
   <trkpt lat="45.7104510" lon="4.7573310">
    <ele>313.0</ele>
   </trkpt>
   <trkpt lat="45.7104430" lon="4.7573890">
    <ele>313.0</ele>
   </trkpt>
   <trkpt lat="45.7104350" lon="4.7574470">
    <ele>313.0</ele>
   </trkpt>
   <trkpt lat="45.7104260" lon="4.7575040">
    <ele>313.0</ele>
   </trkpt>
   <trkpt lat="45.7104180" lon="4.7575610">
    <ele>314.0</ele>
   </trkpt>
   <trkpt lat="45.7104040" lon="4.7576150">
    <ele>314.0</ele>
   </trkpt>
   <trkpt lat="45.7103890" lon="4.7576690">
    <ele>314.0</ele>
   </trkpt>
   <trkpt lat="45.7103710" lon="4.7577200">
    <ele>314.0</ele>
   </trkpt>
   <trkpt lat="45.7103520" lon="4.7577700">
    <ele>314.0</ele>
   </trkpt>
   <trkpt lat="45.7103320" lon="4.7578180">
    <ele>314.0</ele>
   </trkpt>
   <trkpt lat="45.7103130" lon="4.7578650">
    <ele>314.0</ele>
   </trkpt>
   <trkpt lat="45.7102930" lon="4.7579100">
    <ele>314.0</ele>
   </trkpt>
   <trkpt lat="45.7102730" lon="4.7579540">
    <ele>314.0</ele>
   </trkpt>
   <trkpt lat="45.7102510" lon="4.7579950">
    <ele>314.0</ele>
   </trkpt>
   <trkpt lat="45.7102300" lon="4.7580360">
    <ele>315.0</ele>
   </trkpt>
   <trkpt lat="45.7102060" lon="4.7580730">
    <ele>315.0</ele>
   </trkpt>
   <trkpt lat="45.7101820" lon="4.7581100">
    <ele>315.0</ele>
   </trkpt>
   <trkpt lat="45.7101580" lon="4.7581440">
    <ele>315.0</ele>
   </trkpt>
   <trkpt lat="45.7101340" lon="4.7581790">
    <ele>315.0</ele>
   </trkpt>
   <trkpt lat="45.7101040" lon="4.7582010">
    <ele>316.0</ele>
   </trkpt>
   <trkpt lat="45.7100740" lon="4.7582220">
    <ele>316.0</ele>
   </trkpt>
   <trkpt lat="45.7100370" lon="4.7582250">
    <ele>316.0</ele>
   </trkpt>
   <trkpt lat="45.7100000" lon="4.7582280">
    <ele>316.0</ele>
   </trkpt>
   <trkpt lat="45.7099600" lon="4.7582200">
    <ele>316.0</ele>
   </trkpt>
   <trkpt lat="45.7099200" lon="4.7582110">
    <ele>316.0</ele>
   </trkpt>
   <trkpt lat="45.7098820" lon="4.7581970">
    <ele>316.0</ele>
   </trkpt>
   <trkpt lat="45.7098430" lon="4.7581840">
    <ele>316.0</ele>
   </trkpt>
   <trkpt lat="45.7098020" lon="4.7581700">
    <ele>316.0</ele>
   </trkpt>
   <trkpt lat="45.7097610" lon="4.7581560">
    <ele>316.0</ele>
   </trkpt>
   <trkpt lat="45.7097210" lon="4.7581490">
    <ele>316.0</ele>
   </trkpt>
   <trkpt lat="45.7096800" lon="4.7581420">
    <ele>316.0</ele>
   </trkpt>
   <trkpt lat="45.7096400" lon="4.7581460">
    <ele>316.0</ele>
   </trkpt>
   <trkpt lat="45.7096000" lon="4.7581500">
    <ele>316.0</ele>
   </trkpt>
   <trkpt lat="45.7095570" lon="4.7581600">
    <ele>316.0</ele>
   </trkpt>
   <trkpt lat="45.7095150" lon="4.7581690">
    <ele>317.0</ele>
   </trkpt>
   <trkpt lat="45.7094740" lon="4.7581760">
    <ele>317.0</ele>
   </trkpt>
   <trkpt lat="45.7094340" lon="4.7581830">
    <ele>317.0</ele>
   </trkpt>
   <trkpt lat="45.7093940" lon="4.7581850">
    <ele>317.0</ele>
   </trkpt>
   <trkpt lat="45.7093540" lon="4.7581860">
    <ele>317.0</ele>
   </trkpt>
   <trkpt lat="45.7093130" lon="4.7581890">
    <ele>317.0</ele>
   </trkpt>
   <trkpt lat="45.7092710" lon="4.7581910">
    <ele>317.0</ele>
   </trkpt>
   <trkpt lat="45.7092290" lon="4.7581990">
    <ele>317.0</ele>
   </trkpt>
   <trkpt lat="45.7091870" lon="4.7582060">
    <ele>317.0</ele>
   </trkpt>
   <trkpt lat="45.7091460" lon="4.7582190">
    <ele>317.0</ele>
   </trkpt>
   <trkpt lat="45.7091060" lon="4.7582330">
    <ele>318.0</ele>
   </trkpt>
   <trkpt lat="45.7090650" lon="4.7582490">
    <ele>318.0</ele>
   </trkpt>
   <trkpt lat="45.7090240" lon="4.7582650">
    <ele>318.0</ele>
   </trkpt>
   <trkpt lat="45.7089830" lon="4.7582810">
    <ele>318.0</ele>
   </trkpt>
   <trkpt lat="45.7089420" lon="4.7582970">
    <ele>318.0</ele>
   </trkpt>
   <trkpt lat="45.7089020" lon="4.7583140">
    <ele>318.0</ele>
   </trkpt>
   <trkpt lat="45.7088630" lon="4.7583320">
    <ele>318.0</ele>
   </trkpt>
   <trkpt lat="45.7088240" lon="4.7583490">
    <ele>318.0</ele>
   </trkpt>
   <trkpt lat="45.7087850" lon="4.7583670">
    <ele>318.0</ele>
   </trkpt>
   <trkpt lat="45.7087460" lon="4.7583830">
    <ele>318.0</ele>
   </trkpt>
   <trkpt lat="45.7087080" lon="4.7584000">
    <ele>318.0</ele>
   </trkpt>
   <trkpt lat="45.7086680" lon="4.7584170">
    <ele>318.0</ele>
   </trkpt>
   <trkpt lat="45.7086290" lon="4.7584350">
    <ele>318.0</ele>
   </trkpt>
   <trkpt lat="45.7085900" lon="4.7584500">
    <ele>318.0</ele>
   </trkpt>
   <trkpt lat="45.7085510" lon="4.7584660">
    <ele>318.0</ele>
   </trkpt>
   <trkpt lat="45.7085130" lon="4.7584810">
    <ele>318.0</ele>
   </trkpt>
   <trkpt lat="45.7084750" lon="4.7584960">
    <ele>318.0</ele>
   </trkpt>
   <trkpt lat="45.7084340" lon="4.7585080">
    <ele>318.0</ele>
   </trkpt>
   <trkpt lat="45.7083940" lon="4.7585210">
    <ele>318.0</ele>
   </trkpt>
   <trkpt lat="45.7083510" lon="4.7585300">
    <ele>318.0</ele>
   </trkpt>
   <trkpt lat="45.7083080" lon="4.7585390">
    <ele>318.0</ele>
   </trkpt>
   <trkpt lat="45.7082650" lon="4.7585490">
    <ele>318.0</ele>
   </trkpt>
   <trkpt lat="45.7082220" lon="4.7585580">
    <ele>318.0</ele>
   </trkpt>
   <trkpt lat="45.7081800" lon="4.7585690">
    <ele>318.0</ele>
   </trkpt>
   <trkpt lat="45.7081390" lon="4.7585800">
    <ele>318.0</ele>
   </trkpt>
   <trkpt lat="45.7080990" lon="4.7585900">
    <ele>318.0</ele>
   </trkpt>
   <trkpt lat="45.7080590" lon="4.7586000">
    <ele>318.0</ele>
   </trkpt>
   <trkpt lat="45.7080210" lon="4.7586070">
    <ele>318.0</ele>
   </trkpt>
   <trkpt lat="45.7079840" lon="4.7586140">
    <ele>318.0</ele>
   </trkpt>
   <trkpt lat="45.7079450" lon="4.7586060">
    <ele>318.0</ele>
   </trkpt>
   <trkpt lat="45.7079060" lon="4.7585990">
    <ele>318.0</ele>
   </trkpt>
   <trkpt lat="45.7078650" lon="4.7585840">
    <ele>317.0</ele>
   </trkpt>
   <trkpt lat="45.7078240" lon="4.7585690">
    <ele>317.0</ele>
   </trkpt>
   <trkpt lat="45.7077800" lon="4.7585560">
    <ele>316.0</ele>
   </trkpt>
   <trkpt lat="45.7077370" lon="4.7585430">
    <ele>316.0</ele>
   </trkpt>
   <trkpt lat="45.7076910" lon="4.7585340">
    <ele>316.0</ele>
   </trkpt>
   <trkpt lat="45.7076460" lon="4.7585250">
    <ele>315.0</ele>
   </trkpt>
   <trkpt lat="45.7076000" lon="4.7585200">
    <ele>315.0</ele>
   </trkpt>
   <trkpt lat="45.7075540" lon="4.7585150">
    <ele>315.0</ele>
   </trkpt>
   <trkpt lat="45.7075100" lon="4.7585100">
    <ele>315.0</ele>
   </trkpt>
   <trkpt lat="45.7074650" lon="4.7585060">
    <ele>315.0</ele>
   </trkpt>
   <trkpt lat="45.7074330" lon="4.7584980">
    <ele>314.0</ele>
   </trkpt>
   <trkpt lat="45.7074000" lon="4.7584900">
    <ele>314.0</ele>
   </trkpt>
   <trkpt lat="45.7073880" lon="4.7584860">
    <ele>314.0</ele>
   </trkpt>
   <trkpt lat="45.7073760" lon="4.7584810">
    <ele>314.0</ele>
   </trkpt>
   <trkpt lat="45.7073840" lon="4.7584790">
    <ele>314.0</ele>
   </trkpt>
   <trkpt lat="45.7073920" lon="4.7584770">
    <ele>313.0</ele>
   </trkpt>
   <trkpt lat="45.7074160" lon="4.7584770">
    <ele>313.0</ele>
   </trkpt>
   <trkpt lat="45.7074400" lon="4.7584780">
    <ele>313.0</ele>
   </trkpt>
   <trkpt lat="45.7074750" lon="4.7584770">
    <ele>313.0</ele>
   </trkpt>
   <trkpt lat="45.7075100" lon="4.7584770">
    <ele>313.0</ele>
   </trkpt>
   <trkpt lat="45.7075490" lon="4.7584780">
    <ele>313.0</ele>
   </trkpt>
   <trkpt lat="45.7075890" lon="4.7584790">
    <ele>313.0</ele>
   </trkpt>
   <trkpt lat="45.7076270" lon="4.7584830">
    <ele>313.0</ele>
   </trkpt>
   <trkpt lat="45.7076660" lon="4.7584880">
    <ele>313.0</ele>
   </trkpt>
   <trkpt lat="45.7077050" lon="4.7584960">
    <ele>314.0</ele>
   </trkpt>
   <trkpt lat="45.7077430" lon="4.7585050">
    <ele>314.0</ele>
   </trkpt>
   <trkpt lat="45.7077780" lon="4.7585160">
    <ele>314.0</ele>
   </trkpt>
   <trkpt lat="45.7078140" lon="4.7585260">
    <ele>314.0</ele>
   </trkpt>
   <trkpt lat="45.7078470" lon="4.7585370">
    <ele>314.0</ele>
   </trkpt>
   <trkpt lat="45.7078800" lon="4.7585480">
    <ele>315.0</ele>
   </trkpt>
   <trkpt lat="45.7079130" lon="4.7585590">
    <ele>315.0</ele>
   </trkpt>
   <trkpt lat="45.7079460" lon="4.7585700">
    <ele>315.0</ele>
   </trkpt>
   <trkpt lat="45.7079770" lon="4.7585740">
    <ele>315.0</ele>
   </trkpt>
   <trkpt lat="45.7080090" lon="4.7585790">
    <ele>315.0</ele>
   </trkpt>
   <trkpt lat="45.7080430" lon="4.7585760">
    <ele>315.0</ele>
   </trkpt>
   <trkpt lat="45.7080770" lon="4.7585720">
    <ele>315.0</ele>
   </trkpt>
   <trkpt lat="45.7081130" lon="4.7585660">
    <ele>315.0</ele>
   </trkpt>
   <trkpt lat="45.7081490" lon="4.7585600">
    <ele>315.0</ele>
   </trkpt>
   <trkpt lat="45.7081850" lon="4.7585490">
    <ele>315.0</ele>
   </trkpt>
   <trkpt lat="45.7082210" lon="4.7585380">
    <ele>316.0</ele>
   </trkpt>
   <trkpt lat="45.7082560" lon="4.7585250">
    <ele>316.0</ele>
   </trkpt>
   <trkpt lat="45.7082910" lon="4.7585120">
    <ele>316.0</ele>
   </trkpt>
   <trkpt lat="45.7083230" lon="4.7585010">
    <ele>316.0</ele>
   </trkpt>
   <trkpt lat="45.7083550" lon="4.7584900">
    <ele>316.0</ele>
   </trkpt>
   <trkpt lat="45.7083820" lon="4.7584830">
    <ele>316.0</ele>
   </trkpt>
   <trkpt lat="45.7084080" lon="4.7584760">
    <ele>316.0</ele>
   </trkpt>
   <trkpt lat="45.7084300" lon="4.7584680">
    <ele>316.0</ele>
   </trkpt>
   <trkpt lat="45.7084510" lon="4.7584600">
    <ele>316.0</ele>
   </trkpt>
   <trkpt lat="45.7084770" lon="4.7584500">
    <ele>316.0</ele>
   </trkpt>
   <trkpt lat="45.7085020" lon="4.7584410">
    <ele>317.0</ele>
   </trkpt>
   <trkpt lat="45.7085330" lon="4.7584320">
    <ele>317.0</ele>
   </trkpt>
   <trkpt lat="45.7085640" lon="4.7584240">
    <ele>317.0</ele>
   </trkpt>
   <trkpt lat="45.7086010" lon="4.7584140">
    <ele>317.0</ele>
   </trkpt>
   <trkpt lat="45.7086380" lon="4.7584030">
    <ele>317.0</ele>
   </trkpt>
   <trkpt lat="45.7086790" lon="4.7583890">
    <ele>318.0</ele>
   </trkpt>
   <trkpt lat="45.7087200" lon="4.7583740">
    <ele>318.0</ele>
   </trkpt>
   <trkpt lat="45.7087620" lon="4.7583560">
    <ele>318.0</ele>
   </trkpt>
   <trkpt lat="45.7088040" lon="4.7583370">
    <ele>318.0</ele>
   </trkpt>
   <trkpt lat="45.7088460" lon="4.7583170">
    <ele>318.0</ele>
   </trkpt>
   <trkpt lat="45.7088880" lon="4.7582970">
    <ele>319.0</ele>
   </trkpt>
   <trkpt lat="45.7089320" lon="4.7582790">
    <ele>319.0</ele>
   </trkpt>
   <trkpt lat="45.7089760" lon="4.7582610">
    <ele>319.0</ele>
   </trkpt>
   <trkpt lat="45.7090190" lon="4.7582440">
    <ele>319.0</ele>
   </trkpt>
   <trkpt lat="45.7090620" lon="4.7582280">
    <ele>319.0</ele>
   </trkpt>
   <trkpt lat="45.7091060" lon="4.7582160">
    <ele>319.0</ele>
   </trkpt>
   <trkpt lat="45.7091510" lon="4.7582040">
    <ele>319.0</ele>
   </trkpt>
   <trkpt lat="45.7091940" lon="4.7581930">
    <ele>319.0</ele>
   </trkpt>
   <trkpt lat="45.7092370" lon="4.7581820">
    <ele>319.0</ele>
   </trkpt>
   <trkpt lat="45.7092770" lon="4.7581730">
    <ele>319.0</ele>
   </trkpt>
   <trkpt lat="45.7093170" lon="4.7581640">
    <ele>319.0</ele>
   </trkpt>
   <trkpt lat="45.7093580" lon="4.7581580">
    <ele>319.0</ele>
   </trkpt>
   <trkpt lat="45.7094000" lon="4.7581520">
    <ele>319.0</ele>
   </trkpt>
   <trkpt lat="45.7094430" lon="4.7581520">
    <ele>319.0</ele>
   </trkpt>
   <trkpt lat="45.7094850" lon="4.7581530">
    <ele>319.0</ele>
   </trkpt>
   <trkpt lat="45.7095270" lon="4.7581540">
    <ele>319.0</ele>
   </trkpt>
   <trkpt lat="45.7095680" lon="4.7581560">
    <ele>319.0</ele>
   </trkpt>
   <trkpt lat="45.7096100" lon="4.7581550">
    <ele>319.0</ele>
   </trkpt>
   <trkpt lat="45.7096520" lon="4.7581550">
    <ele>319.0</ele>
   </trkpt>
   <trkpt lat="45.7096930" lon="4.7581510">
    <ele>319.0</ele>
   </trkpt>
   <trkpt lat="45.7097340" lon="4.7581480">
    <ele>319.0</ele>
   </trkpt>
   <trkpt lat="45.7097750" lon="4.7581440">
    <ele>318.0</ele>
   </trkpt>
   <trkpt lat="45.7098150" lon="4.7581400">
    <ele>318.0</ele>
   </trkpt>
   <trkpt lat="45.7098580" lon="4.7581410">
    <ele>318.0</ele>
   </trkpt>
   <trkpt lat="45.7099010" lon="4.7581420">
    <ele>318.0</ele>
   </trkpt>
   <trkpt lat="45.7099370" lon="4.7581630">
    <ele>318.0</ele>
   </trkpt>
   <trkpt lat="45.7099730" lon="4.7581840">
    <ele>318.0</ele>
   </trkpt>
   <trkpt lat="45.7099930" lon="4.7582280">
    <ele>318.0</ele>
   </trkpt>
   <trkpt lat="45.7100130" lon="4.7582720">
    <ele>318.0</ele>
   </trkpt>
   <trkpt lat="45.7100100" lon="4.7583230">
    <ele>318.0</ele>
   </trkpt>
   <trkpt lat="45.7100060" lon="4.7583740">
    <ele>318.0</ele>
   </trkpt>
   <trkpt lat="45.7099960" lon="4.7584250">
    <ele>318.0</ele>
   </trkpt>
   <trkpt lat="45.7099860" lon="4.7584760">
    <ele>318.0</ele>
   </trkpt>
   <trkpt lat="45.7099780" lon="4.7585290">
    <ele>318.0</ele>
   </trkpt>
   <trkpt lat="45.7099690" lon="4.7585820">
    <ele>318.0</ele>
   </trkpt>
   <trkpt lat="45.7099640" lon="4.7586400">
    <ele>318.0</ele>
   </trkpt>
   <trkpt lat="45.7099590" lon="4.7586980">
    <ele>318.0</ele>
   </trkpt>
   <trkpt lat="45.7099600" lon="4.7587540">
    <ele>318.0</ele>
   </trkpt>
   <trkpt lat="45.7099610" lon="4.7588100">
    <ele>319.0</ele>
   </trkpt>
   <trkpt lat="45.7099680" lon="4.7588610">
    <ele>319.0</ele>
   </trkpt>
   <trkpt lat="45.7099740" lon="4.7589130">
    <ele>320.0</ele>
   </trkpt>
   <trkpt lat="45.7099830" lon="4.7589630">
    <ele>320.0</ele>
   </trkpt>
   <trkpt lat="45.7099910" lon="4.7590140">
    <ele>320.0</ele>
   </trkpt>
   <trkpt lat="45.7100000" lon="4.7590650">
    <ele>320.0</ele>
   </trkpt>
   <trkpt lat="45.7100090" lon="4.7591170">
    <ele>320.0</ele>
   </trkpt>
   <trkpt lat="45.7100210" lon="4.7591700">
    <ele>320.0</ele>
   </trkpt>
   <trkpt lat="45.7100320" lon="4.7592230">
    <ele>320.0</ele>
   </trkpt>
   <trkpt lat="45.7100470" lon="4.7592800">
    <ele>320.0</ele>
   </trkpt>
   <trkpt lat="45.7100620" lon="4.7593370">
    <ele>320.0</ele>
   </trkpt>
   <trkpt lat="45.7100770" lon="4.7593940">
    <ele>320.0</ele>
   </trkpt>
   <trkpt lat="45.7100920" lon="4.7594520">
    <ele>321.0</ele>
   </trkpt>
   <trkpt lat="45.7101040" lon="4.7595070">
    <ele>321.0</ele>
   </trkpt>
   <trkpt lat="45.7101170" lon="4.7595630">
    <ele>321.0</ele>
   </trkpt>
   <trkpt lat="45.7101280" lon="4.7596180">
    <ele>321.0</ele>
   </trkpt>
   <trkpt lat="45.7101400" lon="4.7596730">
    <ele>321.0</ele>
   </trkpt>
   <trkpt lat="45.7101470" lon="4.7597290">
    <ele>321.0</ele>
   </trkpt>
   <trkpt lat="45.7101540" lon="4.7597850">
    <ele>321.0</ele>
   </trkpt>
   <trkpt lat="45.7101640" lon="4.7598390">
    <ele>321.0</ele>
   </trkpt>
   <trkpt lat="45.7101730" lon="4.7598920">
    <ele>321.0</ele>
   </trkpt>
   <trkpt lat="45.7101860" lon="4.7599430">
    <ele>321.0</ele>
   </trkpt>
   <trkpt lat="45.7101990" lon="4.7599940">
    <ele>321.0</ele>
   </trkpt>
   <trkpt lat="45.7102170" lon="4.7600430">
    <ele>321.0</ele>
   </trkpt>
   <trkpt lat="45.7102340" lon="4.7600920">
    <ele>321.0</ele>
   </trkpt>
   <trkpt lat="45.7102540" lon="4.7601390">
    <ele>321.0</ele>
   </trkpt>
   <trkpt lat="45.7102740" lon="4.7601860">
    <ele>321.0</ele>
   </trkpt>
   <trkpt lat="45.7102950" lon="4.7602340">
    <ele>322.0</ele>
   </trkpt>
   <trkpt lat="45.7103170" lon="4.7602820">
    <ele>322.0</ele>
   </trkpt>
   <trkpt lat="45.7103360" lon="4.7603360">
    <ele>322.0</ele>
   </trkpt>
   <trkpt lat="45.7103570" lon="4.7603890">
    <ele>322.0</ele>
   </trkpt>
   <trkpt lat="45.7103710" lon="4.7604470">
    <ele>322.0</ele>
   </trkpt>
   <trkpt lat="45.7103850" lon="4.7605040">
    <ele>322.0</ele>
   </trkpt>
   <trkpt lat="45.7103840" lon="4.7605640">
    <ele>322.0</ele>
   </trkpt>
   <trkpt lat="45.7103830" lon="4.7606230">
    <ele>322.0</ele>
   </trkpt>
   <trkpt lat="45.7103660" lon="4.7606770">
    <ele>322.0</ele>
   </trkpt>
   <trkpt lat="45.7103480" lon="4.7607310">
    <ele>322.0</ele>
   </trkpt>
   <trkpt lat="45.7103320" lon="4.7607760">
    <ele>322.0</ele>
   </trkpt>
   <trkpt lat="45.7103150" lon="4.7608210">
    <ele>321.0</ele>
   </trkpt>
   <trkpt lat="45.7103210" lon="4.7608550">
    <ele>321.0</ele>
   </trkpt>
   <trkpt lat="45.7103270" lon="4.7608900">
    <ele>320.0</ele>
   </trkpt>
   <trkpt lat="45.7103560" lon="4.7609210">
    <ele>320.0</ele>
   </trkpt>
   <trkpt lat="45.7103860" lon="4.7609510">
    <ele>320.0</ele>
   </trkpt>
   <trkpt lat="45.7104290" lon="4.7609800">
    <ele>319.0</ele>
   </trkpt>
   <trkpt lat="45.7104730" lon="4.7610080">
    <ele>319.0</ele>
   </trkpt>
   <trkpt lat="45.7105180" lon="4.7610390">
    <ele>318.0</ele>
   </trkpt>
   <trkpt lat="45.7105630" lon="4.7610700">
    <ele>318.0</ele>
   </trkpt>
   <trkpt lat="45.7106060" lon="4.7611050">
    <ele>318.0</ele>
   </trkpt>
   <trkpt lat="45.7106500" lon="4.7611390">
    <ele>317.0</ele>
   </trkpt>
   <trkpt lat="45.7106910" lon="4.7611740">
    <ele>316.0</ele>
   </trkpt>
   <trkpt lat="45.7107310" lon="4.7612080">
    <ele>316.0</ele>
   </trkpt>
   <trkpt lat="45.7107710" lon="4.7612400">
    <ele>315.0</ele>
   </trkpt>
   <trkpt lat="45.7108100" lon="4.7612720">
    <ele>315.0</ele>
   </trkpt>
   <trkpt lat="45.7108420" lon="4.7613140">
    <ele>314.0</ele>
   </trkpt>
   <trkpt lat="45.7108730" lon="4.7613560">
    <ele>314.0</ele>
   </trkpt>
   <trkpt lat="45.7108850" lon="4.7614140">
    <ele>313.0</ele>
   </trkpt>
   <trkpt lat="45.7108960" lon="4.7614730">
    <ele>313.0</ele>
   </trkpt>
   <trkpt lat="45.7108920" lon="4.7615390">
    <ele>313.0</ele>
   </trkpt>
   <trkpt lat="45.7108890" lon="4.7616060">
    <ele>312.0</ele>
   </trkpt>
   <trkpt lat="45.7108820" lon="4.7616750">
    <ele>311.0</ele>
   </trkpt>
   <trkpt lat="45.7108750" lon="4.7617450">
    <ele>311.0</ele>
   </trkpt>
   <trkpt lat="45.7108700" lon="4.7618130">
    <ele>310.0</ele>
   </trkpt>
   <trkpt lat="45.7108650" lon="4.7618810">
    <ele>310.0</ele>
   </trkpt>
   <trkpt lat="45.7108620" lon="4.7619490">
    <ele>309.0</ele>
   </trkpt>
   <trkpt lat="45.7108600" lon="4.7620160">
    <ele>309.0</ele>
   </trkpt>
   <trkpt lat="45.7108590" lon="4.7620830">
    <ele>309.0</ele>
   </trkpt>
   <trkpt lat="45.7108580" lon="4.7621500">
    <ele>309.0</ele>
   </trkpt>
   <trkpt lat="45.7108560" lon="4.7622170">
    <ele>309.0</ele>
   </trkpt>
   <trkpt lat="45.7108540" lon="4.7622840">
    <ele>308.0</ele>
   </trkpt>
   <trkpt lat="45.7108520" lon="4.7623490">
    <ele>307.0</ele>
   </trkpt>
   <trkpt lat="45.7108490" lon="4.7624150">
    <ele>306.0</ele>
   </trkpt>
   <trkpt lat="45.7108470" lon="4.7624810">
    <ele>305.0</ele>
   </trkpt>
   <trkpt lat="45.7108450" lon="4.7625460">
    <ele>305.0</ele>
   </trkpt>
   <trkpt lat="45.7108410" lon="4.7626090">
    <ele>304.0</ele>
   </trkpt>
   <trkpt lat="45.7108360" lon="4.7626710">
    <ele>304.0</ele>
   </trkpt>
   <trkpt lat="45.7108220" lon="4.7627320">
    <ele>303.0</ele>
   </trkpt>
   <trkpt lat="45.7108090" lon="4.7627920">
    <ele>303.0</ele>
   </trkpt>
   <trkpt lat="45.7107880" lon="4.7628510">
    <ele>303.0</ele>
   </trkpt>
   <trkpt lat="45.7107680" lon="4.7629090">
    <ele>302.0</ele>
   </trkpt>
   <trkpt lat="45.7107460" lon="4.7629670">
    <ele>301.0</ele>
   </trkpt>
   <trkpt lat="45.7107250" lon="4.7630250">
    <ele>300.0</ele>
   </trkpt>
   <trkpt lat="45.7107030" lon="4.7630830">
    <ele>299.0</ele>
   </trkpt>
   <trkpt lat="45.7106810" lon="4.7631410">
    <ele>298.0</ele>
   </trkpt>
   <trkpt lat="45.7106600" lon="4.7631980">
    <ele>297.0</ele>
   </trkpt>
   <trkpt lat="45.7106390" lon="4.7632560">
    <ele>296.0</ele>
   </trkpt>
   <trkpt lat="45.7106180" lon="4.7633130">
    <ele>296.0</ele>
   </trkpt>
   <trkpt lat="45.7105980" lon="4.7633710">
    <ele>295.0</ele>
   </trkpt>
   <trkpt lat="45.7105840" lon="4.7634280">
    <ele>295.0</ele>
   </trkpt>
   <trkpt lat="45.7105690" lon="4.7634840">
    <ele>294.0</ele>
   </trkpt>
   <trkpt lat="45.7105600" lon="4.7635450">
    <ele>293.0</ele>
   </trkpt>
   <trkpt lat="45.7105500" lon="4.7636050">
    <ele>292.0</ele>
   </trkpt>
   <trkpt lat="45.7105430" lon="4.7636720">
    <ele>291.0</ele>
   </trkpt>
   <trkpt lat="45.7105370" lon="4.7637390">
    <ele>291.0</ele>
   </trkpt>
   <trkpt lat="45.7105260" lon="4.7638050">
    <ele>290.0</ele>
   </trkpt>
   <trkpt lat="45.7105160" lon="4.7638720">
    <ele>289.0</ele>
   </trkpt>
   <trkpt lat="45.7105000" lon="4.7639320">
    <ele>289.0</ele>
   </trkpt>
   <trkpt lat="45.7104830" lon="4.7639920">
    <ele>288.0</ele>
   </trkpt>
   <trkpt lat="45.7104680" lon="4.7640490">
    <ele>288.0</ele>
   </trkpt>
   <trkpt lat="45.7104530" lon="4.7641060">
    <ele>286.0</ele>
   </trkpt>
   <trkpt lat="45.7104540" lon="4.7641510">
    <ele>285.0</ele>
   </trkpt>
   <trkpt lat="45.7104540" lon="4.7641960">
    <ele>284.0</ele>
   </trkpt>
   <trkpt lat="45.7104780" lon="4.7642260">
    <ele>283.0</ele>
   </trkpt>
   <trkpt lat="45.7105020" lon="4.7642550">
    <ele>282.0</ele>
   </trkpt>
   <trkpt lat="45.7105420" lon="4.7642690">
    <ele>281.0</ele>
   </trkpt>
   <trkpt lat="45.7105810" lon="4.7642820">
    <ele>281.0</ele>
   </trkpt>
   <trkpt lat="45.7106230" lon="4.7642910">
    <ele>280.0</ele>
   </trkpt>
   <trkpt lat="45.7106650" lon="4.7643010">
    <ele>280.0</ele>
   </trkpt>
   <trkpt lat="45.7106900" lon="4.7643300">
    <ele>280.0</ele>
   </trkpt>
   <trkpt lat="45.7107150" lon="4.7643600">
    <ele>279.0</ele>
   </trkpt>
   <trkpt lat="45.7107140" lon="4.7644100">
    <ele>278.0</ele>
   </trkpt>
   <trkpt lat="45.7107130" lon="4.7644600">
    <ele>278.0</ele>
   </trkpt>
   <trkpt lat="45.7106920" lon="4.7645170">
    <ele>277.0</ele>
   </trkpt>
   <trkpt lat="45.7106710" lon="4.7645730">
    <ele>277.0</ele>
   </trkpt>
   <trkpt lat="45.7106450" lon="4.7646300">
    <ele>276.0</ele>
   </trkpt>
   <trkpt lat="45.7106190" lon="4.7646880">
    <ele>275.0</ele>
   </trkpt>
   <trkpt lat="45.7105990" lon="4.7647450">
    <ele>274.0</ele>
   </trkpt>
   <trkpt lat="45.7105800" lon="4.7648030">
    <ele>273.0</ele>
   </trkpt>
   <trkpt lat="45.7105650" lon="4.7648620">
    <ele>273.0</ele>
   </trkpt>
   <trkpt lat="45.7105500" lon="4.7649220">
    <ele>272.0</ele>
   </trkpt>
   <trkpt lat="45.7105380" lon="4.7649830">
    <ele>271.0</ele>
   </trkpt>
   <trkpt lat="45.7105260" lon="4.7650440">
    <ele>270.0</ele>
   </trkpt>
   <trkpt lat="45.7105140" lon="4.7651080">
    <ele>269.0</ele>
   </trkpt>
   <trkpt lat="45.7105020" lon="4.7651710">
    <ele>269.0</ele>
   </trkpt>
   <trkpt lat="45.7104930" lon="4.7652330">
    <ele>268.0</ele>
   </trkpt>
   <trkpt lat="45.7104840" lon="4.7652950">
    <ele>267.0</ele>
   </trkpt>
   <trkpt lat="45.7104800" lon="4.7653570">
    <ele>266.0</ele>
   </trkpt>
   <trkpt lat="45.7104750" lon="4.7654180">
    <ele>265.0</ele>
   </trkpt>
   <trkpt lat="45.7104740" lon="4.7654790">
    <ele>264.0</ele>
   </trkpt>
   <trkpt lat="45.7104730" lon="4.7655400">
    <ele>263.0</ele>
   </trkpt>
   <trkpt lat="45.7104750" lon="4.7656030">
    <ele>262.0</ele>
   </trkpt>
   <trkpt lat="45.7104770" lon="4.7656680">
    <ele>261.0</ele>
   </trkpt>
   <trkpt lat="45.7104830" lon="4.7657320">
    <ele>260.0</ele>
   </trkpt>
   <trkpt lat="45.7104880" lon="4.7657960">
    <ele>260.0</ele>
   </trkpt>
   <trkpt lat="45.7104940" lon="4.7658620">
    <ele>259.0</ele>
   </trkpt>
   <trkpt lat="45.7105000" lon="4.7659280">
    <ele>258.0</ele>
   </trkpt>
   <trkpt lat="45.7105060" lon="4.7659940">
    <ele>258.0</ele>
   </trkpt>
   <trkpt lat="45.7105110" lon="4.7660610">
    <ele>257.0</ele>
   </trkpt>
   <trkpt lat="45.7105160" lon="4.7661270">
    <ele>257.0</ele>
   </trkpt>
   <trkpt lat="45.7105200" lon="4.7661930">
    <ele>256.0</ele>
   </trkpt>
   <trkpt lat="45.7105210" lon="4.7662560">
    <ele>255.0</ele>
   </trkpt>
   <trkpt lat="45.7105220" lon="4.7663200">
    <ele>254.0</ele>
   </trkpt>
   <trkpt lat="45.7105210" lon="4.7663820">
    <ele>253.0</ele>
   </trkpt>
   <trkpt lat="45.7105200" lon="4.7664430">
    <ele>253.0</ele>
   </trkpt>
   <trkpt lat="45.7105250" lon="4.7665020">
    <ele>252.0</ele>
   </trkpt>
   <trkpt lat="45.7105300" lon="4.7665610">
    <ele>251.0</ele>
   </trkpt>
   <trkpt lat="45.7105420" lon="4.7666180">
    <ele>251.0</ele>
   </trkpt>
   <trkpt lat="45.7105550" lon="4.7666740">
    <ele>250.0</ele>
   </trkpt>
   <trkpt lat="45.7105730" lon="4.7667270">
    <ele>250.0</ele>
   </trkpt>
   <trkpt lat="45.7105910" lon="4.7667790">
    <ele>249.0</ele>
   </trkpt>
   <trkpt lat="45.7106110" lon="4.7668300">
    <ele>248.0</ele>
   </trkpt>
   <trkpt lat="45.7106320" lon="4.7668810">
    <ele>248.0</ele>
   </trkpt>
   <trkpt lat="45.7106550" lon="4.7669350">
    <ele>247.0</ele>
   </trkpt>
   <trkpt lat="45.7106790" lon="4.7669890">
    <ele>247.0</ele>
   </trkpt>
   <trkpt lat="45.7107020" lon="4.7670480">
    <ele>246.0</ele>
   </trkpt>
   <trkpt lat="45.7107250" lon="4.7671070">
    <ele>246.0</ele>
   </trkpt>
   <trkpt lat="45.7107450" lon="4.7671700">
    <ele>245.0</ele>
   </trkpt>
   <trkpt lat="45.7107660" lon="4.7672340">
    <ele>245.0</ele>
   </trkpt>
   <trkpt lat="45.7107820" lon="4.7672980">
    <ele>245.0</ele>
   </trkpt>
   <trkpt lat="45.7107990" lon="4.7673620">
    <ele>244.0</ele>
   </trkpt>
   <trkpt lat="45.7108110" lon="4.7674270">
    <ele>244.0</ele>
   </trkpt>
   <trkpt lat="45.7108240" lon="4.7674930">
    <ele>243.0</ele>
   </trkpt>
   <trkpt lat="45.7108340" lon="4.7675570">
    <ele>243.0</ele>
   </trkpt>
   <trkpt lat="45.7108430" lon="4.7676200">
    <ele>243.0</ele>
   </trkpt>
   <trkpt lat="45.7108520" lon="4.7676830">
    <ele>242.0</ele>
   </trkpt>
   <trkpt lat="45.7108620" lon="4.7677460">
    <ele>242.0</ele>
   </trkpt>
   <trkpt lat="45.7108730" lon="4.7678090">
    <ele>242.0</ele>
   </trkpt>
   <trkpt lat="45.7108840" lon="4.7678720">
    <ele>242.0</ele>
   </trkpt>
   <trkpt lat="45.7108970" lon="4.7679340">
    <ele>242.0</ele>
   </trkpt>
   <trkpt lat="45.7109110" lon="4.7679970">
    <ele>241.0</ele>
   </trkpt>
   <trkpt lat="45.7109280" lon="4.7680590">
    <ele>241.0</ele>
   </trkpt>
   <trkpt lat="45.7109440" lon="4.7681210">
    <ele>240.0</ele>
   </trkpt>
   <trkpt lat="45.7109610" lon="4.7681850">
    <ele>240.0</ele>
   </trkpt>
   <trkpt lat="45.7109780" lon="4.7682490">
    <ele>240.0</ele>
   </trkpt>
   <trkpt lat="45.7109920" lon="4.7683150">
    <ele>239.0</ele>
   </trkpt>
   <trkpt lat="45.7110070" lon="4.7683810">
    <ele>239.0</ele>
   </trkpt>
   <trkpt lat="45.7110190" lon="4.7684440">
    <ele>238.0</ele>
   </trkpt>
   <trkpt lat="45.7110320" lon="4.7685070">
    <ele>238.0</ele>
   </trkpt>
   <trkpt lat="45.7110470" lon="4.7685660">
    <ele>238.0</ele>
   </trkpt>
   <trkpt lat="45.7110620" lon="4.7686250">
    <ele>237.0</ele>
   </trkpt>
   <trkpt lat="45.7110810" lon="4.7686830">
    <ele>237.0</ele>
   </trkpt>
   <trkpt lat="45.7110990" lon="4.7687410">
    <ele>237.0</ele>
   </trkpt>
   <trkpt lat="45.7111190" lon="4.7688000">
    <ele>237.0</ele>
   </trkpt>
   <trkpt lat="45.7111390" lon="4.7688590">
    <ele>237.0</ele>
   </trkpt>
   <trkpt lat="45.7111590" lon="4.7689150">
    <ele>236.0</ele>
   </trkpt>
   <trkpt lat="45.7111800" lon="4.7689710">
    <ele>236.0</ele>
   </trkpt>
   <trkpt lat="45.7111980" lon="4.7690280">
    <ele>235.0</ele>
   </trkpt>
   <trkpt lat="45.7112160" lon="4.7690860">
    <ele>235.0</ele>
   </trkpt>
   <trkpt lat="45.7112330" lon="4.7691460">
    <ele>235.0</ele>
   </trkpt>
   <trkpt lat="45.7112500" lon="4.7692070">
    <ele>234.0</ele>
   </trkpt>
   <trkpt lat="45.7112680" lon="4.7692700">
    <ele>234.0</ele>
   </trkpt>
   <trkpt lat="45.7112870" lon="4.7693320">
    <ele>233.0</ele>
   </trkpt>
   <trkpt lat="45.7113060" lon="4.7693950">
    <ele>233.0</ele>
   </trkpt>
   <trkpt lat="45.7113240" lon="4.7694590">
    <ele>233.0</ele>
   </trkpt>
   <trkpt lat="45.7113450" lon="4.7695200">
    <ele>232.0</ele>
   </trkpt>
   <trkpt lat="45.7113650" lon="4.7695810">
    <ele>232.0</ele>
   </trkpt>
   <trkpt lat="45.7113850" lon="4.7696400">
    <ele>232.0</ele>
   </trkpt>
   <trkpt lat="45.7114050" lon="4.7697000">
    <ele>232.0</ele>
   </trkpt>
   <trkpt lat="45.7114240" lon="4.7697540">
    <ele>232.0</ele>
   </trkpt>
   <trkpt lat="45.7114420" lon="4.7698080">
    <ele>232.0</ele>
   </trkpt>
   <trkpt lat="45.7114680" lon="4.7698490">
    <ele>232.0</ele>
   </trkpt>
   <trkpt lat="45.7114930" lon="4.7698900">
    <ele>232.0</ele>
   </trkpt>
   <trkpt lat="45.7115260" lon="4.7699160">
    <ele>232.0</ele>
   </trkpt>
   <trkpt lat="45.7115590" lon="4.7699430">
    <ele>232.0</ele>
   </trkpt>
   <trkpt lat="45.7115950" lon="4.7699620">
    <ele>232.0</ele>
   </trkpt>
   <trkpt lat="45.7116310" lon="4.7699820">
    <ele>232.0</ele>
   </trkpt>
   <trkpt lat="45.7116680" lon="4.7699970">
    <ele>232.0</ele>
   </trkpt>
   <trkpt lat="45.7117050" lon="4.7700120">
    <ele>232.0</ele>
   </trkpt>
   <trkpt lat="45.7117410" lon="4.7700200">
    <ele>232.0</ele>
   </trkpt>
   <trkpt lat="45.7117770" lon="4.7700280">
    <ele>232.0</ele>
   </trkpt>
   <trkpt lat="45.7118110" lon="4.7700290">
    <ele>232.0</ele>
   </trkpt>
   <trkpt lat="45.7118450" lon="4.7700300">
    <ele>232.0</ele>
   </trkpt>
   <trkpt lat="45.7118760" lon="4.7700230">
    <ele>232.0</ele>
   </trkpt>
   <trkpt lat="45.7119070" lon="4.7700160">
    <ele>233.0</ele>
   </trkpt>
   <trkpt lat="45.7119380" lon="4.7700080">
    <ele>233.0</ele>
   </trkpt>
   <trkpt lat="45.7119680" lon="4.7699990">
    <ele>233.0</ele>
   </trkpt>
   <trkpt lat="45.7119990" lon="4.7699940">
    <ele>234.0</ele>
   </trkpt>
   <trkpt lat="45.7120310" lon="4.7699880">
    <ele>234.0</ele>
   </trkpt>
   <trkpt lat="45.7120610" lon="4.7699870">
    <ele>235.0</ele>
   </trkpt>
   <trkpt lat="45.7120920" lon="4.7699860">
    <ele>235.0</ele>
   </trkpt>
   <trkpt lat="45.7121230" lon="4.7699860">
    <ele>236.0</ele>
   </trkpt>
   <trkpt lat="45.7121540" lon="4.7699860">
    <ele>236.0</ele>
   </trkpt>
   <trkpt lat="45.7121850" lon="4.7699860">
    <ele>237.0</ele>
   </trkpt>
   <trkpt lat="45.7122160" lon="4.7699860">
    <ele>238.0</ele>
   </trkpt>
   <trkpt lat="45.7122480" lon="4.7699870">
    <ele>238.0</ele>
   </trkpt>
   <trkpt lat="45.7122790" lon="4.7699880">
    <ele>238.0</ele>
   </trkpt>
   <trkpt lat="45.7123120" lon="4.7699900">
    <ele>238.0</ele>
   </trkpt>
   <trkpt lat="45.7123450" lon="4.7699910">
    <ele>238.0</ele>
   </trkpt>
   <trkpt lat="45.7123810" lon="4.7699910">
    <ele>239.0</ele>
   </trkpt>
   <trkpt lat="45.7124180" lon="4.7699910">
    <ele>239.0</ele>
   </trkpt>
   <trkpt lat="45.7124580" lon="4.7699910">
    <ele>239.0</ele>
   </trkpt>
   <trkpt lat="45.7124990" lon="4.7699920">
    <ele>240.0</ele>
   </trkpt>
   <trkpt lat="45.7125390" lon="4.7699940">
    <ele>240.0</ele>
   </trkpt>
   <trkpt lat="45.7125800" lon="4.7699970">
    <ele>241.0</ele>
   </trkpt>
   <trkpt lat="45.7126210" lon="4.7700000">
    <ele>241.0</ele>
   </trkpt>
   <trkpt lat="45.7126620" lon="4.7700020">
    <ele>241.0</ele>
   </trkpt>
   <trkpt lat="45.7127040" lon="4.7700020">
    <ele>241.0</ele>
   </trkpt>
   <trkpt lat="45.7127450" lon="4.7700030">
    <ele>241.0</ele>
   </trkpt>
   <trkpt lat="45.7127860" lon="4.7699970">
    <ele>242.0</ele>
   </trkpt>
   <trkpt lat="45.7128270" lon="4.7699920">
    <ele>242.0</ele>
   </trkpt>
   <trkpt lat="45.7128680" lon="4.7699820">
    <ele>242.0</ele>
   </trkpt>
   <trkpt lat="45.7129100" lon="4.7699720">
    <ele>242.0</ele>
   </trkpt>
   <trkpt lat="45.7129510" lon="4.7699620">
    <ele>242.0</ele>
   </trkpt>
   <trkpt lat="45.7129920" lon="4.7699510">
    <ele>242.0</ele>
   </trkpt>
   <trkpt lat="45.7130330" lon="4.7699430">
    <ele>241.0</ele>
   </trkpt>
   <trkpt lat="45.7130750" lon="4.7699360">
    <ele>241.0</ele>
   </trkpt>
   <trkpt lat="45.7131170" lon="4.7699270">
    <ele>241.0</ele>
   </trkpt>
   <trkpt lat="45.7131600" lon="4.7699190">
    <ele>241.0</ele>
   </trkpt>
   <trkpt lat="45.7132030" lon="4.7699120">
    <ele>241.0</ele>
   </trkpt>
   <trkpt lat="45.7132460" lon="4.7699050">
    <ele>240.0</ele>
   </trkpt>
   <trkpt lat="45.7132880" lon="4.7698990">
    <ele>240.0</ele>
   </trkpt>
   <trkpt lat="45.7133300" lon="4.7698930">
    <ele>240.0</ele>
   </trkpt>
   <trkpt lat="45.7133690" lon="4.7698870">
    <ele>240.0</ele>
   </trkpt>
   <trkpt lat="45.7134080" lon="4.7698810">
    <ele>240.0</ele>
   </trkpt>
   <trkpt lat="45.7134460" lon="4.7698760">
    <ele>240.0</ele>
   </trkpt>
   <trkpt lat="45.7134830" lon="4.7698720">
    <ele>240.0</ele>
   </trkpt>
   <trkpt lat="45.7135220" lon="4.7698670">
    <ele>240.0</ele>
   </trkpt>
   <trkpt lat="45.7135610" lon="4.7698620">
    <ele>240.0</ele>
   </trkpt>
   <trkpt lat="45.7136020" lon="4.7698550">
    <ele>240.0</ele>
   </trkpt>
   <trkpt lat="45.7136430" lon="4.7698480">
    <ele>240.0</ele>
   </trkpt>
   <trkpt lat="45.7136840" lon="4.7698400">
    <ele>240.0</ele>
   </trkpt>
   <trkpt lat="45.7137260" lon="4.7698310">
    <ele>240.0</ele>
   </trkpt>
   <trkpt lat="45.7137680" lon="4.7698240">
    <ele>240.0</ele>
   </trkpt>
   <trkpt lat="45.7138090" lon="4.7698160">
    <ele>240.0</ele>
   </trkpt>
   <trkpt lat="45.7138490" lon="4.7698110">
    <ele>240.0</ele>
   </trkpt>
   <trkpt lat="45.7138890" lon="4.7698060">
    <ele>240.0</ele>
   </trkpt>
   <trkpt lat="45.7139270" lon="4.7698010">
    <ele>240.0</ele>
   </trkpt>
   <trkpt lat="45.7139660" lon="4.7697970">
    <ele>240.0</ele>
   </trkpt>
   <trkpt lat="45.7140040" lon="4.7697940">
    <ele>240.0</ele>
   </trkpt>
   <trkpt lat="45.7140420" lon="4.7697910">
    <ele>240.0</ele>
   </trkpt>
   <trkpt lat="45.7140780" lon="4.7697870">
    <ele>240.0</ele>
   </trkpt>
   <trkpt lat="45.7141150" lon="4.7697830">
    <ele>240.0</ele>
   </trkpt>
   <trkpt lat="45.7141510" lon="4.7697750">
    <ele>240.0</ele>
   </trkpt>
   <trkpt lat="45.7141860" lon="4.7697680">
    <ele>240.0</ele>
   </trkpt>
   <trkpt lat="45.7142200" lon="4.7697610">
    <ele>240.0</ele>
   </trkpt>
   <trkpt lat="45.7142540" lon="4.7697540">
    <ele>240.0</ele>
   </trkpt>
   <trkpt lat="45.7142870" lon="4.7697480">
    <ele>240.0</ele>
   </trkpt>
   <trkpt lat="45.7143210" lon="4.7697420">
    <ele>240.0</ele>
   </trkpt>
   <trkpt lat="45.7143550" lon="4.7697380">
    <ele>241.0</ele>
   </trkpt>
   <trkpt lat="45.7143890" lon="4.7697350">
    <ele>241.0</ele>
   </trkpt>
   <trkpt lat="45.7144220" lon="4.7697280">
    <ele>241.0</ele>
   </trkpt>
   <trkpt lat="45.7144540" lon="4.7697210">
    <ele>242.0</ele>
   </trkpt>
   <trkpt lat="45.7144850" lon="4.7697110">
    <ele>242.0</ele>
   </trkpt>
   <trkpt lat="45.7145170" lon="4.7697010">
    <ele>243.0</ele>
   </trkpt>
   <trkpt lat="45.7145510" lon="4.7696920">
    <ele>243.0</ele>
   </trkpt>
   <trkpt lat="45.7145850" lon="4.7696840">
    <ele>243.0</ele>
   </trkpt>
   <trkpt lat="45.7146190" lon="4.7696770">
    <ele>244.0</ele>
   </trkpt>
   <trkpt lat="45.7146540" lon="4.7696710">
    <ele>244.0</ele>
   </trkpt>
   <trkpt lat="45.7146910" lon="4.7696650">
    <ele>245.0</ele>
   </trkpt>
   <trkpt lat="45.7147280" lon="4.7696600">
    <ele>245.0</ele>
   </trkpt>
   <trkpt lat="45.7147670" lon="4.7696560">
    <ele>245.0</ele>
   </trkpt>
   <trkpt lat="45.7148060" lon="4.7696530">
    <ele>245.0</ele>
   </trkpt>
   <trkpt lat="45.7148440" lon="4.7696460">
    <ele>245.0</ele>
   </trkpt>
   <trkpt lat="45.7148820" lon="4.7696390">
    <ele>246.0</ele>
   </trkpt>
   <trkpt lat="45.7149170" lon="4.7696290">
    <ele>246.0</ele>
   </trkpt>
   <trkpt lat="45.7149520" lon="4.7696190">
    <ele>246.0</ele>
   </trkpt>
   <trkpt lat="45.7149860" lon="4.7696070">
    <ele>246.0</ele>
   </trkpt>
   <trkpt lat="45.7150210" lon="4.7695960">
    <ele>246.0</ele>
   </trkpt>
   <trkpt lat="45.7150600" lon="4.7695850">
    <ele>247.0</ele>
   </trkpt>
   <trkpt lat="45.7150990" lon="4.7695730">
    <ele>247.0</ele>
   </trkpt>
   <trkpt lat="45.7151400" lon="4.7695630">
    <ele>247.0</ele>
   </trkpt>
   <trkpt lat="45.7151810" lon="4.7695520">
    <ele>247.0</ele>
   </trkpt>
   <trkpt lat="45.7152210" lon="4.7695400">
    <ele>247.0</ele>
   </trkpt>
   <trkpt lat="45.7152620" lon="4.7695280">
    <ele>248.0</ele>
   </trkpt>
   <trkpt lat="45.7153030" lon="4.7695180">
    <ele>248.0</ele>
   </trkpt>
   <trkpt lat="45.7153430" lon="4.7695070">
    <ele>248.0</ele>
   </trkpt>
   <trkpt lat="45.7153830" lon="4.7694980">
    <ele>248.0</ele>
   </trkpt>
   <trkpt lat="45.7154230" lon="4.7694890">
    <ele>248.0</ele>
   </trkpt>
   <trkpt lat="45.7154610" lon="4.7694760">
    <ele>248.0</ele>
   </trkpt>
   <trkpt lat="45.7154990" lon="4.7694640">
    <ele>248.0</ele>
   </trkpt>
   <trkpt lat="45.7155380" lon="4.7694500">
    <ele>248.0</ele>
   </trkpt>
   <trkpt lat="45.7155770" lon="4.7694350">
    <ele>248.0</ele>
   </trkpt>
   <trkpt lat="45.7156160" lon="4.7694210">
    <ele>248.0</ele>
   </trkpt>
   <trkpt lat="45.7156550" lon="4.7694070">
    <ele>248.0</ele>
   </trkpt>
   <trkpt lat="45.7156920" lon="4.7693920">
    <ele>248.0</ele>
   </trkpt>
   <trkpt lat="45.7157290" lon="4.7693780">
    <ele>248.0</ele>
   </trkpt>
   <trkpt lat="45.7157660" lon="4.7693640">
    <ele>248.0</ele>
   </trkpt>
   <trkpt lat="45.7158020" lon="4.7693500">
    <ele>248.0</ele>
   </trkpt>
   <trkpt lat="45.7158380" lon="4.7693380">
    <ele>249.0</ele>
   </trkpt>
   <trkpt lat="45.7158740" lon="4.7693260">
    <ele>249.0</ele>
   </trkpt>
   <trkpt lat="45.7159090" lon="4.7693120">
    <ele>249.0</ele>
   </trkpt>
   <trkpt lat="45.7159440" lon="4.7692980">
    <ele>249.0</ele>
   </trkpt>
   <trkpt lat="45.7159810" lon="4.7692940">
    <ele>249.0</ele>
   </trkpt>
   <trkpt lat="45.7160180" lon="4.7692900">
    <ele>249.0</ele>
   </trkpt>
   <trkpt lat="45.7160490" lon="4.7693180">
    <ele>249.0</ele>
   </trkpt>
   <trkpt lat="45.7160800" lon="4.7693460">
    <ele>249.0</ele>
   </trkpt>
   <trkpt lat="45.7160960" lon="4.7694020">
    <ele>249.0</ele>
   </trkpt>
   <trkpt lat="45.7161120" lon="4.7694580">
    <ele>249.0</ele>
   </trkpt>
   <trkpt lat="45.7161170" lon="4.7695240">
    <ele>250.0</ele>
   </trkpt>
   <trkpt lat="45.7161220" lon="4.7695900">
    <ele>250.0</ele>
   </trkpt>
   <trkpt lat="45.7161190" lon="4.7696550">
    <ele>250.0</ele>
   </trkpt>
   <trkpt lat="45.7161170" lon="4.7697210">
    <ele>250.0</ele>
   </trkpt>
   <trkpt lat="45.7161130" lon="4.7697750">
    <ele>250.0</ele>
   </trkpt>
   <trkpt lat="45.7161090" lon="4.7698300">
    <ele>250.0</ele>
   </trkpt>
   <trkpt lat="45.7161250" lon="4.7698610">
    <ele>249.0</ele>
   </trkpt>
   <trkpt lat="45.7161410" lon="4.7698930">
    <ele>249.0</ele>
   </trkpt>
   <trkpt lat="45.7161750" lon="4.7699060">
    <ele>249.0</ele>
   </trkpt>
   <trkpt lat="45.7162090" lon="4.7699200">
    <ele>249.0</ele>
   </trkpt>
   <trkpt lat="45.7162500" lon="4.7699280">
    <ele>249.0</ele>
   </trkpt>
   <trkpt lat="45.7162920" lon="4.7699370">
    <ele>248.0</ele>
   </trkpt>
   <trkpt lat="45.7163370" lon="4.7699460">
    <ele>248.0</ele>
   </trkpt>
   <trkpt lat="45.7163810" lon="4.7699560">
    <ele>247.0</ele>
   </trkpt>
   <trkpt lat="45.7164250" lon="4.7699650">
    <ele>247.0</ele>
   </trkpt>
   <trkpt lat="45.7164680" lon="4.7699730">
    <ele>247.0</ele>
   </trkpt>
   <trkpt lat="45.7165100" lon="4.7699850">
    <ele>247.0</ele>
   </trkpt>
   <trkpt lat="45.7165520" lon="4.7699960">
    <ele>247.0</ele>
   </trkpt>
   <trkpt lat="45.7165930" lon="4.7700080">
    <ele>247.0</ele>
   </trkpt>
   <trkpt lat="45.7166350" lon="4.7700200">
    <ele>247.0</ele>
   </trkpt>
   <trkpt lat="45.7166760" lon="4.7700310">
    <ele>247.0</ele>
   </trkpt>
   <trkpt lat="45.7167170" lon="4.7700420">
    <ele>246.0</ele>
   </trkpt>
   <trkpt lat="45.7167560" lon="4.7700530">
    <ele>246.0</ele>
   </trkpt>
   <trkpt lat="45.7167950" lon="4.7700630">
    <ele>246.0</ele>
   </trkpt>
   <trkpt lat="45.7168320" lon="4.7700730">
    <ele>246.0</ele>
   </trkpt>
   <trkpt lat="45.7168680" lon="4.7700840">
    <ele>246.0</ele>
   </trkpt>
   <trkpt lat="45.7169010" lon="4.7700930">
    <ele>246.0</ele>
   </trkpt>
   <trkpt lat="45.7169340" lon="4.7701030">
    <ele>246.0</ele>
   </trkpt>
   <trkpt lat="45.7169680" lon="4.7701130">
    <ele>246.0</ele>
   </trkpt>
   <trkpt lat="45.7170010" lon="4.7701220">
    <ele>246.0</ele>
   </trkpt>
   <trkpt lat="45.7170360" lon="4.7701320">
    <ele>247.0</ele>
   </trkpt>
   <trkpt lat="45.7170710" lon="4.7701410">
    <ele>247.0</ele>
   </trkpt>
   <trkpt lat="45.7171080" lon="4.7701490">
    <ele>247.0</ele>
   </trkpt>
   <trkpt lat="45.7171460" lon="4.7701580">
    <ele>247.0</ele>
   </trkpt>
   <trkpt lat="45.7171840" lon="4.7701660">
    <ele>247.0</ele>
   </trkpt>
   <trkpt lat="45.7172220" lon="4.7701750">
    <ele>248.0</ele>
   </trkpt>
   <trkpt lat="45.7172560" lon="4.7701930">
    <ele>248.0</ele>
   </trkpt>
   <trkpt lat="45.7172900" lon="4.7702120">
    <ele>248.0</ele>
   </trkpt>
   <trkpt lat="45.7173190" lon="4.7702420">
    <ele>248.0</ele>
   </trkpt>
   <trkpt lat="45.7173480" lon="4.7702730">
    <ele>248.0</ele>
   </trkpt>
   <trkpt lat="45.7173730" lon="4.7703140">
    <ele>249.0</ele>
   </trkpt>
   <trkpt lat="45.7173990" lon="4.7703560">
    <ele>249.0</ele>
   </trkpt>
   <trkpt lat="45.7174190" lon="4.7704030">
    <ele>249.0</ele>
   </trkpt>
   <trkpt lat="45.7174400" lon="4.7704500">
    <ele>249.0</ele>
   </trkpt>
   <trkpt lat="45.7174630" lon="4.7704900">
    <ele>249.0</ele>
   </trkpt>
   <trkpt lat="45.7174870" lon="4.7705300">
    <ele>249.0</ele>
   </trkpt>
   <trkpt lat="45.7175190" lon="4.7705500">
    <ele>248.0</ele>
   </trkpt>
   <trkpt lat="45.7175520" lon="4.7705700">
    <ele>248.0</ele>
   </trkpt>
   <trkpt lat="45.7175900" lon="4.7705730">
    <ele>248.0</ele>
   </trkpt>
   <trkpt lat="45.7176290" lon="4.7705770">
    <ele>248.0</ele>
   </trkpt>
   <trkpt lat="45.7176700" lon="4.7705710">
    <ele>248.0</ele>
   </trkpt>
   <trkpt lat="45.7177120" lon="4.7705650">
    <ele>248.0</ele>
   </trkpt>
   <trkpt lat="45.7177540" lon="4.7705540">
    <ele>248.0</ele>
   </trkpt>
   <trkpt lat="45.7177960" lon="4.7705430">
    <ele>248.0</ele>
   </trkpt>
   <trkpt lat="45.7178390" lon="4.7705320">
    <ele>248.0</ele>
   </trkpt>
   <trkpt lat="45.7178810" lon="4.7705200">
    <ele>248.0</ele>
   </trkpt>
   <trkpt lat="45.7179250" lon="4.7705100">
    <ele>248.0</ele>
   </trkpt>
   <trkpt lat="45.7179690" lon="4.7705000">
    <ele>248.0</ele>
   </trkpt>
   <trkpt lat="45.7180140" lon="4.7704950">
    <ele>248.0</ele>
   </trkpt>
   <trkpt lat="45.7180580" lon="4.7704910">
    <ele>248.0</ele>
   </trkpt>
   <trkpt lat="45.7181030" lon="4.7704950">
    <ele>248.0</ele>
   </trkpt>
   <trkpt lat="45.7181470" lon="4.7704980">
    <ele>247.0</ele>
   </trkpt>
   <trkpt lat="45.7181910" lon="4.7705090">
    <ele>247.0</ele>
   </trkpt>
   <trkpt lat="45.7182340" lon="4.7705190">
    <ele>246.0</ele>
   </trkpt>
   <trkpt lat="45.7182780" lon="4.7705330">
    <ele>246.0</ele>
   </trkpt>
   <trkpt lat="45.7183230" lon="4.7705460">
    <ele>246.0</ele>
   </trkpt>
   <trkpt lat="45.7183650" lon="4.7705600">
    <ele>245.0</ele>
   </trkpt>
   <trkpt lat="45.7184080" lon="4.7705730">
    <ele>245.0</ele>
   </trkpt>
   <trkpt lat="45.7184490" lon="4.7705880">
    <ele>245.0</ele>
   </trkpt>
   <trkpt lat="45.7184900" lon="4.7706030">
    <ele>245.0</ele>
   </trkpt>
   <trkpt lat="45.7185310" lon="4.7706180">
    <ele>245.0</ele>
   </trkpt>
   <trkpt lat="45.7185720" lon="4.7706340">
    <ele>244.0</ele>
   </trkpt>
   <trkpt lat="45.7186140" lon="4.7706500">
    <ele>244.0</ele>
   </trkpt>
   <trkpt lat="45.7186560" lon="4.7706670">
    <ele>243.0</ele>
   </trkpt>
   <trkpt lat="45.7186990" lon="4.7706830">
    <ele>243.0</ele>
   </trkpt>
   <trkpt lat="45.7187420" lon="4.7706980">
    <ele>243.0</ele>
   </trkpt>
   <trkpt lat="45.7187860" lon="4.7707090">
    <ele>242.0</ele>
   </trkpt>
   <trkpt lat="45.7188290" lon="4.7707210">
    <ele>242.0</ele>
   </trkpt>
   <trkpt lat="45.7188740" lon="4.7707300">
    <ele>242.0</ele>
   </trkpt>
   <trkpt lat="45.7189200" lon="4.7707390">
    <ele>242.0</ele>
   </trkpt>
   <trkpt lat="45.7189640" lon="4.7707500">
    <ele>242.0</ele>
   </trkpt>
   <trkpt lat="45.7190090" lon="4.7707610">
    <ele>241.0</ele>
   </trkpt>
   <trkpt lat="45.7190530" lon="4.7707760">
    <ele>241.0</ele>
   </trkpt>
   <trkpt lat="45.7190980" lon="4.7707920">
    <ele>240.0</ele>
   </trkpt>
   <trkpt lat="45.7191380" lon="4.7708070">
    <ele>240.0</ele>
   </trkpt>
   <trkpt lat="45.7191790" lon="4.7708220">
    <ele>240.0</ele>
   </trkpt>
   <trkpt lat="45.7192140" lon="4.7708400">
    <ele>240.0</ele>
   </trkpt>
   <trkpt lat="45.7192500" lon="4.7708580">
    <ele>240.0</ele>
   </trkpt>
   <trkpt lat="45.7192750" lon="4.7708870">
    <ele>240.0</ele>
   </trkpt>
   <trkpt lat="45.7193000" lon="4.7709160">
    <ele>240.0</ele>
   </trkpt>
   <trkpt lat="45.7193170" lon="4.7709590">
    <ele>240.0</ele>
   </trkpt>
   <trkpt lat="45.7193340" lon="4.7710020">
    <ele>240.0</ele>
   </trkpt>
   <trkpt lat="45.7193450" lon="4.7710540">
    <ele>240.0</ele>
   </trkpt>
   <trkpt lat="45.7193550" lon="4.7711070">
    <ele>240.0</ele>
   </trkpt>
   <trkpt lat="45.7193600" lon="4.7711620">
    <ele>240.0</ele>
   </trkpt>
   <trkpt lat="45.7193660" lon="4.7712170">
    <ele>241.0</ele>
   </trkpt>
   <trkpt lat="45.7193690" lon="4.7712670">
    <ele>241.0</ele>
   </trkpt>
   <trkpt lat="45.7193720" lon="4.7713180">
    <ele>241.0</ele>
   </trkpt>
   <trkpt lat="45.7193740" lon="4.7713630">
    <ele>241.0</ele>
   </trkpt>
   <trkpt lat="45.7193760" lon="4.7714080">
    <ele>241.0</ele>
   </trkpt>
   <trkpt lat="45.7193720" lon="4.7714530">
    <ele>242.0</ele>
   </trkpt>
   <trkpt lat="45.7193690" lon="4.7714970">
    <ele>242.0</ele>
   </trkpt>
   <trkpt lat="45.7193530" lon="4.7715440">
    <ele>242.0</ele>
   </trkpt>
   <trkpt lat="45.7193380" lon="4.7715910">
    <ele>242.0</ele>
   </trkpt>
   <trkpt lat="45.7193170" lon="4.7716420">
    <ele>242.0</ele>
   </trkpt>
   <trkpt lat="45.7192960" lon="4.7716920">
    <ele>242.0</ele>
   </trkpt>
   <trkpt lat="45.7192750" lon="4.7717470">
    <ele>242.0</ele>
   </trkpt>
   <trkpt lat="45.7192540" lon="4.7718020">
    <ele>242.0</ele>
   </trkpt>
   <trkpt lat="45.7192400" lon="4.7718590">
    <ele>242.0</ele>
   </trkpt>
   <trkpt lat="45.7192250" lon="4.7719160">
    <ele>242.0</ele>
   </trkpt>
   <trkpt lat="45.7192190" lon="4.7719770">
    <ele>242.0</ele>
   </trkpt>
   <trkpt lat="45.7192130" lon="4.7720380">
    <ele>241.0</ele>
   </trkpt>
   <trkpt lat="45.7192120" lon="4.7721010">
    <ele>241.0</ele>
   </trkpt>
   <trkpt lat="45.7192100" lon="4.7721640">
    <ele>241.0</ele>
   </trkpt>
   <trkpt lat="45.7192120" lon="4.7722260">
    <ele>241.0</ele>
   </trkpt>
   <trkpt lat="45.7192140" lon="4.7722880">
    <ele>241.0</ele>
   </trkpt>
   <trkpt lat="45.7192210" lon="4.7723470">
    <ele>241.0</ele>
   </trkpt>
   <trkpt lat="45.7192270" lon="4.7724060">
    <ele>241.0</ele>
   </trkpt>
   <trkpt lat="45.7192380" lon="4.7724590">
    <ele>241.0</ele>
   </trkpt>
   <trkpt lat="45.7192490" lon="4.7725130">
    <ele>241.0</ele>
   </trkpt>
   <trkpt lat="45.7192680" lon="4.7725540">
    <ele>241.0</ele>
   </trkpt>
   <trkpt lat="45.7192880" lon="4.7725950">
    <ele>241.0</ele>
   </trkpt>
   <trkpt lat="45.7193190" lon="4.7726130">
    <ele>241.0</ele>
   </trkpt>
   <trkpt lat="45.7193490" lon="4.7726310">
    <ele>241.0</ele>
   </trkpt>
   <trkpt lat="45.7193850" lon="4.7726320">
    <ele>241.0</ele>
   </trkpt>
   <trkpt lat="45.7194220" lon="4.7726340">
    <ele>241.0</ele>
   </trkpt>
   <trkpt lat="45.7194630" lon="4.7726240">
    <ele>241.0</ele>
   </trkpt>
   <trkpt lat="45.7195040" lon="4.7726140">
    <ele>241.0</ele>
   </trkpt>
   <trkpt lat="45.7195460" lon="4.7725950">
    <ele>241.0</ele>
   </trkpt>
   <trkpt lat="45.7195880" lon="4.7725760">
    <ele>241.0</ele>
   </trkpt>
   <trkpt lat="45.7196290" lon="4.7725540">
    <ele>241.0</ele>
   </trkpt>
   <trkpt lat="45.7196710" lon="4.7725330">
    <ele>241.0</ele>
   </trkpt>
   <trkpt lat="45.7197120" lon="4.7725120">
    <ele>241.0</ele>
   </trkpt>
   <trkpt lat="45.7197530" lon="4.7724920">
    <ele>241.0</ele>
   </trkpt>
   <trkpt lat="45.7197950" lon="4.7724770">
    <ele>241.0</ele>
   </trkpt>
   <trkpt lat="45.7198370" lon="4.7724610">
    <ele>241.0</ele>
   </trkpt>
   <trkpt lat="45.7198790" lon="4.7724480">
    <ele>241.0</ele>
   </trkpt>
   <trkpt lat="45.7199210" lon="4.7724360">
    <ele>241.0</ele>
   </trkpt>
   <trkpt lat="45.7199590" lon="4.7724200">
    <ele>241.0</ele>
   </trkpt>
   <trkpt lat="45.7199960" lon="4.7724050">
    <ele>241.0</ele>
   </trkpt>
   <trkpt lat="45.7200330" lon="4.7723880">
    <ele>241.0</ele>
   </trkpt>
   <trkpt lat="45.7200700" lon="4.7723710">
    <ele>241.0</ele>
   </trkpt>
   <trkpt lat="45.7201110" lon="4.7723590">
    <ele>241.0</ele>
   </trkpt>
   <trkpt lat="45.7201510" lon="4.7723480">
    <ele>241.0</ele>
   </trkpt>
   <trkpt lat="45.7201940" lon="4.7723450">
    <ele>241.0</ele>
   </trkpt>
   <trkpt lat="45.7202360" lon="4.7723420">
    <ele>241.0</ele>
   </trkpt>
   <trkpt lat="45.7202800" lon="4.7723520">
    <ele>241.0</ele>
   </trkpt>
   <trkpt lat="45.7203250" lon="4.7723620">
    <ele>241.0</ele>
   </trkpt>
   <trkpt lat="45.7203650" lon="4.7723920">
    <ele>241.0</ele>
   </trkpt>
   <trkpt lat="45.7204050" lon="4.7724210">
    <ele>241.0</ele>
   </trkpt>
   <trkpt lat="45.7204360" lon="4.7724700">
    <ele>241.0</ele>
   </trkpt>
   <trkpt lat="45.7204670" lon="4.7725180">
    <ele>240.0</ele>
   </trkpt>
   <trkpt lat="45.7204920" lon="4.7725770">
    <ele>240.0</ele>
   </trkpt>
   <trkpt lat="45.7205170" lon="4.7726360">
    <ele>240.0</ele>
   </trkpt>
   <trkpt lat="45.7205370" lon="4.7727030">
    <ele>240.0</ele>
   </trkpt>
   <trkpt lat="45.7205560" lon="4.7727690">
    <ele>240.0</ele>
   </trkpt>
   <trkpt lat="45.7205720" lon="4.7728380">
    <ele>239.0</ele>
   </trkpt>
   <trkpt lat="45.7205880" lon="4.7729080">
    <ele>239.0</ele>
   </trkpt>
   <trkpt lat="45.7206010" lon="4.7729760">
    <ele>239.0</ele>
   </trkpt>
   <trkpt lat="45.7206140" lon="4.7730430">
    <ele>239.0</ele>
   </trkpt>
   <trkpt lat="45.7206250" lon="4.7731080">
    <ele>239.0</ele>
   </trkpt>
   <trkpt lat="45.7206370" lon="4.7731730">
    <ele>238.0</ele>
   </trkpt>
   <trkpt lat="45.7206470" lon="4.7732360">
    <ele>238.0</ele>
   </trkpt>
   <trkpt lat="45.7206570" lon="4.7733000">
    <ele>238.0</ele>
   </trkpt>
   <trkpt lat="45.7206690" lon="4.7733600">
    <ele>238.0</ele>
   </trkpt>
   <trkpt lat="45.7206800" lon="4.7734200">
    <ele>238.0</ele>
   </trkpt>
   <trkpt lat="45.7206890" lon="4.7734810">
    <ele>237.0</ele>
   </trkpt>
   <trkpt lat="45.7206970" lon="4.7735420">
    <ele>237.0</ele>
   </trkpt>
   <trkpt lat="45.7206980" lon="4.7736060">
    <ele>237.0</ele>
   </trkpt>
   <trkpt lat="45.7206990" lon="4.7736690">
    <ele>237.0</ele>
   </trkpt>
   <trkpt lat="45.7206890" lon="4.7737310">
    <ele>237.0</ele>
   </trkpt>
   <trkpt lat="45.7206790" lon="4.7737930">
    <ele>236.0</ele>
   </trkpt>
   <trkpt lat="45.7206620" lon="4.7738510">
    <ele>235.0</ele>
   </trkpt>
   <trkpt lat="45.7206450" lon="4.7739090">
    <ele>234.0</ele>
   </trkpt>
   <trkpt lat="45.7206270" lon="4.7739650">
    <ele>233.0</ele>
   </trkpt>
   <trkpt lat="45.7206090" lon="4.7740210">
    <ele>233.0</ele>
   </trkpt>
   <trkpt lat="45.7205950" lon="4.7740790">
    <ele>232.0</ele>
   </trkpt>
   <trkpt lat="45.7205820" lon="4.7741380">
    <ele>232.0</ele>
   </trkpt>
   <trkpt lat="45.7205850" lon="4.7741910">
    <ele>231.0</ele>
   </trkpt>
   <trkpt lat="45.7205870" lon="4.7742450">
    <ele>231.0</ele>
   </trkpt>
   <trkpt lat="45.7206070" lon="4.7742870">
    <ele>231.0</ele>
   </trkpt>
   <trkpt lat="45.7206270" lon="4.7743290">
    <ele>230.0</ele>
   </trkpt>
   <trkpt lat="45.7206610" lon="4.7743610">
    <ele>229.0</ele>
   </trkpt>
   <trkpt lat="45.7206950" lon="4.7743920">
    <ele>228.0</ele>
   </trkpt>
   <trkpt lat="45.7207390" lon="4.7744160">
    <ele>227.0</ele>
   </trkpt>
   <trkpt lat="45.7207830" lon="4.7744410">
    <ele>227.0</ele>
   </trkpt>
   <trkpt lat="45.7208290" lon="4.7744630">
    <ele>226.0</ele>
   </trkpt>
   <trkpt lat="45.7208750" lon="4.7744860">
    <ele>226.0</ele>
   </trkpt>
   <trkpt lat="45.7209190" lon="4.7745070">
    <ele>225.0</ele>
   </trkpt>
   <trkpt lat="45.7209640" lon="4.7745280">
    <ele>225.0</ele>
   </trkpt>
   <trkpt lat="45.7210070" lon="4.7745440">
    <ele>225.0</ele>
   </trkpt>
   <trkpt lat="45.7210500" lon="4.7745610">
    <ele>224.0</ele>
   </trkpt>
   <trkpt lat="45.7210910" lon="4.7745770">
    <ele>224.0</ele>
   </trkpt>
   <trkpt lat="45.7211330" lon="4.7745930">
    <ele>223.0</ele>
   </trkpt>
   <trkpt lat="45.7211770" lon="4.7746100">
    <ele>223.0</ele>
   </trkpt>
   <trkpt lat="45.7212210" lon="4.7746260">
    <ele>223.0</ele>
   </trkpt>
   <trkpt lat="45.7212650" lon="4.7746430">
    <ele>222.0</ele>
   </trkpt>
   <trkpt lat="45.7213100" lon="4.7746600">
    <ele>222.0</ele>
   </trkpt>
   <trkpt lat="45.7213550" lon="4.7746800">
    <ele>222.0</ele>
   </trkpt>
   <trkpt lat="45.7214000" lon="4.7746990">
    <ele>222.0</ele>
   </trkpt>
   <trkpt lat="45.7214430" lon="4.7747230">
    <ele>222.0</ele>
   </trkpt>
   <trkpt lat="45.7214860" lon="4.7747480">
    <ele>221.0</ele>
   </trkpt>
   <trkpt lat="45.7215270" lon="4.7747740">
    <ele>221.0</ele>
   </trkpt>
   <trkpt lat="45.7215680" lon="4.7748010">
    <ele>221.0</ele>
   </trkpt>
   <trkpt lat="45.7216090" lon="4.7748270">
    <ele>221.0</ele>
   </trkpt>
   <trkpt lat="45.7216490" lon="4.7748530">
    <ele>221.0</ele>
   </trkpt>
   <trkpt lat="45.7216900" lon="4.7748790">
    <ele>220.0</ele>
   </trkpt>
   <trkpt lat="45.7217300" lon="4.7749050">
    <ele>220.0</ele>
   </trkpt>
   <trkpt lat="45.7217720" lon="4.7749310">
    <ele>220.0</ele>
   </trkpt>
   <trkpt lat="45.7218140" lon="4.7749580">
    <ele>220.0</ele>
   </trkpt>
   <trkpt lat="45.7218560" lon="4.7749800">
    <ele>220.0</ele>
   </trkpt>
   <trkpt lat="45.7218990" lon="4.7750030">
    <ele>219.0</ele>
   </trkpt>
   <trkpt lat="45.7219410" lon="4.7750240">
    <ele>218.0</ele>
   </trkpt>
   <trkpt lat="45.7219830" lon="4.7750450">
    <ele>218.0</ele>
   </trkpt>
   <trkpt lat="45.7220260" lon="4.7750620">
    <ele>217.0</ele>
   </trkpt>
   <trkpt lat="45.7220690" lon="4.7750800">
    <ele>217.0</ele>
   </trkpt>
   <trkpt lat="45.7221110" lon="4.7750990">
    <ele>216.0</ele>
   </trkpt>
   <trkpt lat="45.7221530" lon="4.7751190">
    <ele>216.0</ele>
   </trkpt>
   <trkpt lat="45.7221940" lon="4.7751440">
    <ele>216.0</ele>
   </trkpt>
   <trkpt lat="45.7222340" lon="4.7751690">
    <ele>216.0</ele>
   </trkpt>
   <trkpt lat="45.7222720" lon="4.7751980">
    <ele>216.0</ele>
   </trkpt>
   <trkpt lat="45.7223100" lon="4.7752270">
    <ele>215.0</ele>
   </trkpt>
   <trkpt lat="45.7223460" lon="4.7752560">
    <ele>215.0</ele>
   </trkpt>
   <trkpt lat="45.7223820" lon="4.7752850">
    <ele>215.0</ele>
   </trkpt>
   <trkpt lat="45.7224180" lon="4.7753130">
    <ele>215.0</ele>
   </trkpt>
   <trkpt lat="45.7224550" lon="4.7753420">
    <ele>215.0</ele>
   </trkpt>
   <trkpt lat="45.7224920" lon="4.7753740">
    <ele>214.0</ele>
   </trkpt>
   <trkpt lat="45.7225290" lon="4.7754050">
    <ele>214.0</ele>
   </trkpt>
   <trkpt lat="45.7225660" lon="4.7754370">
    <ele>214.0</ele>
   </trkpt>
   <trkpt lat="45.7226030" lon="4.7754680">
    <ele>214.0</ele>
   </trkpt>
   <trkpt lat="45.7226420" lon="4.7755010">
    <ele>214.0</ele>
   </trkpt>
   <trkpt lat="45.7226800" lon="4.7755330">
    <ele>213.0</ele>
   </trkpt>
   <trkpt lat="45.7227210" lon="4.7755660">
    <ele>213.0</ele>
   </trkpt>
   <trkpt lat="45.7227620" lon="4.7756000">
    <ele>212.0</ele>
   </trkpt>
   <trkpt lat="45.7228020" lon="4.7756320">
    <ele>212.0</ele>
   </trkpt>
   <trkpt lat="45.7228410" lon="4.7756640">
    <ele>212.0</ele>
   </trkpt>
   <trkpt lat="45.7228800" lon="4.7756940">
    <ele>211.0</ele>
   </trkpt>
   <trkpt lat="45.7229190" lon="4.7757240">
    <ele>211.0</ele>
   </trkpt>
   <trkpt lat="45.7229600" lon="4.7757510">
    <ele>211.0</ele>
   </trkpt>
   <trkpt lat="45.7230000" lon="4.7757790">
    <ele>211.0</ele>
   </trkpt>
   <trkpt lat="45.7230410" lon="4.7758080">
    <ele>211.0</ele>
   </trkpt>
   <trkpt lat="45.7230810" lon="4.7758380">
    <ele>210.0</ele>
   </trkpt>
   <trkpt lat="45.7231210" lon="4.7758690">
    <ele>210.0</ele>
   </trkpt>
   <trkpt lat="45.7231600" lon="4.7759010">
    <ele>209.0</ele>
   </trkpt>
   <trkpt lat="45.7231990" lon="4.7759390">
    <ele>209.0</ele>
   </trkpt>
   <trkpt lat="45.7232380" lon="4.7759760">
    <ele>209.0</ele>
   </trkpt>
   <trkpt lat="45.7232760" lon="4.7760190">
    <ele>208.0</ele>
   </trkpt>
   <trkpt lat="45.7233130" lon="4.7760630">
    <ele>208.0</ele>
   </trkpt>
   <trkpt lat="45.7233520" lon="4.7761070">
    <ele>207.0</ele>
   </trkpt>
   <trkpt lat="45.7233910" lon="4.7761510">
    <ele>207.0</ele>
   </trkpt>
   <trkpt lat="45.7234300" lon="4.7761890">
    <ele>207.0</ele>
   </trkpt>
   <trkpt lat="45.7234690" lon="4.7762270">
    <ele>206.0</ele>
   </trkpt>
   <trkpt lat="45.7235070" lon="4.7762510">
    <ele>206.0</ele>
   </trkpt>
   <trkpt lat="45.7235450" lon="4.7762740">
    <ele>205.0</ele>
   </trkpt>
   <trkpt lat="45.7235850" lon="4.7762830">
    <ele>205.0</ele>
   </trkpt>
   <trkpt lat="45.7236250" lon="4.7762930">
    <ele>205.0</ele>
   </trkpt>
   <trkpt lat="45.7236670" lon="4.7762960">
    <ele>204.0</ele>
   </trkpt>
   <trkpt lat="45.7237100" lon="4.7762980">
    <ele>204.0</ele>
   </trkpt>
   <trkpt lat="45.7237520" lon="4.7763000">
    <ele>203.0</ele>
   </trkpt>
   <trkpt lat="45.7237950" lon="4.7763020">
    <ele>203.0</ele>
   </trkpt>
   <trkpt lat="45.7238360" lon="4.7763020">
    <ele>203.0</ele>
   </trkpt>
   <trkpt lat="45.7238780" lon="4.7763020">
    <ele>202.0</ele>
   </trkpt>
   <trkpt lat="45.7239210" lon="4.7762980">
    <ele>202.0</ele>
   </trkpt>
   <trkpt lat="45.7239630" lon="4.7762950">
    <ele>201.0</ele>
   </trkpt>
   <trkpt lat="45.7240060" lon="4.7762890">
    <ele>201.0</ele>
   </trkpt>
   <trkpt lat="45.7240480" lon="4.7762830">
    <ele>201.0</ele>
   </trkpt>
   <trkpt lat="45.7240900" lon="4.7762730">
    <ele>201.0</ele>
   </trkpt>
   <trkpt lat="45.7241310" lon="4.7762620">
    <ele>201.0</ele>
   </trkpt>
   <trkpt lat="45.7241690" lon="4.7762410">
    <ele>201.0</ele>
   </trkpt>
   <trkpt lat="45.7242070" lon="4.7762200">
    <ele>201.0</ele>
   </trkpt>
   <trkpt lat="45.7242410" lon="4.7761930">
    <ele>201.0</ele>
   </trkpt>
   <trkpt lat="45.7242750" lon="4.7761660">
    <ele>201.0</ele>
   </trkpt>
   <trkpt lat="45.7243080" lon="4.7761370">
    <ele>201.0</ele>
   </trkpt>
   <trkpt lat="45.7243410" lon="4.7761080">
    <ele>201.0</ele>
   </trkpt>
   <trkpt lat="45.7243740" lon="4.7760760">
    <ele>201.0</ele>
   </trkpt>
   <trkpt lat="45.7244070" lon="4.7760450">
    <ele>201.0</ele>
   </trkpt>
   <trkpt lat="45.7244390" lon="4.7760130">
    <ele>201.0</ele>
   </trkpt>
   <trkpt lat="45.7244720" lon="4.7759810">
    <ele>201.0</ele>
   </trkpt>
   <trkpt lat="45.7245020" lon="4.7759440">
    <ele>201.0</ele>
   </trkpt>
   <trkpt lat="45.7245330" lon="4.7759080">
    <ele>201.0</ele>
   </trkpt>
   <trkpt lat="45.7245610" lon="4.7758680">
    <ele>202.0</ele>
   </trkpt>
   <trkpt lat="45.7245890" lon="4.7758280">
    <ele>202.0</ele>
   </trkpt>
   <trkpt lat="45.7246160" lon="4.7757870">
    <ele>202.0</ele>
   </trkpt>
   <trkpt lat="45.7246440" lon="4.7757470">
    <ele>202.0</ele>
   </trkpt>
   <trkpt lat="45.7246720" lon="4.7757100">
    <ele>202.0</ele>
   </trkpt>
   <trkpt lat="45.7247010" lon="4.7756730">
    <ele>203.0</ele>
   </trkpt>
   <trkpt lat="45.7247300" lon="4.7756380">
    <ele>203.0</ele>
   </trkpt>
   <trkpt lat="45.7247580" lon="4.7756020">
    <ele>203.0</ele>
   </trkpt>
   <trkpt lat="45.7247880" lon="4.7755680">
    <ele>203.0</ele>
   </trkpt>
   <trkpt lat="45.7248170" lon="4.7755350">
    <ele>203.0</ele>
   </trkpt>
   <trkpt lat="45.7248470" lon="4.7755020">
    <ele>204.0</ele>
   </trkpt>
   <trkpt lat="45.7248780" lon="4.7754700">
    <ele>204.0</ele>
   </trkpt>
   <trkpt lat="45.7249080" lon="4.7754390">
    <ele>204.0</ele>
   </trkpt>
   <trkpt lat="45.7249380" lon="4.7754080">
    <ele>204.0</ele>
   </trkpt>
   <trkpt lat="45.7249680" lon="4.7753770">
    <ele>204.0</ele>
   </trkpt>
   <trkpt lat="45.7249970" lon="4.7753460">
    <ele>205.0</ele>
   </trkpt>
   <trkpt lat="45.7250280" lon="4.7753160">
    <ele>205.0</ele>
   </trkpt>
   <trkpt lat="45.7250580" lon="4.7752850">
    <ele>205.0</ele>
   </trkpt>
   <trkpt lat="45.7250910" lon="4.7752580">
    <ele>205.0</ele>
   </trkpt>
   <trkpt lat="45.7251240" lon="4.7752310">
    <ele>205.0</ele>
   </trkpt>
   <trkpt lat="45.7251600" lon="4.7752100">
    <ele>206.0</ele>
   </trkpt>
   <trkpt lat="45.7251960" lon="4.7751900">
    <ele>206.0</ele>
   </trkpt>
   <trkpt lat="45.7252360" lon="4.7751740">
    <ele>206.0</ele>
   </trkpt>
   <trkpt lat="45.7252750" lon="4.7751580">
    <ele>206.0</ele>
   </trkpt>
   <trkpt lat="45.7253150" lon="4.7751450">
    <ele>206.0</ele>
   </trkpt>
   <trkpt lat="45.7253540" lon="4.7751320">
    <ele>206.0</ele>
   </trkpt>
   <trkpt lat="45.7253940" lon="4.7751210">
    <ele>206.0</ele>
   </trkpt>
   <trkpt lat="45.7254340" lon="4.7751110">
    <ele>206.0</ele>
   </trkpt>
   <trkpt lat="45.7254740" lon="4.7751030">
    <ele>206.0</ele>
   </trkpt>
   <trkpt lat="45.7255140" lon="4.7750950">
    <ele>206.0</ele>
   </trkpt>
   <trkpt lat="45.7255490" lon="4.7750810">
    <ele>207.0</ele>
   </trkpt>
   <trkpt lat="45.7255850" lon="4.7750670">
    <ele>207.0</ele>
   </trkpt>
   <trkpt lat="45.7256160" lon="4.7750610">
    <ele>207.0</ele>
   </trkpt>
   <trkpt lat="45.7256480" lon="4.7750560">
    <ele>207.0</ele>
   </trkpt>
   <trkpt lat="45.7256720" lon="4.7750930">
    <ele>207.0</ele>
   </trkpt>
   <trkpt lat="45.7256960" lon="4.7751310">
    <ele>208.0</ele>
   </trkpt>
   <trkpt lat="45.7257140" lon="4.7752020">
    <ele>208.0</ele>
   </trkpt>
   <trkpt lat="45.7257320" lon="4.7752730">
    <ele>208.0</ele>
   </trkpt>
   <trkpt lat="45.7257460" lon="4.7753490">
    <ele>208.0</ele>
   </trkpt>
   <trkpt lat="45.7257600" lon="4.7754250">
    <ele>208.0</ele>
   </trkpt>
   <trkpt lat="45.7257720" lon="4.7754970">
    <ele>208.0</ele>
   </trkpt>
   <trkpt lat="45.7257840" lon="4.7755690">
    <ele>207.0</ele>
   </trkpt>
   <trkpt lat="45.7257930" lon="4.7756370">
    <ele>207.0</ele>
   </trkpt>
   <trkpt lat="45.7258020" lon="4.7757040">
    <ele>207.0</ele>
   </trkpt>
   <trkpt lat="45.7258080" lon="4.7757690">
    <ele>207.0</ele>
   </trkpt>
   <trkpt lat="45.7258140" lon="4.7758330">
    <ele>207.0</ele>
   </trkpt>
   <trkpt lat="45.7258190" lon="4.7758960">
    <ele>207.0</ele>
   </trkpt>
   <trkpt lat="45.7258230" lon="4.7759580">
    <ele>207.0</ele>
   </trkpt>
   <trkpt lat="45.7258270" lon="4.7760200">
    <ele>207.0</ele>
   </trkpt>
   <trkpt lat="45.7258300" lon="4.7760820">
    <ele>207.0</ele>
   </trkpt>
   <trkpt lat="45.7258350" lon="4.7761430">
    <ele>207.0</ele>
   </trkpt>
   <trkpt lat="45.7258390" lon="4.7762040">
    <ele>207.0</ele>
   </trkpt>
   <trkpt lat="45.7258430" lon="4.7762650">
    <ele>207.0</ele>
   </trkpt>
   <trkpt lat="45.7258470" lon="4.7763260">
    <ele>207.0</ele>
   </trkpt>
   <trkpt lat="45.7258530" lon="4.7763880">
    <ele>207.0</ele>
   </trkpt>
   <trkpt lat="45.7258590" lon="4.7764500">
    <ele>207.0</ele>
   </trkpt>
   <trkpt lat="45.7258690" lon="4.7765130">
    <ele>206.0</ele>
   </trkpt>
   <trkpt lat="45.7258780" lon="4.7765750">
    <ele>206.0</ele>
   </trkpt>
   <trkpt lat="45.7258910" lon="4.7766370">
    <ele>206.0</ele>
   </trkpt>
   <trkpt lat="45.7259040" lon="4.7766980">
    <ele>206.0</ele>
   </trkpt>
   <trkpt lat="45.7259200" lon="4.7767590">
    <ele>206.0</ele>
   </trkpt>
   <trkpt lat="45.7259360" lon="4.7768190">
    <ele>205.0</ele>
   </trkpt>
   <trkpt lat="45.7259520" lon="4.7768820">
    <ele>205.0</ele>
   </trkpt>
   <trkpt lat="45.7259680" lon="4.7769450">
    <ele>204.0</ele>
   </trkpt>
   <trkpt lat="45.7259810" lon="4.7770080">
    <ele>204.0</ele>
   </trkpt>
   <trkpt lat="45.7259950" lon="4.7770710">
    <ele>204.0</ele>
   </trkpt>
   <trkpt lat="45.7260100" lon="4.7771330">
    <ele>203.0</ele>
   </trkpt>
   <trkpt lat="45.7260240" lon="4.7771950">
    <ele>203.0</ele>
   </trkpt>
   <trkpt lat="45.7260400" lon="4.7772590">
    <ele>202.0</ele>
   </trkpt>
   <trkpt lat="45.7260570" lon="4.7773220">
    <ele>202.0</ele>
   </trkpt>
   <trkpt lat="45.7260700" lon="4.7773880">
    <ele>202.0</ele>
   </trkpt>
   <trkpt lat="45.7260840" lon="4.7774540">
    <ele>201.0</ele>
   </trkpt>
   <trkpt lat="45.7260940" lon="4.7775200">
    <ele>200.0</ele>
   </trkpt>
   <trkpt lat="45.7261050" lon="4.7775870">
    <ele>199.0</ele>
   </trkpt>
   <trkpt lat="45.7261140" lon="4.7776520">
    <ele>198.0</ele>
   </trkpt>
   <trkpt lat="45.7261220" lon="4.7777170">
    <ele>197.0</ele>
   </trkpt>
   <trkpt lat="45.7261310" lon="4.7777810">
    <ele>196.0</ele>
   </trkpt>
   <trkpt lat="45.7261390" lon="4.7778450">
    <ele>195.0</ele>
   </trkpt>
   <trkpt lat="45.7261480" lon="4.7779120">
    <ele>195.0</ele>
   </trkpt>
   <trkpt lat="45.7261580" lon="4.7779790">
    <ele>194.0</ele>
   </trkpt>
   <trkpt lat="45.7261710" lon="4.7780480">
    <ele>194.0</ele>
   </trkpt>
   <trkpt lat="45.7261830" lon="4.7781180">
    <ele>193.0</ele>
   </trkpt>
   <trkpt lat="45.7261950" lon="4.7781880">
    <ele>192.0</ele>
   </trkpt>
   <trkpt lat="45.7262070" lon="4.7782580">
    <ele>191.0</ele>
   </trkpt>
   <trkpt lat="45.7262180" lon="4.7783230">
    <ele>190.0</ele>
   </trkpt>
   <trkpt lat="45.7262300" lon="4.7783880">
    <ele>189.0</ele>
   </trkpt>
   <trkpt lat="45.7262420" lon="4.7784510">
    <ele>188.0</ele>
   </trkpt>
   <trkpt lat="45.7262540" lon="4.7785130">
    <ele>187.0</ele>
   </trkpt>
   <trkpt lat="45.7262660" lon="4.7785740">
    <ele>187.0</ele>
   </trkpt>
   <trkpt lat="45.7262770" lon="4.7786360">
    <ele>186.0</ele>
   </trkpt>
   <trkpt lat="45.7262860" lon="4.7787000">
    <ele>186.0</ele>
   </trkpt>
   <trkpt lat="45.7262950" lon="4.7787630">
    <ele>185.0</ele>
   </trkpt>
   <trkpt lat="45.7263020" lon="4.7788250">
    <ele>184.0</ele>
   </trkpt>
   <trkpt lat="45.7263090" lon="4.7788870">
    <ele>183.0</ele>
   </trkpt>
   <trkpt lat="45.7263160" lon="4.7789510">
    <ele>182.0</ele>
   </trkpt>
   <trkpt lat="45.7263230" lon="4.7790150">
    <ele>182.0</ele>
   </trkpt>
   <trkpt lat="45.7263280" lon="4.7790800">
    <ele>181.0</ele>
   </trkpt>
   <trkpt lat="45.7263340" lon="4.7791450">
    <ele>181.0</ele>
   </trkpt>
   <trkpt lat="45.7263390" lon="4.7792060">
    <ele>180.0</ele>
   </trkpt>
   <trkpt lat="45.7263450" lon="4.7792680">
    <ele>180.0</ele>
   </trkpt>
   <trkpt lat="45.7263510" lon="4.7793260">
    <ele>180.0</ele>
   </trkpt>
   <trkpt lat="45.7263570" lon="4.7793840">
    <ele>179.0</ele>
   </trkpt>
   <trkpt lat="45.7263600" lon="4.7794430">
    <ele>179.0</ele>
   </trkpt>
   <trkpt lat="45.7263640" lon="4.7795010">
    <ele>179.0</ele>
   </trkpt>
   <trkpt lat="45.7263640" lon="4.7795590">
    <ele>179.0</ele>
   </trkpt>
   <trkpt lat="45.7263650" lon="4.7796160">
    <ele>179.0</ele>
   </trkpt>
   <trkpt lat="45.7263660" lon="4.7796710">
    <ele>178.0</ele>
   </trkpt>
   <trkpt lat="45.7263680" lon="4.7797270">
    <ele>178.0</ele>
   </trkpt>
   <trkpt lat="45.7263720" lon="4.7797800">
    <ele>178.0</ele>
   </trkpt>
   <trkpt lat="45.7263770" lon="4.7798320">
    <ele>178.0</ele>
   </trkpt>
   <trkpt lat="45.7263850" lon="4.7798810">
    <ele>178.0</ele>
   </trkpt>
   <trkpt lat="45.7263930" lon="4.7799290">
    <ele>178.0</ele>
   </trkpt>
   <trkpt lat="45.7264010" lon="4.7799790">
    <ele>178.0</ele>
   </trkpt>
   <trkpt lat="45.7264090" lon="4.7800280">
    <ele>178.0</ele>
   </trkpt>
   <trkpt lat="45.7264160" lon="4.7800790">
    <ele>178.0</ele>
   </trkpt>
   <trkpt lat="45.7264230" lon="4.7801300">
    <ele>178.0</ele>
   </trkpt>
   <trkpt lat="45.7264210" lon="4.7801820">
    <ele>178.0</ele>
   </trkpt>
   <trkpt lat="45.7264190" lon="4.7802340">
    <ele>178.0</ele>
   </trkpt>
   <trkpt lat="45.7264110" lon="4.7802830">
    <ele>178.0</ele>
   </trkpt>
   <trkpt lat="45.7264030" lon="4.7803320">
    <ele>178.0</ele>
   </trkpt>
   <trkpt lat="45.7264070" lon="4.7803740">
    <ele>179.0</ele>
   </trkpt>
   <trkpt lat="45.7264100" lon="4.7804160">
    <ele>179.0</ele>
   </trkpt>
   <trkpt lat="45.7264250" lon="4.7804540">
    <ele>179.0</ele>
   </trkpt>
   <trkpt lat="45.7264390" lon="4.7804910">
    <ele>179.0</ele>
   </trkpt>
   <trkpt lat="45.7264540" lon="4.7805310">
    <ele>179.0</ele>
   </trkpt>
   <trkpt lat="45.7264700" lon="4.7805700">
    <ele>180.0</ele>
   </trkpt>
   <trkpt lat="45.7264810" lon="4.7806100">
    <ele>180.0</ele>
   </trkpt>
   <trkpt lat="45.7264920" lon="4.7806510">
    <ele>180.0</ele>
   </trkpt>
   <trkpt lat="45.7264990" lon="4.7806890">
    <ele>180.0</ele>
   </trkpt>
   <trkpt lat="45.7265060" lon="4.7807270">
    <ele>180.0</ele>
   </trkpt>
   <trkpt lat="45.7265150" lon="4.7807640">
    <ele>180.0</ele>
   </trkpt>
   <trkpt lat="45.7265230" lon="4.7808010">
    <ele>180.0</ele>
   </trkpt>
   <trkpt lat="45.7265340" lon="4.7808390">
    <ele>181.0</ele>
   </trkpt>
   <trkpt lat="45.7265440" lon="4.7808760">
    <ele>181.0</ele>
   </trkpt>
   <trkpt lat="45.7265520" lon="4.7809140">
    <ele>182.0</ele>
   </trkpt>
   <trkpt lat="45.7265600" lon="4.7809530">
    <ele>183.0</ele>
   </trkpt>
   <trkpt lat="45.7265670" lon="4.7809910">
    <ele>183.0</ele>
   </trkpt>
   <trkpt lat="45.7265740" lon="4.7810300">
    <ele>183.0</ele>
   </trkpt>
   <trkpt lat="45.7265790" lon="4.7810670">
    <ele>183.0</ele>
   </trkpt>
   <trkpt lat="45.7265850" lon="4.7811040">
    <ele>183.0</ele>
   </trkpt>
   <trkpt lat="45.7265880" lon="4.7811390">
    <ele>184.0</ele>
   </trkpt>
   <trkpt lat="45.7265920" lon="4.7811740">
    <ele>184.0</ele>
   </trkpt>
   <trkpt lat="45.7265870" lon="4.7812090">
    <ele>185.0</ele>
   </trkpt>
   <trkpt lat="45.7265820" lon="4.7812430">
    <ele>185.0</ele>
   </trkpt>
   <trkpt lat="45.7265730" lon="4.7812760">
    <ele>186.0</ele>
   </trkpt>
   <trkpt lat="45.7265640" lon="4.7813090">
    <ele>187.0</ele>
   </trkpt>
   <trkpt lat="45.7265500" lon="4.7813400">
    <ele>187.0</ele>
   </trkpt>
   <trkpt lat="45.7265360" lon="4.7813710">
    <ele>187.0</ele>
   </trkpt>
   <trkpt lat="45.7265190" lon="4.7813990">
    <ele>188.0</ele>
   </trkpt>
   <trkpt lat="45.7265020" lon="4.7814260">
    <ele>188.0</ele>
   </trkpt>
   <trkpt lat="45.7264820" lon="4.7814510">
    <ele>189.0</ele>
   </trkpt>
   <trkpt lat="45.7264630" lon="4.7814760">
    <ele>189.0</ele>
   </trkpt>
   <trkpt lat="45.7264460" lon="4.7814970">
    <ele>190.0</ele>
   </trkpt>
   <trkpt lat="45.7264290" lon="4.7815190">
    <ele>190.0</ele>
   </trkpt>
   <trkpt lat="45.7264150" lon="4.7815430">
    <ele>191.0</ele>
   </trkpt>
   <trkpt lat="45.7264010" lon="4.7815670">
    <ele>192.0</ele>
   </trkpt>
   <trkpt lat="45.7263900" lon="4.7815940">
    <ele>192.0</ele>
   </trkpt>
   <trkpt lat="45.7263780" lon="4.7816220">
    <ele>192.0</ele>
   </trkpt>
   <trkpt lat="45.7263700" lon="4.7816500">
    <ele>193.0</ele>
   </trkpt>
   <trkpt lat="45.7263620" lon="4.7816780">
    <ele>193.0</ele>
   </trkpt>
   <trkpt lat="45.7263580" lon="4.7817060">
    <ele>194.0</ele>
   </trkpt>
   <trkpt lat="45.7263550" lon="4.7817350">
    <ele>194.0</ele>
   </trkpt>
   <trkpt lat="45.7263540" lon="4.7817630">
    <ele>195.0</ele>
   </trkpt>
   <trkpt lat="45.7263530" lon="4.7817910">
    <ele>195.0</ele>
   </trkpt>
   <trkpt lat="45.7263520" lon="4.7818200">
    <ele>196.0</ele>
   </trkpt>
   <trkpt lat="45.7263520" lon="4.7818480">
    <ele>197.0</ele>
   </trkpt>
   <trkpt lat="45.7263520" lon="4.7818780">
    <ele>197.0</ele>
   </trkpt>
   <trkpt lat="45.7263510" lon="4.7819070">
    <ele>197.0</ele>
   </trkpt>
   <trkpt lat="45.7263500" lon="4.7819370">
    <ele>198.0</ele>
   </trkpt>
   <trkpt lat="45.7263500" lon="4.7819660">
    <ele>198.0</ele>
   </trkpt>
   <trkpt lat="45.7263470" lon="4.7819980">
    <ele>199.0</ele>
   </trkpt>
   <trkpt lat="45.7263450" lon="4.7820290">
    <ele>199.0</ele>
   </trkpt>
   <trkpt lat="45.7263420" lon="4.7820600">
    <ele>200.0</ele>
   </trkpt>
   <trkpt lat="45.7263400" lon="4.7820920">
    <ele>200.0</ele>
   </trkpt>
   <trkpt lat="45.7263360" lon="4.7821240">
    <ele>201.0</ele>
   </trkpt>
   <trkpt lat="45.7263320" lon="4.7821570">
    <ele>202.0</ele>
   </trkpt>
   <trkpt lat="45.7263270" lon="4.7821890">
    <ele>202.0</ele>
   </trkpt>
   <trkpt lat="45.7263230" lon="4.7822200">
    <ele>202.0</ele>
   </trkpt>
   <trkpt lat="45.7263190" lon="4.7822480">
    <ele>203.0</ele>
   </trkpt>
   <trkpt lat="45.7263160" lon="4.7822760">
    <ele>203.0</ele>
   </trkpt>
   <trkpt lat="45.7263210" lon="4.7823050">
    <ele>204.0</ele>
   </trkpt>
   <trkpt lat="45.7263260" lon="4.7823340">
    <ele>204.0</ele>
   </trkpt>
   <trkpt lat="45.7263330" lon="4.7823660">
    <ele>205.0</ele>
   </trkpt>
   <trkpt lat="45.7263410" lon="4.7823990">
    <ele>205.0</ele>
   </trkpt>
   <trkpt lat="45.7263490" lon="4.7824320">
    <ele>206.0</ele>
   </trkpt>
   <trkpt lat="45.7263570" lon="4.7824660">
    <ele>207.0</ele>
   </trkpt>
   <trkpt lat="45.7263640" lon="4.7824960">
    <ele>207.0</ele>
   </trkpt>
   <trkpt lat="45.7263720" lon="4.7825260">
    <ele>207.0</ele>
   </trkpt>
   <trkpt lat="45.7263780" lon="4.7825540">
    <ele>208.0</ele>
   </trkpt>
   <trkpt lat="45.7263840" lon="4.7825820">
    <ele>208.0</ele>
   </trkpt>
   <trkpt lat="45.7263910" lon="4.7826090">
    <ele>209.0</ele>
   </trkpt>
   <trkpt lat="45.7263980" lon="4.7826360">
    <ele>209.0</ele>
   </trkpt>
   <trkpt lat="45.7264090" lon="4.7826630">
    <ele>209.0</ele>
   </trkpt>
   <trkpt lat="45.7264190" lon="4.7826900">
    <ele>210.0</ele>
   </trkpt>
   <trkpt lat="45.7264290" lon="4.7827170">
    <ele>210.0</ele>
   </trkpt>
   <trkpt lat="45.7264400" lon="4.7827440">
    <ele>211.0</ele>
   </trkpt>
   <trkpt lat="45.7264490" lon="4.7827710">
    <ele>211.0</ele>
   </trkpt>
   <trkpt lat="45.7264580" lon="4.7827980">
    <ele>211.0</ele>
   </trkpt>
   <trkpt lat="45.7264670" lon="4.7828270">
    <ele>212.0</ele>
   </trkpt>
   <trkpt lat="45.7264750" lon="4.7828560">
    <ele>212.0</ele>
   </trkpt>
   <trkpt lat="45.7264820" lon="4.7828870">
    <ele>213.0</ele>
   </trkpt>
   <trkpt lat="45.7264880" lon="4.7829190">
    <ele>213.0</ele>
   </trkpt>
   <trkpt lat="45.7264940" lon="4.7829510">
    <ele>213.0</ele>
   </trkpt>
   <trkpt lat="45.7265000" lon="4.7829830">
    <ele>214.0</ele>
   </trkpt>
   <trkpt lat="45.7265070" lon="4.7830130">
    <ele>214.0</ele>
   </trkpt>
   <trkpt lat="45.7265130" lon="4.7830440">
    <ele>215.0</ele>
   </trkpt>
   <trkpt lat="45.7265210" lon="4.7830710">
    <ele>215.0</ele>
   </trkpt>
   <trkpt lat="45.7265290" lon="4.7830990">
    <ele>215.0</ele>
   </trkpt>
   <trkpt lat="45.7265360" lon="4.7831250">
    <ele>216.0</ele>
   </trkpt>
   <trkpt lat="45.7265430" lon="4.7831520">
    <ele>216.0</ele>
   </trkpt>
   <trkpt lat="45.7265510" lon="4.7831780">
    <ele>217.0</ele>
   </trkpt>
   <trkpt lat="45.7265580" lon="4.7832050">
    <ele>217.0</ele>
   </trkpt>
   <trkpt lat="45.7265660" lon="4.7832330">
    <ele>218.0</ele>
   </trkpt>
   <trkpt lat="45.7265740" lon="4.7832600">
    <ele>218.0</ele>
   </trkpt>
   <trkpt lat="45.7265840" lon="4.7832890">
    <ele>219.0</ele>
   </trkpt>
   <trkpt lat="45.7265950" lon="4.7833180">
    <ele>220.0</ele>
   </trkpt>
   <trkpt lat="45.7266080" lon="4.7833490">
    <ele>220.0</ele>
   </trkpt>
   <trkpt lat="45.7266210" lon="4.7833800">
    <ele>220.0</ele>
   </trkpt>
   <trkpt lat="45.7266340" lon="4.7834100">
    <ele>221.0</ele>
   </trkpt>
   <trkpt lat="45.7266460" lon="4.7834400">
    <ele>221.0</ele>
   </trkpt>
   <trkpt lat="45.7266580" lon="4.7834680">
    <ele>222.0</ele>
   </trkpt>
   <trkpt lat="45.7266690" lon="4.7834970">
    <ele>222.0</ele>
   </trkpt>
   <trkpt lat="45.7266790" lon="4.7835260">
    <ele>222.0</ele>
   </trkpt>
   <trkpt lat="45.7266890" lon="4.7835550">
    <ele>222.0</ele>
   </trkpt>
   <trkpt lat="45.7266980" lon="4.7835850">
    <ele>222.0</ele>
   </trkpt>
   <trkpt lat="45.7267080" lon="4.7836150">
    <ele>223.0</ele>
   </trkpt>
   <trkpt lat="45.7267170" lon="4.7836460">
    <ele>223.0</ele>
   </trkpt>
   <trkpt lat="45.7267270" lon="4.7836760">
    <ele>223.0</ele>
   </trkpt>
   <trkpt lat="45.7267360" lon="4.7837080">
    <ele>224.0</ele>
   </trkpt>
   <trkpt lat="45.7267450" lon="4.7837410">
    <ele>224.0</ele>
   </trkpt>
   <trkpt lat="45.7267520" lon="4.7837720">
    <ele>225.0</ele>
   </trkpt>
   <trkpt lat="45.7267590" lon="4.7838040">
    <ele>225.0</ele>
   </trkpt>
   <trkpt lat="45.7267650" lon="4.7838340">
    <ele>225.0</ele>
   </trkpt>
   <trkpt lat="45.7267710" lon="4.7838640">
    <ele>226.0</ele>
   </trkpt>
   <trkpt lat="45.7267770" lon="4.7838950">
    <ele>226.0</ele>
   </trkpt>
   <trkpt lat="45.7267830" lon="4.7839250">
    <ele>227.0</ele>
   </trkpt>
   <trkpt lat="45.7267880" lon="4.7839570">
    <ele>227.0</ele>
   </trkpt>
   <trkpt lat="45.7267930" lon="4.7839880">
    <ele>227.0</ele>
   </trkpt>
   <trkpt lat="45.7267980" lon="4.7840190">
    <ele>228.0</ele>
   </trkpt>
   <trkpt lat="45.7268040" lon="4.7840490">
    <ele>228.0</ele>
   </trkpt>
   <trkpt lat="45.7268110" lon="4.7840780">
    <ele>229.0</ele>
   </trkpt>
   <trkpt lat="45.7268180" lon="4.7841080">
    <ele>229.0</ele>
   </trkpt>
   <trkpt lat="45.7268250" lon="4.7841350">
    <ele>229.0</ele>
   </trkpt>
   <trkpt lat="45.7268320" lon="4.7841620">
    <ele>230.0</ele>
   </trkpt>
   <trkpt lat="45.7268380" lon="4.7841890">
    <ele>230.0</ele>
   </trkpt>
   <trkpt lat="45.7268450" lon="4.7842160">
    <ele>231.0</ele>
   </trkpt>
   <trkpt lat="45.7268500" lon="4.7842460">
    <ele>231.0</ele>
   </trkpt>
   <trkpt lat="45.7268560" lon="4.7842750">
    <ele>231.0</ele>
   </trkpt>
   <trkpt lat="45.7268590" lon="4.7843080">
    <ele>232.0</ele>
   </trkpt>
   <trkpt lat="45.7268620" lon="4.7843400">
    <ele>232.0</ele>
   </trkpt>
   <trkpt lat="45.7268630" lon="4.7843750">
    <ele>233.0</ele>
   </trkpt>
   <trkpt lat="45.7268630" lon="4.7844110">
    <ele>233.0</ele>
   </trkpt>
   <trkpt lat="45.7268650" lon="4.7844460">
    <ele>233.0</ele>
   </trkpt>
   <trkpt lat="45.7268670" lon="4.7844820">
    <ele>234.0</ele>
   </trkpt>
   <trkpt lat="45.7268710" lon="4.7845190">
    <ele>234.0</ele>
   </trkpt>
   <trkpt lat="45.7268750" lon="4.7845550">
    <ele>235.0</ele>
   </trkpt>
   <trkpt lat="45.7268780" lon="4.7845930">
    <ele>235.0</ele>
   </trkpt>
   <trkpt lat="45.7268810" lon="4.7846300">
    <ele>235.0</ele>
   </trkpt>
   <trkpt lat="45.7268850" lon="4.7846680">
    <ele>236.0</ele>
   </trkpt>
   <trkpt lat="45.7268900" lon="4.7847050">
    <ele>236.0</ele>
   </trkpt>
   <trkpt lat="45.7268970" lon="4.7847430">
    <ele>237.0</ele>
   </trkpt>
   <trkpt lat="45.7269050" lon="4.7847820">
    <ele>237.0</ele>
   </trkpt>
   <trkpt lat="45.7269150" lon="4.7848200">
    <ele>237.0</ele>
   </trkpt>
   <trkpt lat="45.7269250" lon="4.7848590">
    <ele>238.0</ele>
   </trkpt>
   <trkpt lat="45.7269370" lon="4.7848990">
    <ele>238.0</ele>
   </trkpt>
   <trkpt lat="45.7269490" lon="4.7849390">
    <ele>239.0</ele>
   </trkpt>
   <trkpt lat="45.7269620" lon="4.7849790">
    <ele>239.0</ele>
   </trkpt>
   <trkpt lat="45.7269750" lon="4.7850180">
    <ele>239.0</ele>
   </trkpt>
   <trkpt lat="45.7269890" lon="4.7850570">
    <ele>239.0</ele>
   </trkpt>
   <trkpt lat="45.7270020" lon="4.7850950">
    <ele>239.0</ele>
   </trkpt>
   <trkpt lat="45.7270140" lon="4.7851340">
    <ele>240.0</ele>
   </trkpt>
   <trkpt lat="45.7270260" lon="4.7851720">
    <ele>240.0</ele>
   </trkpt>
   <trkpt lat="45.7270340" lon="4.7852100">
    <ele>240.0</ele>
   </trkpt>
   <trkpt lat="45.7270420" lon="4.7852480">
    <ele>241.0</ele>
   </trkpt>
   <trkpt lat="45.7270480" lon="4.7852880">
    <ele>241.0</ele>
   </trkpt>
   <trkpt lat="45.7270540" lon="4.7853280">
    <ele>242.0</ele>
   </trkpt>
   <trkpt lat="45.7270580" lon="4.7853680">
    <ele>242.0</ele>
   </trkpt>
   <trkpt lat="45.7270610" lon="4.7854080">
    <ele>242.0</ele>
   </trkpt>
   <trkpt lat="45.7270620" lon="4.7854480">
    <ele>243.0</ele>
   </trkpt>
   <trkpt lat="45.7270630" lon="4.7854880">
    <ele>243.0</ele>
   </trkpt>
   <trkpt lat="45.7270640" lon="4.7855260">
    <ele>244.0</ele>
   </trkpt>
   <trkpt lat="45.7270640" lon="4.7855640">
    <ele>244.0</ele>
   </trkpt>
   <trkpt lat="45.7270670" lon="4.7856020">
    <ele>244.0</ele>
   </trkpt>
   <trkpt lat="45.7270700" lon="4.7856400">
    <ele>245.0</ele>
   </trkpt>
   <trkpt lat="45.7270740" lon="4.7856780">
    <ele>245.0</ele>
   </trkpt>
   <trkpt lat="45.7270780" lon="4.7857170">
    <ele>246.0</ele>
   </trkpt>
   <trkpt lat="45.7270830" lon="4.7857550">
    <ele>246.0</ele>
   </trkpt>
   <trkpt lat="45.7270880" lon="4.7857930">
    <ele>246.0</ele>
   </trkpt>
   <trkpt lat="45.7270930" lon="4.7858300">
    <ele>246.0</ele>
   </trkpt>
   <trkpt lat="45.7270990" lon="4.7858680">
    <ele>246.0</ele>
   </trkpt>
   <trkpt lat="45.7271020" lon="4.7859060">
    <ele>247.0</ele>
   </trkpt>
   <trkpt lat="45.7271050" lon="4.7859450">
    <ele>247.0</ele>
   </trkpt>
   <trkpt lat="45.7271060" lon="4.7859830">
    <ele>247.0</ele>
   </trkpt>
   <trkpt lat="45.7271070" lon="4.7860220">
    <ele>248.0</ele>
   </trkpt>
   <trkpt lat="45.7271070" lon="4.7860600">
    <ele>248.0</ele>
   </trkpt>
   <trkpt lat="45.7271070" lon="4.7860970">
    <ele>249.0</ele>
   </trkpt>
   <trkpt lat="45.7271070" lon="4.7861340">
    <ele>249.0</ele>
   </trkpt>
   <trkpt lat="45.7271080" lon="4.7861720">
    <ele>249.0</ele>
   </trkpt>
   <trkpt lat="45.7271090" lon="4.7862100">
    <ele>249.0</ele>
   </trkpt>
   <trkpt lat="45.7271090" lon="4.7862470">
    <ele>249.0</ele>
   </trkpt>
   <trkpt lat="45.7271080" lon="4.7862860">
    <ele>250.0</ele>
   </trkpt>
   <trkpt lat="45.7271070" lon="4.7863250">
    <ele>250.0</ele>
   </trkpt>
   <trkpt lat="45.7271020" lon="4.7863630">
    <ele>251.0</ele>
   </trkpt>
   <trkpt lat="45.7270970" lon="4.7864000">
    <ele>251.0</ele>
   </trkpt>
   <trkpt lat="45.7270850" lon="4.7864330">
    <ele>252.0</ele>
   </trkpt>
   <trkpt lat="45.7270740" lon="4.7864670">
    <ele>253.0</ele>
   </trkpt>
   <trkpt lat="45.7270510" lon="4.7864950">
    <ele>253.0</ele>
   </trkpt>
   <trkpt lat="45.7270290" lon="4.7865240">
    <ele>253.0</ele>
   </trkpt>
   <trkpt lat="45.7269970" lon="4.7865460">
    <ele>253.0</ele>
   </trkpt>
   <trkpt lat="45.7269650" lon="4.7865680">
    <ele>253.0</ele>
   </trkpt>
   <trkpt lat="45.7269300" lon="4.7865850">
    <ele>254.0</ele>
   </trkpt>
   <trkpt lat="45.7268950" lon="4.7866010">
    <ele>254.0</ele>
   </trkpt>
   <trkpt lat="45.7268590" lon="4.7866160">
    <ele>254.0</ele>
   </trkpt>
   <trkpt lat="45.7268240" lon="4.7866320">
    <ele>255.0</ele>
   </trkpt>
   <trkpt lat="45.7267880" lon="4.7866470">
    <ele>255.0</ele>
   </trkpt>
   <trkpt lat="45.7267520" lon="4.7866620">
    <ele>256.0</ele>
   </trkpt>
   <trkpt lat="45.7267150" lon="4.7866760">
    <ele>256.0</ele>
   </trkpt>
   <trkpt lat="45.7266790" lon="4.7866910">
    <ele>256.0</ele>
   </trkpt>
   <trkpt lat="45.7266430" lon="4.7867060">
    <ele>256.0</ele>
   </trkpt>
   <trkpt lat="45.7266070" lon="4.7867200">
    <ele>256.0</ele>
   </trkpt>
   <trkpt lat="45.7265710" lon="4.7867380">
    <ele>256.0</ele>
   </trkpt>
   <trkpt lat="45.7265360" lon="4.7867560">
    <ele>256.0</ele>
   </trkpt>
   <trkpt lat="45.7265020" lon="4.7867780">
    <ele>256.0</ele>
   </trkpt>
   <trkpt lat="45.7264680" lon="4.7868000">
    <ele>256.0</ele>
   </trkpt>
   <trkpt lat="45.7264370" lon="4.7868270">
    <ele>256.0</ele>
   </trkpt>
   <trkpt lat="45.7264070" lon="4.7868540">
    <ele>256.0</ele>
   </trkpt>
   <trkpt lat="45.7263810" lon="4.7868850">
    <ele>256.0</ele>
   </trkpt>
   <trkpt lat="45.7263540" lon="4.7869160">
    <ele>256.0</ele>
   </trkpt>
   <trkpt lat="45.7263320" lon="4.7869510">
    <ele>256.0</ele>
   </trkpt>
   <trkpt lat="45.7263090" lon="4.7869860">
    <ele>256.0</ele>
   </trkpt>
   <trkpt lat="45.7262900" lon="4.7870240">
    <ele>257.0</ele>
   </trkpt>
   <trkpt lat="45.7262700" lon="4.7870620">
    <ele>257.0</ele>
   </trkpt>
   <trkpt lat="45.7262540" lon="4.7871000">
    <ele>257.0</ele>
   </trkpt>
   <trkpt lat="45.7262370" lon="4.7871370">
    <ele>258.0</ele>
   </trkpt>
   <trkpt lat="45.7262240" lon="4.7871740">
    <ele>258.0</ele>
   </trkpt>
   <trkpt lat="45.7262110" lon="4.7872100">
    <ele>259.0</ele>
   </trkpt>
   <trkpt lat="45.7262020" lon="4.7872480">
    <ele>259.0</ele>
   </trkpt>
   <trkpt lat="45.7261930" lon="4.7872860">
    <ele>259.0</ele>
   </trkpt>
   <trkpt lat="45.7261850" lon="4.7873240">
    <ele>259.0</ele>
   </trkpt>
   <trkpt lat="45.7261780" lon="4.7873620">
    <ele>259.0</ele>
   </trkpt>
   <trkpt lat="45.7261730" lon="4.7874000">
    <ele>260.0</ele>
   </trkpt>
   <trkpt lat="45.7261680" lon="4.7874370">
    <ele>260.0</ele>
   </trkpt>
   <trkpt lat="45.7261640" lon="4.7874750">
    <ele>260.0</ele>
   </trkpt>
   <trkpt lat="45.7261600" lon="4.7875130">
    <ele>261.0</ele>
   </trkpt>
   <trkpt lat="45.7261560" lon="4.7875480">
    <ele>261.0</ele>
   </trkpt>
   <trkpt lat="45.7261530" lon="4.7875840">
    <ele>262.0</ele>
   </trkpt>
   <trkpt lat="45.7261540" lon="4.7876180">
    <ele>262.0</ele>
   </trkpt>
   <trkpt lat="45.7261540" lon="4.7876510">
    <ele>262.0</ele>
   </trkpt>
   <trkpt lat="45.7261610" lon="4.7876830">
    <ele>263.0</ele>
   </trkpt>
   <trkpt lat="45.7261680" lon="4.7877140">
    <ele>263.0</ele>
   </trkpt>
   <trkpt lat="45.7261780" lon="4.7877460">
    <ele>264.0</ele>
   </trkpt>
   <trkpt lat="45.7261880" lon="4.7877780">
    <ele>264.0</ele>
   </trkpt>
   <trkpt lat="45.7262000" lon="4.7878090">
    <ele>264.0</ele>
   </trkpt>
   <trkpt lat="45.7262120" lon="4.7878400">
    <ele>265.0</ele>
   </trkpt>
   <trkpt lat="45.7262250" lon="4.7878720">
    <ele>265.0</ele>
   </trkpt>
   <trkpt lat="45.7262380" lon="4.7879040">
    <ele>266.0</ele>
   </trkpt>
   <trkpt lat="45.7262520" lon="4.7879370">
    <ele>266.0</ele>
   </trkpt>
   <trkpt lat="45.7262650" lon="4.7879700">
    <ele>266.0</ele>
   </trkpt>
   <trkpt lat="45.7262770" lon="4.7880020">
    <ele>267.0</ele>
   </trkpt>
   <trkpt lat="45.7262890" lon="4.7880350">
    <ele>267.0</ele>
   </trkpt>
   <trkpt lat="45.7263000" lon="4.7880660">
    <ele>268.0</ele>
   </trkpt>
   <trkpt lat="45.7263120" lon="4.7880970">
    <ele>268.0</ele>
   </trkpt>
   <trkpt lat="45.7263200" lon="4.7881290">
    <ele>269.0</ele>
   </trkpt>
   <trkpt lat="45.7263290" lon="4.7881610">
    <ele>269.0</ele>
   </trkpt>
   <trkpt lat="45.7263350" lon="4.7881950">
    <ele>270.0</ele>
   </trkpt>
   <trkpt lat="45.7263410" lon="4.7882290">
    <ele>271.0</ele>
   </trkpt>
   <trkpt lat="45.7263470" lon="4.7882650">
    <ele>271.0</ele>
   </trkpt>
   <trkpt lat="45.7263530" lon="4.7883010">
    <ele>271.0</ele>
   </trkpt>
   <trkpt lat="45.7263600" lon="4.7883370">
    <ele>271.0</ele>
   </trkpt>
   <trkpt lat="45.7263680" lon="4.7883730">
    <ele>271.0</ele>
   </trkpt>
   <trkpt lat="45.7263750" lon="4.7884090">
    <ele>272.0</ele>
   </trkpt>
   <trkpt lat="45.7263810" lon="4.7884440">
    <ele>272.0</ele>
   </trkpt>
   <trkpt lat="45.7263880" lon="4.7884790">
    <ele>273.0</ele>
   </trkpt>
   <trkpt lat="45.7263950" lon="4.7885140">
    <ele>273.0</ele>
   </trkpt>
   <trkpt lat="45.7264040" lon="4.7885490">
    <ele>274.0</ele>
   </trkpt>
   <trkpt lat="45.7264130" lon="4.7885840">
    <ele>275.0</ele>
   </trkpt>
   <trkpt lat="45.7264250" lon="4.7886190">
    <ele>275.0</ele>
   </trkpt>
   <trkpt lat="45.7264370" lon="4.7886540">
    <ele>275.0</ele>
   </trkpt>
   <trkpt lat="45.7264500" lon="4.7886910">
    <ele>275.0</ele>
   </trkpt>
   <trkpt lat="45.7264630" lon="4.7887270">
    <ele>275.0</ele>
   </trkpt>
   <trkpt lat="45.7264790" lon="4.7887630">
    <ele>276.0</ele>
   </trkpt>
   <trkpt lat="45.7264940" lon="4.7887980">
    <ele>276.0</ele>
   </trkpt>
   <trkpt lat="45.7265130" lon="4.7888320">
    <ele>276.0</ele>
   </trkpt>
   <trkpt lat="45.7265310" lon="4.7888660">
    <ele>277.0</ele>
   </trkpt>
   <trkpt lat="45.7265540" lon="4.7888990">
    <ele>277.0</ele>
   </trkpt>
   <trkpt lat="45.7265760" lon="4.7889320">
    <ele>278.0</ele>
   </trkpt>
   <trkpt lat="45.7265970" lon="4.7889670">
    <ele>278.0</ele>
   </trkpt>
   <trkpt lat="45.7266180" lon="4.7890020">
    <ele>278.0</ele>
   </trkpt>
   <trkpt lat="45.7266370" lon="4.7890370">
    <ele>278.0</ele>
   </trkpt>
   <trkpt lat="45.7266570" lon="4.7890710">
    <ele>278.0</ele>
   </trkpt>
   <trkpt lat="45.7266770" lon="4.7891040">
    <ele>279.0</ele>
   </trkpt>
   <trkpt lat="45.7266970" lon="4.7891360">
    <ele>279.0</ele>
   </trkpt>
   <trkpt lat="45.7267200" lon="4.7891670">
    <ele>279.0</ele>
   </trkpt>
   <trkpt lat="45.7267430" lon="4.7891980">
    <ele>280.0</ele>
   </trkpt>
   <trkpt lat="45.7267650" lon="4.7892260">
    <ele>280.0</ele>
   </trkpt>
   <trkpt lat="45.7267870" lon="4.7892540">
    <ele>281.0</ele>
   </trkpt>
   <trkpt lat="45.7268130" lon="4.7892810">
    <ele>281.0</ele>
   </trkpt>
   <trkpt lat="45.7268380" lon="4.7893090">
    <ele>281.0</ele>
   </trkpt>
   <trkpt lat="45.7268690" lon="4.7893330">
    <ele>281.0</ele>
   </trkpt>
   <trkpt lat="45.7268990" lon="4.7893580">
    <ele>281.0</ele>
   </trkpt>
   <trkpt lat="45.7269320" lon="4.7893800">
    <ele>281.0</ele>
   </trkpt>
   <trkpt lat="45.7269660" lon="4.7894020">
    <ele>281.0</ele>
   </trkpt>
   <trkpt lat="45.7269990" lon="4.7894270">
    <ele>281.0</ele>
   </trkpt>
   <trkpt lat="45.7270320" lon="4.7894510">
    <ele>281.0</ele>
   </trkpt>
   <trkpt lat="45.7270650" lon="4.7894790">
    <ele>281.0</ele>
   </trkpt>
   <trkpt lat="45.7270970" lon="4.7895070">
    <ele>282.0</ele>
   </trkpt>
   <trkpt lat="45.7271300" lon="4.7895340">
    <ele>282.0</ele>
   </trkpt>
   <trkpt lat="45.7271630" lon="4.7895610">
    <ele>282.0</ele>
   </trkpt>
   <trkpt lat="45.7271950" lon="4.7895910">
    <ele>282.0</ele>
   </trkpt>
   <trkpt lat="45.7272270" lon="4.7896200">
    <ele>282.0</ele>
   </trkpt>
   <trkpt lat="45.7272600" lon="4.7896510">
    <ele>282.0</ele>
   </trkpt>
   <trkpt lat="45.7272920" lon="4.7896810">
    <ele>282.0</ele>
   </trkpt>
   <trkpt lat="45.7273250" lon="4.7897130">
    <ele>282.0</ele>
   </trkpt>
   <trkpt lat="45.7273590" lon="4.7897450">
    <ele>282.0</ele>
   </trkpt>
   <trkpt lat="45.7273910" lon="4.7897780">
    <ele>282.0</ele>
   </trkpt>
   <trkpt lat="45.7274240" lon="4.7898110">
    <ele>283.0</ele>
   </trkpt>
   <trkpt lat="45.7274560" lon="4.7898450">
    <ele>283.0</ele>
   </trkpt>
   <trkpt lat="45.7274890" lon="4.7898790">
    <ele>283.0</ele>
   </trkpt>
   <trkpt lat="45.7275150" lon="4.7899180">
    <ele>283.0</ele>
   </trkpt>
   <trkpt lat="45.7275410" lon="4.7899580">
    <ele>283.0</ele>
   </trkpt>
   <trkpt lat="45.7275500" lon="4.7900040">
    <ele>283.0</ele>
   </trkpt>
   <trkpt lat="45.7275580" lon="4.7900510">
    <ele>282.0</ele>
   </trkpt>
   <trkpt lat="45.7275420" lon="4.7900990">
    <ele>282.0</ele>
   </trkpt>
   <trkpt lat="45.7275260" lon="4.7901480">
    <ele>282.0</ele>
   </trkpt>
   <trkpt lat="45.7274930" lon="4.7901940">
    <ele>282.0</ele>
   </trkpt>
   <trkpt lat="45.7274600" lon="4.7902390">
    <ele>282.0</ele>
   </trkpt>
   <trkpt lat="45.7274210" lon="4.7902810">
    <ele>282.0</ele>
   </trkpt>
   <trkpt lat="45.7273830" lon="4.7903230">
    <ele>282.0</ele>
   </trkpt>
   <trkpt lat="45.7273470" lon="4.7903620">
    <ele>282.0</ele>
   </trkpt>
   <trkpt lat="45.7273110" lon="4.7904020">
    <ele>282.0</ele>
   </trkpt>
   <trkpt lat="45.7272790" lon="4.7904400">
    <ele>282.0</ele>
   </trkpt>
   <trkpt lat="45.7272460" lon="4.7904780">
    <ele>281.0</ele>
   </trkpt>
   <trkpt lat="45.7272140" lon="4.7905150">
    <ele>281.0</ele>
   </trkpt>
   <trkpt lat="45.7271820" lon="4.7905520">
    <ele>281.0</ele>
   </trkpt>
   <trkpt lat="45.7271520" lon="4.7905890">
    <ele>281.0</ele>
   </trkpt>
   <trkpt lat="45.7271220" lon="4.7906260">
    <ele>281.0</ele>
   </trkpt>
   <trkpt lat="45.7270930" lon="4.7906660">
    <ele>280.0</ele>
   </trkpt>
   <trkpt lat="45.7270640" lon="4.7907070">
    <ele>280.0</ele>
   </trkpt>
   <trkpt lat="45.7270370" lon="4.7907480">
    <ele>279.0</ele>
   </trkpt>
   <trkpt lat="45.7270090" lon="4.7907900">
    <ele>279.0</ele>
   </trkpt>
   <trkpt lat="45.7269820" lon="4.7908310">
    <ele>279.0</ele>
   </trkpt>
   <trkpt lat="45.7269550" lon="4.7908720">
    <ele>278.0</ele>
   </trkpt>
   <trkpt lat="45.7269260" lon="4.7909080">
    <ele>277.0</ele>
   </trkpt>
   <trkpt lat="45.7268970" lon="4.7909450">
    <ele>277.0</ele>
   </trkpt>
   <trkpt lat="45.7268670" lon="4.7909600">
    <ele>276.0</ele>
   </trkpt>
   <trkpt lat="45.7268370" lon="4.7909760">
    <ele>276.0</ele>
   </trkpt>
   <trkpt lat="45.7268090" lon="4.7909790">
    <ele>275.0</ele>
   </trkpt>
   <trkpt lat="45.7267810" lon="4.7909810">
    <ele>274.0</ele>
   </trkpt>
   <trkpt lat="45.7267520" lon="4.7909760">
    <ele>274.0</ele>
   </trkpt>
   <trkpt lat="45.7267240" lon="4.7909700">
    <ele>273.0</ele>
   </trkpt>
   <trkpt lat="45.7266920" lon="4.7909570">
    <ele>273.0</ele>
   </trkpt>
   <trkpt lat="45.7266600" lon="4.7909440">
    <ele>272.0</ele>
   </trkpt>
   <trkpt lat="45.7266270" lon="4.7909280">
    <ele>271.0</ele>
   </trkpt>
   <trkpt lat="45.7265930" lon="4.7909130">
    <ele>271.0</ele>
   </trkpt>
   <trkpt lat="45.7265580" lon="4.7909020">
    <ele>270.0</ele>
   </trkpt>
   <trkpt lat="45.7265220" lon="4.7908910">
    <ele>270.0</ele>
   </trkpt>
   <trkpt lat="45.7264870" lon="4.7908860">
    <ele>269.0</ele>
   </trkpt>
   <trkpt lat="45.7264520" lon="4.7908820">
    <ele>268.0</ele>
   </trkpt>
   <trkpt lat="45.7264180" lon="4.7908800">
    <ele>268.0</ele>
   </trkpt>
   <trkpt lat="45.7263850" lon="4.7908770">
    <ele>267.0</ele>
   </trkpt>
   <trkpt lat="45.7263550" lon="4.7908640">
    <ele>267.0</ele>
   </trkpt>
   <trkpt lat="45.7263250" lon="4.7908500">
    <ele>265.0</ele>
   </trkpt>
   <trkpt lat="45.7262980" lon="4.7908350">
    <ele>264.0</ele>
   </trkpt>
   <trkpt lat="45.7262700" lon="4.7908200">
    <ele>263.0</ele>
   </trkpt>
   <trkpt lat="45.7262450" lon="4.7908170">
    <ele>262.0</ele>
   </trkpt>
   <trkpt lat="45.7262200" lon="4.7908140">
    <ele>261.0</ele>
   </trkpt>
   <trkpt lat="45.7261980" lon="4.7908300">
    <ele>260.0</ele>
   </trkpt>
   <trkpt lat="45.7261760" lon="4.7908460">
    <ele>259.0</ele>
   </trkpt>
   <trkpt lat="45.7261530" lon="4.7908730">
    <ele>258.0</ele>
   </trkpt>
   <trkpt lat="45.7261300" lon="4.7909000">
    <ele>257.0</ele>
   </trkpt>
   <trkpt lat="45.7261120" lon="4.7909370">
    <ele>257.0</ele>
   </trkpt>
   <trkpt lat="45.7260930" lon="4.7909740">
    <ele>255.0</ele>
   </trkpt>
   <trkpt lat="45.7260840" lon="4.7910220">
    <ele>254.0</ele>
   </trkpt>
   <trkpt lat="45.7260750" lon="4.7910700">
    <ele>253.0</ele>
   </trkpt>
   <trkpt lat="45.7260700" lon="4.7911270">
    <ele>252.0</ele>
   </trkpt>
   <trkpt lat="45.7260660" lon="4.7911850">
    <ele>251.0</ele>
   </trkpt>
   <trkpt lat="45.7260680" lon="4.7912450">
    <ele>250.0</ele>
   </trkpt>
   <trkpt lat="45.7260700" lon="4.7913050">
    <ele>250.0</ele>
   </trkpt>
   <trkpt lat="45.7260780" lon="4.7913600">
    <ele>249.0</ele>
   </trkpt>
   <trkpt lat="45.7260850" lon="4.7914160">
    <ele>249.0</ele>
   </trkpt>
   <trkpt lat="45.7260940" lon="4.7914640">
    <ele>249.0</ele>
   </trkpt>
   <trkpt lat="45.7261020" lon="4.7915130">
    <ele>248.0</ele>
   </trkpt>
   <trkpt lat="45.7261100" lon="4.7915600">
    <ele>247.0</ele>
   </trkpt>
   <trkpt lat="45.7261180" lon="4.7916070">
    <ele>246.0</ele>
   </trkpt>
   <trkpt lat="45.7261240" lon="4.7916540">
    <ele>245.0</ele>
   </trkpt>
   <trkpt lat="45.7261310" lon="4.7917010">
    <ele>245.0</ele>
   </trkpt>
   <trkpt lat="45.7261300" lon="4.7917470">
    <ele>244.0</ele>
   </trkpt>
   <trkpt lat="45.7261280" lon="4.7917940">
    <ele>244.0</ele>
   </trkpt>
   <trkpt lat="45.7261180" lon="4.7918420">
    <ele>244.0</ele>
   </trkpt>
   <trkpt lat="45.7261080" lon="4.7918900">
    <ele>244.0</ele>
   </trkpt>
   <trkpt lat="45.7260910" lon="4.7919390">
    <ele>244.0</ele>
   </trkpt>
   <trkpt lat="45.7260740" lon="4.7919880">
    <ele>243.0</ele>
   </trkpt>
   <trkpt lat="45.7260540" lon="4.7920410">
    <ele>243.0</ele>
   </trkpt>
   <trkpt lat="45.7260330" lon="4.7920930">
    <ele>242.0</ele>
   </trkpt>
   <trkpt lat="45.7260090" lon="4.7921490">
    <ele>242.0</ele>
   </trkpt>
   <trkpt lat="45.7259860" lon="4.7922050">
    <ele>242.0</ele>
   </trkpt>
   <trkpt lat="45.7259620" lon="4.7922640">
    <ele>241.0</ele>
   </trkpt>
   <trkpt lat="45.7259380" lon="4.7923230">
    <ele>241.0</ele>
   </trkpt>
   <trkpt lat="45.7259200" lon="4.7923820">
    <ele>241.0</ele>
   </trkpt>
   <trkpt lat="45.7259020" lon="4.7924400">
    <ele>241.0</ele>
   </trkpt>
   <trkpt lat="45.7258920" lon="4.7925010">
    <ele>241.0</ele>
   </trkpt>
   <trkpt lat="45.7258830" lon="4.7925610">
    <ele>240.0</ele>
   </trkpt>
   <trkpt lat="45.7258850" lon="4.7926220">
    <ele>240.0</ele>
   </trkpt>
   <trkpt lat="45.7258870" lon="4.7926840">
    <ele>239.0</ele>
   </trkpt>
   <trkpt lat="45.7258970" lon="4.7927460">
    <ele>239.0</ele>
   </trkpt>
   <trkpt lat="45.7259080" lon="4.7928080">
    <ele>239.0</ele>
   </trkpt>
   <trkpt lat="45.7259160" lon="4.7928660">
    <ele>238.0</ele>
   </trkpt>
   <trkpt lat="45.7259250" lon="4.7929250">
    <ele>238.0</ele>
   </trkpt>
   <trkpt lat="45.7259190" lon="4.7929610">
    <ele>237.0</ele>
   </trkpt>
   <trkpt lat="45.7259130" lon="4.7929980">
    <ele>237.0</ele>
   </trkpt>
   <trkpt lat="45.7258920" lon="4.7929920">
    <ele>237.0</ele>
   </trkpt>
   <trkpt lat="45.7258720" lon="4.7929860">
    <ele>236.0</ele>
   </trkpt>
   <trkpt lat="45.7258420" lon="4.7929490">
    <ele>236.0</ele>
   </trkpt>
   <trkpt lat="45.7258130" lon="4.7929110">
    <ele>235.0</ele>
   </trkpt>
   <trkpt lat="45.7257830" lon="4.7928590">
    <ele>235.0</ele>
   </trkpt>
   <trkpt lat="45.7257520" lon="4.7928080">
    <ele>235.0</ele>
   </trkpt>
   <trkpt lat="45.7257280" lon="4.7927460">
    <ele>234.0</ele>
   </trkpt>
   <trkpt lat="45.7257040" lon="4.7926840">
    <ele>234.0</ele>
   </trkpt>
   <trkpt lat="45.7256910" lon="4.7926150">
    <ele>234.0</ele>
   </trkpt>
   <trkpt lat="45.7256790" lon="4.7925470">
    <ele>234.0</ele>
   </trkpt>
   <trkpt lat="45.7256810" lon="4.7924760">
    <ele>234.0</ele>
   </trkpt>
   <trkpt lat="45.7256840" lon="4.7924060">
    <ele>233.0</ele>
   </trkpt>
   <trkpt lat="45.7256980" lon="4.7923370">
    <ele>233.0</ele>
   </trkpt>
   <trkpt lat="45.7257110" lon="4.7922690">
    <ele>233.0</ele>
   </trkpt>
   <trkpt lat="45.7257300" lon="4.7922080">
    <ele>233.0</ele>
   </trkpt>
   <trkpt lat="45.7257490" lon="4.7921460">
    <ele>233.0</ele>
   </trkpt>
   <trkpt lat="45.7257680" lon="4.7920890">
    <ele>232.0</ele>
   </trkpt>
   <trkpt lat="45.7257860" lon="4.7920320">
    <ele>232.0</ele>
   </trkpt>
   <trkpt lat="45.7258000" lon="4.7919760">
    <ele>231.0</ele>
   </trkpt>
   <trkpt lat="45.7258140" lon="4.7919190">
    <ele>231.0</ele>
   </trkpt>
   <trkpt lat="45.7258230" lon="4.7918600">
    <ele>231.0</ele>
   </trkpt>
   <trkpt lat="45.7258330" lon="4.7918010">
    <ele>230.0</ele>
   </trkpt>
   <trkpt lat="45.7258340" lon="4.7917430">
    <ele>229.0</ele>
   </trkpt>
   <trkpt lat="45.7258350" lon="4.7916860">
    <ele>229.0</ele>
   </trkpt>
   <trkpt lat="45.7258260" lon="4.7916320">
    <ele>228.0</ele>
   </trkpt>
   <trkpt lat="45.7258160" lon="4.7915790">
    <ele>228.0</ele>
   </trkpt>
   <trkpt lat="45.7258020" lon="4.7915270">
    <ele>227.0</ele>
   </trkpt>
   <trkpt lat="45.7257880" lon="4.7914760">
    <ele>227.0</ele>
   </trkpt>
   <trkpt lat="45.7257710" lon="4.7914280">
    <ele>227.0</ele>
   </trkpt>
   <trkpt lat="45.7257530" lon="4.7913810">
    <ele>227.0</ele>
   </trkpt>
   <trkpt lat="45.7257340" lon="4.7913450">
    <ele>227.0</ele>
   </trkpt>
   <trkpt lat="45.7257150" lon="4.7913080">
    <ele>226.0</ele>
   </trkpt>
   <trkpt lat="45.7257010" lon="4.7912830">
    <ele>226.0</ele>
   </trkpt>
   <trkpt lat="45.7256870" lon="4.7912580">
    <ele>225.0</ele>
   </trkpt>
   <trkpt lat="45.7256730" lon="4.7912450">
    <ele>225.0</ele>
   </trkpt>
   <trkpt lat="45.7256600" lon="4.7912320">
    <ele>225.0</ele>
   </trkpt>
   <trkpt lat="45.7256480" lon="4.7912380">
    <ele>224.0</ele>
   </trkpt>
   <trkpt lat="45.7256370" lon="4.7912450">
    <ele>224.0</ele>
   </trkpt>
   <trkpt lat="45.7256390" lon="4.7912780">
    <ele>224.0</ele>
   </trkpt>
   <trkpt lat="45.7256410" lon="4.7913120">
    <ele>224.0</ele>
   </trkpt>
   <trkpt lat="45.7256540" lon="4.7913690">
    <ele>224.0</ele>
   </trkpt>
   <trkpt lat="45.7256660" lon="4.7914260">
    <ele>223.0</ele>
   </trkpt>
   <trkpt lat="45.7256760" lon="4.7914960">
    <ele>223.0</ele>
   </trkpt>
   <trkpt lat="45.7256850" lon="4.7915660">
    <ele>222.0</ele>
   </trkpt>
   <trkpt lat="45.7256840" lon="4.7916370">
    <ele>222.0</ele>
   </trkpt>
   <trkpt lat="45.7256820" lon="4.7917090">
    <ele>222.0</ele>
   </trkpt>
   <trkpt lat="45.7256710" lon="4.7917770">
    <ele>221.0</ele>
   </trkpt>
   <trkpt lat="45.7256610" lon="4.7918450">
    <ele>221.0</ele>
   </trkpt>
   <trkpt lat="45.7256410" lon="4.7919060">
    <ele>221.0</ele>
   </trkpt>
   <trkpt lat="45.7256220" lon="4.7919680">
    <ele>221.0</ele>
   </trkpt>
   <trkpt lat="45.7256020" lon="4.7920250">
    <ele>221.0</ele>
   </trkpt>
   <trkpt lat="45.7255820" lon="4.7920830">
    <ele>220.0</ele>
   </trkpt>
   <trkpt lat="45.7255670" lon="4.7921410">
    <ele>220.0</ele>
   </trkpt>
   <trkpt lat="45.7255510" lon="4.7922000">
    <ele>220.0</ele>
   </trkpt>
   <trkpt lat="45.7255390" lon="4.7922610">
    <ele>220.0</ele>
   </trkpt>
   <trkpt lat="45.7255280" lon="4.7923210">
    <ele>220.0</ele>
   </trkpt>
   <trkpt lat="45.7255200" lon="4.7923820">
    <ele>220.0</ele>
   </trkpt>
   <trkpt lat="45.7255130" lon="4.7924440">
    <ele>220.0</ele>
   </trkpt>
   <trkpt lat="45.7255080" lon="4.7925030">
    <ele>220.0</ele>
   </trkpt>
   <trkpt lat="45.7255040" lon="4.7925630">
    <ele>220.0</ele>
   </trkpt>
   <trkpt lat="45.7255000" lon="4.7926200">
    <ele>220.0</ele>
   </trkpt>
   <trkpt lat="45.7254960" lon="4.7926770">
    <ele>220.0</ele>
   </trkpt>
   <trkpt lat="45.7254940" lon="4.7927340">
    <ele>220.0</ele>
   </trkpt>
   <trkpt lat="45.7254920" lon="4.7927900">
    <ele>220.0</ele>
   </trkpt>
   <trkpt lat="45.7254910" lon="4.7928450">
    <ele>220.0</ele>
   </trkpt>
   <trkpt lat="45.7254900" lon="4.7929010">
    <ele>220.0</ele>
   </trkpt>
   <trkpt lat="45.7254910" lon="4.7929550">
    <ele>220.0</ele>
   </trkpt>
   <trkpt lat="45.7254920" lon="4.7930100">
    <ele>220.0</ele>
   </trkpt>
   <trkpt lat="45.7254970" lon="4.7930650">
    <ele>220.0</ele>
   </trkpt>
   <trkpt lat="45.7255030" lon="4.7931200">
    <ele>220.0</ele>
   </trkpt>
   <trkpt lat="45.7255100" lon="4.7931750">
    <ele>220.0</ele>
   </trkpt>
   <trkpt lat="45.7255170" lon="4.7932300">
    <ele>219.0</ele>
   </trkpt>
   <trkpt lat="45.7255240" lon="4.7932860">
    <ele>219.0</ele>
   </trkpt>
   <trkpt lat="45.7255310" lon="4.7933420">
    <ele>219.0</ele>
   </trkpt>
   <trkpt lat="45.7255310" lon="4.7933980">
    <ele>219.0</ele>
   </trkpt>
   <trkpt lat="45.7255320" lon="4.7934540">
    <ele>219.0</ele>
   </trkpt>
   <trkpt lat="45.7255240" lon="4.7935090">
    <ele>219.0</ele>
   </trkpt>
   <trkpt lat="45.7255170" lon="4.7935640">
    <ele>219.0</ele>
   </trkpt>
   <trkpt lat="45.7255040" lon="4.7936190">
    <ele>219.0</ele>
   </trkpt>
   <trkpt lat="45.7254910" lon="4.7936740">
    <ele>219.0</ele>
   </trkpt>
   <trkpt lat="45.7254820" lon="4.7937270">
    <ele>219.0</ele>
   </trkpt>
   <trkpt lat="45.7254730" lon="4.7937790">
    <ele>219.0</ele>
   </trkpt>
   <trkpt lat="45.7254790" lon="4.7938250">
    <ele>219.0</ele>
   </trkpt>
   <trkpt lat="45.7254850" lon="4.7938700">
    <ele>219.0</ele>
   </trkpt>
   <trkpt lat="45.7254970" lon="4.7939070">
    <ele>219.0</ele>
   </trkpt>
   <trkpt lat="45.7255080" lon="4.7939440">
    <ele>219.0</ele>
   </trkpt>
   <trkpt lat="45.7255180" lon="4.7939770">
    <ele>219.0</ele>
   </trkpt>
   <trkpt lat="45.7255280" lon="4.7940100">
    <ele>219.0</ele>
   </trkpt>
   <trkpt lat="45.7255330" lon="4.7940390">
    <ele>219.0</ele>
   </trkpt>
   <trkpt lat="45.7255390" lon="4.7940690">
    <ele>219.0</ele>
   </trkpt>
   <trkpt lat="45.7255420" lon="4.7940980">
    <ele>220.0</ele>
   </trkpt>
   <trkpt lat="45.7255460" lon="4.7941270">
    <ele>220.0</ele>
   </trkpt>
   <trkpt lat="45.7255490" lon="4.7941570">
    <ele>220.0</ele>
   </trkpt>
   <trkpt lat="45.7255520" lon="4.7941870">
    <ele>221.0</ele>
   </trkpt>
   <trkpt lat="45.7255560" lon="4.7942190">
    <ele>221.0</ele>
   </trkpt>
   <trkpt lat="45.7255600" lon="4.7942520">
    <ele>222.0</ele>
   </trkpt>
   <trkpt lat="45.7255620" lon="4.7942830">
    <ele>222.0</ele>
   </trkpt>
   <trkpt lat="45.7255640" lon="4.7943130">
    <ele>222.0</ele>
   </trkpt>
   <trkpt lat="45.7255680" lon="4.7943400">
    <ele>222.0</ele>
   </trkpt>
   <trkpt lat="45.7255710" lon="4.7943680">
    <ele>222.0</ele>
   </trkpt>
   <trkpt lat="45.7255780" lon="4.7943930">
    <ele>223.0</ele>
   </trkpt>
   <trkpt lat="45.7255860" lon="4.7944180">
    <ele>223.0</ele>
   </trkpt>
   <trkpt lat="45.7255970" lon="4.7944430">
    <ele>224.0</ele>
   </trkpt>
   <trkpt lat="45.7256070" lon="4.7944670">
    <ele>224.0</ele>
   </trkpt>
   <trkpt lat="45.7256200" lon="4.7944900">
    <ele>225.0</ele>
   </trkpt>
   <trkpt lat="45.7256330" lon="4.7945130">
    <ele>226.0</ele>
   </trkpt>
   <trkpt lat="45.7256460" lon="4.7945320">
    <ele>226.0</ele>
   </trkpt>
   <trkpt lat="45.7256590" lon="4.7945510">
    <ele>227.0</ele>
   </trkpt>
   <trkpt lat="45.7256720" lon="4.7945680">
    <ele>227.0</ele>
   </trkpt>
   <trkpt lat="45.7256850" lon="4.7945850">
    <ele>228.0</ele>
   </trkpt>
   <trkpt lat="45.7257010" lon="4.7945980">
    <ele>229.0</ele>
   </trkpt>
   <trkpt lat="45.7257170" lon="4.7946110">
    <ele>229.0</ele>
   </trkpt>
   <trkpt lat="45.7257350" lon="4.7946190">
    <ele>230.0</ele>
   </trkpt>
   <trkpt lat="45.7257530" lon="4.7946280">
    <ele>230.0</ele>
   </trkpt>
   <trkpt lat="45.7257720" lon="4.7946340">
    <ele>231.0</ele>
   </trkpt>
   <trkpt lat="45.7257910" lon="4.7946410">
    <ele>232.0</ele>
   </trkpt>
   <trkpt lat="45.7258080" lon="4.7946490">
    <ele>232.0</ele>
   </trkpt>
   <trkpt lat="45.7258250" lon="4.7946580">
    <ele>232.0</ele>
   </trkpt>
   <trkpt lat="45.7258400" lon="4.7946710">
    <ele>233.0</ele>
   </trkpt>
   <trkpt lat="45.7258540" lon="4.7946830">
    <ele>233.0</ele>
   </trkpt>
   <trkpt lat="45.7258670" lon="4.7946990">
    <ele>234.0</ele>
   </trkpt>
   <trkpt lat="45.7258790" lon="4.7947150">
    <ele>234.0</ele>
   </trkpt>
   <trkpt lat="45.7258930" lon="4.7947340">
    <ele>235.0</ele>
   </trkpt>
   <trkpt lat="45.7259070" lon="4.7947520">
    <ele>235.0</ele>
   </trkpt>
   <trkpt lat="45.7259220" lon="4.7947720">
    <ele>236.0</ele>
   </trkpt>
   <trkpt lat="45.7259370" lon="4.7947920">
    <ele>237.0</ele>
   </trkpt>
   <trkpt lat="45.7259510" lon="4.7948150">
    <ele>237.0</ele>
   </trkpt>
   <trkpt lat="45.7259640" lon="4.7948380">
    <ele>237.0</ele>
   </trkpt>
   <trkpt lat="45.7259750" lon="4.7948660">
    <ele>237.0</ele>
   </trkpt>
   <trkpt lat="45.7259850" lon="4.7948930">
    <ele>237.0</ele>
   </trkpt>
   <trkpt lat="45.7259930" lon="4.7949230">
    <ele>238.0</ele>
   </trkpt>
   <trkpt lat="45.7260010" lon="4.7949520">
    <ele>238.0</ele>
   </trkpt>
   <trkpt lat="45.7260080" lon="4.7949810">
    <ele>239.0</ele>
   </trkpt>
   <trkpt lat="45.7260160" lon="4.7950100">
    <ele>239.0</ele>
   </trkpt>
   <trkpt lat="45.7260210" lon="4.7950390">
    <ele>240.0</ele>
   </trkpt>
   <trkpt lat="45.7260270" lon="4.7950680">
    <ele>241.0</ele>
   </trkpt>
   <trkpt lat="45.7260270" lon="4.7950950">
    <ele>241.0</ele>
   </trkpt>
   <trkpt lat="45.7260280" lon="4.7951230">
    <ele>241.0</ele>
   </trkpt>
   <trkpt lat="45.7260260" lon="4.7951510">
    <ele>242.0</ele>
   </trkpt>
   <trkpt lat="45.7260240" lon="4.7951790">
    <ele>242.0</ele>
   </trkpt>
   <trkpt lat="45.7260270" lon="4.7952080">
    <ele>243.0</ele>
   </trkpt>
   <trkpt lat="45.7260310" lon="4.7952370">
    <ele>243.0</ele>
   </trkpt>
   <trkpt lat="45.7260360" lon="4.7952690">
    <ele>244.0</ele>
   </trkpt>
   <trkpt lat="45.7260410" lon="4.7953000">
    <ele>244.0</ele>
   </trkpt>
   <trkpt lat="45.7260460" lon="4.7953350">
    <ele>245.0</ele>
   </trkpt>
   <trkpt lat="45.7260500" lon="4.7953700">
    <ele>246.0</ele>
   </trkpt>
   <trkpt lat="45.7260560" lon="4.7954040">
    <ele>246.0</ele>
   </trkpt>
   <trkpt lat="45.7260620" lon="4.7954390">
    <ele>246.0</ele>
   </trkpt>
   <trkpt lat="45.7260700" lon="4.7954740">
    <ele>246.0</ele>
   </trkpt>
   <trkpt lat="45.7260780" lon="4.7955090">
    <ele>246.0</ele>
   </trkpt>
   <trkpt lat="45.7260900" lon="4.7955450">
    <ele>247.0</ele>
   </trkpt>
   <trkpt lat="45.7261020" lon="4.7955820">
    <ele>247.0</ele>
   </trkpt>
   <trkpt lat="45.7261160" lon="4.7956180">
    <ele>247.0</ele>
   </trkpt>
   <trkpt lat="45.7261300" lon="4.7956550">
    <ele>248.0</ele>
   </trkpt>
   <trkpt lat="45.7261420" lon="4.7956900">
    <ele>248.0</ele>
   </trkpt>
   <trkpt lat="45.7261540" lon="4.7957260">
    <ele>249.0</ele>
   </trkpt>
   <trkpt lat="45.7261660" lon="4.7957600">
    <ele>249.0</ele>
   </trkpt>
   <trkpt lat="45.7261790" lon="4.7957950">
    <ele>249.0</ele>
   </trkpt>
   <trkpt lat="45.7261920" lon="4.7958300">
    <ele>249.0</ele>
   </trkpt>
   <trkpt lat="45.7262050" lon="4.7958650">
    <ele>249.0</ele>
   </trkpt>
   <trkpt lat="45.7262180" lon="4.7959010">
    <ele>250.0</ele>
   </trkpt>
   <trkpt lat="45.7262310" lon="4.7959370">
    <ele>250.0</ele>
   </trkpt>
   <trkpt lat="45.7262450" lon="4.7959720">
    <ele>250.0</ele>
   </trkpt>
   <trkpt lat="45.7262590" lon="4.7960070">
    <ele>251.0</ele>
   </trkpt>
   <trkpt lat="45.7262720" lon="4.7960440">
    <ele>251.0</ele>
   </trkpt>
   <trkpt lat="45.7262850" lon="4.7960810">
    <ele>252.0</ele>
   </trkpt>
   <trkpt lat="45.7262960" lon="4.7961220">
    <ele>252.0</ele>
   </trkpt>
   <trkpt lat="45.7263070" lon="4.7961640">
    <ele>252.0</ele>
   </trkpt>
   <trkpt lat="45.7263180" lon="4.7962050">
    <ele>252.0</ele>
   </trkpt>
   <trkpt lat="45.7263290" lon="4.7962460">
    <ele>252.0</ele>
   </trkpt>
   <trkpt lat="45.7263400" lon="4.7962850">
    <ele>253.0</ele>
   </trkpt>
   <trkpt lat="45.7263510" lon="4.7963250">
    <ele>253.0</ele>
   </trkpt>
   <trkpt lat="45.7263590" lon="4.7963640">
    <ele>253.0</ele>
   </trkpt>
   <trkpt lat="45.7263670" lon="4.7964040">
    <ele>253.0</ele>
   </trkpt>
   <trkpt lat="45.7263740" lon="4.7964420">
    <ele>253.0</ele>
   </trkpt>
   <trkpt lat="45.7263810" lon="4.7964810">
    <ele>254.0</ele>
   </trkpt>
   <trkpt lat="45.7263870" lon="4.7965210">
    <ele>254.0</ele>
   </trkpt>
   <trkpt lat="45.7263930" lon="4.7965620">
    <ele>254.0</ele>
   </trkpt>
   <trkpt lat="45.7263990" lon="4.7966040">
    <ele>254.0</ele>
   </trkpt>
   <trkpt lat="45.7264050" lon="4.7966470">
    <ele>254.0</ele>
   </trkpt>
   <trkpt lat="45.7264100" lon="4.7966890">
    <ele>255.0</ele>
   </trkpt>
   <trkpt lat="45.7264160" lon="4.7967300">
    <ele>255.0</ele>
   </trkpt>
   <trkpt lat="45.7264220" lon="4.7967720">
    <ele>255.0</ele>
   </trkpt>
   <trkpt lat="45.7264280" lon="4.7968140">
    <ele>256.0</ele>
   </trkpt>
   <trkpt lat="45.7264330" lon="4.7968570">
    <ele>256.0</ele>
   </trkpt>
   <trkpt lat="45.7264390" lon="4.7969010">
    <ele>257.0</ele>
   </trkpt>
   <trkpt lat="45.7264420" lon="4.7969460">
    <ele>257.0</ele>
   </trkpt>
   <trkpt lat="45.7264450" lon="4.7969910">
    <ele>257.0</ele>
   </trkpt>
   <trkpt lat="45.7264420" lon="4.7970310">
    <ele>257.0</ele>
   </trkpt>
   <trkpt lat="45.7264400" lon="4.7970720">
    <ele>257.0</ele>
   </trkpt>
   <trkpt lat="45.7264310" lon="4.7971090">
    <ele>258.0</ele>
   </trkpt>
   <trkpt lat="45.7264220" lon="4.7971450">
    <ele>258.0</ele>
   </trkpt>
   <trkpt lat="45.7264000" lon="4.7971710">
    <ele>258.0</ele>
   </trkpt>
   <trkpt lat="45.7263790" lon="4.7971960">
    <ele>259.0</ele>
   </trkpt>
   <trkpt lat="45.7263440" lon="4.7972070">
    <ele>259.0</ele>
   </trkpt>
   <trkpt lat="45.7263090" lon="4.7972190">
    <ele>260.0</ele>
   </trkpt>
   <trkpt lat="45.7262690" lon="4.7972240">
    <ele>259.0</ele>
   </trkpt>
   <trkpt lat="45.7262280" lon="4.7972300">
    <ele>259.0</ele>
   </trkpt>
   <trkpt lat="45.7261900" lon="4.7972470">
    <ele>259.0</ele>
   </trkpt>
   <trkpt lat="45.7261520" lon="4.7972640">
    <ele>259.0</ele>
   </trkpt>
   <trkpt lat="45.7261250" lon="4.7973020">
    <ele>259.0</ele>
   </trkpt>
   <trkpt lat="45.7260980" lon="4.7973400">
    <ele>258.0</ele>
   </trkpt>
   <trkpt lat="45.7260940" lon="4.7974010">
    <ele>258.0</ele>
   </trkpt>
   <trkpt lat="45.7260900" lon="4.7974620">
    <ele>257.0</ele>
   </trkpt>
   <trkpt lat="45.7260990" lon="4.7975320">
    <ele>257.0</ele>
   </trkpt>
   <trkpt lat="45.7261080" lon="4.7976030">
    <ele>257.0</ele>
   </trkpt>
   <trkpt lat="45.7261200" lon="4.7976710">
    <ele>256.0</ele>
   </trkpt>
   <trkpt lat="45.7261320" lon="4.7977390">
    <ele>256.0</ele>
   </trkpt>
   <trkpt lat="45.7261410" lon="4.7978020">
    <ele>256.0</ele>
   </trkpt>
   <trkpt lat="45.7261500" lon="4.7978660">
    <ele>256.0</ele>
   </trkpt>
   <trkpt lat="45.7261560" lon="4.7979240">
    <ele>256.0</ele>
   </trkpt>
   <trkpt lat="45.7261630" lon="4.7979830">
    <ele>255.0</ele>
   </trkpt>
   <trkpt lat="45.7261700" lon="4.7980400">
    <ele>255.0</ele>
   </trkpt>
   <trkpt lat="45.7261770" lon="4.7980980">
    <ele>255.0</ele>
   </trkpt>
   <trkpt lat="45.7261850" lon="4.7981560">
    <ele>255.0</ele>
   </trkpt>
   <trkpt lat="45.7261930" lon="4.7982150">
    <ele>255.0</ele>
   </trkpt>
   <trkpt lat="45.7262010" lon="4.7982720">
    <ele>254.0</ele>
   </trkpt>
   <trkpt lat="45.7262090" lon="4.7983290">
    <ele>254.0</ele>
   </trkpt>
   <trkpt lat="45.7262150" lon="4.7983860">
    <ele>254.0</ele>
   </trkpt>
   <trkpt lat="45.7262220" lon="4.7984440">
    <ele>254.0</ele>
   </trkpt>
   <trkpt lat="45.7262270" lon="4.7985010">
    <ele>254.0</ele>
   </trkpt>
   <trkpt lat="45.7262330" lon="4.7985590">
    <ele>253.0</ele>
   </trkpt>
   <trkpt lat="45.7262420" lon="4.7986150">
    <ele>253.0</ele>
   </trkpt>
   <trkpt lat="45.7262510" lon="4.7986710">
    <ele>253.0</ele>
   </trkpt>
   <trkpt lat="45.7262650" lon="4.7987250">
    <ele>253.0</ele>
   </trkpt>
   <trkpt lat="45.7262790" lon="4.7987800">
    <ele>253.0</ele>
   </trkpt>
   <trkpt lat="45.7262920" lon="4.7988410">
    <ele>252.0</ele>
   </trkpt>
   <trkpt lat="45.7263060" lon="4.7989020">
    <ele>252.0</ele>
   </trkpt>
   <trkpt lat="45.7263140" lon="4.7989730">
    <ele>252.0</ele>
   </trkpt>
   <trkpt lat="45.7263220" lon="4.7990440">
    <ele>252.0</ele>
   </trkpt>
   <trkpt lat="45.7263250" lon="4.7991160">
    <ele>252.0</ele>
   </trkpt>
   <trkpt lat="45.7263280" lon="4.7991890">
    <ele>251.0</ele>
   </trkpt>
   <trkpt lat="45.7263290" lon="4.7992560">
    <ele>251.0</ele>
   </trkpt>
   <trkpt lat="45.7263300" lon="4.7993220">
    <ele>251.0</ele>
   </trkpt>
   <trkpt lat="45.7263290" lon="4.7993850">
    <ele>251.0</ele>
   </trkpt>
   <trkpt lat="45.7263290" lon="4.7994470">
    <ele>251.0</ele>
   </trkpt>
   <trkpt lat="45.7263270" lon="4.7995080">
    <ele>250.0</ele>
   </trkpt>
   <trkpt lat="45.7263260" lon="4.7995690">
    <ele>250.0</ele>
   </trkpt>
   <trkpt lat="45.7263260" lon="4.7996270">
    <ele>250.0</ele>
   </trkpt>
   <trkpt lat="45.7263260" lon="4.7996850">
    <ele>250.0</ele>
   </trkpt>
   <trkpt lat="45.7263290" lon="4.7997440">
    <ele>250.0</ele>
   </trkpt>
   <trkpt lat="45.7263320" lon="4.7998030">
    <ele>250.0</ele>
   </trkpt>
   <trkpt lat="45.7263390" lon="4.7998630">
    <ele>250.0</ele>
   </trkpt>
   <trkpt lat="45.7263460" lon="4.7999230">
    <ele>250.0</ele>
   </trkpt>
   <trkpt lat="45.7263550" lon="4.7999820">
    <ele>250.0</ele>
   </trkpt>
   <trkpt lat="45.7263640" lon="4.8000410">
    <ele>250.0</ele>
   </trkpt>
   <trkpt lat="45.7263750" lon="4.8000950">
    <ele>250.0</ele>
   </trkpt>
   <trkpt lat="45.7263850" lon="4.8001500">
    <ele>250.0</ele>
   </trkpt>
   <trkpt lat="45.7263990" lon="4.8002010">
    <ele>250.0</ele>
   </trkpt>
   <trkpt lat="45.7264140" lon="4.8002520">
    <ele>250.0</ele>
   </trkpt>
   <trkpt lat="45.7264300" lon="4.8003030">
    <ele>250.0</ele>
   </trkpt>
   <trkpt lat="45.7264460" lon="4.8003540">
    <ele>250.0</ele>
   </trkpt>
   <trkpt lat="45.7264650" lon="4.8004050">
    <ele>250.0</ele>
   </trkpt>
   <trkpt lat="45.7264830" lon="4.8004560">
    <ele>250.0</ele>
   </trkpt>
   <trkpt lat="45.7265020" lon="4.8005080">
    <ele>250.0</ele>
   </trkpt>
   <trkpt lat="45.7265200" lon="4.8005590">
    <ele>250.0</ele>
   </trkpt>
   <trkpt lat="45.7265380" lon="4.8006130">
    <ele>249.0</ele>
   </trkpt>
   <trkpt lat="45.7265550" lon="4.8006660">
    <ele>249.0</ele>
   </trkpt>
   <trkpt lat="45.7265720" lon="4.8007190">
    <ele>249.0</ele>
   </trkpt>
   <trkpt lat="45.7265890" lon="4.8007720">
    <ele>249.0</ele>
   </trkpt>
   <trkpt lat="45.7266050" lon="4.8008230">
    <ele>249.0</ele>
   </trkpt>
   <trkpt lat="45.7266220" lon="4.8008750">
    <ele>249.0</ele>
   </trkpt>
   <trkpt lat="45.7266400" lon="4.8009250">
    <ele>249.0</ele>
   </trkpt>
   <trkpt lat="45.7266580" lon="4.8009750">
    <ele>249.0</ele>
   </trkpt>
   <trkpt lat="45.7266760" lon="4.8010250">
    <ele>249.0</ele>
   </trkpt>
   <trkpt lat="45.7266950" lon="4.8010750">
    <ele>249.0</ele>
   </trkpt>
   <trkpt lat="45.7267070" lon="4.8011280">
    <ele>249.0</ele>
   </trkpt>
   <trkpt lat="45.7267200" lon="4.8011810">
    <ele>249.0</ele>
   </trkpt>
   <trkpt lat="45.7267250" lon="4.8012410">
    <ele>249.0</ele>
   </trkpt>
   <trkpt lat="45.7267310" lon="4.8013020">
    <ele>249.0</ele>
   </trkpt>
   <trkpt lat="45.7267310" lon="4.8013640">
    <ele>249.0</ele>
   </trkpt>
   <trkpt lat="45.7267310" lon="4.8014260">
    <ele>249.0</ele>
   </trkpt>
   <trkpt lat="45.7267240" lon="4.8014860">
    <ele>249.0</ele>
   </trkpt>
   <trkpt lat="45.7267170" lon="4.8015460">
    <ele>249.0</ele>
   </trkpt>
   <trkpt lat="45.7267060" lon="4.8016050">
    <ele>249.0</ele>
   </trkpt>
   <trkpt lat="45.7266950" lon="4.8016650">
    <ele>249.0</ele>
   </trkpt>
   <trkpt lat="45.7266820" lon="4.8017250">
    <ele>249.0</ele>
   </trkpt>
   <trkpt lat="45.7266690" lon="4.8017860">
    <ele>249.0</ele>
   </trkpt>
   <trkpt lat="45.7266560" lon="4.8018480">
    <ele>249.0</ele>
   </trkpt>
   <trkpt lat="45.7266440" lon="4.8019090">
    <ele>249.0</ele>
   </trkpt>
   <trkpt lat="45.7266320" lon="4.8019670">
    <ele>249.0</ele>
   </trkpt>
   <trkpt lat="45.7266200" lon="4.8020260">
    <ele>249.0</ele>
   </trkpt>
   <trkpt lat="45.7266080" lon="4.8020830">
    <ele>249.0</ele>
   </trkpt>
   <trkpt lat="45.7265970" lon="4.8021400">
    <ele>249.0</ele>
   </trkpt>
   <trkpt lat="45.7265830" lon="4.8021960">
    <ele>249.0</ele>
   </trkpt>
   <trkpt lat="45.7265700" lon="4.8022530">
    <ele>249.0</ele>
   </trkpt>
   <trkpt lat="45.7265570" lon="4.8023080">
    <ele>248.0</ele>
   </trkpt>
   <trkpt lat="45.7265440" lon="4.8023640">
    <ele>248.0</ele>
   </trkpt>
   <trkpt lat="45.7265340" lon="4.8024260">
    <ele>248.0</ele>
   </trkpt>
   <trkpt lat="45.7265240" lon="4.8024880">
    <ele>248.0</ele>
   </trkpt>
   <trkpt lat="45.7265170" lon="4.8025550">
    <ele>248.0</ele>
   </trkpt>
   <trkpt lat="45.7265110" lon="4.8026210">
    <ele>247.0</ele>
   </trkpt>
   <trkpt lat="45.7265050" lon="4.8026870">
    <ele>247.0</ele>
   </trkpt>
   <trkpt lat="45.7265000" lon="4.8027520">
    <ele>247.0</ele>
   </trkpt>
   <trkpt lat="45.7264920" lon="4.8028170">
    <ele>247.0</ele>
   </trkpt>
   <trkpt lat="45.7264850" lon="4.8028820">
    <ele>247.0</ele>
   </trkpt>
   <trkpt lat="45.7264760" lon="4.8029480">
    <ele>246.0</ele>
   </trkpt>
   <trkpt lat="45.7264670" lon="4.8030140">
    <ele>246.0</ele>
   </trkpt>
   <trkpt lat="45.7264580" lon="4.8030770">
    <ele>246.0</ele>
   </trkpt>
   <trkpt lat="45.7264480" lon="4.8031400">
    <ele>246.0</ele>
   </trkpt>
   <trkpt lat="45.7264340" lon="4.8032020">
    <ele>246.0</ele>
   </trkpt>
   <trkpt lat="45.7264200" lon="4.8032630">
    <ele>245.0</ele>
   </trkpt>
   <trkpt lat="45.7264030" lon="4.8033250">
    <ele>244.0</ele>
   </trkpt>
   <trkpt lat="45.7263860" lon="4.8033860">
    <ele>243.0</ele>
   </trkpt>
   <trkpt lat="45.7263680" lon="4.8034470">
    <ele>242.0</ele>
   </trkpt>
   <trkpt lat="45.7263510" lon="4.8035080">
    <ele>242.0</ele>
   </trkpt>
   <trkpt lat="45.7263320" lon="4.8035700">
    <ele>241.0</ele>
   </trkpt>
   <trkpt lat="45.7263140" lon="4.8036310">
    <ele>240.0</ele>
   </trkpt>
   <trkpt lat="45.7262960" lon="4.8036900">
    <ele>240.0</ele>
   </trkpt>
   <trkpt lat="45.7262780" lon="4.8037490">
    <ele>239.0</ele>
   </trkpt>
   <trkpt lat="45.7262600" lon="4.8038090">
    <ele>239.0</ele>
   </trkpt>
   <trkpt lat="45.7262420" lon="4.8038700">
    <ele>238.0</ele>
   </trkpt>
   <trkpt lat="45.7262220" lon="4.8039320">
    <ele>237.0</ele>
   </trkpt>
   <trkpt lat="45.7262020" lon="4.8039940">
    <ele>236.0</ele>
   </trkpt>
   <trkpt lat="45.7261810" lon="4.8040570">
    <ele>235.0</ele>
   </trkpt>
   <trkpt lat="45.7261590" lon="4.8041210">
    <ele>235.0</ele>
   </trkpt>
   <trkpt lat="45.7261340" lon="4.8041800">
    <ele>234.0</ele>
   </trkpt>
   <trkpt lat="45.7261080" lon="4.8042390">
    <ele>233.0</ele>
   </trkpt>
   <trkpt lat="45.7260720" lon="4.8042830">
    <ele>232.0</ele>
   </trkpt>
   <trkpt lat="45.7260360" lon="4.8043280">
    <ele>231.0</ele>
   </trkpt>
   <trkpt lat="45.7259970" lon="4.8043510">
    <ele>231.0</ele>
   </trkpt>
   <trkpt lat="45.7259570" lon="4.8043750">
    <ele>230.0</ele>
   </trkpt>
   <trkpt lat="45.7259330" lon="4.8043970">
    <ele>229.0</ele>
   </trkpt>
   <trkpt lat="45.7259080" lon="4.8044190">
    <ele>228.0</ele>
   </trkpt>
   <trkpt lat="45.7259140" lon="4.8044500">
    <ele>227.0</ele>
   </trkpt>
   <trkpt lat="45.7259190" lon="4.8044810">
    <ele>227.0</ele>
   </trkpt>
   <trkpt lat="45.7259440" lon="4.8045200">
    <ele>226.0</ele>
   </trkpt>
   <trkpt lat="45.7259690" lon="4.8045590">
    <ele>226.0</ele>
   </trkpt>
   <trkpt lat="45.7259950" lon="4.8046100">
    <ele>226.0</ele>
   </trkpt>
   <trkpt lat="45.7260220" lon="4.8046600">
    <ele>226.0</ele>
   </trkpt>
   <trkpt lat="45.7260350" lon="4.8047180">
    <ele>226.0</ele>
   </trkpt>
   <trkpt lat="45.7260490" lon="4.8047750">
    <ele>225.0</ele>
   </trkpt>
   <trkpt lat="45.7260540" lon="4.8048350">
    <ele>225.0</ele>
   </trkpt>
   <trkpt lat="45.7260580" lon="4.8048940">
    <ele>225.0</ele>
   </trkpt>
   <trkpt lat="45.7260590" lon="4.8049560">
    <ele>225.0</ele>
   </trkpt>
   <trkpt lat="45.7260590" lon="4.8050170">
    <ele>225.0</ele>
   </trkpt>
   <trkpt lat="45.7260620" lon="4.8050740">
    <ele>225.0</ele>
   </trkpt>
   <trkpt lat="45.7260650" lon="4.8051320">
    <ele>225.0</ele>
   </trkpt>
   <trkpt lat="45.7260780" lon="4.8051840">
    <ele>225.0</ele>
   </trkpt>
   <trkpt lat="45.7260900" lon="4.8052360">
    <ele>225.0</ele>
   </trkpt>
   <trkpt lat="45.7261090" lon="4.8052810">
    <ele>225.0</ele>
   </trkpt>
   <trkpt lat="45.7261280" lon="4.8053260">
    <ele>225.0</ele>
   </trkpt>
   <trkpt lat="45.7261470" lon="4.8053630">
    <ele>225.0</ele>
   </trkpt>
   <trkpt lat="45.7261670" lon="4.8054010">
    <ele>225.0</ele>
   </trkpt>
   <trkpt lat="45.7261850" lon="4.8054360">
    <ele>225.0</ele>
   </trkpt>
   <trkpt lat="45.7262040" lon="4.8054710">
    <ele>225.0</ele>
   </trkpt>
   <trkpt lat="45.7262200" lon="4.8055100">
    <ele>225.0</ele>
   </trkpt>
   <trkpt lat="45.7262350" lon="4.8055480">
    <ele>225.0</ele>
   </trkpt>
   <trkpt lat="45.7262500" lon="4.8055910">
    <ele>225.0</ele>
   </trkpt>
   <trkpt lat="45.7262640" lon="4.8056330">
    <ele>225.0</ele>
   </trkpt>
   <trkpt lat="45.7262720" lon="4.8056760">
    <ele>226.0</ele>
   </trkpt>
   <trkpt lat="45.7262790" lon="4.8057190">
    <ele>226.0</ele>
   </trkpt>
   <trkpt lat="45.7262780" lon="4.8057610">
    <ele>226.0</ele>
   </trkpt>
   <trkpt lat="45.7262770" lon="4.8058020">
    <ele>226.0</ele>
   </trkpt>
   <trkpt lat="45.7262750" lon="4.8058410">
    <ele>226.0</ele>
   </trkpt>
   <trkpt lat="45.7262730" lon="4.8058810">
    <ele>227.0</ele>
   </trkpt>
   <trkpt lat="45.7262740" lon="4.8059220">
    <ele>227.0</ele>
   </trkpt>
   <trkpt lat="45.7262750" lon="4.8059620">
    <ele>227.0</ele>
   </trkpt>
   <trkpt lat="45.7262810" lon="4.8060030">
    <ele>227.0</ele>
   </trkpt>
   <trkpt lat="45.7262880" lon="4.8060450">
    <ele>227.0</ele>
   </trkpt>
   <trkpt lat="45.7262960" lon="4.8060860">
    <ele>228.0</ele>
   </trkpt>
   <trkpt lat="45.7263040" lon="4.8061270">
    <ele>228.0</ele>
   </trkpt>
   <trkpt lat="45.7263100" lon="4.8061670">
    <ele>229.0</ele>
   </trkpt>
   <trkpt lat="45.7263170" lon="4.8062070">
    <ele>229.0</ele>
   </trkpt>
   <trkpt lat="45.7263200" lon="4.8062400">
    <ele>230.0</ele>
   </trkpt>
   <trkpt lat="45.7263230" lon="4.8062730">
    <ele>231.0</ele>
   </trkpt>
   <trkpt lat="45.7263200" lon="4.8063020">
    <ele>231.0</ele>
   </trkpt>
   <trkpt lat="45.7263160" lon="4.8063300">
    <ele>231.0</ele>
   </trkpt>
   <trkpt lat="45.7262950" lon="4.8063580">
    <ele>231.0</ele>
   </trkpt>
   <trkpt lat="45.7262730" lon="4.8063850">
    <ele>231.0</ele>
   </trkpt>
   <trkpt lat="45.7262400" lon="4.8064090">
    <ele>232.0</ele>
   </trkpt>
   <trkpt lat="45.7262060" lon="4.8064330">
    <ele>232.0</ele>
   </trkpt>
   <trkpt lat="45.7261670" lon="4.8064590">
    <ele>232.0</ele>
   </trkpt>
   <trkpt lat="45.7261280" lon="4.8064840">
    <ele>232.0</ele>
   </trkpt>
   <trkpt lat="45.7260900" lon="4.8065110">
    <ele>232.0</ele>
   </trkpt>
   <trkpt lat="45.7260510" lon="4.8065370">
    <ele>233.0</ele>
   </trkpt>
   <trkpt lat="45.7260150" lon="4.8065630">
    <ele>233.0</ele>
   </trkpt>
   <trkpt lat="45.7259790" lon="4.8065890">
    <ele>233.0</ele>
   </trkpt>
   <trkpt lat="45.7259430" lon="4.8066120">
    <ele>233.0</ele>
   </trkpt>
   <trkpt lat="45.7259080" lon="4.8066350">
    <ele>233.0</ele>
   </trkpt>
   <trkpt lat="45.7258720" lon="4.8066550">
    <ele>233.0</ele>
   </trkpt>
   <trkpt lat="45.7258360" lon="4.8066740">
    <ele>233.0</ele>
   </trkpt>
   <trkpt lat="45.7258010" lon="4.8066930">
    <ele>233.0</ele>
   </trkpt>
   <trkpt lat="45.7257650" lon="4.8067120">
    <ele>233.0</ele>
   </trkpt>
   <trkpt lat="45.7257270" lon="4.8067330">
    <ele>233.0</ele>
   </trkpt>
   <trkpt lat="45.7256900" lon="4.8067540">
    <ele>234.0</ele>
   </trkpt>
   <trkpt lat="45.7256520" lon="4.8067770">
    <ele>234.0</ele>
   </trkpt>
   <trkpt lat="45.7256150" lon="4.8068000">
    <ele>234.0</ele>
   </trkpt>
   <trkpt lat="45.7255780" lon="4.8068240">
    <ele>234.0</ele>
   </trkpt>
   <trkpt lat="45.7255420" lon="4.8068480">
    <ele>234.0</ele>
   </trkpt>
   <trkpt lat="45.7255060" lon="4.8068710">
    <ele>234.0</ele>
   </trkpt>
   <trkpt lat="45.7254710" lon="4.8068950">
    <ele>234.0</ele>
   </trkpt>
   <trkpt lat="45.7254350" lon="4.8069160">
    <ele>234.0</ele>
   </trkpt>
   <trkpt lat="45.7253990" lon="4.8069380">
    <ele>234.0</ele>
   </trkpt>
   <trkpt lat="45.7253620" lon="4.8069600">
    <ele>234.0</ele>
   </trkpt>
   <trkpt lat="45.7253260" lon="4.8069820">
    <ele>234.0</ele>
   </trkpt>
   <trkpt lat="45.7252900" lon="4.8070050">
    <ele>234.0</ele>
   </trkpt>
   <trkpt lat="45.7252530" lon="4.8070280">
    <ele>234.0</ele>
   </trkpt>
   <trkpt lat="45.7252180" lon="4.8070530">
    <ele>234.0</ele>
   </trkpt>
   <trkpt lat="45.7251830" lon="4.8070770">
    <ele>234.0</ele>
   </trkpt>
   <trkpt lat="45.7251520" lon="4.8071050">
    <ele>234.0</ele>
   </trkpt>
   <trkpt lat="45.7251220" lon="4.8071320">
    <ele>233.0</ele>
   </trkpt>
   <trkpt lat="45.7251100" lon="4.8071630">
    <ele>233.0</ele>
   </trkpt>
   <trkpt lat="45.7250990" lon="4.8071940">
    <ele>233.0</ele>
   </trkpt>
   <trkpt lat="45.7251140" lon="4.8072240">
    <ele>233.0</ele>
   </trkpt>
   <trkpt lat="45.7251300" lon="4.8072550">
    <ele>233.0</ele>
   </trkpt>
   <trkpt lat="45.7251630" lon="4.8072850">
    <ele>233.0</ele>
   </trkpt>
   <trkpt lat="45.7251960" lon="4.8073150">
    <ele>233.0</ele>
   </trkpt>
   <trkpt lat="45.7252300" lon="4.8073440">
    <ele>233.0</ele>
   </trkpt>
   <trkpt lat="45.7252650" lon="4.8073730">
    <ele>233.0</ele>
   </trkpt>
   <trkpt lat="45.7252970" lon="4.8074040">
    <ele>233.0</ele>
   </trkpt>
   <trkpt lat="45.7253280" lon="4.8074360">
    <ele>233.0</ele>
   </trkpt>
   <trkpt lat="45.7253570" lon="4.8074680">
    <ele>233.0</ele>
   </trkpt>
   <trkpt lat="45.7253860" lon="4.8075000">
    <ele>233.0</ele>
   </trkpt>
   <trkpt lat="45.7254140" lon="4.8075320">
    <ele>233.0</ele>
   </trkpt>
   <trkpt lat="45.7254420" lon="4.8075640">
    <ele>234.0</ele>
   </trkpt>
   <trkpt lat="45.7254680" lon="4.8075950">
    <ele>234.0</ele>
   </trkpt>
   <trkpt lat="45.7254950" lon="4.8076250">
    <ele>234.0</ele>
   </trkpt>
   <trkpt lat="45.7255210" lon="4.8076550">
    <ele>234.0</ele>
   </trkpt>
   <trkpt lat="45.7255470" lon="4.8076840">
    <ele>234.0</ele>
   </trkpt>
   <trkpt lat="45.7255720" lon="4.8077120">
    <ele>234.0</ele>
   </trkpt>
   <trkpt lat="45.7255970" lon="4.8077410">
    <ele>234.0</ele>
   </trkpt>
   <trkpt lat="45.7256210" lon="4.8077680">
    <ele>234.0</ele>
   </trkpt>
   <trkpt lat="45.7256450" lon="4.8077950">
    <ele>235.0</ele>
   </trkpt>
   <trkpt lat="45.7256690" lon="4.8078200">
    <ele>235.0</ele>
   </trkpt>
   <trkpt lat="45.7256930" lon="4.8078460">
    <ele>236.0</ele>
   </trkpt>
   <trkpt lat="45.7257160" lon="4.8078710">
    <ele>236.0</ele>
   </trkpt>
   <trkpt lat="45.7257390" lon="4.8078970">
    <ele>236.0</ele>
   </trkpt>
   <trkpt lat="45.7257620" lon="4.8079200">
    <ele>236.0</ele>
   </trkpt>
   <trkpt lat="45.7257840" lon="4.8079420">
    <ele>236.0</ele>
   </trkpt>
   <trkpt lat="45.7258080" lon="4.8079700">
    <ele>237.0</ele>
   </trkpt>
   <trkpt lat="45.7258320" lon="4.8079980">
    <ele>237.0</ele>
   </trkpt>
   <trkpt lat="45.7258560" lon="4.8080320">
    <ele>237.0</ele>
   </trkpt>
   <trkpt lat="45.7258800" lon="4.8080670">
    <ele>238.0</ele>
   </trkpt>
   <trkpt lat="45.7259050" lon="4.8081070">
    <ele>238.0</ele>
   </trkpt>
   <trkpt lat="45.7259300" lon="4.8081460">
    <ele>239.0</ele>
   </trkpt>
   <trkpt lat="45.7259550" lon="4.8081870">
    <ele>239.0</ele>
   </trkpt>
   <trkpt lat="45.7259800" lon="4.8082280">
    <ele>239.0</ele>
   </trkpt>
   <trkpt lat="45.7260050" lon="4.8082640">
    <ele>239.0</ele>
   </trkpt>
   <trkpt lat="45.7260300" lon="4.8083000">
    <ele>239.0</ele>
   </trkpt>
   <trkpt lat="45.7260530" lon="4.8083320">
    <ele>239.0</ele>
   </trkpt>
   <trkpt lat="45.7260760" lon="4.8083650">
    <ele>239.0</ele>
   </trkpt>
   <trkpt lat="45.7261010" lon="4.8083980">
    <ele>239.0</ele>
   </trkpt>
   <trkpt lat="45.7261260" lon="4.8084320">
    <ele>240.0</ele>
   </trkpt>
   <trkpt lat="45.7261520" lon="4.8084720">
    <ele>240.0</ele>
   </trkpt>
   <trkpt lat="45.7261780" lon="4.8085120">
    <ele>241.0</ele>
   </trkpt>
   <trkpt lat="45.7262010" lon="4.8085580">
    <ele>241.0</ele>
   </trkpt>
   <trkpt lat="45.7262250" lon="4.8086050">
    <ele>241.0</ele>
   </trkpt>
   <trkpt lat="45.7262450" lon="4.8086550">
    <ele>241.0</ele>
   </trkpt>
   <trkpt lat="45.7262650" lon="4.8087050">
    <ele>241.0</ele>
   </trkpt>
   <trkpt lat="45.7262830" lon="4.8087560">
    <ele>241.0</ele>
   </trkpt>
   <trkpt lat="45.7263010" lon="4.8088060">
    <ele>240.0</ele>
   </trkpt>
   <trkpt lat="45.7263220" lon="4.8088520">
    <ele>240.0</ele>
   </trkpt>
   <trkpt lat="45.7263420" lon="4.8088970">
    <ele>240.0</ele>
   </trkpt>
   <trkpt lat="45.7263680" lon="4.8089380">
    <ele>240.0</ele>
   </trkpt>
   <trkpt lat="45.7263930" lon="4.8089800">
    <ele>240.0</ele>
   </trkpt>
   <trkpt lat="45.7264240" lon="4.8090180">
    <ele>239.0</ele>
   </trkpt>
   <trkpt lat="45.7264550" lon="4.8090570">
    <ele>239.0</ele>
   </trkpt>
   <trkpt lat="45.7264910" lon="4.8090940">
    <ele>239.0</ele>
   </trkpt>
   <trkpt lat="45.7265260" lon="4.8091310">
    <ele>239.0</ele>
   </trkpt>
   <trkpt lat="45.7265640" lon="4.8091660">
    <ele>239.0</ele>
   </trkpt>
   <trkpt lat="45.7266010" lon="4.8092010">
    <ele>238.0</ele>
   </trkpt>
   <trkpt lat="45.7266400" lon="4.8092300">
    <ele>238.0</ele>
   </trkpt>
   <trkpt lat="45.7266790" lon="4.8092600">
    <ele>238.0</ele>
   </trkpt>
   <trkpt lat="45.7267180" lon="4.8092790">
    <ele>238.0</ele>
   </trkpt>
   <trkpt lat="45.7267580" lon="4.8092980">
    <ele>238.0</ele>
   </trkpt>
   <trkpt lat="45.7267960" lon="4.8093060">
    <ele>238.0</ele>
   </trkpt>
   <trkpt lat="45.7268340" lon="4.8093140">
    <ele>238.0</ele>
   </trkpt>
   <trkpt lat="45.7268700" lon="4.8093140">
    <ele>238.0</ele>
   </trkpt>
   <trkpt lat="45.7269060" lon="4.8093150">
    <ele>238.0</ele>
   </trkpt>
   <trkpt lat="45.7269410" lon="4.8093120">
    <ele>238.0</ele>
   </trkpt>
   <trkpt lat="45.7269750" lon="4.8093090">
    <ele>238.0</ele>
   </trkpt>
   <trkpt lat="45.7270080" lon="4.8093030">
    <ele>238.0</ele>
   </trkpt>
   <trkpt lat="45.7270410" lon="4.8092970">
    <ele>238.0</ele>
   </trkpt>
   <trkpt lat="45.7270730" lon="4.8092920">
    <ele>238.0</ele>
   </trkpt>
   <trkpt lat="45.7271050" lon="4.8092880">
    <ele>238.0</ele>
   </trkpt>
   <trkpt lat="45.7271370" lon="4.8092860">
    <ele>238.0</ele>
   </trkpt>
   <trkpt lat="45.7271690" lon="4.8092840">
    <ele>238.0</ele>
   </trkpt>
   <trkpt lat="45.7272000" lon="4.8092830">
    <ele>238.0</ele>
   </trkpt>
   <trkpt lat="45.7272320" lon="4.8092810">
    <ele>238.0</ele>
   </trkpt>
   <trkpt lat="45.7272600" lon="4.8092770">
    <ele>239.0</ele>
   </trkpt>
   <trkpt lat="45.7272890" lon="4.8092740">
    <ele>239.0</ele>
   </trkpt>
   <trkpt lat="45.7273180" lon="4.8092700">
    <ele>239.0</ele>
   </trkpt>
   <trkpt lat="45.7273470" lon="4.8092670">
    <ele>240.0</ele>
   </trkpt>
   <trkpt lat="45.7273800" lon="4.8092590">
    <ele>240.0</ele>
   </trkpt>
   <trkpt lat="45.7274130" lon="4.8092520">
    <ele>241.0</ele>
   </trkpt>
   <trkpt lat="45.7274510" lon="4.8092440">
    <ele>241.0</ele>
   </trkpt>
   <trkpt lat="45.7274890" lon="4.8092350">
    <ele>241.0</ele>
   </trkpt>
   <trkpt lat="45.7275270" lon="4.8092400">
    <ele>241.0</ele>
   </trkpt>
   <trkpt lat="45.7275660" lon="4.8092450">
    <ele>241.0</ele>
   </trkpt>
   <trkpt lat="45.7275990" lon="4.8092640">
    <ele>242.0</ele>
   </trkpt>
   <trkpt lat="45.7276330" lon="4.8092840">
    <ele>242.0</ele>
   </trkpt>
   <trkpt lat="45.7276640" lon="4.8093080">
    <ele>242.0</ele>
   </trkpt>
   <trkpt lat="45.7276940" lon="4.8093320">
    <ele>242.0</ele>
   </trkpt>
   <trkpt lat="45.7277280" lon="4.8093570">
    <ele>242.0</ele>
   </trkpt>
   <trkpt lat="45.7277620" lon="4.8093810">
    <ele>243.0</ele>
   </trkpt>
   <trkpt lat="45.7277990" lon="4.8094080">
    <ele>243.0</ele>
   </trkpt>
   <trkpt lat="45.7278350" lon="4.8094350">
    <ele>243.0</ele>
   </trkpt>
   <trkpt lat="45.7278720" lon="4.8094640">
    <ele>243.0</ele>
   </trkpt>
   <trkpt lat="45.7279100" lon="4.8094920">
    <ele>243.0</ele>
   </trkpt>
   <trkpt lat="45.7279470" lon="4.8095190">
    <ele>243.0</ele>
   </trkpt>
   <trkpt lat="45.7279830" lon="4.8095450">
    <ele>242.0</ele>
   </trkpt>
   <trkpt lat="45.7280220" lon="4.8095700">
    <ele>242.0</ele>
   </trkpt>
   <trkpt lat="45.7280610" lon="4.8095960">
    <ele>242.0</ele>
   </trkpt>
   <trkpt lat="45.7280990" lon="4.8096260">
    <ele>242.0</ele>
   </trkpt>
   <trkpt lat="45.7281370" lon="4.8096560">
    <ele>242.0</ele>
   </trkpt>
   <trkpt lat="45.7281710" lon="4.8096960">
    <ele>241.0</ele>
   </trkpt>
   <trkpt lat="45.7282050" lon="4.8097370">
    <ele>241.0</ele>
   </trkpt>
   <trkpt lat="45.7282320" lon="4.8097840">
    <ele>241.0</ele>
   </trkpt>
   <trkpt lat="45.7282590" lon="4.8098310">
    <ele>241.0</ele>
   </trkpt>
   <trkpt lat="45.7282820" lon="4.8098830">
    <ele>241.0</ele>
   </trkpt>
   <trkpt lat="45.7283050" lon="4.8099360">
    <ele>240.0</ele>
   </trkpt>
   <trkpt lat="45.7283270" lon="4.8099880">
    <ele>240.0</ele>
   </trkpt>
   <trkpt lat="45.7283500" lon="4.8100390">
    <ele>240.0</ele>
   </trkpt>
   <trkpt lat="45.7283740" lon="4.8100850">
    <ele>240.0</ele>
   </trkpt>
   <trkpt lat="45.7283980" lon="4.8101300">
    <ele>240.0</ele>
   </trkpt>
   <trkpt lat="45.7284240" lon="4.8101660">
    <ele>240.0</ele>
   </trkpt>
   <trkpt lat="45.7284500" lon="4.8102020">
    <ele>240.0</ele>
   </trkpt>
   <trkpt lat="45.7284790" lon="4.8102290">
    <ele>240.0</ele>
   </trkpt>
   <trkpt lat="45.7285080" lon="4.8102560">
    <ele>240.0</ele>
   </trkpt>
   <trkpt lat="45.7285390" lon="4.8102700">
    <ele>240.0</ele>
   </trkpt>
   <trkpt lat="45.7285710" lon="4.8102850">
    <ele>240.0</ele>
   </trkpt>
   <trkpt lat="45.7286040" lon="4.8102900">
    <ele>240.0</ele>
   </trkpt>
   <trkpt lat="45.7286370" lon="4.8102960">
    <ele>240.0</ele>
   </trkpt>
   <trkpt lat="45.7286700" lon="4.8102990">
    <ele>240.0</ele>
   </trkpt>
   <trkpt lat="45.7287030" lon="4.8103010">
    <ele>240.0</ele>
   </trkpt>
   <trkpt lat="45.7287380" lon="4.8103020">
    <ele>240.0</ele>
   </trkpt>
   <trkpt lat="45.7287720" lon="4.8103030">
    <ele>240.0</ele>
   </trkpt>
   <trkpt lat="45.7288080" lon="4.8103050">
    <ele>240.0</ele>
   </trkpt>
   <trkpt lat="45.7288440" lon="4.8103080">
    <ele>240.0</ele>
   </trkpt>
   <trkpt lat="45.7288820" lon="4.8103140">
    <ele>241.0</ele>
   </trkpt>
   <trkpt lat="45.7289190" lon="4.8103190">
    <ele>241.0</ele>
   </trkpt>
   <trkpt lat="45.7289570" lon="4.8103350">
    <ele>241.0</ele>
   </trkpt>
   <trkpt lat="45.7289940" lon="4.8103510">
    <ele>242.0</ele>
   </trkpt>
   <trkpt lat="45.7290280" lon="4.8103780">
    <ele>242.0</ele>
   </trkpt>
   <trkpt lat="45.7290620" lon="4.8104060">
    <ele>243.0</ele>
   </trkpt>
   <trkpt lat="45.7290880" lon="4.8104440">
    <ele>243.0</ele>
   </trkpt>
   <trkpt lat="45.7291150" lon="4.8104820">
    <ele>243.0</ele>
   </trkpt>
   <trkpt lat="45.7291390" lon="4.8105260">
    <ele>243.0</ele>
   </trkpt>
   <trkpt lat="45.7291630" lon="4.8105700">
    <ele>243.0</ele>
   </trkpt>
   <trkpt lat="45.7291880" lon="4.8106180">
    <ele>243.0</ele>
   </trkpt>
   <trkpt lat="45.7292130" lon="4.8106660">
    <ele>243.0</ele>
   </trkpt>
   <trkpt lat="45.7292380" lon="4.8107180">
    <ele>243.0</ele>
   </trkpt>
   <trkpt lat="45.7292640" lon="4.8107690">
    <ele>243.0</ele>
   </trkpt>
   <trkpt lat="45.7292880" lon="4.8108220">
    <ele>243.0</ele>
   </trkpt>
   <trkpt lat="45.7293110" lon="4.8108740">
    <ele>243.0</ele>
   </trkpt>
   <trkpt lat="45.7293320" lon="4.8109280">
    <ele>243.0</ele>
   </trkpt>
   <trkpt lat="45.7293530" lon="4.8109810">
    <ele>243.0</ele>
   </trkpt>
   <trkpt lat="45.7293710" lon="4.8110350">
    <ele>243.0</ele>
   </trkpt>
   <trkpt lat="45.7293900" lon="4.8110890">
    <ele>243.0</ele>
   </trkpt>
   <trkpt lat="45.7294090" lon="4.8111450">
    <ele>243.0</ele>
   </trkpt>
   <trkpt lat="45.7294280" lon="4.8112000">
    <ele>242.0</ele>
   </trkpt>
   <trkpt lat="45.7294500" lon="4.8112550">
    <ele>242.0</ele>
   </trkpt>
   <trkpt lat="45.7294710" lon="4.8113090">
    <ele>242.0</ele>
   </trkpt>
   <trkpt lat="45.7294940" lon="4.8113610">
    <ele>242.0</ele>
   </trkpt>
   <trkpt lat="45.7295160" lon="4.8114120">
    <ele>242.0</ele>
   </trkpt>
   <trkpt lat="45.7295390" lon="4.8114610">
    <ele>241.0</ele>
   </trkpt>
   <trkpt lat="45.7295620" lon="4.8115100">
    <ele>241.0</ele>
   </trkpt>
   <trkpt lat="45.7295860" lon="4.8115590">
    <ele>241.0</ele>
   </trkpt>
   <trkpt lat="45.7296100" lon="4.8116080">
    <ele>241.0</ele>
   </trkpt>
   <trkpt lat="45.7296340" lon="4.8116580">
    <ele>241.0</ele>
   </trkpt>
   <trkpt lat="45.7296580" lon="4.8117080">
    <ele>240.0</ele>
   </trkpt>
   <trkpt lat="45.7296800" lon="4.8117610">
    <ele>240.0</ele>
   </trkpt>
   <trkpt lat="45.7297020" lon="4.8118150">
    <ele>239.0</ele>
   </trkpt>
   <trkpt lat="45.7297240" lon="4.8118680">
    <ele>239.0</ele>
   </trkpt>
   <trkpt lat="45.7297450" lon="4.8119210">
    <ele>239.0</ele>
   </trkpt>
   <trkpt lat="45.7297670" lon="4.8119730">
    <ele>238.0</ele>
   </trkpt>
   <trkpt lat="45.7297880" lon="4.8120250">
    <ele>237.0</ele>
   </trkpt>
   <trkpt lat="45.7298100" lon="4.8120750">
    <ele>237.0</ele>
   </trkpt>
   <trkpt lat="45.7298320" lon="4.8121260">
    <ele>236.0</ele>
   </trkpt>
   <trkpt lat="45.7298540" lon="4.8121760">
    <ele>236.0</ele>
   </trkpt>
   <trkpt lat="45.7298770" lon="4.8122260">
    <ele>235.0</ele>
   </trkpt>
   <trkpt lat="45.7298960" lon="4.8122710">
    <ele>234.0</ele>
   </trkpt>
   <trkpt lat="45.7299160" lon="4.8123150">
    <ele>233.0</ele>
   </trkpt>
   <trkpt lat="45.7299300" lon="4.8123500">
    <ele>232.0</ele>
   </trkpt>
   <trkpt lat="45.7299430" lon="4.8123850">
    <ele>231.0</ele>
   </trkpt>
   <trkpt lat="45.7299540" lon="4.8124170">
    <ele>230.0</ele>
   </trkpt>
   <trkpt lat="45.7299650" lon="4.8124490">
    <ele>229.0</ele>
   </trkpt>
   <trkpt lat="45.7299670" lon="4.8124870">
    <ele>229.0</ele>
   </trkpt>
   <trkpt lat="45.7299700" lon="4.8125250">
    <ele>228.0</ele>
   </trkpt>
   <trkpt lat="45.7299630" lon="4.8125680">
    <ele>228.0</ele>
   </trkpt>
   <trkpt lat="45.7299560" lon="4.8126120">
    <ele>227.0</ele>
   </trkpt>
   <trkpt lat="45.7299470" lon="4.8126560">
    <ele>226.0</ele>
   </trkpt>
   <trkpt lat="45.7299390" lon="4.8127000">
    <ele>225.0</ele>
   </trkpt>
   <trkpt lat="45.7299380" lon="4.8127470">
    <ele>224.0</ele>
   </trkpt>
   <trkpt lat="45.7299370" lon="4.8127950">
    <ele>224.0</ele>
   </trkpt>
   <trkpt lat="45.7299450" lon="4.8128460">
    <ele>223.0</ele>
   </trkpt>
   <trkpt lat="45.7299530" lon="4.8128970">
    <ele>223.0</ele>
   </trkpt>
   <trkpt lat="45.7299670" lon="4.8129520">
    <ele>222.0</ele>
   </trkpt>
   <trkpt lat="45.7299820" lon="4.8130070">
    <ele>222.0</ele>
   </trkpt>
   <trkpt lat="45.7299990" lon="4.8130660">
    <ele>222.0</ele>
   </trkpt>
   <trkpt lat="45.7300160" lon="4.8131240">
    <ele>220.0</ele>
   </trkpt>
   <trkpt lat="45.7300350" lon="4.8131850">
    <ele>219.0</ele>
   </trkpt>
   <trkpt lat="45.7300540" lon="4.8132470">
    <ele>218.0</ele>
   </trkpt>
   <trkpt lat="45.7300750" lon="4.8133100">
    <ele>217.0</ele>
   </trkpt>
   <trkpt lat="45.7300960" lon="4.8133720">
    <ele>216.0</ele>
   </trkpt>
   <trkpt lat="45.7301230" lon="4.8134300">
    <ele>215.0</ele>
   </trkpt>
   <trkpt lat="45.7301500" lon="4.8134870">
    <ele>214.0</ele>
   </trkpt>
   <trkpt lat="45.7301830" lon="4.8135330">
    <ele>213.0</ele>
   </trkpt>
   <trkpt lat="45.7302150" lon="4.8135800">
    <ele>212.0</ele>
   </trkpt>
   <trkpt lat="45.7302460" lon="4.8136130">
    <ele>212.0</ele>
   </trkpt>
   <trkpt lat="45.7302760" lon="4.8136460">
    <ele>211.0</ele>
   </trkpt>
   <trkpt lat="45.7303000" lon="4.8136680">
    <ele>210.0</ele>
   </trkpt>
   <trkpt lat="45.7303230" lon="4.8136890">
    <ele>209.0</ele>
   </trkpt>
   <trkpt lat="45.7303430" lon="4.8137080">
    <ele>208.0</ele>
   </trkpt>
   <trkpt lat="45.7303630" lon="4.8137270">
    <ele>208.0</ele>
   </trkpt>
   <trkpt lat="45.7303830" lon="4.8137490">
    <ele>207.0</ele>
   </trkpt>
   <trkpt lat="45.7304030" lon="4.8137710">
    <ele>206.0</ele>
   </trkpt>
   <trkpt lat="45.7304230" lon="4.8137970">
    <ele>206.0</ele>
   </trkpt>
   <trkpt lat="45.7304420" lon="4.8138220">
    <ele>205.0</ele>
   </trkpt>
   <trkpt lat="45.7304590" lon="4.8138500">
    <ele>205.0</ele>
   </trkpt>
   <trkpt lat="45.7304750" lon="4.8138790">
    <ele>204.0</ele>
   </trkpt>
   <trkpt lat="45.7304890" lon="4.8139070">
    <ele>203.0</ele>
   </trkpt>
   <trkpt lat="45.7305030" lon="4.8139350">
    <ele>202.0</ele>
   </trkpt>
   <trkpt lat="45.7305170" lon="4.8139590">
    <ele>201.0</ele>
   </trkpt>
   <trkpt lat="45.7305320" lon="4.8139820">
    <ele>200.0</ele>
   </trkpt>
   <trkpt lat="45.7305440" lon="4.8140030">
    <ele>199.0</ele>
   </trkpt>
   <trkpt lat="45.7305570" lon="4.8140240">
    <ele>198.0</ele>
   </trkpt>
   <trkpt lat="45.7305700" lon="4.8140420">
    <ele>197.0</ele>
   </trkpt>
   <trkpt lat="45.7305840" lon="4.8140600">
    <ele>196.0</ele>
   </trkpt>
   <trkpt lat="45.7305980" lon="4.8140780">
    <ele>196.0</ele>
   </trkpt>
   <trkpt lat="45.7306120" lon="4.8140960">
    <ele>194.0</ele>
   </trkpt>
   <trkpt lat="45.7306240" lon="4.8141170">
    <ele>193.0</ele>
   </trkpt>
   <trkpt lat="45.7306370" lon="4.8141380">
    <ele>192.0</ele>
   </trkpt>
   <trkpt lat="45.7306460" lon="4.8141610">
    <ele>191.0</ele>
   </trkpt>
   <trkpt lat="45.7306570" lon="4.8141840">
    <ele>190.0</ele>
   </trkpt>
   <trkpt lat="45.7306650" lon="4.8142040">
    <ele>189.0</ele>
   </trkpt>
   <trkpt lat="45.7306730" lon="4.8142240">
    <ele>188.0</ele>
   </trkpt>
   <trkpt lat="45.7306820" lon="4.8142430">
    <ele>188.0</ele>
   </trkpt>
   <trkpt lat="45.7306920" lon="4.8142610">
    <ele>187.0</ele>
   </trkpt>
   <trkpt lat="45.7307040" lon="4.8142830">
    <ele>187.0</ele>
   </trkpt>
   <trkpt lat="45.7307160" lon="4.8143060">
    <ele>186.0</ele>
   </trkpt>
   <trkpt lat="45.7307330" lon="4.8143380">
    <ele>185.0</ele>
   </trkpt>
   <trkpt lat="45.7307500" lon="4.8143700">
    <ele>184.0</ele>
   </trkpt>
   <trkpt lat="45.7307710" lon="4.8143990">
    <ele>183.0</ele>
   </trkpt>
   <trkpt lat="45.7307910" lon="4.8144280">
    <ele>182.0</ele>
   </trkpt>
   <trkpt lat="45.7308100" lon="4.8144280">
    <ele>181.0</ele>
   </trkpt>
   <trkpt lat="45.7308300" lon="4.8144280">
    <ele>180.0</ele>
   </trkpt>
   <trkpt lat="45.7308490" lon="4.8143970">
    <ele>180.0</ele>
   </trkpt>
   <trkpt lat="45.7308680" lon="4.8143660">
    <ele>179.0</ele>
   </trkpt>
   <trkpt lat="45.7308970" lon="4.8143140">
    <ele>179.0</ele>
   </trkpt>
   <trkpt lat="45.7309250" lon="4.8142630">
    <ele>178.0</ele>
   </trkpt>
   <trkpt lat="45.7309580" lon="4.8142060">
    <ele>177.0</ele>
   </trkpt>
   <trkpt lat="45.7309900" lon="4.8141490">
    <ele>177.0</ele>
   </trkpt>
   <trkpt lat="45.7310200" lon="4.8141010">
    <ele>176.0</ele>
   </trkpt>
   <trkpt lat="45.7310500" lon="4.8140520">
    <ele>176.0</ele>
   </trkpt>
   <trkpt lat="45.7310820" lon="4.8140090">
    <ele>175.0</ele>
   </trkpt>
   <trkpt lat="45.7311130" lon="4.8139670">
    <ele>175.0</ele>
   </trkpt>
   <trkpt lat="45.7311440" lon="4.8139240">
    <ele>175.0</ele>
   </trkpt>
   <trkpt lat="45.7311760" lon="4.8138810">
    <ele>175.0</ele>
   </trkpt>
   <trkpt lat="45.7312060" lon="4.8138380">
    <ele>175.0</ele>
   </trkpt>
   <trkpt lat="45.7312370" lon="4.8137960">
    <ele>174.0</ele>
   </trkpt>
   <trkpt lat="45.7312700" lon="4.8137550">
    <ele>174.0</ele>
   </trkpt>
   <trkpt lat="45.7313030" lon="4.8137140">
    <ele>174.0</ele>
   </trkpt>
   <trkpt lat="45.7313360" lon="4.8136730">
    <ele>174.0</ele>
   </trkpt>
   <trkpt lat="45.7313700" lon="4.8136320">
    <ele>174.0</ele>
   </trkpt>
   <trkpt lat="45.7314050" lon="4.8135950">
    <ele>173.0</ele>
   </trkpt>
   <trkpt lat="45.7314400" lon="4.8135570">
    <ele>173.0</ele>
   </trkpt>
   <trkpt lat="45.7314780" lon="4.8135280">
    <ele>173.0</ele>
   </trkpt>
   <trkpt lat="45.7315170" lon="4.8134980">
    <ele>173.0</ele>
   </trkpt>
   <trkpt lat="45.7315570" lon="4.8134740">
    <ele>173.0</ele>
   </trkpt>
   <trkpt lat="45.7315980" lon="4.8134500">
    <ele>172.0</ele>
   </trkpt>
   <trkpt lat="45.7316410" lon="4.8134280">
    <ele>172.0</ele>
   </trkpt>
   <trkpt lat="45.7316840" lon="4.8134070">
    <ele>171.0</ele>
   </trkpt>
   <trkpt lat="45.7317260" lon="4.8133870">
    <ele>171.0</ele>
   </trkpt>
   <trkpt lat="45.7317680" lon="4.8133670">
    <ele>171.0</ele>
   </trkpt>
   <trkpt lat="45.7318090" lon="4.8133460">
    <ele>170.0</ele>
   </trkpt>
   <trkpt lat="45.7318510" lon="4.8133250">
    <ele>170.0</ele>
   </trkpt>
   <trkpt lat="45.7318910" lon="4.8133010">
    <ele>170.0</ele>
   </trkpt>
   <trkpt lat="45.7319320" lon="4.8132780">
    <ele>170.0</ele>
   </trkpt>
   <trkpt lat="45.7319700" lon="4.8132550">
    <ele>170.0</ele>
   </trkpt>
   <trkpt lat="45.7320090" lon="4.8132320">
    <ele>169.0</ele>
   </trkpt>
   <trkpt lat="45.7320490" lon="4.8132130">
    <ele>169.0</ele>
   </trkpt>
   <trkpt lat="45.7320890" lon="4.8131940">
    <ele>169.0</ele>
   </trkpt>
   <trkpt lat="45.7321320" lon="4.8131850">
    <ele>169.0</ele>
   </trkpt>
   <trkpt lat="45.7321740" lon="4.8131750">
    <ele>169.0</ele>
   </trkpt>
   <trkpt lat="45.7322170" lon="4.8131700">
    <ele>169.0</ele>
   </trkpt>
   <trkpt lat="45.7322600" lon="4.8131650">
    <ele>169.0</ele>
   </trkpt>
   <trkpt lat="45.7322940" lon="4.8131720">
    <ele>169.0</ele>
   </trkpt>
   <trkpt lat="45.7323290" lon="4.8131790">
    <ele>169.0</ele>
   </trkpt>
   <trkpt lat="45.7323300" lon="4.8132020">
    <ele>169.0</ele>
   </trkpt>
   <trkpt lat="45.7323310" lon="4.8132260">
    <ele>168.0</ele>
   </trkpt>
   <trkpt lat="45.7323020" lon="4.8132510">
    <ele>168.0</ele>
   </trkpt>
   <trkpt lat="45.7322730" lon="4.8132780">
    <ele>168.0</ele>
   </trkpt>
   <trkpt lat="45.7322310" lon="4.8133040">
    <ele>168.0</ele>
   </trkpt>
   <trkpt lat="45.7321880" lon="4.8133300">
    <ele>168.0</ele>
   </trkpt>
   <trkpt lat="45.7321450" lon="4.8133590">
    <ele>167.0</ele>
   </trkpt>
   <trkpt lat="45.7321020" lon="4.8133890">
    <ele>167.0</ele>
   </trkpt>
   <trkpt lat="45.7320610" lon="4.8134170">
    <ele>167.0</ele>
   </trkpt>
   <trkpt lat="45.7320190" lon="4.8134450">
    <ele>167.0</ele>
   </trkpt>
   <trkpt lat="45.7319790" lon="4.8134710">
    <ele>167.0</ele>
   </trkpt>
   <trkpt lat="45.7319390" lon="4.8134970">
    <ele>166.0</ele>
   </trkpt>
   <trkpt lat="45.7318970" lon="4.8135220">
    <ele>166.0</ele>
   </trkpt>
   <trkpt lat="45.7318560" lon="4.8135480">
    <ele>165.0</ele>
   </trkpt>
   <trkpt lat="45.7318150" lon="4.8135740">
    <ele>165.0</ele>
   </trkpt>
   <trkpt lat="45.7317740" lon="4.8136000">
    <ele>165.0</ele>
   </trkpt>
   <trkpt lat="45.7317320" lon="4.8136270">
    <ele>164.0</ele>
   </trkpt>
   <trkpt lat="45.7316900" lon="4.8136530">
    <ele>164.0</ele>
   </trkpt>
   <trkpt lat="45.7316490" lon="4.8136790">
    <ele>164.0</ele>
   </trkpt>
   <trkpt lat="45.7316080" lon="4.8137050">
    <ele>164.0</ele>
   </trkpt>
   <trkpt lat="45.7315680" lon="4.8137290">
    <ele>164.0</ele>
   </trkpt>
   <trkpt lat="45.7315280" lon="4.8137520">
    <ele>164.0</ele>
   </trkpt>
   <trkpt lat="45.7314870" lon="4.8137720">
    <ele>164.0</ele>
   </trkpt>
   <trkpt lat="45.7314460" lon="4.8137920">
    <ele>164.0</ele>
   </trkpt>
   <trkpt lat="45.7314110" lon="4.8138170">
    <ele>164.0</ele>
   </trkpt>
   <trkpt lat="45.7313760" lon="4.8138410">
    <ele>164.0</ele>
   </trkpt>
   <trkpt lat="45.7313470" lon="4.8138780">
    <ele>164.0</ele>
   </trkpt>
   <trkpt lat="45.7313190" lon="4.8139140">
    <ele>164.0</ele>
   </trkpt>
   <trkpt lat="45.7312920" lon="4.8139570">
    <ele>164.0</ele>
   </trkpt>
   <trkpt lat="45.7312650" lon="4.8140010">
    <ele>164.0</ele>
   </trkpt>
   <trkpt lat="45.7312390" lon="4.8140470">
    <ele>164.0</ele>
   </trkpt>
   <trkpt lat="45.7312120" lon="4.8140940">
    <ele>164.0</ele>
   </trkpt>
   <trkpt lat="45.7311870" lon="4.8141400">
    <ele>164.0</ele>
   </trkpt>
   <trkpt lat="45.7311620" lon="4.8141870">
    <ele>164.0</ele>
   </trkpt>
   <trkpt lat="45.7311400" lon="4.8142280">
    <ele>164.0</ele>
   </trkpt>
   <trkpt lat="45.7311170" lon="4.8142700">
    <ele>164.0</ele>
   </trkpt>
   <trkpt lat="45.7310960" lon="4.8143080">
    <ele>164.0</ele>
   </trkpt>
   <trkpt lat="45.7310750" lon="4.8143460">
    <ele>164.0</ele>
   </trkpt>
   <trkpt lat="45.7310540" lon="4.8143850">
    <ele>164.0</ele>
   </trkpt>
   <trkpt lat="45.7310320" lon="4.8144240">
    <ele>164.0</ele>
   </trkpt>
   <trkpt lat="45.7310100" lon="4.8144670">
    <ele>164.0</ele>
   </trkpt>
   <trkpt lat="45.7309880" lon="4.8145100">
    <ele>164.0</ele>
   </trkpt>
   <trkpt lat="45.7309650" lon="4.8145570">
    <ele>164.0</ele>
   </trkpt>
   <trkpt lat="45.7309410" lon="4.8146040">
    <ele>164.0</ele>
   </trkpt>
   <trkpt lat="45.7309170" lon="4.8146540">
    <ele>164.0</ele>
   </trkpt>
   <trkpt lat="45.7308930" lon="4.8147040">
    <ele>164.0</ele>
   </trkpt>
   <trkpt lat="45.7308700" lon="4.8147540">
    <ele>164.0</ele>
   </trkpt>
   <trkpt lat="45.7308470" lon="4.8148040">
    <ele>164.0</ele>
   </trkpt>
   <trkpt lat="45.7308250" lon="4.8148510">
    <ele>164.0</ele>
   </trkpt>
   <trkpt lat="45.7308030" lon="4.8148980">
    <ele>164.0</ele>
   </trkpt>
   <trkpt lat="45.7307810" lon="4.8149430">
    <ele>164.0</ele>
   </trkpt>
   <trkpt lat="45.7307580" lon="4.8149870">
    <ele>164.0</ele>
   </trkpt>
   <trkpt lat="45.7307380" lon="4.8150320">
    <ele>164.0</ele>
   </trkpt>
   <trkpt lat="45.7307180" lon="4.8150770">
    <ele>164.0</ele>
   </trkpt>
   <trkpt lat="45.7307030" lon="4.8151230">
    <ele>164.0</ele>
   </trkpt>
   <trkpt lat="45.7306890" lon="4.8151690">
    <ele>164.0</ele>
   </trkpt>
   <trkpt lat="45.7306790" lon="4.8152130">
    <ele>164.0</ele>
   </trkpt>
   <trkpt lat="45.7306700" lon="4.8152570">
    <ele>164.0</ele>
   </trkpt>
   <trkpt lat="45.7306630" lon="4.8153060">
    <ele>164.0</ele>
   </trkpt>
   <trkpt lat="45.7306570" lon="4.8153550">
    <ele>164.0</ele>
   </trkpt>
   <trkpt lat="45.7306460" lon="4.8154120">
    <ele>164.0</ele>
   </trkpt>
   <trkpt lat="45.7306340" lon="4.8154690">
    <ele>164.0</ele>
   </trkpt>
   <trkpt lat="45.7306110" lon="4.8155310">
    <ele>164.0</ele>
   </trkpt>
   <trkpt lat="45.7305870" lon="4.8155920">
    <ele>164.0</ele>
   </trkpt>
   <trkpt lat="45.7305510" lon="4.8156490">
    <ele>164.0</ele>
   </trkpt>
   <trkpt lat="45.7305150" lon="4.8157070">
    <ele>164.0</ele>
   </trkpt>
   <trkpt lat="45.7304650" lon="4.8157480">
    <ele>164.0</ele>
   </trkpt>
   <trkpt lat="45.7304150" lon="4.8157890">
    <ele>164.0</ele>
   </trkpt>
   <trkpt lat="45.7303670" lon="4.8158110">
    <ele>164.0</ele>
   </trkpt>
   <trkpt lat="45.7303200" lon="4.8158330">
    <ele>164.0</ele>
   </trkpt>
   <trkpt lat="45.7302890" lon="4.8158420">
    <ele>164.0</ele>
   </trkpt>
   <trkpt lat="45.7302580" lon="4.8158520">
    <ele>164.0</ele>
   </trkpt>
   <trkpt lat="45.7302420" lon="4.8158530">
    <ele>164.0</ele>
   </trkpt>
   <trkpt lat="45.7302270" lon="4.8158550">
    <ele>164.0</ele>
   </trkpt>
   <trkpt lat="45.7302250" lon="4.8158430">
    <ele>164.0</ele>
   </trkpt>
   <trkpt lat="45.7302220" lon="4.8158320">
    <ele>164.0</ele>
   </trkpt>
   <trkpt lat="45.7302230" lon="4.8158150">
    <ele>164.0</ele>
   </trkpt>
   <trkpt lat="45.7302240" lon="4.8157980">
    <ele>164.0</ele>
   </trkpt>
   <trkpt lat="45.7302220" lon="4.8157880">
    <ele>164.0</ele>
   </trkpt>
   <trkpt lat="45.7302190" lon="4.8157780">
    <ele>164.0</ele>
   </trkpt>
   <trkpt lat="45.7302100" lon="4.8157780">
    <ele>165.0</ele>
   </trkpt>
   <trkpt lat="45.7302010" lon="4.8157790">
    <ele>165.0</ele>
   </trkpt>
   <trkpt lat="45.7301930" lon="4.8157800">
    <ele>165.0</ele>
   </trkpt>
   <trkpt lat="45.7301850" lon="4.8157800">
    <ele>166.0</ele>
   </trkpt>
   <trkpt lat="45.7301920" lon="4.8157670">
    <ele>166.0</ele>
   </trkpt>
   <trkpt lat="45.7301990" lon="4.8157540">
    <ele>167.0</ele>
   </trkpt>
   <trkpt lat="45.7302240" lon="4.8157330">
    <ele>167.0</ele>
   </trkpt>
   <trkpt lat="45.7302480" lon="4.8157120">
    <ele>167.0</ele>
   </trkpt>
   <trkpt lat="45.7302800" lon="4.8156880">
    <ele>168.0</ele>
   </trkpt>
   <trkpt lat="45.7303120" lon="4.8156640">
    <ele>168.0</ele>
   </trkpt>
   <trkpt lat="45.7303480" lon="4.8156450">
    <ele>169.0</ele>
   </trkpt>
   <trkpt lat="45.7303850" lon="4.8156260">
    <ele>169.0</ele>
   </trkpt>
   <trkpt lat="45.7304240" lon="4.8156160">
    <ele>169.0</ele>
   </trkpt>
   <trkpt lat="45.7304630" lon="4.8156070">
    <ele>169.0</ele>
   </trkpt>
   <trkpt lat="45.7305030" lon="4.8156060">
    <ele>169.0</ele>
   </trkpt>
   <trkpt lat="45.7305430" lon="4.8156060">
    <ele>170.0</ele>
   </trkpt>
   <trkpt lat="45.7305800" lon="4.8156130">
    <ele>170.0</ele>
   </trkpt>
   <trkpt lat="45.7306180" lon="4.8156210">
    <ele>170.0</ele>
   </trkpt>
   <trkpt lat="45.7306540" lon="4.8156360">
    <ele>170.0</ele>
   </trkpt>
   <trkpt lat="45.7306890" lon="4.8156510">
    <ele>170.0</ele>
   </trkpt>
   <trkpt lat="45.7307230" lon="4.8156710">
    <ele>171.0</ele>
   </trkpt>
   <trkpt lat="45.7307570" lon="4.8156910">
    <ele>171.0</ele>
   </trkpt>
   <trkpt lat="45.7307910" lon="4.8157130">
    <ele>171.0</ele>
   </trkpt>
   <trkpt lat="45.7308250" lon="4.8157360">
    <ele>171.0</ele>
   </trkpt>
   <trkpt lat="45.7308590" lon="4.8157610">
    <ele>171.0</ele>
   </trkpt>
   <trkpt lat="45.7308930" lon="4.8157850">
    <ele>172.0</ele>
   </trkpt>
   <trkpt lat="45.7309250" lon="4.8158110">
    <ele>172.0</ele>
   </trkpt>
   <trkpt lat="45.7309580" lon="4.8158360">
    <ele>172.0</ele>
   </trkpt>
   <trkpt lat="45.7309900" lon="4.8158620">
    <ele>172.0</ele>
   </trkpt>
   <trkpt lat="45.7310220" lon="4.8158880">
    <ele>172.0</ele>
   </trkpt>
   <trkpt lat="45.7310530" lon="4.8159150">
    <ele>173.0</ele>
   </trkpt>
   <trkpt lat="45.7310840" lon="4.8159430">
    <ele>173.0</ele>
   </trkpt>
   <trkpt lat="45.7311170" lon="4.8159730">
    <ele>173.0</ele>
   </trkpt>
   <trkpt lat="45.7311500" lon="4.8160030">
    <ele>173.0</ele>
   </trkpt>
   <trkpt lat="45.7311860" lon="4.8160360">
    <ele>173.0</ele>
   </trkpt>
   <trkpt lat="45.7312220" lon="4.8160690">
    <ele>173.0</ele>
   </trkpt>
   <trkpt lat="45.7312590" lon="4.8161000">
    <ele>173.0</ele>
   </trkpt>
   <trkpt lat="45.7312970" lon="4.8161310">
    <ele>173.0</ele>
   </trkpt>
   <trkpt lat="45.7313340" lon="4.8161620">
    <ele>173.0</ele>
   </trkpt>
   <trkpt lat="45.7313720" lon="4.8161920">
    <ele>173.0</ele>
   </trkpt>
   <trkpt lat="45.7314100" lon="4.8162240">
    <ele>173.0</ele>
   </trkpt>
   <trkpt lat="45.7314470" lon="4.8162560">
    <ele>173.0</ele>
   </trkpt>
   <trkpt lat="45.7314830" lon="4.8162890">
    <ele>173.0</ele>
   </trkpt>
   <trkpt lat="45.7315190" lon="4.8163220">
    <ele>173.0</ele>
   </trkpt>
   <trkpt lat="45.7315550" lon="4.8163530">
    <ele>173.0</ele>
   </trkpt>
   <trkpt lat="45.7315910" lon="4.8163840">
    <ele>173.0</ele>
   </trkpt>
   <trkpt lat="45.7316260" lon="4.8164150">
    <ele>173.0</ele>
   </trkpt>
   <trkpt lat="45.7316610" lon="4.8164450">
    <ele>173.0</ele>
   </trkpt>
   <trkpt lat="45.7316970" lon="4.8164740">
    <ele>173.0</ele>
   </trkpt>
   <trkpt lat="45.7317330" lon="4.8165040">
    <ele>173.0</ele>
   </trkpt>
   <trkpt lat="45.7317700" lon="4.8165340">
    <ele>173.0</ele>
   </trkpt>
   <trkpt lat="45.7318070" lon="4.8165650">
    <ele>173.0</ele>
   </trkpt>
   <trkpt lat="45.7318430" lon="4.8165980">
    <ele>173.0</ele>
   </trkpt>
   <trkpt lat="45.7318790" lon="4.8166310">
    <ele>173.0</ele>
   </trkpt>
   <trkpt lat="45.7319140" lon="4.8166660">
    <ele>173.0</ele>
   </trkpt>
   <trkpt lat="45.7319480" lon="4.8167010">
    <ele>173.0</ele>
   </trkpt>
   <trkpt lat="45.7319820" lon="4.8167380">
    <ele>172.0</ele>
   </trkpt>
   <trkpt lat="45.7320170" lon="4.8167740">
    <ele>172.0</ele>
   </trkpt>
   <trkpt lat="45.7320500" lon="4.8168140">
    <ele>172.0</ele>
   </trkpt>
   <trkpt lat="45.7320840" lon="4.8168540">
    <ele>172.0</ele>
   </trkpt>
   <trkpt lat="45.7321160" lon="4.8168950">
    <ele>172.0</ele>
   </trkpt>
   <trkpt lat="45.7321490" lon="4.8169360">
    <ele>172.0</ele>
   </trkpt>
   <trkpt lat="45.7321830" lon="4.8169750">
    <ele>172.0</ele>
   </trkpt>
   <trkpt lat="45.7322170" lon="4.8170150">
    <ele>172.0</ele>
   </trkpt>
   <trkpt lat="45.7322520" lon="4.8170500">
    <ele>172.0</ele>
   </trkpt>
   <trkpt lat="45.7322870" lon="4.8170860">
    <ele>172.0</ele>
   </trkpt>
   <trkpt lat="45.7323220" lon="4.8171230">
    <ele>171.0</ele>
   </trkpt>
   <trkpt lat="45.7323570" lon="4.8171590">
    <ele>171.0</ele>
   </trkpt>
   <trkpt lat="45.7323910" lon="4.8171950">
    <ele>171.0</ele>
   </trkpt>
   <trkpt lat="45.7324250" lon="4.8172310">
    <ele>171.0</ele>
   </trkpt>
   <trkpt lat="45.7324570" lon="4.8172670">
    <ele>171.0</ele>
   </trkpt>
   <trkpt lat="45.7324890" lon="4.8173030">
    <ele>171.0</ele>
   </trkpt>
   <trkpt lat="45.7325210" lon="4.8173400">
    <ele>171.0</ele>
   </trkpt>
   <trkpt lat="45.7325540" lon="4.8173770">
    <ele>171.0</ele>
   </trkpt>
   <trkpt lat="45.7325850" lon="4.8174150">
    <ele>171.0</ele>
   </trkpt>
   <trkpt lat="45.7326160" lon="4.8174530">
    <ele>171.0</ele>
   </trkpt>
   <trkpt lat="45.7326450" lon="4.8174910">
    <ele>171.0</ele>
   </trkpt>
   <trkpt lat="45.7326750" lon="4.8175290">
    <ele>171.0</ele>
   </trkpt>
   <trkpt lat="45.7327060" lon="4.8175610">
    <ele>171.0</ele>
   </trkpt>
   <trkpt lat="45.7327380" lon="4.8175940">
    <ele>171.0</ele>
   </trkpt>
   <trkpt lat="45.7327740" lon="4.8176240">
    <ele>171.0</ele>
   </trkpt>
   <trkpt lat="45.7328110" lon="4.8176540">
    <ele>170.0</ele>
   </trkpt>
   <trkpt lat="45.7328490" lon="4.8176830">
    <ele>170.0</ele>
   </trkpt>
   <trkpt lat="45.7328880" lon="4.8177120">
    <ele>170.0</ele>
   </trkpt>
   <trkpt lat="45.7329250" lon="4.8177430">
    <ele>170.0</ele>
   </trkpt>
   <trkpt lat="45.7329630" lon="4.8177730">
    <ele>170.0</ele>
   </trkpt>
   <trkpt lat="45.7330010" lon="4.8178040">
    <ele>170.0</ele>
   </trkpt>
   <trkpt lat="45.7330390" lon="4.8178350">
    <ele>170.0</ele>
   </trkpt>
   <trkpt lat="45.7330770" lon="4.8178640">
    <ele>170.0</ele>
   </trkpt>
   <trkpt lat="45.7331150" lon="4.8178930">
    <ele>170.0</ele>
   </trkpt>
   <trkpt lat="45.7331520" lon="4.8179230">
    <ele>170.0</ele>
   </trkpt>
   <trkpt lat="45.7331890" lon="4.8179520">
    <ele>169.0</ele>
   </trkpt>
   <trkpt lat="45.7332240" lon="4.8179830">
    <ele>169.0</ele>
   </trkpt>
   <trkpt lat="45.7332580" lon="4.8180130">
    <ele>169.0</ele>
   </trkpt>
   <trkpt lat="45.7332880" lon="4.8180440">
    <ele>169.0</ele>
   </trkpt>
   <trkpt lat="45.7333180" lon="4.8180760">
    <ele>169.0</ele>
   </trkpt>
   <trkpt lat="45.7333450" lon="4.8181130">
    <ele>169.0</ele>
   </trkpt>
   <trkpt lat="45.7333710" lon="4.8181500">
    <ele>169.0</ele>
   </trkpt>
   <trkpt lat="45.7333980" lon="4.8181910">
    <ele>169.0</ele>
   </trkpt>
   <trkpt lat="45.7334250" lon="4.8182310">
    <ele>169.0</ele>
   </trkpt>
   <trkpt lat="45.7334540" lon="4.8182710">
    <ele>169.0</ele>
   </trkpt>
   <trkpt lat="45.7334830" lon="4.8183120">
    <ele>169.0</ele>
   </trkpt>
   <trkpt lat="45.7335030" lon="4.8183600">
    <ele>169.0</ele>
   </trkpt>
   <trkpt lat="45.7335240" lon="4.8184090">
    <ele>169.0</ele>
   </trkpt>
   <trkpt lat="45.7335340" lon="4.8184670">
    <ele>169.0</ele>
   </trkpt>
   <trkpt lat="45.7335430" lon="4.8185260">
    <ele>170.0</ele>
   </trkpt>
   <trkpt lat="45.7335480" lon="4.8185870">
    <ele>170.0</ele>
   </trkpt>
   <trkpt lat="45.7335520" lon="4.8186490">
    <ele>170.0</ele>
   </trkpt>
   <trkpt lat="45.7335510" lon="4.8187100">
    <ele>170.0</ele>
   </trkpt>
   <trkpt lat="45.7335500" lon="4.8187720">
    <ele>170.0</ele>
   </trkpt>
   <trkpt lat="45.7335440" lon="4.8188350">
    <ele>170.0</ele>
   </trkpt>
   <trkpt lat="45.7335380" lon="4.8188990">
    <ele>170.0</ele>
   </trkpt>
   <trkpt lat="45.7335280" lon="4.8189610">
    <ele>170.0</ele>
   </trkpt>
   <trkpt lat="45.7335190" lon="4.8190240">
    <ele>170.0</ele>
   </trkpt>
   <trkpt lat="45.7335070" lon="4.8190820">
    <ele>170.0</ele>
   </trkpt>
   <trkpt lat="45.7334950" lon="4.8191400">
    <ele>170.0</ele>
   </trkpt>
   <trkpt lat="45.7334820" lon="4.8191960">
    <ele>170.0</ele>
   </trkpt>
   <trkpt lat="45.7334680" lon="4.8192520">
    <ele>170.0</ele>
   </trkpt>
   <trkpt lat="45.7334520" lon="4.8193070">
    <ele>170.0</ele>
   </trkpt>
   <trkpt lat="45.7334370" lon="4.8193620">
    <ele>170.0</ele>
   </trkpt>
   <trkpt lat="45.7334170" lon="4.8194130">
    <ele>170.0</ele>
   </trkpt>
   <trkpt lat="45.7333960" lon="4.8194640">
    <ele>170.0</ele>
   </trkpt>
   <trkpt lat="45.7333710" lon="4.8195110">
    <ele>170.0</ele>
   </trkpt>
   <trkpt lat="45.7333460" lon="4.8195570">
    <ele>170.0</ele>
   </trkpt>
   <trkpt lat="45.7333180" lon="4.8195990">
    <ele>170.0</ele>
   </trkpt>
   <trkpt lat="45.7332900" lon="4.8196400">
    <ele>171.0</ele>
   </trkpt>
   <trkpt lat="45.7332610" lon="4.8196780">
    <ele>171.0</ele>
   </trkpt>
   <trkpt lat="45.7332320" lon="4.8197170">
    <ele>171.0</ele>
   </trkpt>
   <trkpt lat="45.7332020" lon="4.8197530">
    <ele>171.0</ele>
   </trkpt>
   <trkpt lat="45.7331730" lon="4.8197900">
    <ele>171.0</ele>
   </trkpt>
   <trkpt lat="45.7331420" lon="4.8198250">
    <ele>171.0</ele>
   </trkpt>
   <trkpt lat="45.7331120" lon="4.8198600">
    <ele>171.0</ele>
   </trkpt>
   <trkpt lat="45.7330820" lon="4.8198940">
    <ele>171.0</ele>
   </trkpt>
   <trkpt lat="45.7330510" lon="4.8199290">
    <ele>171.0</ele>
   </trkpt>
   <trkpt lat="45.7330230" lon="4.8199640">
    <ele>171.0</ele>
   </trkpt>
   <trkpt lat="45.7329940" lon="4.8200000">
    <ele>172.0</ele>
   </trkpt>
   <trkpt lat="45.7329650" lon="4.8200370">
    <ele>172.0</ele>
   </trkpt>
   <trkpt lat="45.7329350" lon="4.8200740">
    <ele>172.0</ele>
   </trkpt>
   <trkpt lat="45.7329050" lon="4.8201120">
    <ele>172.0</ele>
   </trkpt>
   <trkpt lat="45.7328740" lon="4.8201500">
    <ele>172.0</ele>
   </trkpt>
   <trkpt lat="45.7328440" lon="4.8201890">
    <ele>173.0</ele>
   </trkpt>
   <trkpt lat="45.7328140" lon="4.8202280">
    <ele>173.0</ele>
   </trkpt>
   <trkpt lat="45.7327840" lon="4.8202650">
    <ele>173.0</ele>
   </trkpt>
   <trkpt lat="45.7327530" lon="4.8203020">
    <ele>173.0</ele>
   </trkpt>
   <trkpt lat="45.7327240" lon="4.8203370">
    <ele>173.0</ele>
   </trkpt>
   <trkpt lat="45.7326940" lon="4.8203730">
    <ele>173.0</ele>
   </trkpt>
   <trkpt lat="45.7326660" lon="4.8204100">
    <ele>173.0</ele>
   </trkpt>
   <trkpt lat="45.7326370" lon="4.8204470">
    <ele>173.0</ele>
   </trkpt>
   <trkpt lat="45.7326070" lon="4.8204860">
    <ele>173.0</ele>
   </trkpt>
   <trkpt lat="45.7325770" lon="4.8205250">
    <ele>173.0</ele>
   </trkpt>
   <trkpt lat="45.7325470" lon="4.8205650">
    <ele>173.0</ele>
   </trkpt>
   <trkpt lat="45.7325170" lon="4.8206060">
    <ele>173.0</ele>
   </trkpt>
   <trkpt lat="45.7324880" lon="4.8206470">
    <ele>173.0</ele>
   </trkpt>
   <trkpt lat="45.7324590" lon="4.8206870">
    <ele>173.0</ele>
   </trkpt>
   <trkpt lat="45.7324290" lon="4.8207290">
    <ele>173.0</ele>
   </trkpt>
   <trkpt lat="45.7323990" lon="4.8207700">
    <ele>173.0</ele>
   </trkpt>
   <trkpt lat="45.7323690" lon="4.8208110">
    <ele>173.0</ele>
   </trkpt>
   <trkpt lat="45.7323380" lon="4.8208510">
    <ele>173.0</ele>
   </trkpt>
   <trkpt lat="45.7323070" lon="4.8208920">
    <ele>173.0</ele>
   </trkpt>
   <trkpt lat="45.7322760" lon="4.8209320">
    <ele>173.0</ele>
   </trkpt>
   <trkpt lat="45.7322450" lon="4.8209710">
    <ele>173.0</ele>
   </trkpt>
   <trkpt lat="45.7322140" lon="4.8210100">
    <ele>173.0</ele>
   </trkpt>
   <trkpt lat="45.7321820" lon="4.8210520">
    <ele>173.0</ele>
   </trkpt>
   <trkpt lat="45.7321500" lon="4.8210950">
    <ele>173.0</ele>
   </trkpt>
   <trkpt lat="45.7321170" lon="4.8211390">
    <ele>173.0</ele>
   </trkpt>
   <trkpt lat="45.7320840" lon="4.8211840">
    <ele>173.0</ele>
   </trkpt>
   <trkpt lat="45.7320520" lon="4.8212280">
    <ele>173.0</ele>
   </trkpt>
   <trkpt lat="45.7320200" lon="4.8212720">
    <ele>173.0</ele>
   </trkpt>
   <trkpt lat="45.7319920" lon="4.8213180">
    <ele>173.0</ele>
   </trkpt>
   <trkpt lat="45.7319650" lon="4.8213630">
    <ele>173.0</ele>
   </trkpt>
   <trkpt lat="45.7319420" lon="4.8214110">
    <ele>173.0</ele>
   </trkpt>
   <trkpt lat="45.7319200" lon="4.8214590">
    <ele>172.0</ele>
   </trkpt>
   <trkpt lat="45.7318960" lon="4.8215040">
    <ele>172.0</ele>
   </trkpt>
   <trkpt lat="45.7318730" lon="4.8215500">
    <ele>171.0</ele>
   </trkpt>
   <trkpt lat="45.7318470" lon="4.8215780">
    <ele>171.0</ele>
   </trkpt>
   <trkpt lat="45.7318220" lon="4.8216060">
    <ele>171.0</ele>
   </trkpt>
   <trkpt lat="45.7317950" lon="4.8216140">
    <ele>170.0</ele>
   </trkpt>
   <trkpt lat="45.7317690" lon="4.8216230">
    <ele>170.0</ele>
   </trkpt>
   <trkpt lat="45.7317390" lon="4.8216060">
    <ele>170.0</ele>
   </trkpt>
   <trkpt lat="45.7317090" lon="4.8215880">
    <ele>170.0</ele>
   </trkpt>
   <trkpt lat="45.7316740" lon="4.8215550">
    <ele>170.0</ele>
   </trkpt>
   <trkpt lat="45.7316400" lon="4.8215210">
    <ele>169.0</ele>
   </trkpt>
   <trkpt lat="45.7316010" lon="4.8214850">
    <ele>169.0</ele>
   </trkpt>
   <trkpt lat="45.7315630" lon="4.8214500">
    <ele>168.0</ele>
   </trkpt>
   <trkpt lat="45.7315250" lon="4.8214200">
    <ele>168.0</ele>
   </trkpt>
   <trkpt lat="45.7314870" lon="4.8213900">
    <ele>168.0</ele>
   </trkpt>
   <trkpt lat="45.7314490" lon="4.8213640">
    <ele>167.0</ele>
   </trkpt>
   <trkpt lat="45.7314120" lon="4.8213380">
    <ele>167.0</ele>
   </trkpt>
   <trkpt lat="45.7313730" lon="4.8213160">
    <ele>167.0</ele>
   </trkpt>
   <trkpt lat="45.7313350" lon="4.8212940">
    <ele>167.0</ele>
   </trkpt>
   <trkpt lat="45.7312940" lon="4.8212790">
    <ele>167.0</ele>
   </trkpt>
   <trkpt lat="45.7312530" lon="4.8212630">
    <ele>166.0</ele>
   </trkpt>
   <trkpt lat="45.7312110" lon="4.8212580">
    <ele>166.0</ele>
   </trkpt>
   <trkpt lat="45.7311680" lon="4.8212520">
    <ele>166.0</ele>
   </trkpt>
   <trkpt lat="45.7311250" lon="4.8212580">
    <ele>166.0</ele>
   </trkpt>
   <trkpt lat="45.7310820" lon="4.8212650">
    <ele>166.0</ele>
   </trkpt>
   <trkpt lat="45.7310400" lon="4.8212780">
    <ele>165.0</ele>
   </trkpt>
   <trkpt lat="45.7309980" lon="4.8212910">
    <ele>165.0</ele>
   </trkpt>
   <trkpt lat="45.7309580" lon="4.8213060">
    <ele>165.0</ele>
   </trkpt>
   <trkpt lat="45.7309180" lon="4.8213220">
    <ele>165.0</ele>
   </trkpt>
   <trkpt lat="45.7308770" lon="4.8213390">
    <ele>165.0</ele>
   </trkpt>
   <trkpt lat="45.7308370" lon="4.8213570">
    <ele>165.0</ele>
   </trkpt>
   <trkpt lat="45.7307960" lon="4.8213780">
    <ele>165.0</ele>
   </trkpt>
   <trkpt lat="45.7307550" lon="4.8214000">
    <ele>165.0</ele>
   </trkpt>
   <trkpt lat="45.7307130" lon="4.8214240">
    <ele>165.0</ele>
   </trkpt>
   <trkpt lat="45.7306710" lon="4.8214490">
    <ele>166.0</ele>
   </trkpt>
   <trkpt lat="45.7306310" lon="4.8214730">
    <ele>166.0</ele>
   </trkpt>
   <trkpt lat="45.7305900" lon="4.8214970">
    <ele>166.0</ele>
   </trkpt>
   <trkpt lat="45.7305500" lon="4.8215200">
    <ele>166.0</ele>
   </trkpt>
   <trkpt lat="45.7305110" lon="4.8215430">
    <ele>166.0</ele>
   </trkpt>
   <trkpt lat="45.7304720" lon="4.8215610">
    <ele>166.0</ele>
   </trkpt>
   <trkpt lat="45.7304340" lon="4.8215790">
    <ele>166.0</ele>
   </trkpt>
   <trkpt lat="45.7303950" lon="4.8215930">
    <ele>166.0</ele>
   </trkpt>
   <trkpt lat="45.7303560" lon="4.8216070">
    <ele>166.0</ele>
   </trkpt>
   <trkpt lat="45.7303170" lon="4.8216180">
    <ele>166.0</ele>
   </trkpt>
   <trkpt lat="45.7302790" lon="4.8216290">
    <ele>167.0</ele>
   </trkpt>
   <trkpt lat="45.7302400" lon="4.8216400">
    <ele>167.0</ele>
   </trkpt>
   <trkpt lat="45.7302010" lon="4.8216500">
    <ele>167.0</ele>
   </trkpt>
   <trkpt lat="45.7301610" lon="4.8216600">
    <ele>167.0</ele>
   </trkpt>
   <trkpt lat="45.7301210" lon="4.8216700">
    <ele>167.0</ele>
   </trkpt>
   <trkpt lat="45.7300810" lon="4.8216790">
    <ele>167.0</ele>
   </trkpt>
   <trkpt lat="45.7300420" lon="4.8216870">
    <ele>166.0</ele>
   </trkpt>
   <trkpt lat="45.7300010" lon="4.8216930">
    <ele>166.0</ele>
   </trkpt>
   <trkpt lat="45.7299600" lon="4.8216990">
    <ele>166.0</ele>
   </trkpt>
   <trkpt lat="45.7299180" lon="4.8216970">
    <ele>166.0</ele>
   </trkpt>
   <trkpt lat="45.7298760" lon="4.8216940">
    <ele>166.0</ele>
   </trkpt>
   <trkpt lat="45.7298350" lon="4.8216790">
    <ele>166.0</ele>
   </trkpt>
   <trkpt lat="45.7297940" lon="4.8216630">
    <ele>166.0</ele>
   </trkpt>
   <trkpt lat="45.7297550" lon="4.8216370">
    <ele>166.0</ele>
   </trkpt>
   <trkpt lat="45.7297150" lon="4.8216120">
    <ele>166.0</ele>
   </trkpt>
   <trkpt lat="45.7296760" lon="4.8215820">
    <ele>166.0</ele>
   </trkpt>
   <trkpt lat="45.7296380" lon="4.8215530">
    <ele>166.0</ele>
   </trkpt>
   <trkpt lat="45.7296010" lon="4.8215260">
    <ele>166.0</ele>
   </trkpt>
   <trkpt lat="45.7295640" lon="4.8214990">
    <ele>166.0</ele>
   </trkpt>
   <trkpt lat="45.7295280" lon="4.8214710">
    <ele>166.0</ele>
   </trkpt>
   <trkpt lat="45.7294920" lon="4.8214420">
    <ele>166.0</ele>
   </trkpt>
   <trkpt lat="45.7294570" lon="4.8214100">
    <ele>166.0</ele>
   </trkpt>
   <trkpt lat="45.7294220" lon="4.8213780">
    <ele>166.0</ele>
   </trkpt>
   <trkpt lat="45.7293870" lon="4.8213520">
    <ele>166.0</ele>
   </trkpt>
   <trkpt lat="45.7293530" lon="4.8213260">
    <ele>166.0</ele>
   </trkpt>
   <trkpt lat="45.7293180" lon="4.8213210">
    <ele>166.0</ele>
   </trkpt>
   <trkpt lat="45.7292840" lon="4.8213150">
    <ele>166.0</ele>
   </trkpt>
   <trkpt lat="45.7292500" lon="4.8213340">
    <ele>166.0</ele>
   </trkpt>
   <trkpt lat="45.7292170" lon="4.8213540">
    <ele>166.0</ele>
   </trkpt>
   <trkpt lat="45.7291850" lon="4.8213880">
    <ele>166.0</ele>
   </trkpt>
   <trkpt lat="45.7291530" lon="4.8214230">
    <ele>166.0</ele>
   </trkpt>
   <trkpt lat="45.7291270" lon="4.8214670">
    <ele>166.0</ele>
   </trkpt>
   <trkpt lat="45.7291020" lon="4.8215100">
    <ele>166.0</ele>
   </trkpt>
   <trkpt lat="45.7290830" lon="4.8215550">
    <ele>166.0</ele>
   </trkpt>
   <trkpt lat="45.7290640" lon="4.8216000">
    <ele>166.0</ele>
   </trkpt>
   <trkpt lat="45.7290540" lon="4.8216490">
    <ele>166.0</ele>
   </trkpt>
   <trkpt lat="45.7290430" lon="4.8216990">
    <ele>166.0</ele>
   </trkpt>
   <trkpt lat="45.7290370" lon="4.8217540">
    <ele>166.0</ele>
   </trkpt>
   <trkpt lat="45.7290320" lon="4.8218080">
    <ele>166.0</ele>
   </trkpt>
   <trkpt lat="45.7290310" lon="4.8218650">
    <ele>166.0</ele>
   </trkpt>
   <trkpt lat="45.7290300" lon="4.8219220">
    <ele>166.0</ele>
   </trkpt>
   <trkpt lat="45.7290310" lon="4.8219810">
    <ele>166.0</ele>
   </trkpt>
   <trkpt lat="45.7290320" lon="4.8220410">
    <ele>166.0</ele>
   </trkpt>
   <trkpt lat="45.7290340" lon="4.8221010">
    <ele>166.0</ele>
   </trkpt>
   <trkpt lat="45.7290360" lon="4.8221600">
    <ele>166.0</ele>
   </trkpt>
   <trkpt lat="45.7290360" lon="4.8222170">
    <ele>166.0</ele>
   </trkpt>
   <trkpt lat="45.7290360" lon="4.8222740">
    <ele>166.0</ele>
   </trkpt>
   <trkpt lat="45.7290370" lon="4.8223300">
    <ele>166.0</ele>
   </trkpt>
   <trkpt lat="45.7290370" lon="4.8223850">
    <ele>166.0</ele>
   </trkpt>
   <trkpt lat="45.7290410" lon="4.8224420">
    <ele>166.0</ele>
   </trkpt>
   <trkpt lat="45.7290440" lon="4.8225000">
    <ele>167.0</ele>
   </trkpt>
   <trkpt lat="45.7290460" lon="4.8225580">
    <ele>167.0</ele>
   </trkpt>
   <trkpt lat="45.7290490" lon="4.8226160">
    <ele>167.0</ele>
   </trkpt>
   <trkpt lat="45.7290450" lon="4.8226760">
    <ele>167.0</ele>
   </trkpt>
   <trkpt lat="45.7290420" lon="4.8227350">
    <ele>167.0</ele>
   </trkpt>
   <trkpt lat="45.7290260" lon="4.8227930">
    <ele>167.0</ele>
   </trkpt>
   <trkpt lat="45.7290090" lon="4.8228510">
    <ele>167.0</ele>
   </trkpt>
   <trkpt lat="45.7289840" lon="4.8228980">
    <ele>167.0</ele>
   </trkpt>
   <trkpt lat="45.7289590" lon="4.8229460">
    <ele>167.0</ele>
   </trkpt>
   <trkpt lat="45.7289430" lon="4.8229860">
    <ele>167.0</ele>
   </trkpt>
   <trkpt lat="45.7289260" lon="4.8230270">
    <ele>167.0</ele>
   </trkpt>
   <trkpt lat="45.7289200" lon="4.8230720">
    <ele>166.0</ele>
   </trkpt>
   <trkpt lat="45.7289140" lon="4.8231170">
    <ele>166.0</ele>
   </trkpt>
   <trkpt lat="45.7289140" lon="4.8231700">
    <ele>166.0</ele>
   </trkpt>
   <trkpt lat="45.7289140" lon="4.8232230">
    <ele>166.0</ele>
   </trkpt>
   <trkpt lat="45.7289160" lon="4.8232810">
    <ele>166.0</ele>
   </trkpt>
   <trkpt lat="45.7289180" lon="4.8233390">
    <ele>166.0</ele>
   </trkpt>
   <trkpt lat="45.7289220" lon="4.8233980">
    <ele>166.0</ele>
   </trkpt>
   <trkpt lat="45.7289260" lon="4.8234570">
    <ele>166.0</ele>
   </trkpt>
   <trkpt lat="45.7289280" lon="4.8235090">
    <ele>166.0</ele>
   </trkpt>
   <trkpt lat="45.7289310" lon="4.8235610">
    <ele>166.0</ele>
   </trkpt>
   <trkpt lat="45.7289440" lon="4.8235880">
    <ele>166.0</ele>
   </trkpt>
   <trkpt lat="45.7289560" lon="4.8236160">
    <ele>166.0</ele>
   </trkpt>
   <trkpt lat="45.7289850" lon="4.8236240">
    <ele>166.0</ele>
   </trkpt>
   <trkpt lat="45.7290140" lon="4.8236310">
    <ele>166.0</ele>
   </trkpt>
   <trkpt lat="45.7290570" lon="4.8236270">
    <ele>167.0</ele>
   </trkpt>
   <trkpt lat="45.7291000" lon="4.8236220">
    <ele>167.0</ele>
   </trkpt>
   <trkpt lat="45.7291480" lon="4.8236150">
    <ele>167.0</ele>
   </trkpt>
   <trkpt lat="45.7291950" lon="4.8236080">
    <ele>167.0</ele>
   </trkpt>
   <trkpt lat="45.7292460" lon="4.8236110">
    <ele>167.0</ele>
   </trkpt>
   <trkpt lat="45.7292960" lon="4.8236130">
    <ele>167.0</ele>
   </trkpt>
   <trkpt lat="45.7293460" lon="4.8236230">
    <ele>167.0</ele>
   </trkpt>
   <trkpt lat="45.7293960" lon="4.8236320">
    <ele>167.0</ele>
   </trkpt>
   <trkpt lat="45.7294470" lon="4.8236390">
    <ele>167.0</ele>
   </trkpt>
   <trkpt lat="45.7294970" lon="4.8236460">
    <ele>167.0</ele>
   </trkpt>
   <trkpt lat="45.7295500" lon="4.8236490">
    <ele>167.0</ele>
   </trkpt>
   <trkpt lat="45.7296020" lon="4.8236510">
    <ele>167.0</ele>
   </trkpt>
   <trkpt lat="45.7296540" lon="4.8236580">
    <ele>167.0</ele>
   </trkpt>
   <trkpt lat="45.7297060" lon="4.8236650">
    <ele>167.0</ele>
   </trkpt>
   <trkpt lat="45.7297360" lon="4.8237090">
    <ele>167.0</ele>
   </trkpt>
   <trkpt lat="45.7297660" lon="4.8237530">
    <ele>167.0</ele>
   </trkpt>
   <trkpt lat="45.7297700" lon="4.8238280">
    <ele>166.0</ele>
   </trkpt>
   <trkpt lat="45.7297750" lon="4.8239040">
    <ele>166.0</ele>
   </trkpt>
   <trkpt lat="45.7297690" lon="4.8239830">
    <ele>166.0</ele>
   </trkpt>
   <trkpt lat="45.7297640" lon="4.8240620">
    <ele>166.0</ele>
   </trkpt>
   <trkpt lat="45.7297700" lon="4.8241220">
    <ele>166.0</ele>
   </trkpt>
   <trkpt lat="45.7297770" lon="4.8241820">
    <ele>166.0</ele>
   </trkpt>
   <trkpt lat="45.7298060" lon="4.8242100">
    <ele>166.0</ele>
   </trkpt>
   <trkpt lat="45.7298350" lon="4.8242390">
    <ele>166.0</ele>
   </trkpt>
   <trkpt lat="45.7298700" lon="4.8242570">
    <ele>166.0</ele>
   </trkpt>
   <trkpt lat="45.7299050" lon="4.8242760">
    <ele>166.0</ele>
   </trkpt>
   <trkpt lat="45.7299230" lon="4.8243170">
    <ele>166.0</ele>
   </trkpt>
   <trkpt lat="45.7299410" lon="4.8243580">
    <ele>166.0</ele>
   </trkpt>
   <trkpt lat="45.7299420" lon="4.8244170">
    <ele>166.0</ele>
   </trkpt>
   <trkpt lat="45.7299420" lon="4.8244770">
    <ele>166.0</ele>
   </trkpt>
   <trkpt lat="45.7299360" lon="4.8245370">
    <ele>166.0</ele>
   </trkpt>
   <trkpt lat="45.7299310" lon="4.8245970">
    <ele>166.0</ele>
   </trkpt>
   <trkpt lat="45.7299310" lon="4.8246540">
    <ele>166.0</ele>
   </trkpt>
   <trkpt lat="45.7299300" lon="4.8247110">
    <ele>166.0</ele>
   </trkpt>
   <trkpt lat="45.7299360" lon="4.8247670">
    <ele>166.0</ele>
   </trkpt>
   <trkpt lat="45.7299410" lon="4.8248240">
    <ele>166.0</ele>
   </trkpt>
   <trkpt lat="45.7299440" lon="4.8249040">
    <ele>166.0</ele>
   </trkpt>
   <trkpt lat="45.7299470" lon="4.8249840">
    <ele>166.0</ele>
   </trkpt>
  </trkseg>
 </trk>
</gpx>
