<?xml version="1.0" encoding="UTF-8"?>
<gpx xmlns:xsi="http://www.w3.org/2001/XMLSchema-instance" xsi:schemaLocation="http://www.topografix.com/GPX/1/1 http://www.topografix.com/GPX/1/1/gpx.xsd" creator="StravaGPX" version="1.1" xmlns="http://www.topografix.com/GPX/1/1">
 <trk>
  <name>SaintéSprint 🤯 #5</name>
  <type>running</type>
  <trkseg>
   <trkpt lat="45.6766980" lon="4.7016770">
    <ele>348.8</ele>
   </trkpt>
   <trkpt lat="45.6766470" lon="4.7016560">
    <ele>348.8</ele>
   </trkpt>
   <trkpt lat="45.6765960" lon="4.7016350">
    <ele>348.8</ele>
   </trkpt>
   <trkpt lat="45.6765450" lon="4.7016140">
    <ele>348.8</ele>
   </trkpt>
   <trkpt lat="45.6764940" lon="4.7015930">
    <ele>348.8</ele>
   </trkpt>
   <trkpt lat="45.6764430" lon="4.7015730">
    <ele>348.8</ele>
   </trkpt>
   <trkpt lat="45.6763920" lon="4.7015520">
    <ele>348.8</ele>
   </trkpt>
   <trkpt lat="45.6763410" lon="4.7015310">
    <ele>348.8</ele>
   </trkpt>
   <trkpt lat="45.6762900" lon="4.7015100">
    <ele>348.8</ele>
   </trkpt>
   <trkpt lat="45.6762300" lon="4.7015000">
    <ele>349.0</ele>
   </trkpt>
   <trkpt lat="45.6761550" lon="4.7014750">
    <ele>349.4</ele>
   </trkpt>
   <trkpt lat="45.6761280" lon="4.7014690">
    <ele>349.4</ele>
   </trkpt>
   <trkpt lat="45.6760740" lon="4.7014560">
    <ele>349.4</ele>
   </trkpt>
   <trkpt lat="45.6760260" lon="4.7014430">
    <ele>350.0</ele>
   </trkpt>
   <trkpt lat="45.6759710" lon="4.7014220">
    <ele>350.0</ele>
   </trkpt>
   <trkpt lat="45.6759230" lon="4.7013980">
    <ele>350.2</ele>
   </trkpt>
   <trkpt lat="45.6758690" lon="4.7013800">
    <ele>350.2</ele>
   </trkpt>
   <trkpt lat="45.6758140" lon="4.7013720">
    <ele>350.4</ele>
   </trkpt>
   <trkpt lat="45.6757630" lon="4.7013580">
    <ele>350.6</ele>
   </trkpt>
   <trkpt lat="45.6757120" lon="4.7013470">
    <ele>350.6</ele>
   </trkpt>
   <trkpt lat="45.6756640" lon="4.7013440">
    <ele>350.2</ele>
   </trkpt>
   <trkpt lat="45.6756130" lon="4.7013380">
    <ele>350.2</ele>
   </trkpt>
   <trkpt lat="45.6755580" lon="4.7013350">
    <ele>350.2</ele>
   </trkpt>
   <trkpt lat="45.6755040" lon="4.7013220">
    <ele>350.2</ele>
   </trkpt>
   <trkpt lat="45.6754460" lon="4.7013080">
    <ele>350.2</ele>
   </trkpt>
   <trkpt lat="45.6753890" lon="4.7013020">
    <ele>350.0</ele>
   </trkpt>
   <trkpt lat="45.6753340" lon="4.7013000">
    <ele>349.8</ele>
   </trkpt>
   <trkpt lat="45.6752860" lon="4.7012840">
    <ele>349.6</ele>
   </trkpt>
   <trkpt lat="45.6752350" lon="4.7012740">
    <ele>349.4</ele>
   </trkpt>
   <trkpt lat="45.6751900" lon="4.7012570">
    <ele>349.2</ele>
   </trkpt>
   <trkpt lat="45.6751390" lon="4.7012470">
    <ele>349.0</ele>
   </trkpt>
   <trkpt lat="45.6750880" lon="4.7012350">
    <ele>349.0</ele>
   </trkpt>
   <trkpt lat="45.6750400" lon="4.7012250">
    <ele>348.4</ele>
   </trkpt>
   <trkpt lat="45.6749920" lon="4.7012100">
    <ele>348.2</ele>
   </trkpt>
   <trkpt lat="45.6749470" lon="4.7011900">
    <ele>347.8</ele>
   </trkpt>
   <trkpt lat="45.6748990" lon="4.7011520">
    <ele>347.8</ele>
   </trkpt>
   <trkpt lat="45.6748700" lon="4.7011000">
    <ele>347.6</ele>
   </trkpt>
   <trkpt lat="45.6748380" lon="4.7010420">
    <ele>347.4</ele>
   </trkpt>
   <trkpt lat="45.6748190" lon="4.7009770">
    <ele>347.4</ele>
   </trkpt>
   <trkpt lat="45.6748100" lon="4.7009050">
    <ele>347.4</ele>
   </trkpt>
   <trkpt lat="45.6748000" lon="4.7008380">
    <ele>347.8</ele>
   </trkpt>
   <trkpt lat="45.6747970" lon="4.7007620">
    <ele>348.0</ele>
   </trkpt>
   <trkpt lat="45.6747940" lon="4.7006930">
    <ele>348.2</ele>
   </trkpt>
   <trkpt lat="45.6747810" lon="4.7006300">
    <ele>348.4</ele>
   </trkpt>
   <trkpt lat="45.6747740" lon="4.7005640">
    <ele>348.6</ele>
   </trkpt>
   <trkpt lat="45.6747680" lon="4.7005020">
    <ele>349.0</ele>
   </trkpt>
   <trkpt lat="45.6747550" lon="4.7003930">
    <ele>349.0</ele>
   </trkpt>
   <trkpt lat="45.6747520" lon="4.7003580">
    <ele>349.0</ele>
   </trkpt>
   <trkpt lat="45.6747490" lon="4.7002900">
    <ele>349.0</ele>
   </trkpt>
   <trkpt lat="45.6747390" lon="4.7002280">
    <ele>349.0</ele>
   </trkpt>
   <trkpt lat="45.6747360" lon="4.7001700">
    <ele>349.0</ele>
   </trkpt>
   <trkpt lat="45.6747330" lon="4.7001070">
    <ele>349.4</ele>
   </trkpt>
   <trkpt lat="45.6747300" lon="4.7000460">
    <ele>349.4</ele>
   </trkpt>
   <trkpt lat="45.6747230" lon="4.6999780">
    <ele>349.4</ele>
   </trkpt>
   <trkpt lat="45.6747200" lon="4.6999170">
    <ele>349.6</ele>
   </trkpt>
   <trkpt lat="45.6747200" lon="4.6998480">
    <ele>349.8</ele>
   </trkpt>
   <trkpt lat="45.6747170" lon="4.6997850">
    <ele>350.0</ele>
   </trkpt>
   <trkpt lat="45.6747140" lon="4.6997200">
    <ele>350.2</ele>
   </trkpt>
   <trkpt lat="45.6747140" lon="4.6996530">
    <ele>350.2</ele>
   </trkpt>
   <trkpt lat="45.6747040" lon="4.6995920">
    <ele>350.2</ele>
   </trkpt>
   <trkpt lat="45.6747010" lon="4.6995270">
    <ele>350.2</ele>
   </trkpt>
   <trkpt lat="45.6746940" lon="4.6994630">
    <ele>350.4</ele>
   </trkpt>
   <trkpt lat="45.6746910" lon="4.6993970">
    <ele>350.4</ele>
   </trkpt>
   <trkpt lat="45.6746780" lon="4.6993320">
    <ele>350.4</ele>
   </trkpt>
   <trkpt lat="45.6746750" lon="4.6992650">
    <ele>350.4</ele>
   </trkpt>
   <trkpt lat="45.6746620" lon="4.6991980">
    <ele>350.8</ele>
   </trkpt>
   <trkpt lat="45.6746530" lon="4.6991350">
    <ele>350.8</ele>
   </trkpt>
   <trkpt lat="45.6746430" lon="4.6990670">
    <ele>351.2</ele>
   </trkpt>
   <trkpt lat="45.6746370" lon="4.6990050">
    <ele>351.2</ele>
   </trkpt>
   <trkpt lat="45.6746210" lon="4.6989400">
    <ele>351.2</ele>
   </trkpt>
   <trkpt lat="45.6746110" lon="4.6988770">
    <ele>351.4</ele>
   </trkpt>
   <trkpt lat="45.6745950" lon="4.6988200">
    <ele>351.4</ele>
   </trkpt>
   <trkpt lat="45.6745760" lon="4.6987620">
    <ele>351.6</ele>
   </trkpt>
   <trkpt lat="45.6745540" lon="4.6987050">
    <ele>351.8</ele>
   </trkpt>
   <trkpt lat="45.6745310" lon="4.6986480">
    <ele>352.0</ele>
   </trkpt>
   <trkpt lat="45.6745020" lon="4.6986020">
    <ele>352.2</ele>
   </trkpt>
   <trkpt lat="45.6744770" lon="4.6985520">
    <ele>352.2</ele>
   </trkpt>
   <trkpt lat="45.6744450" lon="4.6985000">
    <ele>352.2</ele>
   </trkpt>
   <trkpt lat="45.6744190" lon="4.6984500">
    <ele>352.2</ele>
   </trkpt>
   <trkpt lat="45.6743900" lon="4.6984000">
    <ele>352.6</ele>
   </trkpt>
   <trkpt lat="45.6743580" lon="4.6983550">
    <ele>352.8</ele>
   </trkpt>
   <trkpt lat="45.6743230" lon="4.6983080">
    <ele>352.8</ele>
   </trkpt>
   <trkpt lat="45.6742910" lon="4.6982650">
    <ele>352.8</ele>
   </trkpt>
   <trkpt lat="45.6742560" lon="4.6982180">
    <ele>352.8</ele>
   </trkpt>
   <trkpt lat="45.6742210" lon="4.6981720">
    <ele>352.8</ele>
   </trkpt>
   <trkpt lat="45.6741920" lon="4.6981240">
    <ele>352.8</ele>
   </trkpt>
   <trkpt lat="45.6741400" lon="4.6980510">
    <ele>353.2</ele>
   </trkpt>
   <trkpt lat="45.6741220" lon="4.6980280">
    <ele>353.2</ele>
   </trkpt>
   <trkpt lat="45.6740860" lon="4.6979760">
    <ele>353.4</ele>
   </trkpt>
   <trkpt lat="45.6740580" lon="4.6979280">
    <ele>353.4</ele>
   </trkpt>
   <trkpt lat="45.6740290" lon="4.6978720">
    <ele>353.4</ele>
   </trkpt>
   <trkpt lat="45.6740030" lon="4.6978240">
    <ele>353.4</ele>
   </trkpt>
   <trkpt lat="45.6739810" lon="4.6977650">
    <ele>353.6</ele>
   </trkpt>
   <trkpt lat="45.6739580" lon="4.6977080">
    <ele>353.6</ele>
   </trkpt>
   <trkpt lat="45.6739360" lon="4.6976530">
    <ele>353.2</ele>
   </trkpt>
   <trkpt lat="45.6739070" lon="4.6975980">
    <ele>353.2</ele>
   </trkpt>
   <trkpt lat="45.6738850" lon="4.6975430">
    <ele>353.4</ele>
   </trkpt>
   <trkpt lat="45.6738590" lon="4.6974870">
    <ele>353.4</ele>
   </trkpt>
   <trkpt lat="45.6738370" lon="4.6974320">
    <ele>353.4</ele>
   </trkpt>
   <trkpt lat="45.6738140" lon="4.6973750">
    <ele>353.2</ele>
   </trkpt>
   <trkpt lat="45.6737890" lon="4.6973200">
    <ele>353.2</ele>
   </trkpt>
   <trkpt lat="45.6737660" lon="4.6972580">
    <ele>353.2</ele>
   </trkpt>
   <trkpt lat="45.6737470" lon="4.6972060">
    <ele>353.2</ele>
   </trkpt>
   <trkpt lat="45.6737250" lon="4.6971460">
    <ele>353.4</ele>
   </trkpt>
   <trkpt lat="45.6736990" lon="4.6970900">
    <ele>353.4</ele>
   </trkpt>
   <trkpt lat="45.6736800" lon="4.6970320">
    <ele>353.4</ele>
   </trkpt>
   <trkpt lat="45.6736580" lon="4.6969730">
    <ele>353.4</ele>
   </trkpt>
   <trkpt lat="45.6736320" lon="4.6969200">
    <ele>353.4</ele>
   </trkpt>
   <trkpt lat="45.6736000" lon="4.6968350">
    <ele>353.4</ele>
   </trkpt>
   <trkpt lat="45.6735900" lon="4.6968080">
    <ele>353.4</ele>
   </trkpt>
   <trkpt lat="45.6735680" lon="4.6967500">
    <ele>353.6</ele>
   </trkpt>
   <trkpt lat="45.6735490" lon="4.6966970">
    <ele>354.0</ele>
   </trkpt>
   <trkpt lat="45.6735260" lon="4.6966400">
    <ele>354.0</ele>
   </trkpt>
   <trkpt lat="45.6735070" lon="4.6965870">
    <ele>354.0</ele>
   </trkpt>
   <trkpt lat="45.6734850" lon="4.6965300">
    <ele>354.2</ele>
   </trkpt>
   <trkpt lat="45.6734690" lon="4.6964780">
    <ele>354.2</ele>
   </trkpt>
   <trkpt lat="45.6734460" lon="4.6964240">
    <ele>354.2</ele>
   </trkpt>
   <trkpt lat="45.6734270" lon="4.6963700">
    <ele>354.2</ele>
   </trkpt>
   <trkpt lat="45.6734110" lon="4.6963180">
    <ele>354.4</ele>
   </trkpt>
   <trkpt lat="45.6733890" lon="4.6962630">
    <ele>354.6</ele>
   </trkpt>
   <trkpt lat="45.6733700" lon="4.6962150">
    <ele>354.8</ele>
   </trkpt>
   <trkpt lat="45.6733470" lon="4.6961620">
    <ele>354.8</ele>
   </trkpt>
   <trkpt lat="45.6733250" lon="4.6961100">
    <ele>354.8</ele>
   </trkpt>
   <trkpt lat="45.6733060" lon="4.6960570">
    <ele>354.8</ele>
   </trkpt>
   <trkpt lat="45.6732830" lon="4.6960050">
    <ele>354.8</ele>
   </trkpt>
   <trkpt lat="45.6732640" lon="4.6959550">
    <ele>355.2</ele>
   </trkpt>
   <trkpt lat="45.6732450" lon="4.6959070">
    <ele>355.4</ele>
   </trkpt>
   <trkpt lat="45.6732260" lon="4.6958620">
    <ele>355.8</ele>
   </trkpt>
   <trkpt lat="45.6732030" lon="4.6958120">
    <ele>355.8</ele>
   </trkpt>
   <trkpt lat="45.6731730" lon="4.6957460">
    <ele>356.0</ele>
   </trkpt>
   <trkpt lat="45.6731620" lon="4.6957240">
    <ele>356.4</ele>
   </trkpt>
   <trkpt lat="45.6731390" lon="4.6956770">
    <ele>356.6</ele>
   </trkpt>
   <trkpt lat="45.6731140" lon="4.6956270">
    <ele>356.6</ele>
   </trkpt>
   <trkpt lat="45.6730880" lon="4.6955780">
    <ele>357.4</ele>
   </trkpt>
   <trkpt lat="45.6730660" lon="4.6955300">
    <ele>357.6</ele>
   </trkpt>
   <trkpt lat="45.6730460" lon="4.6954830">
    <ele>357.6</ele>
   </trkpt>
   <trkpt lat="45.6730240" lon="4.6954360">
    <ele>358.0</ele>
   </trkpt>
   <trkpt lat="45.6730020" lon="4.6953800">
    <ele>358.4</ele>
   </trkpt>
   <trkpt lat="45.6729860" lon="4.6953300">
    <ele>358.8</ele>
   </trkpt>
   <trkpt lat="45.6729700" lon="4.6952770">
    <ele>359.0</ele>
   </trkpt>
   <trkpt lat="45.6729500" lon="4.6952230">
    <ele>359.4</ele>
   </trkpt>
   <trkpt lat="45.6729310" lon="4.6951680">
    <ele>359.8</ele>
   </trkpt>
   <trkpt lat="45.6729220" lon="4.6951130">
    <ele>360.2</ele>
   </trkpt>
   <trkpt lat="45.6729060" lon="4.6950620">
    <ele>360.4</ele>
   </trkpt>
   <trkpt lat="45.6728960" lon="4.6950040">
    <ele>360.8</ele>
   </trkpt>
   <trkpt lat="45.6728860" lon="4.6949470">
    <ele>361.2</ele>
   </trkpt>
   <trkpt lat="45.6728700" lon="4.6948830">
    <ele>361.6</ele>
   </trkpt>
   <trkpt lat="45.6728640" lon="4.6948280">
    <ele>362.0</ele>
   </trkpt>
   <trkpt lat="45.6728510" lon="4.6947720">
    <ele>362.4</ele>
   </trkpt>
   <trkpt lat="45.6728420" lon="4.6947160">
    <ele>362.8</ele>
   </trkpt>
   <trkpt lat="45.6728320" lon="4.6946620">
    <ele>363.0</ele>
   </trkpt>
   <trkpt lat="45.6728290" lon="4.6946000">
    <ele>363.4</ele>
   </trkpt>
   <trkpt lat="45.6728220" lon="4.6945400">
    <ele>363.6</ele>
   </trkpt>
   <trkpt lat="45.6728130" lon="4.6944770">
    <ele>363.8</ele>
   </trkpt>
   <trkpt lat="45.6728100" lon="4.6944200">
    <ele>363.8</ele>
   </trkpt>
   <trkpt lat="45.6728060" lon="4.6943600">
    <ele>364.0</ele>
   </trkpt>
   <trkpt lat="45.6727960" lon="4.6942660">
    <ele>364.2</ele>
   </trkpt>
   <trkpt lat="45.6727940" lon="4.6942340">
    <ele>364.6</ele>
   </trkpt>
   <trkpt lat="45.6727870" lon="4.6941750">
    <ele>364.6</ele>
   </trkpt>
   <trkpt lat="45.6727740" lon="4.6941120">
    <ele>364.6</ele>
   </trkpt>
   <trkpt lat="45.6727680" lon="4.6940520">
    <ele>364.6</ele>
   </trkpt>
   <trkpt lat="45.6727550" lon="4.6939920">
    <ele>364.8</ele>
   </trkpt>
   <trkpt lat="45.6727490" lon="4.6939250">
    <ele>364.8</ele>
   </trkpt>
   <trkpt lat="45.6727420" lon="4.6938630">
    <ele>365.0</ele>
   </trkpt>
   <trkpt lat="45.6727330" lon="4.6937980">
    <ele>365.2</ele>
   </trkpt>
   <trkpt lat="45.6727230" lon="4.6937380">
    <ele>365.2</ele>
   </trkpt>
   <trkpt lat="45.6727100" lon="4.6936730">
    <ele>365.2</ele>
   </trkpt>
   <trkpt lat="45.6726980" lon="4.6936100">
    <ele>365.2</ele>
   </trkpt>
   <trkpt lat="45.6726880" lon="4.6935480">
    <ele>365.2</ele>
   </trkpt>
   <trkpt lat="45.6726780" lon="4.6934870">
    <ele>365.2</ele>
   </trkpt>
   <trkpt lat="45.6726690" lon="4.6934230">
    <ele>365.4</ele>
   </trkpt>
   <trkpt lat="45.6726620" lon="4.6933650">
    <ele>365.6</ele>
   </trkpt>
   <trkpt lat="45.6726560" lon="4.6933080">
    <ele>365.8</ele>
   </trkpt>
   <trkpt lat="45.6726460" lon="4.6932450">
    <ele>365.8</ele>
   </trkpt>
   <trkpt lat="45.6726340" lon="4.6931880">
    <ele>366.0</ele>
   </trkpt>
   <trkpt lat="45.6726240" lon="4.6931250">
    <ele>366.0</ele>
   </trkpt>
   <trkpt lat="45.6726110" lon="4.6930680">
    <ele>366.0</ele>
   </trkpt>
   <trkpt lat="45.6725840" lon="4.6929780">
    <ele>366.2</ele>
   </trkpt>
   <trkpt lat="45.6725760" lon="4.6929500">
    <ele>366.4</ele>
   </trkpt>
   <trkpt lat="45.6725570" lon="4.6928870">
    <ele>366.4</ele>
   </trkpt>
   <trkpt lat="45.6725380" lon="4.6928300">
    <ele>366.4</ele>
   </trkpt>
   <trkpt lat="45.6725250" lon="4.6927720">
    <ele>366.4</ele>
   </trkpt>
   <trkpt lat="45.6724990" lon="4.6927130">
    <ele>366.4</ele>
   </trkpt>
   <trkpt lat="45.6724800" lon="4.6926620">
    <ele>366.6</ele>
   </trkpt>
   <trkpt lat="45.6724580" lon="4.6926070">
    <ele>366.6</ele>
   </trkpt>
   <trkpt lat="45.6724350" lon="4.6925550">
    <ele>366.6</ele>
   </trkpt>
   <trkpt lat="45.6724160" lon="4.6924980">
    <ele>366.8</ele>
   </trkpt>
   <trkpt lat="45.6723970" lon="4.6924500">
    <ele>367.0</ele>
   </trkpt>
   <trkpt lat="45.6723740" lon="4.6923980">
    <ele>367.2</ele>
   </trkpt>
   <trkpt lat="45.6723520" lon="4.6923450">
    <ele>367.4</ele>
   </trkpt>
   <trkpt lat="45.6723300" lon="4.6922930">
    <ele>367.4</ele>
   </trkpt>
   <trkpt lat="45.6723070" lon="4.6922440">
    <ele>367.6</ele>
   </trkpt>
   <trkpt lat="45.6722820" lon="4.6921950">
    <ele>368.0</ele>
   </trkpt>
   <trkpt lat="45.6722560" lon="4.6921440">
    <ele>368.0</ele>
   </trkpt>
   <trkpt lat="45.6722340" lon="4.6920950">
    <ele>368.0</ele>
   </trkpt>
   <trkpt lat="45.6722110" lon="4.6920420">
    <ele>368.6</ele>
   </trkpt>
   <trkpt lat="45.6721890" lon="4.6919920">
    <ele>368.8</ele>
   </trkpt>
   <trkpt lat="45.6721660" lon="4.6919360">
    <ele>368.8</ele>
   </trkpt>
   <trkpt lat="45.6721380" lon="4.6918870">
    <ele>368.8</ele>
   </trkpt>
   <trkpt lat="45.6721150" lon="4.6918320">
    <ele>368.8</ele>
   </trkpt>
   <trkpt lat="45.6720900" lon="4.6917800">
    <ele>368.8</ele>
   </trkpt>
   <trkpt lat="45.6720670" lon="4.6917200">
    <ele>368.8</ele>
   </trkpt>
   <trkpt lat="45.6720380" lon="4.6916580">
    <ele>368.4</ele>
   </trkpt>
   <trkpt lat="45.6720160" lon="4.6915930">
    <ele>368.0</ele>
   </trkpt>
   <trkpt lat="45.6719900" lon="4.6915280">
    <ele>367.6</ele>
   </trkpt>
   <trkpt lat="45.6719680" lon="4.6914680">
    <ele>366.8</ele>
   </trkpt>
   <trkpt lat="45.6719390" lon="4.6914100">
    <ele>366.2</ele>
   </trkpt>
   <trkpt lat="45.6719170" lon="4.6913500">
    <ele>366.2</ele>
   </trkpt>
   <trkpt lat="45.6718940" lon="4.6912860">
    <ele>366.2</ele>
   </trkpt>
   <trkpt lat="45.6718640" lon="4.6912060">
    <ele>366.2</ele>
   </trkpt>
   <trkpt lat="45.6718530" lon="4.6911820">
    <ele>366.0</ele>
   </trkpt>
   <trkpt lat="45.6718240" lon="4.6911340">
    <ele>366.0</ele>
   </trkpt>
   <trkpt lat="45.6717980" lon="4.6910870">
    <ele>366.0</ele>
   </trkpt>
   <trkpt lat="45.6717760" lon="4.6910420">
    <ele>366.4</ele>
   </trkpt>
   <trkpt lat="45.6717500" lon="4.6909970">
    <ele>366.4</ele>
   </trkpt>
   <trkpt lat="45.6717150" lon="4.6909550">
    <ele>366.4</ele>
   </trkpt>
   <trkpt lat="45.6716830" lon="4.6909150">
    <ele>366.4</ele>
   </trkpt>
   <trkpt lat="45.6716510" lon="4.6908820">
    <ele>366.8</ele>
   </trkpt>
   <trkpt lat="45.6716190" lon="4.6908460">
    <ele>367.0</ele>
   </trkpt>
   <trkpt lat="45.6715900" lon="4.6908140">
    <ele>367.6</ele>
   </trkpt>
   <trkpt lat="45.6715580" lon="4.6907770">
    <ele>367.8</ele>
   </trkpt>
   <trkpt lat="45.6715260" lon="4.6907420">
    <ele>368.4</ele>
   </trkpt>
   <trkpt lat="45.6714980" lon="4.6907100">
    <ele>368.8</ele>
   </trkpt>
   <trkpt lat="45.6714720" lon="4.6906770">
    <ele>369.2</ele>
   </trkpt>
   <trkpt lat="45.6714430" lon="4.6906480">
    <ele>369.6</ele>
   </trkpt>
   <trkpt lat="45.6714140" lon="4.6906120">
    <ele>370.0</ele>
   </trkpt>
   <trkpt lat="45.6713860" lon="4.6905820">
    <ele>370.2</ele>
   </trkpt>
   <trkpt lat="45.6713600" lon="4.6905450">
    <ele>370.6</ele>
   </trkpt>
   <trkpt lat="45.6713340" lon="4.6905120">
    <ele>370.8</ele>
   </trkpt>
   <trkpt lat="45.6713060" lon="4.6904800">
    <ele>371.0</ele>
   </trkpt>
   <trkpt lat="45.6712670" lon="4.6904290">
    <ele>371.4</ele>
   </trkpt>
   <trkpt lat="45.6712540" lon="4.6904120">
    <ele>371.8</ele>
   </trkpt>
   <trkpt lat="45.6712220" lon="4.6903780">
    <ele>372.4</ele>
   </trkpt>
   <trkpt lat="45.6711940" lon="4.6903450">
    <ele>372.6</ele>
   </trkpt>
   <trkpt lat="45.6711650" lon="4.6903070">
    <ele>373.2</ele>
   </trkpt>
   <trkpt lat="45.6711360" lon="4.6902720">
    <ele>373.8</ele>
   </trkpt>
   <trkpt lat="45.6711040" lon="4.6902380">
    <ele>373.8</ele>
   </trkpt>
   <trkpt lat="45.6710780" lon="4.6902030">
    <ele>374.2</ele>
   </trkpt>
   <trkpt lat="45.6710460" lon="4.6901660">
    <ele>374.8</ele>
   </trkpt>
   <trkpt lat="45.6710240" lon="4.6901330">
    <ele>375.0</ele>
   </trkpt>
   <trkpt lat="45.6709950" lon="4.6901000">
    <ele>375.4</ele>
   </trkpt>
   <trkpt lat="45.6709760" lon="4.6900550">
    <ele>375.8</ele>
   </trkpt>
   <trkpt lat="45.6709500" lon="4.6900140">
    <ele>375.8</ele>
   </trkpt>
   <trkpt lat="45.6709220" lon="4.6899800">
    <ele>376.2</ele>
   </trkpt>
   <trkpt lat="45.6708900" lon="4.6899450">
    <ele>376.6</ele>
   </trkpt>
   <trkpt lat="45.6708640" lon="4.6899100">
    <ele>377.0</ele>
   </trkpt>
   <trkpt lat="45.6708320" lon="4.6898680">
    <ele>377.0</ele>
   </trkpt>
   <trkpt lat="45.6708060" lon="4.6898320">
    <ele>377.2</ele>
   </trkpt>
   <trkpt lat="45.6707780" lon="4.6897980">
    <ele>377.6</ele>
   </trkpt>
   <trkpt lat="45.6707460" lon="4.6897620">
    <ele>378.0</ele>
   </trkpt>
   <trkpt lat="45.6707200" lon="4.6897280">
    <ele>378.6</ele>
   </trkpt>
   <trkpt lat="45.6706850" lon="4.6896920">
    <ele>379.0</ele>
   </trkpt>
   <trkpt lat="45.6706590" lon="4.6896530">
    <ele>379.0</ele>
   </trkpt>
   <trkpt lat="45.6706270" lon="4.6896150">
    <ele>379.2</ele>
   </trkpt>
   <trkpt lat="45.6706020" lon="4.6895770">
    <ele>379.4</ele>
   </trkpt>
   <trkpt lat="45.6705730" lon="4.6895280">
    <ele>379.8</ele>
   </trkpt>
   <trkpt lat="45.6705440" lon="4.6894900">
    <ele>380.2</ele>
   </trkpt>
   <trkpt lat="45.6705180" lon="4.6894480">
    <ele>380.2</ele>
   </trkpt>
   <trkpt lat="45.6704930" lon="4.6893980">
    <ele>380.2</ele>
   </trkpt>
   <trkpt lat="45.6704700" lon="4.6893520">
    <ele>380.4</ele>
   </trkpt>
   <trkpt lat="45.6704480" lon="4.6893050">
    <ele>380.6</ele>
   </trkpt>
   <trkpt lat="45.6704260" lon="4.6892580">
    <ele>381.0</ele>
   </trkpt>
   <trkpt lat="45.6704000" lon="4.6892080">
    <ele>381.0</ele>
   </trkpt>
   <trkpt lat="45.6703630" lon="4.6891350">
    <ele>381.2</ele>
   </trkpt>
   <trkpt lat="45.6703520" lon="4.6891100">
    <ele>381.2</ele>
   </trkpt>
   <trkpt lat="45.6703300" lon="4.6890620">
    <ele>381.2</ele>
   </trkpt>
   <trkpt lat="45.6703070" lon="4.6890120">
    <ele>381.2</ele>
   </trkpt>
   <trkpt lat="45.6702850" lon="4.6889680">
    <ele>381.4</ele>
   </trkpt>
   <trkpt lat="45.6702620" lon="4.6889250">
    <ele>381.4</ele>
   </trkpt>
   <trkpt lat="45.6702340" lon="4.6888820">
    <ele>381.4</ele>
   </trkpt>
   <trkpt lat="45.6702110" lon="4.6888350">
    <ele>381.6</ele>
   </trkpt>
   <trkpt lat="45.6701860" lon="4.6887860">
    <ele>382.0</ele>
   </trkpt>
   <trkpt lat="45.6701570" lon="4.6887400">
    <ele>382.0</ele>
   </trkpt>
   <trkpt lat="45.6701340" lon="4.6886940">
    <ele>382.4</ele>
   </trkpt>
   <trkpt lat="45.6701120" lon="4.6886450">
    <ele>382.6</ele>
   </trkpt>
   <trkpt lat="45.6700860" lon="4.6885920">
    <ele>382.6</ele>
   </trkpt>
   <trkpt lat="45.6700640" lon="4.6885400">
    <ele>383.0</ele>
   </trkpt>
   <trkpt lat="45.6700420" lon="4.6884820">
    <ele>383.0</ele>
   </trkpt>
   <trkpt lat="45.6700260" lon="4.6884260">
    <ele>383.4</ele>
   </trkpt>
   <trkpt lat="45.6700130" lon="4.6883670">
    <ele>383.4</ele>
   </trkpt>
   <trkpt lat="45.6700030" lon="4.6883180">
    <ele>383.6</ele>
   </trkpt>
   <trkpt lat="45.6699870" lon="4.6882620">
    <ele>383.6</ele>
   </trkpt>
   <trkpt lat="45.6699710" lon="4.6882080">
    <ele>383.8</ele>
   </trkpt>
   <trkpt lat="45.6699520" lon="4.6881530">
    <ele>384.2</ele>
   </trkpt>
   <trkpt lat="45.6699330" lon="4.6881000">
    <ele>384.2</ele>
   </trkpt>
   <trkpt lat="45.6699100" lon="4.6880500">
    <ele>384.0</ele>
   </trkpt>
   <trkpt lat="45.6698910" lon="4.6880020">
    <ele>384.0</ele>
   </trkpt>
   <trkpt lat="45.6698690" lon="4.6879580">
    <ele>384.2</ele>
   </trkpt>
   <trkpt lat="45.6698370" lon="4.6879170">
    <ele>384.6</ele>
   </trkpt>
   <trkpt lat="45.6698050" lon="4.6878830">
    <ele>384.6</ele>
   </trkpt>
   <trkpt lat="45.6697540" lon="4.6878240">
    <ele>384.6</ele>
   </trkpt>
   <trkpt lat="45.6697340" lon="4.6878030">
    <ele>384.4</ele>
   </trkpt>
   <trkpt lat="45.6697090" lon="4.6877620">
    <ele>384.4</ele>
   </trkpt>
   <trkpt lat="45.6696930" lon="4.6877080">
    <ele>384.6</ele>
   </trkpt>
   <trkpt lat="45.6696800" lon="4.6876450">
    <ele>384.6</ele>
   </trkpt>
   <trkpt lat="45.6696770" lon="4.6875850">
    <ele>384.4</ele>
   </trkpt>
   <trkpt lat="45.6696740" lon="4.6875180">
    <ele>384.4</ele>
   </trkpt>
   <trkpt lat="45.6696700" lon="4.6874570">
    <ele>384.8</ele>
   </trkpt>
   <trkpt lat="45.6696670" lon="4.6873920">
    <ele>384.8</ele>
   </trkpt>
   <trkpt lat="45.6696580" lon="4.6873300">
    <ele>384.6</ele>
   </trkpt>
   <trkpt lat="45.6696540" lon="4.6872650">
    <ele>384.6</ele>
   </trkpt>
   <trkpt lat="45.6696540" lon="4.6872020">
    <ele>384.6</ele>
   </trkpt>
   <trkpt lat="45.6696510" lon="4.6871320">
    <ele>384.6</ele>
   </trkpt>
   <trkpt lat="45.6696510" lon="4.6870680">
    <ele>384.6</ele>
   </trkpt>
   <trkpt lat="45.6696510" lon="4.6870050">
    <ele>385.0</ele>
   </trkpt>
   <trkpt lat="45.6696510" lon="4.6869480">
    <ele>385.0</ele>
   </trkpt>
   <trkpt lat="45.6696450" lon="4.6868900">
    <ele>385.0</ele>
   </trkpt>
   <trkpt lat="45.6696380" lon="4.6868330">
    <ele>385.0</ele>
   </trkpt>
   <trkpt lat="45.6696380" lon="4.6867800">
    <ele>385.0</ele>
   </trkpt>
   <trkpt lat="45.6696350" lon="4.6867230">
    <ele>385.2</ele>
   </trkpt>
   <trkpt lat="45.6696290" lon="4.6866680">
    <ele>385.2</ele>
   </trkpt>
   <trkpt lat="45.6696190" lon="4.6866050">
    <ele>385.2</ele>
   </trkpt>
   <trkpt lat="45.6696100" lon="4.6865480">
    <ele>385.2</ele>
   </trkpt>
   <trkpt lat="45.6695940" lon="4.6864900">
    <ele>385.2</ele>
   </trkpt>
   <trkpt lat="45.6695780" lon="4.6864350">
    <ele>385.4</ele>
   </trkpt>
   <trkpt lat="45.6695650" lon="4.6863730">
    <ele>385.6</ele>
   </trkpt>
   <trkpt lat="45.6695460" lon="4.6863180">
    <ele>385.6</ele>
   </trkpt>
   <trkpt lat="45.6695260" lon="4.6862600">
    <ele>385.6</ele>
   </trkpt>
   <trkpt lat="45.6695070" lon="4.6862070">
    <ele>385.8</ele>
   </trkpt>
   <trkpt lat="45.6694880" lon="4.6861480">
    <ele>385.8</ele>
   </trkpt>
   <trkpt lat="45.6694720" lon="4.6860950">
    <ele>386.2</ele>
   </trkpt>
   <trkpt lat="45.6694560" lon="4.6860380">
    <ele>386.2</ele>
   </trkpt>
   <trkpt lat="45.6694460" lon="4.6859800">
    <ele>386.2</ele>
   </trkpt>
   <trkpt lat="45.6694280" lon="4.6858940">
    <ele>386.0</ele>
   </trkpt>
   <trkpt lat="45.6694210" lon="4.6858640">
    <ele>386.0</ele>
   </trkpt>
   <trkpt lat="45.6694140" lon="4.6858070">
    <ele>386.0</ele>
   </trkpt>
   <trkpt lat="45.6694020" lon="4.6857470">
    <ele>386.2</ele>
   </trkpt>
   <trkpt lat="45.6693950" lon="4.6856900">
    <ele>386.4</ele>
   </trkpt>
   <trkpt lat="45.6693890" lon="4.6856380">
    <ele>386.4</ele>
   </trkpt>
   <trkpt lat="45.6693760" lon="4.6855830">
    <ele>386.4</ele>
   </trkpt>
   <trkpt lat="45.6693660" lon="4.6855300">
    <ele>386.4</ele>
   </trkpt>
   <trkpt lat="45.6693540" lon="4.6854720">
    <ele>386.6</ele>
   </trkpt>
   <trkpt lat="45.6693500" lon="4.6854100">
    <ele>386.8</ele>
   </trkpt>
   <trkpt lat="45.6693410" lon="4.6853500">
    <ele>386.8</ele>
   </trkpt>
   <trkpt lat="45.6693380" lon="4.6852930">
    <ele>386.8</ele>
   </trkpt>
   <trkpt lat="45.6693340" lon="4.6852330">
    <ele>387.0</ele>
   </trkpt>
   <trkpt lat="45.6693340" lon="4.6851770">
    <ele>387.2</ele>
   </trkpt>
   <trkpt lat="45.6693340" lon="4.6851140">
    <ele>387.4</ele>
   </trkpt>
   <trkpt lat="45.6693380" lon="4.6850550">
    <ele>387.6</ele>
   </trkpt>
   <trkpt lat="45.6693410" lon="4.6849950">
    <ele>387.6</ele>
   </trkpt>
   <trkpt lat="45.6693470" lon="4.6849380">
    <ele>387.8</ele>
   </trkpt>
   <trkpt lat="45.6693500" lon="4.6848800">
    <ele>387.8</ele>
   </trkpt>
   <trkpt lat="45.6693540" lon="4.6848220">
    <ele>387.8</ele>
   </trkpt>
   <trkpt lat="45.6693540" lon="4.6847580">
    <ele>387.8</ele>
   </trkpt>
   <trkpt lat="45.6693540" lon="4.6846980">
    <ele>388.0</ele>
   </trkpt>
   <trkpt lat="45.6693570" lon="4.6846350">
    <ele>388.0</ele>
   </trkpt>
   <trkpt lat="45.6693660" lon="4.6845760">
    <ele>388.2</ele>
   </trkpt>
   <trkpt lat="45.6693730" lon="4.6845170">
    <ele>388.2</ele>
   </trkpt>
   <trkpt lat="45.6693760" lon="4.6844580">
    <ele>388.4</ele>
   </trkpt>
   <trkpt lat="45.6693920" lon="4.6844000">
    <ele>388.4</ele>
   </trkpt>
   <trkpt lat="45.6694020" lon="4.6843480">
    <ele>388.6</ele>
   </trkpt>
   <trkpt lat="45.6694300" lon="4.6842980">
    <ele>388.6</ele>
   </trkpt>
   <trkpt lat="45.6694750" lon="4.6842360">
    <ele>388.6</ele>
   </trkpt>
   <trkpt lat="45.6694940" lon="4.6842160">
    <ele>388.6</ele>
   </trkpt>
   <trkpt lat="45.6695300" lon="4.6841760">
    <ele>388.6</ele>
   </trkpt>
   <trkpt lat="45.6695740" lon="4.6841430">
    <ele>388.4</ele>
   </trkpt>
   <trkpt lat="45.6696130" lon="4.6841100">
    <ele>388.4</ele>
   </trkpt>
   <trkpt lat="45.6696510" lon="4.6840770">
    <ele>388.4</ele>
   </trkpt>
   <trkpt lat="45.6696860" lon="4.6840570">
    <ele>388.0</ele>
   </trkpt>
   <trkpt lat="45.6697280" lon="4.6840380">
    <ele>388.0</ele>
   </trkpt>
   <trkpt lat="45.6697660" lon="4.6840250">
    <ele>388.2</ele>
   </trkpt>
   <trkpt lat="45.6698110" lon="4.6840120">
    <ele>388.2</ele>
   </trkpt>
   <trkpt lat="45.6698500" lon="4.6839970">
    <ele>388.2</ele>
   </trkpt>
   <trkpt lat="45.6698880" lon="4.6839850">
    <ele>388.0</ele>
   </trkpt>
   <trkpt lat="45.6699300" lon="4.6839730">
    <ele>387.6</ele>
   </trkpt>
   <trkpt lat="45.6699680" lon="4.6839680">
    <ele>387.6</ele>
   </trkpt>
   <trkpt lat="45.6700100" lon="4.6839620">
    <ele>388.0</ele>
   </trkpt>
   <trkpt lat="45.6700510" lon="4.6839530">
    <ele>388.0</ele>
   </trkpt>
   <trkpt lat="45.6700900" lon="4.6839430">
    <ele>388.0</ele>
   </trkpt>
   <trkpt lat="45.6701250" lon="4.6839350">
    <ele>388.0</ele>
   </trkpt>
   <trkpt lat="45.6701660" lon="4.6839280">
    <ele>388.2</ele>
   </trkpt>
   <trkpt lat="45.6702050" lon="4.6839100">
    <ele>388.2</ele>
   </trkpt>
   <trkpt lat="45.6702430" lon="4.6838920">
    <ele>388.2</ele>
   </trkpt>
   <trkpt lat="45.6702850" lon="4.6838660">
    <ele>388.0</ele>
   </trkpt>
   <trkpt lat="45.6703200" lon="4.6838450">
    <ele>388.2</ele>
   </trkpt>
   <trkpt lat="45.6703520" lon="4.6838220">
    <ele>388.4</ele>
   </trkpt>
   <trkpt lat="45.6704060" lon="4.6837780">
    <ele>388.4</ele>
   </trkpt>
   <trkpt lat="45.6704220" lon="4.6837640">
    <ele>388.2</ele>
   </trkpt>
   <trkpt lat="45.6704610" lon="4.6837380">
    <ele>388.2</ele>
   </trkpt>
   <trkpt lat="45.6705020" lon="4.6837120">
    <ele>388.4</ele>
   </trkpt>
   <trkpt lat="45.6705310" lon="4.6836800">
    <ele>388.4</ele>
   </trkpt>
   <trkpt lat="45.6705660" lon="4.6836430">
    <ele>388.6</ele>
   </trkpt>
   <trkpt lat="45.6706020" lon="4.6836150">
    <ele>388.6</ele>
   </trkpt>
   <trkpt lat="45.6706500" lon="4.6835820">
    <ele>388.6</ele>
   </trkpt>
   <trkpt lat="45.6706980" lon="4.6835580">
    <ele>388.6</ele>
   </trkpt>
   <trkpt lat="45.6707460" lon="4.6835500">
    <ele>388.8</ele>
   </trkpt>
   <trkpt lat="45.6707900" lon="4.6835550">
    <ele>389.0</ele>
   </trkpt>
   <trkpt lat="45.6708320" lon="4.6835780">
    <ele>389.0</ele>
   </trkpt>
   <trkpt lat="45.6708700" lon="4.6836150">
    <ele>388.8</ele>
   </trkpt>
   <trkpt lat="45.6709150" lon="4.6836600">
    <ele>388.6</ele>
   </trkpt>
   <trkpt lat="45.6709500" lon="4.6837020">
    <ele>388.6</ele>
   </trkpt>
   <trkpt lat="45.6709860" lon="4.6837480">
    <ele>388.4</ele>
   </trkpt>
   <trkpt lat="45.6710240" lon="4.6837880">
    <ele>388.4</ele>
   </trkpt>
   <trkpt lat="45.6710690" lon="4.6838300">
    <ele>388.2</ele>
   </trkpt>
   <trkpt lat="45.6711010" lon="4.6838700">
    <ele>388.0</ele>
   </trkpt>
   <trkpt lat="45.6711360" lon="4.6839100">
    <ele>388.0</ele>
   </trkpt>
   <trkpt lat="45.6711740" lon="4.6839430">
    <ele>387.8</ele>
   </trkpt>
   <trkpt lat="45.6712160" lon="4.6839800">
    <ele>387.8</ele>
   </trkpt>
   <trkpt lat="45.6712480" lon="4.6840120">
    <ele>387.8</ele>
   </trkpt>
   <trkpt lat="45.6712830" lon="4.6840450">
    <ele>388.0</ele>
   </trkpt>
   <trkpt lat="45.6713180" lon="4.6840780">
    <ele>388.2</ele>
   </trkpt>
   <trkpt lat="45.6713540" lon="4.6841080">
    <ele>388.4</ele>
   </trkpt>
   <trkpt lat="45.6713920" lon="4.6841370">
    <ele>388.4</ele>
   </trkpt>
   <trkpt lat="45.6714240" lon="4.6841670">
    <ele>388.6</ele>
   </trkpt>
   <trkpt lat="45.6714620" lon="4.6841950">
    <ele>388.6</ele>
   </trkpt>
   <trkpt lat="45.6714980" lon="4.6842220">
    <ele>388.6</ele>
   </trkpt>
   <trkpt lat="45.6715590" lon="4.6842650">
    <ele>388.6</ele>
   </trkpt>
   <trkpt lat="45.6715780" lon="4.6842780">
    <ele>388.6</ele>
   </trkpt>
   <trkpt lat="45.6716160" lon="4.6843080">
    <ele>388.8</ele>
   </trkpt>
   <trkpt lat="45.6716540" lon="4.6843350">
    <ele>388.8</ele>
   </trkpt>
   <trkpt lat="45.6716990" lon="4.6843630">
    <ele>388.6</ele>
   </trkpt>
   <trkpt lat="45.6717380" lon="4.6843900">
    <ele>388.6</ele>
   </trkpt>
   <trkpt lat="45.6717790" lon="4.6844180">
    <ele>388.6</ele>
   </trkpt>
   <trkpt lat="45.6718180" lon="4.6844450">
    <ele>388.6</ele>
   </trkpt>
   <trkpt lat="45.6718590" lon="4.6844720">
    <ele>388.6</ele>
   </trkpt>
   <trkpt lat="45.6718980" lon="4.6844940">
    <ele>388.6</ele>
   </trkpt>
   <trkpt lat="45.6719390" lon="4.6845200">
    <ele>388.8</ele>
   </trkpt>
   <trkpt lat="45.6719780" lon="4.6845460">
    <ele>388.8</ele>
   </trkpt>
   <trkpt lat="45.6720130" lon="4.6845730">
    <ele>388.8</ele>
   </trkpt>
   <trkpt lat="45.6720480" lon="4.6846000">
    <ele>388.8</ele>
   </trkpt>
   <trkpt lat="45.6720860" lon="4.6846280">
    <ele>389.0</ele>
   </trkpt>
   <trkpt lat="45.6721220" lon="4.6846620">
    <ele>389.0</ele>
   </trkpt>
   <trkpt lat="45.6721570" lon="4.6846930">
    <ele>389.0</ele>
   </trkpt>
   <trkpt lat="45.6721920" lon="4.6847270">
    <ele>389.0</ele>
   </trkpt>
   <trkpt lat="45.6722270" lon="4.6847600">
    <ele>388.8</ele>
   </trkpt>
   <trkpt lat="45.6722590" lon="4.6847950">
    <ele>388.4</ele>
   </trkpt>
   <trkpt lat="45.6722940" lon="4.6848320">
    <ele>388.2</ele>
   </trkpt>
   <trkpt lat="45.6723260" lon="4.6848670">
    <ele>388.2</ele>
   </trkpt>
   <trkpt lat="45.6723550" lon="4.6849050">
    <ele>388.2</ele>
   </trkpt>
   <trkpt lat="45.6724080" lon="4.6849640">
    <ele>388.2</ele>
   </trkpt>
   <trkpt lat="45.6724260" lon="4.6849830">
    <ele>388.2</ele>
   </trkpt>
   <trkpt lat="45.6724640" lon="4.6850220">
    <ele>387.8</ele>
   </trkpt>
   <trkpt lat="45.6724990" lon="4.6850580">
    <ele>387.6</ele>
   </trkpt>
   <trkpt lat="45.6725380" lon="4.6850980">
    <ele>387.6</ele>
   </trkpt>
   <trkpt lat="45.6725760" lon="4.6851300">
    <ele>387.2</ele>
   </trkpt>
   <trkpt lat="45.6726140" lon="4.6851620">
    <ele>387.0</ele>
   </trkpt>
   <trkpt lat="45.6726530" lon="4.6851870">
    <ele>386.8</ele>
   </trkpt>
   <trkpt lat="45.6726980" lon="4.6852060">
    <ele>386.8</ele>
   </trkpt>
   <trkpt lat="45.6727360" lon="4.6852280">
    <ele>386.6</ele>
   </trkpt>
   <trkpt lat="45.6727840" lon="4.6852520">
    <ele>386.4</ele>
   </trkpt>
   <trkpt lat="45.6728260" lon="4.6852750">
    <ele>386.4</ele>
   </trkpt>
   <trkpt lat="45.6728670" lon="4.6852960">
    <ele>386.4</ele>
   </trkpt>
   <trkpt lat="45.6729060" lon="4.6853200">
    <ele>386.4</ele>
   </trkpt>
   <trkpt lat="45.6729470" lon="4.6853450">
    <ele>386.2</ele>
   </trkpt>
   <trkpt lat="45.6729890" lon="4.6853670">
    <ele>385.8</ele>
   </trkpt>
   <trkpt lat="45.6730300" lon="4.6853970">
    <ele>385.8</ele>
   </trkpt>
   <trkpt lat="45.6730690" lon="4.6854300">
    <ele>385.4</ele>
   </trkpt>
   <trkpt lat="45.6731070" lon="4.6854650">
    <ele>385.4</ele>
   </trkpt>
   <trkpt lat="45.6731420" lon="4.6855100">
    <ele>385.2</ele>
   </trkpt>
   <trkpt lat="45.6731810" lon="4.6855540">
    <ele>385.2</ele>
   </trkpt>
   <trkpt lat="45.6732290" lon="4.6856260">
    <ele>384.6</ele>
   </trkpt>
   <trkpt lat="45.6732450" lon="4.6856500">
    <ele>384.6</ele>
   </trkpt>
   <trkpt lat="45.6732740" lon="4.6857020">
    <ele>384.4</ele>
   </trkpt>
   <trkpt lat="45.6733020" lon="4.6857500">
    <ele>384.2</ele>
   </trkpt>
   <trkpt lat="45.6733280" lon="4.6858020">
    <ele>383.8</ele>
   </trkpt>
   <trkpt lat="45.6733540" lon="4.6858520">
    <ele>383.8</ele>
   </trkpt>
   <trkpt lat="45.6733790" lon="4.6859060">
    <ele>383.8</ele>
   </trkpt>
   <trkpt lat="45.6733980" lon="4.6859560">
    <ele>383.4</ele>
   </trkpt>
   <trkpt lat="45.6734210" lon="4.6860160">
    <ele>383.4</ele>
   </trkpt>
   <trkpt lat="45.6734430" lon="4.6860780">
    <ele>383.4</ele>
   </trkpt>
   <trkpt lat="45.6734690" lon="4.6861330">
    <ele>383.4</ele>
   </trkpt>
   <trkpt lat="45.6734880" lon="4.6861900">
    <ele>383.2</ele>
   </trkpt>
   <trkpt lat="45.6735100" lon="4.6862450">
    <ele>383.0</ele>
   </trkpt>
   <trkpt lat="45.6735260" lon="4.6863050">
    <ele>382.8</ele>
   </trkpt>
   <trkpt lat="45.6735420" lon="4.6863620">
    <ele>382.8</ele>
   </trkpt>
   <trkpt lat="45.6735650" lon="4.6864180">
    <ele>382.8</ele>
   </trkpt>
   <trkpt lat="45.6735840" lon="4.6864750">
    <ele>382.8</ele>
   </trkpt>
   <trkpt lat="45.6736000" lon="4.6865370">
    <ele>382.6</ele>
   </trkpt>
   <trkpt lat="45.6736260" lon="4.6865920">
    <ele>382.6</ele>
   </trkpt>
   <trkpt lat="45.6736480" lon="4.6866480">
    <ele>382.6</ele>
   </trkpt>
   <trkpt lat="45.6736700" lon="4.6867030">
    <ele>382.6</ele>
   </trkpt>
   <trkpt lat="45.6736990" lon="4.6867600">
    <ele>382.6</ele>
   </trkpt>
   <trkpt lat="45.6737180" lon="4.6868170">
    <ele>382.6</ele>
   </trkpt>
   <trkpt lat="45.6737380" lon="4.6868720">
    <ele>382.6</ele>
   </trkpt>
   <trkpt lat="45.6737630" lon="4.6869250">
    <ele>382.6</ele>
   </trkpt>
   <trkpt lat="45.6737860" lon="4.6869760">
    <ele>382.6</ele>
   </trkpt>
   <trkpt lat="45.6738080" lon="4.6870320">
    <ele>382.6</ele>
   </trkpt>
   <trkpt lat="45.6738470" lon="4.6871100">
    <ele>382.6</ele>
   </trkpt>
   <trkpt lat="45.6738560" lon="4.6871380">
    <ele>382.6</ele>
   </trkpt>
   <trkpt lat="45.6738820" lon="4.6871920">
    <ele>382.8</ele>
   </trkpt>
   <trkpt lat="45.6739010" lon="4.6872470">
    <ele>382.8</ele>
   </trkpt>
   <trkpt lat="45.6739200" lon="4.6872980">
    <ele>382.6</ele>
   </trkpt>
   <trkpt lat="45.6739390" lon="4.6873520">
    <ele>382.6</ele>
   </trkpt>
   <trkpt lat="45.6739580" lon="4.6874080">
    <ele>382.6</ele>
   </trkpt>
   <trkpt lat="45.6739780" lon="4.6874630">
    <ele>382.6</ele>
   </trkpt>
   <trkpt lat="45.6740000" lon="4.6875200">
    <ele>382.6</ele>
   </trkpt>
   <trkpt lat="45.6740190" lon="4.6875740">
    <ele>382.6</ele>
   </trkpt>
   <trkpt lat="45.6740420" lon="4.6876280">
    <ele>382.8</ele>
   </trkpt>
   <trkpt lat="45.6740610" lon="4.6876780">
    <ele>382.8</ele>
   </trkpt>
   <trkpt lat="45.6740800" lon="4.6877330">
    <ele>382.6</ele>
   </trkpt>
   <trkpt lat="45.6740990" lon="4.6877850">
    <ele>382.6</ele>
   </trkpt>
   <trkpt lat="45.6741220" lon="4.6878370">
    <ele>383.0</ele>
   </trkpt>
   <trkpt lat="45.6741410" lon="4.6878870">
    <ele>383.0</ele>
   </trkpt>
   <trkpt lat="45.6741630" lon="4.6879370">
    <ele>383.0</ele>
   </trkpt>
   <trkpt lat="45.6741860" lon="4.6879870">
    <ele>383.2</ele>
   </trkpt>
   <trkpt lat="45.6742080" lon="4.6880330">
    <ele>383.4</ele>
   </trkpt>
   <trkpt lat="45.6742340" lon="4.6880860">
    <ele>383.4</ele>
   </trkpt>
   <trkpt lat="45.6742530" lon="4.6881380">
    <ele>383.4</ele>
   </trkpt>
   <trkpt lat="45.6742660" lon="4.6881950">
    <ele>383.6</ele>
   </trkpt>
   <trkpt lat="45.6742780" lon="4.6882500">
    <ele>383.8</ele>
   </trkpt>
   <trkpt lat="45.6742940" lon="4.6883080">
    <ele>383.8</ele>
   </trkpt>
   <trkpt lat="45.6743040" lon="4.6883620">
    <ele>384.0</ele>
   </trkpt>
   <trkpt lat="45.6743170" lon="4.6884200">
    <ele>384.0</ele>
   </trkpt>
   <trkpt lat="45.6743310" lon="4.6885030">
    <ele>384.0</ele>
   </trkpt>
   <trkpt lat="45.6743360" lon="4.6885300">
    <ele>384.2</ele>
   </trkpt>
   <trkpt lat="45.6743460" lon="4.6885880">
    <ele>384.2</ele>
   </trkpt>
   <trkpt lat="45.6743550" lon="4.6886400">
    <ele>384.8</ele>
   </trkpt>
   <trkpt lat="45.6743620" lon="4.6886950">
    <ele>384.8</ele>
   </trkpt>
   <trkpt lat="45.6743650" lon="4.6887480">
    <ele>384.8</ele>
   </trkpt>
   <trkpt lat="45.6743650" lon="4.6888080">
    <ele>385.2</ele>
   </trkpt>
   <trkpt lat="45.6743710" lon="4.6888670">
    <ele>385.2</ele>
   </trkpt>
   <trkpt lat="45.6743740" lon="4.6889270">
    <ele>385.2</ele>
   </trkpt>
   <trkpt lat="45.6743810" lon="4.6889870">
    <ele>385.4</ele>
   </trkpt>
   <trkpt lat="45.6743900" lon="4.6890450">
    <ele>385.4</ele>
   </trkpt>
   <trkpt lat="45.6744000" lon="4.6891050">
    <ele>385.6</ele>
   </trkpt>
   <trkpt lat="45.6744160" lon="4.6891580">
    <ele>385.6</ele>
   </trkpt>
   <trkpt lat="45.6744260" lon="4.6892180">
    <ele>385.6</ele>
   </trkpt>
   <trkpt lat="45.6744420" lon="4.6892730">
    <ele>385.6</ele>
   </trkpt>
   <trkpt lat="45.6744540" lon="4.6893320">
    <ele>385.8</ele>
   </trkpt>
   <trkpt lat="45.6744740" lon="4.6893880">
    <ele>386.0</ele>
   </trkpt>
   <trkpt lat="45.6744900" lon="4.6894460">
    <ele>386.0</ele>
   </trkpt>
   <trkpt lat="45.6745020" lon="4.6895030">
    <ele>386.2</ele>
   </trkpt>
   <trkpt lat="45.6745220" lon="4.6895580">
    <ele>386.0</ele>
   </trkpt>
   <trkpt lat="45.6745410" lon="4.6896170">
    <ele>386.0</ele>
   </trkpt>
   <trkpt lat="45.6745570" lon="4.6896720">
    <ele>386.0</ele>
   </trkpt>
   <trkpt lat="45.6745730" lon="4.6897320">
    <ele>386.0</ele>
   </trkpt>
   <trkpt lat="45.6745920" lon="4.6897880">
    <ele>386.0</ele>
   </trkpt>
   <trkpt lat="45.6746180" lon="4.6898740">
    <ele>385.8</ele>
   </trkpt>
   <trkpt lat="45.6746240" lon="4.6899030">
    <ele>385.8</ele>
   </trkpt>
   <trkpt lat="45.6746430" lon="4.6899600">
    <ele>386.2</ele>
   </trkpt>
   <trkpt lat="45.6746620" lon="4.6900170">
    <ele>386.2</ele>
   </trkpt>
   <trkpt lat="45.6746820" lon="4.6900740">
    <ele>385.8</ele>
   </trkpt>
   <trkpt lat="45.6747040" lon="4.6901240">
    <ele>385.8</ele>
   </trkpt>
   <trkpt lat="45.6747360" lon="4.6901750">
    <ele>385.8</ele>
   </trkpt>
   <trkpt lat="45.6747580" lon="4.6902250">
    <ele>385.8</ele>
   </trkpt>
   <trkpt lat="45.6747900" lon="4.6902720">
    <ele>386.0</ele>
   </trkpt>
   <trkpt lat="45.6748190" lon="4.6903150">
    <ele>385.8</ele>
   </trkpt>
   <trkpt lat="45.6748510" lon="4.6903600">
    <ele>386.0</ele>
   </trkpt>
   <trkpt lat="45.6748770" lon="4.6904050">
    <ele>385.8</ele>
   </trkpt>
   <trkpt lat="45.6749120" lon="4.6904440">
    <ele>386.0</ele>
   </trkpt>
   <trkpt lat="45.6749470" lon="4.6904780">
    <ele>386.2</ele>
   </trkpt>
   <trkpt lat="45.6749790" lon="4.6905130">
    <ele>386.2</ele>
   </trkpt>
   <trkpt lat="45.6750110" lon="4.6905480">
    <ele>386.0</ele>
   </trkpt>
   <trkpt lat="45.6750460" lon="4.6905880">
    <ele>385.8</ele>
   </trkpt>
   <trkpt lat="45.6750780" lon="4.6906280">
    <ele>385.6</ele>
   </trkpt>
   <trkpt lat="45.6751100" lon="4.6906700">
    <ele>385.2</ele>
   </trkpt>
   <trkpt lat="45.6751390" lon="4.6907070">
    <ele>385.0</ele>
   </trkpt>
   <trkpt lat="45.6751740" lon="4.6907450">
    <ele>385.0</ele>
   </trkpt>
   <trkpt lat="45.6752060" lon="4.6907820">
    <ele>385.0</ele>
   </trkpt>
   <trkpt lat="45.6752380" lon="4.6908200">
    <ele>384.8</ele>
   </trkpt>
   <trkpt lat="45.6752740" lon="4.6908570">
    <ele>384.6</ele>
   </trkpt>
   <trkpt lat="45.6753120" lon="4.6908920">
    <ele>384.6</ele>
   </trkpt>
   <trkpt lat="45.6753470" lon="4.6909230">
    <ele>384.8</ele>
   </trkpt>
   <trkpt lat="45.6753790" lon="4.6909600">
    <ele>384.8</ele>
   </trkpt>
   <trkpt lat="45.6754140" lon="4.6909920">
    <ele>384.8</ele>
   </trkpt>
   <trkpt lat="45.6754460" lon="4.6910230">
    <ele>384.6</ele>
   </trkpt>
   <trkpt lat="45.6754720" lon="4.6910520">
    <ele>384.6</ele>
   </trkpt>
   <trkpt lat="45.6755100" lon="4.6910840">
    <ele>384.6</ele>
   </trkpt>
   <trkpt lat="45.6755460" lon="4.6911150">
    <ele>384.6</ele>
   </trkpt>
   <trkpt lat="45.6755870" lon="4.6911470">
    <ele>384.2</ele>
   </trkpt>
   <trkpt lat="45.6756220" lon="4.6911760">
    <ele>384.2</ele>
   </trkpt>
   <trkpt lat="45.6756640" lon="4.6912080">
    <ele>384.2</ele>
   </trkpt>
   <trkpt lat="45.6757020" lon="4.6912420">
    <ele>384.2</ele>
   </trkpt>
   <trkpt lat="45.6757410" lon="4.6912750">
    <ele>383.8</ele>
   </trkpt>
   <trkpt lat="45.6757760" lon="4.6913030">
    <ele>383.6</ele>
   </trkpt>
   <trkpt lat="45.6758390" lon="4.6913500">
    <ele>383.4</ele>
   </trkpt>
   <trkpt lat="45.6758560" lon="4.6913670">
    <ele>383.0</ele>
   </trkpt>
   <trkpt lat="45.6758940" lon="4.6913980">
    <ele>383.0</ele>
   </trkpt>
   <trkpt lat="45.6759390" lon="4.6914300">
    <ele>382.6</ele>
   </trkpt>
   <trkpt lat="45.6759810" lon="4.6914550">
    <ele>382.6</ele>
   </trkpt>
   <trkpt lat="45.6760220" lon="4.6914820">
    <ele>382.6</ele>
   </trkpt>
   <trkpt lat="45.6760640" lon="4.6915100">
    <ele>382.6</ele>
   </trkpt>
   <trkpt lat="45.6761020" lon="4.6915380">
    <ele>382.2</ele>
   </trkpt>
   <trkpt lat="45.6761440" lon="4.6915620">
    <ele>382.0</ele>
   </trkpt>
   <trkpt lat="45.6761860" lon="4.6915880">
    <ele>381.8</ele>
   </trkpt>
   <trkpt lat="45.6762270" lon="4.6916130">
    <ele>381.6</ele>
   </trkpt>
   <trkpt lat="45.6762690" lon="4.6916380">
    <ele>381.4</ele>
   </trkpt>
   <trkpt lat="45.6763100" lon="4.6916620">
    <ele>381.0</ele>
   </trkpt>
   <trkpt lat="45.6763520" lon="4.6916880">
    <ele>380.8</ele>
   </trkpt>
   <trkpt lat="45.6763900" lon="4.6917130">
    <ele>380.8</ele>
   </trkpt>
   <trkpt lat="45.6764320" lon="4.6917380">
    <ele>380.8</ele>
   </trkpt>
   <trkpt lat="45.6764770" lon="4.6917600">
    <ele>380.6</ele>
   </trkpt>
   <trkpt lat="45.6765180" lon="4.6917820">
    <ele>380.8</ele>
   </trkpt>
   <trkpt lat="45.6765600" lon="4.6918020">
    <ele>380.6</ele>
   </trkpt>
   <trkpt lat="45.6766020" lon="4.6918250">
    <ele>380.4</ele>
   </trkpt>
   <trkpt lat="45.6766430" lon="4.6918470">
    <ele>380.2</ele>
   </trkpt>
   <trkpt lat="45.6767070" lon="4.6918890">
    <ele>380.0</ele>
   </trkpt>
   <trkpt lat="45.6767260" lon="4.6919020">
    <ele>379.8</ele>
   </trkpt>
   <trkpt lat="45.6767680" lon="4.6919350">
    <ele>379.4</ele>
   </trkpt>
   <trkpt lat="45.6768060" lon="4.6919660">
    <ele>379.4</ele>
   </trkpt>
   <trkpt lat="45.6768450" lon="4.6920020">
    <ele>379.4</ele>
   </trkpt>
   <trkpt lat="45.6768800" lon="4.6920400">
    <ele>378.8</ele>
   </trkpt>
   <trkpt lat="45.6769180" lon="4.6920770">
    <ele>378.8</ele>
   </trkpt>
   <trkpt lat="45.6769570" lon="4.6921170">
    <ele>378.8</ele>
   </trkpt>
   <trkpt lat="45.6769950" lon="4.6921550">
    <ele>378.8</ele>
   </trkpt>
   <trkpt lat="45.6770270" lon="4.6921980">
    <ele>378.6</ele>
   </trkpt>
   <trkpt lat="45.6770660" lon="4.6922380">
    <ele>378.2</ele>
   </trkpt>
   <trkpt lat="45.6770980" lon="4.6922860">
    <ele>378.0</ele>
   </trkpt>
   <trkpt lat="45.6771260" lon="4.6923350">
    <ele>377.8</ele>
   </trkpt>
   <trkpt lat="45.6771580" lon="4.6923850">
    <ele>377.6</ele>
   </trkpt>
   <trkpt lat="45.6771900" lon="4.6924320">
    <ele>377.6</ele>
   </trkpt>
   <trkpt lat="45.6772190" lon="4.6924840">
    <ele>377.4</ele>
   </trkpt>
   <trkpt lat="45.6772510" lon="4.6925320">
    <ele>377.0</ele>
   </trkpt>
   <trkpt lat="45.6772900" lon="4.6925800">
    <ele>376.8</ele>
   </trkpt>
   <trkpt lat="45.6773180" lon="4.6926300">
    <ele>376.6</ele>
   </trkpt>
   <trkpt lat="45.6773440" lon="4.6926830">
    <ele>376.6</ele>
   </trkpt>
   <trkpt lat="45.6773760" lon="4.6927400">
    <ele>376.4</ele>
   </trkpt>
   <trkpt lat="45.6773980" lon="4.6927970">
    <ele>376.0</ele>
   </trkpt>
   <trkpt lat="45.6774240" lon="4.6928600">
    <ele>375.6</ele>
   </trkpt>
   <trkpt lat="45.6774500" lon="4.6929180">
    <ele>375.2</ele>
   </trkpt>
   <trkpt lat="45.6774690" lon="4.6929820">
    <ele>375.0</ele>
   </trkpt>
   <trkpt lat="45.6774880" lon="4.6930420">
    <ele>374.8</ele>
   </trkpt>
   <trkpt lat="45.6775010" lon="4.6931030">
    <ele>374.6</ele>
   </trkpt>
   <trkpt lat="45.6775200" lon="4.6931620">
    <ele>374.6</ele>
   </trkpt>
   <trkpt lat="45.6775490" lon="4.6932150">
    <ele>374.8</ele>
   </trkpt>
   <trkpt lat="45.6775810" lon="4.6932650">
    <ele>374.8</ele>
   </trkpt>
   <trkpt lat="45.6776160" lon="4.6933100">
    <ele>375.0</ele>
   </trkpt>
   <trkpt lat="45.6776510" lon="4.6933580">
    <ele>375.0</ele>
   </trkpt>
   <trkpt lat="45.6776960" lon="4.6934270">
    <ele>375.0</ele>
   </trkpt>
   <trkpt lat="45.6777120" lon="4.6934520">
    <ele>374.6</ele>
   </trkpt>
   <trkpt lat="45.6777380" lon="4.6935030">
    <ele>374.2</ele>
   </trkpt>
   <trkpt lat="45.6777600" lon="4.6935550">
    <ele>374.0</ele>
   </trkpt>
   <trkpt lat="45.6777820" lon="4.6936070">
    <ele>374.0</ele>
   </trkpt>
   <trkpt lat="45.6778140" lon="4.6936580">
    <ele>374.2</ele>
   </trkpt>
   <trkpt lat="45.6778400" lon="4.6937100">
    <ele>374.4</ele>
   </trkpt>
   <trkpt lat="45.6778690" lon="4.6937520">
    <ele>374.4</ele>
   </trkpt>
   <trkpt lat="45.6779010" lon="4.6937820">
    <ele>374.4</ele>
   </trkpt>
   <trkpt lat="45.6779360" lon="4.6938020">
    <ele>374.4</ele>
   </trkpt>
   <trkpt lat="45.6779780" lon="4.6938170">
    <ele>374.4</ele>
   </trkpt>
   <trkpt lat="45.6780160" lon="4.6938330">
    <ele>374.6</ele>
   </trkpt>
   <trkpt lat="45.6780580" lon="4.6938550">
    <ele>375.0</ele>
   </trkpt>
   <trkpt lat="45.6781060" lon="4.6938780">
    <ele>375.0</ele>
   </trkpt>
   <trkpt lat="45.6781440" lon="4.6939050">
    <ele>375.0</ele>
   </trkpt>
   <trkpt lat="45.6781890" lon="4.6939340">
    <ele>375.0</ele>
   </trkpt>
   <trkpt lat="45.6782240" lon="4.6939600">
    <ele>375.2</ele>
   </trkpt>
   <trkpt lat="45.6782660" lon="4.6939830">
    <ele>375.2</ele>
   </trkpt>
   <trkpt lat="45.6783040" lon="4.6940050">
    <ele>375.2</ele>
   </trkpt>
   <trkpt lat="45.6783490" lon="4.6940280">
    <ele>375.0</ele>
   </trkpt>
   <trkpt lat="45.6783870" lon="4.6940530">
    <ele>375.2</ele>
   </trkpt>
   <trkpt lat="45.6784290" lon="4.6940730">
    <ele>375.2</ele>
   </trkpt>
   <trkpt lat="45.6784670" lon="4.6940960">
    <ele>375.4</ele>
   </trkpt>
   <trkpt lat="45.6785060" lon="4.6941150">
    <ele>375.4</ele>
   </trkpt>
   <trkpt lat="45.6785470" lon="4.6941370">
    <ele>375.4</ele>
   </trkpt>
   <trkpt lat="45.6785860" lon="4.6941600">
    <ele>375.2</ele>
   </trkpt>
   <trkpt lat="45.6786270" lon="4.6941830">
    <ele>375.2</ele>
   </trkpt>
   <trkpt lat="45.6786660" lon="4.6942080">
    <ele>375.6</ele>
   </trkpt>
   <trkpt lat="45.6787100" lon="4.6942350">
    <ele>375.6</ele>
   </trkpt>
   <trkpt lat="45.6787520" lon="4.6942640">
    <ele>375.2</ele>
   </trkpt>
   <trkpt lat="45.6787940" lon="4.6942920">
    <ele>375.0</ele>
   </trkpt>
   <trkpt lat="45.6788380" lon="4.6943180">
    <ele>375.0</ele>
   </trkpt>
   <trkpt lat="45.6788740" lon="4.6943450">
    <ele>374.8</ele>
   </trkpt>
   <trkpt lat="45.6789310" lon="4.6943900">
    <ele>374.8</ele>
   </trkpt>
   <trkpt lat="45.6789500" lon="4.6944050">
    <ele>374.6</ele>
   </trkpt>
   <trkpt lat="45.6789860" lon="4.6944420">
    <ele>374.6</ele>
   </trkpt>
   <trkpt lat="45.6790210" lon="4.6944770">
    <ele>374.6</ele>
   </trkpt>
   <trkpt lat="45.6790530" lon="4.6945130">
    <ele>374.6</ele>
   </trkpt>
   <trkpt lat="45.6790850" lon="4.6945520">
    <ele>374.6</ele>
   </trkpt>
   <trkpt lat="45.6791170" lon="4.6945880">
    <ele>374.6</ele>
   </trkpt>
   <trkpt lat="45.6791490" lon="4.6946250">
    <ele>374.8</ele>
   </trkpt>
   <trkpt lat="45.6791810" lon="4.6946640">
    <ele>374.8</ele>
   </trkpt>
   <trkpt lat="45.6792160" lon="4.6947030">
    <ele>374.8</ele>
   </trkpt>
   <trkpt lat="45.6792480" lon="4.6947420">
    <ele>374.6</ele>
   </trkpt>
   <trkpt lat="45.6792830" lon="4.6947850">
    <ele>374.6</ele>
   </trkpt>
   <trkpt lat="45.6793090" lon="4.6948230">
    <ele>374.4</ele>
   </trkpt>
   <trkpt lat="45.6793440" lon="4.6948670">
    <ele>374.4</ele>
   </trkpt>
   <trkpt lat="45.6793760" lon="4.6949070">
    <ele>374.4</ele>
   </trkpt>
   <trkpt lat="45.6794080" lon="4.6949520">
    <ele>374.6</ele>
   </trkpt>
   <trkpt lat="45.6794430" lon="4.6949940">
    <ele>374.6</ele>
   </trkpt>
   <trkpt lat="45.6794780" lon="4.6950370">
    <ele>374.6</ele>
   </trkpt>
   <trkpt lat="45.6795140" lon="4.6950780">
    <ele>374.4</ele>
   </trkpt>
   <trkpt lat="45.6795420" lon="4.6951200">
    <ele>374.4</ele>
   </trkpt>
   <trkpt lat="45.6795780" lon="4.6951650">
    <ele>374.4</ele>
   </trkpt>
   <trkpt lat="45.6796030" lon="4.6952080">
    <ele>374.6</ele>
   </trkpt>
   <trkpt lat="45.6796290" lon="4.6952580">
    <ele>374.6</ele>
   </trkpt>
   <trkpt lat="45.6796580" lon="4.6953020">
    <ele>374.8</ele>
   </trkpt>
   <trkpt lat="45.6796930" lon="4.6953480">
    <ele>374.8</ele>
   </trkpt>
   <trkpt lat="45.6797180" lon="4.6954000">
    <ele>374.8</ele>
   </trkpt>
   <trkpt lat="45.6797470" lon="4.6954460">
    <ele>374.6</ele>
   </trkpt>
   <trkpt lat="45.6797760" lon="4.6954950">
    <ele>374.4</ele>
   </trkpt>
   <trkpt lat="45.6798080" lon="4.6955380">
    <ele>374.4</ele>
   </trkpt>
   <trkpt lat="45.6798400" lon="4.6955850">
    <ele>374.4</ele>
   </trkpt>
   <trkpt lat="45.6798750" lon="4.6956280">
    <ele>374.8</ele>
   </trkpt>
   <trkpt lat="45.6799040" lon="4.6956770">
    <ele>374.8</ele>
   </trkpt>
   <trkpt lat="45.6799480" lon="4.6957450">
    <ele>374.4</ele>
   </trkpt>
   <trkpt lat="45.6799620" lon="4.6957680">
    <ele>374.4</ele>
   </trkpt>
   <trkpt lat="45.6799900" lon="4.6958130">
    <ele>374.0</ele>
   </trkpt>
   <trkpt lat="45.6800190" lon="4.6958580">
    <ele>374.0</ele>
   </trkpt>
   <trkpt lat="45.6800450" lon="4.6959070">
    <ele>374.0</ele>
   </trkpt>
   <trkpt lat="45.6800740" lon="4.6959550">
    <ele>374.0</ele>
   </trkpt>
   <trkpt lat="45.6800990" lon="4.6960040">
    <ele>374.0</ele>
   </trkpt>
   <trkpt lat="45.6801310" lon="4.6960480">
    <ele>374.0</ele>
   </trkpt>
   <trkpt lat="45.6801600" lon="4.6960960">
    <ele>374.2</ele>
   </trkpt>
   <trkpt lat="45.6801920" lon="4.6961420">
    <ele>374.2</ele>
   </trkpt>
   <trkpt lat="45.6802210" lon="4.6961920">
    <ele>373.8</ele>
   </trkpt>
   <trkpt lat="45.6802500" lon="4.6962380">
    <ele>373.8</ele>
   </trkpt>
   <trkpt lat="45.6802780" lon="4.6962870">
    <ele>373.6</ele>
   </trkpt>
   <trkpt lat="45.6803010" lon="4.6963350">
    <ele>373.4</ele>
   </trkpt>
   <trkpt lat="45.6803330" lon="4.6963800">
    <ele>373.4</ele>
   </trkpt>
   <trkpt lat="45.6803620" lon="4.6964270">
    <ele>373.4</ele>
   </trkpt>
   <trkpt lat="45.6803900" lon="4.6964750">
    <ele>373.0</ele>
   </trkpt>
   <trkpt lat="45.6804190" lon="4.6965250">
    <ele>372.6</ele>
   </trkpt>
   <trkpt lat="45.6804510" lon="4.6965730">
    <ele>372.6</ele>
   </trkpt>
   <trkpt lat="45.6804800" lon="4.6966230">
    <ele>372.6</ele>
   </trkpt>
   <trkpt lat="45.6805090" lon="4.6966720">
    <ele>372.6</ele>
   </trkpt>
   <trkpt lat="45.6805380" lon="4.6967220">
    <ele>372.6</ele>
   </trkpt>
   <trkpt lat="45.6805660" lon="4.6967670">
    <ele>372.4</ele>
   </trkpt>
   <trkpt lat="45.6805950" lon="4.6968150">
    <ele>372.2</ele>
   </trkpt>
   <trkpt lat="45.6806430" lon="4.6968810">
    <ele>371.8</ele>
   </trkpt>
   <trkpt lat="45.6806590" lon="4.6969050">
    <ele>371.8</ele>
   </trkpt>
   <trkpt lat="45.6806910" lon="4.6969480">
    <ele>371.8</ele>
   </trkpt>
   <trkpt lat="45.6807260" lon="4.6969930">
    <ele>371.8</ele>
   </trkpt>
   <trkpt lat="45.6807580" lon="4.6970370">
    <ele>371.8</ele>
   </trkpt>
   <trkpt lat="45.6807900" lon="4.6970780">
    <ele>371.6</ele>
   </trkpt>
   <trkpt lat="45.6808260" lon="4.6971270">
    <ele>371.4</ele>
   </trkpt>
   <trkpt lat="45.6808540" lon="4.6971660">
    <ele>371.4</ele>
   </trkpt>
   <trkpt lat="45.6808930" lon="4.6972050">
    <ele>371.4</ele>
   </trkpt>
   <trkpt lat="45.6809310" lon="4.6972380">
    <ele>371.2</ele>
   </trkpt>
   <trkpt lat="45.6809760" lon="4.6972700">
    <ele>370.8</ele>
   </trkpt>
   <trkpt lat="45.6810080" lon="4.6973030">
    <ele>370.8</ele>
   </trkpt>
   <trkpt lat="45.6810530" lon="4.6973370">
    <ele>370.8</ele>
   </trkpt>
   <trkpt lat="45.6810940" lon="4.6973620">
    <ele>370.8</ele>
   </trkpt>
   <trkpt lat="45.6811360" lon="4.6973880">
    <ele>370.2</ele>
   </trkpt>
   <trkpt lat="45.6811780" lon="4.6974170">
    <ele>370.0</ele>
   </trkpt>
   <trkpt lat="45.6812160" lon="4.6974400">
    <ele>369.8</ele>
   </trkpt>
   <trkpt lat="45.6812540" lon="4.6974680">
    <ele>369.4</ele>
   </trkpt>
   <trkpt lat="45.6812960" lon="4.6975030">
    <ele>369.0</ele>
   </trkpt>
   <trkpt lat="45.6813410" lon="4.6975330">
    <ele>368.6</ele>
   </trkpt>
   <trkpt lat="45.6813820" lon="4.6975620">
    <ele>368.2</ele>
   </trkpt>
   <trkpt lat="45.6814240" lon="4.6975880">
    <ele>368.0</ele>
   </trkpt>
   <trkpt lat="45.6814690" lon="4.6976160">
    <ele>367.8</ele>
   </trkpt>
   <trkpt lat="45.6815350" lon="4.6976560">
    <ele>367.4</ele>
   </trkpt>
   <trkpt lat="45.6815550" lon="4.6976700">
    <ele>367.0</ele>
   </trkpt>
   <trkpt lat="45.6816030" lon="4.6976980">
    <ele>366.4</ele>
   </trkpt>
   <trkpt lat="45.6816450" lon="4.6977270">
    <ele>366.4</ele>
   </trkpt>
   <trkpt lat="45.6816900" lon="4.6977550">
    <ele>366.0</ele>
   </trkpt>
   <trkpt lat="45.6817340" lon="4.6977770">
    <ele>365.2</ele>
   </trkpt>
   <trkpt lat="45.6817820" lon="4.6978070">
    <ele>365.0</ele>
   </trkpt>
   <trkpt lat="45.6818210" lon="4.6978300">
    <ele>365.0</ele>
   </trkpt>
   <trkpt lat="45.6818660" lon="4.6978570">
    <ele>365.0</ele>
   </trkpt>
   <trkpt lat="45.6819040" lon="4.6978860">
    <ele>364.6</ele>
   </trkpt>
   <trkpt lat="45.6819420" lon="4.6979160">
    <ele>364.6</ele>
   </trkpt>
   <trkpt lat="45.6819810" lon="4.6979450">
    <ele>364.4</ele>
   </trkpt>
   <trkpt lat="45.6820190" lon="4.6979750">
    <ele>364.0</ele>
   </trkpt>
   <trkpt lat="45.6820640" lon="4.6980100">
    <ele>363.6</ele>
   </trkpt>
   <trkpt lat="45.6821060" lon="4.6980450">
    <ele>363.4</ele>
   </trkpt>
   <trkpt lat="45.6821440" lon="4.6980820">
    <ele>363.4</ele>
   </trkpt>
   <trkpt lat="45.6821820" lon="4.6981140">
    <ele>363.2</ele>
   </trkpt>
   <trkpt lat="45.6822240" lon="4.6981470">
    <ele>363.0</ele>
   </trkpt>
   <trkpt lat="45.6822590" lon="4.6981800">
    <ele>362.8</ele>
   </trkpt>
   <trkpt lat="45.6823010" lon="4.6982160">
    <ele>362.6</ele>
   </trkpt>
   <trkpt lat="45.6823390" lon="4.6982500">
    <ele>362.4</ele>
   </trkpt>
   <trkpt lat="45.6823780" lon="4.6982860">
    <ele>362.0</ele>
   </trkpt>
   <trkpt lat="45.6824190" lon="4.6983250">
    <ele>361.8</ele>
   </trkpt>
   <trkpt lat="45.6824580" lon="4.6983630">
    <ele>361.6</ele>
   </trkpt>
   <trkpt lat="45.6824960" lon="4.6984000">
    <ele>361.4</ele>
   </trkpt>
   <trkpt lat="45.6825340" lon="4.6984380">
    <ele>361.4</ele>
   </trkpt>
   <trkpt lat="45.6825950" lon="4.6985010">
    <ele>361.0</ele>
   </trkpt>
   <trkpt lat="45.6826140" lon="4.6985200">
    <ele>360.2</ele>
   </trkpt>
   <trkpt lat="45.6826530" lon="4.6985620">
    <ele>360.2</ele>
   </trkpt>
   <trkpt lat="45.6826910" lon="4.6986000">
    <ele>360.0</ele>
   </trkpt>
   <trkpt lat="45.6827260" lon="4.6986420">
    <ele>360.0</ele>
   </trkpt>
   <trkpt lat="45.6827650" lon="4.6986800">
    <ele>359.4</ele>
   </trkpt>
   <trkpt lat="45.6828000" lon="4.6987200">
    <ele>359.2</ele>
   </trkpt>
   <trkpt lat="45.6828380" lon="4.6987620">
    <ele>359.2</ele>
   </trkpt>
   <trkpt lat="45.6828770" lon="4.6988000">
    <ele>359.0</ele>
   </trkpt>
   <trkpt lat="45.6829150" lon="4.6988470">
    <ele>359.0</ele>
   </trkpt>
   <trkpt lat="45.6829440" lon="4.6988900">
    <ele>359.0</ele>
   </trkpt>
   <trkpt lat="45.6829790" lon="4.6989380">
    <ele>359.2</ele>
   </trkpt>
   <trkpt lat="45.6830110" lon="4.6989820">
    <ele>359.2</ele>
   </trkpt>
   <trkpt lat="45.6830430" lon="4.6990280">
    <ele>359.2</ele>
   </trkpt>
   <trkpt lat="45.6830750" lon="4.6990780">
    <ele>359.0</ele>
   </trkpt>
   <trkpt lat="45.6831010" lon="4.6991250">
    <ele>359.0</ele>
   </trkpt>
   <trkpt lat="45.6831300" lon="4.6991780">
    <ele>358.8</ele>
   </trkpt>
   <trkpt lat="45.6831580" lon="4.6992270">
    <ele>358.8</ele>
   </trkpt>
   <trkpt lat="45.6831840" lon="4.6992770">
    <ele>358.8</ele>
   </trkpt>
   <trkpt lat="45.6832190" lon="4.6993220">
    <ele>358.8</ele>
   </trkpt>
   <trkpt lat="45.6832480" lon="4.6993680">
    <ele>358.8</ele>
   </trkpt>
   <trkpt lat="45.6832740" lon="4.6994120">
    <ele>359.0</ele>
   </trkpt>
   <trkpt lat="45.6833020" lon="4.6994530">
    <ele>359.0</ele>
   </trkpt>
   <trkpt lat="45.6833380" lon="4.6994980">
    <ele>359.2</ele>
   </trkpt>
   <trkpt lat="45.6833760" lon="4.6995420">
    <ele>359.2</ele>
   </trkpt>
   <trkpt lat="45.6834110" lon="4.6995880">
    <ele>359.2</ele>
   </trkpt>
   <trkpt lat="45.6834400" lon="4.6996300">
    <ele>359.0</ele>
   </trkpt>
   <trkpt lat="45.6834870" lon="4.6996950">
    <ele>358.8</ele>
   </trkpt>
   <trkpt lat="45.6835010" lon="4.6997180">
    <ele>358.8</ele>
   </trkpt>
   <trkpt lat="45.6835360" lon="4.6997680">
    <ele>358.8</ele>
   </trkpt>
   <trkpt lat="45.6835550" lon="4.6998250">
    <ele>358.6</ele>
   </trkpt>
   <trkpt lat="45.6835710" lon="4.6998870">
    <ele>358.4</ele>
   </trkpt>
   <trkpt lat="45.6835710" lon="4.6999530">
    <ele>358.2</ele>
   </trkpt>
   <trkpt lat="45.6835650" lon="4.7000160">
    <ele>358.0</ele>
   </trkpt>
   <trkpt lat="45.6835460" lon="4.7000760">
    <ele>357.8</ele>
   </trkpt>
   <trkpt lat="45.6835200" lon="4.7001330">
    <ele>357.6</ele>
   </trkpt>
   <trkpt lat="45.6835010" lon="4.7001920">
    <ele>357.4</ele>
   </trkpt>
   <trkpt lat="45.6834910" lon="4.7002480">
    <ele>357.4</ele>
   </trkpt>
   <trkpt lat="45.6834690" lon="4.7003080">
    <ele>357.2</ele>
   </trkpt>
   <trkpt lat="45.6834460" lon="4.7003660">
    <ele>357.0</ele>
   </trkpt>
   <trkpt lat="45.6834210" lon="4.7004230">
    <ele>356.8</ele>
   </trkpt>
   <trkpt lat="45.6833950" lon="4.7004770">
    <ele>356.8</ele>
   </trkpt>
   <trkpt lat="45.6833700" lon="4.7005330">
    <ele>356.8</ele>
   </trkpt>
   <trkpt lat="45.6833410" lon="4.7005870">
    <ele>356.6</ele>
   </trkpt>
   <trkpt lat="45.6833150" lon="4.7006420">
    <ele>356.6</ele>
   </trkpt>
   <trkpt lat="45.6832900" lon="4.7007020">
    <ele>356.4</ele>
   </trkpt>
   <trkpt lat="45.6832670" lon="4.7007630">
    <ele>356.4</ele>
   </trkpt>
   <trkpt lat="45.6832350" lon="4.7008200">
    <ele>356.4</ele>
   </trkpt>
   <trkpt lat="45.6832100" lon="4.7008770">
    <ele>356.6</ele>
   </trkpt>
   <trkpt lat="45.6831780" lon="4.7009320">
    <ele>356.4</ele>
   </trkpt>
   <trkpt lat="45.6831520" lon="4.7009940">
    <ele>356.4</ele>
   </trkpt>
   <trkpt lat="45.6831230" lon="4.7010460">
    <ele>356.4</ele>
   </trkpt>
   <trkpt lat="45.6830980" lon="4.7011020">
    <ele>356.4</ele>
   </trkpt>
   <trkpt lat="45.6830630" lon="4.7011820">
    <ele>356.4</ele>
   </trkpt>
   <trkpt lat="45.6830500" lon="4.7012120">
    <ele>356.4</ele>
   </trkpt>
   <trkpt lat="45.6830210" lon="4.7012580">
    <ele>356.6</ele>
   </trkpt>
   <trkpt lat="45.6829980" lon="4.7013150">
    <ele>356.8</ele>
   </trkpt>
   <trkpt lat="45.6829700" lon="4.7013440">
    <ele>356.8</ele>
   </trkpt>
   <trkpt lat="45.6829500" lon="4.7013960">
    <ele>356.8</ele>
   </trkpt>
   <trkpt lat="45.6829310" lon="4.7014450">
    <ele>356.8</ele>
   </trkpt>
   <trkpt lat="45.6829150" lon="4.7015020">
    <ele>356.8</ele>
   </trkpt>
   <trkpt lat="45.6828930" lon="4.7015620">
    <ele>356.6</ele>
   </trkpt>
   <trkpt lat="45.6828740" lon="4.7016120">
    <ele>356.6</ele>
   </trkpt>
   <trkpt lat="45.6828540" lon="4.7016580">
    <ele>356.6</ele>
   </trkpt>
   <trkpt lat="45.6828350" lon="4.7017150">
    <ele>356.8</ele>
   </trkpt>
   <trkpt lat="45.6828190" lon="4.7017720">
    <ele>356.8</ele>
   </trkpt>
   <trkpt lat="45.6828130" lon="4.7018320">
    <ele>356.8</ele>
   </trkpt>
   <trkpt lat="45.6828060" lon="4.7018970">
    <ele>356.8</ele>
   </trkpt>
   <trkpt lat="45.6828060" lon="4.7019670">
    <ele>356.8</ele>
   </trkpt>
   <trkpt lat="45.6828130" lon="4.7020320">
    <ele>356.6</ele>
   </trkpt>
   <trkpt lat="45.6828130" lon="4.7020980">
    <ele>356.4</ele>
   </trkpt>
   <trkpt lat="45.6828130" lon="4.7021620">
    <ele>356.2</ele>
   </trkpt>
   <trkpt lat="45.6828060" lon="4.7022280">
    <ele>356.0</ele>
   </trkpt>
   <trkpt lat="45.6828030" lon="4.7022900">
    <ele>356.0</ele>
   </trkpt>
   <trkpt lat="45.6827940" lon="4.7023550">
    <ele>356.0</ele>
   </trkpt>
   <trkpt lat="45.6827780" lon="4.7024180">
    <ele>355.8</ele>
   </trkpt>
   <trkpt lat="45.6827620" lon="4.7024750">
    <ele>355.4</ele>
   </trkpt>
   <trkpt lat="45.6827520" lon="4.7025330">
    <ele>354.8</ele>
   </trkpt>
   <trkpt lat="45.6827280" lon="4.7026230">
    <ele>354.6</ele>
   </trkpt>
   <trkpt lat="45.6827200" lon="4.7026520">
    <ele>354.4</ele>
   </trkpt>
   <trkpt lat="45.6826980" lon="4.7027080">
    <ele>354.4</ele>
   </trkpt>
   <trkpt lat="45.6826780" lon="4.7027620">
    <ele>354.0</ele>
   </trkpt>
   <trkpt lat="45.6826530" lon="4.7028180">
    <ele>353.8</ele>
   </trkpt>
   <trkpt lat="45.6826210" lon="4.7028750">
    <ele>353.6</ele>
   </trkpt>
   <trkpt lat="45.6825860" lon="4.7029300">
    <ele>353.6</ele>
   </trkpt>
   <trkpt lat="45.6825540" lon="4.7029800">
    <ele>353.0</ele>
   </trkpt>
   <trkpt lat="45.6825090" lon="4.7030220">
    <ele>352.4</ele>
   </trkpt>
   <trkpt lat="45.6824670" lon="4.7030540">
    <ele>352.2</ele>
   </trkpt>
   <trkpt lat="45.6824190" lon="4.7030780">
    <ele>351.8</ele>
   </trkpt>
   <trkpt lat="45.6823780" lon="4.7031180">
    <ele>351.2</ele>
   </trkpt>
   <trkpt lat="45.6823390" lon="4.7031580">
    <ele>350.6</ele>
   </trkpt>
   <trkpt lat="45.6823140" lon="4.7032060">
    <ele>350.6</ele>
   </trkpt>
   <trkpt lat="45.6823010" lon="4.7032830">
    <ele>350.2</ele>
   </trkpt>
   <trkpt lat="45.6823010" lon="4.7033580">
    <ele>350.0</ele>
   </trkpt>
   <trkpt lat="45.6823140" lon="4.7034350">
    <ele>349.4</ele>
   </trkpt>
   <trkpt lat="45.6823360" lon="4.7035000">
    <ele>349.2</ele>
   </trkpt>
   <trkpt lat="45.6823620" lon="4.7035560">
    <ele>349.2</ele>
   </trkpt>
   <trkpt lat="45.6824030" lon="4.7035930">
    <ele>349.0</ele>
   </trkpt>
   <trkpt lat="45.6824450" lon="4.7036280">
    <ele>348.6</ele>
   </trkpt>
   <trkpt lat="45.6824860" lon="4.7036680">
    <ele>348.4</ele>
   </trkpt>
   <trkpt lat="45.6825250" lon="4.7037080">
    <ele>348.4</ele>
   </trkpt>
   <trkpt lat="45.6825730" lon="4.7037480">
    <ele>348.4</ele>
   </trkpt>
   <trkpt lat="45.6826140" lon="4.7037850">
    <ele>348.4</ele>
   </trkpt>
   <trkpt lat="45.6826530" lon="4.7038230">
    <ele>348.4</ele>
   </trkpt>
   <trkpt lat="45.6826910" lon="4.7038580">
    <ele>348.6</ele>
   </trkpt>
   <trkpt lat="45.6827260" lon="4.7038980">
    <ele>348.6</ele>
   </trkpt>
   <trkpt lat="45.6827650" lon="4.7039300">
    <ele>348.8</ele>
   </trkpt>
   <trkpt lat="45.6828030" lon="4.7039680">
    <ele>348.8</ele>
   </trkpt>
   <trkpt lat="45.6828380" lon="4.7040020">
    <ele>348.6</ele>
   </trkpt>
   <trkpt lat="45.6828640" lon="4.7040400">
    <ele>348.6</ele>
   </trkpt>
   <trkpt lat="45.6828990" lon="4.7040780">
    <ele>348.8</ele>
   </trkpt>
   <trkpt lat="45.6829310" lon="4.7041200">
    <ele>348.8</ele>
   </trkpt>
   <trkpt lat="45.6829630" lon="4.7041620">
    <ele>348.8</ele>
   </trkpt>
   <trkpt lat="45.6829950" lon="4.7042000">
    <ele>349.2</ele>
   </trkpt>
   <trkpt lat="45.6830240" lon="4.7042420">
    <ele>349.4</ele>
   </trkpt>
   <trkpt lat="45.6830560" lon="4.7042760">
    <ele>349.6</ele>
   </trkpt>
   <trkpt lat="45.6831030" lon="4.7043300">
    <ele>349.8</ele>
   </trkpt>
   <trkpt lat="45.6831140" lon="4.7043480">
    <ele>350.0</ele>
   </trkpt>
   <trkpt lat="45.6831420" lon="4.7043820">
    <ele>350.2</ele>
   </trkpt>
   <trkpt lat="45.6831710" lon="4.7044180">
    <ele>350.4</ele>
   </trkpt>
   <trkpt lat="45.6831970" lon="4.7044600">
    <ele>350.6</ele>
   </trkpt>
   <trkpt lat="45.6832220" lon="4.7045040">
    <ele>350.8</ele>
   </trkpt>
   <trkpt lat="45.6832510" lon="4.7045450">
    <ele>351.2</ele>
   </trkpt>
   <trkpt lat="45.6832800" lon="4.7045930">
    <ele>351.4</ele>
   </trkpt>
   <trkpt lat="45.6833020" lon="4.7046400">
    <ele>352.0</ele>
   </trkpt>
   <trkpt lat="45.6833340" lon="4.7046880">
    <ele>352.2</ele>
   </trkpt>
   <trkpt lat="45.6833660" lon="4.7047330">
    <ele>352.6</ele>
   </trkpt>
   <trkpt lat="45.6833950" lon="4.7047870">
    <ele>352.6</ele>
   </trkpt>
   <trkpt lat="45.6834210" lon="4.7048350">
    <ele>352.6</ele>
   </trkpt>
   <trkpt lat="45.6834500" lon="4.7048860">
    <ele>352.6</ele>
   </trkpt>
   <trkpt lat="45.6834780" lon="4.7049350">
    <ele>352.8</ele>
   </trkpt>
   <trkpt lat="45.6835070" lon="4.7049830">
    <ele>352.8</ele>
   </trkpt>
   <trkpt lat="45.6835330" lon="4.7050330">
    <ele>352.8</ele>
   </trkpt>
   <trkpt lat="45.6835650" lon="4.7050780">
    <ele>352.8</ele>
   </trkpt>
   <trkpt lat="45.6835940" lon="4.7051200">
    <ele>352.8</ele>
   </trkpt>
   <trkpt lat="45.6836190" lon="4.7051570">
    <ele>353.0</ele>
   </trkpt>
   <trkpt lat="45.6836540" lon="4.7051940">
    <ele>353.0</ele>
   </trkpt>
   <trkpt lat="45.6836900" lon="4.7052340">
    <ele>353.0</ele>
   </trkpt>
   <trkpt lat="45.6837250" lon="4.7052720">
    <ele>353.0</ele>
   </trkpt>
   <trkpt lat="45.6837570" lon="4.7053080">
    <ele>352.6</ele>
   </trkpt>
   <trkpt lat="45.6837920" lon="4.7053400">
    <ele>352.6</ele>
   </trkpt>
   <trkpt lat="45.6838300" lon="4.7053800">
    <ele>352.4</ele>
   </trkpt>
   <trkpt lat="45.6838690" lon="4.7054200">
    <ele>352.4</ele>
   </trkpt>
   <trkpt lat="45.6839040" lon="4.7054600">
    <ele>352.4</ele>
   </trkpt>
   <trkpt lat="45.6839360" lon="4.7055020">
    <ele>352.2</ele>
   </trkpt>
   <trkpt lat="45.6839710" lon="4.7055440">
    <ele>352.2</ele>
   </trkpt>
   <trkpt lat="45.6840060" lon="4.7055840">
    <ele>352.2</ele>
   </trkpt>
   <trkpt lat="45.6840420" lon="4.7056280">
    <ele>352.2</ele>
   </trkpt>
   <trkpt lat="45.6840770" lon="4.7056800">
    <ele>351.8</ele>
   </trkpt>
   <trkpt lat="45.6841090" lon="4.7057280">
    <ele>351.6</ele>
   </trkpt>
   <trkpt lat="45.6841440" lon="4.7057780">
    <ele>351.4</ele>
   </trkpt>
   <trkpt lat="45.6841730" lon="4.7058270">
    <ele>351.4</ele>
   </trkpt>
   <trkpt lat="45.6842080" lon="4.7058750">
    <ele>351.0</ele>
   </trkpt>
   <trkpt lat="45.6842340" lon="4.7059200">
    <ele>350.8</ele>
   </trkpt>
   <trkpt lat="45.6842850" lon="4.7059890">
    <ele>350.4</ele>
   </trkpt>
   <trkpt lat="45.6843010" lon="4.7060120">
    <ele>350.0</ele>
   </trkpt>
   <trkpt lat="45.6843300" lon="4.7060580">
    <ele>350.0</ele>
   </trkpt>
   <trkpt lat="45.6843550" lon="4.7061080">
    <ele>350.0</ele>
   </trkpt>
   <trkpt lat="45.6843840" lon="4.7061550">
    <ele>349.8</ele>
   </trkpt>
   <trkpt lat="45.6844130" lon="4.7062070">
    <ele>349.6</ele>
   </trkpt>
   <trkpt lat="45.6844420" lon="4.7062500">
    <ele>349.6</ele>
   </trkpt>
   <trkpt lat="45.6844740" lon="4.7062930">
    <ele>349.6</ele>
   </trkpt>
   <trkpt lat="45.6845060" lon="4.7063330">
    <ele>349.6</ele>
   </trkpt>
   <trkpt lat="45.6845410" lon="4.7063650">
    <ele>349.4</ele>
   </trkpt>
   <trkpt lat="45.6845730" lon="4.7063960">
    <ele>349.2</ele>
   </trkpt>
   <trkpt lat="45.6846110" lon="4.7064300">
    <ele>349.2</ele>
   </trkpt>
   <trkpt lat="45.6846430" lon="4.7064670">
    <ele>349.0</ele>
   </trkpt>
   <trkpt lat="45.6846720" lon="4.7065080">
    <ele>349.0</ele>
   </trkpt>
   <trkpt lat="45.6846980" lon="4.7065620">
    <ele>348.8</ele>
   </trkpt>
   <trkpt lat="45.6847200" lon="4.7066150">
    <ele>348.6</ele>
   </trkpt>
   <trkpt lat="45.6847460" lon="4.7066780">
    <ele>348.2</ele>
   </trkpt>
   <trkpt lat="45.6847780" lon="4.7067330">
    <ele>347.8</ele>
   </trkpt>
   <trkpt lat="45.6848060" lon="4.7067920">
    <ele>347.6</ele>
   </trkpt>
   <trkpt lat="45.6848380" lon="4.7068450">
    <ele>347.4</ele>
   </trkpt>
   <trkpt lat="45.6848700" lon="4.7068950">
    <ele>347.2</ele>
   </trkpt>
   <trkpt lat="45.6849020" lon="4.7069400">
    <ele>346.6</ele>
   </trkpt>
   <trkpt lat="45.6849380" lon="4.7069850">
    <ele>346.2</ele>
   </trkpt>
   <trkpt lat="45.6849760" lon="4.7070260">
    <ele>346.0</ele>
   </trkpt>
   <trkpt lat="45.6850050" lon="4.7070720">
    <ele>345.6</ele>
   </trkpt>
   <trkpt lat="45.6850400" lon="4.7071130">
    <ele>345.6</ele>
   </trkpt>
   <trkpt lat="45.6850780" lon="4.7071580">
    <ele>345.2</ele>
   </trkpt>
   <trkpt lat="45.6851070" lon="4.7072050">
    <ele>344.6</ele>
   </trkpt>
   <trkpt lat="45.6851460" lon="4.7072550">
    <ele>344.2</ele>
   </trkpt>
   <trkpt lat="45.6851780" lon="4.7073020">
    <ele>344.0</ele>
   </trkpt>
   <trkpt lat="45.6852100" lon="4.7073520">
    <ele>343.6</ele>
   </trkpt>
   <trkpt lat="45.6852420" lon="4.7073960">
    <ele>343.4</ele>
   </trkpt>
   <trkpt lat="45.6852800" lon="4.7074380">
    <ele>342.6</ele>
   </trkpt>
   <trkpt lat="45.6853090" lon="4.7074820">
    <ele>342.4</ele>
   </trkpt>
   <trkpt lat="45.6853440" lon="4.7075280">
    <ele>341.6</ele>
   </trkpt>
   <trkpt lat="45.6853920" lon="4.7075990">
    <ele>341.2</ele>
   </trkpt>
   <trkpt lat="45.6854080" lon="4.7076250">
    <ele>340.6</ele>
   </trkpt>
   <trkpt lat="45.6854430" lon="4.7076720">
    <ele>340.0</ele>
   </trkpt>
   <trkpt lat="45.6854780" lon="4.7077230">
    <ele>340.0</ele>
   </trkpt>
   <trkpt lat="45.6855140" lon="4.7077700">
    <ele>339.6</ele>
   </trkpt>
   <trkpt lat="45.6855460" lon="4.7078200">
    <ele>339.2</ele>
   </trkpt>
   <trkpt lat="45.6855810" lon="4.7078650">
    <ele>338.8</ele>
   </trkpt>
   <trkpt lat="45.6856130" lon="4.7079130">
    <ele>338.6</ele>
   </trkpt>
   <trkpt lat="45.6856450" lon="4.7079600">
    <ele>338.4</ele>
   </trkpt>
   <trkpt lat="45.6856800" lon="4.7080070">
    <ele>337.8</ele>
   </trkpt>
   <trkpt lat="45.6857150" lon="4.7080520">
    <ele>337.2</ele>
   </trkpt>
   <trkpt lat="45.6857540" lon="4.7080950">
    <ele>337.2</ele>
   </trkpt>
   <trkpt lat="45.6857890" lon="4.7081400">
    <ele>336.6</ele>
   </trkpt>
   <trkpt lat="45.6858210" lon="4.7081850">
    <ele>336.2</ele>
   </trkpt>
   <trkpt lat="45.6858590" lon="4.7082280">
    <ele>336.2</ele>
   </trkpt>
   <trkpt lat="45.6858980" lon="4.7082680">
    <ele>336.2</ele>
   </trkpt>
   <trkpt lat="45.6859360" lon="4.7083100">
    <ele>335.4</ele>
   </trkpt>
   <trkpt lat="45.6859740" lon="4.7083480">
    <ele>335.2</ele>
   </trkpt>
   <trkpt lat="45.6860160" lon="4.7083850">
    <ele>335.0</ele>
   </trkpt>
   <trkpt lat="45.6860540" lon="4.7084200">
    <ele>334.4</ele>
   </trkpt>
   <trkpt lat="45.6860960" lon="4.7084560">
    <ele>334.2</ele>
   </trkpt>
   <trkpt lat="45.6861340" lon="4.7084930">
    <ele>333.8</ele>
   </trkpt>
   <trkpt lat="45.6861730" lon="4.7085320">
    <ele>333.8</ele>
   </trkpt>
   <trkpt lat="45.6862080" lon="4.7085720">
    <ele>333.4</ele>
   </trkpt>
   <trkpt lat="45.6862640" lon="4.7086310">
    <ele>333.4</ele>
   </trkpt>
   <trkpt lat="45.6862820" lon="4.7086520">
    <ele>333.0</ele>
   </trkpt>
   <trkpt lat="45.6863170" lon="4.7086900">
    <ele>332.6</ele>
   </trkpt>
   <trkpt lat="45.6863550" lon="4.7087340">
    <ele>332.4</ele>
   </trkpt>
   <trkpt lat="45.6863940" lon="4.7087700">
    <ele>332.4</ele>
   </trkpt>
   <trkpt lat="45.6864350" lon="4.7088120">
    <ele>332.2</ele>
   </trkpt>
   <trkpt lat="45.6864700" lon="4.7088520">
    <ele>331.6</ele>
   </trkpt>
   <trkpt lat="45.6865090" lon="4.7088920">
    <ele>331.6</ele>
   </trkpt>
   <trkpt lat="45.6865470" lon="4.7089330">
    <ele>331.4</ele>
   </trkpt>
   <trkpt lat="45.6865860" lon="4.7089750">
    <ele>331.2</ele>
   </trkpt>
   <trkpt lat="45.6866270" lon="4.7090070">
    <ele>331.0</ele>
   </trkpt>
   <trkpt lat="45.6866660" lon="4.7090380">
    <ele>330.6</ele>
   </trkpt>
   <trkpt lat="45.6867070" lon="4.7090730">
    <ele>330.6</ele>
   </trkpt>
   <trkpt lat="45.6867490" lon="4.7091050">
    <ele>330.4</ele>
   </trkpt>
   <trkpt lat="45.6867870" lon="4.7091380">
    <ele>330.4</ele>
   </trkpt>
   <trkpt lat="45.6868260" lon="4.7091720">
    <ele>330.4</ele>
   </trkpt>
   <trkpt lat="45.6868640" lon="4.7092020">
    <ele>330.4</ele>
   </trkpt>
   <trkpt lat="45.6869020" lon="4.7092370">
    <ele>330.4</ele>
   </trkpt>
   <trkpt lat="45.6869410" lon="4.7092670">
    <ele>330.4</ele>
   </trkpt>
   <trkpt lat="45.6869760" lon="4.7093000">
    <ele>330.4</ele>
   </trkpt>
   <trkpt lat="45.6870210" lon="4.7093300">
    <ele>330.0</ele>
   </trkpt>
   <trkpt lat="45.6870560" lon="4.7093600">
    <ele>330.0</ele>
   </trkpt>
   <trkpt lat="45.6871010" lon="4.7093870">
    <ele>330.0</ele>
   </trkpt>
   <trkpt lat="45.6871420" lon="4.7094050">
    <ele>329.6</ele>
   </trkpt>
   <trkpt lat="45.6871810" lon="4.7094220">
    <ele>329.6</ele>
   </trkpt>
   <trkpt lat="45.6872190" lon="4.7094230">
    <ele>329.8</ele>
   </trkpt>
   <trkpt lat="45.6872540" lon="4.7094100">
    <ele>329.8</ele>
   </trkpt>
   <trkpt lat="45.6872900" lon="4.7093770">
    <ele>329.8</ele>
   </trkpt>
   <trkpt lat="45.6873180" lon="4.7093350">
    <ele>329.6</ele>
   </trkpt>
   <trkpt lat="45.6873470" lon="4.7092920">
    <ele>329.6</ele>
   </trkpt>
   <trkpt lat="45.6873790" lon="4.7092470">
    <ele>329.4</ele>
   </trkpt>
   <trkpt lat="45.6874080" lon="4.7092050">
    <ele>329.2</ele>
   </trkpt>
   <trkpt lat="45.6874340" lon="4.7091660">
    <ele>329.2</ele>
   </trkpt>
   <trkpt lat="45.6874620" lon="4.7091260">
    <ele>329.2</ele>
   </trkpt>
   <trkpt lat="45.6874910" lon="4.7090820">
    <ele>329.2</ele>
   </trkpt>
   <trkpt lat="45.6875390" lon="4.7090200">
    <ele>329.2</ele>
   </trkpt>
   <trkpt lat="45.6875520" lon="4.7090000">
    <ele>329.2</ele>
   </trkpt>
   <trkpt lat="45.6875870" lon="4.7089580">
    <ele>329.2</ele>
   </trkpt>
   <trkpt lat="45.6876190" lon="4.7089130">
    <ele>329.2</ele>
   </trkpt>
   <trkpt lat="45.6876480" lon="4.7088720">
    <ele>329.2</ele>
   </trkpt>
   <trkpt lat="45.6876800" lon="4.7088260">
    <ele>328.4</ele>
   </trkpt>
   <trkpt lat="45.6877150" lon="4.7087820">
    <ele>328.4</ele>
   </trkpt>
   <trkpt lat="45.6877440" lon="4.7087380">
    <ele>328.8</ele>
   </trkpt>
   <trkpt lat="45.6877760" lon="4.7086900">
    <ele>328.8</ele>
   </trkpt>
   <trkpt lat="45.6878020" lon="4.7086350">
    <ele>327.8</ele>
   </trkpt>
   <trkpt lat="45.6878270" lon="4.7085870">
    <ele>327.4</ele>
   </trkpt>
   <trkpt lat="45.6878590" lon="4.7085330">
    <ele>327.2</ele>
   </trkpt>
   <trkpt lat="45.6878820" lon="4.7084800">
    <ele>327.2</ele>
   </trkpt>
   <trkpt lat="45.6879040" lon="4.7084230">
    <ele>326.4</ele>
   </trkpt>
   <trkpt lat="45.6879200" lon="4.7083670">
    <ele>326.2</ele>
   </trkpt>
   <trkpt lat="45.6879360" lon="4.7083070">
    <ele>326.2</ele>
   </trkpt>
   <trkpt lat="45.6879580" lon="4.7082550">
    <ele>326.2</ele>
   </trkpt>
   <trkpt lat="45.6879810" lon="4.7081980">
    <ele>326.2</ele>
   </trkpt>
   <trkpt lat="45.6880030" lon="4.7081450">
    <ele>325.8</ele>
   </trkpt>
   <trkpt lat="45.6880260" lon="4.7080880">
    <ele>325.4</ele>
   </trkpt>
   <trkpt lat="45.6880480" lon="4.7080360">
    <ele>325.0</ele>
   </trkpt>
   <trkpt lat="45.6880800" lon="4.7079840">
    <ele>324.6</ele>
   </trkpt>
   <trkpt lat="45.6881020" lon="4.7079300">
    <ele>324.2</ele>
   </trkpt>
   <trkpt lat="45.6881180" lon="4.7078750">
    <ele>324.0</ele>
   </trkpt>
   <trkpt lat="45.6881340" lon="4.7078080">
    <ele>323.6</ele>
   </trkpt>
   <trkpt lat="45.6881540" lon="4.7077580">
    <ele>323.4</ele>
   </trkpt>
   <trkpt lat="45.6881630" lon="4.7077040">
    <ele>322.6</ele>
   </trkpt>
   <trkpt lat="45.6881660" lon="4.7076420">
    <ele>322.4</ele>
   </trkpt>
   <trkpt lat="45.6881760" lon="4.7075740">
    <ele>322.2</ele>
   </trkpt>
   <trkpt lat="45.6881920" lon="4.7074860">
    <ele>321.8</ele>
   </trkpt>
   <trkpt lat="45.6882020" lon="4.7074580">
    <ele>321.6</ele>
   </trkpt>
   <trkpt lat="45.6882210" lon="4.7074080">
    <ele>321.2</ele>
   </trkpt>
   <trkpt lat="45.6882530" lon="4.7073600">
    <ele>320.6</ele>
   </trkpt>
   <trkpt lat="45.6882750" lon="4.7073020">
    <ele>320.2</ele>
   </trkpt>
   <trkpt lat="45.6882980" lon="4.7072580">
    <ele>320.2</ele>
   </trkpt>
   <trkpt lat="45.6883230" lon="4.7072000">
    <ele>320.0</ele>
   </trkpt>
   <trkpt lat="45.6883420" lon="4.7071480">
    <ele>319.6</ele>
   </trkpt>
   <trkpt lat="45.6883580" lon="4.7070950">
    <ele>319.6</ele>
   </trkpt>
   <trkpt lat="45.6883710" lon="4.7070420">
    <ele>319.6</ele>
   </trkpt>
   <trkpt lat="45.6883810" lon="4.7069840">
    <ele>319.0</ele>
   </trkpt>
   <trkpt lat="45.6883970" lon="4.7069370">
    <ele>318.8</ele>
   </trkpt>
   <trkpt lat="45.6884160" lon="4.7068840">
    <ele>318.6</ele>
   </trkpt>
   <trkpt lat="45.6884320" lon="4.7068280">
    <ele>318.4</ele>
   </trkpt>
   <trkpt lat="45.6884510" lon="4.7067770">
    <ele>318.4</ele>
   </trkpt>
   <trkpt lat="45.6884700" lon="4.7067250">
    <ele>318.4</ele>
   </trkpt>
   <trkpt lat="45.6884830" lon="4.7066700">
    <ele>318.6</ele>
   </trkpt>
   <trkpt lat="45.6885020" lon="4.7066100">
    <ele>318.6</ele>
   </trkpt>
   <trkpt lat="45.6885250" lon="4.7065600">
    <ele>318.6</ele>
   </trkpt>
   <trkpt lat="45.6885540" lon="4.7065070">
    <ele>317.8</ele>
   </trkpt>
   <trkpt lat="45.6885760" lon="4.7064570">
    <ele>317.8</ele>
   </trkpt>
   <trkpt lat="45.6885980" lon="4.7064050">
    <ele>317.8</ele>
   </trkpt>
   <trkpt lat="45.6886210" lon="4.7063560">
    <ele>317.8</ele>
   </trkpt>
   <trkpt lat="45.6886430" lon="4.7063050">
    <ele>317.8</ele>
   </trkpt>
   <trkpt lat="45.6886690" lon="4.7062600">
    <ele>317.4</ele>
   </trkpt>
   <trkpt lat="45.6886910" lon="4.7062150">
    <ele>317.4</ele>
   </trkpt>
   <trkpt lat="45.6887280" lon="4.7061450">
    <ele>317.4</ele>
   </trkpt>
   <trkpt lat="45.6887420" lon="4.7061220">
    <ele>317.6</ele>
   </trkpt>
   <trkpt lat="45.6887710" lon="4.7060780">
    <ele>317.2</ele>
   </trkpt>
   <trkpt lat="45.6887970" lon="4.7060350">
    <ele>317.0</ele>
   </trkpt>
   <trkpt lat="45.6888290" lon="4.7059900">
    <ele>316.8</ele>
   </trkpt>
   <trkpt lat="45.6888580" lon="4.7059470">
    <ele>316.8</ele>
   </trkpt>
   <trkpt lat="45.6888900" lon="4.7058970">
    <ele>316.6</ele>
   </trkpt>
   <trkpt lat="45.6889150" lon="4.7058580">
    <ele>316.6</ele>
   </trkpt>
   <trkpt lat="45.6889500" lon="4.7058220">
    <ele>316.6</ele>
   </trkpt>
   <trkpt lat="45.6889820" lon="4.7057830">
    <ele>316.6</ele>
   </trkpt>
   <trkpt lat="45.6890140" lon="4.7057450">
    <ele>316.6</ele>
   </trkpt>
   <trkpt lat="45.6890530" lon="4.7057080">
    <ele>316.6</ele>
   </trkpt>
   <trkpt lat="45.6890820" lon="4.7056720">
    <ele>316.4</ele>
   </trkpt>
   <trkpt lat="45.6891140" lon="4.7056360">
    <ele>316.2</ele>
   </trkpt>
   <trkpt lat="45.6891490" lon="4.7056020">
    <ele>316.2</ele>
   </trkpt>
   <trkpt lat="45.6891870" lon="4.7055660">
    <ele>315.8</ele>
   </trkpt>
   <trkpt lat="45.6892160" lon="4.7055300">
    <ele>315.8</ele>
   </trkpt>
   <trkpt lat="45.6892540" lon="4.7054920">
    <ele>315.8</ele>
   </trkpt>
   <trkpt lat="45.6892960" lon="4.7054580">
    <ele>315.8</ele>
   </trkpt>
   <trkpt lat="45.6893340" lon="4.7054270">
    <ele>315.8</ele>
   </trkpt>
   <trkpt lat="45.6893730" lon="4.7053980">
    <ele>315.6</ele>
   </trkpt>
   <trkpt lat="45.6894110" lon="4.7053670">
    <ele>315.4</ele>
   </trkpt>
   <trkpt lat="45.6894500" lon="4.7053380">
    <ele>315.4</ele>
   </trkpt>
   <trkpt lat="45.6894880" lon="4.7053120">
    <ele>315.4</ele>
   </trkpt>
   <trkpt lat="45.6895300" lon="4.7052830">
    <ele>315.4</ele>
   </trkpt>
   <trkpt lat="45.6895680" lon="4.7052540">
    <ele>315.4</ele>
   </trkpt>
   <trkpt lat="45.6896060" lon="4.7052200">
    <ele>315.4</ele>
   </trkpt>
   <trkpt lat="45.6896480" lon="4.7051950">
    <ele>315.2</ele>
   </trkpt>
   <trkpt lat="45.6896900" lon="4.7051740">
    <ele>315.2</ele>
   </trkpt>
   <trkpt lat="45.6897520" lon="4.7051450">
    <ele>315.2</ele>
   </trkpt>
   <trkpt lat="45.6897730" lon="4.7051350">
    <ele>314.8</ele>
   </trkpt>
   <trkpt lat="45.6898140" lon="4.7051150">
    <ele>314.8</ele>
   </trkpt>
   <trkpt lat="45.6898560" lon="4.7050970">
    <ele>314.6</ele>
   </trkpt>
   <trkpt lat="45.6899040" lon="4.7050820">
    <ele>314.6</ele>
   </trkpt>
   <trkpt lat="45.6899420" lon="4.7050670">
    <ele>314.6</ele>
   </trkpt>
   <trkpt lat="45.6899870" lon="4.7050500">
    <ele>314.8</ele>
   </trkpt>
   <trkpt lat="45.6900290" lon="4.7050400">
    <ele>314.6</ele>
   </trkpt>
   <trkpt lat="45.6900700" lon="4.7050300">
    <ele>314.6</ele>
   </trkpt>
   <trkpt lat="45.6901120" lon="4.7050180">
    <ele>314.4</ele>
   </trkpt>
   <trkpt lat="45.6901540" lon="4.7050020">
    <ele>314.2</ele>
   </trkpt>
   <trkpt lat="45.6902020" lon="4.7049900">
    <ele>314.2</ele>
   </trkpt>
   <trkpt lat="45.6902430" lon="4.7049800">
    <ele>314.2</ele>
   </trkpt>
   <trkpt lat="45.6902880" lon="4.7049750">
    <ele>314.0</ele>
   </trkpt>
   <trkpt lat="45.6903330" lon="4.7049700">
    <ele>314.0</ele>
   </trkpt>
   <trkpt lat="45.6903810" lon="4.7049700">
    <ele>314.2</ele>
   </trkpt>
   <trkpt lat="45.6904260" lon="4.7049660">
    <ele>314.2</ele>
   </trkpt>
   <trkpt lat="45.6904700" lon="4.7049680">
    <ele>314.0</ele>
   </trkpt>
   <trkpt lat="45.6905180" lon="4.7049700">
    <ele>313.4</ele>
   </trkpt>
   <trkpt lat="45.6905630" lon="4.7049660">
    <ele>313.4</ele>
   </trkpt>
   <trkpt lat="45.6906080" lon="4.7049700">
    <ele>313.4</ele>
   </trkpt>
   <trkpt lat="45.6906500" lon="4.7049780">
    <ele>313.2</ele>
   </trkpt>
   <trkpt lat="45.6906940" lon="4.7049800">
    <ele>313.2</ele>
   </trkpt>
   <trkpt lat="45.6907360" lon="4.7049830">
    <ele>313.2</ele>
   </trkpt>
   <trkpt lat="45.6907810" lon="4.7049900">
    <ele>313.2</ele>
   </trkpt>
   <trkpt lat="45.6908220" lon="4.7050000">
    <ele>313.0</ele>
   </trkpt>
   <trkpt lat="45.6908670" lon="4.7050120">
    <ele>312.8</ele>
   </trkpt>
   <trkpt lat="45.6909150" lon="4.7050200">
    <ele>312.8</ele>
   </trkpt>
   <trkpt lat="45.6909600" lon="4.7050300">
    <ele>312.8</ele>
   </trkpt>
   <trkpt lat="45.6910020" lon="4.7050450">
    <ele>312.8</ele>
   </trkpt>
   <trkpt lat="45.6910430" lon="4.7050600">
    <ele>312.8</ele>
   </trkpt>
   <trkpt lat="45.6910850" lon="4.7050770">
    <ele>312.8</ele>
   </trkpt>
   <trkpt lat="45.6911490" lon="4.7050960">
    <ele>312.4</ele>
   </trkpt>
   <trkpt lat="45.6911710" lon="4.7051030">
    <ele>312.2</ele>
   </trkpt>
   <trkpt lat="45.6912130" lon="4.7051100">
    <ele>312.0</ele>
   </trkpt>
   <trkpt lat="45.6912580" lon="4.7051100">
    <ele>312.0</ele>
   </trkpt>
   <trkpt lat="45.6913020" lon="4.7051140">
    <ele>311.8</ele>
   </trkpt>
   <trkpt lat="45.6913440" lon="4.7051250">
    <ele>311.6</ele>
   </trkpt>
   <trkpt lat="45.6913860" lon="4.7051380">
    <ele>311.6</ele>
   </trkpt>
   <trkpt lat="45.6914300" lon="4.7051540">
    <ele>311.4</ele>
   </trkpt>
   <trkpt lat="45.6914750" lon="4.7051680">
    <ele>311.4</ele>
   </trkpt>
   <trkpt lat="45.6915170" lon="4.7051770">
    <ele>311.4</ele>
   </trkpt>
   <trkpt lat="45.6915550" lon="4.7051870">
    <ele>311.4</ele>
   </trkpt>
   <trkpt lat="45.6916000" lon="4.7051920">
    <ele>311.4</ele>
   </trkpt>
   <trkpt lat="45.6916420" lon="4.7051940">
    <ele>311.4</ele>
   </trkpt>
   <trkpt lat="45.6916830" lon="4.7051920">
    <ele>311.2</ele>
   </trkpt>
   <trkpt lat="45.6917310" lon="4.7051870">
    <ele>311.2</ele>
   </trkpt>
   <trkpt lat="45.6917730" lon="4.7051870">
    <ele>311.2</ele>
   </trkpt>
   <trkpt lat="45.6918140" lon="4.7051870">
    <ele>311.2</ele>
   </trkpt>
   <trkpt lat="45.6918560" lon="4.7051850">
    <ele>310.8</ele>
   </trkpt>
   <trkpt lat="45.6918980" lon="4.7051800">
    <ele>310.8</ele>
   </trkpt>
   <trkpt lat="45.6919460" lon="4.7051770">
    <ele>310.6</ele>
   </trkpt>
   <trkpt lat="45.6919810" lon="4.7051750">
    <ele>310.6</ele>
   </trkpt>
   <trkpt lat="45.6920290" lon="4.7051740">
    <ele>310.6</ele>
   </trkpt>
   <trkpt lat="45.6920700" lon="4.7051700">
    <ele>310.4</ele>
   </trkpt>
   <trkpt lat="45.6921120" lon="4.7051640">
    <ele>310.4</ele>
   </trkpt>
   <trkpt lat="45.6921540" lon="4.7051550">
    <ele>310.2</ele>
   </trkpt>
   <trkpt lat="45.6921950" lon="4.7051470">
    <ele>310.2</ele>
   </trkpt>
   <trkpt lat="45.6922370" lon="4.7051380">
    <ele>310.0</ele>
   </trkpt>
   <trkpt lat="45.6922780" lon="4.7051240">
    <ele>309.8</ele>
   </trkpt>
   <trkpt lat="45.6923300" lon="4.7051050">
    <ele>309.6</ele>
   </trkpt>
   <trkpt lat="45.6923710" lon="4.7050880">
    <ele>309.4</ele>
   </trkpt>
   <trkpt lat="45.6924160" lon="4.7050700">
    <ele>309.4</ele>
   </trkpt>
   <trkpt lat="45.6924580" lon="4.7050520">
    <ele>309.4</ele>
   </trkpt>
   <trkpt lat="45.6925230" lon="4.7050210">
    <ele>309.4</ele>
   </trkpt>
   <trkpt lat="45.6925440" lon="4.7050130">
    <ele>309.6</ele>
   </trkpt>
   <trkpt lat="45.6925860" lon="4.7049920">
    <ele>309.6</ele>
   </trkpt>
   <trkpt lat="45.6926270" lon="4.7049730">
    <ele>309.2</ele>
   </trkpt>
   <trkpt lat="45.6926720" lon="4.7049500">
    <ele>309.2</ele>
   </trkpt>
   <trkpt lat="45.6927100" lon="4.7049220">
    <ele>308.8</ele>
   </trkpt>
   <trkpt lat="45.6927490" lon="4.7048900">
    <ele>308.8</ele>
   </trkpt>
   <trkpt lat="45.6927900" lon="4.7048620">
    <ele>308.8</ele>
   </trkpt>
   <trkpt lat="45.6928260" lon="4.7048350">
    <ele>308.6</ele>
   </trkpt>
   <trkpt lat="45.6928640" lon="4.7048070">
    <ele>308.4</ele>
   </trkpt>
   <trkpt lat="45.6929020" lon="4.7047770">
    <ele>308.6</ele>
   </trkpt>
   <trkpt lat="45.6929410" lon="4.7047450">
    <ele>308.6</ele>
   </trkpt>
   <trkpt lat="45.6929730" lon="4.7047100">
    <ele>308.6</ele>
   </trkpt>
   <trkpt lat="45.6930080" lon="4.7046750">
    <ele>308.4</ele>
   </trkpt>
   <trkpt lat="45.6930460" lon="4.7046360">
    <ele>308.4</ele>
   </trkpt>
   <trkpt lat="45.6930850" lon="4.7046020">
    <ele>308.2</ele>
   </trkpt>
   <trkpt lat="45.6931230" lon="4.7045650">
    <ele>308.2</ele>
   </trkpt>
   <trkpt lat="45.6931580" lon="4.7045270">
    <ele>307.8</ele>
   </trkpt>
   <trkpt lat="45.6931900" lon="4.7044880">
    <ele>307.8</ele>
   </trkpt>
   <trkpt lat="45.6932260" lon="4.7044500">
    <ele>307.6</ele>
   </trkpt>
   <trkpt lat="45.6932790" lon="4.7043900">
    <ele>307.6</ele>
   </trkpt>
   <trkpt lat="45.6932960" lon="4.7043680">
    <ele>307.6</ele>
   </trkpt>
   <trkpt lat="45.6933250" lon="4.7043270">
    <ele>307.6</ele>
   </trkpt>
   <trkpt lat="45.6933570" lon="4.7042820">
    <ele>307.6</ele>
   </trkpt>
   <trkpt lat="45.6933860" lon="4.7042380">
    <ele>307.6</ele>
   </trkpt>
   <trkpt lat="45.6934180" lon="4.7041920">
    <ele>307.4</ele>
   </trkpt>
   <trkpt lat="45.6934430" lon="4.7041470">
    <ele>307.4</ele>
   </trkpt>
   <trkpt lat="45.6934750" lon="4.7041020">
    <ele>307.4</ele>
   </trkpt>
   <trkpt lat="45.6935010" lon="4.7040550">
    <ele>307.4</ele>
   </trkpt>
   <trkpt lat="45.6935300" lon="4.7040120">
    <ele>307.4</ele>
   </trkpt>
   <trkpt lat="45.6935620" lon="4.7039750">
    <ele>307.2</ele>
   </trkpt>
   <trkpt lat="45.6935970" lon="4.7039480">
    <ele>307.2</ele>
   </trkpt>
   <trkpt lat="45.6936350" lon="4.7039380">
    <ele>307.0</ele>
   </trkpt>
   <trkpt lat="45.6936770" lon="4.7039480">
    <ele>306.8</ele>
   </trkpt>
   <trkpt lat="45.6937150" lon="4.7039730">
    <ele>306.8</ele>
   </trkpt>
   <trkpt lat="45.6937470" lon="4.7040070">
    <ele>306.8</ele>
   </trkpt>
   <trkpt lat="45.6937860" lon="4.7040500">
    <ele>306.8</ele>
   </trkpt>
   <trkpt lat="45.6938240" lon="4.7040880">
    <ele>306.6</ele>
   </trkpt>
   <trkpt lat="45.6938590" lon="4.7041280">
    <ele>306.6</ele>
   </trkpt>
   <trkpt lat="45.6938940" lon="4.7041650">
    <ele>306.4</ele>
   </trkpt>
   <trkpt lat="45.6939330" lon="4.7042030">
    <ele>306.4</ele>
   </trkpt>
   <trkpt lat="45.6939710" lon="4.7042400">
    <ele>306.2</ele>
   </trkpt>
   <trkpt lat="45.6940060" lon="4.7042800">
    <ele>306.2</ele>
   </trkpt>
   <trkpt lat="45.6940420" lon="4.7043200">
    <ele>306.0</ele>
   </trkpt>
   <trkpt lat="45.6940800" lon="4.7043580">
    <ele>305.8</ele>
   </trkpt>
   <trkpt lat="45.6941180" lon="4.7043970">
    <ele>305.8</ele>
   </trkpt>
   <trkpt lat="45.6941540" lon="4.7044340">
    <ele>305.8</ele>
   </trkpt>
   <trkpt lat="45.6941920" lon="4.7044750">
    <ele>305.8</ele>
   </trkpt>
   <trkpt lat="45.6942240" lon="4.7045140">
    <ele>305.6</ele>
   </trkpt>
   <trkpt lat="45.6942620" lon="4.7045530">
    <ele>305.6</ele>
   </trkpt>
   <trkpt lat="45.6942980" lon="4.7045900">
    <ele>305.4</ele>
   </trkpt>
   <trkpt lat="45.6943360" lon="4.7046300">
    <ele>305.2</ele>
   </trkpt>
   <trkpt lat="45.6943920" lon="4.7046850">
    <ele>305.0</ele>
   </trkpt>
   <trkpt lat="45.6944100" lon="4.7047030">
    <ele>304.8</ele>
   </trkpt>
   <trkpt lat="45.6944480" lon="4.7047420">
    <ele>304.4</ele>
   </trkpt>
   <trkpt lat="45.6944770" lon="4.7047800">
    <ele>304.2</ele>
   </trkpt>
   <trkpt lat="45.6945150" lon="4.7048200">
    <ele>304.2</ele>
   </trkpt>
   <trkpt lat="45.6945540" lon="4.7048540">
    <ele>304.2</ele>
   </trkpt>
   <trkpt lat="45.6945920" lon="4.7048920">
    <ele>304.4</ele>
   </trkpt>
   <trkpt lat="45.6946270" lon="4.7049260">
    <ele>304.4</ele>
   </trkpt>
   <trkpt lat="45.6946660" lon="4.7049620">
    <ele>304.0</ele>
   </trkpt>
   <trkpt lat="45.6947010" lon="4.7049960">
    <ele>303.8</ele>
   </trkpt>
   <trkpt lat="45.6947390" lon="4.7050300">
    <ele>303.8</ele>
   </trkpt>
   <trkpt lat="45.6947780" lon="4.7050630">
    <ele>303.8</ele>
   </trkpt>
   <trkpt lat="45.6948160" lon="4.7050950">
    <ele>303.8</ele>
   </trkpt>
   <trkpt lat="45.6948580" lon="4.7051320">
    <ele>303.6</ele>
   </trkpt>
   <trkpt lat="45.6948960" lon="4.7051650">
    <ele>303.6</ele>
   </trkpt>
   <trkpt lat="45.6949340" lon="4.7052040">
    <ele>303.4</ele>
   </trkpt>
   <trkpt lat="45.6949730" lon="4.7052380">
    <ele>303.4</ele>
   </trkpt>
   <trkpt lat="45.6950110" lon="4.7052720">
    <ele>303.2</ele>
   </trkpt>
   <trkpt lat="45.6950530" lon="4.7053020">
    <ele>303.0</ele>
   </trkpt>
   <trkpt lat="45.6950910" lon="4.7053360">
    <ele>303.0</ele>
   </trkpt>
   <trkpt lat="45.6951480" lon="4.7053880">
    <ele>302.8</ele>
   </trkpt>
   <trkpt lat="45.6951650" lon="4.7054050">
    <ele>302.6</ele>
   </trkpt>
   <trkpt lat="45.6952030" lon="4.7054400">
    <ele>302.2</ele>
   </trkpt>
   <trkpt lat="45.6952420" lon="4.7054770">
    <ele>302.2</ele>
   </trkpt>
   <trkpt lat="45.6952770" lon="4.7055150">
    <ele>302.2</ele>
   </trkpt>
   <trkpt lat="45.6953120" lon="4.7055450">
    <ele>302.2</ele>
   </trkpt>
   <trkpt lat="45.6953470" lon="4.7055820">
    <ele>302.4</ele>
   </trkpt>
   <trkpt lat="45.6953860" lon="4.7056160">
    <ele>302.4</ele>
   </trkpt>
   <trkpt lat="45.6954240" lon="4.7056530">
    <ele>302.2</ele>
   </trkpt>
   <trkpt lat="45.6954560" lon="4.7056880">
    <ele>302.2</ele>
   </trkpt>
   <trkpt lat="45.6954940" lon="4.7057220">
    <ele>302.0</ele>
   </trkpt>
   <trkpt lat="45.6955330" lon="4.7057600">
    <ele>302.0</ele>
   </trkpt>
   <trkpt lat="45.6955710" lon="4.7057930">
    <ele>301.8</ele>
   </trkpt>
   <trkpt lat="45.6956100" lon="4.7058280">
    <ele>301.8</ele>
   </trkpt>
   <trkpt lat="45.6956480" lon="4.7058620">
    <ele>301.8</ele>
   </trkpt>
   <trkpt lat="45.6956860" lon="4.7058940">
    <ele>301.6</ele>
   </trkpt>
   <trkpt lat="45.6957220" lon="4.7059230">
    <ele>301.6</ele>
   </trkpt>
   <trkpt lat="45.6957600" lon="4.7059550">
    <ele>301.6</ele>
   </trkpt>
   <trkpt lat="45.6957920" lon="4.7059860">
    <ele>301.4</ele>
   </trkpt>
   <trkpt lat="45.6958300" lon="4.7060180">
    <ele>300.8</ele>
   </trkpt>
   <trkpt lat="45.6958840" lon="4.7060710">
    <ele>300.8</ele>
   </trkpt>
   <trkpt lat="45.6959010" lon="4.7060870">
    <ele>301.0</ele>
   </trkpt>
   <trkpt lat="45.6959390" lon="4.7061220">
    <ele>301.0</ele>
   </trkpt>
   <trkpt lat="45.6959710" lon="4.7061550">
    <ele>301.0</ele>
   </trkpt>
   <trkpt lat="45.6960100" lon="4.7061920">
    <ele>301.2</ele>
   </trkpt>
   <trkpt lat="45.6960450" lon="4.7062240">
    <ele>301.2</ele>
   </trkpt>
   <trkpt lat="45.6960830" lon="4.7062600">
    <ele>301.2</ele>
   </trkpt>
   <trkpt lat="45.6961180" lon="4.7062930">
    <ele>301.2</ele>
   </trkpt>
   <trkpt lat="45.6961600" lon="4.7063260">
    <ele>301.2</ele>
   </trkpt>
   <trkpt lat="45.6962020" lon="4.7063560">
    <ele>301.2</ele>
   </trkpt>
   <trkpt lat="45.6962400" lon="4.7063850">
    <ele>301.2</ele>
   </trkpt>
   <trkpt lat="45.6962780" lon="4.7064120">
    <ele>301.2</ele>
   </trkpt>
   <trkpt lat="45.6963100" lon="4.7064370">
    <ele>301.2</ele>
   </trkpt>
   <trkpt lat="45.6963490" lon="4.7064650">
    <ele>301.0</ele>
   </trkpt>
   <trkpt lat="45.6963870" lon="4.7064850">
    <ele>301.0</ele>
   </trkpt>
   <trkpt lat="45.6964290" lon="4.7065050">
    <ele>300.8</ele>
   </trkpt>
   <trkpt lat="45.6964670" lon="4.7065220">
    <ele>300.8</ele>
   </trkpt>
   <trkpt lat="45.6965090" lon="4.7065440">
    <ele>300.8</ele>
   </trkpt>
   <trkpt lat="45.6965540" lon="4.7065620">
    <ele>301.0</ele>
   </trkpt>
   <trkpt lat="45.6965950" lon="4.7065800">
    <ele>301.0</ele>
   </trkpt>
   <trkpt lat="45.6966370" lon="4.7066020">
    <ele>301.2</ele>
   </trkpt>
   <trkpt lat="45.6966750" lon="4.7066230">
    <ele>301.2</ele>
   </trkpt>
   <trkpt lat="45.6967170" lon="4.7066470">
    <ele>301.2</ele>
   </trkpt>
   <trkpt lat="45.6967550" lon="4.7066680">
    <ele>301.2</ele>
   </trkpt>
   <trkpt lat="45.6967940" lon="4.7066900">
    <ele>301.4</ele>
   </trkpt>
   <trkpt lat="45.6968320" lon="4.7067080">
    <ele>301.4</ele>
   </trkpt>
   <trkpt lat="45.6968910" lon="4.7067330">
    <ele>301.8</ele>
   </trkpt>
   <trkpt lat="45.6969120" lon="4.7067420">
    <ele>301.6</ele>
   </trkpt>
   <trkpt lat="45.6969500" lon="4.7067600">
    <ele>301.8</ele>
   </trkpt>
   <trkpt lat="45.6969920" lon="4.7067780">
    <ele>302.2</ele>
   </trkpt>
   <trkpt lat="45.6970340" lon="4.7067980">
    <ele>302.8</ele>
   </trkpt>
   <trkpt lat="45.6970750" lon="4.7068180">
    <ele>303.0</ele>
   </trkpt>
   <trkpt lat="45.6971140" lon="4.7068380">
    <ele>303.0</ele>
   </trkpt>
   <trkpt lat="45.6971550" lon="4.7068620">
    <ele>303.0</ele>
   </trkpt>
   <trkpt lat="45.6971940" lon="4.7068840">
    <ele>303.0</ele>
   </trkpt>
   <trkpt lat="45.6972320" lon="4.7069040">
    <ele>303.2</ele>
   </trkpt>
   <trkpt lat="45.6972740" lon="4.7069180">
    <ele>303.2</ele>
   </trkpt>
   <trkpt lat="45.6973120" lon="4.7069370">
    <ele>303.4</ele>
   </trkpt>
   <trkpt lat="45.6973540" lon="4.7069500">
    <ele>303.4</ele>
   </trkpt>
   <trkpt lat="45.6973980" lon="4.7069650">
    <ele>303.6</ele>
   </trkpt>
   <trkpt lat="45.6974400" lon="4.7069770">
    <ele>303.6</ele>
   </trkpt>
   <trkpt lat="45.6974880" lon="4.7069950">
    <ele>303.6</ele>
   </trkpt>
   <trkpt lat="45.6975260" lon="4.7070100">
    <ele>303.4</ele>
   </trkpt>
   <trkpt lat="45.6975620" lon="4.7070300">
    <ele>303.0</ele>
   </trkpt>
   <trkpt lat="45.6975970" lon="4.7070650">
    <ele>302.8</ele>
   </trkpt>
   <trkpt lat="45.6976160" lon="4.7071100">
    <ele>302.4</ele>
   </trkpt>
   <trkpt lat="45.6976260" lon="4.7071530">
    <ele>302.2</ele>
   </trkpt>
   <trkpt lat="45.6976130" lon="4.7071930">
    <ele>302.0</ele>
   </trkpt>
   <trkpt lat="45.6975940" lon="4.7072380">
    <ele>301.6</ele>
   </trkpt>
   <trkpt lat="45.6975680" lon="4.7072880">
    <ele>301.6</ele>
   </trkpt>
   <trkpt lat="45.6975390" lon="4.7073320">
    <ele>301.4</ele>
   </trkpt>
   <trkpt lat="45.6975170" lon="4.7073780">
    <ele>301.2</ele>
   </trkpt>
   <trkpt lat="45.6974940" lon="4.7074260">
    <ele>301.2</ele>
   </trkpt>
   <trkpt lat="45.6974690" lon="4.7074730">
    <ele>301.0</ele>
   </trkpt>
   <trkpt lat="45.6974400" lon="4.7075610">
    <ele>300.8</ele>
   </trkpt>
   <trkpt lat="45.6974340" lon="4.7075870">
    <ele>300.8</ele>
   </trkpt>
   <trkpt lat="45.6974370" lon="4.7076380">
    <ele>300.8</ele>
   </trkpt>
   <trkpt lat="45.6974720" lon="4.7076700">
    <ele>301.2</ele>
   </trkpt>
   <trkpt lat="45.6975140" lon="4.7076900">
    <ele>301.2</ele>
   </trkpt>
   <trkpt lat="45.6975620" lon="4.7077080">
    <ele>301.2</ele>
   </trkpt>
   <trkpt lat="45.6976130" lon="4.7077300">
    <ele>300.8</ele>
   </trkpt>
   <trkpt lat="45.6976580" lon="4.7077430">
    <ele>300.0</ele>
   </trkpt>
   <trkpt lat="45.6977090" lon="4.7077630">
    <ele>299.4</ele>
   </trkpt>
   <trkpt lat="45.6977540" lon="4.7077850">
    <ele>298.8</ele>
   </trkpt>
   <trkpt lat="45.6977980" lon="4.7078060">
    <ele>298.4</ele>
   </trkpt>
   <trkpt lat="45.6978460" lon="4.7078280">
    <ele>297.8</ele>
   </trkpt>
   <trkpt lat="45.6978910" lon="4.7078470">
    <ele>297.4</ele>
   </trkpt>
   <trkpt lat="45.6979330" lon="4.7078700">
    <ele>296.6</ele>
   </trkpt>
   <trkpt lat="45.6979780" lon="4.7078880">
    <ele>296.4</ele>
   </trkpt>
   <trkpt lat="45.6980290" lon="4.7079100">
    <ele>295.6</ele>
   </trkpt>
   <trkpt lat="45.6980740" lon="4.7079300">
    <ele>295.0</ele>
   </trkpt>
   <trkpt lat="45.6981220" lon="4.7079500">
    <ele>294.4</ele>
   </trkpt>
   <trkpt lat="45.6981630" lon="4.7079670">
    <ele>293.8</ele>
   </trkpt>
   <trkpt lat="45.6982110" lon="4.7079880">
    <ele>293.2</ele>
   </trkpt>
   <trkpt lat="45.6982530" lon="4.7080080">
    <ele>292.0</ele>
   </trkpt>
   <trkpt lat="45.6983040" lon="4.7080270">
    <ele>291.4</ele>
   </trkpt>
   <trkpt lat="45.6983490" lon="4.7080450">
    <ele>290.8</ele>
   </trkpt>
   <trkpt lat="45.6983940" lon="4.7080620">
    <ele>289.6</ele>
   </trkpt>
   <trkpt lat="45.6984420" lon="4.7080850">
    <ele>288.6</ele>
   </trkpt>
   <trkpt lat="45.6984860" lon="4.7081060">
    <ele>288.2</ele>
   </trkpt>
   <trkpt lat="45.6985310" lon="4.7081250">
    <ele>287.6</ele>
   </trkpt>
   <trkpt lat="45.6985790" lon="4.7081420">
    <ele>286.6</ele>
   </trkpt>
   <trkpt lat="45.6986270" lon="4.7081620">
    <ele>285.8</ele>
   </trkpt>
   <trkpt lat="45.6986870" lon="4.7081910">
    <ele>284.6</ele>
   </trkpt>
   <trkpt lat="45.6987070" lon="4.7082020">
    <ele>283.8</ele>
   </trkpt>
   <trkpt lat="45.6987390" lon="4.7082320">
    <ele>282.6</ele>
   </trkpt>
   <trkpt lat="45.6987520" lon="4.7082650">
    <ele>281.2</ele>
   </trkpt>
   <trkpt lat="45.6987620" lon="4.7082980">
    <ele>280.2</ele>
   </trkpt>
   <trkpt lat="45.6987520" lon="4.7083480">
    <ele>280.0</ele>
   </trkpt>
   <trkpt lat="45.6987300" lon="4.7084040">
    <ele>278.2</ele>
   </trkpt>
   <trkpt lat="45.6987070" lon="4.7084680">
    <ele>277.4</ele>
   </trkpt>
   <trkpt lat="45.6986720" lon="4.7085270">
    <ele>277.2</ele>
   </trkpt>
   <trkpt lat="45.6986340" lon="4.7085730">
    <ele>277.0</ele>
   </trkpt>
   <trkpt lat="45.6985920" lon="4.7086030">
    <ele>276.8</ele>
   </trkpt>
   <trkpt lat="45.6985470" lon="4.7086320">
    <ele>276.2</ele>
   </trkpt>
   <trkpt lat="45.6984990" lon="4.7086470">
    <ele>275.4</ele>
   </trkpt>
   <trkpt lat="45.6984640" lon="4.7086820">
    <ele>274.8</ele>
   </trkpt>
   <trkpt lat="45.6984350" lon="4.7087380">
    <ele>274.4</ele>
   </trkpt>
   <trkpt lat="45.6984260" lon="4.7087860">
    <ele>274.2</ele>
   </trkpt>
   <trkpt lat="45.6984320" lon="4.7088150">
    <ele>274.0</ele>
   </trkpt>
   <trkpt lat="45.6984640" lon="4.7088250">
    <ele>273.6</ele>
   </trkpt>
   <trkpt lat="45.6985060" lon="4.7088230">
    <ele>272.8</ele>
   </trkpt>
   <trkpt lat="45.6985540" lon="4.7088160">
    <ele>272.0</ele>
   </trkpt>
   <trkpt lat="45.6986080" lon="4.7088020">
    <ele>271.8</ele>
   </trkpt>
   <trkpt lat="45.6986720" lon="4.7087630">
    <ele>271.6</ele>
   </trkpt>
   <trkpt lat="45.6987170" lon="4.7087420">
    <ele>271.4</ele>
   </trkpt>
   <trkpt lat="45.6987620" lon="4.7087230">
    <ele>271.2</ele>
   </trkpt>
   <trkpt lat="45.6988030" lon="4.7087050">
    <ele>270.8</ele>
   </trkpt>
   <trkpt lat="45.6988450" lon="4.7086840">
    <ele>270.4</ele>
   </trkpt>
   <trkpt lat="45.6988900" lon="4.7086670">
    <ele>270.0</ele>
   </trkpt>
   <trkpt lat="45.6989310" lon="4.7086420">
    <ele>269.8</ele>
   </trkpt>
   <trkpt lat="45.6989700" lon="4.7086130">
    <ele>269.4</ele>
   </trkpt>
   <trkpt lat="45.6990260" lon="4.7085700">
    <ele>269.0</ele>
   </trkpt>
   <trkpt lat="45.6990430" lon="4.7085570">
    <ele>268.6</ele>
   </trkpt>
   <trkpt lat="45.6990820" lon="4.7085200">
    <ele>268.4</ele>
   </trkpt>
   <trkpt lat="45.6991100" lon="4.7084800">
    <ele>268.4</ele>
   </trkpt>
   <trkpt lat="45.6991420" lon="4.7084330">
    <ele>267.8</ele>
   </trkpt>
   <trkpt lat="45.6991740" lon="4.7083900">
    <ele>267.2</ele>
   </trkpt>
   <trkpt lat="45.6992030" lon="4.7083480">
    <ele>267.2</ele>
   </trkpt>
   <trkpt lat="45.6992380" lon="4.7083080">
    <ele>266.4</ele>
   </trkpt>
   <trkpt lat="45.6992640" lon="4.7082680">
    <ele>266.0</ele>
   </trkpt>
   <trkpt lat="45.6992960" lon="4.7082270">
    <ele>265.6</ele>
   </trkpt>
   <trkpt lat="45.6993220" lon="4.7081880">
    <ele>265.4</ele>
   </trkpt>
   <trkpt lat="45.6993470" lon="4.7081460">
    <ele>265.0</ele>
   </trkpt>
   <trkpt lat="45.6993730" lon="4.7081120">
    <ele>264.4</ele>
   </trkpt>
   <trkpt lat="45.6993920" lon="4.7080760">
    <ele>264.0</ele>
   </trkpt>
   <trkpt lat="45.6994210" lon="4.7080400">
    <ele>264.0</ele>
   </trkpt>
   <trkpt lat="45.6994460" lon="4.7080020">
    <ele>263.8</ele>
   </trkpt>
   <trkpt lat="45.6994720" lon="4.7079650">
    <ele>263.2</ele>
   </trkpt>
   <trkpt lat="45.6994880" lon="4.7079220">
    <ele>262.8</ele>
   </trkpt>
   <trkpt lat="45.6994940" lon="4.7078730">
    <ele>262.8</ele>
   </trkpt>
   <trkpt lat="45.6995040" lon="4.7078220">
    <ele>262.8</ele>
   </trkpt>
   <trkpt lat="45.6995280" lon="4.7077380">
    <ele>261.6</ele>
   </trkpt>
   <trkpt lat="45.6995390" lon="4.7077130">
    <ele>261.2</ele>
   </trkpt>
   <trkpt lat="45.6995550" lon="4.7076580">
    <ele>260.4</ele>
   </trkpt>
   <trkpt lat="45.6995740" lon="4.7076020">
    <ele>260.4</ele>
   </trkpt>
   <trkpt lat="45.6995810" lon="4.7075450">
    <ele>260.2</ele>
   </trkpt>
   <trkpt lat="45.6995840" lon="4.7074750">
    <ele>259.6</ele>
   </trkpt>
   <trkpt lat="45.6995940" lon="4.7074130">
    <ele>259.8</ele>
   </trkpt>
   <trkpt lat="45.6996000" lon="4.7073620">
    <ele>259.4</ele>
   </trkpt>
   <trkpt lat="45.6996060" lon="4.7073180">
    <ele>258.8</ele>
   </trkpt>
   <trkpt lat="45.6996060" lon="4.7073180">
    <ele>258.6</ele>
   </trkpt>
   <trkpt lat="45.6996320" lon="4.7073300">
    <ele>258.0</ele>
   </trkpt>
   <trkpt lat="45.6996510" lon="4.7073700">
    <ele>256.8</ele>
   </trkpt>
   <trkpt lat="45.6996610" lon="4.7074460">
    <ele>255.6</ele>
   </trkpt>
   <trkpt lat="45.6996770" lon="4.7075230">
    <ele>254.6</ele>
   </trkpt>
   <trkpt lat="45.6996860" lon="4.7075950">
    <ele>254.6</ele>
   </trkpt>
   <trkpt lat="45.6996800" lon="4.7076930">
    <ele>254.4</ele>
   </trkpt>
   <trkpt lat="45.6996770" lon="4.7077750">
    <ele>254.0</ele>
   </trkpt>
   <trkpt lat="45.6996700" lon="4.7078470">
    <ele>253.6</ele>
   </trkpt>
   <trkpt lat="45.6996640" lon="4.7079150">
    <ele>253.2</ele>
   </trkpt>
   <trkpt lat="45.6996540" lon="4.7079820">
    <ele>253.2</ele>
   </trkpt>
   <trkpt lat="45.6996420" lon="4.7080380">
    <ele>253.4</ele>
   </trkpt>
   <trkpt lat="45.6996320" lon="4.7080960">
    <ele>253.2</ele>
   </trkpt>
   <trkpt lat="45.6996320" lon="4.7081420">
    <ele>252.6</ele>
   </trkpt>
   <trkpt lat="45.6996210" lon="4.7081970">
    <ele>252.6</ele>
   </trkpt>
   <trkpt lat="45.6996190" lon="4.7082150">
    <ele>252.4</ele>
   </trkpt>
   <trkpt lat="45.6996000" lon="4.7082450">
    <ele>252.2</ele>
   </trkpt>
   <trkpt lat="45.6995810" lon="4.7082900">
    <ele>251.0</ele>
   </trkpt>
   <trkpt lat="45.6995650" lon="4.7083500">
    <ele>250.4</ele>
   </trkpt>
   <trkpt lat="45.6995550" lon="4.7084040">
    <ele>250.4</ele>
   </trkpt>
   <trkpt lat="45.6995460" lon="4.7084520">
    <ele>250.4</ele>
   </trkpt>
   <trkpt lat="45.6995460" lon="4.7084520">
    <ele>250.2</ele>
   </trkpt>
   <trkpt lat="45.6995650" lon="4.7084880">
    <ele>250.2</ele>
   </trkpt>
   <trkpt lat="45.6995810" lon="4.7085150">
    <ele>249.8</ele>
   </trkpt>
   <trkpt lat="45.6995840" lon="4.7085550">
    <ele>249.8</ele>
   </trkpt>
   <trkpt lat="45.6995810" lon="4.7085850">
    <ele>250.4</ele>
   </trkpt>
   <trkpt lat="45.6995840" lon="4.7086320">
    <ele>250.4</ele>
   </trkpt>
   <trkpt lat="45.6995940" lon="4.7086870">
    <ele>250.4</ele>
   </trkpt>
   <trkpt lat="45.6996000" lon="4.7087380">
    <ele>250.0</ele>
   </trkpt>
   <trkpt lat="45.6996160" lon="4.7087850">
    <ele>250.0</ele>
   </trkpt>
   <trkpt lat="45.6996320" lon="4.7088280">
    <ele>250.2</ele>
   </trkpt>
   <trkpt lat="45.6996580" lon="4.7088560">
    <ele>250.4</ele>
   </trkpt>
   <trkpt lat="45.6996860" lon="4.7088770">
    <ele>250.6</ele>
   </trkpt>
   <trkpt lat="45.6997220" lon="4.7088900">
    <ele>250.6</ele>
   </trkpt>
   <trkpt lat="45.6997600" lon="4.7089080">
    <ele>250.6</ele>
   </trkpt>
   <trkpt lat="45.6997860" lon="4.7089250">
    <ele>250.6</ele>
   </trkpt>
   <trkpt lat="45.6998180" lon="4.7089400">
    <ele>251.0</ele>
   </trkpt>
   <trkpt lat="45.6998690" lon="4.7089640">
    <ele>251.0</ele>
   </trkpt>
   <trkpt lat="45.6998850" lon="4.7089740">
    <ele>251.0</ele>
   </trkpt>
   <trkpt lat="45.6999140" lon="4.7089920">
    <ele>251.0</ele>
   </trkpt>
   <trkpt lat="45.6999420" lon="4.7090040">
    <ele>251.0</ele>
   </trkpt>
   <trkpt lat="45.6999740" lon="4.7090170">
    <ele>251.6</ele>
   </trkpt>
   <trkpt lat="45.7000160" lon="4.7090420">
    <ele>251.8</ele>
   </trkpt>
   <trkpt lat="45.7000540" lon="4.7090520">
    <ele>252.2</ele>
   </trkpt>
   <trkpt lat="45.7000900" lon="4.7090670">
    <ele>252.2</ele>
   </trkpt>
   <trkpt lat="45.7001180" lon="4.7090720">
    <ele>252.2</ele>
   </trkpt>
   <trkpt lat="45.7001540" lon="4.7090730">
    <ele>252.4</ele>
   </trkpt>
   <trkpt lat="45.7001890" lon="4.7090750">
    <ele>252.4</ele>
   </trkpt>
   <trkpt lat="45.7002270" lon="4.7090770">
    <ele>253.0</ele>
   </trkpt>
   <trkpt lat="45.7002690" lon="4.7090680">
    <ele>253.2</ele>
   </trkpt>
   <trkpt lat="45.7002980" lon="4.7090670">
    <ele>253.4</ele>
   </trkpt>
   <trkpt lat="45.7003390" lon="4.7090620">
    <ele>253.6</ele>
   </trkpt>
   <trkpt lat="45.7003740" lon="4.7090670">
    <ele>254.0</ele>
   </trkpt>
   <trkpt lat="45.7004100" lon="4.7090680">
    <ele>254.2</ele>
   </trkpt>
   <trkpt lat="45.7004380" lon="4.7090730">
    <ele>254.6</ele>
   </trkpt>
   <trkpt lat="45.7004670" lon="4.7090930">
    <ele>254.6</ele>
   </trkpt>
   <trkpt lat="45.7004960" lon="4.7091130">
    <ele>254.8</ele>
   </trkpt>
   <trkpt lat="45.7005250" lon="4.7091250">
    <ele>255.0</ele>
   </trkpt>
   <trkpt lat="45.7005500" lon="4.7091420">
    <ele>255.6</ele>
   </trkpt>
   <trkpt lat="45.7005760" lon="4.7091500">
    <ele>255.6</ele>
   </trkpt>
   <trkpt lat="45.7006050" lon="4.7091550">
    <ele>256.0</ele>
   </trkpt>
   <trkpt lat="45.7006340" lon="4.7091600">
    <ele>256.4</ele>
   </trkpt>
   <trkpt lat="45.7006720" lon="4.7091780">
    <ele>257.0</ele>
   </trkpt>
   <trkpt lat="45.7007070" lon="4.7091930">
    <ele>257.2</ele>
   </trkpt>
   <trkpt lat="45.7007360" lon="4.7092030">
    <ele>257.4</ele>
   </trkpt>
   <trkpt lat="45.7007740" lon="4.7092120">
    <ele>257.6</ele>
   </trkpt>
   <trkpt lat="45.7008060" lon="4.7092300">
    <ele>257.8</ele>
   </trkpt>
   <trkpt lat="45.7008540" lon="4.7092400">
    <ele>257.8</ele>
   </trkpt>
   <trkpt lat="45.7008700" lon="4.7092430">
    <ele>257.8</ele>
   </trkpt>
   <trkpt lat="45.7009020" lon="4.7092500">
    <ele>258.2</ele>
   </trkpt>
   <trkpt lat="45.7009220" lon="4.7092430">
    <ele>258.8</ele>
   </trkpt>
   <trkpt lat="45.7009340" lon="4.7092200">
    <ele>259.2</ele>
   </trkpt>
   <trkpt lat="45.7009500" lon="4.7091800">
    <ele>259.8</ele>
   </trkpt>
   <trkpt lat="45.7009540" lon="4.7091420">
    <ele>260.2</ele>
   </trkpt>
   <trkpt lat="45.7009570" lon="4.7091050">
    <ele>260.2</ele>
   </trkpt>
   <trkpt lat="45.7009630" lon="4.7090600">
    <ele>260.4</ele>
   </trkpt>
   <trkpt lat="45.7009730" lon="4.7090200">
    <ele>260.8</ele>
   </trkpt>
   <trkpt lat="45.7009890" lon="4.7089750">
    <ele>261.2</ele>
   </trkpt>
   <trkpt lat="45.7010020" lon="4.7089370">
    <ele>261.4</ele>
   </trkpt>
   <trkpt lat="45.7010110" lon="4.7088880">
    <ele>262.0</ele>
   </trkpt>
   <trkpt lat="45.7010270" lon="4.7088530">
    <ele>262.0</ele>
   </trkpt>
   <trkpt lat="45.7010500" lon="4.7088220">
    <ele>262.2</ele>
   </trkpt>
   <trkpt lat="45.7010720" lon="4.7088000">
    <ele>262.2</ele>
   </trkpt>
   <trkpt lat="45.7011040" lon="4.7087880">
    <ele>262.6</ele>
   </trkpt>
   <trkpt lat="45.7011360" lon="4.7087850">
    <ele>262.8</ele>
   </trkpt>
   <trkpt lat="45.7011710" lon="4.7087820">
    <ele>263.0</ele>
   </trkpt>
   <trkpt lat="45.7012030" lon="4.7087830">
    <ele>263.2</ele>
   </trkpt>
   <trkpt lat="45.7012320" lon="4.7087750">
    <ele>263.4</ele>
   </trkpt>
   <trkpt lat="45.7012640" lon="4.7087560">
    <ele>263.6</ele>
   </trkpt>
   <trkpt lat="45.7012860" lon="4.7087550">
    <ele>263.8</ele>
   </trkpt>
   <trkpt lat="45.7013120" lon="4.7087560">
    <ele>264.2</ele>
   </trkpt>
   <trkpt lat="45.7013440" lon="4.7087470">
    <ele>264.2</ele>
   </trkpt>
   <trkpt lat="45.7013660" lon="4.7087360">
    <ele>264.8</ele>
   </trkpt>
   <trkpt lat="45.7013920" lon="4.7087300">
    <ele>265.0</ele>
   </trkpt>
   <trkpt lat="45.7014210" lon="4.7087250">
    <ele>265.4</ele>
   </trkpt>
   <trkpt lat="45.7014400" lon="4.7087200">
    <ele>265.8</ele>
   </trkpt>
   <trkpt lat="45.7014660" lon="4.7087220">
    <ele>266.2</ele>
   </trkpt>
   <trkpt lat="45.7014910" lon="4.7087180">
    <ele>266.6</ele>
   </trkpt>
   <trkpt lat="45.7015140" lon="4.7087140">
    <ele>266.8</ele>
   </trkpt>
   <trkpt lat="45.7015460" lon="4.7087070">
    <ele>267.2</ele>
   </trkpt>
   <trkpt lat="45.7015680" lon="4.7087040">
    <ele>267.6</ele>
   </trkpt>
   <trkpt lat="45.7015900" lon="4.7087020">
    <ele>268.2</ele>
   </trkpt>
   <trkpt lat="45.7016190" lon="4.7086980">
    <ele>268.2</ele>
   </trkpt>
   <trkpt lat="45.7016450" lon="4.7086940">
    <ele>268.8</ele>
   </trkpt>
   <trkpt lat="45.7016700" lon="4.7086970">
    <ele>269.0</ele>
   </trkpt>
   <trkpt lat="45.7016960" lon="4.7086900">
    <ele>269.2</ele>
   </trkpt>
   <trkpt lat="45.7017220" lon="4.7086850">
    <ele>269.4</ele>
   </trkpt>
   <trkpt lat="45.7017470" lon="4.7086770">
    <ele>269.6</ele>
   </trkpt>
   <trkpt lat="45.7017820" lon="4.7086750">
    <ele>270.2</ele>
   </trkpt>
   <trkpt lat="45.7018110" lon="4.7086700">
    <ele>270.6</ele>
   </trkpt>
   <trkpt lat="45.7018470" lon="4.7086600">
    <ele>270.8</ele>
   </trkpt>
   <trkpt lat="45.7018560" lon="4.7086580">
    <ele>270.8</ele>
   </trkpt>
   <trkpt lat="45.7018750" lon="4.7086470">
    <ele>271.8</ele>
   </trkpt>
   <trkpt lat="45.7018940" lon="4.7086440">
    <ele>272.0</ele>
   </trkpt>
   <trkpt lat="45.7018940" lon="4.7086440">
    <ele>272.2</ele>
   </trkpt>
   <trkpt lat="45.7019460" lon="4.7086390">
    <ele>272.8</ele>
   </trkpt>
   <trkpt lat="45.7019550" lon="4.7086400">
    <ele>273.2</ele>
   </trkpt>
   <trkpt lat="45.7019780" lon="4.7086380">
    <ele>273.4</ele>
   </trkpt>
   <trkpt lat="45.7020030" lon="4.7086300">
    <ele>273.8</ele>
   </trkpt>
   <trkpt lat="45.7020260" lon="4.7086320">
    <ele>273.8</ele>
   </trkpt>
   <trkpt lat="45.7020480" lon="4.7086280">
    <ele>274.4</ele>
   </trkpt>
   <trkpt lat="45.7020740" lon="4.7086200">
    <ele>274.6</ele>
   </trkpt>
   <trkpt lat="45.7020960" lon="4.7086130">
    <ele>275.6</ele>
   </trkpt>
   <trkpt lat="45.7021220" lon="4.7086070">
    <ele>275.8</ele>
   </trkpt>
   <trkpt lat="45.7021470" lon="4.7086050">
    <ele>276.0</ele>
   </trkpt>
   <trkpt lat="45.7021760" lon="4.7086100">
    <ele>276.8</ele>
   </trkpt>
   <trkpt lat="45.7021980" lon="4.7086120">
    <ele>276.8</ele>
   </trkpt>
   <trkpt lat="45.7022180" lon="4.7086130">
    <ele>277.2</ele>
   </trkpt>
   <trkpt lat="45.7022400" lon="4.7086080">
    <ele>277.6</ele>
   </trkpt>
   <trkpt lat="45.7022660" lon="4.7086030">
    <ele>278.0</ele>
   </trkpt>
   <trkpt lat="45.7022940" lon="4.7085980">
    <ele>278.4</ele>
   </trkpt>
   <trkpt lat="45.7023170" lon="4.7085970">
    <ele>279.2</ele>
   </trkpt>
   <trkpt lat="45.7023390" lon="4.7085900">
    <ele>279.4</ele>
   </trkpt>
   <trkpt lat="45.7023580" lon="4.7085890">
    <ele>280.0</ele>
   </trkpt>
   <trkpt lat="45.7023810" lon="4.7085830">
    <ele>280.6</ele>
   </trkpt>
   <trkpt lat="45.7024000" lon="4.7085750">
    <ele>281.2</ele>
   </trkpt>
   <trkpt lat="45.7024220" lon="4.7085670">
    <ele>281.2</ele>
   </trkpt>
   <trkpt lat="45.7024510" lon="4.7085630">
    <ele>281.4</ele>
   </trkpt>
   <trkpt lat="45.7024700" lon="4.7085570">
    <ele>281.6</ele>
   </trkpt>
   <trkpt lat="45.7024930" lon="4.7085470">
    <ele>282.0</ele>
   </trkpt>
   <trkpt lat="45.7025150" lon="4.7085370">
    <ele>282.6</ele>
   </trkpt>
   <trkpt lat="45.7025380" lon="4.7085230">
    <ele>283.2</ele>
   </trkpt>
   <trkpt lat="45.7025540" lon="4.7085050">
    <ele>283.6</ele>
   </trkpt>
   <trkpt lat="45.7025730" lon="4.7084800">
    <ele>284.4</ele>
   </trkpt>
   <trkpt lat="45.7025860" lon="4.7084580">
    <ele>284.8</ele>
   </trkpt>
   <trkpt lat="45.7026150" lon="4.7084230">
    <ele>285.0</ele>
   </trkpt>
   <trkpt lat="45.7026240" lon="4.7084120">
    <ele>285.4</ele>
   </trkpt>
   <trkpt lat="45.7026400" lon="4.7083800">
    <ele>285.8</ele>
   </trkpt>
   <trkpt lat="45.7026560" lon="4.7083500">
    <ele>286.2</ele>
   </trkpt>
   <trkpt lat="45.7026720" lon="4.7083270">
    <ele>286.6</ele>
   </trkpt>
   <trkpt lat="45.7026910" lon="4.7083020">
    <ele>286.8</ele>
   </trkpt>
   <trkpt lat="45.7027100" lon="4.7082750">
    <ele>287.0</ele>
   </trkpt>
   <trkpt lat="45.7027230" lon="4.7082450">
    <ele>287.6</ele>
   </trkpt>
   <trkpt lat="45.7027390" lon="4.7082130">
    <ele>288.2</ele>
   </trkpt>
   <trkpt lat="45.7027550" lon="4.7081930">
    <ele>288.8</ele>
   </trkpt>
   <trkpt lat="45.7027810" lon="4.7081770">
    <ele>289.0</ele>
   </trkpt>
   <trkpt lat="45.7027970" lon="4.7081580">
    <ele>289.4</ele>
   </trkpt>
   <trkpt lat="45.7028190" lon="4.7081330">
    <ele>290.0</ele>
   </trkpt>
   <trkpt lat="45.7028380" lon="4.7081100">
    <ele>290.2</ele>
   </trkpt>
   <trkpt lat="45.7028610" lon="4.7080860">
    <ele>290.6</ele>
   </trkpt>
   <trkpt lat="45.7028800" lon="4.7080630">
    <ele>291.2</ele>
   </trkpt>
   <trkpt lat="45.7028990" lon="4.7080360">
    <ele>291.8</ele>
   </trkpt>
   <trkpt lat="45.7029280" lon="4.7080150">
    <ele>292.0</ele>
   </trkpt>
   <trkpt lat="45.7029470" lon="4.7079950">
    <ele>292.4</ele>
   </trkpt>
   <trkpt lat="45.7029730" lon="4.7079770">
    <ele>292.6</ele>
   </trkpt>
   <trkpt lat="45.7029950" lon="4.7079600">
    <ele>293.0</ele>
   </trkpt>
   <trkpt lat="45.7030210" lon="4.7079450">
    <ele>293.4</ele>
   </trkpt>
   <trkpt lat="45.7030460" lon="4.7079340">
    <ele>293.4</ele>
   </trkpt>
   <trkpt lat="45.7030850" lon="4.7079160">
    <ele>294.0</ele>
   </trkpt>
   <trkpt lat="45.7030980" lon="4.7079070">
    <ele>294.0</ele>
   </trkpt>
   <trkpt lat="45.7031200" lon="4.7078850">
    <ele>294.4</ele>
   </trkpt>
   <trkpt lat="45.7031460" lon="4.7078630">
    <ele>294.8</ele>
   </trkpt>
   <trkpt lat="45.7031620" lon="4.7078400">
    <ele>295.2</ele>
   </trkpt>
   <trkpt lat="45.7031900" lon="4.7078270">
    <ele>295.6</ele>
   </trkpt>
   <trkpt lat="45.7032160" lon="4.7078170">
    <ele>296.0</ele>
   </trkpt>
   <trkpt lat="45.7032480" lon="4.7078120">
    <ele>296.4</ele>
   </trkpt>
   <trkpt lat="45.7032740" lon="4.7078050">
    <ele>297.0</ele>
   </trkpt>
   <trkpt lat="45.7033060" lon="4.7077980">
    <ele>297.0</ele>
   </trkpt>
   <trkpt lat="45.7033310" lon="4.7077850">
    <ele>297.2</ele>
   </trkpt>
   <trkpt lat="45.7033600" lon="4.7077760">
    <ele>297.2</ele>
   </trkpt>
   <trkpt lat="45.7033890" lon="4.7077680">
    <ele>297.4</ele>
   </trkpt>
   <trkpt lat="45.7034180" lon="4.7077630">
    <ele>297.8</ele>
   </trkpt>
   <trkpt lat="45.7034500" lon="4.7077580">
    <ele>297.8</ele>
   </trkpt>
   <trkpt lat="45.7034780" lon="4.7077530">
    <ele>298.0</ele>
   </trkpt>
   <trkpt lat="45.7035140" lon="4.7077500">
    <ele>298.2</ele>
   </trkpt>
   <trkpt lat="45.7035460" lon="4.7077460">
    <ele>298.4</ele>
   </trkpt>
   <trkpt lat="45.7035740" lon="4.7077430">
    <ele>298.6</ele>
   </trkpt>
   <trkpt lat="45.7036060" lon="4.7077420">
    <ele>298.8</ele>
   </trkpt>
   <trkpt lat="45.7036350" lon="4.7077380">
    <ele>299.2</ele>
   </trkpt>
   <trkpt lat="45.7036670" lon="4.7077330">
    <ele>299.2</ele>
   </trkpt>
   <trkpt lat="45.7036930" lon="4.7077300">
    <ele>299.4</ele>
   </trkpt>
   <trkpt lat="45.7037280" lon="4.7077160">
    <ele>299.6</ele>
   </trkpt>
   <trkpt lat="45.7037570" lon="4.7077040">
    <ele>299.8</ele>
   </trkpt>
   <trkpt lat="45.7037860" lon="4.7076880">
    <ele>300.0</ele>
   </trkpt>
   <trkpt lat="45.7038110" lon="4.7076840">
    <ele>300.6</ele>
   </trkpt>
   <trkpt lat="45.7038370" lon="4.7076820">
    <ele>300.6</ele>
   </trkpt>
   <trkpt lat="45.7038660" lon="4.7076700">
    <ele>300.8</ele>
   </trkpt>
   <trkpt lat="45.7038880" lon="4.7076540">
    <ele>301.2</ele>
   </trkpt>
   <trkpt lat="45.7039140" lon="4.7076370">
    <ele>301.4</ele>
   </trkpt>
   <trkpt lat="45.7039490" lon="4.7075930">
    <ele>301.6</ele>
   </trkpt>
   <trkpt lat="45.7039620" lon="4.7075780">
    <ele>302.2</ele>
   </trkpt>
   <trkpt lat="45.7039870" lon="4.7075470">
    <ele>302.2</ele>
   </trkpt>
   <trkpt lat="45.7040100" lon="4.7075150">
    <ele>302.6</ele>
   </trkpt>
   <trkpt lat="45.7040320" lon="4.7074900">
    <ele>303.0</ele>
   </trkpt>
   <trkpt lat="45.7040610" lon="4.7074680">
    <ele>303.4</ele>
   </trkpt>
   <trkpt lat="45.7040900" lon="4.7074530">
    <ele>303.6</ele>
   </trkpt>
   <trkpt lat="45.7041180" lon="4.7074380">
    <ele>303.8</ele>
   </trkpt>
   <trkpt lat="45.7041500" lon="4.7074220">
    <ele>304.4</ele>
   </trkpt>
   <trkpt lat="45.7041820" lon="4.7074060">
    <ele>304.8</ele>
   </trkpt>
   <trkpt lat="45.7042110" lon="4.7074020">
    <ele>305.0</ele>
   </trkpt>
   <trkpt lat="45.7042430" lon="4.7073930">
    <ele>305.0</ele>
   </trkpt>
   <trkpt lat="45.7042720" lon="4.7073850">
    <ele>305.2</ele>
   </trkpt>
   <trkpt lat="45.7043010" lon="4.7073780">
    <ele>305.4</ele>
   </trkpt>
   <trkpt lat="45.7043300" lon="4.7073730">
    <ele>305.8</ele>
   </trkpt>
   <trkpt lat="45.7043650" lon="4.7073720">
    <ele>305.8</ele>
   </trkpt>
   <trkpt lat="45.7043970" lon="4.7073620">
    <ele>306.0</ele>
   </trkpt>
   <trkpt lat="45.7044260" lon="4.7073500">
    <ele>306.0</ele>
   </trkpt>
   <trkpt lat="45.7044610" lon="4.7073430">
    <ele>306.4</ele>
   </trkpt>
   <trkpt lat="45.7044900" lon="4.7073350">
    <ele>306.2</ele>
   </trkpt>
   <trkpt lat="45.7045180" lon="4.7073280">
    <ele>306.6</ele>
   </trkpt>
   <trkpt lat="45.7045500" lon="4.7073140">
    <ele>307.0</ele>
   </trkpt>
   <trkpt lat="45.7045790" lon="4.7073000">
    <ele>307.0</ele>
   </trkpt>
   <trkpt lat="45.7046080" lon="4.7072950">
    <ele>307.4</ele>
   </trkpt>
   <trkpt lat="45.7046430" lon="4.7072950">
    <ele>307.6</ele>
   </trkpt>
   <trkpt lat="45.7046780" lon="4.7072920">
    <ele>307.8</ele>
   </trkpt>
   <trkpt lat="45.7047300" lon="4.7072910">
    <ele>307.8</ele>
   </trkpt>
   <trkpt lat="45.7047490" lon="4.7072880">
    <ele>308.4</ele>
   </trkpt>
   <trkpt lat="45.7047810" lon="4.7072870">
    <ele>308.8</ele>
   </trkpt>
   <trkpt lat="45.7048160" lon="4.7072870">
    <ele>309.0</ele>
   </trkpt>
   <trkpt lat="45.7048450" lon="4.7072870">
    <ele>309.2</ele>
   </trkpt>
   <trkpt lat="45.7048800" lon="4.7072920">
    <ele>309.6</ele>
   </trkpt>
   <trkpt lat="45.7049090" lon="4.7072900">
    <ele>309.6</ele>
   </trkpt>
   <trkpt lat="45.7049470" lon="4.7072840">
    <ele>309.6</ele>
   </trkpt>
   <trkpt lat="45.7049790" lon="4.7072750">
    <ele>309.8</ele>
   </trkpt>
   <trkpt lat="45.7050140" lon="4.7072700">
    <ele>310.2</ele>
   </trkpt>
   <trkpt lat="45.7050460" lon="4.7072670">
    <ele>310.2</ele>
   </trkpt>
   <trkpt lat="45.7050850" lon="4.7072670">
    <ele>310.6</ele>
   </trkpt>
   <trkpt lat="45.7051200" lon="4.7072620">
    <ele>310.6</ele>
   </trkpt>
   <trkpt lat="45.7051550" lon="4.7072580">
    <ele>310.8</ele>
   </trkpt>
   <trkpt lat="45.7051940" lon="4.7072620">
    <ele>311.2</ele>
   </trkpt>
   <trkpt lat="45.7052320" lon="4.7072700">
    <ele>311.4</ele>
   </trkpt>
   <trkpt lat="45.7052640" lon="4.7072700">
    <ele>311.4</ele>
   </trkpt>
   <trkpt lat="45.7053020" lon="4.7072700">
    <ele>311.6</ele>
   </trkpt>
   <trkpt lat="45.7053380" lon="4.7072720">
    <ele>312.0</ele>
   </trkpt>
   <trkpt lat="45.7053700" lon="4.7072870">
    <ele>312.0</ele>
   </trkpt>
   <trkpt lat="45.7053980" lon="4.7073140">
    <ele>312.0</ele>
   </trkpt>
   <trkpt lat="45.7054180" lon="4.7073450">
    <ele>312.4</ele>
   </trkpt>
   <trkpt lat="45.7054340" lon="4.7073900">
    <ele>312.4</ele>
   </trkpt>
   <trkpt lat="45.7054370" lon="4.7074650">
    <ele>312.6</ele>
   </trkpt>
   <trkpt lat="45.7054370" lon="4.7074900">
    <ele>312.6</ele>
   </trkpt>
   <trkpt lat="45.7054400" lon="4.7075430">
    <ele>312.2</ele>
   </trkpt>
   <trkpt lat="45.7054400" lon="4.7075980">
    <ele>312.2</ele>
   </trkpt>
   <trkpt lat="45.7054370" lon="4.7076570">
    <ele>312.0</ele>
   </trkpt>
   <trkpt lat="45.7054370" lon="4.7077080">
    <ele>312.0</ele>
   </trkpt>
   <trkpt lat="45.7054400" lon="4.7077630">
    <ele>311.6</ele>
   </trkpt>
   <trkpt lat="45.7054430" lon="4.7078170">
    <ele>311.4</ele>
   </trkpt>
   <trkpt lat="45.7054500" lon="4.7078750">
    <ele>311.4</ele>
   </trkpt>
   <trkpt lat="45.7054500" lon="4.7079300">
    <ele>311.4</ele>
   </trkpt>
   <trkpt lat="45.7054500" lon="4.7079900">
    <ele>311.2</ele>
   </trkpt>
   <trkpt lat="45.7054530" lon="4.7080480">
    <ele>311.2</ele>
   </trkpt>
   <trkpt lat="45.7054530" lon="4.7081120">
    <ele>311.2</ele>
   </trkpt>
   <trkpt lat="45.7054560" lon="4.7081730">
    <ele>311.2</ele>
   </trkpt>
   <trkpt lat="45.7054590" lon="4.7082350">
    <ele>311.2</ele>
   </trkpt>
   <trkpt lat="45.7054590" lon="4.7082920">
    <ele>311.0</ele>
   </trkpt>
   <trkpt lat="45.7054590" lon="4.7083500">
    <ele>310.6</ele>
   </trkpt>
   <trkpt lat="45.7054620" lon="4.7084060">
    <ele>310.6</ele>
   </trkpt>
   <trkpt lat="45.7054620" lon="4.7084660">
    <ele>310.6</ele>
   </trkpt>
   <trkpt lat="45.7054750" lon="4.7085230">
    <ele>310.6</ele>
   </trkpt>
   <trkpt lat="45.7054850" lon="4.7085820">
    <ele>310.4</ele>
   </trkpt>
   <trkpt lat="45.7054940" lon="4.7086370">
    <ele>310.4</ele>
   </trkpt>
   <trkpt lat="45.7055010" lon="4.7086970">
    <ele>310.4</ele>
   </trkpt>
   <trkpt lat="45.7055070" lon="4.7087820">
    <ele>310.4</ele>
   </trkpt>
   <trkpt lat="45.7055100" lon="4.7088120">
    <ele>310.2</ele>
   </trkpt>
   <trkpt lat="45.7055170" lon="4.7088680">
    <ele>310.2</ele>
   </trkpt>
   <trkpt lat="45.7055300" lon="4.7089300">
    <ele>310.2</ele>
   </trkpt>
   <trkpt lat="45.7055390" lon="4.7089850">
    <ele>310.2</ele>
   </trkpt>
   <trkpt lat="45.7055520" lon="4.7090440">
    <ele>310.0</ele>
   </trkpt>
   <trkpt lat="45.7055550" lon="4.7091000">
    <ele>310.0</ele>
   </trkpt>
   <trkpt lat="45.7055580" lon="4.7091600">
    <ele>310.0</ele>
   </trkpt>
   <trkpt lat="45.7055550" lon="4.7092160">
    <ele>310.0</ele>
   </trkpt>
   <trkpt lat="45.7055490" lon="4.7092770">
    <ele>310.0</ele>
   </trkpt>
   <trkpt lat="45.7055420" lon="4.7093380">
    <ele>310.0</ele>
   </trkpt>
   <trkpt lat="45.7055360" lon="4.7093950">
    <ele>310.0</ele>
   </trkpt>
   <trkpt lat="45.7055300" lon="4.7094560">
    <ele>310.0</ele>
   </trkpt>
   <trkpt lat="45.7055200" lon="4.7095130">
    <ele>310.0</ele>
   </trkpt>
   <trkpt lat="45.7055170" lon="4.7095730">
    <ele>310.0</ele>
   </trkpt>
   <trkpt lat="45.7055040" lon="4.7096300">
    <ele>309.8</ele>
   </trkpt>
   <trkpt lat="45.7055010" lon="4.7096880">
    <ele>309.8</ele>
   </trkpt>
   <trkpt lat="45.7054940" lon="4.7097470">
    <ele>309.8</ele>
   </trkpt>
   <trkpt lat="45.7054820" lon="4.7098080">
    <ele>309.8</ele>
   </trkpt>
   <trkpt lat="45.7054750" lon="4.7098620">
    <ele>309.8</ele>
   </trkpt>
   <trkpt lat="45.7054720" lon="4.7099250">
    <ele>309.8</ele>
   </trkpt>
   <trkpt lat="45.7054620" lon="4.7099850">
    <ele>309.8</ele>
   </trkpt>
   <trkpt lat="45.7054530" lon="4.7100470">
    <ele>309.8</ele>
   </trkpt>
   <trkpt lat="45.7054430" lon="4.7101050">
    <ele>309.8</ele>
   </trkpt>
   <trkpt lat="45.7054370" lon="4.7101670">
    <ele>309.8</ele>
   </trkpt>
   <trkpt lat="45.7054300" lon="4.7102230">
    <ele>309.8</ele>
   </trkpt>
   <trkpt lat="45.7054210" lon="4.7103100">
    <ele>309.8</ele>
   </trkpt>
   <trkpt lat="45.7054210" lon="4.7103370">
    <ele>309.6</ele>
   </trkpt>
   <trkpt lat="45.7054210" lon="4.7103940">
    <ele>309.6</ele>
   </trkpt>
   <trkpt lat="45.7054240" lon="4.7104520">
    <ele>309.8</ele>
   </trkpt>
   <trkpt lat="45.7054240" lon="4.7105120">
    <ele>309.8</ele>
   </trkpt>
   <trkpt lat="45.7054300" lon="4.7105720">
    <ele>309.8</ele>
   </trkpt>
   <trkpt lat="45.7054300" lon="4.7106300">
    <ele>309.8</ele>
   </trkpt>
   <trkpt lat="45.7054340" lon="4.7106880">
    <ele>309.8</ele>
   </trkpt>
   <trkpt lat="45.7054370" lon="4.7107450">
    <ele>309.8</ele>
   </trkpt>
   <trkpt lat="45.7054500" lon="4.7108020">
    <ele>309.8</ele>
   </trkpt>
   <trkpt lat="45.7054560" lon="4.7108600">
    <ele>310.0</ele>
   </trkpt>
   <trkpt lat="45.7054620" lon="4.7109150">
    <ele>310.0</ele>
   </trkpt>
   <trkpt lat="45.7054750" lon="4.7109700">
    <ele>310.0</ele>
   </trkpt>
   <trkpt lat="45.7054780" lon="4.7110270">
    <ele>310.0</ele>
   </trkpt>
   <trkpt lat="45.7054820" lon="4.7110850">
    <ele>310.0</ele>
   </trkpt>
   <trkpt lat="45.7054850" lon="4.7111440">
    <ele>310.0</ele>
   </trkpt>
   <trkpt lat="45.7054850" lon="4.7112040">
    <ele>310.0</ele>
   </trkpt>
   <trkpt lat="45.7054820" lon="4.7112650">
    <ele>310.0</ele>
   </trkpt>
   <trkpt lat="45.7054820" lon="4.7113200">
    <ele>310.2</ele>
   </trkpt>
   <trkpt lat="45.7054780" lon="4.7113780">
    <ele>310.2</ele>
   </trkpt>
   <trkpt lat="45.7054750" lon="4.7114320">
    <ele>310.2</ele>
   </trkpt>
   <trkpt lat="45.7054720" lon="4.7114900">
    <ele>310.2</ele>
   </trkpt>
   <trkpt lat="45.7054690" lon="4.7115450">
    <ele>310.6</ele>
   </trkpt>
   <trkpt lat="45.7054590" lon="4.7116000">
    <ele>310.6</ele>
   </trkpt>
   <trkpt lat="45.7054500" lon="4.7116520">
    <ele>310.8</ele>
   </trkpt>
   <trkpt lat="45.7054370" lon="4.7117070">
    <ele>310.8</ele>
   </trkpt>
   <trkpt lat="45.7054300" lon="4.7117600">
    <ele>310.8</ele>
   </trkpt>
   <trkpt lat="45.7054180" lon="4.7118150">
    <ele>310.8</ele>
   </trkpt>
   <trkpt lat="45.7054050" lon="4.7118680">
    <ele>310.8</ele>
   </trkpt>
   <trkpt lat="45.7053950" lon="4.7119250">
    <ele>311.2</ele>
   </trkpt>
   <trkpt lat="45.7053820" lon="4.7119780">
    <ele>311.2</ele>
   </trkpt>
   <trkpt lat="45.7053760" lon="4.7120350">
    <ele>311.4</ele>
   </trkpt>
   <trkpt lat="45.7053630" lon="4.7120900">
    <ele>311.4</ele>
   </trkpt>
   <trkpt lat="45.7053540" lon="4.7121440">
    <ele>311.4</ele>
   </trkpt>
   <trkpt lat="45.7053380" lon="4.7121970">
    <ele>311.6</ele>
   </trkpt>
   <trkpt lat="45.7053160" lon="4.7122710">
    <ele>311.8</ele>
   </trkpt>
   <trkpt lat="45.7053060" lon="4.7122960">
    <ele>311.8</ele>
   </trkpt>
   <trkpt lat="45.7052960" lon="4.7123460">
    <ele>312.0</ele>
   </trkpt>
   <trkpt lat="45.7052830" lon="4.7124000">
    <ele>312.2</ele>
   </trkpt>
   <trkpt lat="45.7052700" lon="4.7124480">
    <ele>312.6</ele>
   </trkpt>
   <trkpt lat="45.7052540" lon="4.7125000">
    <ele>313.0</ele>
   </trkpt>
   <trkpt lat="45.7052420" lon="4.7125520">
    <ele>313.0</ele>
   </trkpt>
   <trkpt lat="45.7052260" lon="4.7126040">
    <ele>313.0</ele>
   </trkpt>
   <trkpt lat="45.7052160" lon="4.7126520">
    <ele>313.4</ele>
   </trkpt>
   <trkpt lat="45.7052000" lon="4.7127000">
    <ele>313.4</ele>
   </trkpt>
   <trkpt lat="45.7051840" lon="4.7127480">
    <ele>313.4</ele>
   </trkpt>
   <trkpt lat="45.7051710" lon="4.7127980">
    <ele>313.4</ele>
   </trkpt>
   <trkpt lat="45.7051550" lon="4.7128450">
    <ele>313.4</ele>
   </trkpt>
   <trkpt lat="45.7051360" lon="4.7128970">
    <ele>313.6</ele>
   </trkpt>
   <trkpt lat="45.7051230" lon="4.7129450">
    <ele>313.6</ele>
   </trkpt>
   <trkpt lat="45.7051070" lon="4.7129920">
    <ele>314.0</ele>
   </trkpt>
   <trkpt lat="45.7050980" lon="4.7130420">
    <ele>314.2</ele>
   </trkpt>
   <trkpt lat="45.7050820" lon="4.7130870">
    <ele>314.4</ele>
   </trkpt>
   <trkpt lat="45.7050720" lon="4.7131350">
    <ele>314.4</ele>
   </trkpt>
   <trkpt lat="45.7050560" lon="4.7131840">
    <ele>314.4</ele>
   </trkpt>
   <trkpt lat="45.7050430" lon="4.7132300">
    <ele>314.2</ele>
   </trkpt>
   <trkpt lat="45.7050270" lon="4.7132770">
    <ele>314.2</ele>
   </trkpt>
   <trkpt lat="45.7050140" lon="4.7133240">
    <ele>314.8</ele>
   </trkpt>
   <trkpt lat="45.7049950" lon="4.7133660">
    <ele>315.4</ele>
   </trkpt>
   <trkpt lat="45.7049760" lon="4.7134130">
    <ele>315.8</ele>
   </trkpt>
   <trkpt lat="45.7049600" lon="4.7134570">
    <ele>315.8</ele>
   </trkpt>
   <trkpt lat="45.7049380" lon="4.7134970">
    <ele>315.8</ele>
   </trkpt>
   <trkpt lat="45.7049220" lon="4.7135450">
    <ele>316.0</ele>
   </trkpt>
   <trkpt lat="45.7048990" lon="4.7135940">
    <ele>316.4</ele>
   </trkpt>
   <trkpt lat="45.7048740" lon="4.7136620">
    <ele>316.6</ele>
   </trkpt>
   <trkpt lat="45.7048640" lon="4.7136830">
    <ele>316.6</ele>
   </trkpt>
   <trkpt lat="45.7048450" lon="4.7137280">
    <ele>317.0</ele>
   </trkpt>
   <trkpt lat="45.7048290" lon="4.7137750">
    <ele>317.2</ele>
   </trkpt>
   <trkpt lat="45.7048160" lon="4.7138180">
    <ele>317.4</ele>
   </trkpt>
   <trkpt lat="45.7048000" lon="4.7138620">
    <ele>317.4</ele>
   </trkpt>
   <trkpt lat="45.7047810" lon="4.7139080">
    <ele>317.4</ele>
   </trkpt>
   <trkpt lat="45.7047650" lon="4.7139540">
    <ele>317.8</ele>
   </trkpt>
   <trkpt lat="45.7047490" lon="4.7140000">
    <ele>318.2</ele>
   </trkpt>
   <trkpt lat="45.7047300" lon="4.7140480">
    <ele>318.4</ele>
   </trkpt>
   <trkpt lat="45.7047100" lon="4.7140980">
    <ele>318.4</ele>
   </trkpt>
   <trkpt lat="45.7046940" lon="4.7141430">
    <ele>318.8</ele>
   </trkpt>
   <trkpt lat="45.7046750" lon="4.7141920">
    <ele>319.0</ele>
   </trkpt>
   <trkpt lat="45.7046590" lon="4.7142420">
    <ele>319.4</ele>
   </trkpt>
   <trkpt lat="45.7046430" lon="4.7142920">
    <ele>319.4</ele>
   </trkpt>
   <trkpt lat="45.7046300" lon="4.7143420">
    <ele>319.6</ele>
   </trkpt>
   <trkpt lat="45.7046180" lon="4.7143900">
    <ele>319.8</ele>
   </trkpt>
   <trkpt lat="45.7046050" lon="4.7144400">
    <ele>320.0</ele>
   </trkpt>
   <trkpt lat="45.7045890" lon="4.7144920">
    <ele>320.2</ele>
   </trkpt>
   <trkpt lat="45.7045790" lon="4.7145420">
    <ele>320.2</ele>
   </trkpt>
   <trkpt lat="45.7045570" lon="4.7146220">
    <ele>320.4</ele>
   </trkpt>
   <trkpt lat="45.7045500" lon="4.7146480">
    <ele>320.4</ele>
   </trkpt>
   <trkpt lat="45.7045380" lon="4.7147040">
    <ele>320.6</ele>
   </trkpt>
   <trkpt lat="45.7045280" lon="4.7147580">
    <ele>320.8</ele>
   </trkpt>
   <trkpt lat="45.7045180" lon="4.7148120">
    <ele>320.8</ele>
   </trkpt>
   <trkpt lat="45.7045090" lon="4.7148650">
    <ele>320.8</ele>
   </trkpt>
   <trkpt lat="45.7044990" lon="4.7149200">
    <ele>321.0</ele>
   </trkpt>
   <trkpt lat="45.7044830" lon="4.7149720">
    <ele>321.2</ele>
   </trkpt>
   <trkpt lat="45.7044670" lon="4.7150240">
    <ele>321.4</ele>
   </trkpt>
   <trkpt lat="45.7044580" lon="4.7150780">
    <ele>321.6</ele>
   </trkpt>
   <trkpt lat="45.7044450" lon="4.7151300">
    <ele>321.6</ele>
   </trkpt>
   <trkpt lat="45.7044320" lon="4.7151860">
    <ele>322.0</ele>
   </trkpt>
   <trkpt lat="45.7044220" lon="4.7152400">
    <ele>322.0</ele>
   </trkpt>
   <trkpt lat="45.7044100" lon="4.7152950">
    <ele>322.0</ele>
   </trkpt>
   <trkpt lat="45.7044000" lon="4.7153480">
    <ele>322.2</ele>
   </trkpt>
   <trkpt lat="45.7043840" lon="4.7153980">
    <ele>322.4</ele>
   </trkpt>
   <trkpt lat="45.7043710" lon="4.7154530">
    <ele>322.4</ele>
   </trkpt>
   <trkpt lat="45.7043580" lon="4.7155050">
    <ele>322.8</ele>
   </trkpt>
   <trkpt lat="45.7043460" lon="4.7155620">
    <ele>322.8</ele>
   </trkpt>
   <trkpt lat="45.7043390" lon="4.7156150">
    <ele>323.0</ele>
   </trkpt>
   <trkpt lat="45.7043230" lon="4.7156680">
    <ele>323.0</ele>
   </trkpt>
   <trkpt lat="45.7043070" lon="4.7157200">
    <ele>323.2</ele>
   </trkpt>
   <trkpt lat="45.7042980" lon="4.7157740">
    <ele>323.0</ele>
   </trkpt>
   <trkpt lat="45.7042880" lon="4.7158260">
    <ele>323.4</ele>
   </trkpt>
   <trkpt lat="45.7042820" lon="4.7158780">
    <ele>323.6</ele>
   </trkpt>
   <trkpt lat="45.7042720" lon="4.7159300">
    <ele>323.6</ele>
   </trkpt>
   <trkpt lat="45.7042710" lon="4.7160120">
    <ele>323.6</ele>
   </trkpt>
   <trkpt lat="45.7042690" lon="4.7160400">
    <ele>323.8</ele>
   </trkpt>
   <trkpt lat="45.7042620" lon="4.7160900">
    <ele>323.8</ele>
   </trkpt>
   <trkpt lat="45.7042590" lon="4.7161450">
    <ele>324.0</ele>
   </trkpt>
   <trkpt lat="45.7042500" lon="4.7161980">
    <ele>324.0</ele>
   </trkpt>
   <trkpt lat="45.7042430" lon="4.7162550">
    <ele>324.0</ele>
   </trkpt>
   <trkpt lat="45.7042340" lon="4.7163130">
    <ele>324.0</ele>
   </trkpt>
   <trkpt lat="45.7042270" lon="4.7163720">
    <ele>324.0</ele>
   </trkpt>
   <trkpt lat="45.7042210" lon="4.7164300">
    <ele>324.0</ele>
   </trkpt>
   <trkpt lat="45.7042180" lon="4.7164870">
    <ele>324.0</ele>
   </trkpt>
   <trkpt lat="45.7042080" lon="4.7165450">
    <ele>324.2</ele>
   </trkpt>
   <trkpt lat="45.7042080" lon="4.7166030">
    <ele>324.2</ele>
   </trkpt>
   <trkpt lat="45.7042020" lon="4.7166620">
    <ele>324.2</ele>
   </trkpt>
   <trkpt lat="45.7041980" lon="4.7167180">
    <ele>324.4</ele>
   </trkpt>
   <trkpt lat="45.7041920" lon="4.7167780">
    <ele>324.6</ele>
   </trkpt>
   <trkpt lat="45.7041920" lon="4.7168350">
    <ele>324.8</ele>
   </trkpt>
   <trkpt lat="45.7041860" lon="4.7168930">
    <ele>324.8</ele>
   </trkpt>
   <trkpt lat="45.7041860" lon="4.7169520">
    <ele>324.8</ele>
   </trkpt>
   <trkpt lat="45.7041860" lon="4.7170120">
    <ele>324.6</ele>
   </trkpt>
   <trkpt lat="45.7041820" lon="4.7170700">
    <ele>324.6</ele>
   </trkpt>
   <trkpt lat="45.7041820" lon="4.7171300">
    <ele>324.4</ele>
   </trkpt>
   <trkpt lat="45.7041790" lon="4.7171900">
    <ele>324.6</ele>
   </trkpt>
   <trkpt lat="45.7041730" lon="4.7172480">
    <ele>324.4</ele>
   </trkpt>
   <trkpt lat="45.7041660" lon="4.7173120">
    <ele>324.4</ele>
   </trkpt>
   <trkpt lat="45.7041630" lon="4.7173770">
    <ele>324.4</ele>
   </trkpt>
   <trkpt lat="45.7041540" lon="4.7174400">
    <ele>324.4</ele>
   </trkpt>
   <trkpt lat="45.7041540" lon="4.7175040">
    <ele>324.4</ele>
   </trkpt>
   <trkpt lat="45.7041470" lon="4.7175660">
    <ele>324.4</ele>
   </trkpt>
   <trkpt lat="45.7041360" lon="4.7176610">
    <ele>324.4</ele>
   </trkpt>
   <trkpt lat="45.7041310" lon="4.7176930">
    <ele>324.2</ele>
   </trkpt>
   <trkpt lat="45.7041280" lon="4.7177550">
    <ele>324.0</ele>
   </trkpt>
   <trkpt lat="45.7041220" lon="4.7178200">
    <ele>324.0</ele>
   </trkpt>
   <trkpt lat="45.7041090" lon="4.7178800">
    <ele>324.0</ele>
   </trkpt>
   <trkpt lat="45.7040990" lon="4.7179420">
    <ele>323.6</ele>
   </trkpt>
   <trkpt lat="45.7040860" lon="4.7180030">
    <ele>323.4</ele>
   </trkpt>
   <trkpt lat="45.7040740" lon="4.7180650">
    <ele>323.0</ele>
   </trkpt>
   <trkpt lat="45.7040670" lon="4.7181270">
    <ele>322.8</ele>
   </trkpt>
   <trkpt lat="45.7040610" lon="4.7181940">
    <ele>322.6</ele>
   </trkpt>
   <trkpt lat="45.7040510" lon="4.7182550">
    <ele>322.4</ele>
   </trkpt>
   <trkpt lat="45.7040450" lon="4.7183160">
    <ele>322.2</ele>
   </trkpt>
   <trkpt lat="45.7040350" lon="4.7183770">
    <ele>322.2</ele>
   </trkpt>
   <trkpt lat="45.7040320" lon="4.7184400">
    <ele>322.2</ele>
   </trkpt>
   <trkpt lat="45.7040260" lon="4.7185040">
    <ele>321.6</ele>
   </trkpt>
   <trkpt lat="45.7040260" lon="4.7185670">
    <ele>321.2</ele>
   </trkpt>
   <trkpt lat="45.7040220" lon="4.7186280">
    <ele>321.0</ele>
   </trkpt>
   <trkpt lat="45.7040190" lon="4.7186920">
    <ele>320.8</ele>
   </trkpt>
   <trkpt lat="45.7040130" lon="4.7187550">
    <ele>320.8</ele>
   </trkpt>
   <trkpt lat="45.7040100" lon="4.7188170">
    <ele>320.4</ele>
   </trkpt>
   <trkpt lat="45.7040060" lon="4.7188820">
    <ele>320.4</ele>
   </trkpt>
   <trkpt lat="45.7040000" lon="4.7189440">
    <ele>320.4</ele>
   </trkpt>
   <trkpt lat="45.7039940" lon="4.7190060">
    <ele>320.4</ele>
   </trkpt>
   <trkpt lat="45.7039870" lon="4.7190680">
    <ele>320.2</ele>
   </trkpt>
   <trkpt lat="45.7039840" lon="4.7191330">
    <ele>319.8</ele>
   </trkpt>
   <trkpt lat="45.7039810" lon="4.7191940">
    <ele>319.6</ele>
   </trkpt>
   <trkpt lat="45.7039710" lon="4.7192560">
    <ele>319.6</ele>
   </trkpt>
   <trkpt lat="45.7039550" lon="4.7193180">
    <ele>319.6</ele>
   </trkpt>
   <trkpt lat="45.7039520" lon="4.7193800">
    <ele>319.4</ele>
   </trkpt>
   <trkpt lat="45.7039490" lon="4.7194430">
    <ele>319.2</ele>
   </trkpt>
   <trkpt lat="45.7039420" lon="4.7195050">
    <ele>319.0</ele>
   </trkpt>
   <trkpt lat="45.7039260" lon="4.7195680">
    <ele>319.0</ele>
   </trkpt>
   <trkpt lat="45.7039200" lon="4.7196300">
    <ele>318.8</ele>
   </trkpt>
   <trkpt lat="45.7039100" lon="4.7196930">
    <ele>318.8</ele>
   </trkpt>
   <trkpt lat="45.7039040" lon="4.7197550">
    <ele>318.6</ele>
   </trkpt>
   <trkpt lat="45.7038910" lon="4.7198200">
    <ele>318.4</ele>
   </trkpt>
   <trkpt lat="45.7038820" lon="4.7198800">
    <ele>318.4</ele>
   </trkpt>
   <trkpt lat="45.7038660" lon="4.7199400">
    <ele>318.0</ele>
   </trkpt>
   <trkpt lat="45.7038440" lon="4.7200300">
    <ele>318.0</ele>
   </trkpt>
   <trkpt lat="45.7038370" lon="4.7200600">
    <ele>318.0</ele>
   </trkpt>
   <trkpt lat="45.7038270" lon="4.7201230">
    <ele>318.2</ele>
   </trkpt>
   <trkpt lat="45.7038110" lon="4.7201870">
    <ele>317.8</ele>
   </trkpt>
   <trkpt lat="45.7038020" lon="4.7202480">
    <ele>317.8</ele>
   </trkpt>
   <trkpt lat="45.7037920" lon="4.7203080">
    <ele>317.8</ele>
   </trkpt>
   <trkpt lat="45.7037860" lon="4.7203680">
    <ele>317.8</ele>
   </trkpt>
   <trkpt lat="45.7037820" lon="4.7204280">
    <ele>317.8</ele>
   </trkpt>
   <trkpt lat="45.7037730" lon="4.7204900">
    <ele>317.4</ele>
   </trkpt>
   <trkpt lat="45.7037660" lon="4.7205530">
    <ele>317.2</ele>
   </trkpt>
   <trkpt lat="45.7037630" lon="4.7206150">
    <ele>317.2</ele>
   </trkpt>
   <trkpt lat="45.7037570" lon="4.7206760">
    <ele>317.2</ele>
   </trkpt>
   <trkpt lat="45.7037540" lon="4.7207380">
    <ele>317.0</ele>
   </trkpt>
   <trkpt lat="45.7037500" lon="4.7208030">
    <ele>317.0</ele>
   </trkpt>
   <trkpt lat="45.7037470" lon="4.7208670">
    <ele>317.0</ele>
   </trkpt>
   <trkpt lat="45.7037440" lon="4.7209320">
    <ele>316.8</ele>
   </trkpt>
   <trkpt lat="45.7037440" lon="4.7209940">
    <ele>316.8</ele>
   </trkpt>
   <trkpt lat="45.7037440" lon="4.7210550">
    <ele>316.6</ele>
   </trkpt>
   <trkpt lat="45.7037440" lon="4.7211160">
    <ele>316.8</ele>
   </trkpt>
   <trkpt lat="45.7037440" lon="4.7211780">
    <ele>316.6</ele>
   </trkpt>
   <trkpt lat="45.7037440" lon="4.7212430">
    <ele>316.6</ele>
   </trkpt>
   <trkpt lat="45.7037470" lon="4.7213040">
    <ele>316.4</ele>
   </trkpt>
   <trkpt lat="45.7037470" lon="4.7213650">
    <ele>316.4</ele>
   </trkpt>
   <trkpt lat="45.7037440" lon="4.7214250">
    <ele>316.4</ele>
   </trkpt>
   <trkpt lat="45.7037440" lon="4.7214880">
    <ele>316.6</ele>
   </trkpt>
   <trkpt lat="45.7037440" lon="4.7215450">
    <ele>316.6</ele>
   </trkpt>
   <trkpt lat="45.7037380" lon="4.7216070">
    <ele>316.4</ele>
   </trkpt>
   <trkpt lat="45.7037380" lon="4.7216670">
    <ele>316.4</ele>
   </trkpt>
   <trkpt lat="45.7037380" lon="4.7217250">
    <ele>316.2</ele>
   </trkpt>
   <trkpt lat="45.7037340" lon="4.7217860">
    <ele>316.2</ele>
   </trkpt>
   <trkpt lat="45.7037380" lon="4.7218460">
    <ele>316.4</ele>
   </trkpt>
   <trkpt lat="45.7037380" lon="4.7219080">
    <ele>316.6</ele>
   </trkpt>
   <trkpt lat="45.7037440" lon="4.7219700">
    <ele>316.6</ele>
   </trkpt>
   <trkpt lat="45.7037440" lon="4.7220320">
    <ele>316.6</ele>
   </trkpt>
   <trkpt lat="45.7037470" lon="4.7220940">
    <ele>316.6</ele>
   </trkpt>
   <trkpt lat="45.7037470" lon="4.7221550">
    <ele>316.6</ele>
   </trkpt>
   <trkpt lat="45.7037470" lon="4.7222180">
    <ele>316.4</ele>
   </trkpt>
   <trkpt lat="45.7037470" lon="4.7223090">
    <ele>316.4</ele>
   </trkpt>
   <trkpt lat="45.7037470" lon="4.7223400">
    <ele>316.6</ele>
   </trkpt>
   <trkpt lat="45.7037470" lon="4.7224000">
    <ele>316.6</ele>
   </trkpt>
   <trkpt lat="45.7037440" lon="4.7224630">
    <ele>316.6</ele>
   </trkpt>
   <trkpt lat="45.7037470" lon="4.7225230">
    <ele>316.6</ele>
   </trkpt>
   <trkpt lat="45.7037440" lon="4.7225880">
    <ele>316.2</ele>
   </trkpt>
   <trkpt lat="45.7037440" lon="4.7226520">
    <ele>316.2</ele>
   </trkpt>
   <trkpt lat="45.7037440" lon="4.7227140">
    <ele>316.2</ele>
   </trkpt>
   <trkpt lat="45.7037470" lon="4.7227760">
    <ele>316.2</ele>
   </trkpt>
   <trkpt lat="45.7037470" lon="4.7228380">
    <ele>316.4</ele>
   </trkpt>
   <trkpt lat="45.7037470" lon="4.7229030">
    <ele>316.4</ele>
   </trkpt>
   <trkpt lat="45.7037470" lon="4.7229620">
    <ele>316.4</ele>
   </trkpt>
   <trkpt lat="45.7037540" lon="4.7230200">
    <ele>316.4</ele>
   </trkpt>
   <trkpt lat="45.7037540" lon="4.7230840">
    <ele>316.4</ele>
   </trkpt>
   <trkpt lat="45.7037570" lon="4.7231440">
    <ele>316.4</ele>
   </trkpt>
   <trkpt lat="45.7037630" lon="4.7232060">
    <ele>316.0</ele>
   </trkpt>
   <trkpt lat="45.7037700" lon="4.7232680">
    <ele>315.8</ele>
   </trkpt>
   <trkpt lat="45.7037730" lon="4.7233330">
    <ele>315.6</ele>
   </trkpt>
   <trkpt lat="45.7037820" lon="4.7233940">
    <ele>315.6</ele>
   </trkpt>
   <trkpt lat="45.7037820" lon="4.7234580">
    <ele>315.8</ele>
   </trkpt>
   <trkpt lat="45.7037860" lon="4.7235180">
    <ele>315.8</ele>
   </trkpt>
   <trkpt lat="45.7037890" lon="4.7235750">
    <ele>315.8</ele>
   </trkpt>
   <trkpt lat="45.7037920" lon="4.7236350">
    <ele>315.6</ele>
   </trkpt>
   <trkpt lat="45.7038020" lon="4.7236930">
    <ele>315.4</ele>
   </trkpt>
   <trkpt lat="45.7038080" lon="4.7237540">
    <ele>315.0</ele>
   </trkpt>
   <trkpt lat="45.7038210" lon="4.7238140">
    <ele>315.0</ele>
   </trkpt>
   <trkpt lat="45.7038270" lon="4.7238730">
    <ele>315.6</ele>
   </trkpt>
   <trkpt lat="45.7038340" lon="4.7239320">
    <ele>315.8</ele>
   </trkpt>
   <trkpt lat="45.7038460" lon="4.7239900">
    <ele>315.8</ele>
   </trkpt>
   <trkpt lat="45.7038560" lon="4.7240480">
    <ele>315.6</ele>
   </trkpt>
   <trkpt lat="45.7038660" lon="4.7241080">
    <ele>315.6</ele>
   </trkpt>
   <trkpt lat="45.7038750" lon="4.7241670">
    <ele>315.6</ele>
   </trkpt>
   <trkpt lat="45.7038850" lon="4.7242260">
    <ele>315.6</ele>
   </trkpt>
   <trkpt lat="45.7038910" lon="4.7242880">
    <ele>315.4</ele>
   </trkpt>
   <trkpt lat="45.7039010" lon="4.7243470">
    <ele>315.2</ele>
   </trkpt>
   <trkpt lat="45.7039070" lon="4.7244080">
    <ele>315.2</ele>
   </trkpt>
   <trkpt lat="45.7039200" lon="4.7244670">
    <ele>315.2</ele>
   </trkpt>
   <trkpt lat="45.7039300" lon="4.7245260">
    <ele>315.2</ele>
   </trkpt>
   <trkpt lat="45.7039360" lon="4.7245850">
    <ele>315.2</ele>
   </trkpt>
   <trkpt lat="45.7039330" lon="4.7246460">
    <ele>315.2</ele>
   </trkpt>
   <trkpt lat="45.7039460" lon="4.7247050">
    <ele>314.8</ele>
   </trkpt>
   <trkpt lat="45.7039520" lon="4.7247620">
    <ele>314.8</ele>
   </trkpt>
   <trkpt lat="45.7039650" lon="4.7248250">
    <ele>314.8</ele>
   </trkpt>
   <trkpt lat="45.7039710" lon="4.7248830">
    <ele>314.8</ele>
   </trkpt>
   <trkpt lat="45.7039810" lon="4.7249450">
    <ele>314.8</ele>
   </trkpt>
   <trkpt lat="45.7039870" lon="4.7250050">
    <ele>314.8</ele>
   </trkpt>
   <trkpt lat="45.7039940" lon="4.7250620">
    <ele>314.6</ele>
   </trkpt>
   <trkpt lat="45.7040030" lon="4.7251240">
    <ele>314.6</ele>
   </trkpt>
   <trkpt lat="45.7040100" lon="4.7251840">
    <ele>314.6</ele>
   </trkpt>
   <trkpt lat="45.7040220" lon="4.7252450">
    <ele>314.4</ele>
   </trkpt>
   <trkpt lat="45.7040320" lon="4.7253030">
    <ele>314.4</ele>
   </trkpt>
   <trkpt lat="45.7040420" lon="4.7253720">
    <ele>314.6</ele>
   </trkpt>
   <trkpt lat="45.7040510" lon="4.7254320">
    <ele>314.6</ele>
   </trkpt>
   <trkpt lat="45.7040640" lon="4.7254950">
    <ele>314.6</ele>
   </trkpt>
   <trkpt lat="45.7040740" lon="4.7255600">
    <ele>314.4</ele>
   </trkpt>
   <trkpt lat="45.7040830" lon="4.7256200">
    <ele>314.4</ele>
   </trkpt>
   <trkpt lat="45.7040900" lon="4.7256830">
    <ele>314.2</ele>
   </trkpt>
   <trkpt lat="45.7041020" lon="4.7257400">
    <ele>314.0</ele>
   </trkpt>
   <trkpt lat="45.7041120" lon="4.7258030">
    <ele>314.0</ele>
   </trkpt>
   <trkpt lat="45.7041280" lon="4.7258620">
    <ele>313.6</ele>
   </trkpt>
   <trkpt lat="45.7041340" lon="4.7259220">
    <ele>313.6</ele>
   </trkpt>
   <trkpt lat="45.7041470" lon="4.7259860">
    <ele>313.6</ele>
   </trkpt>
   <trkpt lat="45.7041620" lon="4.7260760">
    <ele>313.6</ele>
   </trkpt>
   <trkpt lat="45.7041700" lon="4.7261080">
    <ele>313.4</ele>
   </trkpt>
   <trkpt lat="45.7041790" lon="4.7261680">
    <ele>313.4</ele>
   </trkpt>
   <trkpt lat="45.7041860" lon="4.7262320">
    <ele>313.0</ele>
   </trkpt>
   <trkpt lat="45.7042020" lon="4.7262920">
    <ele>313.0</ele>
   </trkpt>
   <trkpt lat="45.7042080" lon="4.7263530">
    <ele>312.8</ele>
   </trkpt>
   <trkpt lat="45.7042180" lon="4.7264150">
    <ele>312.8</ele>
   </trkpt>
   <trkpt lat="45.7042240" lon="4.7264750">
    <ele>312.8</ele>
   </trkpt>
   <trkpt lat="45.7042270" lon="4.7265380">
    <ele>312.8</ele>
   </trkpt>
   <trkpt lat="45.7042400" lon="4.7265970">
    <ele>312.6</ele>
   </trkpt>
   <trkpt lat="45.7042460" lon="4.7266580">
    <ele>312.6</ele>
   </trkpt>
   <trkpt lat="45.7042620" lon="4.7267220">
    <ele>312.6</ele>
   </trkpt>
   <trkpt lat="45.7042720" lon="4.7267760">
    <ele>312.6</ele>
   </trkpt>
   <trkpt lat="45.7042850" lon="4.7268380">
    <ele>312.2</ele>
   </trkpt>
   <trkpt lat="45.7042980" lon="4.7268970">
    <ele>312.0</ele>
   </trkpt>
   <trkpt lat="45.7043070" lon="4.7269620">
    <ele>312.0</ele>
   </trkpt>
   <trkpt lat="45.7043230" lon="4.7270230">
    <ele>312.0</ele>
   </trkpt>
   <trkpt lat="45.7043330" lon="4.7270850">
    <ele>311.6</ele>
   </trkpt>
   <trkpt lat="45.7043490" lon="4.7271430">
    <ele>311.4</ele>
   </trkpt>
   <trkpt lat="45.7043620" lon="4.7272050">
    <ele>311.4</ele>
   </trkpt>
   <trkpt lat="45.7043710" lon="4.7272680">
    <ele>311.4</ele>
   </trkpt>
   <trkpt lat="45.7043840" lon="4.7273300">
    <ele>311.4</ele>
   </trkpt>
   <trkpt lat="45.7043970" lon="4.7273930">
    <ele>311.2</ele>
   </trkpt>
   <trkpt lat="45.7044100" lon="4.7274530">
    <ele>311.2</ele>
   </trkpt>
   <trkpt lat="45.7044260" lon="4.7275180">
    <ele>311.2</ele>
   </trkpt>
   <trkpt lat="45.7044420" lon="4.7275780">
    <ele>311.2</ele>
   </trkpt>
   <trkpt lat="45.7044510" lon="4.7276420">
    <ele>311.2</ele>
   </trkpt>
   <trkpt lat="45.7044640" lon="4.7277050">
    <ele>311.0</ele>
   </trkpt>
   <trkpt lat="45.7044700" lon="4.7277660">
    <ele>311.0</ele>
   </trkpt>
   <trkpt lat="45.7044700" lon="4.7278320">
    <ele>311.0</ele>
   </trkpt>
   <trkpt lat="45.7044770" lon="4.7278950">
    <ele>311.0</ele>
   </trkpt>
   <trkpt lat="45.7044700" lon="4.7279580">
    <ele>311.0</ele>
   </trkpt>
   <trkpt lat="45.7044640" lon="4.7280220">
    <ele>311.0</ele>
   </trkpt>
   <trkpt lat="45.7044420" lon="4.7280850">
    <ele>311.0</ele>
   </trkpt>
   <trkpt lat="45.7044100" lon="4.7281480">
    <ele>311.0</ele>
   </trkpt>
   <trkpt lat="45.7043870" lon="4.7282070">
    <ele>311.0</ele>
   </trkpt>
   <trkpt lat="45.7043620" lon="4.7282630">
    <ele>311.0</ele>
   </trkpt>
   <trkpt lat="45.7043300" lon="4.7283150">
    <ele>311.0</ele>
   </trkpt>
   <trkpt lat="45.7043010" lon="4.7283680">
    <ele>311.0</ele>
   </trkpt>
   <trkpt lat="45.7042720" lon="4.7284220">
    <ele>310.8</ele>
   </trkpt>
   <trkpt lat="45.7042340" lon="4.7284980">
    <ele>310.8</ele>
   </trkpt>
   <trkpt lat="45.7042210" lon="4.7285230">
    <ele>310.6</ele>
   </trkpt>
   <trkpt lat="45.7041980" lon="4.7285720">
    <ele>310.6</ele>
   </trkpt>
   <trkpt lat="45.7041660" lon="4.7286180">
    <ele>310.6</ele>
   </trkpt>
   <trkpt lat="45.7041440" lon="4.7286640">
    <ele>310.8</ele>
   </trkpt>
   <trkpt lat="45.7041180" lon="4.7287140">
    <ele>310.8</ele>
   </trkpt>
   <trkpt lat="45.7040900" lon="4.7287620">
    <ele>310.8</ele>
   </trkpt>
   <trkpt lat="45.7040640" lon="4.7288080">
    <ele>310.6</ele>
   </trkpt>
   <trkpt lat="45.7040350" lon="4.7288530">
    <ele>310.6</ele>
   </trkpt>
   <trkpt lat="45.7040130" lon="4.7289000">
    <ele>310.6</ele>
   </trkpt>
   <trkpt lat="45.7039840" lon="4.7289520">
    <ele>310.6</ele>
   </trkpt>
   <trkpt lat="45.7039620" lon="4.7289980">
    <ele>310.8</ele>
   </trkpt>
   <trkpt lat="45.7039330" lon="4.7290470">
    <ele>310.8</ele>
   </trkpt>
   <trkpt lat="45.7039100" lon="4.7290960">
    <ele>310.8</ele>
   </trkpt>
   <trkpt lat="45.7038880" lon="4.7291450">
    <ele>310.6</ele>
   </trkpt>
   <trkpt lat="45.7038620" lon="4.7291960">
    <ele>310.6</ele>
   </trkpt>
   <trkpt lat="45.7038370" lon="4.7292450">
    <ele>310.6</ele>
   </trkpt>
   <trkpt lat="45.7038110" lon="4.7292970">
    <ele>310.6</ele>
   </trkpt>
   <trkpt lat="45.7037890" lon="4.7293470">
    <ele>310.8</ele>
   </trkpt>
   <trkpt lat="45.7037700" lon="4.7293970">
    <ele>310.8</ele>
   </trkpt>
   <trkpt lat="45.7037470" lon="4.7294480">
    <ele>310.8</ele>
   </trkpt>
   <trkpt lat="45.7037250" lon="4.7294960">
    <ele>310.6</ele>
   </trkpt>
   <trkpt lat="45.7036960" lon="4.7295480">
    <ele>310.8</ele>
   </trkpt>
   <trkpt lat="45.7036770" lon="4.7295980">
    <ele>310.8</ele>
   </trkpt>
   <trkpt lat="45.7036540" lon="4.7296520">
    <ele>310.8</ele>
   </trkpt>
   <trkpt lat="45.7036320" lon="4.7297080">
    <ele>310.8</ele>
   </trkpt>
   <trkpt lat="45.7036130" lon="4.7297600">
    <ele>310.8</ele>
   </trkpt>
   <trkpt lat="45.7035870" lon="4.7298140">
    <ele>310.6</ele>
   </trkpt>
   <trkpt lat="45.7035650" lon="4.7298630">
    <ele>310.6</ele>
   </trkpt>
   <trkpt lat="45.7035360" lon="4.7299160">
    <ele>310.6</ele>
   </trkpt>
   <trkpt lat="45.7035140" lon="4.7299720">
    <ele>310.4</ele>
   </trkpt>
   <trkpt lat="45.7034910" lon="4.7300330">
    <ele>310.4</ele>
   </trkpt>
   <trkpt lat="45.7034690" lon="4.7300900">
    <ele>310.4</ele>
   </trkpt>
   <trkpt lat="45.7034500" lon="4.7301420">
    <ele>310.4</ele>
   </trkpt>
   <trkpt lat="45.7034270" lon="4.7301980">
    <ele>310.4</ele>
   </trkpt>
   <trkpt lat="45.7034080" lon="4.7302530">
    <ele>310.4</ele>
   </trkpt>
   <trkpt lat="45.7033790" lon="4.7303130">
    <ele>310.2</ele>
   </trkpt>
   <trkpt lat="45.7033550" lon="4.7304000">
    <ele>310.2</ele>
   </trkpt>
   <trkpt lat="45.7033500" lon="4.7304300">
    <ele>310.2</ele>
   </trkpt>
   <trkpt lat="45.7033310" lon="4.7304900">
    <ele>310.2</ele>
   </trkpt>
   <trkpt lat="45.7033120" lon="4.7305460">
    <ele>310.4</ele>
   </trkpt>
   <trkpt lat="45.7032960" lon="4.7306060">
    <ele>310.4</ele>
   </trkpt>
   <trkpt lat="45.7032860" lon="4.7306630">
    <ele>310.4</ele>
   </trkpt>
   <trkpt lat="45.7032700" lon="4.7307230">
    <ele>310.4</ele>
   </trkpt>
   <trkpt lat="45.7032610" lon="4.7307800">
    <ele>310.4</ele>
   </trkpt>
   <trkpt lat="45.7032580" lon="4.7308380">
    <ele>310.4</ele>
   </trkpt>
   <trkpt lat="45.7032670" lon="4.7308950">
    <ele>310.4</ele>
   </trkpt>
   <trkpt lat="45.7032900" lon="4.7309460">
    <ele>310.6</ele>
   </trkpt>
   <trkpt lat="45.7033280" lon="4.7309830">
    <ele>310.8</ele>
   </trkpt>
   <trkpt lat="45.7033700" lon="4.7310230">
    <ele>310.8</ele>
   </trkpt>
   <trkpt lat="45.7034110" lon="4.7310630">
    <ele>310.6</ele>
   </trkpt>
   <trkpt lat="45.7034460" lon="4.7311000">
    <ele>310.2</ele>
   </trkpt>
   <trkpt lat="45.7034780" lon="4.7311420">
    <ele>310.2</ele>
   </trkpt>
   <trkpt lat="45.7035140" lon="4.7311820">
    <ele>310.2</ele>
   </trkpt>
   <trkpt lat="45.7035460" lon="4.7312220">
    <ele>310.2</ele>
   </trkpt>
   <trkpt lat="45.7035740" lon="4.7312650">
    <ele>310.2</ele>
   </trkpt>
   <trkpt lat="45.7036060" lon="4.7313060">
    <ele>310.4</ele>
   </trkpt>
   <trkpt lat="45.7036560" lon="4.7313660">
    <ele>310.4</ele>
   </trkpt>
   <trkpt lat="45.7036740" lon="4.7313870">
    <ele>310.4</ele>
   </trkpt>
   <trkpt lat="45.7037150" lon="4.7314230">
    <ele>310.4</ele>
   </trkpt>
   <trkpt lat="45.7037500" lon="4.7314580">
    <ele>310.2</ele>
   </trkpt>
   <trkpt lat="45.7037860" lon="4.7314950">
    <ele>310.0</ele>
   </trkpt>
   <trkpt lat="45.7038240" lon="4.7315280">
    <ele>310.0</ele>
   </trkpt>
   <trkpt lat="45.7038620" lon="4.7315620">
    <ele>310.2</ele>
   </trkpt>
   <trkpt lat="45.7039010" lon="4.7315930">
    <ele>310.4</ele>
   </trkpt>
   <trkpt lat="45.7039330" lon="4.7316230">
    <ele>310.4</ele>
   </trkpt>
   <trkpt lat="45.7039710" lon="4.7316550">
    <ele>310.4</ele>
   </trkpt>
   <trkpt lat="45.7040100" lon="4.7316800">
    <ele>310.2</ele>
   </trkpt>
   <trkpt lat="45.7040510" lon="4.7317030">
    <ele>310.2</ele>
   </trkpt>
   <trkpt lat="45.7040860" lon="4.7317320">
    <ele>310.2</ele>
   </trkpt>
   <trkpt lat="45.7041280" lon="4.7317600">
    <ele>310.4</ele>
   </trkpt>
   <trkpt lat="45.7041660" lon="4.7317830">
    <ele>310.4</ele>
   </trkpt>
   <trkpt lat="45.7042080" lon="4.7318100">
    <ele>310.4</ele>
   </trkpt>
   <trkpt lat="45.7042460" lon="4.7318370">
    <ele>310.4</ele>
   </trkpt>
   <trkpt lat="45.7042850" lon="4.7318650">
    <ele>310.4</ele>
   </trkpt>
   <trkpt lat="45.7043260" lon="4.7318920">
    <ele>310.6</ele>
   </trkpt>
   <trkpt lat="45.7043650" lon="4.7319150">
    <ele>310.6</ele>
   </trkpt>
   <trkpt lat="45.7044060" lon="4.7319430">
    <ele>310.4</ele>
   </trkpt>
   <trkpt lat="45.7044450" lon="4.7319720">
    <ele>310.4</ele>
   </trkpt>
   <trkpt lat="45.7044860" lon="4.7319960">
    <ele>310.4</ele>
   </trkpt>
   <trkpt lat="45.7045250" lon="4.7320260">
    <ele>310.4</ele>
   </trkpt>
   <trkpt lat="45.7045630" lon="4.7320500">
    <ele>310.4</ele>
   </trkpt>
   <trkpt lat="45.7046020" lon="4.7320780">
    <ele>310.2</ele>
   </trkpt>
   <trkpt lat="45.7046400" lon="4.7321020">
    <ele>310.2</ele>
   </trkpt>
   <trkpt lat="45.7046780" lon="4.7321320">
    <ele>310.2</ele>
   </trkpt>
   <trkpt lat="45.7047170" lon="4.7321580">
    <ele>310.2</ele>
   </trkpt>
   <trkpt lat="45.7047790" lon="4.7321970">
    <ele>310.4</ele>
   </trkpt>
   <trkpt lat="45.7048000" lon="4.7322100">
    <ele>310.4</ele>
   </trkpt>
   <trkpt lat="45.7048380" lon="4.7322340">
    <ele>310.4</ele>
   </trkpt>
   <trkpt lat="45.7048800" lon="4.7322640">
    <ele>310.4</ele>
   </trkpt>
   <trkpt lat="45.7049180" lon="4.7322920">
    <ele>310.4</ele>
   </trkpt>
   <trkpt lat="45.7049570" lon="4.7323230">
    <ele>310.4</ele>
   </trkpt>
   <trkpt lat="45.7049950" lon="4.7323520">
    <ele>310.4</ele>
   </trkpt>
   <trkpt lat="45.7050370" lon="4.7323750">
    <ele>310.4</ele>
   </trkpt>
   <trkpt lat="45.7050780" lon="4.7324000">
    <ele>310.4</ele>
   </trkpt>
   <trkpt lat="45.7051200" lon="4.7324270">
    <ele>310.4</ele>
   </trkpt>
   <trkpt lat="45.7051580" lon="4.7324570">
    <ele>310.4</ele>
   </trkpt>
   <trkpt lat="45.7051940" lon="4.7324850">
    <ele>310.4</ele>
   </trkpt>
   <trkpt lat="45.7052320" lon="4.7325140">
    <ele>310.2</ele>
   </trkpt>
   <trkpt lat="45.7052700" lon="4.7325420">
    <ele>310.2</ele>
   </trkpt>
   <trkpt lat="45.7053060" lon="4.7325720">
    <ele>310.2</ele>
   </trkpt>
   <trkpt lat="45.7053440" lon="4.7326030">
    <ele>310.2</ele>
   </trkpt>
   <trkpt lat="45.7053820" lon="4.7326320">
    <ele>310.0</ele>
   </trkpt>
   <trkpt lat="45.7054240" lon="4.7326600">
    <ele>310.0</ele>
   </trkpt>
   <trkpt lat="45.7054620" lon="4.7326880">
    <ele>310.0</ele>
   </trkpt>
   <trkpt lat="45.7055010" lon="4.7327180">
    <ele>310.0</ele>
   </trkpt>
   <trkpt lat="45.7055390" lon="4.7327520">
    <ele>310.0</ele>
   </trkpt>
   <trkpt lat="45.7055740" lon="4.7327780">
    <ele>310.2</ele>
   </trkpt>
   <trkpt lat="45.7056100" lon="4.7328120">
    <ele>310.2</ele>
   </trkpt>
   <trkpt lat="45.7056380" lon="4.7328450">
    <ele>310.2</ele>
   </trkpt>
   <trkpt lat="45.7056770" lon="4.7328800">
    <ele>310.0</ele>
   </trkpt>
   <trkpt lat="45.7057380" lon="4.7329350">
    <ele>310.2</ele>
   </trkpt>
   <trkpt lat="45.7057570" lon="4.7329530">
    <ele>310.0</ele>
   </trkpt>
   <trkpt lat="45.7057950" lon="4.7329950">
    <ele>310.0</ele>
   </trkpt>
   <trkpt lat="45.7058300" lon="4.7330350">
    <ele>310.0</ele>
   </trkpt>
   <trkpt lat="45.7058620" lon="4.7330730">
    <ele>310.0</ele>
   </trkpt>
   <trkpt lat="45.7058980" lon="4.7331170">
    <ele>310.0</ele>
   </trkpt>
   <trkpt lat="45.7059360" lon="4.7331580">
    <ele>310.2</ele>
   </trkpt>
   <trkpt lat="45.7059710" lon="4.7332020">
    <ele>310.2</ele>
   </trkpt>
   <trkpt lat="45.7060000" lon="4.7332500">
    <ele>310.2</ele>
   </trkpt>
   <trkpt lat="45.7060320" lon="4.7333000">
    <ele>310.2</ele>
   </trkpt>
   <trkpt lat="45.7060610" lon="4.7333450">
    <ele>310.2</ele>
   </trkpt>
   <trkpt lat="45.7060930" lon="4.7333900">
    <ele>310.2</ele>
   </trkpt>
   <trkpt lat="45.7061180" lon="4.7334360">
    <ele>310.2</ele>
   </trkpt>
   <trkpt lat="45.7061470" lon="4.7334800">
    <ele>310.2</ele>
   </trkpt>
   <trkpt lat="45.7061760" lon="4.7335230">
    <ele>310.4</ele>
   </trkpt>
   <trkpt lat="45.7062080" lon="4.7335680">
    <ele>310.4</ele>
   </trkpt>
   <trkpt lat="45.7062430" lon="4.7336150">
    <ele>310.4</ele>
   </trkpt>
   <trkpt lat="45.7062750" lon="4.7336620">
    <ele>310.4</ele>
   </trkpt>
   <trkpt lat="45.7063070" lon="4.7337080">
    <ele>310.4</ele>
   </trkpt>
   <trkpt lat="45.7063300" lon="4.7337530">
    <ele>310.4</ele>
   </trkpt>
   <trkpt lat="45.7063520" lon="4.7337980">
    <ele>310.2</ele>
   </trkpt>
   <trkpt lat="45.7063780" lon="4.7338430">
    <ele>310.2</ele>
   </trkpt>
   <trkpt lat="45.7064100" lon="4.7338870">
    <ele>310.4</ele>
   </trkpt>
   <trkpt lat="45.7064350" lon="4.7339280">
    <ele>310.6</ele>
   </trkpt>
   <trkpt lat="45.7064670" lon="4.7339720">
    <ele>310.6</ele>
   </trkpt>
   <trkpt lat="45.7065020" lon="4.7340140">
    <ele>311.0</ele>
   </trkpt>
   <trkpt lat="45.7065310" lon="4.7340550">
    <ele>311.0</ele>
   </trkpt>
   <trkpt lat="45.7065660" lon="4.7340960">
    <ele>311.0</ele>
   </trkpt>
   <trkpt lat="45.7066020" lon="4.7341360">
    <ele>311.0</ele>
   </trkpt>
   <trkpt lat="45.7066480" lon="4.7341990">
    <ele>311.0</ele>
   </trkpt>
   <trkpt lat="45.7066660" lon="4.7342200">
    <ele>311.2</ele>
   </trkpt>
   <trkpt lat="45.7066940" lon="4.7342600">
    <ele>311.6</ele>
   </trkpt>
   <trkpt lat="45.7067260" lon="4.7343000">
    <ele>311.6</ele>
   </trkpt>
   <trkpt lat="45.7067550" lon="4.7343400">
    <ele>311.8</ele>
   </trkpt>
   <trkpt lat="45.7067870" lon="4.7343840">
    <ele>312.0</ele>
   </trkpt>
   <trkpt lat="45.7068190" lon="4.7344200">
    <ele>312.0</ele>
   </trkpt>
   <trkpt lat="45.7068480" lon="4.7344580">
    <ele>312.0</ele>
   </trkpt>
   <trkpt lat="45.7068740" lon="4.7344980">
    <ele>312.2</ele>
   </trkpt>
   <trkpt lat="45.7069020" lon="4.7345370">
    <ele>312.2</ele>
   </trkpt>
   <trkpt lat="45.7069310" lon="4.7345750">
    <ele>312.4</ele>
   </trkpt>
   <trkpt lat="45.7069630" lon="4.7346120">
    <ele>312.4</ele>
   </trkpt>
   <trkpt lat="45.7069890" lon="4.7346480">
    <ele>312.4</ele>
   </trkpt>
   <trkpt lat="45.7070210" lon="4.7346850">
    <ele>312.4</ele>
   </trkpt>
   <trkpt lat="45.7070590" lon="4.7347220">
    <ele>312.4</ele>
   </trkpt>
   <trkpt lat="45.7070910" lon="4.7347560">
    <ele>312.4</ele>
   </trkpt>
   <trkpt lat="45.7071300" lon="4.7347860">
    <ele>312.8</ele>
   </trkpt>
   <trkpt lat="45.7071680" lon="4.7348180">
    <ele>312.8</ele>
   </trkpt>
   <trkpt lat="45.7072030" lon="4.7348520">
    <ele>313.0</ele>
   </trkpt>
   <trkpt lat="45.7072420" lon="4.7348870">
    <ele>313.0</ele>
   </trkpt>
   <trkpt lat="45.7072900" lon="4.7349400">
    <ele>313.0</ele>
   </trkpt>
   <trkpt lat="45.7073090" lon="4.7349580">
    <ele>313.2</ele>
   </trkpt>
   <trkpt lat="45.7073440" lon="4.7349970">
    <ele>313.2</ele>
   </trkpt>
   <trkpt lat="45.7073790" lon="4.7350340">
    <ele>313.6</ele>
   </trkpt>
   <trkpt lat="45.7074110" lon="4.7350750">
    <ele>313.6</ele>
   </trkpt>
   <trkpt lat="45.7074430" lon="4.7351130">
    <ele>313.6</ele>
   </trkpt>
   <trkpt lat="45.7074820" lon="4.7351530">
    <ele>313.6</ele>
   </trkpt>
   <trkpt lat="45.7075170" lon="4.7351860">
    <ele>313.6</ele>
   </trkpt>
   <trkpt lat="45.7075490" lon="4.7352100">
    <ele>313.8</ele>
   </trkpt>
   <trkpt lat="45.7075870" lon="4.7352180">
    <ele>313.8</ele>
   </trkpt>
   <trkpt lat="45.7076190" lon="4.7352070">
    <ele>313.6</ele>
   </trkpt>
   <trkpt lat="45.7076290" lon="4.7351760">
    <ele>313.6</ele>
   </trkpt>
   <trkpt lat="45.7076380" lon="4.7351200">
    <ele>313.6</ele>
   </trkpt>
   <trkpt lat="45.7076420" lon="4.7350640">
    <ele>313.6</ele>
   </trkpt>
   <trkpt lat="45.7076450" lon="4.7350040">
    <ele>313.6</ele>
   </trkpt>
   <trkpt lat="45.7076540" lon="4.7349430">
    <ele>313.8</ele>
   </trkpt>
   <trkpt lat="45.7076610" lon="4.7348830">
    <ele>314.0</ele>
   </trkpt>
   <trkpt lat="45.7076740" lon="4.7348260">
    <ele>314.0</ele>
   </trkpt>
   <trkpt lat="45.7076800" lon="4.7347630">
    <ele>314.2</ele>
   </trkpt>
   <trkpt lat="45.7076900" lon="4.7347050">
    <ele>314.2</ele>
   </trkpt>
   <trkpt lat="45.7077020" lon="4.7346440">
    <ele>314.0</ele>
   </trkpt>
   <trkpt lat="45.7077220" lon="4.7345880">
    <ele>314.0</ele>
   </trkpt>
   <trkpt lat="45.7077470" lon="4.7345380">
    <ele>314.0</ele>
   </trkpt>
   <trkpt lat="45.7077820" lon="4.7344920">
    <ele>314.2</ele>
   </trkpt>
   <trkpt lat="45.7078050" lon="4.7344400">
    <ele>314.0</ele>
   </trkpt>
   <trkpt lat="45.7078210" lon="4.7343800">
    <ele>314.0</ele>
   </trkpt>
   <trkpt lat="45.7078270" lon="4.7343200">
    <ele>313.8</ele>
   </trkpt>
   <trkpt lat="45.7078400" lon="4.7342580">
    <ele>313.6</ele>
   </trkpt>
   <trkpt lat="45.7078530" lon="4.7341970">
    <ele>313.4</ele>
   </trkpt>
   <trkpt lat="45.7078720" lon="4.7341000">
    <ele>313.4</ele>
   </trkpt>
   <trkpt lat="45.7078780" lon="4.7340680">
    <ele>313.2</ele>
   </trkpt>
   <trkpt lat="45.7078940" lon="4.7340070">
    <ele>312.6</ele>
   </trkpt>
   <trkpt lat="45.7079040" lon="4.7339470">
    <ele>312.6</ele>
   </trkpt>
   <trkpt lat="45.7079200" lon="4.7338820">
    <ele>312.4</ele>
   </trkpt>
   <trkpt lat="45.7079330" lon="4.7338180">
    <ele>312.4</ele>
   </trkpt>
   <trkpt lat="45.7079460" lon="4.7337530">
    <ele>312.0</ele>
   </trkpt>
   <trkpt lat="45.7079580" lon="4.7336930">
    <ele>311.8</ele>
   </trkpt>
   <trkpt lat="45.7079740" lon="4.7336300">
    <ele>311.4</ele>
   </trkpt>
   <trkpt lat="45.7079970" lon="4.7335750">
    <ele>311.2</ele>
   </trkpt>
   <trkpt lat="45.7080260" lon="4.7335330">
    <ele>311.2</ele>
   </trkpt>
   <trkpt lat="45.7080640" lon="4.7335070">
    <ele>310.6</ele>
   </trkpt>
   <trkpt lat="45.7081020" lon="4.7334980">
    <ele>310.6</ele>
   </trkpt>
   <trkpt lat="45.7081440" lon="4.7334970">
    <ele>310.4</ele>
   </trkpt>
   <trkpt lat="45.7081730" lon="4.7334750">
    <ele>310.0</ele>
   </trkpt>
   <trkpt lat="45.7081920" lon="4.7334300">
    <ele>309.8</ele>
   </trkpt>
   <trkpt lat="45.7082020" lon="4.7333760">
    <ele>309.8</ele>
   </trkpt>
   <trkpt lat="45.7082140" lon="4.7333220">
    <ele>310.0</ele>
   </trkpt>
   <trkpt lat="45.7082370" lon="4.7332870">
    <ele>310.2</ele>
   </trkpt>
   <trkpt lat="45.7082620" lon="4.7332770">
    <ele>310.2</ele>
   </trkpt>
   <trkpt lat="45.7082910" lon="4.7332820">
    <ele>310.0</ele>
   </trkpt>
   <trkpt lat="45.7083140" lon="4.7333000">
    <ele>310.0</ele>
   </trkpt>
   <trkpt lat="45.7083300" lon="4.7333140">
    <ele>310.0</ele>
   </trkpt>
   <trkpt lat="45.7083360" lon="4.7333380">
    <ele>310.2</ele>
   </trkpt>
   <trkpt lat="45.7083360" lon="4.7333380">
    <ele>310.4</ele>
   </trkpt>
   <trkpt lat="45.7083360" lon="4.7333380">
    <ele>310.4</ele>
   </trkpt>
   <trkpt lat="45.7083040" lon="4.7333530">
    <ele>310.0</ele>
   </trkpt>
   <trkpt lat="45.7082590" lon="4.7334120">
    <ele>310.0</ele>
   </trkpt>
   <trkpt lat="45.7081980" lon="4.7334030">
    <ele>310.2</ele>
   </trkpt>
   <trkpt lat="45.7081500" lon="4.7334430">
    <ele>310.4</ele>
   </trkpt>
   <trkpt lat="45.7081020" lon="4.7335130">
    <ele>310.4</ele>
   </trkpt>
   <trkpt lat="45.7080640" lon="4.7335740">
    <ele>310.2</ele>
   </trkpt>
   <trkpt lat="45.7080320" lon="4.7336470">
    <ele>310.2</ele>
   </trkpt>
   <trkpt lat="45.7080060" lon="4.7337120">
    <ele>310.2</ele>
   </trkpt>
   <trkpt lat="45.7079840" lon="4.7337830">
    <ele>310.4</ele>
   </trkpt>
   <trkpt lat="45.7079710" lon="4.7338450">
    <ele>310.6</ele>
   </trkpt>
   <trkpt lat="45.7079580" lon="4.7339070">
    <ele>310.6</ele>
   </trkpt>
   <trkpt lat="45.7079420" lon="4.7339640">
    <ele>310.8</ele>
   </trkpt>
   <trkpt lat="45.7079330" lon="4.7340200">
    <ele>311.0</ele>
   </trkpt>
   <trkpt lat="45.7079200" lon="4.7340760">
    <ele>311.2</ele>
   </trkpt>
   <trkpt lat="45.7079070" lon="4.7341330">
    <ele>311.2</ele>
   </trkpt>
   <trkpt lat="45.7079010" lon="4.7341870">
    <ele>311.4</ele>
   </trkpt>
   <trkpt lat="45.7078850" lon="4.7342420">
    <ele>311.8</ele>
   </trkpt>
   <trkpt lat="45.7078780" lon="4.7342940">
    <ele>311.8</ele>
   </trkpt>
   <trkpt lat="45.7078620" lon="4.7343450">
    <ele>312.0</ele>
   </trkpt>
   <trkpt lat="45.7078460" lon="4.7343950">
    <ele>312.4</ele>
   </trkpt>
   <trkpt lat="45.7078340" lon="4.7344450">
    <ele>312.6</ele>
   </trkpt>
   <trkpt lat="45.7078080" lon="4.7344950">
    <ele>313.2</ele>
   </trkpt>
   <trkpt lat="45.7077820" lon="4.7345330">
    <ele>313.8</ele>
   </trkpt>
   <trkpt lat="45.7077540" lon="4.7345770">
    <ele>313.8</ele>
   </trkpt>
   <trkpt lat="45.7077340" lon="4.7346150">
    <ele>313.8</ele>
   </trkpt>
   <trkpt lat="45.7077090" lon="4.7346960">
    <ele>313.8</ele>
   </trkpt>
   <trkpt lat="45.7077020" lon="4.7347230">
    <ele>313.8</ele>
   </trkpt>
   <trkpt lat="45.7076900" lon="4.7347820">
    <ele>313.8</ele>
   </trkpt>
   <trkpt lat="45.7076800" lon="4.7348380">
    <ele>314.6</ele>
   </trkpt>
   <trkpt lat="45.7076670" lon="4.7348930">
    <ele>314.6</ele>
   </trkpt>
   <trkpt lat="45.7076610" lon="4.7349540">
    <ele>314.6</ele>
   </trkpt>
   <trkpt lat="45.7076540" lon="4.7350100">
    <ele>314.6</ele>
   </trkpt>
   <trkpt lat="45.7076420" lon="4.7350730">
    <ele>314.6</ele>
   </trkpt>
   <trkpt lat="45.7076290" lon="4.7351330">
    <ele>314.8</ele>
   </trkpt>
   <trkpt lat="45.7076190" lon="4.7351950">
    <ele>314.8</ele>
   </trkpt>
   <trkpt lat="45.7076030" lon="4.7352520">
    <ele>314.8</ele>
   </trkpt>
   <trkpt lat="45.7075780" lon="4.7352930">
    <ele>314.8</ele>
   </trkpt>
   <trkpt lat="45.7075260" lon="4.7353100">
    <ele>314.8</ele>
   </trkpt>
   <trkpt lat="45.7074820" lon="4.7353100">
    <ele>314.8</ele>
   </trkpt>
   <trkpt lat="45.7074300" lon="4.7352750">
    <ele>314.8</ele>
   </trkpt>
   <trkpt lat="45.7073890" lon="4.7352350">
    <ele>314.2</ele>
   </trkpt>
   <trkpt lat="45.7073500" lon="4.7351850">
    <ele>314.0</ele>
   </trkpt>
   <trkpt lat="45.7073120" lon="4.7351420">
    <ele>314.0</ele>
   </trkpt>
   <trkpt lat="45.7072770" lon="4.7350950">
    <ele>314.0</ele>
   </trkpt>
   <trkpt lat="45.7072420" lon="4.7350520">
    <ele>313.8</ele>
   </trkpt>
   <trkpt lat="45.7072060" lon="4.7350140">
    <ele>313.8</ele>
   </trkpt>
   <trkpt lat="45.7071780" lon="4.7349740">
    <ele>313.8</ele>
   </trkpt>
   <trkpt lat="45.7071420" lon="4.7349370">
    <ele>313.8</ele>
   </trkpt>
   <trkpt lat="45.7071100" lon="4.7348980">
    <ele>313.6</ele>
   </trkpt>
   <trkpt lat="45.7070820" lon="4.7348630">
    <ele>313.6</ele>
   </trkpt>
   <trkpt lat="45.7070460" lon="4.7348260">
    <ele>313.6</ele>
   </trkpt>
   <trkpt lat="45.7069950" lon="4.7347750">
    <ele>313.4</ele>
   </trkpt>
   <trkpt lat="45.7069790" lon="4.7347580">
    <ele>313.4</ele>
   </trkpt>
   <trkpt lat="45.7069340" lon="4.7347160">
    <ele>313.2</ele>
   </trkpt>
   <trkpt lat="45.7069020" lon="4.7346770">
    <ele>313.2</ele>
   </trkpt>
   <trkpt lat="45.7068640" lon="4.7346340">
    <ele>313.6</ele>
   </trkpt>
   <trkpt lat="45.7068260" lon="4.7345970">
    <ele>313.6</ele>
   </trkpt>
   <trkpt lat="45.7067900" lon="4.7345550">
    <ele>313.4</ele>
   </trkpt>
   <trkpt lat="45.7067550" lon="4.7345120">
    <ele>313.0</ele>
   </trkpt>
   <trkpt lat="45.7067260" lon="4.7344660">
    <ele>313.0</ele>
   </trkpt>
   <trkpt lat="45.7067010" lon="4.7344220">
    <ele>313.0</ele>
   </trkpt>
   <trkpt lat="45.7066690" lon="4.7343770">
    <ele>312.6</ele>
   </trkpt>
   <trkpt lat="45.7066370" lon="4.7343370">
    <ele>312.6</ele>
   </trkpt>
   <trkpt lat="45.7066020" lon="4.7342920">
    <ele>312.6</ele>
   </trkpt>
   <trkpt lat="45.7065660" lon="4.7342450">
    <ele>312.2</ele>
   </trkpt>
   <trkpt lat="45.7065340" lon="4.7342020">
    <ele>312.2</ele>
   </trkpt>
   <trkpt lat="45.7065060" lon="4.7341550">
    <ele>312.2</ele>
   </trkpt>
   <trkpt lat="45.7064700" lon="4.7341120">
    <ele>312.2</ele>
   </trkpt>
   <trkpt lat="45.7064380" lon="4.7340650">
    <ele>312.2</ele>
   </trkpt>
   <trkpt lat="45.7064060" lon="4.7340200">
    <ele>311.8</ele>
   </trkpt>
   <trkpt lat="45.7063740" lon="4.7339740">
    <ele>311.6</ele>
   </trkpt>
   <trkpt lat="45.7063490" lon="4.7339280">
    <ele>311.6</ele>
   </trkpt>
   <trkpt lat="45.7063170" lon="4.7338830">
    <ele>311.4</ele>
   </trkpt>
   <trkpt lat="45.7062880" lon="4.7338380">
    <ele>311.4</ele>
   </trkpt>
   <trkpt lat="45.7062530" lon="4.7337950">
    <ele>311.2</ele>
   </trkpt>
   <trkpt lat="45.7062240" lon="4.7337500">
    <ele>311.2</ele>
   </trkpt>
   <trkpt lat="45.7061920" lon="4.7337080">
    <ele>311.2</ele>
   </trkpt>
   <trkpt lat="45.7061470" lon="4.7336460">
    <ele>311.0</ele>
   </trkpt>
   <trkpt lat="45.7061340" lon="4.7336270">
    <ele>311.0</ele>
   </trkpt>
   <trkpt lat="45.7061060" lon="4.7335840">
    <ele>311.0</ele>
   </trkpt>
   <trkpt lat="45.7060740" lon="4.7335400">
    <ele>310.8</ele>
   </trkpt>
   <trkpt lat="45.7060380" lon="4.7334930">
    <ele>310.8</ele>
   </trkpt>
   <trkpt lat="45.7060060" lon="4.7334460">
    <ele>310.4</ele>
   </trkpt>
   <trkpt lat="45.7059740" lon="4.7334000">
    <ele>310.4</ele>
   </trkpt>
   <trkpt lat="45.7059390" lon="4.7333530">
    <ele>310.2</ele>
   </trkpt>
   <trkpt lat="45.7059070" lon="4.7333070">
    <ele>310.2</ele>
   </trkpt>
   <trkpt lat="45.7058750" lon="4.7332600">
    <ele>310.2</ele>
   </trkpt>
   <trkpt lat="45.7058400" lon="4.7332180">
    <ele>310.2</ele>
   </trkpt>
   <trkpt lat="45.7058080" lon="4.7331750">
    <ele>310.4</ele>
   </trkpt>
   <trkpt lat="45.7057730" lon="4.7331300">
    <ele>310.4</ele>
   </trkpt>
   <trkpt lat="45.7057410" lon="4.7330850">
    <ele>310.4</ele>
   </trkpt>
   <trkpt lat="45.7057120" lon="4.7330420">
    <ele>310.2</ele>
   </trkpt>
   <trkpt lat="45.7056770" lon="4.7330020">
    <ele>310.2</ele>
   </trkpt>
   <trkpt lat="45.7056420" lon="4.7329620">
    <ele>310.4</ele>
   </trkpt>
   <trkpt lat="45.7056130" lon="4.7329270">
    <ele>310.4</ele>
   </trkpt>
   <trkpt lat="45.7055840" lon="4.7328920">
    <ele>310.2</ele>
   </trkpt>
   <trkpt lat="45.7055520" lon="4.7328580">
    <ele>310.2</ele>
   </trkpt>
   <trkpt lat="45.7054950" lon="4.7328060">
    <ele>310.2</ele>
   </trkpt>
   <trkpt lat="45.7054750" lon="4.7327900">
    <ele>310.0</ele>
   </trkpt>
   <trkpt lat="45.7054340" lon="4.7327580">
    <ele>310.0</ele>
   </trkpt>
   <trkpt lat="45.7053920" lon="4.7327300">
    <ele>310.0</ele>
   </trkpt>
   <trkpt lat="45.7053540" lon="4.7327000">
    <ele>310.2</ele>
   </trkpt>
   <trkpt lat="45.7053120" lon="4.7326720">
    <ele>310.2</ele>
   </trkpt>
   <trkpt lat="45.7052740" lon="4.7326480">
    <ele>310.2</ele>
   </trkpt>
   <trkpt lat="45.7052380" lon="4.7326180">
    <ele>310.2</ele>
   </trkpt>
   <trkpt lat="45.7052000" lon="4.7325880">
    <ele>310.2</ele>
   </trkpt>
   <trkpt lat="45.7051620" lon="4.7325580">
    <ele>310.2</ele>
   </trkpt>
   <trkpt lat="45.7051260" lon="4.7325320">
    <ele>310.2</ele>
   </trkpt>
   <trkpt lat="45.7050880" lon="4.7325050">
    <ele>310.2</ele>
   </trkpt>
   <trkpt lat="45.7050530" lon="4.7324770">
    <ele>310.4</ele>
   </trkpt>
   <trkpt lat="45.7050140" lon="4.7324530">
    <ele>310.4</ele>
   </trkpt>
   <trkpt lat="45.7049730" lon="4.7324280">
    <ele>310.4</ele>
   </trkpt>
   <trkpt lat="45.7049340" lon="4.7324080">
    <ele>310.6</ele>
   </trkpt>
   <trkpt lat="45.7048960" lon="4.7323820">
    <ele>310.6</ele>
   </trkpt>
   <trkpt lat="45.7048580" lon="4.7323550">
    <ele>310.6</ele>
   </trkpt>
   <trkpt lat="45.7048190" lon="4.7323260">
    <ele>310.8</ele>
   </trkpt>
   <trkpt lat="45.7047810" lon="4.7323020">
    <ele>310.8</ele>
   </trkpt>
   <trkpt lat="45.7047390" lon="4.7322730">
    <ele>310.8</ele>
   </trkpt>
   <trkpt lat="45.7047010" lon="4.7322480">
    <ele>310.8</ele>
   </trkpt>
   <trkpt lat="45.7046590" lon="4.7322220">
    <ele>311.0</ele>
   </trkpt>
   <trkpt lat="45.7046210" lon="4.7321950">
    <ele>311.0</ele>
   </trkpt>
   <trkpt lat="45.7045820" lon="4.7321700">
    <ele>311.0</ele>
   </trkpt>
   <trkpt lat="45.7045440" lon="4.7321420">
    <ele>311.0</ele>
   </trkpt>
   <trkpt lat="45.7045060" lon="4.7321150">
    <ele>311.0</ele>
   </trkpt>
   <trkpt lat="45.7044670" lon="4.7320880">
    <ele>311.0</ele>
   </trkpt>
   <trkpt lat="45.7044110" lon="4.7320470">
    <ele>311.0</ele>
   </trkpt>
   <trkpt lat="45.7043900" lon="4.7320330">
    <ele>311.0</ele>
   </trkpt>
   <trkpt lat="45.7043580" lon="4.7320080">
    <ele>311.2</ele>
   </trkpt>
   <trkpt lat="45.7043140" lon="4.7319850">
    <ele>311.2</ele>
   </trkpt>
   <trkpt lat="45.7042720" lon="4.7319620">
    <ele>311.4</ele>
   </trkpt>
   <trkpt lat="45.7042340" lon="4.7319350">
    <ele>311.4</ele>
   </trkpt>
   <trkpt lat="45.7041980" lon="4.7319050">
    <ele>311.4</ele>
   </trkpt>
   <trkpt lat="45.7041540" lon="4.7318740">
    <ele>311.4</ele>
   </trkpt>
   <trkpt lat="45.7041180" lon="4.7318420">
    <ele>311.4</ele>
   </trkpt>
   <trkpt lat="45.7040830" lon="4.7318120">
    <ele>311.4</ele>
   </trkpt>
   <trkpt lat="45.7040450" lon="4.7317850">
    <ele>311.4</ele>
   </trkpt>
   <trkpt lat="45.7040060" lon="4.7317580">
    <ele>311.4</ele>
   </trkpt>
   <trkpt lat="45.7039680" lon="4.7317300">
    <ele>311.4</ele>
   </trkpt>
   <trkpt lat="45.7039300" lon="4.7317020">
    <ele>311.0</ele>
   </trkpt>
   <trkpt lat="45.7038910" lon="4.7316730">
    <ele>310.8</ele>
   </trkpt>
   <trkpt lat="45.7038560" lon="4.7316420">
    <ele>311.0</ele>
   </trkpt>
   <trkpt lat="45.7038240" lon="4.7316100">
    <ele>311.4</ele>
   </trkpt>
   <trkpt lat="45.7037860" lon="4.7315770">
    <ele>311.4</ele>
   </trkpt>
   <trkpt lat="45.7037470" lon="4.7315440">
    <ele>311.4</ele>
   </trkpt>
   <trkpt lat="45.7037120" lon="4.7315120">
    <ele>311.4</ele>
   </trkpt>
   <trkpt lat="45.7036770" lon="4.7314740">
    <ele>311.4</ele>
   </trkpt>
   <trkpt lat="45.7036450" lon="4.7314350">
    <ele>311.2</ele>
   </trkpt>
   <trkpt lat="45.7036100" lon="4.7313970">
    <ele>311.0</ele>
   </trkpt>
   <trkpt lat="45.7035740" lon="4.7313600">
    <ele>311.0</ele>
   </trkpt>
   <trkpt lat="45.7035460" lon="4.7313200">
    <ele>311.0</ele>
   </trkpt>
   <trkpt lat="45.7035140" lon="4.7312830">
    <ele>311.2</ele>
   </trkpt>
   <trkpt lat="45.7034780" lon="4.7312430">
    <ele>311.2</ele>
   </trkpt>
   <trkpt lat="45.7034500" lon="4.7312050">
    <ele>311.4</ele>
   </trkpt>
   <trkpt lat="45.7034140" lon="4.7311620">
    <ele>311.4</ele>
   </trkpt>
   <trkpt lat="45.7033860" lon="4.7311220">
    <ele>311.4</ele>
   </trkpt>
   <trkpt lat="45.7033330" lon="4.7310690">
    <ele>311.4</ele>
   </trkpt>
   <trkpt lat="45.7033150" lon="4.7310570">
    <ele>311.4</ele>
   </trkpt>
   <trkpt lat="45.7032800" lon="4.7310450">
    <ele>311.4</ele>
   </trkpt>
   <trkpt lat="45.7032480" lon="4.7310530">
    <ele>311.4</ele>
   </trkpt>
   <trkpt lat="45.7032190" lon="4.7310870">
    <ele>311.6</ele>
   </trkpt>
   <trkpt lat="45.7031970" lon="4.7311400">
    <ele>311.8</ele>
   </trkpt>
   <trkpt lat="45.7031780" lon="4.7311950">
    <ele>311.8</ele>
   </trkpt>
   <trkpt lat="45.7031580" lon="4.7312560">
    <ele>311.8</ele>
   </trkpt>
   <trkpt lat="45.7031460" lon="4.7313220">
    <ele>311.8</ele>
   </trkpt>
   <trkpt lat="45.7031330" lon="4.7313870">
    <ele>311.8</ele>
   </trkpt>
   <trkpt lat="45.7031200" lon="4.7314520">
    <ele>311.8</ele>
   </trkpt>
   <trkpt lat="45.7031100" lon="4.7315150">
    <ele>311.6</ele>
   </trkpt>
   <trkpt lat="45.7030980" lon="4.7315770">
    <ele>311.6</ele>
   </trkpt>
   <trkpt lat="45.7030880" lon="4.7316400">
    <ele>311.6</ele>
   </trkpt>
   <trkpt lat="45.7030780" lon="4.7317000">
    <ele>311.6</ele>
   </trkpt>
   <trkpt lat="45.7030720" lon="4.7317600">
    <ele>311.6</ele>
   </trkpt>
   <trkpt lat="45.7030620" lon="4.7318170">
    <ele>311.6</ele>
   </trkpt>
   <trkpt lat="45.7030590" lon="4.7318750">
    <ele>311.6</ele>
   </trkpt>
   <trkpt lat="45.7030530" lon="4.7319360">
    <ele>311.8</ele>
   </trkpt>
   <trkpt lat="45.7030460" lon="4.7320000">
    <ele>311.6</ele>
   </trkpt>
   <trkpt lat="45.7030370" lon="4.7320650">
    <ele>311.6</ele>
   </trkpt>
   <trkpt lat="45.7030300" lon="4.7321280">
    <ele>311.6</ele>
   </trkpt>
   <trkpt lat="45.7030270" lon="4.7321940">
    <ele>311.6</ele>
   </trkpt>
   <trkpt lat="45.7030160" lon="4.7322850">
    <ele>311.4</ele>
   </trkpt>
   <trkpt lat="45.7030140" lon="4.7323160">
    <ele>311.4</ele>
   </trkpt>
   <trkpt lat="45.7030140" lon="4.7323780">
    <ele>311.4</ele>
   </trkpt>
   <trkpt lat="45.7030080" lon="4.7324420">
    <ele>311.6</ele>
   </trkpt>
   <trkpt lat="45.7030080" lon="4.7325040">
    <ele>311.4</ele>
   </trkpt>
   <trkpt lat="45.7029980" lon="4.7325640">
    <ele>311.4</ele>
   </trkpt>
   <trkpt lat="45.7029950" lon="4.7326230">
    <ele>311.2</ele>
   </trkpt>
   <trkpt lat="45.7029920" lon="4.7326830">
    <ele>311.2</ele>
   </trkpt>
   <trkpt lat="45.7029920" lon="4.7327470">
    <ele>311.2</ele>
   </trkpt>
   <trkpt lat="45.7029820" lon="4.7328070">
    <ele>311.2</ele>
   </trkpt>
   <trkpt lat="45.7029760" lon="4.7328720">
    <ele>310.4</ele>
   </trkpt>
   <trkpt lat="45.7029730" lon="4.7329320">
    <ele>310.4</ele>
   </trkpt>
   <trkpt lat="45.7029630" lon="4.7329950">
    <ele>310.4</ele>
   </trkpt>
   <trkpt lat="45.7029600" lon="4.7330550">
    <ele>310.4</ele>
   </trkpt>
   <trkpt lat="45.7029540" lon="4.7331180">
    <ele>310.4</ele>
   </trkpt>
   <trkpt lat="45.7029540" lon="4.7331800">
    <ele>310.4</ele>
   </trkpt>
   <trkpt lat="45.7029410" lon="4.7332440">
    <ele>310.4</ele>
   </trkpt>
   <trkpt lat="45.7029380" lon="4.7333030">
    <ele>310.4</ele>
   </trkpt>
   <trkpt lat="45.7029340" lon="4.7333660">
    <ele>310.2</ele>
   </trkpt>
   <trkpt lat="45.7029310" lon="4.7334320">
    <ele>310.4</ele>
   </trkpt>
   <trkpt lat="45.7029280" lon="4.7334930">
    <ele>310.4</ele>
   </trkpt>
   <trkpt lat="45.7029280" lon="4.7335570">
    <ele>310.4</ele>
   </trkpt>
   <trkpt lat="45.7029280" lon="4.7336180">
    <ele>310.6</ele>
   </trkpt>
   <trkpt lat="45.7029280" lon="4.7336820">
    <ele>310.8</ele>
   </trkpt>
   <trkpt lat="45.7029280" lon="4.7337420">
    <ele>310.6</ele>
   </trkpt>
   <trkpt lat="45.7029280" lon="4.7338070">
    <ele>310.6</ele>
   </trkpt>
   <trkpt lat="45.7029340" lon="4.7338670">
    <ele>310.4</ele>
   </trkpt>
   <trkpt lat="45.7029380" lon="4.7339300">
    <ele>310.4</ele>
   </trkpt>
   <trkpt lat="45.7029410" lon="4.7339900">
    <ele>310.2</ele>
   </trkpt>
   <trkpt lat="45.7029470" lon="4.7340550">
    <ele>310.2</ele>
   </trkpt>
   <trkpt lat="45.7029540" lon="4.7341160">
    <ele>310.0</ele>
   </trkpt>
   <trkpt lat="45.7029570" lon="4.7341800">
    <ele>310.0</ele>
   </trkpt>
   <trkpt lat="45.7029600" lon="4.7342400">
    <ele>310.0</ele>
   </trkpt>
   <trkpt lat="45.7029630" lon="4.7343040">
    <ele>309.8</ele>
   </trkpt>
   <trkpt lat="45.7029720" lon="4.7343920">
    <ele>309.8</ele>
   </trkpt>
   <trkpt lat="45.7029730" lon="4.7344220">
    <ele>309.8</ele>
   </trkpt>
   <trkpt lat="45.7029700" lon="4.7344830">
    <ele>310.0</ele>
   </trkpt>
   <trkpt lat="45.7029630" lon="4.7345450">
    <ele>310.0</ele>
   </trkpt>
   <trkpt lat="45.7029570" lon="4.7346080">
    <ele>310.0</ele>
   </trkpt>
   <trkpt lat="45.7029540" lon="4.7346700">
    <ele>309.8</ele>
   </trkpt>
   <trkpt lat="45.7029500" lon="4.7347350">
    <ele>310.0</ele>
   </trkpt>
   <trkpt lat="45.7029410" lon="4.7347960">
    <ele>310.0</ele>
   </trkpt>
   <trkpt lat="45.7029310" lon="4.7348570">
    <ele>310.0</ele>
   </trkpt>
   <trkpt lat="45.7029150" lon="4.7349170">
    <ele>310.0</ele>
   </trkpt>
   <trkpt lat="45.7029020" lon="4.7349750">
    <ele>310.0</ele>
   </trkpt>
   <trkpt lat="45.7028900" lon="4.7350320">
    <ele>310.0</ele>
   </trkpt>
   <trkpt lat="45.7028700" lon="4.7350860">
    <ele>310.0</ele>
   </trkpt>
   <trkpt lat="45.7028510" lon="4.7351420">
    <ele>310.2</ele>
   </trkpt>
   <trkpt lat="45.7028290" lon="4.7351920">
    <ele>310.2</ele>
   </trkpt>
   <trkpt lat="45.7028030" lon="4.7352470">
    <ele>310.4</ele>
   </trkpt>
   <trkpt lat="45.7027840" lon="4.7352970">
    <ele>310.2</ele>
   </trkpt>
   <trkpt lat="45.7027550" lon="4.7353500">
    <ele>310.2</ele>
   </trkpt>
   <trkpt lat="45.7027330" lon="4.7354020">
    <ele>310.0</ele>
   </trkpt>
   <trkpt lat="45.7027100" lon="4.7354530">
    <ele>309.8</ele>
   </trkpt>
   <trkpt lat="45.7026820" lon="4.7355050">
    <ele>309.8</ele>
   </trkpt>
   <trkpt lat="45.7026620" lon="4.7355580">
    <ele>309.8</ele>
   </trkpt>
   <trkpt lat="45.7026500" lon="4.7356130">
    <ele>309.8</ele>
   </trkpt>
   <trkpt lat="45.7026300" lon="4.7356740">
    <ele>310.0</ele>
   </trkpt>
   <trkpt lat="45.7026140" lon="4.7357320">
    <ele>310.2</ele>
   </trkpt>
   <trkpt lat="45.7025980" lon="4.7357900">
    <ele>310.4</ele>
   </trkpt>
   <trkpt lat="45.7025920" lon="4.7358460">
    <ele>310.4</ele>
   </trkpt>
   <trkpt lat="45.7025790" lon="4.7359050">
    <ele>310.8</ele>
   </trkpt>
   <trkpt lat="45.7025730" lon="4.7359650">
    <ele>310.8</ele>
   </trkpt>
   <trkpt lat="45.7025550" lon="4.7360540">
    <ele>311.0</ele>
   </trkpt>
   <trkpt lat="45.7025500" lon="4.7360840">
    <ele>311.0</ele>
   </trkpt>
   <trkpt lat="45.7025410" lon="4.7361480">
    <ele>311.2</ele>
   </trkpt>
   <trkpt lat="45.7025340" lon="4.7362050">
    <ele>311.4</ele>
   </trkpt>
   <trkpt lat="45.7025310" lon="4.7362620">
    <ele>311.6</ele>
   </trkpt>
   <trkpt lat="45.7025250" lon="4.7363100">
    <ele>311.6</ele>
   </trkpt>
   <trkpt lat="45.7025180" lon="4.7363640">
    <ele>311.6</ele>
   </trkpt>
   <trkpt lat="45.7025180" lon="4.7364180">
    <ele>311.6</ele>
   </trkpt>
   <trkpt lat="45.7025150" lon="4.7364750">
    <ele>311.8</ele>
   </trkpt>
   <trkpt lat="45.7025150" lon="4.7365330">
    <ele>312.0</ele>
   </trkpt>
   <trkpt lat="45.7025120" lon="4.7365860">
    <ele>312.2</ele>
   </trkpt>
   <trkpt lat="45.7025150" lon="4.7366430">
    <ele>312.2</ele>
   </trkpt>
   <trkpt lat="45.7025180" lon="4.7366980">
    <ele>312.6</ele>
   </trkpt>
   <trkpt lat="45.7025150" lon="4.7367540">
    <ele>313.0</ele>
   </trkpt>
   <trkpt lat="45.7025120" lon="4.7368050">
    <ele>313.2</ele>
   </trkpt>
   <trkpt lat="45.7025060" lon="4.7368600">
    <ele>313.2</ele>
   </trkpt>
   <trkpt lat="45.7025060" lon="4.7369120">
    <ele>313.4</ele>
   </trkpt>
   <trkpt lat="45.7024990" lon="4.7369670">
    <ele>313.6</ele>
   </trkpt>
   <trkpt lat="45.7024960" lon="4.7370180">
    <ele>313.8</ele>
   </trkpt>
   <trkpt lat="45.7024930" lon="4.7370700">
    <ele>314.2</ele>
   </trkpt>
   <trkpt lat="45.7024830" lon="4.7371170">
    <ele>314.6</ele>
   </trkpt>
   <trkpt lat="45.7024770" lon="4.7371680">
    <ele>314.6</ele>
   </trkpt>
   <trkpt lat="45.7024740" lon="4.7372180">
    <ele>314.6</ele>
   </trkpt>
   <trkpt lat="45.7024700" lon="4.7372700">
    <ele>315.2</ele>
   </trkpt>
   <trkpt lat="45.7024640" lon="4.7373250">
    <ele>315.4</ele>
   </trkpt>
   <trkpt lat="45.7024580" lon="4.7373800">
    <ele>315.8</ele>
   </trkpt>
   <trkpt lat="45.7024510" lon="4.7374370">
    <ele>316.0</ele>
   </trkpt>
   <trkpt lat="45.7024450" lon="4.7374900">
    <ele>316.4</ele>
   </trkpt>
   <trkpt lat="45.7024380" lon="4.7375470">
    <ele>316.8</ele>
   </trkpt>
   <trkpt lat="45.7024320" lon="4.7376000">
    <ele>316.8</ele>
   </trkpt>
   <trkpt lat="45.7024220" lon="4.7376560">
    <ele>317.0</ele>
   </trkpt>
   <trkpt lat="45.7024130" lon="4.7377100">
    <ele>317.4</ele>
   </trkpt>
   <trkpt lat="45.7024000" lon="4.7377650">
    <ele>317.6</ele>
   </trkpt>
   <trkpt lat="45.7023970" lon="4.7378180">
    <ele>317.8</ele>
   </trkpt>
   <trkpt lat="45.7023940" lon="4.7378750">
    <ele>318.0</ele>
   </trkpt>
   <trkpt lat="45.7023840" lon="4.7379300">
    <ele>318.2</ele>
   </trkpt>
   <trkpt lat="45.7023810" lon="4.7379900">
    <ele>318.4</ele>
   </trkpt>
   <trkpt lat="45.7023780" lon="4.7380480">
    <ele>318.6</ele>
   </trkpt>
   <trkpt lat="45.7023710" lon="4.7381050">
    <ele>318.6</ele>
   </trkpt>
   <trkpt lat="45.7023580" lon="4.7381600">
    <ele>318.8</ele>
   </trkpt>
   <trkpt lat="45.7023280" lon="4.7382330">
    <ele>319.2</ele>
   </trkpt>
   <trkpt lat="45.7023170" lon="4.7382550">
    <ele>319.4</ele>
   </trkpt>
   <trkpt lat="45.7022820" lon="4.7382920">
    <ele>319.4</ele>
   </trkpt>
   <trkpt lat="45.7022530" lon="4.7383200">
    <ele>319.4</ele>
   </trkpt>
   <trkpt lat="45.7022180" lon="4.7383480">
    <ele>319.4</ele>
   </trkpt>
   <trkpt lat="45.7021820" lon="4.7383670">
    <ele>319.8</ele>
   </trkpt>
   <trkpt lat="45.7021410" lon="4.7383850">
    <ele>319.8</ele>
   </trkpt>
   <trkpt lat="45.7021020" lon="4.7384030">
    <ele>320.2</ele>
   </trkpt>
   <trkpt lat="45.7020610" lon="4.7384200">
    <ele>320.4</ele>
   </trkpt>
   <trkpt lat="45.7020260" lon="4.7384350">
    <ele>320.4</ele>
   </trkpt>
   <trkpt lat="45.7019940" lon="4.7384550">
    <ele>320.8</ele>
   </trkpt>
   <trkpt lat="45.7019620" lon="4.7384780">
    <ele>321.0</ele>
   </trkpt>
   <trkpt lat="45.7019260" lon="4.7385050">
    <ele>321.4</ele>
   </trkpt>
   <trkpt lat="45.7018980" lon="4.7385340">
    <ele>322.0</ele>
   </trkpt>
   <trkpt lat="45.7018690" lon="4.7385660">
    <ele>322.2</ele>
   </trkpt>
   <trkpt lat="45.7018430" lon="4.7386120">
    <ele>322.2</ele>
   </trkpt>
   <trkpt lat="45.7018110" lon="4.7386520">
    <ele>322.4</ele>
   </trkpt>
   <trkpt lat="45.7017860" lon="4.7387020">
    <ele>322.4</ele>
   </trkpt>
   <trkpt lat="45.7017630" lon="4.7387520">
    <ele>322.6</ele>
   </trkpt>
   <trkpt lat="45.7017380" lon="4.7388000">
    <ele>322.8</ele>
   </trkpt>
   <trkpt lat="45.7017120" lon="4.7388480">
    <ele>323.0</ele>
   </trkpt>
   <trkpt lat="45.7016900" lon="4.7388970">
    <ele>323.2</ele>
   </trkpt>
   <trkpt lat="45.7016700" lon="4.7389400">
    <ele>323.4</ele>
   </trkpt>
   <trkpt lat="45.7016510" lon="4.7389850">
    <ele>323.6</ele>
   </trkpt>
   <trkpt lat="45.7016320" lon="4.7390300">
    <ele>323.8</ele>
   </trkpt>
   <trkpt lat="45.7016130" lon="4.7390770">
    <ele>324.0</ele>
   </trkpt>
   <trkpt lat="45.7015900" lon="4.7391170">
    <ele>324.2</ele>
   </trkpt>
   <trkpt lat="45.7015680" lon="4.7391620">
    <ele>324.4</ele>
   </trkpt>
   <trkpt lat="45.7015490" lon="4.7392040">
    <ele>324.4</ele>
   </trkpt>
   <trkpt lat="45.7015300" lon="4.7392470">
    <ele>324.6</ele>
   </trkpt>
   <trkpt lat="45.7015100" lon="4.7393000">
    <ele>324.6</ele>
   </trkpt>
   <trkpt lat="45.7014930" lon="4.7393760">
    <ele>324.8</ele>
   </trkpt>
   <trkpt lat="45.7014850" lon="4.7394030">
    <ele>324.8</ele>
   </trkpt>
   <trkpt lat="45.7014660" lon="4.7394600">
    <ele>325.0</ele>
   </trkpt>
   <trkpt lat="45.7014500" lon="4.7395120">
    <ele>325.2</ele>
   </trkpt>
   <trkpt lat="45.7014300" lon="4.7395670">
    <ele>325.2</ele>
   </trkpt>
   <trkpt lat="45.7014110" lon="4.7396220">
    <ele>325.2</ele>
   </trkpt>
   <trkpt lat="45.7014020" lon="4.7396720">
    <ele>325.2</ele>
   </trkpt>
   <trkpt lat="45.7013860" lon="4.7397250">
    <ele>325.2</ele>
   </trkpt>
   <trkpt lat="45.7013660" lon="4.7397780">
    <ele>325.2</ele>
   </trkpt>
   <trkpt lat="45.7013500" lon="4.7398320">
    <ele>325.2</ele>
   </trkpt>
   <trkpt lat="45.7013250" lon="4.7398920">
    <ele>325.2</ele>
   </trkpt>
   <trkpt lat="45.7013020" lon="4.7399450">
    <ele>325.0</ele>
   </trkpt>
   <trkpt lat="45.7012900" lon="4.7400000">
    <ele>325.0</ele>
   </trkpt>
   <trkpt lat="45.7012700" lon="4.7400480">
    <ele>325.0</ele>
   </trkpt>
   <trkpt lat="45.7012540" lon="4.7401030">
    <ele>324.8</ele>
   </trkpt>
   <trkpt lat="45.7012420" lon="4.7401630">
    <ele>324.8</ele>
   </trkpt>
   <trkpt lat="45.7012220" lon="4.7402130">
    <ele>324.8</ele>
   </trkpt>
   <trkpt lat="45.7012060" lon="4.7402650">
    <ele>324.2</ele>
   </trkpt>
   <trkpt lat="45.7011840" lon="4.7403200">
    <ele>324.2</ele>
   </trkpt>
   <trkpt lat="45.7011620" lon="4.7403800">
    <ele>324.2</ele>
   </trkpt>
   <trkpt lat="45.7011330" lon="4.7404360">
    <ele>324.0</ele>
   </trkpt>
   <trkpt lat="45.7011100" lon="4.7404950">
    <ele>324.0</ele>
   </trkpt>
   <trkpt lat="45.7010880" lon="4.7405480">
    <ele>324.0</ele>
   </trkpt>
   <trkpt lat="45.7010690" lon="4.7406050">
    <ele>324.0</ele>
   </trkpt>
   <trkpt lat="45.7010430" lon="4.7406640">
    <ele>323.8</ele>
   </trkpt>
   <trkpt lat="45.7010210" lon="4.7407180">
    <ele>323.4</ele>
   </trkpt>
   <trkpt lat="45.7009950" lon="4.7407680">
    <ele>323.4</ele>
   </trkpt>
   <trkpt lat="45.7009760" lon="4.7408200">
    <ele>323.0</ele>
   </trkpt>
   <trkpt lat="45.7009700" lon="4.7408780">
    <ele>322.8</ele>
   </trkpt>
   <trkpt lat="45.7009660" lon="4.7409400">
    <ele>322.6</ele>
   </trkpt>
   <trkpt lat="45.7009540" lon="4.7410020">
    <ele>322.6</ele>
   </trkpt>
   <trkpt lat="45.7009440" lon="4.7410650">
    <ele>322.2</ele>
   </trkpt>
   <trkpt lat="45.7009280" lon="4.7411260">
    <ele>322.2</ele>
   </trkpt>
   <trkpt lat="45.7009120" lon="4.7411800">
    <ele>321.8</ele>
   </trkpt>
   <trkpt lat="45.7008960" lon="4.7412350">
    <ele>321.8</ele>
   </trkpt>
   <trkpt lat="45.7008830" lon="4.7412940">
    <ele>321.4</ele>
   </trkpt>
   <trkpt lat="45.7008670" lon="4.7413480">
    <ele>321.0</ele>
   </trkpt>
   <trkpt lat="45.7008510" lon="4.7414050">
    <ele>320.8</ele>
   </trkpt>
   <trkpt lat="45.7008350" lon="4.7414600">
    <ele>320.8</ele>
   </trkpt>
   <trkpt lat="45.7008160" lon="4.7415150">
    <ele>320.4</ele>
   </trkpt>
   <trkpt lat="45.7008030" lon="4.7415680">
    <ele>320.4</ele>
   </trkpt>
   <trkpt lat="45.7007900" lon="4.7416250">
    <ele>320.4</ele>
   </trkpt>
   <trkpt lat="45.7007840" lon="4.7416840">
    <ele>320.4</ele>
   </trkpt>
   <trkpt lat="45.7007680" lon="4.7417420">
    <ele>320.2</ele>
   </trkpt>
   <trkpt lat="45.7007550" lon="4.7418020">
    <ele>319.8</ele>
   </trkpt>
   <trkpt lat="45.7007420" lon="4.7418620">
    <ele>319.6</ele>
   </trkpt>
   <trkpt lat="45.7007200" lon="4.7419470">
    <ele>319.4</ele>
   </trkpt>
   <trkpt lat="45.7007140" lon="4.7419750">
    <ele>319.4</ele>
   </trkpt>
   <trkpt lat="45.7006940" lon="4.7420300">
    <ele>319.4</ele>
   </trkpt>
   <trkpt lat="45.7006750" lon="4.7420860">
    <ele>319.8</ele>
   </trkpt>
   <trkpt lat="45.7006560" lon="4.7421420">
    <ele>319.8</ele>
   </trkpt>
   <trkpt lat="45.7006430" lon="4.7421950">
    <ele>319.2</ele>
   </trkpt>
   <trkpt lat="45.7006300" lon="4.7422500">
    <ele>318.8</ele>
   </trkpt>
   <trkpt lat="45.7006140" lon="4.7423070">
    <ele>318.6</ele>
   </trkpt>
   <trkpt lat="45.7006050" lon="4.7423640">
    <ele>318.8</ele>
   </trkpt>
   <trkpt lat="45.7005890" lon="4.7424240">
    <ele>318.6</ele>
   </trkpt>
   <trkpt lat="45.7005730" lon="4.7424820">
    <ele>318.4</ele>
   </trkpt>
   <trkpt lat="45.7005600" lon="4.7425360">
    <ele>318.2</ele>
   </trkpt>
   <trkpt lat="45.7005500" lon="4.7425950">
    <ele>318.2</ele>
   </trkpt>
   <trkpt lat="45.7005340" lon="4.7426550">
    <ele>318.2</ele>
   </trkpt>
   <trkpt lat="45.7005250" lon="4.7427120">
    <ele>318.4</ele>
   </trkpt>
   <trkpt lat="45.7005090" lon="4.7427720">
    <ele>318.2</ele>
   </trkpt>
   <trkpt lat="45.7004960" lon="4.7428330">
    <ele>318.2</ele>
   </trkpt>
   <trkpt lat="45.7004900" lon="4.7428930">
    <ele>318.0</ele>
   </trkpt>
   <trkpt lat="45.7004770" lon="4.7429570">
    <ele>317.8</ele>
   </trkpt>
   <trkpt lat="45.7004670" lon="4.7430180">
    <ele>317.6</ele>
   </trkpt>
   <trkpt lat="45.7004540" lon="4.7430770">
    <ele>317.6</ele>
   </trkpt>
   <trkpt lat="45.7004450" lon="4.7431340">
    <ele>317.6</ele>
   </trkpt>
   <trkpt lat="45.7004320" lon="4.7431930">
    <ele>317.6</ele>
   </trkpt>
   <trkpt lat="45.7004160" lon="4.7432520">
    <ele>317.4</ele>
   </trkpt>
   <trkpt lat="45.7004000" lon="4.7433120">
    <ele>317.4</ele>
   </trkpt>
   <trkpt lat="45.7003900" lon="4.7433680">
    <ele>317.4</ele>
   </trkpt>
   <trkpt lat="45.7003780" lon="4.7434270">
    <ele>317.2</ele>
   </trkpt>
   <trkpt lat="45.7003570" lon="4.7435170">
    <ele>317.2</ele>
   </trkpt>
   <trkpt lat="45.7003520" lon="4.7435480">
    <ele>317.0</ele>
   </trkpt>
   <trkpt lat="45.7003360" lon="4.7436080">
    <ele>316.8</ele>
   </trkpt>
   <trkpt lat="45.7003260" lon="4.7436700">
    <ele>316.8</ele>
   </trkpt>
   <trkpt lat="45.7003100" lon="4.7437300">
    <ele>316.4</ele>
   </trkpt>
   <trkpt lat="45.7002910" lon="4.7437880">
    <ele>316.2</ele>
   </trkpt>
   <trkpt lat="45.7002720" lon="4.7438470">
    <ele>316.2</ele>
   </trkpt>
   <trkpt lat="45.7002590" lon="4.7439050">
    <ele>316.2</ele>
   </trkpt>
   <trkpt lat="45.7002530" lon="4.7439620">
    <ele>316.2</ele>
   </trkpt>
   <trkpt lat="45.7002460" lon="4.7440200">
    <ele>316.2</ele>
   </trkpt>
   <trkpt lat="45.7002340" lon="4.7440720">
    <ele>316.6</ele>
   </trkpt>
   <trkpt lat="45.7002180" lon="4.7441250">
    <ele>316.6</ele>
   </trkpt>
   <trkpt lat="45.7002020" lon="4.7441850">
    <ele>316.6</ele>
   </trkpt>
   <trkpt lat="45.7001950" lon="4.7442460">
    <ele>315.4</ele>
   </trkpt>
   <trkpt lat="45.7001790" lon="4.7443120">
    <ele>315.0</ele>
   </trkpt>
   <trkpt lat="45.7001630" lon="4.7443700">
    <ele>314.8</ele>
   </trkpt>
   <trkpt lat="45.7001540" lon="4.7444340">
    <ele>314.6</ele>
   </trkpt>
   <trkpt lat="45.7001410" lon="4.7444880">
    <ele>314.2</ele>
   </trkpt>
   <trkpt lat="45.7001220" lon="4.7445450">
    <ele>314.0</ele>
   </trkpt>
   <trkpt lat="45.7001020" lon="4.7446020">
    <ele>313.8</ele>
   </trkpt>
   <trkpt lat="45.7000830" lon="4.7446480">
    <ele>313.8</ele>
   </trkpt>
   <trkpt lat="45.7000580" lon="4.7446830">
    <ele>313.4</ele>
   </trkpt>
   <trkpt lat="45.7000320" lon="4.7447200">
    <ele>313.2</ele>
   </trkpt>
   <trkpt lat="45.6999960" lon="4.7447840">
    <ele>313.2</ele>
   </trkpt>
   <trkpt lat="45.6999810" lon="4.7448050">
    <ele>313.0</ele>
   </trkpt>
   <trkpt lat="45.6999520" lon="4.7448440">
    <ele>313.0</ele>
   </trkpt>
   <trkpt lat="45.6999230" lon="4.7448880">
    <ele>313.0</ele>
   </trkpt>
   <trkpt lat="45.6999010" lon="4.7449380">
    <ele>312.6</ele>
   </trkpt>
   <trkpt lat="45.6998820" lon="4.7449930">
    <ele>312.2</ele>
   </trkpt>
   <trkpt lat="45.6998620" lon="4.7450430">
    <ele>312.0</ele>
   </trkpt>
   <trkpt lat="45.6998400" lon="4.7451000">
    <ele>312.0</ele>
   </trkpt>
   <trkpt lat="45.6998210" lon="4.7451580">
    <ele>311.6</ele>
   </trkpt>
   <trkpt lat="45.6997980" lon="4.7452050">
    <ele>311.6</ele>
   </trkpt>
   <trkpt lat="45.6997760" lon="4.7452480">
    <ele>311.6</ele>
   </trkpt>
   <trkpt lat="45.6997570" lon="4.7452960">
    <ele>311.8</ele>
   </trkpt>
   <trkpt lat="45.6997340" lon="4.7453530">
    <ele>311.8</ele>
   </trkpt>
   <trkpt lat="45.6997150" lon="4.7454080">
    <ele>311.6</ele>
   </trkpt>
   <trkpt lat="45.6996990" lon="4.7454620">
    <ele>311.4</ele>
   </trkpt>
   <trkpt lat="45.6996770" lon="4.7455100">
    <ele>311.4</ele>
   </trkpt>
   <trkpt lat="45.6996580" lon="4.7455580">
    <ele>311.4</ele>
   </trkpt>
   <trkpt lat="45.6996380" lon="4.7456120">
    <ele>311.4</ele>
   </trkpt>
   <trkpt lat="45.6996260" lon="4.7456650">
    <ele>311.4</ele>
   </trkpt>
   <trkpt lat="45.6996130" lon="4.7457200">
    <ele>311.4</ele>
   </trkpt>
   <trkpt lat="45.6995970" lon="4.7457720">
    <ele>311.4</ele>
   </trkpt>
   <trkpt lat="45.6995740" lon="4.7458230">
    <ele>311.4</ele>
   </trkpt>
   <trkpt lat="45.6995550" lon="4.7458780">
    <ele>311.4</ele>
   </trkpt>
   <trkpt lat="45.6995360" lon="4.7459270">
    <ele>311.2</ele>
   </trkpt>
   <trkpt lat="45.6995170" lon="4.7459750">
    <ele>311.4</ele>
   </trkpt>
   <trkpt lat="45.6994940" lon="4.7460230">
    <ele>311.2</ele>
   </trkpt>
   <trkpt lat="45.6994720" lon="4.7460750">
    <ele>311.2</ele>
   </trkpt>
   <trkpt lat="45.6994460" lon="4.7461270">
    <ele>311.2</ele>
   </trkpt>
   <trkpt lat="45.6994240" lon="4.7461750">
    <ele>311.0</ele>
   </trkpt>
   <trkpt lat="45.6994020" lon="4.7462220">
    <ele>311.0</ele>
   </trkpt>
   <trkpt lat="45.6993790" lon="4.7462720">
    <ele>311.0</ele>
   </trkpt>
   <trkpt lat="45.6993600" lon="4.7463250">
    <ele>311.0</ele>
   </trkpt>
   <trkpt lat="45.6993250" lon="4.7464080">
    <ele>310.8</ele>
   </trkpt>
   <trkpt lat="45.6993150" lon="4.7464350">
    <ele>310.8</ele>
   </trkpt>
   <trkpt lat="45.6992960" lon="4.7464900">
    <ele>310.8</ele>
   </trkpt>
   <trkpt lat="45.6992740" lon="4.7465480">
    <ele>310.6</ele>
   </trkpt>
   <trkpt lat="45.6992540" lon="4.7466000">
    <ele>310.6</ele>
   </trkpt>
   <trkpt lat="45.6992290" lon="4.7466520">
    <ele>310.6</ele>
   </trkpt>
   <trkpt lat="45.6992100" lon="4.7467020">
    <ele>310.6</ele>
   </trkpt>
   <trkpt lat="45.6991870" lon="4.7467520">
    <ele>310.4</ele>
   </trkpt>
   <trkpt lat="45.6991740" lon="4.7468000">
    <ele>310.2</ele>
   </trkpt>
   <trkpt lat="45.6991490" lon="4.7468520">
    <ele>310.2</ele>
   </trkpt>
   <trkpt lat="45.6991300" lon="4.7469040">
    <ele>310.2</ele>
   </trkpt>
   <trkpt lat="45.6991070" lon="4.7469550">
    <ele>310.2</ele>
   </trkpt>
   <trkpt lat="45.6990880" lon="4.7470100">
    <ele>310.2</ele>
   </trkpt>
   <trkpt lat="45.6990690" lon="4.7470650">
    <ele>310.2</ele>
   </trkpt>
   <trkpt lat="45.6990560" lon="4.7471160">
    <ele>310.2</ele>
   </trkpt>
   <trkpt lat="45.6990430" lon="4.7471700">
    <ele>310.2</ele>
   </trkpt>
   <trkpt lat="45.6990430" lon="4.7472300">
    <ele>310.2</ele>
   </trkpt>
   <trkpt lat="45.6990430" lon="4.7472920">
    <ele>310.0</ele>
   </trkpt>
   <trkpt lat="45.6990430" lon="4.7473520">
    <ele>310.0</ele>
   </trkpt>
   <trkpt lat="45.6990400" lon="4.7474130">
    <ele>309.8</ele>
   </trkpt>
   <trkpt lat="45.6990300" lon="4.7474730">
    <ele>309.6</ele>
   </trkpt>
   <trkpt lat="45.6990180" lon="4.7475300">
    <ele>309.6</ele>
   </trkpt>
   <trkpt lat="45.6990080" lon="4.7475850">
    <ele>309.2</ele>
   </trkpt>
   <trkpt lat="45.6990050" lon="4.7476440">
    <ele>309.0</ele>
   </trkpt>
   <trkpt lat="45.6990080" lon="4.7477000">
    <ele>308.2</ele>
   </trkpt>
   <trkpt lat="45.6990110" lon="4.7477600">
    <ele>307.8</ele>
   </trkpt>
   <trkpt lat="45.6990180" lon="4.7478130">
    <ele>307.4</ele>
   </trkpt>
   <trkpt lat="45.6990270" lon="4.7478650">
    <ele>307.0</ele>
   </trkpt>
   <trkpt lat="45.6990390" lon="4.7479470">
    <ele>306.8</ele>
   </trkpt>
   <trkpt lat="45.6990400" lon="4.7479770">
    <ele>306.2</ele>
   </trkpt>
   <trkpt lat="45.6990400" lon="4.7480370">
    <ele>305.8</ele>
   </trkpt>
   <trkpt lat="45.6990400" lon="4.7480950">
    <ele>305.4</ele>
   </trkpt>
   <trkpt lat="45.6990400" lon="4.7481580">
    <ele>304.6</ele>
   </trkpt>
   <trkpt lat="45.6990430" lon="4.7482200">
    <ele>304.4</ele>
   </trkpt>
   <trkpt lat="45.6990430" lon="4.7482800">
    <ele>304.2</ele>
   </trkpt>
   <trkpt lat="45.6990430" lon="4.7483380">
    <ele>304.0</ele>
   </trkpt>
   <trkpt lat="45.6990430" lon="4.7483980">
    <ele>304.0</ele>
   </trkpt>
   <trkpt lat="45.6990400" lon="4.7484600">
    <ele>303.2</ele>
   </trkpt>
   <trkpt lat="45.6990400" lon="4.7485200">
    <ele>302.6</ele>
   </trkpt>
   <trkpt lat="45.6990430" lon="4.7485820">
    <ele>302.0</ele>
   </trkpt>
   <trkpt lat="45.6990400" lon="4.7486430">
    <ele>301.8</ele>
   </trkpt>
   <trkpt lat="45.6990460" lon="4.7487040">
    <ele>301.0</ele>
   </trkpt>
   <trkpt lat="45.6990500" lon="4.7487620">
    <ele>301.0</ele>
   </trkpt>
   <trkpt lat="45.6990500" lon="4.7488220">
    <ele>300.6</ele>
   </trkpt>
   <trkpt lat="45.6990560" lon="4.7488780">
    <ele>299.8</ele>
   </trkpt>
   <trkpt lat="45.6990590" lon="4.7489400">
    <ele>299.6</ele>
   </trkpt>
   <trkpt lat="45.6990620" lon="4.7489970">
    <ele>299.6</ele>
   </trkpt>
   <trkpt lat="45.6990620" lon="4.7490550">
    <ele>299.6</ele>
   </trkpt>
   <trkpt lat="45.6990590" lon="4.7491120">
    <ele>299.4</ele>
   </trkpt>
   <trkpt lat="45.6990560" lon="4.7491680">
    <ele>299.0</ele>
   </trkpt>
   <trkpt lat="45.6990430" lon="4.7492260">
    <ele>298.2</ele>
   </trkpt>
   <trkpt lat="45.6990400" lon="4.7493140">
    <ele>297.8</ele>
   </trkpt>
   <trkpt lat="45.6990400" lon="4.7493430">
    <ele>297.2</ele>
   </trkpt>
   <trkpt lat="45.6990400" lon="4.7494000">
    <ele>297.0</ele>
   </trkpt>
   <trkpt lat="45.6990370" lon="4.7494550">
    <ele>296.6</ele>
   </trkpt>
   <trkpt lat="45.6990400" lon="4.7495060">
    <ele>296.4</ele>
   </trkpt>
   <trkpt lat="45.6990370" lon="4.7495630">
    <ele>296.4</ele>
   </trkpt>
   <trkpt lat="45.6990270" lon="4.7496220">
    <ele>296.0</ele>
   </trkpt>
   <trkpt lat="45.6990180" lon="4.7496800">
    <ele>295.8</ele>
   </trkpt>
   <trkpt lat="45.6990050" lon="4.7497370">
    <ele>295.2</ele>
   </trkpt>
   <trkpt lat="45.6989890" lon="4.7497950">
    <ele>294.8</ele>
   </trkpt>
   <trkpt lat="45.6989820" lon="4.7498580">
    <ele>294.6</ele>
   </trkpt>
   <trkpt lat="45.6989760" lon="4.7499220">
    <ele>294.6</ele>
   </trkpt>
   <trkpt lat="45.6989630" lon="4.7499880">
    <ele>294.6</ele>
   </trkpt>
   <trkpt lat="45.6989570" lon="4.7500520">
    <ele>294.6</ele>
   </trkpt>
   <trkpt lat="45.6989470" lon="4.7501140">
    <ele>294.4</ele>
   </trkpt>
   <trkpt lat="45.6989380" lon="4.7501750">
    <ele>294.2</ele>
   </trkpt>
   <trkpt lat="45.6989250" lon="4.7502360">
    <ele>293.8</ele>
   </trkpt>
   <trkpt lat="45.6989220" lon="4.7502980">
    <ele>293.4</ele>
   </trkpt>
   <trkpt lat="45.6989120" lon="4.7503580">
    <ele>293.0</ele>
   </trkpt>
   <trkpt lat="45.6989090" lon="4.7504150">
    <ele>292.2</ele>
   </trkpt>
   <trkpt lat="45.6989020" lon="4.7504750">
    <ele>291.8</ele>
   </trkpt>
   <trkpt lat="45.6988960" lon="4.7505300">
    <ele>291.2</ele>
   </trkpt>
   <trkpt lat="45.6988860" lon="4.7505920">
    <ele>291.2</ele>
   </trkpt>
   <trkpt lat="45.6988830" lon="4.7506530">
    <ele>291.2</ele>
   </trkpt>
   <trkpt lat="45.6988770" lon="4.7507170">
    <ele>291.4</ele>
   </trkpt>
   <trkpt lat="45.6988700" lon="4.7507800">
    <ele>291.4</ele>
   </trkpt>
   <trkpt lat="45.6988610" lon="4.7508400">
    <ele>291.0</ele>
   </trkpt>
   <trkpt lat="45.6988480" lon="4.7508960">
    <ele>290.6</ele>
   </trkpt>
   <trkpt lat="45.6988320" lon="4.7509530">
    <ele>290.2</ele>
   </trkpt>
   <trkpt lat="45.6988220" lon="4.7510070">
    <ele>290.0</ele>
   </trkpt>
   <trkpt lat="45.6988100" lon="4.7510650">
    <ele>290.0</ele>
   </trkpt>
   <trkpt lat="45.6987950" lon="4.7511580">
    <ele>289.8</ele>
   </trkpt>
   <trkpt lat="45.6987900" lon="4.7511880">
    <ele>289.2</ele>
   </trkpt>
   <trkpt lat="45.6987810" lon="4.7512480">
    <ele>289.0</ele>
   </trkpt>
   <trkpt lat="45.6987680" lon="4.7513120">
    <ele>288.8</ele>
   </trkpt>
   <trkpt lat="45.6987620" lon="4.7513720">
    <ele>288.2</ele>
   </trkpt>
   <trkpt lat="45.6987520" lon="4.7514320">
    <ele>288.4</ele>
   </trkpt>
   <trkpt lat="45.6987420" lon="4.7514900">
    <ele>288.4</ele>
   </trkpt>
   <trkpt lat="45.6987330" lon="4.7515500">
    <ele>287.8</ele>
   </trkpt>
   <trkpt lat="45.6987260" lon="4.7516080">
    <ele>287.6</ele>
   </trkpt>
   <trkpt lat="45.6987170" lon="4.7516660">
    <ele>287.6</ele>
   </trkpt>
   <trkpt lat="45.6987040" lon="4.7517220">
    <ele>287.4</ele>
   </trkpt>
   <trkpt lat="45.6986880" lon="4.7517820">
    <ele>287.4</ele>
   </trkpt>
   <trkpt lat="45.6986850" lon="4.7518420">
    <ele>287.2</ele>
   </trkpt>
   <trkpt lat="45.6986720" lon="4.7519020">
    <ele>287.2</ele>
   </trkpt>
   <trkpt lat="45.6986690" lon="4.7519650">
    <ele>287.0</ele>
   </trkpt>
   <trkpt lat="45.6986620" lon="4.7520300">
    <ele>287.0</ele>
   </trkpt>
   <trkpt lat="45.6986530" lon="4.7520900">
    <ele>286.6</ele>
   </trkpt>
   <trkpt lat="45.6986460" lon="4.7521520">
    <ele>286.6</ele>
   </trkpt>
   <trkpt lat="45.6986340" lon="4.7522140">
    <ele>286.4</ele>
   </trkpt>
   <trkpt lat="45.6986300" lon="4.7522760">
    <ele>286.4</ele>
   </trkpt>
   <trkpt lat="45.6986240" lon="4.7523380">
    <ele>286.0</ele>
   </trkpt>
   <trkpt lat="45.6986110" lon="4.7524000">
    <ele>286.0</ele>
   </trkpt>
   <trkpt lat="45.6986080" lon="4.7524580">
    <ele>285.6</ele>
   </trkpt>
   <trkpt lat="45.6985920" lon="4.7525200">
    <ele>285.6</ele>
   </trkpt>
   <trkpt lat="45.6985860" lon="4.7525780">
    <ele>285.6</ele>
   </trkpt>
   <trkpt lat="45.6985700" lon="4.7526380">
    <ele>285.4</ele>
   </trkpt>
   <trkpt lat="45.6985630" lon="4.7526980">
    <ele>285.2</ele>
   </trkpt>
   <trkpt lat="45.6985540" lon="4.7527580">
    <ele>285.2</ele>
   </trkpt>
   <trkpt lat="45.6985500" lon="4.7528180">
    <ele>285.2</ele>
   </trkpt>
   <trkpt lat="45.6985410" lon="4.7528800">
    <ele>285.0</ele>
   </trkpt>
   <trkpt lat="45.6985410" lon="4.7529400">
    <ele>285.0</ele>
   </trkpt>
   <trkpt lat="45.6985310" lon="4.7530020">
    <ele>285.0</ele>
   </trkpt>
   <trkpt lat="45.6985280" lon="4.7530630">
    <ele>284.8</ele>
   </trkpt>
   <trkpt lat="45.6985250" lon="4.7531270">
    <ele>284.6</ele>
   </trkpt>
   <trkpt lat="45.6985270" lon="4.7532240">
    <ele>284.4</ele>
   </trkpt>
   <trkpt lat="45.6985280" lon="4.7532570">
    <ele>284.4</ele>
   </trkpt>
   <trkpt lat="45.6985250" lon="4.7533200">
    <ele>283.8</ele>
   </trkpt>
   <trkpt lat="45.6985220" lon="4.7533830">
    <ele>283.6</ele>
   </trkpt>
   <trkpt lat="45.6985220" lon="4.7534480">
    <ele>283.6</ele>
   </trkpt>
   <trkpt lat="45.6985280" lon="4.7535120">
    <ele>283.6</ele>
   </trkpt>
   <trkpt lat="45.6985280" lon="4.7535770">
    <ele>283.6</ele>
   </trkpt>
   <trkpt lat="45.6985250" lon="4.7536380">
    <ele>283.4</ele>
   </trkpt>
   <trkpt lat="45.6985220" lon="4.7537000">
    <ele>283.2</ele>
   </trkpt>
   <trkpt lat="45.6985180" lon="4.7537580">
    <ele>283.0</ele>
   </trkpt>
   <trkpt lat="45.6985180" lon="4.7538180">
    <ele>282.8</ele>
   </trkpt>
   <trkpt lat="45.6985120" lon="4.7538800">
    <ele>282.8</ele>
   </trkpt>
   <trkpt lat="45.6985090" lon="4.7539420">
    <ele>282.8</ele>
   </trkpt>
   <trkpt lat="45.6985120" lon="4.7540040">
    <ele>282.4</ele>
   </trkpt>
   <trkpt lat="45.6985090" lon="4.7540680">
    <ele>282.0</ele>
   </trkpt>
   <trkpt lat="45.6985090" lon="4.7541350">
    <ele>282.0</ele>
   </trkpt>
   <trkpt lat="45.6985090" lon="4.7541980">
    <ele>282.0</ele>
   </trkpt>
   <trkpt lat="45.6985220" lon="4.7542600">
    <ele>282.0</ele>
   </trkpt>
   <trkpt lat="45.6985410" lon="4.7543100">
    <ele>282.0</ele>
   </trkpt>
   <trkpt lat="45.6985630" lon="4.7543480">
    <ele>282.0</ele>
   </trkpt>
   <trkpt lat="45.6985920" lon="4.7543650">
    <ele>282.0</ele>
   </trkpt>
   <trkpt lat="45.6986400" lon="4.7543760">
    <ele>281.4</ele>
   </trkpt>
   <trkpt lat="45.6987120" lon="4.7543760">
    <ele>281.4</ele>
   </trkpt>
   <trkpt lat="45.6987330" lon="4.7543740">
    <ele>281.4</ele>
   </trkpt>
   <trkpt lat="45.6987780" lon="4.7543620">
    <ele>281.4</ele>
   </trkpt>
   <trkpt lat="45.6988130" lon="4.7543540">
    <ele>281.0</ele>
   </trkpt>
   <trkpt lat="45.6988610" lon="4.7543380">
    <ele>280.6</ele>
   </trkpt>
   <trkpt lat="45.6989020" lon="4.7543320">
    <ele>280.6</ele>
   </trkpt>
   <trkpt lat="45.6989470" lon="4.7543240">
    <ele>280.6</ele>
   </trkpt>
   <trkpt lat="45.6989860" lon="4.7543100">
    <ele>280.4</ele>
   </trkpt>
   <trkpt lat="45.6990300" lon="4.7543050">
    <ele>280.4</ele>
   </trkpt>
   <trkpt lat="45.6990780" lon="4.7542940">
    <ele>280.2</ele>
   </trkpt>
   <trkpt lat="45.6991230" lon="4.7542870">
    <ele>280.0</ele>
   </trkpt>
   <trkpt lat="45.6991740" lon="4.7542880">
    <ele>280.0</ele>
   </trkpt>
   <trkpt lat="45.6992190" lon="4.7542870">
    <ele>279.8</ele>
   </trkpt>
   <trkpt lat="45.6992610" lon="4.7542870">
    <ele>279.6</ele>
   </trkpt>
   <trkpt lat="45.6993060" lon="4.7542900">
    <ele>279.6</ele>
   </trkpt>
   <trkpt lat="45.6993470" lon="4.7542940">
    <ele>279.8</ele>
   </trkpt>
   <trkpt lat="45.6993950" lon="4.7542980">
    <ele>279.8</ele>
   </trkpt>
   <trkpt lat="45.6994370" lon="4.7543000">
    <ele>279.6</ele>
   </trkpt>
   <trkpt lat="45.6994820" lon="4.7542980">
    <ele>279.6</ele>
   </trkpt>
   <trkpt lat="45.6995260" lon="4.7542980">
    <ele>279.2</ele>
   </trkpt>
   <trkpt lat="45.6995740" lon="4.7542970">
    <ele>279.0</ele>
   </trkpt>
   <trkpt lat="45.6996160" lon="4.7542950">
    <ele>278.6</ele>
   </trkpt>
   <trkpt lat="45.6996610" lon="4.7542920">
    <ele>278.6</ele>
   </trkpt>
   <trkpt lat="45.6997020" lon="4.7542900">
    <ele>278.4</ele>
   </trkpt>
   <trkpt lat="45.6997440" lon="4.7542920">
    <ele>278.4</ele>
   </trkpt>
   <trkpt lat="45.6997860" lon="4.7542940">
    <ele>278.4</ele>
   </trkpt>
   <trkpt lat="45.6998300" lon="4.7542940">
    <ele>278.2</ele>
   </trkpt>
   <trkpt lat="45.6998720" lon="4.7542940">
    <ele>278.0</ele>
   </trkpt>
   <trkpt lat="45.6999170" lon="4.7542940">
    <ele>278.0</ele>
   </trkpt>
   <trkpt lat="45.6999550" lon="4.7542950">
    <ele>278.0</ele>
   </trkpt>
   <trkpt lat="45.7000000" lon="4.7542950">
    <ele>278.0</ele>
   </trkpt>
   <trkpt lat="45.7000480" lon="4.7542940">
    <ele>277.8</ele>
   </trkpt>
   <trkpt lat="45.7000900" lon="4.7542920">
    <ele>277.6</ele>
   </trkpt>
   <trkpt lat="45.7001310" lon="4.7542850">
    <ele>277.8</ele>
   </trkpt>
   <trkpt lat="45.7001730" lon="4.7542740">
    <ele>277.6</ele>
   </trkpt>
   <trkpt lat="45.7002140" lon="4.7542670">
    <ele>277.6</ele>
   </trkpt>
   <trkpt lat="45.7002530" lon="4.7542580">
    <ele>277.4</ele>
   </trkpt>
   <trkpt lat="45.7002980" lon="4.7542520">
    <ele>277.0</ele>
   </trkpt>
   <trkpt lat="45.7003360" lon="4.7542430">
    <ele>277.2</ele>
   </trkpt>
   <trkpt lat="45.7003810" lon="4.7542370">
    <ele>277.2</ele>
   </trkpt>
   <trkpt lat="45.7004510" lon="4.7542760">
    <ele>277.0</ele>
   </trkpt>
   <trkpt lat="45.7004700" lon="4.7543000">
    <ele>277.0</ele>
   </trkpt>
   <trkpt lat="45.7004960" lon="4.7543540">
    <ele>277.0</ele>
   </trkpt>
   <trkpt lat="45.7005340" lon="4.7543920">
    <ele>276.8</ele>
   </trkpt>
   <trkpt lat="45.7005760" lon="4.7544030">
    <ele>276.6</ele>
   </trkpt>
   <trkpt lat="45.7006270" lon="4.7543980">
    <ele>276.8</ele>
   </trkpt>
   <trkpt lat="45.7006690" lon="4.7543940">
    <ele>276.8</ele>
   </trkpt>
   <trkpt lat="45.7007170" lon="4.7543830">
    <ele>276.6</ele>
   </trkpt>
   <trkpt lat="45.7007580" lon="4.7543670">
    <ele>276.2</ele>
   </trkpt>
   <trkpt lat="45.7007940" lon="4.7543380">
    <ele>276.2</ele>
   </trkpt>
   <trkpt lat="45.7008350" lon="4.7543050">
    <ele>276.0</ele>
   </trkpt>
   <trkpt lat="45.7008700" lon="4.7542720">
    <ele>276.0</ele>
   </trkpt>
   <trkpt lat="45.7009120" lon="4.7542420">
    <ele>276.0</ele>
   </trkpt>
   <trkpt lat="45.7009470" lon="4.7542150">
    <ele>275.8</ele>
   </trkpt>
   <trkpt lat="45.7009920" lon="4.7541910">
    <ele>275.8</ele>
   </trkpt>
   <trkpt lat="45.7010300" lon="4.7541720">
    <ele>275.6</ele>
   </trkpt>
   <trkpt lat="45.7010720" lon="4.7541530">
    <ele>275.6</ele>
   </trkpt>
   <trkpt lat="45.7011140" lon="4.7541350">
    <ele>275.6</ele>
   </trkpt>
   <trkpt lat="45.7011550" lon="4.7541220">
    <ele>275.4</ele>
   </trkpt>
   <trkpt lat="45.7012000" lon="4.7541080">
    <ele>275.6</ele>
   </trkpt>
   <trkpt lat="45.7012450" lon="4.7541020">
    <ele>275.6</ele>
   </trkpt>
   <trkpt lat="45.7012860" lon="4.7540930">
    <ele>275.6</ele>
   </trkpt>
   <trkpt lat="45.7013280" lon="4.7540850">
    <ele>275.4</ele>
   </trkpt>
   <trkpt lat="45.7013730" lon="4.7540730">
    <ele>275.4</ele>
   </trkpt>
   <trkpt lat="45.7014210" lon="4.7540650">
    <ele>275.2</ele>
   </trkpt>
   <trkpt lat="45.7014620" lon="4.7540570">
    <ele>275.0</ele>
   </trkpt>
   <trkpt lat="45.7015040" lon="4.7540370">
    <ele>275.0</ele>
   </trkpt>
   <trkpt lat="45.7015460" lon="4.7540180">
    <ele>274.6</ele>
   </trkpt>
   <trkpt lat="45.7015900" lon="4.7540000">
    <ele>274.6</ele>
   </trkpt>
   <trkpt lat="45.7016560" lon="4.7539850">
    <ele>274.8</ele>
   </trkpt>
   <trkpt lat="45.7016800" lon="4.7539800">
    <ele>274.8</ele>
   </trkpt>
   <trkpt lat="45.7017250" lon="4.7539740">
    <ele>275.0</ele>
   </trkpt>
   <trkpt lat="45.7017630" lon="4.7539650">
    <ele>274.8</ele>
   </trkpt>
   <trkpt lat="45.7018050" lon="4.7539580">
    <ele>274.8</ele>
   </trkpt>
   <trkpt lat="45.7018460" lon="4.7539550">
    <ele>274.6</ele>
   </trkpt>
   <trkpt lat="45.7018980" lon="4.7539520">
    <ele>274.8</ele>
   </trkpt>
   <trkpt lat="45.7019360" lon="4.7539440">
    <ele>274.6</ele>
   </trkpt>
   <trkpt lat="45.7019810" lon="4.7539340">
    <ele>274.6</ele>
   </trkpt>
   <trkpt lat="45.7020220" lon="4.7539220">
    <ele>274.6</ele>
   </trkpt>
   <trkpt lat="45.7020670" lon="4.7539070">
    <ele>274.4</ele>
   </trkpt>
   <trkpt lat="45.7021060" lon="4.7538950">
    <ele>274.0</ele>
   </trkpt>
   <trkpt lat="45.7021540" lon="4.7538820">
    <ele>274.0</ele>
   </trkpt>
   <trkpt lat="45.7021950" lon="4.7538650">
    <ele>274.0</ele>
   </trkpt>
   <trkpt lat="45.7022400" lon="4.7538430">
    <ele>273.8</ele>
   </trkpt>
   <trkpt lat="45.7022820" lon="4.7538320">
    <ele>273.8</ele>
   </trkpt>
   <trkpt lat="45.7023230" lon="4.7538170">
    <ele>273.6</ele>
   </trkpt>
   <trkpt lat="45.7023650" lon="4.7538020">
    <ele>273.6</ele>
   </trkpt>
   <trkpt lat="45.7024060" lon="4.7537830">
    <ele>273.6</ele>
   </trkpt>
   <trkpt lat="45.7024510" lon="4.7537700">
    <ele>273.4</ele>
   </trkpt>
   <trkpt lat="45.7024930" lon="4.7537580">
    <ele>273.4</ele>
   </trkpt>
   <trkpt lat="45.7025340" lon="4.7537450">
    <ele>273.4</ele>
   </trkpt>
   <trkpt lat="45.7025760" lon="4.7537250">
    <ele>273.4</ele>
   </trkpt>
   <trkpt lat="45.7026210" lon="4.7537070">
    <ele>273.2</ele>
   </trkpt>
   <trkpt lat="45.7026620" lon="4.7536870">
    <ele>273.2</ele>
   </trkpt>
   <trkpt lat="45.7027040" lon="4.7536670">
    <ele>273.0</ele>
   </trkpt>
   <trkpt lat="45.7027420" lon="4.7536200">
    <ele>272.8</ele>
   </trkpt>
   <trkpt lat="45.7027840" lon="4.7535970">
    <ele>272.8</ele>
   </trkpt>
   <trkpt lat="45.7028290" lon="4.7535700">
    <ele>272.6</ele>
   </trkpt>
   <trkpt lat="45.7028740" lon="4.7535470">
    <ele>272.6</ele>
   </trkpt>
   <trkpt lat="45.7029150" lon="4.7535250">
    <ele>272.6</ele>
   </trkpt>
   <trkpt lat="45.7029570" lon="4.7535080">
    <ele>272.6</ele>
   </trkpt>
   <trkpt lat="45.7029980" lon="4.7534900">
    <ele>272.6</ele>
   </trkpt>
   <trkpt lat="45.7030370" lon="4.7534680">
    <ele>272.4</ele>
   </trkpt>
   <trkpt lat="45.7030780" lon="4.7534450">
    <ele>272.4</ele>
   </trkpt>
   <trkpt lat="45.7031200" lon="4.7534220">
    <ele>272.4</ele>
   </trkpt>
   <trkpt lat="45.7031620" lon="4.7533980">
    <ele>272.4</ele>
   </trkpt>
   <trkpt lat="45.7032260" lon="4.7533690">
    <ele>272.2</ele>
   </trkpt>
   <trkpt lat="45.7032450" lon="4.7533580">
    <ele>272.2</ele>
   </trkpt>
   <trkpt lat="45.7032860" lon="4.7533380">
    <ele>272.0</ele>
   </trkpt>
   <trkpt lat="45.7033280" lon="4.7533170">
    <ele>272.0</ele>
   </trkpt>
   <trkpt lat="45.7033700" lon="4.7532980">
    <ele>272.0</ele>
   </trkpt>
   <trkpt lat="45.7034110" lon="4.7532770">
    <ele>272.0</ele>
   </trkpt>
   <trkpt lat="45.7034530" lon="4.7532580">
    <ele>271.8</ele>
   </trkpt>
   <trkpt lat="45.7034940" lon="4.7532350">
    <ele>271.8</ele>
   </trkpt>
   <trkpt lat="45.7035360" lon="4.7532150">
    <ele>271.8</ele>
   </trkpt>
   <trkpt lat="45.7035740" lon="4.7531920">
    <ele>271.6</ele>
   </trkpt>
   <trkpt lat="45.7036220" lon="4.7531680">
    <ele>271.6</ele>
   </trkpt>
   <trkpt lat="45.7036580" lon="4.7531470">
    <ele>271.6</ele>
   </trkpt>
   <trkpt lat="45.7037060" lon="4.7531230">
    <ele>271.6</ele>
   </trkpt>
   <trkpt lat="45.7037470" lon="4.7531030">
    <ele>271.6</ele>
   </trkpt>
   <trkpt lat="45.7037890" lon="4.7530820">
    <ele>271.4</ele>
   </trkpt>
   <trkpt lat="45.7038270" lon="4.7530600">
    <ele>271.4</ele>
   </trkpt>
   <trkpt lat="45.7038660" lon="4.7530360">
    <ele>271.2</ele>
   </trkpt>
   <trkpt lat="45.7039070" lon="4.7530160">
    <ele>271.2</ele>
   </trkpt>
   <trkpt lat="45.7039460" lon="4.7529950">
    <ele>271.2</ele>
   </trkpt>
   <trkpt lat="45.7039870" lon="4.7529700">
    <ele>271.2</ele>
   </trkpt>
   <trkpt lat="45.7040260" lon="4.7529470">
    <ele>271.2</ele>
   </trkpt>
   <trkpt lat="45.7040670" lon="4.7529170">
    <ele>271.4</ele>
   </trkpt>
   <trkpt lat="45.7041060" lon="4.7528920">
    <ele>271.4</ele>
   </trkpt>
   <trkpt lat="45.7041440" lon="4.7528670">
    <ele>271.4</ele>
   </trkpt>
   <trkpt lat="45.7041820" lon="4.7528370">
    <ele>271.6</ele>
   </trkpt>
   <trkpt lat="45.7042240" lon="4.7528070">
    <ele>272.0</ele>
   </trkpt>
   <trkpt lat="45.7042620" lon="4.7527800">
    <ele>272.0</ele>
   </trkpt>
   <trkpt lat="45.7043010" lon="4.7527520">
    <ele>272.0</ele>
   </trkpt>
   <trkpt lat="45.7043390" lon="4.7527220">
    <ele>272.0</ele>
   </trkpt>
   <trkpt lat="45.7043780" lon="4.7526950">
    <ele>272.0</ele>
   </trkpt>
   <trkpt lat="45.7044190" lon="4.7526660">
    <ele>272.0</ele>
   </trkpt>
   <trkpt lat="45.7044510" lon="4.7526420">
    <ele>272.2</ele>
   </trkpt>
   <trkpt lat="45.7044900" lon="4.7526200">
    <ele>272.4</ele>
   </trkpt>
   <trkpt lat="45.7045310" lon="4.7526100">
    <ele>272.4</ele>
   </trkpt>
   <trkpt lat="45.7045890" lon="4.7525950">
    <ele>272.6</ele>
   </trkpt>
   <trkpt lat="45.7046080" lon="4.7525900">
    <ele>272.8</ele>
   </trkpt>
   <trkpt lat="45.7046460" lon="4.7525900">
    <ele>272.8</ele>
   </trkpt>
   <trkpt lat="45.7046820" lon="4.7526040">
    <ele>272.8</ele>
   </trkpt>
   <trkpt lat="45.7047010" lon="4.7526280">
    <ele>273.2</ele>
   </trkpt>
   <trkpt lat="45.7047040" lon="4.7526630">
    <ele>273.2</ele>
   </trkpt>
   <trkpt lat="45.7047010" lon="4.7527080">
    <ele>273.0</ele>
   </trkpt>
   <trkpt lat="45.7046880" lon="4.7527770">
    <ele>273.0</ele>
   </trkpt>
   <trkpt lat="45.7046780" lon="4.7528370">
    <ele>272.8</ele>
   </trkpt>
   <trkpt lat="45.7046690" lon="4.7528950">
    <ele>272.6</ele>
   </trkpt>
   <trkpt lat="45.7046620" lon="4.7529520">
    <ele>272.6</ele>
   </trkpt>
   <trkpt lat="45.7046560" lon="4.7530080">
    <ele>272.4</ele>
   </trkpt>
   <trkpt lat="45.7046460" lon="4.7530530">
    <ele>272.4</ele>
   </trkpt>
   <trkpt lat="45.7046430" lon="4.7531000">
    <ele>272.4</ele>
   </trkpt>
   <trkpt lat="45.7046400" lon="4.7531420">
    <ele>272.4</ele>
   </trkpt>
   <trkpt lat="45.7046500" lon="4.7531720">
    <ele>272.0</ele>
   </trkpt>
   <trkpt lat="45.7046590" lon="4.7532030">
    <ele>271.6</ele>
   </trkpt>
   <trkpt lat="45.7046660" lon="4.7532440">
    <ele>271.4</ele>
   </trkpt>
   <trkpt lat="45.7046780" lon="4.7532820">
    <ele>271.2</ele>
   </trkpt>
   <trkpt lat="45.7046820" lon="4.7533170">
    <ele>271.2</ele>
   </trkpt>
   <trkpt lat="45.7046820" lon="4.7533460">
    <ele>270.8</ele>
   </trkpt>
   <trkpt lat="45.7046880" lon="4.7533830">
    <ele>269.4</ele>
   </trkpt>
   <trkpt lat="45.7047170" lon="4.7534060">
    <ele>269.2</ele>
   </trkpt>
   <trkpt lat="45.7047400" lon="4.7534350">
    <ele>268.4</ele>
   </trkpt>
   <trkpt lat="45.7047490" lon="4.7534420">
    <ele>268.0</ele>
   </trkpt>
   <trkpt lat="45.7047780" lon="4.7534530">
    <ele>268.0</ele>
   </trkpt>
   <trkpt lat="45.7048000" lon="4.7534630">
    <ele>268.0</ele>
   </trkpt>
   <trkpt lat="45.7048260" lon="4.7534670">
    <ele>267.8</ele>
   </trkpt>
   <trkpt lat="45.7048580" lon="4.7534680">
    <ele>267.8</ele>
   </trkpt>
   <trkpt lat="45.7048830" lon="4.7534530">
    <ele>268.4</ele>
   </trkpt>
   <trkpt lat="45.7049090" lon="4.7534520">
    <ele>268.4</ele>
   </trkpt>
   <trkpt lat="45.7049410" lon="4.7534530">
    <ele>268.4</ele>
   </trkpt>
   <trkpt lat="45.7049790" lon="4.7534500">
    <ele>269.0</ele>
   </trkpt>
   <trkpt lat="45.7050080" lon="4.7534350">
    <ele>269.4</ele>
   </trkpt>
   <trkpt lat="45.7050270" lon="4.7534180">
    <ele>269.6</ele>
   </trkpt>
   <trkpt lat="45.7050460" lon="4.7533900">
    <ele>270.2</ele>
   </trkpt>
   <trkpt lat="45.7050460" lon="4.7533420">
    <ele>270.8</ele>
   </trkpt>
   <trkpt lat="45.7050620" lon="4.7533140">
    <ele>270.8</ele>
   </trkpt>
   <trkpt lat="45.7050780" lon="4.7532900">
    <ele>270.8</ele>
   </trkpt>
   <trkpt lat="45.7050880" lon="4.7532640">
    <ele>270.8</ele>
   </trkpt>
   <trkpt lat="45.7051040" lon="4.7532450">
    <ele>270.8</ele>
   </trkpt>
   <trkpt lat="45.7051230" lon="4.7532370">
    <ele>271.0</ele>
   </trkpt>
   <trkpt lat="45.7051460" lon="4.7532380">
    <ele>271.2</ele>
   </trkpt>
   <trkpt lat="45.7051710" lon="4.7532440">
    <ele>271.6</ele>
   </trkpt>
   <trkpt lat="45.7051710" lon="4.7532440">
    <ele>272.2</ele>
   </trkpt>
   <trkpt lat="45.7052000" lon="4.7532480">
    <ele>273.0</ele>
   </trkpt>
   <trkpt lat="45.7052220" lon="4.7532520">
    <ele>273.8</ele>
   </trkpt>
   <trkpt lat="45.7052420" lon="4.7532580">
    <ele>274.2</ele>
   </trkpt>
   <trkpt lat="45.7052420" lon="4.7532580">
    <ele>274.6</ele>
   </trkpt>
   <trkpt lat="45.7052800" lon="4.7532640">
    <ele>275.2</ele>
   </trkpt>
   <trkpt lat="45.7052990" lon="4.7532650">
    <ele>275.8</ele>
   </trkpt>
   <trkpt lat="45.7053310" lon="4.7532680">
    <ele>276.4</ele>
   </trkpt>
   <trkpt lat="45.7053540" lon="4.7532680">
    <ele>277.2</ele>
   </trkpt>
   <trkpt lat="45.7053790" lon="4.7532700">
    <ele>278.0</ele>
   </trkpt>
   <trkpt lat="45.7053980" lon="4.7532700">
    <ele>278.2</ele>
   </trkpt>
   <trkpt lat="45.7054240" lon="4.7532700">
    <ele>278.2</ele>
   </trkpt>
   <trkpt lat="45.7054530" lon="4.7532720">
    <ele>278.4</ele>
   </trkpt>
   <trkpt lat="45.7054750" lon="4.7532740">
    <ele>279.0</ele>
   </trkpt>
   <trkpt lat="45.7054940" lon="4.7532700">
    <ele>279.4</ele>
   </trkpt>
   <trkpt lat="45.7054940" lon="4.7532700">
    <ele>280.0</ele>
   </trkpt>
   <trkpt lat="45.7055230" lon="4.7532670">
    <ele>280.6</ele>
   </trkpt>
   <trkpt lat="45.7055420" lon="4.7532640">
    <ele>281.2</ele>
   </trkpt>
   <trkpt lat="45.7055420" lon="4.7532640">
    <ele>281.4</ele>
   </trkpt>
   <trkpt lat="45.7055740" lon="4.7532520">
    <ele>282.0</ele>
   </trkpt>
   <trkpt lat="45.7055740" lon="4.7532520">
    <ele>282.8</ele>
   </trkpt>
   <trkpt lat="45.7056000" lon="4.7532350">
    <ele>283.2</ele>
   </trkpt>
   <trkpt lat="45.7056000" lon="4.7532350">
    <ele>283.6</ele>
   </trkpt>
   <trkpt lat="45.7056320" lon="4.7532250">
    <ele>284.2</ele>
   </trkpt>
   <trkpt lat="45.7056320" lon="4.7532250">
    <ele>284.8</ele>
   </trkpt>
   <trkpt lat="45.7056610" lon="4.7532250">
    <ele>285.2</ele>
   </trkpt>
   <trkpt lat="45.7056610" lon="4.7532250">
    <ele>285.6</ele>
   </trkpt>
   <trkpt lat="45.7056930" lon="4.7532150">
    <ele>286.0</ele>
   </trkpt>
   <trkpt lat="45.7056930" lon="4.7532150">
    <ele>286.8</ele>
   </trkpt>
   <trkpt lat="45.7057180" lon="4.7531970">
    <ele>287.4</ele>
   </trkpt>
   <trkpt lat="45.7057180" lon="4.7531970">
    <ele>287.8</ele>
   </trkpt>
   <trkpt lat="45.7057500" lon="4.7531970">
    <ele>288.2</ele>
   </trkpt>
   <trkpt lat="45.7057500" lon="4.7531970">
    <ele>288.4</ele>
   </trkpt>
   <trkpt lat="45.7057790" lon="4.7531930">
    <ele>289.2</ele>
   </trkpt>
   <trkpt lat="45.7057790" lon="4.7531930">
    <ele>289.6</ele>
   </trkpt>
   <trkpt lat="45.7058080" lon="4.7531770">
    <ele>290.2</ele>
   </trkpt>
   <trkpt lat="45.7058080" lon="4.7531770">
    <ele>291.0</ele>
   </trkpt>
   <trkpt lat="45.7058300" lon="4.7531750">
    <ele>291.8</ele>
   </trkpt>
   <trkpt lat="45.7058300" lon="4.7531750">
    <ele>292.0</ele>
   </trkpt>
   <trkpt lat="45.7058500" lon="4.7531730">
    <ele>292.4</ele>
   </trkpt>
   <trkpt lat="45.7058500" lon="4.7531730">
    <ele>293.4</ele>
   </trkpt>
   <trkpt lat="45.7058780" lon="4.7531650">
    <ele>294.2</ele>
   </trkpt>
   <trkpt lat="45.7058780" lon="4.7531650">
    <ele>294.6</ele>
   </trkpt>
   <trkpt lat="45.7059010" lon="4.7531430">
    <ele>295.2</ele>
   </trkpt>
   <trkpt lat="45.7059170" lon="4.7531180">
    <ele>295.8</ele>
   </trkpt>
   <trkpt lat="45.7059260" lon="4.7530920">
    <ele>296.2</ele>
   </trkpt>
   <trkpt lat="45.7059330" lon="4.7530650">
    <ele>296.8</ele>
   </trkpt>
   <trkpt lat="45.7059390" lon="4.7530350">
    <ele>297.2</ele>
   </trkpt>
   <trkpt lat="45.7059460" lon="4.7530000">
    <ele>297.8</ele>
   </trkpt>
   <trkpt lat="45.7059520" lon="4.7529650">
    <ele>298.2</ele>
   </trkpt>
   <trkpt lat="45.7059720" lon="4.7529140">
    <ele>298.6</ele>
   </trkpt>
   <trkpt lat="45.7059810" lon="4.7528950">
    <ele>299.0</ele>
   </trkpt>
   <trkpt lat="45.7060060" lon="4.7528640">
    <ele>299.0</ele>
   </trkpt>
   <trkpt lat="45.7060260" lon="4.7528380">
    <ele>299.2</ele>
   </trkpt>
   <trkpt lat="45.7060450" lon="4.7528200">
    <ele>299.2</ele>
   </trkpt>
   <trkpt lat="45.7060670" lon="4.7528030">
    <ele>299.4</ele>
   </trkpt>
   <trkpt lat="45.7060900" lon="4.7527930">
    <ele>299.8</ele>
   </trkpt>
   <trkpt lat="45.7061090" lon="4.7527830">
    <ele>300.2</ele>
   </trkpt>
   <trkpt lat="45.7061380" lon="4.7527700">
    <ele>300.2</ele>
   </trkpt>
   <trkpt lat="45.7061600" lon="4.7527580">
    <ele>300.4</ele>
   </trkpt>
   <trkpt lat="45.7061890" lon="4.7527450">
    <ele>300.8</ele>
   </trkpt>
   <trkpt lat="45.7062240" lon="4.7527330">
    <ele>301.0</ele>
   </trkpt>
   <trkpt lat="45.7062500" lon="4.7527180">
    <ele>301.2</ele>
   </trkpt>
   <trkpt lat="45.7062780" lon="4.7527050">
    <ele>301.2</ele>
   </trkpt>
   <trkpt lat="45.7063100" lon="4.7526880">
    <ele>301.0</ele>
   </trkpt>
   <trkpt lat="45.7063360" lon="4.7526800">
    <ele>300.8</ele>
   </trkpt>
   <trkpt lat="45.7063680" lon="4.7526730">
    <ele>301.0</ele>
   </trkpt>
   <trkpt lat="45.7064100" lon="4.7526680">
    <ele>301.4</ele>
   </trkpt>
   <trkpt lat="45.7064320" lon="4.7526480">
    <ele>301.6</ele>
   </trkpt>
   <trkpt lat="45.7064540" lon="4.7526450">
    <ele>301.6</ele>
   </trkpt>
   <trkpt lat="45.7064770" lon="4.7526450">
    <ele>302.0</ele>
   </trkpt>
   <trkpt lat="45.7065120" lon="4.7526630">
    <ele>302.2</ele>
   </trkpt>
   <trkpt lat="45.7065220" lon="4.7526750">
    <ele>302.4</ele>
   </trkpt>
   <trkpt lat="45.7065380" lon="4.7527030">
    <ele>302.6</ele>
   </trkpt>
   <trkpt lat="45.7065570" lon="4.7527320">
    <ele>303.0</ele>
   </trkpt>
   <trkpt lat="45.7065820" lon="4.7527600">
    <ele>303.2</ele>
   </trkpt>
   <trkpt lat="45.7066020" lon="4.7527830">
    <ele>303.6</ele>
   </trkpt>
   <trkpt lat="45.7066270" lon="4.7528070">
    <ele>304.0</ele>
   </trkpt>
   <trkpt lat="45.7066530" lon="4.7528280">
    <ele>304.2</ele>
   </trkpt>
   <trkpt lat="45.7066850" lon="4.7528450">
    <ele>304.2</ele>
   </trkpt>
   <trkpt lat="45.7067200" lon="4.7528700">
    <ele>304.8</ele>
   </trkpt>
   <trkpt lat="45.7067460" lon="4.7528900">
    <ele>305.2</ele>
   </trkpt>
   <trkpt lat="45.7067680" lon="4.7529120">
    <ele>305.4</ele>
   </trkpt>
   <trkpt lat="45.7067940" lon="4.7529380">
    <ele>305.4</ele>
   </trkpt>
   <trkpt lat="45.7068220" lon="4.7529620">
    <ele>305.8</ele>
   </trkpt>
   <trkpt lat="45.7068420" lon="4.7529850">
    <ele>306.0</ele>
   </trkpt>
   <trkpt lat="45.7068640" lon="4.7530130">
    <ele>306.0</ele>
   </trkpt>
   <trkpt lat="45.7068930" lon="4.7530450">
    <ele>306.2</ele>
   </trkpt>
   <trkpt lat="45.7069310" lon="4.7530820">
    <ele>306.4</ele>
   </trkpt>
   <trkpt lat="45.7069700" lon="4.7531120">
    <ele>306.4</ele>
   </trkpt>
   <trkpt lat="45.7070050" lon="4.7531350">
    <ele>306.2</ele>
   </trkpt>
   <trkpt lat="45.7070430" lon="4.7531570">
    <ele>306.2</ele>
   </trkpt>
   <trkpt lat="45.7070820" lon="4.7531780">
    <ele>306.0</ele>
   </trkpt>
   <trkpt lat="45.7071200" lon="4.7531950">
    <ele>305.4</ele>
   </trkpt>
   <trkpt lat="45.7071580" lon="4.7532070">
    <ele>305.4</ele>
   </trkpt>
   <trkpt lat="45.7071970" lon="4.7532200">
    <ele>305.4</ele>
   </trkpt>
   <trkpt lat="45.7072320" lon="4.7532280">
    <ele>305.2</ele>
   </trkpt>
   <trkpt lat="45.7072910" lon="4.7532410">
    <ele>305.2</ele>
   </trkpt>
   <trkpt lat="45.7073120" lon="4.7532450">
    <ele>305.0</ele>
   </trkpt>
   <trkpt lat="45.7073470" lon="4.7532500">
    <ele>305.0</ele>
   </trkpt>
   <trkpt lat="45.7073860" lon="4.7532580">
    <ele>305.0</ele>
   </trkpt>
   <trkpt lat="45.7074210" lon="4.7532650">
    <ele>305.0</ele>
   </trkpt>
   <trkpt lat="45.7074590" lon="4.7532670">
    <ele>305.0</ele>
   </trkpt>
   <trkpt lat="45.7075010" lon="4.7532740">
    <ele>305.2</ele>
   </trkpt>
   <trkpt lat="45.7075360" lon="4.7532780">
    <ele>305.2</ele>
   </trkpt>
   <trkpt lat="45.7075650" lon="4.7532850">
    <ele>305.2</ele>
   </trkpt>
   <trkpt lat="45.7076030" lon="4.7532870">
    <ele>305.4</ele>
   </trkpt>
   <trkpt lat="45.7076380" lon="4.7532950">
    <ele>305.6</ele>
   </trkpt>
   <trkpt lat="45.7076770" lon="4.7533080">
    <ele>305.6</ele>
   </trkpt>
   <trkpt lat="45.7077090" lon="4.7533220">
    <ele>305.8</ele>
   </trkpt>
   <trkpt lat="45.7077470" lon="4.7533370">
    <ele>306.2</ele>
   </trkpt>
   <trkpt lat="45.7077860" lon="4.7533520">
    <ele>306.4</ele>
   </trkpt>
   <trkpt lat="45.7078240" lon="4.7533620">
    <ele>306.4</ele>
   </trkpt>
   <trkpt lat="45.7078590" lon="4.7533660">
    <ele>306.4</ele>
   </trkpt>
   <trkpt lat="45.7078980" lon="4.7533780">
    <ele>306.4</ele>
   </trkpt>
   <trkpt lat="45.7079260" lon="4.7533900">
    <ele>306.4</ele>
   </trkpt>
   <trkpt lat="45.7079650" lon="4.7533980">
    <ele>306.6</ele>
   </trkpt>
   <trkpt lat="45.7080000" lon="4.7534120">
    <ele>306.6</ele>
   </trkpt>
   <trkpt lat="45.7080320" lon="4.7534260">
    <ele>306.6</ele>
   </trkpt>
   <trkpt lat="45.7080640" lon="4.7534380">
    <ele>306.6</ele>
   </trkpt>
   <trkpt lat="45.7081200" lon="4.7534520">
    <ele>306.6</ele>
   </trkpt>
   <trkpt lat="45.7081380" lon="4.7534560">
    <ele>306.6</ele>
   </trkpt>
   <trkpt lat="45.7081760" lon="4.7534560">
    <ele>306.8</ele>
   </trkpt>
   <trkpt lat="45.7082180" lon="4.7534670">
    <ele>306.8</ele>
   </trkpt>
   <trkpt lat="45.7082620" lon="4.7534800">
    <ele>306.8</ele>
   </trkpt>
   <trkpt lat="45.7083040" lon="4.7534930">
    <ele>307.0</ele>
   </trkpt>
   <trkpt lat="45.7083390" lon="4.7535070">
    <ele>307.4</ele>
   </trkpt>
   <trkpt lat="45.7083710" lon="4.7535230">
    <ele>307.4</ele>
   </trkpt>
   <trkpt lat="45.7084160" lon="4.7535470">
    <ele>307.6</ele>
   </trkpt>
   <trkpt lat="45.7084510" lon="4.7535580">
    <ele>307.6</ele>
   </trkpt>
   <trkpt lat="45.7084900" lon="4.7535670">
    <ele>307.8</ele>
   </trkpt>
   <trkpt lat="45.7085180" lon="4.7535740">
    <ele>308.0</ele>
   </trkpt>
   <trkpt lat="45.7085540" lon="4.7535800">
    <ele>308.2</ele>
   </trkpt>
   <trkpt lat="45.7085890" lon="4.7535940">
    <ele>308.4</ele>
   </trkpt>
   <trkpt lat="45.7086180" lon="4.7536170">
    <ele>308.6</ele>
   </trkpt>
   <trkpt lat="45.7086530" lon="4.7536500">
    <ele>308.8</ele>
   </trkpt>
   <trkpt lat="45.7086910" lon="4.7536720">
    <ele>309.0</ele>
   </trkpt>
   <trkpt lat="45.7087260" lon="4.7536800">
    <ele>309.0</ele>
   </trkpt>
   <trkpt lat="45.7087620" lon="4.7536940">
    <ele>309.2</ele>
   </trkpt>
   <trkpt lat="45.7088000" lon="4.7537030">
    <ele>309.4</ele>
   </trkpt>
   <trkpt lat="45.7088380" lon="4.7537070">
    <ele>309.4</ele>
   </trkpt>
   <trkpt lat="45.7088740" lon="4.7537150">
    <ele>309.6</ele>
   </trkpt>
   <trkpt lat="45.7089060" lon="4.7537300">
    <ele>309.6</ele>
   </trkpt>
   <trkpt lat="45.7089380" lon="4.7537430">
    <ele>309.6</ele>
   </trkpt>
   <trkpt lat="45.7089860" lon="4.7537480">
    <ele>309.2</ele>
   </trkpt>
   <trkpt lat="45.7090270" lon="4.7537600">
    <ele>309.2</ele>
   </trkpt>
   <trkpt lat="45.7090560" lon="4.7537780">
    <ele>309.2</ele>
   </trkpt>
   <trkpt lat="45.7090980" lon="4.7537980">
    <ele>309.6</ele>
   </trkpt>
   <trkpt lat="45.7091440" lon="4.7538220">
    <ele>309.8</ele>
   </trkpt>
   <trkpt lat="45.7091580" lon="4.7538280">
    <ele>309.6</ele>
   </trkpt>
   <trkpt lat="45.7091870" lon="4.7538380">
    <ele>309.8</ele>
   </trkpt>
   <trkpt lat="45.7092130" lon="4.7538450">
    <ele>309.8</ele>
   </trkpt>
   <trkpt lat="45.7092350" lon="4.7538550">
    <ele>310.0</ele>
   </trkpt>
   <trkpt lat="45.7092670" lon="4.7538680">
    <ele>310.4</ele>
   </trkpt>
   <trkpt lat="45.7093060" lon="4.7538750">
    <ele>310.4</ele>
   </trkpt>
   <trkpt lat="45.7093340" lon="4.7538800">
    <ele>310.4</ele>
   </trkpt>
   <trkpt lat="45.7093730" lon="4.7538870">
    <ele>310.8</ele>
   </trkpt>
   <trkpt lat="45.7094050" lon="4.7538970">
    <ele>311.0</ele>
   </trkpt>
   <trkpt lat="45.7094340" lon="4.7539000">
    <ele>311.4</ele>
   </trkpt>
   <trkpt lat="45.7094690" lon="4.7539120">
    <ele>311.8</ele>
   </trkpt>
   <trkpt lat="45.7095040" lon="4.7539140">
    <ele>311.8</ele>
   </trkpt>
   <trkpt lat="45.7095360" lon="4.7539200">
    <ele>312.0</ele>
   </trkpt>
   <trkpt lat="45.7095710" lon="4.7539200">
    <ele>312.2</ele>
   </trkpt>
   <trkpt lat="45.7096060" lon="4.7539250">
    <ele>312.4</ele>
   </trkpt>
   <trkpt lat="45.7096420" lon="4.7539320">
    <ele>313.0</ele>
   </trkpt>
   <trkpt lat="45.7096670" lon="4.7539400">
    <ele>313.4</ele>
   </trkpt>
   <trkpt lat="45.7096930" lon="4.7539450">
    <ele>313.8</ele>
   </trkpt>
   <trkpt lat="45.7097220" lon="4.7539550">
    <ele>314.0</ele>
   </trkpt>
   <trkpt lat="45.7097540" lon="4.7539670">
    <ele>314.4</ele>
   </trkpt>
   <trkpt lat="45.7097890" lon="4.7539700">
    <ele>314.6</ele>
   </trkpt>
   <trkpt lat="45.7098140" lon="4.7539720">
    <ele>314.8</ele>
   </trkpt>
   <trkpt lat="45.7098590" lon="4.7539670">
    <ele>315.0</ele>
   </trkpt>
   <trkpt lat="45.7098910" lon="4.7539700">
    <ele>315.4</ele>
   </trkpt>
   <trkpt lat="45.7099390" lon="4.7539750">
    <ele>315.4</ele>
   </trkpt>
   <trkpt lat="45.7099780" lon="4.7539780">
    <ele>315.6</ele>
   </trkpt>
   <trkpt lat="45.7100100" lon="4.7539850">
    <ele>315.6</ele>
   </trkpt>
   <trkpt lat="45.7100450" lon="4.7539970">
    <ele>315.8</ele>
   </trkpt>
   <trkpt lat="45.7101120" lon="4.7540230">
    <ele>315.8</ele>
   </trkpt>
   <trkpt lat="45.7101380" lon="4.7540330">
    <ele>316.2</ele>
   </trkpt>
   <trkpt lat="45.7101860" lon="4.7540530">
    <ele>316.4</ele>
   </trkpt>
   <trkpt lat="45.7102180" lon="4.7540700">
    <ele>316.6</ele>
   </trkpt>
   <trkpt lat="45.7102460" lon="4.7540850">
    <ele>316.8</ele>
   </trkpt>
   <trkpt lat="45.7102850" lon="4.7540960">
    <ele>317.2</ele>
   </trkpt>
   <trkpt lat="45.7103200" lon="4.7541060">
    <ele>317.2</ele>
   </trkpt>
   <trkpt lat="45.7103550" lon="4.7541200">
    <ele>317.6</ele>
   </trkpt>
   <trkpt lat="45.7103900" lon="4.7541300">
    <ele>317.6</ele>
   </trkpt>
   <trkpt lat="45.7104290" lon="4.7541430">
    <ele>317.8</ele>
   </trkpt>
   <trkpt lat="45.7104670" lon="4.7541670">
    <ele>317.8</ele>
   </trkpt>
   <trkpt lat="45.7105090" lon="4.7542070">
    <ele>318.0</ele>
   </trkpt>
   <trkpt lat="45.7105410" lon="4.7542520">
    <ele>318.0</ele>
   </trkpt>
   <trkpt lat="45.7105570" lon="4.7543050">
    <ele>318.0</ele>
   </trkpt>
   <trkpt lat="45.7105630" lon="4.7543620">
    <ele>318.0</ele>
   </trkpt>
   <trkpt lat="45.7105730" lon="4.7544180">
    <ele>318.0</ele>
   </trkpt>
   <trkpt lat="45.7105760" lon="4.7544750">
    <ele>318.2</ele>
   </trkpt>
   <trkpt lat="45.7105760" lon="4.7545300">
    <ele>318.2</ele>
   </trkpt>
   <trkpt lat="45.7105760" lon="4.7545880">
    <ele>318.0</ele>
   </trkpt>
   <trkpt lat="45.7105760" lon="4.7546470">
    <ele>318.0</ele>
   </trkpt>
   <trkpt lat="45.7105760" lon="4.7547000">
    <ele>318.2</ele>
   </trkpt>
   <trkpt lat="45.7105760" lon="4.7547550">
    <ele>318.2</ele>
   </trkpt>
   <trkpt lat="45.7105760" lon="4.7548120">
    <ele>318.2</ele>
   </trkpt>
   <trkpt lat="45.7105760" lon="4.7548670">
    <ele>317.4</ele>
   </trkpt>
   <trkpt lat="45.7105730" lon="4.7549230">
    <ele>317.4</ele>
   </trkpt>
   <trkpt lat="45.7105730" lon="4.7550050">
    <ele>317.6</ele>
   </trkpt>
   <trkpt lat="45.7105730" lon="4.7550340">
    <ele>317.4</ele>
   </trkpt>
   <trkpt lat="45.7105730" lon="4.7550880">
    <ele>317.4</ele>
   </trkpt>
   <trkpt lat="45.7105730" lon="4.7551480">
    <ele>317.4</ele>
   </trkpt>
   <trkpt lat="45.7105730" lon="4.7552050">
    <ele>317.2</ele>
   </trkpt>
   <trkpt lat="45.7105660" lon="4.7552620">
    <ele>317.2</ele>
   </trkpt>
   <trkpt lat="45.7105730" lon="4.7553150">
    <ele>317.2</ele>
   </trkpt>
   <trkpt lat="45.7105760" lon="4.7553680">
    <ele>317.2</ele>
   </trkpt>
   <trkpt lat="45.7105760" lon="4.7554200">
    <ele>317.2</ele>
   </trkpt>
   <trkpt lat="45.7105730" lon="4.7554730">
    <ele>317.2</ele>
   </trkpt>
   <trkpt lat="45.7105730" lon="4.7555260">
    <ele>317.2</ele>
   </trkpt>
   <trkpt lat="45.7105660" lon="4.7555820">
    <ele>317.2</ele>
   </trkpt>
   <trkpt lat="45.7105660" lon="4.7556350">
    <ele>317.2</ele>
   </trkpt>
   <trkpt lat="45.7105630" lon="4.7556940">
    <ele>317.4</ele>
   </trkpt>
   <trkpt lat="45.7105630" lon="4.7557470">
    <ele>317.4</ele>
   </trkpt>
   <trkpt lat="45.7105600" lon="4.7558030">
    <ele>317.4</ele>
   </trkpt>
   <trkpt lat="45.7105540" lon="4.7558580">
    <ele>317.4</ele>
   </trkpt>
   <trkpt lat="45.7105470" lon="4.7559160">
    <ele>317.6</ele>
   </trkpt>
   <trkpt lat="45.7105470" lon="4.7559750">
    <ele>317.6</ele>
   </trkpt>
   <trkpt lat="45.7105440" lon="4.7560300">
    <ele>317.6</ele>
   </trkpt>
   <trkpt lat="45.7105440" lon="4.7560850">
    <ele>317.8</ele>
   </trkpt>
   <trkpt lat="45.7105410" lon="4.7561420">
    <ele>317.8</ele>
   </trkpt>
   <trkpt lat="45.7105380" lon="4.7561960">
    <ele>317.8</ele>
   </trkpt>
   <trkpt lat="45.7105340" lon="4.7562520">
    <ele>317.8</ele>
   </trkpt>
   <trkpt lat="45.7105280" lon="4.7563000">
    <ele>317.8</ele>
   </trkpt>
   <trkpt lat="45.7105250" lon="4.7563530">
    <ele>318.0</ele>
   </trkpt>
   <trkpt lat="45.7105250" lon="4.7564100">
    <ele>318.2</ele>
   </trkpt>
   <trkpt lat="45.7105250" lon="4.7564670">
    <ele>318.2</ele>
   </trkpt>
   <trkpt lat="45.7105250" lon="4.7565220">
    <ele>318.0</ele>
   </trkpt>
   <trkpt lat="45.7105250" lon="4.7566040">
    <ele>318.0</ele>
   </trkpt>
   <trkpt lat="45.7105250" lon="4.7566320">
    <ele>318.2</ele>
   </trkpt>
   <trkpt lat="45.7105180" lon="4.7566870">
    <ele>318.2</ele>
   </trkpt>
   <trkpt lat="45.7105090" lon="4.7567420">
    <ele>318.0</ele>
   </trkpt>
   <trkpt lat="45.7105060" lon="4.7568020">
    <ele>317.8</ele>
   </trkpt>
   <trkpt lat="45.7104990" lon="4.7568620">
    <ele>318.0</ele>
   </trkpt>
   <trkpt lat="45.7104960" lon="4.7569200">
    <ele>318.0</ele>
   </trkpt>
   <trkpt lat="45.7104900" lon="4.7569780">
    <ele>318.0</ele>
   </trkpt>
   <trkpt lat="45.7104830" lon="4.7570350">
    <ele>318.2</ele>
   </trkpt>
   <trkpt lat="45.7104800" lon="4.7570900">
    <ele>318.2</ele>
   </trkpt>
   <trkpt lat="45.7104740" lon="4.7571480">
    <ele>318.0</ele>
   </trkpt>
   <trkpt lat="45.7104670" lon="4.7572020">
    <ele>318.0</ele>
   </trkpt>
   <trkpt lat="45.7104640" lon="4.7572560">
    <ele>318.2</ele>
   </trkpt>
   <trkpt lat="45.7104580" lon="4.7573130">
    <ele>318.2</ele>
   </trkpt>
   <trkpt lat="45.7104480" lon="4.7573680">
    <ele>318.2</ele>
   </trkpt>
   <trkpt lat="45.7104450" lon="4.7574220">
    <ele>318.2</ele>
   </trkpt>
   <trkpt lat="45.7104420" lon="4.7574780">
    <ele>318.2</ele>
   </trkpt>
   <trkpt lat="45.7104290" lon="4.7575330">
    <ele>318.0</ele>
   </trkpt>
   <trkpt lat="45.7104160" lon="4.7575880">
    <ele>318.2</ele>
   </trkpt>
   <trkpt lat="45.7104030" lon="4.7576400">
    <ele>318.2</ele>
   </trkpt>
   <trkpt lat="45.7103840" lon="4.7576900">
    <ele>318.4</ele>
   </trkpt>
   <trkpt lat="45.7103680" lon="4.7577380">
    <ele>318.4</ele>
   </trkpt>
   <trkpt lat="45.7103490" lon="4.7577870">
    <ele>318.6</ele>
   </trkpt>
   <trkpt lat="45.7103300" lon="4.7578340">
    <ele>318.8</ele>
   </trkpt>
   <trkpt lat="45.7103070" lon="4.7578770">
    <ele>318.8</ele>
   </trkpt>
   <trkpt lat="45.7102850" lon="4.7579150">
    <ele>319.0</ele>
   </trkpt>
   <trkpt lat="45.7102620" lon="4.7579530">
    <ele>319.2</ele>
   </trkpt>
   <trkpt lat="45.7102400" lon="4.7579930">
    <ele>319.4</ele>
   </trkpt>
   <trkpt lat="45.7102230" lon="4.7580620">
    <ele>319.8</ele>
   </trkpt>
   <trkpt lat="45.7102210" lon="4.7580870">
    <ele>320.0</ele>
   </trkpt>
   <trkpt lat="45.7102080" lon="4.7581280">
    <ele>320.2</ele>
   </trkpt>
   <trkpt lat="45.7101980" lon="4.7581670">
    <ele>320.6</ele>
   </trkpt>
   <trkpt lat="45.7101700" lon="4.7581880">
    <ele>321.0</ele>
   </trkpt>
   <trkpt lat="45.7101380" lon="4.7581940">
    <ele>321.2</ele>
   </trkpt>
   <trkpt lat="45.7100900" lon="4.7581870">
    <ele>322.0</ele>
   </trkpt>
   <trkpt lat="45.7100450" lon="4.7581750">
    <ele>322.0</ele>
   </trkpt>
   <trkpt lat="45.7100060" lon="4.7581780">
    <ele>322.0</ele>
   </trkpt>
   <trkpt lat="45.7099810" lon="4.7581940">
    <ele>322.0</ele>
   </trkpt>
   <trkpt lat="45.7099520" lon="4.7582280">
    <ele>322.2</ele>
   </trkpt>
   <trkpt lat="45.7099300" lon="4.7582640">
    <ele>322.2</ele>
   </trkpt>
   <trkpt lat="45.7099140" lon="4.7583150">
    <ele>322.2</ele>
   </trkpt>
   <trkpt lat="45.7099070" lon="4.7583700">
    <ele>322.2</ele>
   </trkpt>
   <trkpt lat="45.7099010" lon="4.7584200">
    <ele>322.4</ele>
   </trkpt>
   <trkpt lat="45.7098980" lon="4.7584680">
    <ele>322.4</ele>
   </trkpt>
   <trkpt lat="45.7098910" lon="4.7585300">
    <ele>322.6</ele>
   </trkpt>
   <trkpt lat="45.7098850" lon="4.7585780">
    <ele>322.8</ele>
   </trkpt>
   <trkpt lat="45.7098880" lon="4.7586320">
    <ele>323.0</ele>
   </trkpt>
   <trkpt lat="45.7098880" lon="4.7586820">
    <ele>323.2</ele>
   </trkpt>
   <trkpt lat="45.7099010" lon="4.7587650">
    <ele>323.2</ele>
   </trkpt>
   <trkpt lat="45.7099040" lon="4.7587920">
    <ele>323.6</ele>
   </trkpt>
   <trkpt lat="45.7099140" lon="4.7588480">
    <ele>323.6</ele>
   </trkpt>
   <trkpt lat="45.7099260" lon="4.7588970">
    <ele>323.8</ele>
   </trkpt>
   <trkpt lat="45.7099420" lon="4.7589500">
    <ele>324.2</ele>
   </trkpt>
   <trkpt lat="45.7099520" lon="4.7590030">
    <ele>324.4</ele>
   </trkpt>
   <trkpt lat="45.7099780" lon="4.7590560">
    <ele>324.4</ele>
   </trkpt>
   <trkpt lat="45.7099900" lon="4.7591070">
    <ele>324.8</ele>
   </trkpt>
   <trkpt lat="45.7100060" lon="4.7591580">
    <ele>324.8</ele>
   </trkpt>
   <trkpt lat="45.7100420" lon="4.7592140">
    <ele>325.0</ele>
   </trkpt>
   <trkpt lat="45.7100700" lon="4.7592720">
    <ele>325.4</ele>
   </trkpt>
   <trkpt lat="45.7100860" lon="4.7593220">
    <ele>325.4</ele>
   </trkpt>
   <trkpt lat="45.7100990" lon="4.7593780">
    <ele>325.4</ele>
   </trkpt>
   <trkpt lat="45.7101020" lon="4.7594300">
    <ele>325.4</ele>
   </trkpt>
   <trkpt lat="45.7101090" lon="4.7594870">
    <ele>325.4</ele>
   </trkpt>
   <trkpt lat="45.7101120" lon="4.7595380">
    <ele>325.4</ele>
   </trkpt>
   <trkpt lat="45.7101220" lon="4.7595940">
    <ele>325.6</ele>
   </trkpt>
   <trkpt lat="45.7101310" lon="4.7596450">
    <ele>325.8</ele>
   </trkpt>
   <trkpt lat="45.7101410" lon="4.7597020">
    <ele>326.0</ele>
   </trkpt>
   <trkpt lat="45.7101470" lon="4.7597560">
    <ele>326.0</ele>
   </trkpt>
   <trkpt lat="45.7101600" lon="4.7598130">
    <ele>326.0</ele>
   </trkpt>
   <trkpt lat="45.7101660" lon="4.7598680">
    <ele>326.0</ele>
   </trkpt>
   <trkpt lat="45.7101790" lon="4.7599220">
    <ele>326.0</ele>
   </trkpt>
   <trkpt lat="45.7101860" lon="4.7599740">
    <ele>326.2</ele>
   </trkpt>
   <trkpt lat="45.7102020" lon="4.7600200">
    <ele>326.2</ele>
   </trkpt>
   <trkpt lat="45.7102180" lon="4.7600720">
    <ele>326.4</ele>
   </trkpt>
   <trkpt lat="45.7102560" lon="4.7601420">
    <ele>326.6</ele>
   </trkpt>
   <trkpt lat="45.7102690" lon="4.7601650">
    <ele>326.8</ele>
   </trkpt>
   <trkpt lat="45.7102940" lon="4.7602120">
    <ele>326.8</ele>
   </trkpt>
   <trkpt lat="45.7103200" lon="4.7602570">
    <ele>326.6</ele>
   </trkpt>
   <trkpt lat="45.7103420" lon="4.7603040">
    <ele>326.4</ele>
   </trkpt>
   <trkpt lat="45.7103740" lon="4.7603520">
    <ele>326.2</ele>
   </trkpt>
   <trkpt lat="45.7104000" lon="4.7604020">
    <ele>326.2</ele>
   </trkpt>
   <trkpt lat="45.7104160" lon="4.7604580">
    <ele>326.2</ele>
   </trkpt>
   <trkpt lat="45.7104220" lon="4.7605170">
    <ele>326.0</ele>
   </trkpt>
   <trkpt lat="45.7104160" lon="4.7605800">
    <ele>325.8</ele>
   </trkpt>
   <trkpt lat="45.7104060" lon="4.7606370">
    <ele>325.2</ele>
   </trkpt>
   <trkpt lat="45.7103840" lon="4.7606870">
    <ele>325.0</ele>
   </trkpt>
   <trkpt lat="45.7103550" lon="4.7607350">
    <ele>325.0</ele>
   </trkpt>
   <trkpt lat="45.7103230" lon="4.7607820">
    <ele>324.8</ele>
   </trkpt>
   <trkpt lat="45.7102980" lon="4.7608280">
    <ele>323.8</ele>
   </trkpt>
   <trkpt lat="45.7102880" lon="4.7608670">
    <ele>323.6</ele>
   </trkpt>
   <trkpt lat="45.7102940" lon="4.7609020">
    <ele>323.6</ele>
   </trkpt>
   <trkpt lat="45.7103070" lon="4.7609350">
    <ele>323.4</ele>
   </trkpt>
   <trkpt lat="45.7103360" lon="4.7609650">
    <ele>323.2</ele>
   </trkpt>
   <trkpt lat="45.7103650" lon="4.7609970">
    <ele>322.8</ele>
   </trkpt>
   <trkpt lat="45.7104060" lon="4.7610270">
    <ele>322.2</ele>
   </trkpt>
   <trkpt lat="45.7104540" lon="4.7610570">
    <ele>321.4</ele>
   </trkpt>
   <trkpt lat="45.7104960" lon="4.7610850">
    <ele>321.4</ele>
   </trkpt>
   <trkpt lat="45.7105410" lon="4.7611160">
    <ele>320.4</ele>
   </trkpt>
   <trkpt lat="45.7105820" lon="4.7611480">
    <ele>320.0</ele>
   </trkpt>
   <trkpt lat="45.7106270" lon="4.7611850">
    <ele>319.8</ele>
   </trkpt>
   <trkpt lat="45.7106660" lon="4.7612170">
    <ele>319.4</ele>
   </trkpt>
   <trkpt lat="45.7107140" lon="4.7612520">
    <ele>318.6</ele>
   </trkpt>
   <trkpt lat="45.7107580" lon="4.7612850">
    <ele>318.0</ele>
   </trkpt>
   <trkpt lat="45.7108180" lon="4.7613440">
    <ele>317.4</ele>
   </trkpt>
   <trkpt lat="45.7108350" lon="4.7613650">
    <ele>317.0</ele>
   </trkpt>
   <trkpt lat="45.7108610" lon="4.7614150">
    <ele>316.4</ele>
   </trkpt>
   <trkpt lat="45.7108770" lon="4.7614720">
    <ele>316.0</ele>
   </trkpt>
   <trkpt lat="45.7108830" lon="4.7615350">
    <ele>315.4</ele>
   </trkpt>
   <trkpt lat="45.7108830" lon="4.7615980">
    <ele>314.8</ele>
   </trkpt>
   <trkpt lat="45.7108800" lon="4.7616650">
    <ele>314.2</ele>
   </trkpt>
   <trkpt lat="45.7108800" lon="4.7617320">
    <ele>313.8</ele>
   </trkpt>
   <trkpt lat="45.7108770" lon="4.7618030">
    <ele>313.4</ele>
   </trkpt>
   <trkpt lat="45.7108770" lon="4.7618680">
    <ele>312.6</ele>
   </trkpt>
   <trkpt lat="45.7108640" lon="4.7619380">
    <ele>312.0</ele>
   </trkpt>
   <trkpt lat="45.7108700" lon="4.7620050">
    <ele>311.4</ele>
   </trkpt>
   <trkpt lat="45.7108640" lon="4.7620750">
    <ele>310.8</ele>
   </trkpt>
   <trkpt lat="45.7108610" lon="4.7621450">
    <ele>310.2</ele>
   </trkpt>
   <trkpt lat="45.7108580" lon="4.7622120">
    <ele>309.4</ele>
   </trkpt>
   <trkpt lat="45.7108540" lon="4.7622820">
    <ele>309.2</ele>
   </trkpt>
   <trkpt lat="45.7108510" lon="4.7623480">
    <ele>308.8</ele>
   </trkpt>
   <trkpt lat="45.7108450" lon="4.7624170">
    <ele>307.2</ele>
   </trkpt>
   <trkpt lat="45.7108380" lon="4.7624800">
    <ele>306.6</ele>
   </trkpt>
   <trkpt lat="45.7108350" lon="4.7625450">
    <ele>306.2</ele>
   </trkpt>
   <trkpt lat="45.7108310" lon="4.7626380">
    <ele>305.6</ele>
   </trkpt>
   <trkpt lat="45.7108260" lon="4.7626680">
    <ele>305.4</ele>
   </trkpt>
   <trkpt lat="45.7108160" lon="4.7627320">
    <ele>304.6</ele>
   </trkpt>
   <trkpt lat="45.7108030" lon="4.7627880">
    <ele>304.4</ele>
   </trkpt>
   <trkpt lat="45.7107940" lon="4.7628400">
    <ele>303.4</ele>
   </trkpt>
   <trkpt lat="45.7107740" lon="4.7628980">
    <ele>302.6</ele>
   </trkpt>
   <trkpt lat="45.7107580" lon="4.7629530">
    <ele>302.0</ele>
   </trkpt>
   <trkpt lat="45.7107420" lon="4.7630030">
    <ele>302.0</ele>
   </trkpt>
   <trkpt lat="45.7107260" lon="4.7630580">
    <ele>301.0</ele>
   </trkpt>
   <trkpt lat="45.7107070" lon="4.7631170">
    <ele>300.2</ele>
   </trkpt>
   <trkpt lat="45.7106850" lon="4.7631750">
    <ele>299.2</ele>
   </trkpt>
   <trkpt lat="45.7106660" lon="4.7632320">
    <ele>298.6</ele>
   </trkpt>
   <trkpt lat="45.7106430" lon="4.7632950">
    <ele>297.8</ele>
   </trkpt>
   <trkpt lat="45.7106240" lon="4.7633600">
    <ele>296.8</ele>
   </trkpt>
   <trkpt lat="45.7106050" lon="4.7634180">
    <ele>296.0</ele>
   </trkpt>
   <trkpt lat="45.7105890" lon="4.7634770">
    <ele>295.6</ele>
   </trkpt>
   <trkpt lat="45.7105760" lon="4.7635380">
    <ele>294.8</ele>
   </trkpt>
   <trkpt lat="45.7105630" lon="4.7636050">
    <ele>294.0</ele>
   </trkpt>
   <trkpt lat="45.7105600" lon="4.7636680">
    <ele>293.8</ele>
   </trkpt>
   <trkpt lat="45.7105600" lon="4.7637320">
    <ele>292.8</ele>
   </trkpt>
   <trkpt lat="45.7105540" lon="4.7637920">
    <ele>291.8</ele>
   </trkpt>
   <trkpt lat="45.7105410" lon="4.7638600">
    <ele>290.4</ele>
   </trkpt>
   <trkpt lat="45.7105220" lon="4.7639260">
    <ele>289.6</ele>
   </trkpt>
   <trkpt lat="45.7105060" lon="4.7639850">
    <ele>289.0</ele>
   </trkpt>
   <trkpt lat="45.7104900" lon="4.7640400">
    <ele>287.8</ele>
   </trkpt>
   <trkpt lat="45.7104800" lon="4.7641000">
    <ele>287.2</ele>
   </trkpt>
   <trkpt lat="45.7104670" lon="4.7641520">
    <ele>286.0</ele>
   </trkpt>
   <trkpt lat="45.7104580" lon="4.7642020">
    <ele>285.4</ele>
   </trkpt>
   <trkpt lat="45.7104580" lon="4.7642460">
    <ele>284.6</ele>
   </trkpt>
   <trkpt lat="45.7104580" lon="4.7642460">
    <ele>283.0</ele>
   </trkpt>
   <trkpt lat="45.7104870" lon="4.7643140">
    <ele>282.0</ele>
   </trkpt>
   <trkpt lat="45.7104990" lon="4.7643260">
    <ele>281.4</ele>
   </trkpt>
   <trkpt lat="45.7105340" lon="4.7643450">
    <ele>280.0</ele>
   </trkpt>
   <trkpt lat="45.7105730" lon="4.7643600">
    <ele>279.6</ele>
   </trkpt>
   <trkpt lat="45.7106080" lon="4.7643700">
    <ele>279.0</ele>
   </trkpt>
   <trkpt lat="45.7106530" lon="4.7643830">
    <ele>278.2</ele>
   </trkpt>
   <trkpt lat="45.7106780" lon="4.7644120">
    <ele>277.8</ele>
   </trkpt>
   <trkpt lat="45.7107010" lon="4.7644430">
    <ele>277.2</ele>
   </trkpt>
   <trkpt lat="45.7107040" lon="4.7644870">
    <ele>276.6</ele>
   </trkpt>
   <trkpt lat="45.7106980" lon="4.7645370">
    <ele>275.6</ele>
   </trkpt>
   <trkpt lat="45.7106820" lon="4.7645880">
    <ele>274.8</ele>
   </trkpt>
   <trkpt lat="45.7106660" lon="4.7646430">
    <ele>274.4</ele>
   </trkpt>
   <trkpt lat="45.7106400" lon="4.7647000">
    <ele>273.4</ele>
   </trkpt>
   <trkpt lat="45.7106180" lon="4.7647620">
    <ele>273.0</ele>
   </trkpt>
   <trkpt lat="45.7105980" lon="4.7648150">
    <ele>271.8</ele>
   </trkpt>
   <trkpt lat="45.7105860" lon="4.7648750">
    <ele>271.2</ele>
   </trkpt>
   <trkpt lat="45.7105660" lon="4.7649270">
    <ele>270.2</ele>
   </trkpt>
   <trkpt lat="45.7105470" lon="4.7649880">
    <ele>269.0</ele>
   </trkpt>
   <trkpt lat="45.7105280" lon="4.7650480">
    <ele>268.2</ele>
   </trkpt>
   <trkpt lat="45.7105060" lon="4.7650880">
    <ele>267.2</ele>
   </trkpt>
   <trkpt lat="45.7104900" lon="4.7651500">
    <ele>266.4</ele>
   </trkpt>
   <trkpt lat="45.7104800" lon="4.7652170">
    <ele>265.6</ele>
   </trkpt>
   <trkpt lat="45.7104740" lon="4.7652820">
    <ele>264.8</ele>
   </trkpt>
   <trkpt lat="45.7104640" lon="4.7653460">
    <ele>264.8</ele>
   </trkpt>
   <trkpt lat="45.7104600" lon="4.7654320">
    <ele>263.6</ele>
   </trkpt>
   <trkpt lat="45.7104580" lon="4.7654620">
    <ele>262.6</ele>
   </trkpt>
   <trkpt lat="45.7104540" lon="4.7655150">
    <ele>261.2</ele>
   </trkpt>
   <trkpt lat="45.7104540" lon="4.7655720">
    <ele>260.4</ele>
   </trkpt>
   <trkpt lat="45.7104610" lon="4.7656280">
    <ele>259.8</ele>
   </trkpt>
   <trkpt lat="45.7104640" lon="4.7656880">
    <ele>259.2</ele>
   </trkpt>
   <trkpt lat="45.7104640" lon="4.7657450">
    <ele>258.6</ele>
   </trkpt>
   <trkpt lat="45.7104670" lon="4.7658000">
    <ele>258.2</ele>
   </trkpt>
   <trkpt lat="45.7104740" lon="4.7658640">
    <ele>257.4</ele>
   </trkpt>
   <trkpt lat="45.7104770" lon="4.7659240">
    <ele>257.2</ele>
   </trkpt>
   <trkpt lat="45.7104830" lon="4.7659900">
    <ele>256.6</ele>
   </trkpt>
   <trkpt lat="45.7104960" lon="4.7660580">
    <ele>255.6</ele>
   </trkpt>
   <trkpt lat="45.7105060" lon="4.7661250">
    <ele>255.2</ele>
   </trkpt>
   <trkpt lat="45.7105150" lon="4.7661920">
    <ele>254.4</ele>
   </trkpt>
   <trkpt lat="45.7105180" lon="4.7662580">
    <ele>254.0</ele>
   </trkpt>
   <trkpt lat="45.7105220" lon="4.7663230">
    <ele>253.6</ele>
   </trkpt>
   <trkpt lat="45.7105180" lon="4.7663920">
    <ele>253.2</ele>
   </trkpt>
   <trkpt lat="45.7105220" lon="4.7664570">
    <ele>252.6</ele>
   </trkpt>
   <trkpt lat="45.7105280" lon="4.7665220">
    <ele>251.6</ele>
   </trkpt>
   <trkpt lat="45.7105440" lon="4.7665850">
    <ele>250.4</ele>
   </trkpt>
   <trkpt lat="45.7105600" lon="4.7666450">
    <ele>250.0</ele>
   </trkpt>
   <trkpt lat="45.7105790" lon="4.7667020">
    <ele>249.8</ele>
   </trkpt>
   <trkpt lat="45.7105950" lon="4.7667560">
    <ele>249.6</ele>
   </trkpt>
   <trkpt lat="45.7106080" lon="4.7668130">
    <ele>249.2</ele>
   </trkpt>
   <trkpt lat="45.7106240" lon="4.7668680">
    <ele>249.0</ele>
   </trkpt>
   <trkpt lat="45.7106400" lon="4.7669240">
    <ele>248.6</ele>
   </trkpt>
   <trkpt lat="45.7106560" lon="4.7669800">
    <ele>248.2</ele>
   </trkpt>
   <trkpt lat="45.7106780" lon="4.7670320">
    <ele>248.0</ele>
   </trkpt>
   <trkpt lat="45.7107040" lon="4.7670900">
    <ele>247.6</ele>
   </trkpt>
   <trkpt lat="45.7107230" lon="4.7671480">
    <ele>247.2</ele>
   </trkpt>
   <trkpt lat="45.7107460" lon="4.7672050">
    <ele>246.6</ele>
   </trkpt>
   <trkpt lat="45.7107750" lon="4.7672930">
    <ele>246.2</ele>
   </trkpt>
   <trkpt lat="45.7107840" lon="4.7673240">
    <ele>246.0</ele>
   </trkpt>
   <trkpt lat="45.7108030" lon="4.7673840">
    <ele>245.8</ele>
   </trkpt>
   <trkpt lat="45.7108220" lon="4.7674480">
    <ele>245.8</ele>
   </trkpt>
   <trkpt lat="45.7108380" lon="4.7675120">
    <ele>245.2</ele>
   </trkpt>
   <trkpt lat="45.7108450" lon="4.7675720">
    <ele>245.0</ele>
   </trkpt>
   <trkpt lat="45.7108580" lon="4.7676300">
    <ele>244.6</ele>
   </trkpt>
   <trkpt lat="45.7108740" lon="4.7676940">
    <ele>244.0</ele>
   </trkpt>
   <trkpt lat="45.7108800" lon="4.7677540">
    <ele>243.6</ele>
   </trkpt>
   <trkpt lat="45.7108930" lon="4.7678180">
    <ele>243.6</ele>
   </trkpt>
   <trkpt lat="45.7109020" lon="4.7678770">
    <ele>243.2</ele>
   </trkpt>
   <trkpt lat="45.7109250" lon="4.7679400">
    <ele>243.2</ele>
   </trkpt>
   <trkpt lat="45.7109440" lon="4.7680040">
    <ele>242.8</ele>
   </trkpt>
   <trkpt lat="45.7109600" lon="4.7680730">
    <ele>242.6</ele>
   </trkpt>
   <trkpt lat="45.7109790" lon="4.7681330">
    <ele>242.0</ele>
   </trkpt>
   <trkpt lat="45.7109980" lon="4.7681980">
    <ele>241.8</ele>
   </trkpt>
   <trkpt lat="45.7110110" lon="4.7682650">
    <ele>241.2</ele>
   </trkpt>
   <trkpt lat="45.7110210" lon="4.7683320">
    <ele>241.0</ele>
   </trkpt>
   <trkpt lat="45.7110370" lon="4.7683920">
    <ele>240.6</ele>
   </trkpt>
   <trkpt lat="45.7110530" lon="4.7684580">
    <ele>240.4</ele>
   </trkpt>
   <trkpt lat="45.7110790" lon="4.7685530">
    <ele>239.8</ele>
   </trkpt>
   <trkpt lat="45.7110850" lon="4.7685880">
    <ele>239.6</ele>
   </trkpt>
   <trkpt lat="45.7110910" lon="4.7686600">
    <ele>239.0</ele>
   </trkpt>
   <trkpt lat="45.7111010" lon="4.7687300">
    <ele>238.4</ele>
   </trkpt>
   <trkpt lat="45.7111170" lon="4.7687900">
    <ele>238.2</ele>
   </trkpt>
   <trkpt lat="45.7111330" lon="4.7688500">
    <ele>238.0</ele>
   </trkpt>
   <trkpt lat="45.7111420" lon="4.7689050">
    <ele>237.8</ele>
   </trkpt>
   <trkpt lat="45.7111620" lon="4.7689650">
    <ele>237.8</ele>
   </trkpt>
   <trkpt lat="45.7111740" lon="4.7690180">
    <ele>237.8</ele>
   </trkpt>
   <trkpt lat="45.7111940" lon="4.7690780">
    <ele>237.8</ele>
   </trkpt>
   <trkpt lat="45.7112100" lon="4.7691280">
    <ele>237.2</ele>
   </trkpt>
   <trkpt lat="45.7112290" lon="4.7691850">
    <ele>236.6</ele>
   </trkpt>
   <trkpt lat="45.7112540" lon="4.7692500">
    <ele>236.2</ele>
   </trkpt>
   <trkpt lat="45.7112800" lon="4.7693150">
    <ele>236.2</ele>
   </trkpt>
   <trkpt lat="45.7113090" lon="4.7693780">
    <ele>236.0</ele>
   </trkpt>
   <trkpt lat="45.7113340" lon="4.7694440">
    <ele>235.8</ele>
   </trkpt>
   <trkpt lat="45.7113570" lon="4.7695080">
    <ele>235.2</ele>
   </trkpt>
   <trkpt lat="45.7113790" lon="4.7695700">
    <ele>235.0</ele>
   </trkpt>
   <trkpt lat="45.7113980" lon="4.7696270">
    <ele>234.6</ele>
   </trkpt>
   <trkpt lat="45.7114180" lon="4.7696830">
    <ele>234.4</ele>
   </trkpt>
   <trkpt lat="45.7114340" lon="4.7697400">
    <ele>234.0</ele>
   </trkpt>
   <trkpt lat="45.7114530" lon="4.7698000">
    <ele>234.0</ele>
   </trkpt>
   <trkpt lat="45.7114620" lon="4.7698540">
    <ele>233.6</ele>
   </trkpt>
   <trkpt lat="45.7115030" lon="4.7699170">
    <ele>233.4</ele>
   </trkpt>
   <trkpt lat="45.7115170" lon="4.7699330">
    <ele>233.4</ele>
   </trkpt>
   <trkpt lat="45.7115490" lon="4.7699530">
    <ele>233.2</ele>
   </trkpt>
   <trkpt lat="45.7115780" lon="4.7699700">
    <ele>233.0</ele>
   </trkpt>
   <trkpt lat="45.7116130" lon="4.7699720">
    <ele>232.8</ele>
   </trkpt>
   <trkpt lat="45.7116540" lon="4.7699800">
    <ele>233.0</ele>
   </trkpt>
   <trkpt lat="45.7116960" lon="4.7699950">
    <ele>233.0</ele>
   </trkpt>
   <trkpt lat="45.7117310" lon="4.7700120">
    <ele>233.2</ele>
   </trkpt>
   <trkpt lat="45.7117660" lon="4.7700230">
    <ele>233.4</ele>
   </trkpt>
   <trkpt lat="45.7118050" lon="4.7700320">
    <ele>233.8</ele>
   </trkpt>
   <trkpt lat="45.7118400" lon="4.7700400">
    <ele>234.0</ele>
   </trkpt>
   <trkpt lat="45.7118690" lon="4.7700470">
    <ele>234.4</ele>
   </trkpt>
   <trkpt lat="45.7118940" lon="4.7700450">
    <ele>235.0</ele>
   </trkpt>
   <trkpt lat="45.7119230" lon="4.7700380">
    <ele>235.0</ele>
   </trkpt>
   <trkpt lat="45.7119490" lon="4.7700230">
    <ele>235.2</ele>
   </trkpt>
   <trkpt lat="45.7119490" lon="4.7700230">
    <ele>236.2</ele>
   </trkpt>
   <trkpt lat="45.7119780" lon="4.7699930">
    <ele>237.0</ele>
   </trkpt>
   <trkpt lat="45.7120060" lon="4.7699950">
    <ele>237.4</ele>
   </trkpt>
   <trkpt lat="45.7120320" lon="4.7699930">
    <ele>238.2</ele>
   </trkpt>
   <trkpt lat="45.7120640" lon="4.7699980">
    <ele>238.4</ele>
   </trkpt>
   <trkpt lat="45.7120930" lon="4.7700000">
    <ele>239.2</ele>
   </trkpt>
   <trkpt lat="45.7121280" lon="4.7700080">
    <ele>239.6</ele>
   </trkpt>
   <trkpt lat="45.7121570" lon="4.7700120">
    <ele>239.6</ele>
   </trkpt>
   <trkpt lat="45.7121890" lon="4.7700170">
    <ele>239.8</ele>
   </trkpt>
   <trkpt lat="45.7122210" lon="4.7700050">
    <ele>240.4</ele>
   </trkpt>
   <trkpt lat="45.7122500" lon="4.7700080">
    <ele>240.6</ele>
   </trkpt>
   <trkpt lat="45.7122850" lon="4.7700100">
    <ele>241.2</ele>
   </trkpt>
   <trkpt lat="45.7123140" lon="4.7700100">
    <ele>241.6</ele>
   </trkpt>
   <trkpt lat="45.7123420" lon="4.7700120">
    <ele>241.8</ele>
   </trkpt>
   <trkpt lat="45.7123740" lon="4.7700120">
    <ele>242.0</ele>
   </trkpt>
   <trkpt lat="45.7124100" lon="4.7700100">
    <ele>242.2</ele>
   </trkpt>
   <trkpt lat="45.7124420" lon="4.7700120">
    <ele>242.6</ele>
   </trkpt>
   <trkpt lat="45.7124800" lon="4.7700130">
    <ele>243.0</ele>
   </trkpt>
   <trkpt lat="45.7125150" lon="4.7700150">
    <ele>243.0</ele>
   </trkpt>
   <trkpt lat="45.7125600" lon="4.7700180">
    <ele>243.0</ele>
   </trkpt>
   <trkpt lat="45.7126020" lon="4.7700170">
    <ele>243.0</ele>
   </trkpt>
   <trkpt lat="45.7126430" lon="4.7700120">
    <ele>243.0</ele>
   </trkpt>
   <trkpt lat="45.7126850" lon="4.7700130">
    <ele>243.0</ele>
   </trkpt>
   <trkpt lat="45.7127230" lon="4.7700100">
    <ele>243.0</ele>
   </trkpt>
   <trkpt lat="45.7127650" lon="4.7700150">
    <ele>243.0</ele>
   </trkpt>
   <trkpt lat="45.7128260" lon="4.7700140">
    <ele>242.8</ele>
   </trkpt>
   <trkpt lat="45.7128450" lon="4.7700120">
    <ele>242.6</ele>
   </trkpt>
   <trkpt lat="45.7128860" lon="4.7700050">
    <ele>242.4</ele>
   </trkpt>
   <trkpt lat="45.7129250" lon="4.7699970">
    <ele>242.4</ele>
   </trkpt>
   <trkpt lat="45.7129660" lon="4.7699870">
    <ele>242.4</ele>
   </trkpt>
   <trkpt lat="45.7130050" lon="4.7699750">
    <ele>242.4</ele>
   </trkpt>
   <trkpt lat="45.7130460" lon="4.7699600">
    <ele>242.0</ele>
   </trkpt>
   <trkpt lat="45.7130880" lon="4.7699550">
    <ele>242.0</ele>
   </trkpt>
   <trkpt lat="45.7131300" lon="4.7699460">
    <ele>241.8</ele>
   </trkpt>
   <trkpt lat="45.7131650" lon="4.7699380">
    <ele>241.6</ele>
   </trkpt>
   <trkpt lat="45.7132100" lon="4.7699300">
    <ele>241.2</ele>
   </trkpt>
   <trkpt lat="45.7132480" lon="4.7699250">
    <ele>241.2</ele>
   </trkpt>
   <trkpt lat="45.7132860" lon="4.7699220">
    <ele>241.2</ele>
   </trkpt>
   <trkpt lat="45.7133220" lon="4.7699180">
    <ele>241.2</ele>
   </trkpt>
   <trkpt lat="45.7133600" lon="4.7699060">
    <ele>241.2</ele>
   </trkpt>
   <trkpt lat="45.7133980" lon="4.7698960">
    <ele>241.2</ele>
   </trkpt>
   <trkpt lat="45.7134340" lon="4.7698920">
    <ele>241.2</ele>
   </trkpt>
   <trkpt lat="45.7134720" lon="4.7698900">
    <ele>241.2</ele>
   </trkpt>
   <trkpt lat="45.7135040" lon="4.7698900">
    <ele>241.2</ele>
   </trkpt>
   <trkpt lat="45.7135460" lon="4.7698880">
    <ele>241.4</ele>
   </trkpt>
   <trkpt lat="45.7135810" lon="4.7698800">
    <ele>241.4</ele>
   </trkpt>
   <trkpt lat="45.7136220" lon="4.7698760">
    <ele>241.4</ele>
   </trkpt>
   <trkpt lat="45.7136640" lon="4.7698680">
    <ele>241.6</ele>
   </trkpt>
   <trkpt lat="45.7137020" lon="4.7698630">
    <ele>241.6</ele>
   </trkpt>
   <trkpt lat="45.7137440" lon="4.7698550">
    <ele>241.6</ele>
   </trkpt>
   <trkpt lat="45.7137860" lon="4.7698480">
    <ele>241.6</ele>
   </trkpt>
   <trkpt lat="45.7138420" lon="4.7698390">
    <ele>241.8</ele>
   </trkpt>
   <trkpt lat="45.7138590" lon="4.7698360">
    <ele>241.8</ele>
   </trkpt>
   <trkpt lat="45.7138910" lon="4.7698320">
    <ele>241.8</ele>
   </trkpt>
   <trkpt lat="45.7139390" lon="4.7698220">
    <ele>242.0</ele>
   </trkpt>
   <trkpt lat="45.7139900" lon="4.7698180">
    <ele>242.0</ele>
   </trkpt>
   <trkpt lat="45.7140420" lon="4.7698040">
    <ele>242.0</ele>
   </trkpt>
   <trkpt lat="45.7140770" lon="4.7697980">
    <ele>242.4</ele>
   </trkpt>
   <trkpt lat="45.7141120" lon="4.7697920">
    <ele>242.4</ele>
   </trkpt>
   <trkpt lat="45.7141410" lon="4.7697840">
    <ele>242.6</ele>
   </trkpt>
   <trkpt lat="45.7141700" lon="4.7697770">
    <ele>242.8</ele>
   </trkpt>
   <trkpt lat="45.7141980" lon="4.7697700">
    <ele>243.2</ele>
   </trkpt>
   <trkpt lat="45.7142270" lon="4.7697700">
    <ele>243.6</ele>
   </trkpt>
   <trkpt lat="45.7142500" lon="4.7697650">
    <ele>243.8</ele>
   </trkpt>
   <trkpt lat="45.7142820" lon="4.7697600">
    <ele>244.0</ele>
   </trkpt>
   <trkpt lat="45.7143100" lon="4.7697540">
    <ele>244.4</ele>
   </trkpt>
   <trkpt lat="45.7143390" lon="4.7697470">
    <ele>244.8</ele>
   </trkpt>
   <trkpt lat="45.7143710" lon="4.7697400">
    <ele>245.2</ele>
   </trkpt>
   <trkpt lat="45.7144260" lon="4.7697270">
    <ele>245.6</ele>
   </trkpt>
   <trkpt lat="45.7144580" lon="4.7697240">
    <ele>245.6</ele>
   </trkpt>
   <trkpt lat="45.7144990" lon="4.7697220">
    <ele>246.0</ele>
   </trkpt>
   <trkpt lat="45.7145380" lon="4.7697180">
    <ele>246.6</ele>
   </trkpt>
   <trkpt lat="45.7145920" lon="4.7697020">
    <ele>246.8</ele>
   </trkpt>
   <trkpt lat="45.7146340" lon="4.7696880">
    <ele>247.4</ele>
   </trkpt>
   <trkpt lat="45.7146750" lon="4.7696780">
    <ele>247.6</ele>
   </trkpt>
   <trkpt lat="45.7147140" lon="4.7696600">
    <ele>247.6</ele>
   </trkpt>
   <trkpt lat="45.7147550" lon="4.7696470">
    <ele>247.8</ele>
   </trkpt>
   <trkpt lat="45.7147940" lon="4.7696370">
    <ele>248.0</ele>
   </trkpt>
   <trkpt lat="45.7148320" lon="4.7696330">
    <ele>248.2</ele>
   </trkpt>
   <trkpt lat="45.7148860" lon="4.7696250">
    <ele>248.2</ele>
   </trkpt>
   <trkpt lat="45.7149020" lon="4.7696230">
    <ele>248.4</ele>
   </trkpt>
   <trkpt lat="45.7149470" lon="4.7696230">
    <ele>248.6</ele>
   </trkpt>
   <trkpt lat="45.7149860" lon="4.7696100">
    <ele>249.0</ele>
   </trkpt>
   <trkpt lat="45.7150240" lon="4.7695950">
    <ele>249.0</ele>
   </trkpt>
   <trkpt lat="45.7150660" lon="4.7695780">
    <ele>249.0</ele>
   </trkpt>
   <trkpt lat="45.7151040" lon="4.7695600">
    <ele>249.0</ele>
   </trkpt>
   <trkpt lat="45.7151460" lon="4.7695460">
    <ele>249.0</ele>
   </trkpt>
   <trkpt lat="45.7151810" lon="4.7695350">
    <ele>249.0</ele>
   </trkpt>
   <trkpt lat="45.7152160" lon="4.7695230">
    <ele>249.2</ele>
   </trkpt>
   <trkpt lat="45.7152540" lon="4.7695130">
    <ele>249.6</ele>
   </trkpt>
   <trkpt lat="45.7152930" lon="4.7695060">
    <ele>249.8</ele>
   </trkpt>
   <trkpt lat="45.7153310" lon="4.7694980">
    <ele>249.8</ele>
   </trkpt>
   <trkpt lat="45.7153700" lon="4.7694880">
    <ele>249.6</ele>
   </trkpt>
   <trkpt lat="45.7154110" lon="4.7694820">
    <ele>249.6</ele>
   </trkpt>
   <trkpt lat="45.7154530" lon="4.7694700">
    <ele>249.6</ele>
   </trkpt>
   <trkpt lat="45.7154980" lon="4.7694600">
    <ele>249.6</ele>
   </trkpt>
   <trkpt lat="45.7155390" lon="4.7694480">
    <ele>249.6</ele>
   </trkpt>
   <trkpt lat="45.7155780" lon="4.7694370">
    <ele>249.6</ele>
   </trkpt>
   <trkpt lat="45.7156130" lon="4.7694240">
    <ele>250.0</ele>
   </trkpt>
   <trkpt lat="45.7156710" lon="4.7694020">
    <ele>250.0</ele>
   </trkpt>
   <trkpt lat="45.7156900" lon="4.7693950">
    <ele>250.0</ele>
   </trkpt>
   <trkpt lat="45.7157280" lon="4.7693850">
    <ele>250.0</ele>
   </trkpt>
   <trkpt lat="45.7157660" lon="4.7693740">
    <ele>250.0</ele>
   </trkpt>
   <trkpt lat="45.7158080" lon="4.7693640">
    <ele>250.0</ele>
   </trkpt>
   <trkpt lat="45.7158500" lon="4.7693500">
    <ele>250.0</ele>
   </trkpt>
   <trkpt lat="45.7158850" lon="4.7693420">
    <ele>250.0</ele>
   </trkpt>
   <trkpt lat="45.7159230" lon="4.7693380">
    <ele>250.0</ele>
   </trkpt>
   <trkpt lat="45.7159620" lon="4.7693300">
    <ele>250.0</ele>
   </trkpt>
   <trkpt lat="45.7160000" lon="4.7693100">
    <ele>250.0</ele>
   </trkpt>
   <trkpt lat="45.7160380" lon="4.7693070">
    <ele>250.2</ele>
   </trkpt>
   <trkpt lat="45.7160830" lon="4.7693200">
    <ele>250.6</ele>
   </trkpt>
   <trkpt lat="45.7161150" lon="4.7693650">
    <ele>250.6</ele>
   </trkpt>
   <trkpt lat="45.7161340" lon="4.7694200">
    <ele>251.0</ele>
   </trkpt>
   <trkpt lat="45.7161410" lon="4.7694850">
    <ele>251.2</ele>
   </trkpt>
   <trkpt lat="45.7161440" lon="4.7695520">
    <ele>251.2</ele>
   </trkpt>
   <trkpt lat="45.7161440" lon="4.7696150">
    <ele>250.8</ele>
   </trkpt>
   <trkpt lat="45.7161380" lon="4.7696780">
    <ele>250.6</ele>
   </trkpt>
   <trkpt lat="45.7161240" lon="4.7697780">
    <ele>250.6</ele>
   </trkpt>
   <trkpt lat="45.7161220" lon="4.7698120">
    <ele>250.2</ele>
   </trkpt>
   <trkpt lat="45.7161280" lon="4.7698700">
    <ele>250.2</ele>
   </trkpt>
   <trkpt lat="45.7161340" lon="4.7699080">
    <ele>250.2</ele>
   </trkpt>
   <trkpt lat="45.7161540" lon="4.7699350">
    <ele>250.2</ele>
   </trkpt>
   <trkpt lat="45.7161760" lon="4.7699500">
    <ele>250.2</ele>
   </trkpt>
   <trkpt lat="45.7162080" lon="4.7699670">
    <ele>250.0</ele>
   </trkpt>
   <trkpt lat="45.7162560" lon="4.7699770">
    <ele>249.8</ele>
   </trkpt>
   <trkpt lat="45.7162940" lon="4.7699830">
    <ele>249.2</ele>
   </trkpt>
   <trkpt lat="45.7163390" lon="4.7699970">
    <ele>249.0</ele>
   </trkpt>
   <trkpt lat="45.7163810" lon="4.7700050">
    <ele>248.8</ele>
   </trkpt>
   <trkpt lat="45.7164480" lon="4.7700120">
    <ele>248.8</ele>
   </trkpt>
   <trkpt lat="45.7164700" lon="4.7700170">
    <ele>248.8</ele>
   </trkpt>
   <trkpt lat="45.7165060" lon="4.7700280">
    <ele>248.6</ele>
   </trkpt>
   <trkpt lat="45.7165500" lon="4.7700420">
    <ele>248.6</ele>
   </trkpt>
   <trkpt lat="45.7165860" lon="4.7700430">
    <ele>248.2</ele>
   </trkpt>
   <trkpt lat="45.7166340" lon="4.7700530">
    <ele>248.0</ele>
   </trkpt>
   <trkpt lat="45.7166780" lon="4.7700620">
    <ele>247.6</ele>
   </trkpt>
   <trkpt lat="45.7167170" lon="4.7700750">
    <ele>247.4</ele>
   </trkpt>
   <trkpt lat="45.7167520" lon="4.7700870">
    <ele>247.0</ele>
   </trkpt>
   <trkpt lat="45.7167840" lon="4.7700940">
    <ele>247.0</ele>
   </trkpt>
   <trkpt lat="45.7168190" lon="4.7700980">
    <ele>247.0</ele>
   </trkpt>
   <trkpt lat="45.7168580" lon="4.7701050">
    <ele>247.2</ele>
   </trkpt>
   <trkpt lat="45.7168900" lon="4.7701140">
    <ele>247.6</ele>
   </trkpt>
   <trkpt lat="45.7169280" lon="4.7701240">
    <ele>247.8</ele>
   </trkpt>
   <trkpt lat="45.7169630" lon="4.7701350">
    <ele>248.2</ele>
   </trkpt>
   <trkpt lat="45.7169980" lon="4.7701440">
    <ele>248.6</ele>
   </trkpt>
   <trkpt lat="45.7170370" lon="4.7701540">
    <ele>249.2</ele>
   </trkpt>
   <trkpt lat="45.7170720" lon="4.7701580">
    <ele>249.2</ele>
   </trkpt>
   <trkpt lat="45.7171140" lon="4.7701620">
    <ele>249.2</ele>
   </trkpt>
   <trkpt lat="45.7171520" lon="4.7701670">
    <ele>249.6</ele>
   </trkpt>
   <trkpt lat="45.7171940" lon="4.7701730">
    <ele>249.8</ele>
   </trkpt>
   <trkpt lat="45.7172320" lon="4.7701820">
    <ele>250.2</ele>
   </trkpt>
   <trkpt lat="45.7172700" lon="4.7701970">
    <ele>250.2</ele>
   </trkpt>
   <trkpt lat="45.7173240" lon="4.7702280">
    <ele>250.4</ele>
   </trkpt>
   <trkpt lat="45.7173380" lon="4.7702430">
    <ele>250.4</ele>
   </trkpt>
   <trkpt lat="45.7173700" lon="4.7702830">
    <ele>250.4</ele>
   </trkpt>
   <trkpt lat="45.7173920" lon="4.7703320">
    <ele>250.6</ele>
   </trkpt>
   <trkpt lat="45.7174080" lon="4.7703880">
    <ele>250.8</ele>
   </trkpt>
   <trkpt lat="45.7174240" lon="4.7704440">
    <ele>250.8</ele>
   </trkpt>
   <trkpt lat="45.7174400" lon="4.7705000">
    <ele>250.6</ele>
   </trkpt>
   <trkpt lat="45.7174690" lon="4.7705480">
    <ele>250.6</ele>
   </trkpt>
   <trkpt lat="45.7175040" lon="4.7705860">
    <ele>250.8</ele>
   </trkpt>
   <trkpt lat="45.7175360" lon="4.7706120">
    <ele>250.8</ele>
   </trkpt>
   <trkpt lat="45.7175740" lon="4.7706200">
    <ele>250.6</ele>
   </trkpt>
   <trkpt lat="45.7176160" lon="4.7706180">
    <ele>250.4</ele>
   </trkpt>
   <trkpt lat="45.7176580" lon="4.7706130">
    <ele>250.2</ele>
   </trkpt>
   <trkpt lat="45.7177020" lon="4.7706020">
    <ele>250.2</ele>
   </trkpt>
   <trkpt lat="45.7177440" lon="4.7705920">
    <ele>250.0</ele>
   </trkpt>
   <trkpt lat="45.7177860" lon="4.7705820">
    <ele>250.0</ele>
   </trkpt>
   <trkpt lat="45.7178300" lon="4.7705680">
    <ele>250.0</ele>
   </trkpt>
   <trkpt lat="45.7178720" lon="4.7705550">
    <ele>250.0</ele>
   </trkpt>
   <trkpt lat="45.7179140" lon="4.7705400">
    <ele>249.6</ele>
   </trkpt>
   <trkpt lat="45.7179620" lon="4.7705300">
    <ele>249.6</ele>
   </trkpt>
   <trkpt lat="45.7180030" lon="4.7705220">
    <ele>249.4</ele>
   </trkpt>
   <trkpt lat="45.7180480" lon="4.7705170">
    <ele>249.4</ele>
   </trkpt>
   <trkpt lat="45.7180930" lon="4.7705150">
    <ele>249.0</ele>
   </trkpt>
   <trkpt lat="45.7181340" lon="4.7705220">
    <ele>248.6</ele>
   </trkpt>
   <trkpt lat="45.7181820" lon="4.7705320">
    <ele>248.4</ele>
   </trkpt>
   <trkpt lat="45.7182440" lon="4.7705500">
    <ele>248.4</ele>
   </trkpt>
   <trkpt lat="45.7182660" lon="4.7705560">
    <ele>248.4</ele>
   </trkpt>
   <trkpt lat="45.7183070" lon="4.7705680">
    <ele>247.8</ele>
   </trkpt>
   <trkpt lat="45.7183490" lon="4.7705800">
    <ele>247.0</ele>
   </trkpt>
   <trkpt lat="45.7183900" lon="4.7705950">
    <ele>246.4</ele>
   </trkpt>
   <trkpt lat="45.7184320" lon="4.7706080">
    <ele>246.4</ele>
   </trkpt>
   <trkpt lat="45.7184770" lon="4.7706220">
    <ele>246.0</ele>
   </trkpt>
   <trkpt lat="45.7185120" lon="4.7706360">
    <ele>245.6</ele>
   </trkpt>
   <trkpt lat="45.7185570" lon="4.7706550">
    <ele>245.2</ele>
   </trkpt>
   <trkpt lat="45.7185980" lon="4.7706720">
    <ele>244.6</ele>
   </trkpt>
   <trkpt lat="45.7186430" lon="4.7706870">
    <ele>244.0</ele>
   </trkpt>
   <trkpt lat="45.7186820" lon="4.7707050">
    <ele>243.8</ele>
   </trkpt>
   <trkpt lat="45.7187260" lon="4.7707220">
    <ele>243.6</ele>
   </trkpt>
   <trkpt lat="45.7187680" lon="4.7707370">
    <ele>242.8</ele>
   </trkpt>
   <trkpt lat="45.7188100" lon="4.7707520">
    <ele>242.4</ele>
   </trkpt>
   <trkpt lat="45.7188610" lon="4.7707630">
    <ele>242.0</ele>
   </trkpt>
   <trkpt lat="45.7189020" lon="4.7707680">
    <ele>241.8</ele>
   </trkpt>
   <trkpt lat="45.7189410" lon="4.7707670">
    <ele>241.4</ele>
   </trkpt>
   <trkpt lat="45.7189760" lon="4.7707740">
    <ele>241.0</ele>
   </trkpt>
   <trkpt lat="45.7190180" lon="4.7707820">
    <ele>240.4</ele>
   </trkpt>
   <trkpt lat="45.7190560" lon="4.7707940">
    <ele>240.0</ele>
   </trkpt>
   <trkpt lat="45.7190940" lon="4.7708080">
    <ele>240.0</ele>
   </trkpt>
   <trkpt lat="45.7191420" lon="4.7708180">
    <ele>239.6</ele>
   </trkpt>
   <trkpt lat="45.7191810" lon="4.7708340">
    <ele>239.4</ele>
   </trkpt>
   <trkpt lat="45.7192220" lon="4.7708400">
    <ele>239.4</ele>
   </trkpt>
   <trkpt lat="45.7192580" lon="4.7708520">
    <ele>239.4</ele>
   </trkpt>
   <trkpt lat="45.7192930" lon="4.7708800">
    <ele>239.8</ele>
   </trkpt>
   <trkpt lat="45.7193220" lon="4.7709300">
    <ele>240.2</ele>
   </trkpt>
   <trkpt lat="45.7193500" lon="4.7709860">
    <ele>240.2</ele>
   </trkpt>
   <trkpt lat="45.7193630" lon="4.7710480">
    <ele>240.4</ele>
   </trkpt>
   <trkpt lat="45.7193660" lon="4.7711080">
    <ele>241.2</ele>
   </trkpt>
   <trkpt lat="45.7193730" lon="4.7711670">
    <ele>241.6</ele>
   </trkpt>
   <trkpt lat="45.7193760" lon="4.7712180">
    <ele>242.0</ele>
   </trkpt>
   <trkpt lat="45.7193820" lon="4.7712720">
    <ele>242.4</ele>
   </trkpt>
   <trkpt lat="45.7193820" lon="4.7713180">
    <ele>242.6</ele>
   </trkpt>
   <trkpt lat="45.7193860" lon="4.7713720">
    <ele>243.0</ele>
   </trkpt>
   <trkpt lat="45.7193920" lon="4.7714180">
    <ele>243.4</ele>
   </trkpt>
   <trkpt lat="45.7193860" lon="4.7714700">
    <ele>243.6</ele>
   </trkpt>
   <trkpt lat="45.7193820" lon="4.7715220">
    <ele>244.0</ele>
   </trkpt>
   <trkpt lat="45.7193730" lon="4.7715750">
    <ele>244.6</ele>
   </trkpt>
   <trkpt lat="45.7193540" lon="4.7716300">
    <ele>245.0</ele>
   </trkpt>
   <trkpt lat="45.7193250" lon="4.7716820">
    <ele>245.4</ele>
   </trkpt>
   <trkpt lat="45.7192930" lon="4.7717330">
    <ele>245.4</ele>
   </trkpt>
   <trkpt lat="45.7192640" lon="4.7717800">
    <ele>245.4</ele>
   </trkpt>
   <trkpt lat="45.7192420" lon="4.7718340">
    <ele>245.0</ele>
   </trkpt>
   <trkpt lat="45.7192260" lon="4.7718880">
    <ele>244.4</ele>
   </trkpt>
   <trkpt lat="45.7192130" lon="4.7719480">
    <ele>244.0</ele>
   </trkpt>
   <trkpt lat="45.7192060" lon="4.7720080">
    <ele>243.8</ele>
   </trkpt>
   <trkpt lat="45.7192030" lon="4.7720700">
    <ele>243.4</ele>
   </trkpt>
   <trkpt lat="45.7192100" lon="4.7721680">
    <ele>243.4</ele>
   </trkpt>
   <trkpt lat="45.7192130" lon="4.7722020">
    <ele>243.4</ele>
   </trkpt>
   <trkpt lat="45.7192190" lon="4.7722680">
    <ele>243.4</ele>
   </trkpt>
   <trkpt lat="45.7192260" lon="4.7723260">
    <ele>243.2</ele>
   </trkpt>
   <trkpt lat="45.7192380" lon="4.7723860">
    <ele>243.2</ele>
   </trkpt>
   <trkpt lat="45.7192450" lon="4.7724430">
    <ele>243.4</ele>
   </trkpt>
   <trkpt lat="45.7192580" lon="4.7725030">
    <ele>243.4</ele>
   </trkpt>
   <trkpt lat="45.7192740" lon="4.7725570">
    <ele>243.0</ele>
   </trkpt>
   <trkpt lat="45.7192930" lon="4.7726070">
    <ele>243.0</ele>
   </trkpt>
   <trkpt lat="45.7193180" lon="4.7726450">
    <ele>243.0</ele>
   </trkpt>
   <trkpt lat="45.7193410" lon="4.7726760">
    <ele>243.0</ele>
   </trkpt>
   <trkpt lat="45.7193660" lon="4.7726920">
    <ele>243.0</ele>
   </trkpt>
   <trkpt lat="45.7194020" lon="4.7726880">
    <ele>242.8</ele>
   </trkpt>
   <trkpt lat="45.7194430" lon="4.7726800">
    <ele>242.8</ele>
   </trkpt>
   <trkpt lat="45.7194820" lon="4.7726630">
    <ele>242.4</ele>
   </trkpt>
   <trkpt lat="45.7195230" lon="4.7726500">
    <ele>242.4</ele>
   </trkpt>
   <trkpt lat="45.7195620" lon="4.7726350">
    <ele>242.4</ele>
   </trkpt>
   <trkpt lat="45.7196000" lon="4.7726170">
    <ele>242.4</ele>
   </trkpt>
   <trkpt lat="45.7196420" lon="4.7726040">
    <ele>242.4</ele>
   </trkpt>
   <trkpt lat="45.7196800" lon="4.7725870">
    <ele>242.2</ele>
   </trkpt>
   <trkpt lat="45.7197220" lon="4.7725770">
    <ele>242.2</ele>
   </trkpt>
   <trkpt lat="45.7197630" lon="4.7725680">
    <ele>242.2</ele>
   </trkpt>
   <trkpt lat="45.7198080" lon="4.7725540">
    <ele>242.2</ele>
   </trkpt>
   <trkpt lat="45.7198460" lon="4.7725400">
    <ele>242.0</ele>
   </trkpt>
   <trkpt lat="45.7198820" lon="4.7725250">
    <ele>241.8</ele>
   </trkpt>
   <trkpt lat="45.7199170" lon="4.7724720">
    <ele>241.8</ele>
   </trkpt>
   <trkpt lat="45.7199580" lon="4.7724530">
    <ele>241.8</ele>
   </trkpt>
   <trkpt lat="45.7199970" lon="4.7724420">
    <ele>241.8</ele>
   </trkpt>
   <trkpt lat="45.7200380" lon="4.7724330">
    <ele>242.0</ele>
   </trkpt>
   <trkpt lat="45.7200960" lon="4.7724250">
    <ele>242.0</ele>
   </trkpt>
   <trkpt lat="45.7201150" lon="4.7724200">
    <ele>242.0</ele>
   </trkpt>
   <trkpt lat="45.7201570" lon="4.7724100">
    <ele>242.0</ele>
   </trkpt>
   <trkpt lat="45.7202050" lon="4.7724030">
    <ele>242.0</ele>
   </trkpt>
   <trkpt lat="45.7202400" lon="4.7724080">
    <ele>242.0</ele>
   </trkpt>
   <trkpt lat="45.7202850" lon="4.7724150">
    <ele>241.8</ele>
   </trkpt>
   <trkpt lat="45.7203230" lon="4.7724370">
    <ele>241.6</ele>
   </trkpt>
   <trkpt lat="45.7203550" lon="4.7724600">
    <ele>241.6</ele>
   </trkpt>
   <trkpt lat="45.7203870" lon="4.7724800">
    <ele>241.6</ele>
   </trkpt>
   <trkpt lat="45.7204160" lon="4.7725150">
    <ele>241.6</ele>
   </trkpt>
   <trkpt lat="45.7204450" lon="4.7725670">
    <ele>241.4</ele>
   </trkpt>
   <trkpt lat="45.7204740" lon="4.7726170">
    <ele>241.2</ele>
   </trkpt>
   <trkpt lat="45.7205020" lon="4.7726700">
    <ele>241.0</ele>
   </trkpt>
   <trkpt lat="45.7205250" lon="4.7727200">
    <ele>240.6</ele>
   </trkpt>
   <trkpt lat="45.7205470" lon="4.7727730">
    <ele>240.6</ele>
   </trkpt>
   <trkpt lat="45.7205700" lon="4.7728300">
    <ele>240.6</ele>
   </trkpt>
   <trkpt lat="45.7205820" lon="4.7728880">
    <ele>240.0</ele>
   </trkpt>
   <trkpt lat="45.7205920" lon="4.7729420">
    <ele>239.6</ele>
   </trkpt>
   <trkpt lat="45.7206020" lon="4.7730100">
    <ele>239.6</ele>
   </trkpt>
   <trkpt lat="45.7206080" lon="4.7730700">
    <ele>239.4</ele>
   </trkpt>
   <trkpt lat="45.7206240" lon="4.7731300">
    <ele>239.2</ele>
   </trkpt>
   <trkpt lat="45.7206370" lon="4.7731920">
    <ele>238.8</ele>
   </trkpt>
   <trkpt lat="45.7206530" lon="4.7732500">
    <ele>238.4</ele>
   </trkpt>
   <trkpt lat="45.7206720" lon="4.7733140">
    <ele>238.2</ele>
   </trkpt>
   <trkpt lat="45.7206880" lon="4.7733730">
    <ele>237.6</ele>
   </trkpt>
   <trkpt lat="45.7207040" lon="4.7734330">
    <ele>237.4</ele>
   </trkpt>
   <trkpt lat="45.7207170" lon="4.7734930">
    <ele>237.4</ele>
   </trkpt>
   <trkpt lat="45.7207230" lon="4.7735550">
    <ele>236.8</ele>
   </trkpt>
   <trkpt lat="45.7207140" lon="4.7736220">
    <ele>236.6</ele>
   </trkpt>
   <trkpt lat="45.7207040" lon="4.7737150">
    <ele>236.2</ele>
   </trkpt>
   <trkpt lat="45.7207010" lon="4.7737450">
    <ele>236.2</ele>
   </trkpt>
   <trkpt lat="45.7206910" lon="4.7737980">
    <ele>235.6</ele>
   </trkpt>
   <trkpt lat="45.7206750" lon="4.7738520">
    <ele>235.0</ele>
   </trkpt>
   <trkpt lat="45.7206560" lon="4.7739080">
    <ele>234.4</ele>
   </trkpt>
   <trkpt lat="45.7206370" lon="4.7739640">
    <ele>234.2</ele>
   </trkpt>
   <trkpt lat="45.7206210" lon="4.7740270">
    <ele>234.0</ele>
   </trkpt>
   <trkpt lat="45.7206050" lon="4.7740880">
    <ele>233.4</ele>
   </trkpt>
   <trkpt lat="45.7205920" lon="4.7741560">
    <ele>232.8</ele>
   </trkpt>
   <trkpt lat="45.7205920" lon="4.7742220">
    <ele>232.4</ele>
   </trkpt>
   <trkpt lat="45.7206020" lon="4.7742800">
    <ele>231.6</ele>
   </trkpt>
   <trkpt lat="45.7206270" lon="4.7743350">
    <ele>230.6</ele>
   </trkpt>
   <trkpt lat="45.7206530" lon="4.7743750">
    <ele>229.8</ele>
   </trkpt>
   <trkpt lat="45.7206820" lon="4.7744100">
    <ele>229.4</ele>
   </trkpt>
   <trkpt lat="45.7207170" lon="4.7744380">
    <ele>228.2</ele>
   </trkpt>
   <trkpt lat="45.7207520" lon="4.7744680">
    <ele>227.8</ele>
   </trkpt>
   <trkpt lat="45.7207900" lon="4.7744960">
    <ele>227.2</ele>
   </trkpt>
   <trkpt lat="45.7208350" lon="4.7745160">
    <ele>226.6</ele>
   </trkpt>
   <trkpt lat="45.7208830" lon="4.7745420">
    <ele>225.8</ele>
   </trkpt>
   <trkpt lat="45.7209250" lon="4.7745630">
    <ele>225.6</ele>
   </trkpt>
   <trkpt lat="45.7209700" lon="4.7745820">
    <ele>224.8</ele>
   </trkpt>
   <trkpt lat="45.7210140" lon="4.7745980">
    <ele>224.4</ele>
   </trkpt>
   <trkpt lat="45.7210620" lon="4.7746150">
    <ele>223.8</ele>
   </trkpt>
   <trkpt lat="45.7211010" lon="4.7746340">
    <ele>223.6</ele>
   </trkpt>
   <trkpt lat="45.7211420" lon="4.7746480">
    <ele>223.2</ele>
   </trkpt>
   <trkpt lat="45.7212080" lon="4.7746760">
    <ele>222.6</ele>
   </trkpt>
   <trkpt lat="45.7212320" lon="4.7746850">
    <ele>222.4</ele>
   </trkpt>
   <trkpt lat="45.7212900" lon="4.7746880">
    <ele>222.0</ele>
   </trkpt>
   <trkpt lat="45.7213570" lon="4.7746920">
    <ele>221.6</ele>
   </trkpt>
   <trkpt lat="45.7214020" lon="4.7747120">
    <ele>221.0</ele>
   </trkpt>
   <trkpt lat="45.7214460" lon="4.7747320">
    <ele>221.0</ele>
   </trkpt>
   <trkpt lat="45.7214910" lon="4.7747580">
    <ele>220.4</ele>
   </trkpt>
   <trkpt lat="45.7215260" lon="4.7747920">
    <ele>220.4</ele>
   </trkpt>
   <trkpt lat="45.7215650" lon="4.7748230">
    <ele>220.0</ele>
   </trkpt>
   <trkpt lat="45.7216030" lon="4.7748450">
    <ele>219.8</ele>
   </trkpt>
   <trkpt lat="45.7216420" lon="4.7748680">
    <ele>219.2</ele>
   </trkpt>
   <trkpt lat="45.7216770" lon="4.7748900">
    <ele>219.0</ele>
   </trkpt>
   <trkpt lat="45.7217090" lon="4.7749100">
    <ele>218.6</ele>
   </trkpt>
   <trkpt lat="45.7217470" lon="4.7749320">
    <ele>218.4</ele>
   </trkpt>
   <trkpt lat="45.7217890" lon="4.7749530">
    <ele>218.2</ele>
   </trkpt>
   <trkpt lat="45.7218370" lon="4.7749750">
    <ele>218.0</ele>
   </trkpt>
   <trkpt lat="45.7218780" lon="4.7750070">
    <ele>217.4</ele>
   </trkpt>
   <trkpt lat="45.7219200" lon="4.7750340">
    <ele>217.2</ele>
   </trkpt>
   <trkpt lat="45.7219620" lon="4.7750650">
    <ele>217.0</ele>
   </trkpt>
   <trkpt lat="45.7220000" lon="4.7750900">
    <ele>217.0</ele>
   </trkpt>
   <trkpt lat="45.7220380" lon="4.7751130">
    <ele>217.0</ele>
   </trkpt>
   <trkpt lat="45.7220830" lon="4.7751300">
    <ele>216.8</ele>
   </trkpt>
   <trkpt lat="45.7221340" lon="4.7751520">
    <ele>216.6</ele>
   </trkpt>
   <trkpt lat="45.7221950" lon="4.7751730">
    <ele>216.4</ele>
   </trkpt>
   <trkpt lat="45.7222400" lon="4.7751980">
    <ele>216.2</ele>
   </trkpt>
   <trkpt lat="45.7222940" lon="4.7752180">
    <ele>215.8</ele>
   </trkpt>
   <trkpt lat="45.7223230" lon="4.7752480">
    <ele>215.6</ele>
   </trkpt>
   <trkpt lat="45.7223550" lon="4.7752830">
    <ele>215.4</ele>
   </trkpt>
   <trkpt lat="45.7223900" lon="4.7753200">
    <ele>215.2</ele>
   </trkpt>
   <trkpt lat="45.7224470" lon="4.7753690">
    <ele>215.2</ele>
   </trkpt>
   <trkpt lat="45.7224610" lon="4.7753850">
    <ele>215.0</ele>
   </trkpt>
   <trkpt lat="45.7224990" lon="4.7754150">
    <ele>214.6</ele>
   </trkpt>
   <trkpt lat="45.7225410" lon="4.7754430">
    <ele>214.4</ele>
   </trkpt>
   <trkpt lat="45.7225820" lon="4.7754780">
    <ele>214.0</ele>
   </trkpt>
   <trkpt lat="45.7226210" lon="4.7755150">
    <ele>214.0</ele>
   </trkpt>
   <trkpt lat="45.7226620" lon="4.7755500">
    <ele>213.8</ele>
   </trkpt>
   <trkpt lat="45.7227070" lon="4.7755800">
    <ele>213.8</ele>
   </trkpt>
   <trkpt lat="45.7227420" lon="4.7756120">
    <ele>213.4</ele>
   </trkpt>
   <trkpt lat="45.7227870" lon="4.7756420">
    <ele>213.2</ele>
   </trkpt>
   <trkpt lat="45.7228260" lon="4.7756750">
    <ele>213.0</ele>
   </trkpt>
   <trkpt lat="45.7228580" lon="4.7757070">
    <ele>212.8</ele>
   </trkpt>
   <trkpt lat="45.7228960" lon="4.7757370">
    <ele>212.4</ele>
   </trkpt>
   <trkpt lat="45.7229380" lon="4.7757650">
    <ele>212.2</ele>
   </trkpt>
   <trkpt lat="45.7229760" lon="4.7757950">
    <ele>211.8</ele>
   </trkpt>
   <trkpt lat="45.7230140" lon="4.7758260">
    <ele>211.4</ele>
   </trkpt>
   <trkpt lat="45.7230560" lon="4.7758560">
    <ele>211.0</ele>
   </trkpt>
   <trkpt lat="45.7230980" lon="4.7758830">
    <ele>210.8</ele>
   </trkpt>
   <trkpt lat="45.7231520" lon="4.7759130">
    <ele>210.4</ele>
   </trkpt>
   <trkpt lat="45.7231970" lon="4.7759470">
    <ele>210.2</ele>
   </trkpt>
   <trkpt lat="45.7232450" lon="4.7759830">
    <ele>209.8</ele>
   </trkpt>
   <trkpt lat="45.7232860" lon="4.7760230">
    <ele>209.2</ele>
   </trkpt>
   <trkpt lat="45.7233310" lon="4.7760650">
    <ele>209.0</ele>
   </trkpt>
   <trkpt lat="45.7233700" lon="4.7761070">
    <ele>208.8</ele>
   </trkpt>
   <trkpt lat="45.7234110" lon="4.7761480">
    <ele>208.4</ele>
   </trkpt>
   <trkpt lat="45.7234530" lon="4.7761850">
    <ele>207.2</ele>
   </trkpt>
   <trkpt lat="45.7234850" lon="4.7762260">
    <ele>206.8</ele>
   </trkpt>
   <trkpt lat="45.7235230" lon="4.7762600">
    <ele>206.6</ele>
   </trkpt>
   <trkpt lat="45.7235650" lon="4.7762800">
    <ele>206.2</ele>
   </trkpt>
   <trkpt lat="45.7236060" lon="4.7762920">
    <ele>205.4</ele>
   </trkpt>
   <trkpt lat="45.7236480" lon="4.7762970">
    <ele>205.2</ele>
   </trkpt>
   <trkpt lat="45.7237100" lon="4.7763020">
    <ele>204.6</ele>
   </trkpt>
   <trkpt lat="45.7237310" lon="4.7763030">
    <ele>204.4</ele>
   </trkpt>
   <trkpt lat="45.7237790" lon="4.7763070">
    <ele>203.8</ele>
   </trkpt>
   <trkpt lat="45.7238210" lon="4.7763170">
    <ele>203.4</ele>
   </trkpt>
   <trkpt lat="45.7238690" lon="4.7763280">
    <ele>203.2</ele>
   </trkpt>
   <trkpt lat="45.7239070" lon="4.7763370">
    <ele>203.0</ele>
   </trkpt>
   <trkpt lat="45.7239620" lon="4.7763530">
    <ele>202.4</ele>
   </trkpt>
   <trkpt lat="45.7240060" lon="4.7763720">
    <ele>202.2</ele>
   </trkpt>
   <trkpt lat="45.7240510" lon="4.7763870">
    <ele>201.6</ele>
   </trkpt>
   <trkpt lat="45.7240930" lon="4.7763850">
    <ele>201.6</ele>
   </trkpt>
   <trkpt lat="45.7241280" lon="4.7763680">
    <ele>201.4</ele>
   </trkpt>
   <trkpt lat="45.7241600" lon="4.7763430">
    <ele>201.0</ele>
   </trkpt>
   <trkpt lat="45.7241920" lon="4.7763170">
    <ele>200.8</ele>
   </trkpt>
   <trkpt lat="45.7242300" lon="4.7762880">
    <ele>200.8</ele>
   </trkpt>
   <trkpt lat="45.7242660" lon="4.7762630">
    <ele>200.8</ele>
   </trkpt>
   <trkpt lat="45.7242980" lon="4.7762380">
    <ele>201.0</ele>
   </trkpt>
   <trkpt lat="45.7243230" lon="4.7762080">
    <ele>201.2</ele>
   </trkpt>
   <trkpt lat="45.7243550" lon="4.7761780">
    <ele>201.4</ele>
   </trkpt>
   <trkpt lat="45.7243870" lon="4.7761500">
    <ele>201.6</ele>
   </trkpt>
   <trkpt lat="45.7244220" lon="4.7761200">
    <ele>202.0</ele>
   </trkpt>
   <trkpt lat="45.7244580" lon="4.7760870">
    <ele>202.4</ele>
   </trkpt>
   <trkpt lat="45.7244830" lon="4.7760550">
    <ele>202.6</ele>
   </trkpt>
   <trkpt lat="45.7245090" lon="4.7760180">
    <ele>202.6</ele>
   </trkpt>
   <trkpt lat="45.7245510" lon="4.7759580">
    <ele>202.8</ele>
   </trkpt>
   <trkpt lat="45.7245630" lon="4.7759370">
    <ele>203.2</ele>
   </trkpt>
   <trkpt lat="45.7245860" lon="4.7758980">
    <ele>203.2</ele>
   </trkpt>
   <trkpt lat="45.7246140" lon="4.7758580">
    <ele>203.6</ele>
   </trkpt>
   <trkpt lat="45.7246370" lon="4.7758130">
    <ele>203.8</ele>
   </trkpt>
   <trkpt lat="45.7246590" lon="4.7757680">
    <ele>204.2</ele>
   </trkpt>
   <trkpt lat="45.7246820" lon="4.7757270">
    <ele>204.6</ele>
   </trkpt>
   <trkpt lat="45.7247040" lon="4.7756840">
    <ele>204.8</ele>
   </trkpt>
   <trkpt lat="45.7247260" lon="4.7756480">
    <ele>205.0</ele>
   </trkpt>
   <trkpt lat="45.7247550" lon="4.7756130">
    <ele>205.4</ele>
   </trkpt>
   <trkpt lat="45.7247840" lon="4.7755850">
    <ele>205.8</ele>
   </trkpt>
   <trkpt lat="45.7248160" lon="4.7755580">
    <ele>206.0</ele>
   </trkpt>
   <trkpt lat="45.7248450" lon="4.7755280">
    <ele>206.2</ele>
   </trkpt>
   <trkpt lat="45.7248770" lon="4.7754960">
    <ele>206.6</ele>
   </trkpt>
   <trkpt lat="45.7249060" lon="4.7754620">
    <ele>207.0</ele>
   </trkpt>
   <trkpt lat="45.7249410" lon="4.7754250">
    <ele>207.0</ele>
   </trkpt>
   <trkpt lat="45.7249790" lon="4.7753970">
    <ele>207.2</ele>
   </trkpt>
   <trkpt lat="45.7250110" lon="4.7753580">
    <ele>207.2</ele>
   </trkpt>
   <trkpt lat="45.7250400" lon="4.7753340">
    <ele>207.4</ele>
   </trkpt>
   <trkpt lat="45.7250750" lon="4.7753080">
    <ele>207.4</ele>
   </trkpt>
   <trkpt lat="45.7251140" lon="4.7752900">
    <ele>207.8</ele>
   </trkpt>
   <trkpt lat="45.7251490" lon="4.7752670">
    <ele>207.8</ele>
   </trkpt>
   <trkpt lat="45.7251900" lon="4.7752500">
    <ele>208.0</ele>
   </trkpt>
   <trkpt lat="45.7252290" lon="4.7752370">
    <ele>208.0</ele>
   </trkpt>
   <trkpt lat="45.7252700" lon="4.7752280">
    <ele>208.2</ele>
   </trkpt>
   <trkpt lat="45.7253090" lon="4.7752160">
    <ele>208.2</ele>
   </trkpt>
   <trkpt lat="45.7253500" lon="4.7752050">
    <ele>208.4</ele>
   </trkpt>
   <trkpt lat="45.7253890" lon="4.7751920">
    <ele>208.4</ele>
   </trkpt>
   <trkpt lat="45.7254270" lon="4.7751800">
    <ele>208.4</ele>
   </trkpt>
   <trkpt lat="45.7254620" lon="4.7751620">
    <ele>208.8</ele>
   </trkpt>
   <trkpt lat="45.7255010" lon="4.7751430">
    <ele>209.0</ele>
   </trkpt>
   <trkpt lat="45.7255390" lon="4.7751300">
    <ele>209.0</ele>
   </trkpt>
   <trkpt lat="45.7255780" lon="4.7751080">
    <ele>209.2</ele>
   </trkpt>
   <trkpt lat="45.7256130" lon="4.7750920">
    <ele>209.4</ele>
   </trkpt>
   <trkpt lat="45.7256380" lon="4.7750780">
    <ele>209.8</ele>
   </trkpt>
   <trkpt lat="45.7256700" lon="4.7751050">
    <ele>209.8</ele>
   </trkpt>
   <trkpt lat="45.7257060" lon="4.7751580">
    <ele>209.8</ele>
   </trkpt>
   <trkpt lat="45.7257490" lon="4.7752530">
    <ele>210.2</ele>
   </trkpt>
   <trkpt lat="45.7257600" lon="4.7752870">
    <ele>210.2</ele>
   </trkpt>
   <trkpt lat="45.7257790" lon="4.7753570">
    <ele>210.0</ele>
   </trkpt>
   <trkpt lat="45.7257920" lon="4.7754220">
    <ele>210.0</ele>
   </trkpt>
   <trkpt lat="45.7258050" lon="4.7754830">
    <ele>210.0</ele>
   </trkpt>
   <trkpt lat="45.7258080" lon="4.7755480">
    <ele>210.0</ele>
   </trkpt>
   <trkpt lat="45.7258110" lon="4.7756120">
    <ele>209.8</ele>
   </trkpt>
   <trkpt lat="45.7258140" lon="4.7756700">
    <ele>209.8</ele>
   </trkpt>
   <trkpt lat="45.7258140" lon="4.7757320">
    <ele>209.8</ele>
   </trkpt>
   <trkpt lat="45.7258180" lon="4.7757920">
    <ele>209.6</ele>
   </trkpt>
   <trkpt lat="45.7258240" lon="4.7758530">
    <ele>209.6</ele>
   </trkpt>
   <trkpt lat="45.7258270" lon="4.7759160">
    <ele>209.6</ele>
   </trkpt>
   <trkpt lat="45.7258300" lon="4.7759770">
    <ele>209.2</ele>
   </trkpt>
   <trkpt lat="45.7258370" lon="4.7760400">
    <ele>209.0</ele>
   </trkpt>
   <trkpt lat="45.7258500" lon="4.7761000">
    <ele>209.4</ele>
   </trkpt>
   <trkpt lat="45.7258560" lon="4.7761600">
    <ele>209.0</ele>
   </trkpt>
   <trkpt lat="45.7258560" lon="4.7762180">
    <ele>208.8</ele>
   </trkpt>
   <trkpt lat="45.7258590" lon="4.7762760">
    <ele>208.8</ele>
   </trkpt>
   <trkpt lat="45.7258660" lon="4.7763380">
    <ele>208.6</ele>
   </trkpt>
   <trkpt lat="45.7258690" lon="4.7763970">
    <ele>208.6</ele>
   </trkpt>
   <trkpt lat="45.7258750" lon="4.7764580">
    <ele>208.4</ele>
   </trkpt>
   <trkpt lat="45.7258880" lon="4.7765170">
    <ele>208.4</ele>
   </trkpt>
   <trkpt lat="45.7258980" lon="4.7765760">
    <ele>208.4</ele>
   </trkpt>
   <trkpt lat="45.7259220" lon="4.7766670">
    <ele>208.2</ele>
   </trkpt>
   <trkpt lat="45.7259300" lon="4.7766970">
    <ele>207.8</ele>
   </trkpt>
   <trkpt lat="45.7259460" lon="4.7767600">
    <ele>207.6</ele>
   </trkpt>
   <trkpt lat="45.7259580" lon="4.7768170">
    <ele>207.0</ele>
   </trkpt>
   <trkpt lat="45.7259740" lon="4.7768780">
    <ele>206.8</ele>
   </trkpt>
   <trkpt lat="45.7259900" lon="4.7769420">
    <ele>205.8</ele>
   </trkpt>
   <trkpt lat="45.7260030" lon="4.7770050">
    <ele>205.0</ele>
   </trkpt>
   <trkpt lat="45.7260130" lon="4.7770730">
    <ele>203.8</ele>
   </trkpt>
   <trkpt lat="45.7260290" lon="4.7771400">
    <ele>203.0</ele>
   </trkpt>
   <trkpt lat="45.7260450" lon="4.7772060">
    <ele>202.4</ele>
   </trkpt>
   <trkpt lat="45.7260580" lon="4.7772750">
    <ele>201.6</ele>
   </trkpt>
   <trkpt lat="45.7260700" lon="4.7773430">
    <ele>201.2</ele>
   </trkpt>
   <trkpt lat="45.7260830" lon="4.7774150">
    <ele>200.2</ele>
   </trkpt>
   <trkpt lat="45.7260900" lon="4.7774850">
    <ele>199.6</ele>
   </trkpt>
   <trkpt lat="45.7260960" lon="4.7775550">
    <ele>198.4</ele>
   </trkpt>
   <trkpt lat="45.7261060" lon="4.7776230">
    <ele>197.8</ele>
   </trkpt>
   <trkpt lat="45.7261090" lon="4.7776920">
    <ele>197.0</ele>
   </trkpt>
   <trkpt lat="45.7261180" lon="4.7777600">
    <ele>195.6</ele>
   </trkpt>
   <trkpt lat="45.7261310" lon="4.7778270">
    <ele>194.6</ele>
   </trkpt>
   <trkpt lat="45.7261380" lon="4.7778980">
    <ele>193.4</ele>
   </trkpt>
   <trkpt lat="45.7261500" lon="4.7779650">
    <ele>192.8</ele>
   </trkpt>
   <trkpt lat="45.7261630" lon="4.7780360">
    <ele>192.0</ele>
   </trkpt>
   <trkpt lat="45.7261700" lon="4.7781050">
    <ele>191.2</ele>
   </trkpt>
   <trkpt lat="45.7261860" lon="4.7781720">
    <ele>190.6</ele>
   </trkpt>
   <trkpt lat="45.7261920" lon="4.7782400">
    <ele>189.6</ele>
   </trkpt>
   <trkpt lat="45.7262080" lon="4.7783430">
    <ele>188.8</ele>
   </trkpt>
   <trkpt lat="45.7262110" lon="4.7783780">
    <ele>187.8</ele>
   </trkpt>
   <trkpt lat="45.7262180" lon="4.7784470">
    <ele>187.0</ele>
   </trkpt>
   <trkpt lat="45.7262270" lon="4.7785140">
    <ele>186.2</ele>
   </trkpt>
   <trkpt lat="45.7262370" lon="4.7785800">
    <ele>185.6</ele>
   </trkpt>
   <trkpt lat="45.7262460" lon="4.7786480">
    <ele>185.0</ele>
   </trkpt>
   <trkpt lat="45.7262620" lon="4.7787120">
    <ele>183.6</ele>
   </trkpt>
   <trkpt lat="45.7262690" lon="4.7787800">
    <ele>182.8</ele>
   </trkpt>
   <trkpt lat="45.7262750" lon="4.7788480">
    <ele>182.4</ele>
   </trkpt>
   <trkpt lat="45.7262850" lon="4.7789080">
    <ele>181.8</ele>
   </trkpt>
   <trkpt lat="45.7262880" lon="4.7789740">
    <ele>181.2</ele>
   </trkpt>
   <trkpt lat="45.7262940" lon="4.7790360">
    <ele>180.6</ele>
   </trkpt>
   <trkpt lat="45.7263040" lon="4.7791030">
    <ele>180.4</ele>
   </trkpt>
   <trkpt lat="45.7263140" lon="4.7791650">
    <ele>180.0</ele>
   </trkpt>
   <trkpt lat="45.7263260" lon="4.7792270">
    <ele>180.0</ele>
   </trkpt>
   <trkpt lat="45.7263420" lon="4.7792840">
    <ele>179.4</ele>
   </trkpt>
   <trkpt lat="45.7263520" lon="4.7793430">
    <ele>179.2</ele>
   </trkpt>
   <trkpt lat="45.7263620" lon="4.7794000">
    <ele>178.6</ele>
   </trkpt>
   <trkpt lat="45.7263710" lon="4.7794570">
    <ele>178.4</ele>
   </trkpt>
   <trkpt lat="45.7263740" lon="4.7795150">
    <ele>178.2</ele>
   </trkpt>
   <trkpt lat="45.7263810" lon="4.7795720">
    <ele>178.2</ele>
   </trkpt>
   <trkpt lat="45.7263810" lon="4.7796340">
    <ele>178.2</ele>
   </trkpt>
   <trkpt lat="45.7263810" lon="4.7796900">
    <ele>178.4</ele>
   </trkpt>
   <trkpt lat="45.7263810" lon="4.7797500">
    <ele>178.4</ele>
   </trkpt>
   <trkpt lat="45.7263840" lon="4.7798030">
    <ele>178.6</ele>
   </trkpt>
   <trkpt lat="45.7263900" lon="4.7798580">
    <ele>178.6</ele>
   </trkpt>
   <trkpt lat="45.7263940" lon="4.7799070">
    <ele>178.4</ele>
   </trkpt>
   <trkpt lat="45.7264000" lon="4.7799540">
    <ele>178.2</ele>
   </trkpt>
   <trkpt lat="45.7264100" lon="4.7799980">
    <ele>178.2</ele>
   </trkpt>
   <trkpt lat="45.7264130" lon="4.7800480">
    <ele>178.4</ele>
   </trkpt>
   <trkpt lat="45.7264260" lon="4.7801000">
    <ele>178.8</ele>
   </trkpt>
   <trkpt lat="45.7264290" lon="4.7801520">
    <ele>179.2</ele>
   </trkpt>
   <trkpt lat="45.7264350" lon="4.7802070">
    <ele>179.4</ele>
   </trkpt>
   <trkpt lat="45.7264320" lon="4.7802600">
    <ele>179.4</ele>
   </trkpt>
   <trkpt lat="45.7264160" lon="4.7803040">
    <ele>179.4</ele>
   </trkpt>
   <trkpt lat="45.7264060" lon="4.7803400">
    <ele>179.4</ele>
   </trkpt>
   <trkpt lat="45.7264060" lon="4.7803850">
    <ele>179.4</ele>
   </trkpt>
   <trkpt lat="45.7264100" lon="4.7804230">
    <ele>179.4</ele>
   </trkpt>
   <trkpt lat="45.7264290" lon="4.7804600">
    <ele>179.4</ele>
   </trkpt>
   <trkpt lat="45.7264480" lon="4.7804920">
    <ele>179.6</ele>
   </trkpt>
   <trkpt lat="45.7264790" lon="4.7805500">
    <ele>179.8</ele>
   </trkpt>
   <trkpt lat="45.7264900" lon="4.7805680">
    <ele>180.2</ele>
   </trkpt>
   <trkpt lat="45.7265060" lon="4.7806070">
    <ele>180.6</ele>
   </trkpt>
   <trkpt lat="45.7265150" lon="4.7806450">
    <ele>181.2</ele>
   </trkpt>
   <trkpt lat="45.7265250" lon="4.7806840">
    <ele>181.6</ele>
   </trkpt>
   <trkpt lat="45.7265280" lon="4.7807260">
    <ele>181.8</ele>
   </trkpt>
   <trkpt lat="45.7265340" lon="4.7807660">
    <ele>182.4</ele>
   </trkpt>
   <trkpt lat="45.7265410" lon="4.7808100">
    <ele>182.8</ele>
   </trkpt>
   <trkpt lat="45.7265470" lon="4.7808500">
    <ele>183.4</ele>
   </trkpt>
   <trkpt lat="45.7265500" lon="4.7808880">
    <ele>183.8</ele>
   </trkpt>
   <trkpt lat="45.7265540" lon="4.7809250">
    <ele>184.4</ele>
   </trkpt>
   <trkpt lat="45.7265600" lon="4.7809620">
    <ele>184.8</ele>
   </trkpt>
   <trkpt lat="45.7265700" lon="4.7809980">
    <ele>185.6</ele>
   </trkpt>
   <trkpt lat="45.7265790" lon="4.7810320">
    <ele>186.2</ele>
   </trkpt>
   <trkpt lat="45.7265820" lon="4.7810680">
    <ele>186.8</ele>
   </trkpt>
   <trkpt lat="45.7265890" lon="4.7811050">
    <ele>187.2</ele>
   </trkpt>
   <trkpt lat="45.7265890" lon="4.7811400">
    <ele>187.4</ele>
   </trkpt>
   <trkpt lat="45.7265980" lon="4.7811760">
    <ele>188.2</ele>
   </trkpt>
   <trkpt lat="45.7265920" lon="4.7812100">
    <ele>188.4</ele>
   </trkpt>
   <trkpt lat="45.7265860" lon="4.7812430">
    <ele>189.0</ele>
   </trkpt>
   <trkpt lat="45.7265730" lon="4.7812720">
    <ele>189.4</ele>
   </trkpt>
   <trkpt lat="45.7265700" lon="4.7813070">
    <ele>190.0</ele>
   </trkpt>
   <trkpt lat="45.7265540" lon="4.7813370">
    <ele>190.4</ele>
   </trkpt>
   <trkpt lat="45.7265410" lon="4.7813640">
    <ele>191.0</ele>
   </trkpt>
   <trkpt lat="45.7265220" lon="4.7813870">
    <ele>191.6</ele>
   </trkpt>
   <trkpt lat="45.7265020" lon="4.7814050">
    <ele>192.0</ele>
   </trkpt>
   <trkpt lat="45.7264830" lon="4.7814320">
    <ele>192.4</ele>
   </trkpt>
   <trkpt lat="45.7264640" lon="4.7814550">
    <ele>193.2</ele>
   </trkpt>
   <trkpt lat="45.7264450" lon="4.7814800">
    <ele>193.6</ele>
   </trkpt>
   <trkpt lat="45.7264200" lon="4.7815090">
    <ele>194.0</ele>
   </trkpt>
   <trkpt lat="45.7264100" lon="4.7815220">
    <ele>194.4</ele>
   </trkpt>
   <trkpt lat="45.7263870" lon="4.7815460">
    <ele>194.8</ele>
   </trkpt>
   <trkpt lat="45.7263710" lon="4.7815700">
    <ele>195.6</ele>
   </trkpt>
   <trkpt lat="45.7263520" lon="4.7815950">
    <ele>196.0</ele>
   </trkpt>
   <trkpt lat="45.7263360" lon="4.7816200">
    <ele>196.6</ele>
   </trkpt>
   <trkpt lat="45.7263170" lon="4.7816400">
    <ele>197.2</ele>
   </trkpt>
   <trkpt lat="45.7263040" lon="4.7816680">
    <ele>197.8</ele>
   </trkpt>
   <trkpt lat="45.7262940" lon="4.7816980">
    <ele>198.4</ele>
   </trkpt>
   <trkpt lat="45.7262940" lon="4.7817450">
    <ele>198.6</ele>
   </trkpt>
   <trkpt lat="45.7263010" lon="4.7817760">
    <ele>199.2</ele>
   </trkpt>
   <trkpt lat="45.7263040" lon="4.7818150">
    <ele>199.6</ele>
   </trkpt>
   <trkpt lat="45.7263070" lon="4.7818520">
    <ele>200.4</ele>
   </trkpt>
   <trkpt lat="45.7263100" lon="4.7818830">
    <ele>200.4</ele>
   </trkpt>
   <trkpt lat="45.7263070" lon="4.7819170">
    <ele>201.0</ele>
   </trkpt>
   <trkpt lat="45.7263040" lon="4.7819470">
    <ele>201.6</ele>
   </trkpt>
   <trkpt lat="45.7263040" lon="4.7819770">
    <ele>202.0</ele>
   </trkpt>
   <trkpt lat="45.7262910" lon="4.7820080">
    <ele>202.6</ele>
   </trkpt>
   <trkpt lat="45.7262910" lon="4.7820370">
    <ele>203.4</ele>
   </trkpt>
   <trkpt lat="45.7262880" lon="4.7820720">
    <ele>203.8</ele>
   </trkpt>
   <trkpt lat="45.7262910" lon="4.7821040">
    <ele>204.4</ele>
   </trkpt>
   <trkpt lat="45.7263010" lon="4.7821330">
    <ele>205.0</ele>
   </trkpt>
   <trkpt lat="45.7263070" lon="4.7821650">
    <ele>205.4</ele>
   </trkpt>
   <trkpt lat="45.7263040" lon="4.7821960">
    <ele>206.0</ele>
   </trkpt>
   <trkpt lat="45.7263040" lon="4.7822260">
    <ele>206.6</ele>
   </trkpt>
   <trkpt lat="45.7262930" lon="4.7822730">
    <ele>207.2</ele>
   </trkpt>
   <trkpt lat="45.7262910" lon="4.7822880">
    <ele>207.6</ele>
   </trkpt>
   <trkpt lat="45.7262880" lon="4.7823220">
    <ele>208.0</ele>
   </trkpt>
   <trkpt lat="45.7262880" lon="4.7823520">
    <ele>208.4</ele>
   </trkpt>
   <trkpt lat="45.7262940" lon="4.7823800">
    <ele>208.8</ele>
   </trkpt>
   <trkpt lat="45.7263070" lon="4.7824080">
    <ele>209.4</ele>
   </trkpt>
   <trkpt lat="45.7263140" lon="4.7824370">
    <ele>209.8</ele>
   </trkpt>
   <trkpt lat="45.7263230" lon="4.7824670">
    <ele>210.4</ele>
   </trkpt>
   <trkpt lat="45.7263300" lon="4.7824950">
    <ele>210.8</ele>
   </trkpt>
   <trkpt lat="45.7263330" lon="4.7825260">
    <ele>211.0</ele>
   </trkpt>
   <trkpt lat="45.7263460" lon="4.7825580">
    <ele>211.4</ele>
   </trkpt>
   <trkpt lat="45.7263490" lon="4.7825900">
    <ele>211.6</ele>
   </trkpt>
   <trkpt lat="45.7263550" lon="4.7826250">
    <ele>212.0</ele>
   </trkpt>
   <trkpt lat="45.7263620" lon="4.7826550">
    <ele>212.6</ele>
   </trkpt>
   <trkpt lat="45.7263680" lon="4.7826850">
    <ele>213.0</ele>
   </trkpt>
   <trkpt lat="45.7263740" lon="4.7827120">
    <ele>213.6</ele>
   </trkpt>
   <trkpt lat="45.7263840" lon="4.7827420">
    <ele>214.0</ele>
   </trkpt>
   <trkpt lat="45.7263900" lon="4.7827720">
    <ele>214.4</ele>
   </trkpt>
   <trkpt lat="45.7264000" lon="4.7828000">
    <ele>214.6</ele>
   </trkpt>
   <trkpt lat="45.7264100" lon="4.7828300">
    <ele>215.2</ele>
   </trkpt>
   <trkpt lat="45.7264260" lon="4.7828630">
    <ele>215.6</ele>
   </trkpt>
   <trkpt lat="45.7264320" lon="4.7828950">
    <ele>216.0</ele>
   </trkpt>
   <trkpt lat="45.7264450" lon="4.7829280">
    <ele>216.4</ele>
   </trkpt>
   <trkpt lat="45.7264510" lon="4.7829580">
    <ele>216.8</ele>
   </trkpt>
   <trkpt lat="45.7264640" lon="4.7829950">
    <ele>217.0</ele>
   </trkpt>
   <trkpt lat="45.7264640" lon="4.7829950">
    <ele>217.6</ele>
   </trkpt>
   <trkpt lat="45.7264860" lon="4.7830420">
    <ele>218.0</ele>
   </trkpt>
   <trkpt lat="45.7264930" lon="4.7830740">
    <ele>218.4</ele>
   </trkpt>
   <trkpt lat="45.7265060" lon="4.7830980">
    <ele>218.6</ele>
   </trkpt>
   <trkpt lat="45.7265270" lon="4.7831410">
    <ele>219.2</ele>
   </trkpt>
   <trkpt lat="45.7265310" lon="4.7831550">
    <ele>219.8</ele>
   </trkpt>
   <trkpt lat="45.7265440" lon="4.7831780">
    <ele>220.4</ele>
   </trkpt>
   <trkpt lat="45.7265540" lon="4.7832120">
    <ele>221.0</ele>
   </trkpt>
   <trkpt lat="45.7265630" lon="4.7832380">
    <ele>221.6</ele>
   </trkpt>
   <trkpt lat="45.7265790" lon="4.7832660">
    <ele>222.0</ele>
   </trkpt>
   <trkpt lat="45.7265890" lon="4.7832900">
    <ele>222.4</ele>
   </trkpt>
   <trkpt lat="45.7266050" lon="4.7833130">
    <ele>223.0</ele>
   </trkpt>
   <trkpt lat="45.7266140" lon="4.7833420">
    <ele>223.8</ele>
   </trkpt>
   <trkpt lat="45.7266240" lon="4.7833720">
    <ele>224.2</ele>
   </trkpt>
   <trkpt lat="45.7266270" lon="4.7834080">
    <ele>224.4</ele>
   </trkpt>
   <trkpt lat="45.7266270" lon="4.7834400">
    <ele>224.8</ele>
   </trkpt>
   <trkpt lat="45.7266270" lon="4.7834720">
    <ele>225.0</ele>
   </trkpt>
   <trkpt lat="45.7266340" lon="4.7835070">
    <ele>225.4</ele>
   </trkpt>
   <trkpt lat="45.7266430" lon="4.7835370">
    <ele>225.8</ele>
   </trkpt>
   <trkpt lat="45.7266530" lon="4.7835660">
    <ele>226.0</ele>
   </trkpt>
   <trkpt lat="45.7266690" lon="4.7835950">
    <ele>226.4</ele>
   </trkpt>
   <trkpt lat="45.7266820" lon="4.7836260">
    <ele>226.6</ele>
   </trkpt>
   <trkpt lat="45.7266880" lon="4.7836600">
    <ele>227.2</ele>
   </trkpt>
   <trkpt lat="45.7266980" lon="4.7836920">
    <ele>227.2</ele>
   </trkpt>
   <trkpt lat="45.7267010" lon="4.7837250">
    <ele>227.8</ele>
   </trkpt>
   <trkpt lat="45.7267010" lon="4.7837570">
    <ele>228.0</ele>
   </trkpt>
   <trkpt lat="45.7267010" lon="4.7837900">
    <ele>228.2</ele>
   </trkpt>
   <trkpt lat="45.7267070" lon="4.7838220">
    <ele>228.8</ele>
   </trkpt>
   <trkpt lat="45.7267100" lon="4.7838520">
    <ele>228.8</ele>
   </trkpt>
   <trkpt lat="45.7267200" lon="4.7838830">
    <ele>229.4</ele>
   </trkpt>
   <trkpt lat="45.7267300" lon="4.7839130">
    <ele>229.8</ele>
   </trkpt>
   <trkpt lat="45.7267390" lon="4.7839420">
    <ele>230.0</ele>
   </trkpt>
   <trkpt lat="45.7267520" lon="4.7839870">
    <ele>230.4</ele>
   </trkpt>
   <trkpt lat="45.7267580" lon="4.7840020">
    <ele>230.8</ele>
   </trkpt>
   <trkpt lat="45.7267680" lon="4.7840350">
    <ele>231.2</ele>
   </trkpt>
   <trkpt lat="45.7267680" lon="4.7840630">
    <ele>231.6</ele>
   </trkpt>
   <trkpt lat="45.7267710" lon="4.7840980">
    <ele>232.2</ele>
   </trkpt>
   <trkpt lat="45.7267810" lon="4.7841270">
    <ele>232.6</ele>
   </trkpt>
   <trkpt lat="45.7267870" lon="4.7841580">
    <ele>233.2</ele>
   </trkpt>
   <trkpt lat="45.7267900" lon="4.7841950">
    <ele>233.4</ele>
   </trkpt>
   <trkpt lat="45.7268000" lon="4.7842240">
    <ele>233.8</ele>
   </trkpt>
   <trkpt lat="45.7268100" lon="4.7842530">
    <ele>234.0</ele>
   </trkpt>
   <trkpt lat="45.7268190" lon="4.7842880">
    <ele>234.6</ele>
   </trkpt>
   <trkpt lat="45.7268220" lon="4.7843220">
    <ele>234.8</ele>
   </trkpt>
   <trkpt lat="45.7268220" lon="4.7843560">
    <ele>235.6</ele>
   </trkpt>
   <trkpt lat="45.7268260" lon="4.7843900">
    <ele>235.8</ele>
   </trkpt>
   <trkpt lat="45.7268320" lon="4.7844230">
    <ele>236.0</ele>
   </trkpt>
   <trkpt lat="45.7268450" lon="4.7844480">
    <ele>236.6</ele>
   </trkpt>
   <trkpt lat="45.7268480" lon="4.7844780">
    <ele>236.8</ele>
   </trkpt>
   <trkpt lat="45.7268580" lon="4.7845120">
    <ele>237.4</ele>
   </trkpt>
   <trkpt lat="45.7268510" lon="4.7845470">
    <ele>238.0</ele>
   </trkpt>
   <trkpt lat="45.7268580" lon="4.7845850">
    <ele>238.2</ele>
   </trkpt>
   <trkpt lat="45.7268610" lon="4.7846230">
    <ele>238.6</ele>
   </trkpt>
   <trkpt lat="45.7268640" lon="4.7846630">
    <ele>239.0</ele>
   </trkpt>
   <trkpt lat="45.7268700" lon="4.7847000">
    <ele>239.4</ele>
   </trkpt>
   <trkpt lat="45.7268830" lon="4.7847370">
    <ele>239.6</ele>
   </trkpt>
   <trkpt lat="45.7268930" lon="4.7847720">
    <ele>239.8</ele>
   </trkpt>
   <trkpt lat="45.7269020" lon="4.7848080">
    <ele>239.8</ele>
   </trkpt>
   <trkpt lat="45.7269090" lon="4.7848500">
    <ele>240.6</ele>
   </trkpt>
   <trkpt lat="45.7269120" lon="4.7848870">
    <ele>240.6</ele>
   </trkpt>
   <trkpt lat="45.7269180" lon="4.7849280">
    <ele>241.0</ele>
   </trkpt>
   <trkpt lat="45.7269250" lon="4.7849680">
    <ele>241.2</ele>
   </trkpt>
   <trkpt lat="45.7269280" lon="4.7850060">
    <ele>241.4</ele>
   </trkpt>
   <trkpt lat="45.7269410" lon="4.7850430">
    <ele>241.8</ele>
   </trkpt>
   <trkpt lat="45.7269520" lon="4.7851040">
    <ele>242.0</ele>
   </trkpt>
   <trkpt lat="45.7269570" lon="4.7851230">
    <ele>242.2</ele>
   </trkpt>
   <trkpt lat="45.7269600" lon="4.7851650">
    <ele>242.6</ele>
   </trkpt>
   <trkpt lat="45.7269660" lon="4.7852040">
    <ele>242.6</ele>
   </trkpt>
   <trkpt lat="45.7269760" lon="4.7852440">
    <ele>243.2</ele>
   </trkpt>
   <trkpt lat="45.7269790" lon="4.7852830">
    <ele>243.8</ele>
   </trkpt>
   <trkpt lat="45.7269890" lon="4.7853250">
    <ele>244.4</ele>
   </trkpt>
   <trkpt lat="45.7269920" lon="4.7853680">
    <ele>245.0</ele>
   </trkpt>
   <trkpt lat="45.7270020" lon="4.7854100">
    <ele>245.0</ele>
   </trkpt>
   <trkpt lat="45.7270080" lon="4.7854520">
    <ele>245.2</ele>
   </trkpt>
   <trkpt lat="45.7270180" lon="4.7854930">
    <ele>245.6</ele>
   </trkpt>
   <trkpt lat="45.7270210" lon="4.7855380">
    <ele>246.0</ele>
   </trkpt>
   <trkpt lat="45.7270270" lon="4.7855820">
    <ele>246.0</ele>
   </trkpt>
   <trkpt lat="45.7270300" lon="4.7856260">
    <ele>246.4</ele>
   </trkpt>
   <trkpt lat="45.7270400" lon="4.7856720">
    <ele>246.8</ele>
   </trkpt>
   <trkpt lat="45.7270430" lon="4.7857180">
    <ele>247.0</ele>
   </trkpt>
   <trkpt lat="45.7270460" lon="4.7857650">
    <ele>247.6</ele>
   </trkpt>
   <trkpt lat="45.7270560" lon="4.7858080">
    <ele>247.8</ele>
   </trkpt>
   <trkpt lat="45.7270620" lon="4.7858530">
    <ele>248.6</ele>
   </trkpt>
   <trkpt lat="45.7270660" lon="4.7858980">
    <ele>249.0</ele>
   </trkpt>
   <trkpt lat="45.7270740" lon="4.7859640">
    <ele>249.4</ele>
   </trkpt>
   <trkpt lat="45.7270780" lon="4.7859870">
    <ele>249.8</ele>
   </trkpt>
   <trkpt lat="45.7270850" lon="4.7860300">
    <ele>250.2</ele>
   </trkpt>
   <trkpt lat="45.7270880" lon="4.7860730">
    <ele>250.6</ele>
   </trkpt>
   <trkpt lat="45.7270910" lon="4.7861220">
    <ele>251.0</ele>
   </trkpt>
   <trkpt lat="45.7270980" lon="4.7861670">
    <ele>251.2</ele>
   </trkpt>
   <trkpt lat="45.7271010" lon="4.7862130">
    <ele>251.8</ele>
   </trkpt>
   <trkpt lat="45.7271040" lon="4.7862570">
    <ele>252.4</ele>
   </trkpt>
   <trkpt lat="45.7271010" lon="4.7863050">
    <ele>252.8</ele>
   </trkpt>
   <trkpt lat="45.7270980" lon="4.7863480">
    <ele>253.0</ele>
   </trkpt>
   <trkpt lat="45.7270850" lon="4.7863880">
    <ele>253.6</ele>
   </trkpt>
   <trkpt lat="45.7270750" lon="4.7864250">
    <ele>254.0</ele>
   </trkpt>
   <trkpt lat="45.7270560" lon="4.7864600">
    <ele>254.2</ele>
   </trkpt>
   <trkpt lat="45.7270300" lon="4.7864920">
    <ele>254.8</ele>
   </trkpt>
   <trkpt lat="45.7270050" lon="4.7865150">
    <ele>255.6</ele>
   </trkpt>
   <trkpt lat="45.7269700" lon="4.7865250">
    <ele>256.2</ele>
   </trkpt>
   <trkpt lat="45.7269380" lon="4.7865370">
    <ele>256.6</ele>
   </trkpt>
   <trkpt lat="45.7268930" lon="4.7865520">
    <ele>256.8</ele>
   </trkpt>
   <trkpt lat="45.7268610" lon="4.7865680">
    <ele>257.0</ele>
   </trkpt>
   <trkpt lat="45.7268220" lon="4.7865850">
    <ele>257.2</ele>
   </trkpt>
   <trkpt lat="45.7267840" lon="4.7865970">
    <ele>257.0</ele>
   </trkpt>
   <trkpt lat="45.7267490" lon="4.7866120">
    <ele>257.2</ele>
   </trkpt>
   <trkpt lat="45.7267140" lon="4.7866270">
    <ele>257.2</ele>
   </trkpt>
   <trkpt lat="45.7266820" lon="4.7866420">
    <ele>257.2</ele>
   </trkpt>
   <trkpt lat="45.7266430" lon="4.7866570">
    <ele>257.2</ele>
   </trkpt>
   <trkpt lat="45.7266080" lon="4.7866700">
    <ele>257.2</ele>
   </trkpt>
   <trkpt lat="45.7265700" lon="4.7866820">
    <ele>257.4</ele>
   </trkpt>
   <trkpt lat="45.7265340" lon="4.7866940">
    <ele>257.4</ele>
   </trkpt>
   <trkpt lat="45.7264990" lon="4.7867080">
    <ele>257.6</ele>
   </trkpt>
   <trkpt lat="45.7264610" lon="4.7867260">
    <ele>257.6</ele>
   </trkpt>
   <trkpt lat="45.7264220" lon="4.7867520">
    <ele>257.6</ele>
   </trkpt>
   <trkpt lat="45.7263900" lon="4.7867800">
    <ele>257.2</ele>
   </trkpt>
   <trkpt lat="45.7263620" lon="4.7868130">
    <ele>257.2</ele>
   </trkpt>
   <trkpt lat="45.7263330" lon="4.7868480">
    <ele>257.6</ele>
   </trkpt>
   <trkpt lat="45.7263100" lon="4.7868870">
    <ele>257.6</ele>
   </trkpt>
   <trkpt lat="45.7262910" lon="4.7869280">
    <ele>257.6</ele>
   </trkpt>
   <trkpt lat="45.7262720" lon="4.7869720">
    <ele>257.8</ele>
   </trkpt>
   <trkpt lat="45.7262420" lon="4.7870260">
    <ele>258.2</ele>
   </trkpt>
   <trkpt lat="45.7262300" lon="4.7870450">
    <ele>258.6</ele>
   </trkpt>
   <trkpt lat="45.7262110" lon="4.7870850">
    <ele>259.0</ele>
   </trkpt>
   <trkpt lat="45.7261950" lon="4.7871230">
    <ele>259.2</ele>
   </trkpt>
   <trkpt lat="45.7261820" lon="4.7871620">
    <ele>259.6</ele>
   </trkpt>
   <trkpt lat="45.7261700" lon="4.7872020">
    <ele>260.2</ele>
   </trkpt>
   <trkpt lat="45.7261570" lon="4.7872400">
    <ele>260.6</ele>
   </trkpt>
   <trkpt lat="45.7261540" lon="4.7872900">
    <ele>261.0</ele>
   </trkpt>
   <trkpt lat="45.7261470" lon="4.7873370">
    <ele>261.2</ele>
   </trkpt>
   <trkpt lat="45.7261380" lon="4.7873820">
    <ele>261.8</ele>
   </trkpt>
   <trkpt lat="45.7261280" lon="4.7874260">
    <ele>262.2</ele>
   </trkpt>
   <trkpt lat="45.7261180" lon="4.7874720">
    <ele>262.6</ele>
   </trkpt>
   <trkpt lat="45.7261180" lon="4.7875200">
    <ele>263.2</ele>
   </trkpt>
   <trkpt lat="45.7261180" lon="4.7875670">
    <ele>263.6</ele>
   </trkpt>
   <trkpt lat="45.7261180" lon="4.7876100">
    <ele>264.2</ele>
   </trkpt>
   <trkpt lat="45.7261180" lon="4.7876470">
    <ele>264.4</ele>
   </trkpt>
   <trkpt lat="45.7261340" lon="4.7876840">
    <ele>264.8</ele>
   </trkpt>
   <trkpt lat="45.7261440" lon="4.7877180">
    <ele>265.2</ele>
   </trkpt>
   <trkpt lat="45.7261540" lon="4.7877530">
    <ele>265.8</ele>
   </trkpt>
   <trkpt lat="45.7261660" lon="4.7877850">
    <ele>266.0</ele>
   </trkpt>
   <trkpt lat="45.7261860" lon="4.7878130">
    <ele>266.4</ele>
   </trkpt>
   <trkpt lat="45.7262050" lon="4.7878430">
    <ele>267.0</ele>
   </trkpt>
   <trkpt lat="45.7262240" lon="4.7878720">
    <ele>267.4</ele>
   </trkpt>
   <trkpt lat="45.7262340" lon="4.7879020">
    <ele>267.8</ele>
   </trkpt>
   <trkpt lat="45.7262430" lon="4.7879350">
    <ele>268.2</ele>
   </trkpt>
   <trkpt lat="45.7262500" lon="4.7879650">
    <ele>268.8</ele>
   </trkpt>
   <trkpt lat="45.7262690" lon="4.7880130">
    <ele>269.2</ele>
   </trkpt>
   <trkpt lat="45.7262750" lon="4.7880280">
    <ele>269.6</ele>
   </trkpt>
   <trkpt lat="45.7262880" lon="4.7880580">
    <ele>270.2</ele>
   </trkpt>
   <trkpt lat="45.7262940" lon="4.7880900">
    <ele>270.6</ele>
   </trkpt>
   <trkpt lat="45.7263040" lon="4.7881300">
    <ele>271.0</ele>
   </trkpt>
   <trkpt lat="45.7263100" lon="4.7881650">
    <ele>271.4</ele>
   </trkpt>
   <trkpt lat="45.7263100" lon="4.7882000">
    <ele>272.0</ele>
   </trkpt>
   <trkpt lat="45.7263140" lon="4.7882370">
    <ele>272.2</ele>
   </trkpt>
   <trkpt lat="45.7263170" lon="4.7882720">
    <ele>273.0</ele>
   </trkpt>
   <trkpt lat="45.7263260" lon="4.7883080">
    <ele>273.4</ele>
   </trkpt>
   <trkpt lat="45.7263300" lon="4.7883420">
    <ele>273.6</ele>
   </trkpt>
   <trkpt lat="45.7263300" lon="4.7883750">
    <ele>273.8</ele>
   </trkpt>
   <trkpt lat="45.7263330" lon="4.7884080">
    <ele>274.0</ele>
   </trkpt>
   <trkpt lat="45.7263460" lon="4.7884440">
    <ele>274.4</ele>
   </trkpt>
   <trkpt lat="45.7263550" lon="4.7884780">
    <ele>274.8</ele>
   </trkpt>
   <trkpt lat="45.7263650" lon="4.7885160">
    <ele>275.2</ele>
   </trkpt>
   <trkpt lat="45.7263710" lon="4.7885560">
    <ele>275.4</ele>
   </trkpt>
   <trkpt lat="45.7263840" lon="4.7885930">
    <ele>276.0</ele>
   </trkpt>
   <trkpt lat="45.7263940" lon="4.7886330">
    <ele>276.6</ele>
   </trkpt>
   <trkpt lat="45.7264060" lon="4.7886750">
    <ele>277.0</ele>
   </trkpt>
   <trkpt lat="45.7264220" lon="4.7887180">
    <ele>277.2</ele>
   </trkpt>
   <trkpt lat="45.7264350" lon="4.7887520">
    <ele>277.6</ele>
   </trkpt>
   <trkpt lat="45.7264540" lon="4.7887820">
    <ele>278.0</ele>
   </trkpt>
   <trkpt lat="45.7264740" lon="4.7888150">
    <ele>278.0</ele>
   </trkpt>
   <trkpt lat="45.7264900" lon="4.7888500">
    <ele>278.4</ele>
   </trkpt>
   <trkpt lat="45.7265120" lon="4.7888850">
    <ele>278.6</ele>
   </trkpt>
   <trkpt lat="45.7265310" lon="4.7889160">
    <ele>279.0</ele>
   </trkpt>
   <trkpt lat="45.7265600" lon="4.7889500">
    <ele>279.6</ele>
   </trkpt>
   <trkpt lat="45.7265820" lon="4.7889820">
    <ele>279.8</ele>
   </trkpt>
   <trkpt lat="45.7266080" lon="4.7890170">
    <ele>280.0</ele>
   </trkpt>
   <trkpt lat="45.7266300" lon="4.7890480">
    <ele>280.0</ele>
   </trkpt>
   <trkpt lat="45.7266530" lon="4.7890780">
    <ele>280.2</ele>
   </trkpt>
   <trkpt lat="45.7266720" lon="4.7891100">
    <ele>280.4</ele>
   </trkpt>
   <trkpt lat="45.7266980" lon="4.7891400">
    <ele>280.6</ele>
   </trkpt>
   <trkpt lat="45.7267200" lon="4.7891720">
    <ele>280.8</ele>
   </trkpt>
   <trkpt lat="45.7267420" lon="4.7892020">
    <ele>281.0</ele>
   </trkpt>
   <trkpt lat="45.7267580" lon="4.7892360">
    <ele>281.4</ele>
   </trkpt>
   <trkpt lat="45.7267810" lon="4.7892660">
    <ele>281.6</ele>
   </trkpt>
   <trkpt lat="45.7268060" lon="4.7892920">
    <ele>281.8</ele>
   </trkpt>
   <trkpt lat="45.7268320" lon="4.7893180">
    <ele>282.0</ele>
   </trkpt>
   <trkpt lat="45.7268580" lon="4.7893470">
    <ele>282.4</ele>
   </trkpt>
   <trkpt lat="45.7268830" lon="4.7893730">
    <ele>282.2</ele>
   </trkpt>
   <trkpt lat="45.7269090" lon="4.7894000">
    <ele>282.2</ele>
   </trkpt>
   <trkpt lat="45.7269410" lon="4.7894280">
    <ele>282.4</ele>
   </trkpt>
   <trkpt lat="45.7269700" lon="4.7894550">
    <ele>282.6</ele>
   </trkpt>
   <trkpt lat="45.7270020" lon="4.7894800">
    <ele>282.6</ele>
   </trkpt>
   <trkpt lat="45.7270450" lon="4.7895190">
    <ele>282.8</ele>
   </trkpt>
   <trkpt lat="45.7270590" lon="4.7895330">
    <ele>283.0</ele>
   </trkpt>
   <trkpt lat="45.7270910" lon="4.7895560">
    <ele>283.0</ele>
   </trkpt>
   <trkpt lat="45.7271230" lon="4.7895780">
    <ele>283.0</ele>
   </trkpt>
   <trkpt lat="45.7271620" lon="4.7896060">
    <ele>282.8</ele>
   </trkpt>
   <trkpt lat="45.7271900" lon="4.7896320">
    <ele>282.8</ele>
   </trkpt>
   <trkpt lat="45.7272260" lon="4.7896600">
    <ele>283.0</ele>
   </trkpt>
   <trkpt lat="45.7272540" lon="4.7896870">
    <ele>283.0</ele>
   </trkpt>
   <trkpt lat="45.7272830" lon="4.7897170">
    <ele>283.0</ele>
   </trkpt>
   <trkpt lat="45.7273150" lon="4.7897450">
    <ele>283.4</ele>
   </trkpt>
   <trkpt lat="45.7273470" lon="4.7897680">
    <ele>283.4</ele>
   </trkpt>
   <trkpt lat="45.7273820" lon="4.7897940">
    <ele>283.6</ele>
   </trkpt>
   <trkpt lat="45.7274140" lon="4.7898180">
    <ele>283.6</ele>
   </trkpt>
   <trkpt lat="45.7274460" lon="4.7898460">
    <ele>283.6</ele>
   </trkpt>
   <trkpt lat="45.7274780" lon="4.7898730">
    <ele>283.8</ele>
   </trkpt>
   <trkpt lat="45.7275070" lon="4.7899030">
    <ele>283.8</ele>
   </trkpt>
   <trkpt lat="45.7275360" lon="4.7899350">
    <ele>283.8</ele>
   </trkpt>
   <trkpt lat="45.7275650" lon="4.7899750">
    <ele>283.8</ele>
   </trkpt>
   <trkpt lat="45.7275780" lon="4.7900150">
    <ele>283.6</ele>
   </trkpt>
   <trkpt lat="45.7275780" lon="4.7900680">
    <ele>283.6</ele>
   </trkpt>
   <trkpt lat="45.7275650" lon="4.7901170">
    <ele>283.8</ele>
   </trkpt>
   <trkpt lat="45.7275460" lon="4.7901600">
    <ele>283.8</ele>
   </trkpt>
   <trkpt lat="45.7275040" lon="4.7901960">
    <ele>283.8</ele>
   </trkpt>
   <trkpt lat="45.7274590" lon="4.7902350">
    <ele>283.8</ele>
   </trkpt>
   <trkpt lat="45.7274270" lon="4.7902720">
    <ele>283.4</ele>
   </trkpt>
   <trkpt lat="45.7274020" lon="4.7903130">
    <ele>283.0</ele>
   </trkpt>
   <trkpt lat="45.7273760" lon="4.7903500">
    <ele>282.8</ele>
   </trkpt>
   <trkpt lat="45.7273440" lon="4.7903900">
    <ele>282.6</ele>
   </trkpt>
   <trkpt lat="45.7273150" lon="4.7904270">
    <ele>282.4</ele>
   </trkpt>
   <trkpt lat="45.7272830" lon="4.7904620">
    <ele>282.0</ele>
   </trkpt>
   <trkpt lat="45.7272480" lon="4.7904970">
    <ele>282.0</ele>
   </trkpt>
   <trkpt lat="45.7272160" lon="4.7905320">
    <ele>281.4</ele>
   </trkpt>
   <trkpt lat="45.7271700" lon="4.7905920">
    <ele>280.6</ele>
   </trkpt>
   <trkpt lat="45.7271550" lon="4.7906120">
    <ele>279.2</ele>
   </trkpt>
   <trkpt lat="45.7271230" lon="4.7906560">
    <ele>278.4</ele>
   </trkpt>
   <trkpt lat="45.7270980" lon="4.7907050">
    <ele>277.8</ele>
   </trkpt>
   <trkpt lat="45.7270620" lon="4.7907500">
    <ele>277.8</ele>
   </trkpt>
   <trkpt lat="45.7270270" lon="4.7907950">
    <ele>277.8</ele>
   </trkpt>
   <trkpt lat="45.7269920" lon="4.7908280">
    <ele>276.6</ele>
   </trkpt>
   <trkpt lat="45.7269630" lon="4.7908640">
    <ele>276.2</ele>
   </trkpt>
   <trkpt lat="45.7269310" lon="4.7909000">
    <ele>276.0</ele>
   </trkpt>
   <trkpt lat="45.7268990" lon="4.7909420">
    <ele>275.4</ele>
   </trkpt>
   <trkpt lat="45.7268700" lon="4.7909730">
    <ele>274.2</ele>
   </trkpt>
   <trkpt lat="45.7268320" lon="4.7909930">
    <ele>273.2</ele>
   </trkpt>
   <trkpt lat="45.7268000" lon="4.7909860">
    <ele>272.4</ele>
   </trkpt>
   <trkpt lat="45.7267710" lon="4.7909860">
    <ele>271.6</ele>
   </trkpt>
   <trkpt lat="45.7267390" lon="4.7909920">
    <ele>270.4</ele>
   </trkpt>
   <trkpt lat="45.7267010" lon="4.7909850">
    <ele>269.6</ele>
   </trkpt>
   <trkpt lat="45.7266620" lon="4.7909800">
    <ele>269.6</ele>
   </trkpt>
   <trkpt lat="45.7266270" lon="4.7909620">
    <ele>269.4</ele>
   </trkpt>
   <trkpt lat="45.7265890" lon="4.7909330">
    <ele>268.6</ele>
   </trkpt>
   <trkpt lat="45.7265500" lon="4.7909120">
    <ele>268.4</ele>
   </trkpt>
   <trkpt lat="45.7265150" lon="4.7909030">
    <ele>267.6</ele>
   </trkpt>
   <trkpt lat="45.7264830" lon="4.7908950">
    <ele>267.0</ele>
   </trkpt>
   <trkpt lat="45.7264480" lon="4.7908900">
    <ele>266.6</ele>
   </trkpt>
   <trkpt lat="45.7264130" lon="4.7908980">
    <ele>265.4</ele>
   </trkpt>
   <trkpt lat="45.7263810" lon="4.7909080">
    <ele>264.8</ele>
   </trkpt>
   <trkpt lat="45.7263490" lon="4.7909120">
    <ele>263.6</ele>
   </trkpt>
   <trkpt lat="45.7263170" lon="4.7909080">
    <ele>262.6</ele>
   </trkpt>
   <trkpt lat="45.7262880" lon="4.7908920">
    <ele>261.8</ele>
   </trkpt>
   <trkpt lat="45.7262560" lon="4.7908670">
    <ele>260.4</ele>
   </trkpt>
   <trkpt lat="45.7262240" lon="4.7908500">
    <ele>259.2</ele>
   </trkpt>
   <trkpt lat="45.7261920" lon="4.7908380">
    <ele>258.0</ele>
   </trkpt>
   <trkpt lat="45.7261660" lon="4.7908420">
    <ele>257.2</ele>
   </trkpt>
   <trkpt lat="45.7261440" lon="4.7908620">
    <ele>256.6</ele>
   </trkpt>
   <trkpt lat="45.7261150" lon="4.7908920">
    <ele>255.4</ele>
   </trkpt>
   <trkpt lat="45.7260900" lon="4.7909270">
    <ele>254.4</ele>
   </trkpt>
   <trkpt lat="45.7260640" lon="4.7909580">
    <ele>253.2</ele>
   </trkpt>
   <trkpt lat="45.7260380" lon="4.7909930">
    <ele>252.2</ele>
   </trkpt>
   <trkpt lat="45.7260180" lon="4.7910710">
    <ele>251.0</ele>
   </trkpt>
   <trkpt lat="45.7260130" lon="4.7911000">
    <ele>249.8</ele>
   </trkpt>
   <trkpt lat="45.7260060" lon="4.7911600">
    <ele>248.6</ele>
   </trkpt>
   <trkpt lat="45.7260060" lon="4.7912120">
    <ele>247.6</ele>
   </trkpt>
   <trkpt lat="45.7260100" lon="4.7912650">
    <ele>247.0</ele>
   </trkpt>
   <trkpt lat="45.7260060" lon="4.7913200">
    <ele>246.8</ele>
   </trkpt>
   <trkpt lat="45.7260160" lon="4.7913720">
    <ele>246.4</ele>
   </trkpt>
   <trkpt lat="45.7260290" lon="4.7914230">
    <ele>246.4</ele>
   </trkpt>
   <trkpt lat="45.7260380" lon="4.7914780">
    <ele>246.4</ele>
   </trkpt>
   <trkpt lat="45.7260640" lon="4.7915370">
    <ele>246.4</ele>
   </trkpt>
   <trkpt lat="45.7260770" lon="4.7915960">
    <ele>245.4</ele>
   </trkpt>
   <trkpt lat="45.7260930" lon="4.7916560">
    <ele>244.6</ele>
   </trkpt>
   <trkpt lat="45.7261020" lon="4.7917130">
    <ele>243.2</ele>
   </trkpt>
   <trkpt lat="45.7261090" lon="4.7917670">
    <ele>242.4</ele>
   </trkpt>
   <trkpt lat="45.7261120" lon="4.7918250">
    <ele>241.8</ele>
   </trkpt>
   <trkpt lat="45.7260960" lon="4.7918870">
    <ele>241.8</ele>
   </trkpt>
   <trkpt lat="45.7260830" lon="4.7919450">
    <ele>241.8</ele>
   </trkpt>
   <trkpt lat="45.7260640" lon="4.7920060">
    <ele>241.6</ele>
   </trkpt>
   <trkpt lat="45.7260380" lon="4.7920560">
    <ele>241.4</ele>
   </trkpt>
   <trkpt lat="45.7260160" lon="4.7921070">
    <ele>241.4</ele>
   </trkpt>
   <trkpt lat="45.7259860" lon="4.7921750">
    <ele>241.4</ele>
   </trkpt>
   <trkpt lat="45.7259740" lon="4.7921970">
    <ele>241.0</ele>
   </trkpt>
   <trkpt lat="45.7259550" lon="4.7922480">
    <ele>240.6</ele>
   </trkpt>
   <trkpt lat="45.7259390" lon="4.7922920">
    <ele>240.0</ele>
   </trkpt>
   <trkpt lat="45.7259230" lon="4.7923450">
    <ele>239.6</ele>
   </trkpt>
   <trkpt lat="45.7258980" lon="4.7923960">
    <ele>239.4</ele>
   </trkpt>
   <trkpt lat="45.7258850" lon="4.7924500">
    <ele>239.0</ele>
   </trkpt>
   <trkpt lat="45.7258750" lon="4.7925050">
    <ele>238.4</ele>
   </trkpt>
   <trkpt lat="45.7258690" lon="4.7925580">
    <ele>238.2</ele>
   </trkpt>
   <trkpt lat="45.7258660" lon="4.7926050">
    <ele>237.6</ele>
   </trkpt>
   <trkpt lat="45.7258560" lon="4.7926620">
    <ele>237.2</ele>
   </trkpt>
   <trkpt lat="45.7258590" lon="4.7927160">
    <ele>237.0</ele>
   </trkpt>
   <trkpt lat="45.7258720" lon="4.7927660">
    <ele>236.6</ele>
   </trkpt>
   <trkpt lat="45.7258780" lon="4.7928150">
    <ele>236.6</ele>
   </trkpt>
   <trkpt lat="45.7258880" lon="4.7928630">
    <ele>236.4</ele>
   </trkpt>
   <trkpt lat="45.7259170" lon="4.7929070">
    <ele>236.0</ele>
   </trkpt>
   <trkpt lat="45.7259260" lon="4.7929480">
    <ele>235.8</ele>
   </trkpt>
   <trkpt lat="45.7259300" lon="4.7929780">
    <ele>235.4</ele>
   </trkpt>
   <trkpt lat="45.7259300" lon="4.7929780">
    <ele>235.4</ele>
   </trkpt>
   <trkpt lat="45.7258560" lon="4.7929730">
    <ele>235.6</ele>
   </trkpt>
   <trkpt lat="45.7258270" lon="4.7929580">
    <ele>235.6</ele>
   </trkpt>
   <trkpt lat="45.7257760" lon="4.7929240">
    <ele>235.0</ele>
   </trkpt>
   <trkpt lat="45.7257470" lon="4.7928800">
    <ele>233.8</ele>
   </trkpt>
   <trkpt lat="45.7257090" lon="4.7928350">
    <ele>233.2</ele>
   </trkpt>
   <trkpt lat="45.7256770" lon="4.7927860">
    <ele>233.0</ele>
   </trkpt>
   <trkpt lat="45.7256510" lon="4.7927420">
    <ele>232.8</ele>
   </trkpt>
   <trkpt lat="45.7256180" lon="4.7926590">
    <ele>232.4</ele>
   </trkpt>
   <trkpt lat="45.7256100" lon="4.7926280">
    <ele>231.8</ele>
   </trkpt>
   <trkpt lat="45.7256100" lon="4.7925620">
    <ele>231.4</ele>
   </trkpt>
   <trkpt lat="45.7256160" lon="4.7924880">
    <ele>231.2</ele>
   </trkpt>
   <trkpt lat="45.7256320" lon="4.7924160">
    <ele>230.8</ele>
   </trkpt>
   <trkpt lat="45.7256510" lon="4.7923530">
    <ele>230.2</ele>
   </trkpt>
   <trkpt lat="45.7256740" lon="4.7922940">
    <ele>230.2</ele>
   </trkpt>
   <trkpt lat="45.7256960" lon="4.7922440">
    <ele>229.4</ele>
   </trkpt>
   <trkpt lat="45.7257340" lon="4.7921850">
    <ele>229.2</ele>
   </trkpt>
   <trkpt lat="45.7257600" lon="4.7921220">
    <ele>229.2</ele>
   </trkpt>
   <trkpt lat="45.7257920" lon="4.7920620">
    <ele>229.0</ele>
   </trkpt>
   <trkpt lat="45.7258140" lon="4.7920100">
    <ele>229.0</ele>
   </trkpt>
   <trkpt lat="45.7258240" lon="4.7919500">
    <ele>228.6</ele>
   </trkpt>
   <trkpt lat="45.7258340" lon="4.7918920">
    <ele>228.0</ele>
   </trkpt>
   <trkpt lat="45.7258370" lon="4.7918180">
    <ele>228.0</ele>
   </trkpt>
   <trkpt lat="45.7258400" lon="4.7917580">
    <ele>227.6</ele>
   </trkpt>
   <trkpt lat="45.7258300" lon="4.7916880">
    <ele>227.4</ele>
   </trkpt>
   <trkpt lat="45.7258180" lon="4.7916300">
    <ele>227.0</ele>
   </trkpt>
   <trkpt lat="45.7258050" lon="4.7915770">
    <ele>226.8</ele>
   </trkpt>
   <trkpt lat="45.7257730" lon="4.7915240">
    <ele>226.4</ele>
   </trkpt>
   <trkpt lat="45.7257470" lon="4.7914670">
    <ele>226.2</ele>
   </trkpt>
   <trkpt lat="45.7257090" lon="4.7914170">
    <ele>225.8</ele>
   </trkpt>
   <trkpt lat="45.7256860" lon="4.7913650">
    <ele>225.6</ele>
   </trkpt>
   <trkpt lat="45.7256580" lon="4.7913060">
    <ele>224.8</ele>
   </trkpt>
   <trkpt lat="45.7256320" lon="4.7912570">
    <ele>224.4</ele>
   </trkpt>
   <trkpt lat="45.7256060" lon="4.7911970">
    <ele>224.4</ele>
   </trkpt>
   <trkpt lat="45.7255870" lon="4.7911350">
    <ele>223.6</ele>
   </trkpt>
   <trkpt lat="45.7255580" lon="4.7910730">
    <ele>223.6</ele>
   </trkpt>
   <trkpt lat="45.7255330" lon="4.7910300">
    <ele>223.0</ele>
   </trkpt>
   <trkpt lat="45.7255070" lon="4.7910050">
    <ele>222.8</ele>
   </trkpt>
   <trkpt lat="45.7254780" lon="4.7910000">
    <ele>222.4</ele>
   </trkpt>
   <trkpt lat="45.7254590" lon="4.7910380">
    <ele>222.2</ele>
   </trkpt>
   <trkpt lat="45.7254590" lon="4.7911080">
    <ele>222.0</ele>
   </trkpt>
   <trkpt lat="45.7254690" lon="4.7911780">
    <ele>221.4</ele>
   </trkpt>
   <trkpt lat="45.7254920" lon="4.7912910">
    <ele>220.8</ele>
   </trkpt>
   <trkpt lat="45.7255010" lon="4.7913260">
    <ele>220.6</ele>
   </trkpt>
   <trkpt lat="45.7255200" lon="4.7913950">
    <ele>220.4</ele>
   </trkpt>
   <trkpt lat="45.7255390" lon="4.7914650">
    <ele>220.4</ele>
   </trkpt>
   <trkpt lat="45.7255550" lon="4.7915300">
    <ele>220.4</ele>
   </trkpt>
   <trkpt lat="45.7255680" lon="4.7915980">
    <ele>220.0</ele>
   </trkpt>
   <trkpt lat="45.7255780" lon="4.7916650">
    <ele>219.8</ele>
   </trkpt>
   <trkpt lat="45.7255810" lon="4.7917260">
    <ele>219.4</ele>
   </trkpt>
   <trkpt lat="45.7255810" lon="4.7917880">
    <ele>218.8</ele>
   </trkpt>
   <trkpt lat="45.7255780" lon="4.7918570">
    <ele>218.4</ele>
   </trkpt>
   <trkpt lat="45.7255680" lon="4.7919150">
    <ele>218.0</ele>
   </trkpt>
   <trkpt lat="45.7255550" lon="4.7919750">
    <ele>218.0</ele>
   </trkpt>
   <trkpt lat="45.7255520" lon="4.7920320">
    <ele>218.0</ele>
   </trkpt>
   <trkpt lat="45.7255420" lon="4.7920870">
    <ele>217.6</ele>
   </trkpt>
   <trkpt lat="45.7255360" lon="4.7921500">
    <ele>217.6</ele>
   </trkpt>
   <trkpt lat="45.7255200" lon="4.7921980">
    <ele>217.4</ele>
   </trkpt>
   <trkpt lat="45.7255100" lon="4.7922570">
    <ele>217.2</ele>
   </trkpt>
   <trkpt lat="45.7255010" lon="4.7923150">
    <ele>217.2</ele>
   </trkpt>
   <trkpt lat="45.7254940" lon="4.7923750">
    <ele>217.0</ele>
   </trkpt>
   <trkpt lat="45.7254780" lon="4.7924380">
    <ele>217.0</ele>
   </trkpt>
   <trkpt lat="45.7254880" lon="4.7925020">
    <ele>217.2</ele>
   </trkpt>
   <trkpt lat="45.7254880" lon="4.7925650">
    <ele>217.2</ele>
   </trkpt>
   <trkpt lat="45.7254880" lon="4.7926270">
    <ele>217.0</ele>
   </trkpt>
   <trkpt lat="45.7254910" lon="4.7926880">
    <ele>217.0</ele>
   </trkpt>
   <trkpt lat="45.7254880" lon="4.7927460">
    <ele>217.0</ele>
   </trkpt>
   <trkpt lat="45.7254880" lon="4.7928080">
    <ele>217.0</ele>
   </trkpt>
   <trkpt lat="45.7254780" lon="4.7928670">
    <ele>217.0</ele>
   </trkpt>
   <trkpt lat="45.7254820" lon="4.7929240">
    <ele>217.0</ele>
   </trkpt>
   <trkpt lat="45.7254820" lon="4.7929840">
    <ele>217.0</ele>
   </trkpt>
   <trkpt lat="45.7254820" lon="4.7930450">
    <ele>216.8</ele>
   </trkpt>
   <trkpt lat="45.7254880" lon="4.7931030">
    <ele>216.8</ele>
   </trkpt>
   <trkpt lat="45.7254880" lon="4.7931630">
    <ele>216.8</ele>
   </trkpt>
   <trkpt lat="45.7254940" lon="4.7932200">
    <ele>217.0</ele>
   </trkpt>
   <trkpt lat="45.7254980" lon="4.7932780">
    <ele>217.0</ele>
   </trkpt>
   <trkpt lat="45.7254980" lon="4.7933320">
    <ele>216.8</ele>
   </trkpt>
   <trkpt lat="45.7255070" lon="4.7933860">
    <ele>216.8</ele>
   </trkpt>
   <trkpt lat="45.7255100" lon="4.7934430">
    <ele>216.8</ele>
   </trkpt>
   <trkpt lat="45.7255090" lon="4.7935380">
    <ele>216.8</ele>
   </trkpt>
   <trkpt lat="45.7255070" lon="4.7935680">
    <ele>217.0</ele>
   </trkpt>
   <trkpt lat="45.7254880" lon="4.7936220">
    <ele>217.0</ele>
   </trkpt>
   <trkpt lat="45.7254780" lon="4.7936840">
    <ele>217.2</ele>
   </trkpt>
   <trkpt lat="45.7254620" lon="4.7937350">
    <ele>217.4</ele>
   </trkpt>
   <trkpt lat="45.7254590" lon="4.7937920">
    <ele>217.4</ele>
   </trkpt>
   <trkpt lat="45.7254560" lon="4.7938420">
    <ele>217.0</ele>
   </trkpt>
   <trkpt lat="45.7254560" lon="4.7938780">
    <ele>216.6</ele>
   </trkpt>
   <trkpt lat="45.7254690" lon="4.7939130">
    <ele>216.4</ele>
   </trkpt>
   <trkpt lat="45.7254690" lon="4.7939130">
    <ele>216.4</ele>
   </trkpt>
   <trkpt lat="45.7254790" lon="4.7939880">
    <ele>216.8</ele>
   </trkpt>
   <trkpt lat="45.7254820" lon="4.7940040">
    <ele>217.6</ele>
   </trkpt>
   <trkpt lat="45.7254910" lon="4.7940370">
    <ele>218.0</ele>
   </trkpt>
   <trkpt lat="45.7254980" lon="4.7940720">
    <ele>218.6</ele>
   </trkpt>
   <trkpt lat="45.7255010" lon="4.7941080">
    <ele>219.4</ele>
   </trkpt>
   <trkpt lat="45.7255070" lon="4.7941420">
    <ele>220.0</ele>
   </trkpt>
   <trkpt lat="45.7255140" lon="4.7941800">
    <ele>220.8</ele>
   </trkpt>
   <trkpt lat="45.7255260" lon="4.7942150">
    <ele>221.0</ele>
   </trkpt>
   <trkpt lat="45.7255300" lon="4.7942470">
    <ele>221.4</ele>
   </trkpt>
   <trkpt lat="45.7255330" lon="4.7942800">
    <ele>222.0</ele>
   </trkpt>
   <trkpt lat="45.7255330" lon="4.7942800">
    <ele>222.6</ele>
   </trkpt>
   <trkpt lat="45.7255390" lon="4.7943280">
    <ele>223.2</ele>
   </trkpt>
   <trkpt lat="45.7255390" lon="4.7943280">
    <ele>224.0</ele>
   </trkpt>
   <trkpt lat="45.7255490" lon="4.7943740">
    <ele>224.4</ele>
   </trkpt>
   <trkpt lat="45.7255550" lon="4.7943980">
    <ele>224.8</ele>
   </trkpt>
   <trkpt lat="45.7255710" lon="4.7944200">
    <ele>225.4</ele>
   </trkpt>
   <trkpt lat="45.7255910" lon="4.7944620">
    <ele>225.8</ele>
   </trkpt>
   <trkpt lat="45.7255940" lon="4.7944760">
    <ele>226.2</ele>
   </trkpt>
   <trkpt lat="45.7255970" lon="4.7945030">
    <ele>226.8</ele>
   </trkpt>
   <trkpt lat="45.7256100" lon="4.7945250">
    <ele>227.4</ele>
   </trkpt>
   <trkpt lat="45.7256100" lon="4.7945250">
    <ele>227.8</ele>
   </trkpt>
   <trkpt lat="45.7256320" lon="4.7945680">
    <ele>228.4</ele>
   </trkpt>
   <trkpt lat="45.7256480" lon="4.7945830">
    <ele>229.0</ele>
   </trkpt>
   <trkpt lat="45.7256670" lon="4.7945950">
    <ele>229.6</ele>
   </trkpt>
   <trkpt lat="45.7256860" lon="4.7946080">
    <ele>230.0</ele>
   </trkpt>
   <trkpt lat="45.7257060" lon="4.7946200">
    <ele>230.6</ele>
   </trkpt>
   <trkpt lat="45.7257060" lon="4.7946200">
    <ele>231.2</ele>
   </trkpt>
   <trkpt lat="45.7257380" lon="4.7946300">
    <ele>231.8</ele>
   </trkpt>
   <trkpt lat="45.7257380" lon="4.7946300">
    <ele>232.4</ele>
   </trkpt>
   <trkpt lat="45.7257600" lon="4.7946500">
    <ele>232.8</ele>
   </trkpt>
   <trkpt lat="45.7257600" lon="4.7946500">
    <ele>233.4</ele>
   </trkpt>
   <trkpt lat="45.7257920" lon="4.7946770">
    <ele>234.0</ele>
   </trkpt>
   <trkpt lat="45.7258140" lon="4.7946900">
    <ele>234.6</ele>
   </trkpt>
   <trkpt lat="45.7258140" lon="4.7946900">
    <ele>235.0</ele>
   </trkpt>
   <trkpt lat="45.7258600" lon="4.7947280">
    <ele>235.6</ele>
   </trkpt>
   <trkpt lat="45.7258660" lon="4.7947420">
    <ele>235.8</ele>
   </trkpt>
   <trkpt lat="45.7258880" lon="4.7947640">
    <ele>236.6</ele>
   </trkpt>
   <trkpt lat="45.7259070" lon="4.7947840">
    <ele>237.0</ele>
   </trkpt>
   <trkpt lat="45.7259230" lon="4.7948030">
    <ele>237.6</ele>
   </trkpt>
   <trkpt lat="45.7259360" lon="4.7948250">
    <ele>238.2</ele>
   </trkpt>
   <trkpt lat="45.7259520" lon="4.7948480">
    <ele>238.6</ele>
   </trkpt>
   <trkpt lat="45.7259680" lon="4.7948700">
    <ele>239.2</ele>
   </trkpt>
   <trkpt lat="45.7259740" lon="4.7949020">
    <ele>239.6</ele>
   </trkpt>
   <trkpt lat="45.7259740" lon="4.7949370">
    <ele>240.4</ele>
   </trkpt>
   <trkpt lat="45.7259740" lon="4.7949630">
    <ele>240.6</ele>
   </trkpt>
   <trkpt lat="45.7259740" lon="4.7949940">
    <ele>241.0</ele>
   </trkpt>
   <trkpt lat="45.7259740" lon="4.7950200">
    <ele>241.6</ele>
   </trkpt>
   <trkpt lat="45.7259780" lon="4.7950470">
    <ele>242.2</ele>
   </trkpt>
   <trkpt lat="45.7259780" lon="4.7950740">
    <ele>242.6</ele>
   </trkpt>
   <trkpt lat="45.7259780" lon="4.7950740">
    <ele>243.0</ele>
   </trkpt>
   <trkpt lat="45.7259870" lon="4.7951470">
    <ele>243.6</ele>
   </trkpt>
   <trkpt lat="45.7259900" lon="4.7951630">
    <ele>243.8</ele>
   </trkpt>
   <trkpt lat="45.7260030" lon="4.7952060">
    <ele>244.0</ele>
   </trkpt>
   <trkpt lat="45.7260130" lon="4.7952430">
    <ele>244.6</ele>
   </trkpt>
   <trkpt lat="45.7260160" lon="4.7952800">
    <ele>245.0</ele>
   </trkpt>
   <trkpt lat="45.7260220" lon="4.7953150">
    <ele>245.8</ele>
   </trkpt>
   <trkpt lat="45.7260260" lon="4.7953540">
    <ele>246.0</ele>
   </trkpt>
   <trkpt lat="45.7260290" lon="4.7953900">
    <ele>246.4</ele>
   </trkpt>
   <trkpt lat="45.7260380" lon="4.7954270">
    <ele>247.0</ele>
   </trkpt>
   <trkpt lat="45.7260430" lon="4.7954750">
    <ele>247.2</ele>
   </trkpt>
   <trkpt lat="45.7260480" lon="4.7954920">
    <ele>247.6</ele>
   </trkpt>
   <trkpt lat="45.7260580" lon="4.7955250">
    <ele>248.0</ele>
   </trkpt>
   <trkpt lat="45.7260700" lon="4.7955600">
    <ele>248.0</ele>
   </trkpt>
   <trkpt lat="45.7260770" lon="4.7955950">
    <ele>248.4</ele>
   </trkpt>
   <trkpt lat="45.7260860" lon="4.7956330">
    <ele>248.8</ele>
   </trkpt>
   <trkpt lat="45.7260930" lon="4.7956670">
    <ele>248.8</ele>
   </trkpt>
   <trkpt lat="45.7261060" lon="4.7956980">
    <ele>249.0</ele>
   </trkpt>
   <trkpt lat="45.7261180" lon="4.7957280">
    <ele>249.4</ele>
   </trkpt>
   <trkpt lat="45.7261340" lon="4.7957680">
    <ele>249.4</ele>
   </trkpt>
   <trkpt lat="45.7261500" lon="4.7958030">
    <ele>249.6</ele>
   </trkpt>
   <trkpt lat="45.7261700" lon="4.7958360">
    <ele>250.0</ele>
   </trkpt>
   <trkpt lat="45.7261890" lon="4.7958720">
    <ele>250.2</ele>
   </trkpt>
   <trkpt lat="45.7262020" lon="4.7959130">
    <ele>250.2</ele>
   </trkpt>
   <trkpt lat="45.7262140" lon="4.7959530">
    <ele>250.4</ele>
   </trkpt>
   <trkpt lat="45.7262300" lon="4.7959920">
    <ele>250.8</ele>
   </trkpt>
   <trkpt lat="45.7262460" lon="4.7960330">
    <ele>251.0</ele>
   </trkpt>
   <trkpt lat="45.7262560" lon="4.7960740">
    <ele>251.4</ele>
   </trkpt>
   <trkpt lat="45.7262720" lon="4.7961170">
    <ele>251.6</ele>
   </trkpt>
   <trkpt lat="45.7262850" lon="4.7961620">
    <ele>252.0</ele>
   </trkpt>
   <trkpt lat="45.7263010" lon="4.7962100">
    <ele>252.4</ele>
   </trkpt>
   <trkpt lat="45.7263140" lon="4.7962560">
    <ele>252.2</ele>
   </trkpt>
   <trkpt lat="45.7263260" lon="4.7963020">
    <ele>252.4</ele>
   </trkpt>
   <trkpt lat="45.7263360" lon="4.7963480">
    <ele>252.8</ele>
   </trkpt>
   <trkpt lat="45.7263490" lon="4.7963880">
    <ele>253.0</ele>
   </trkpt>
   <trkpt lat="45.7263520" lon="4.7964320">
    <ele>253.2</ele>
   </trkpt>
   <trkpt lat="45.7263550" lon="4.7964680">
    <ele>253.6</ele>
   </trkpt>
   <trkpt lat="45.7263550" lon="4.7965100">
    <ele>253.8</ele>
   </trkpt>
   <trkpt lat="45.7263650" lon="4.7965500">
    <ele>254.0</ele>
   </trkpt>
   <trkpt lat="45.7263780" lon="4.7966180">
    <ele>254.6</ele>
   </trkpt>
   <trkpt lat="45.7263840" lon="4.7966420">
    <ele>254.8</ele>
   </trkpt>
   <trkpt lat="45.7263840" lon="4.7966870">
    <ele>254.8</ele>
   </trkpt>
   <trkpt lat="45.7263870" lon="4.7967280">
    <ele>255.4</ele>
   </trkpt>
   <trkpt lat="45.7263900" lon="4.7967720">
    <ele>255.6</ele>
   </trkpt>
   <trkpt lat="45.7263940" lon="4.7968140">
    <ele>256.0</ele>
   </trkpt>
   <trkpt lat="45.7264000" lon="4.7968530">
    <ele>256.4</ele>
   </trkpt>
   <trkpt lat="45.7264000" lon="4.7968930">
    <ele>256.4</ele>
   </trkpt>
   <trkpt lat="45.7264030" lon="4.7969350">
    <ele>257.0</ele>
   </trkpt>
   <trkpt lat="45.7264060" lon="4.7969760">
    <ele>257.4</ele>
   </trkpt>
   <trkpt lat="45.7264060" lon="4.7970120">
    <ele>257.6</ele>
   </trkpt>
   <trkpt lat="45.7264030" lon="4.7970520">
    <ele>257.8</ele>
   </trkpt>
   <trkpt lat="45.7263940" lon="4.7970880">
    <ele>258.2</ele>
   </trkpt>
   <trkpt lat="45.7263840" lon="4.7971270">
    <ele>258.6</ele>
   </trkpt>
   <trkpt lat="45.7263740" lon="4.7971620">
    <ele>258.8</ele>
   </trkpt>
   <trkpt lat="45.7263490" lon="4.7971770">
    <ele>259.2</ele>
   </trkpt>
   <trkpt lat="45.7263140" lon="4.7971850">
    <ele>259.6</ele>
   </trkpt>
   <trkpt lat="45.7262660" lon="4.7971900">
    <ele>260.0</ele>
   </trkpt>
   <trkpt lat="45.7262240" lon="4.7971980">
    <ele>260.0</ele>
   </trkpt>
   <trkpt lat="45.7261760" lon="4.7972150">
    <ele>259.6</ele>
   </trkpt>
   <trkpt lat="45.7261150" lon="4.7972570">
    <ele>259.0</ele>
   </trkpt>
   <trkpt lat="45.7260960" lon="4.7972750">
    <ele>258.6</ele>
   </trkpt>
   <trkpt lat="45.7260670" lon="4.7973150">
    <ele>257.8</ele>
   </trkpt>
   <trkpt lat="45.7260380" lon="4.7973670">
    <ele>257.0</ele>
   </trkpt>
   <trkpt lat="45.7260290" lon="4.7974300">
    <ele>256.6</ele>
   </trkpt>
   <trkpt lat="45.7260290" lon="4.7974970">
    <ele>255.6</ele>
   </trkpt>
   <trkpt lat="45.7260380" lon="4.7975620">
    <ele>255.6</ele>
   </trkpt>
   <trkpt lat="45.7260480" lon="4.7976250">
    <ele>254.8</ele>
   </trkpt>
   <trkpt lat="45.7260640" lon="4.7976850">
    <ele>254.6</ele>
   </trkpt>
   <trkpt lat="45.7260740" lon="4.7977430">
    <ele>254.4</ele>
   </trkpt>
   <trkpt lat="45.7260830" lon="4.7978050">
    <ele>254.4</ele>
   </trkpt>
   <trkpt lat="45.7260930" lon="4.7978640">
    <ele>254.2</ele>
   </trkpt>
   <trkpt lat="45.7260960" lon="4.7979220">
    <ele>254.0</ele>
   </trkpt>
   <trkpt lat="45.7261020" lon="4.7979830">
    <ele>253.6</ele>
   </trkpt>
   <trkpt lat="45.7261060" lon="4.7980430">
    <ele>253.2</ele>
   </trkpt>
   <trkpt lat="45.7261120" lon="4.7981030">
    <ele>253.2</ele>
   </trkpt>
   <trkpt lat="45.7261180" lon="4.7981640">
    <ele>253.2</ele>
   </trkpt>
   <trkpt lat="45.7261340" lon="4.7982250">
    <ele>253.0</ele>
   </trkpt>
   <trkpt lat="45.7261440" lon="4.7982880">
    <ele>252.8</ele>
   </trkpt>
   <trkpt lat="45.7261500" lon="4.7983520">
    <ele>252.4</ele>
   </trkpt>
   <trkpt lat="45.7261600" lon="4.7984440">
    <ele>252.2</ele>
   </trkpt>
   <trkpt lat="45.7261630" lon="4.7984770">
    <ele>252.0</ele>
   </trkpt>
   <trkpt lat="45.7261630" lon="4.7985380">
    <ele>252.0</ele>
   </trkpt>
   <trkpt lat="45.7261660" lon="4.7985980">
    <ele>251.6</ele>
   </trkpt>
   <trkpt lat="45.7261700" lon="4.7986620">
    <ele>251.0</ele>
   </trkpt>
   <trkpt lat="45.7261730" lon="4.7987180">
    <ele>250.8</ele>
   </trkpt>
   <trkpt lat="45.7261730" lon="4.7987700">
    <ele>250.8</ele>
   </trkpt>
   <trkpt lat="45.7261700" lon="4.7988280">
    <ele>250.6</ele>
   </trkpt>
   <trkpt lat="45.7261860" lon="4.7988920">
    <ele>250.4</ele>
   </trkpt>
   <trkpt lat="45.7262020" lon="4.7989580">
    <ele>249.8</ele>
   </trkpt>
   <trkpt lat="45.7262110" lon="4.7990250">
    <ele>249.6</ele>
   </trkpt>
   <trkpt lat="45.7262270" lon="4.7990920">
    <ele>248.8</ele>
   </trkpt>
   <trkpt lat="45.7262370" lon="4.7991600">
    <ele>248.6</ele>
   </trkpt>
   <trkpt lat="45.7262460" lon="4.7992300">
    <ele>248.6</ele>
   </trkpt>
   <trkpt lat="45.7262560" lon="4.7992970">
    <ele>248.6</ele>
   </trkpt>
   <trkpt lat="45.7262660" lon="4.7993620">
    <ele>248.2</ele>
   </trkpt>
   <trkpt lat="45.7262690" lon="4.7994250">
    <ele>248.2</ele>
   </trkpt>
   <trkpt lat="45.7262720" lon="4.7994880">
    <ele>248.2</ele>
   </trkpt>
   <trkpt lat="45.7262750" lon="4.7995500">
    <ele>248.2</ele>
   </trkpt>
   <trkpt lat="45.7262750" lon="4.7996120">
    <ele>248.0</ele>
   </trkpt>
   <trkpt lat="45.7262750" lon="4.7997050">
    <ele>248.0</ele>
   </trkpt>
   <trkpt lat="45.7262750" lon="4.7997360">
    <ele>248.0</ele>
   </trkpt>
   <trkpt lat="45.7262820" lon="4.7998000">
    <ele>248.0</ele>
   </trkpt>
   <trkpt lat="45.7262850" lon="4.7998620">
    <ele>248.2</ele>
   </trkpt>
   <trkpt lat="45.7262910" lon="4.7999220">
    <ele>248.4</ele>
   </trkpt>
   <trkpt lat="45.7263010" lon="4.7999800">
    <ele>248.4</ele>
   </trkpt>
   <trkpt lat="45.7263140" lon="4.8000350">
    <ele>248.4</ele>
   </trkpt>
   <trkpt lat="45.7263230" lon="4.8000950">
    <ele>248.2</ele>
   </trkpt>
   <trkpt lat="45.7263330" lon="4.8001550">
    <ele>248.2</ele>
   </trkpt>
   <trkpt lat="45.7263520" lon="4.8002150">
    <ele>248.2</ele>
   </trkpt>
   <trkpt lat="45.7263680" lon="4.8002740">
    <ele>248.2</ele>
   </trkpt>
   <trkpt lat="45.7263870" lon="4.8003280">
    <ele>248.2</ele>
   </trkpt>
   <trkpt lat="45.7264100" lon="4.8003820">
    <ele>248.2</ele>
   </trkpt>
   <trkpt lat="45.7264290" lon="4.8004400">
    <ele>248.4</ele>
   </trkpt>
   <trkpt lat="45.7264510" lon="4.8004900">
    <ele>248.4</ele>
   </trkpt>
   <trkpt lat="45.7264800" lon="4.8005470">
    <ele>248.6</ele>
   </trkpt>
   <trkpt lat="45.7265020" lon="4.8005970">
    <ele>248.8</ele>
   </trkpt>
   <trkpt lat="45.7265220" lon="4.8006540">
    <ele>248.6</ele>
   </trkpt>
   <trkpt lat="45.7265410" lon="4.8007070">
    <ele>248.6</ele>
   </trkpt>
   <trkpt lat="45.7265660" lon="4.8007580">
    <ele>248.6</ele>
   </trkpt>
   <trkpt lat="45.7265890" lon="4.8008100">
    <ele>248.6</ele>
   </trkpt>
   <trkpt lat="45.7266080" lon="4.8008630">
    <ele>248.6</ele>
   </trkpt>
   <trkpt lat="45.7266340" lon="4.8009130">
    <ele>248.6</ele>
   </trkpt>
   <trkpt lat="45.7266740" lon="4.8009920">
    <ele>248.6</ele>
   </trkpt>
   <trkpt lat="45.7266850" lon="4.8010200">
    <ele>248.8</ele>
   </trkpt>
   <trkpt lat="45.7267010" lon="4.8010770">
    <ele>248.8</ele>
   </trkpt>
   <trkpt lat="45.7267140" lon="4.8011400">
    <ele>249.0</ele>
   </trkpt>
   <trkpt lat="45.7267260" lon="4.8012000">
    <ele>249.2</ele>
   </trkpt>
   <trkpt lat="45.7267230" lon="4.8012670">
    <ele>249.2</ele>
   </trkpt>
   <trkpt lat="45.7267200" lon="4.8013270">
    <ele>249.0</ele>
   </trkpt>
   <trkpt lat="45.7267100" lon="4.8013900">
    <ele>249.0</ele>
   </trkpt>
   <trkpt lat="45.7267040" lon="4.8014500">
    <ele>249.0</ele>
   </trkpt>
   <trkpt lat="45.7266910" lon="4.8015150">
    <ele>249.0</ele>
   </trkpt>
   <trkpt lat="45.7266820" lon="4.8015750">
    <ele>248.8</ele>
   </trkpt>
   <trkpt lat="45.7266690" lon="4.8016380">
    <ele>248.6</ele>
   </trkpt>
   <trkpt lat="45.7266530" lon="4.8017000">
    <ele>248.6</ele>
   </trkpt>
   <trkpt lat="45.7266400" lon="4.8017640">
    <ele>248.6</ele>
   </trkpt>
   <trkpt lat="45.7266300" lon="4.8018230">
    <ele>248.4</ele>
   </trkpt>
   <trkpt lat="45.7266210" lon="4.8018860">
    <ele>248.2</ele>
   </trkpt>
   <trkpt lat="45.7266080" lon="4.8019480">
    <ele>248.2</ele>
   </trkpt>
   <trkpt lat="45.7265890" lon="4.8020120">
    <ele>248.2</ele>
   </trkpt>
   <trkpt lat="45.7265790" lon="4.8020720">
    <ele>248.2</ele>
   </trkpt>
   <trkpt lat="45.7265630" lon="4.8021340">
    <ele>248.4</ele>
   </trkpt>
   <trkpt lat="45.7265500" lon="4.8021930">
    <ele>248.0</ele>
   </trkpt>
   <trkpt lat="45.7265340" lon="4.8022560">
    <ele>248.0</ele>
   </trkpt>
   <trkpt lat="45.7265250" lon="4.8023150">
    <ele>248.0</ele>
   </trkpt>
   <trkpt lat="45.7265090" lon="4.8023800">
    <ele>247.8</ele>
   </trkpt>
   <trkpt lat="45.7265020" lon="4.8024440">
    <ele>247.6</ele>
   </trkpt>
   <trkpt lat="45.7264860" lon="4.8025060">
    <ele>247.6</ele>
   </trkpt>
   <trkpt lat="45.7264740" lon="4.8025730">
    <ele>247.6</ele>
   </trkpt>
   <trkpt lat="45.7264640" lon="4.8026420">
    <ele>247.2</ele>
   </trkpt>
   <trkpt lat="45.7264510" lon="4.8027070">
    <ele>246.2</ele>
   </trkpt>
   <trkpt lat="45.7264420" lon="4.8027750">
    <ele>245.8</ele>
   </trkpt>
   <trkpt lat="45.7264290" lon="4.8028430">
    <ele>245.8</ele>
   </trkpt>
   <trkpt lat="45.7264100" lon="4.8029530">
    <ele>245.4</ele>
   </trkpt>
   <trkpt lat="45.7264030" lon="4.8029900">
    <ele>245.0</ele>
   </trkpt>
   <trkpt lat="45.7263900" lon="4.8030630">
    <ele>244.8</ele>
   </trkpt>
   <trkpt lat="45.7263840" lon="4.8031400">
    <ele>244.4</ele>
   </trkpt>
   <trkpt lat="45.7263710" lon="4.8032150">
    <ele>243.8</ele>
   </trkpt>
   <trkpt lat="45.7263520" lon="4.8032900">
    <ele>243.0</ele>
   </trkpt>
   <trkpt lat="45.7263360" lon="4.8033630">
    <ele>242.2</ele>
   </trkpt>
   <trkpt lat="45.7263170" lon="4.8034370">
    <ele>241.4</ele>
   </trkpt>
   <trkpt lat="45.7263040" lon="4.8035100">
    <ele>240.4</ele>
   </trkpt>
   <trkpt lat="45.7262880" lon="4.8035850">
    <ele>239.6</ele>
   </trkpt>
   <trkpt lat="45.7262720" lon="4.8036600">
    <ele>238.4</ele>
   </trkpt>
   <trkpt lat="45.7262530" lon="4.8037330">
    <ele>237.4</ele>
   </trkpt>
   <trkpt lat="45.7262340" lon="4.8038000">
    <ele>236.6</ele>
   </trkpt>
   <trkpt lat="45.7262140" lon="4.8038700">
    <ele>236.2</ele>
   </trkpt>
   <trkpt lat="45.7261920" lon="4.8039360">
    <ele>235.0</ele>
   </trkpt>
   <trkpt lat="45.7261700" lon="4.8040020">
    <ele>234.6</ele>
   </trkpt>
   <trkpt lat="45.7261470" lon="4.8040620">
    <ele>233.2</ele>
   </trkpt>
   <trkpt lat="45.7261180" lon="4.8041300">
    <ele>232.4</ele>
   </trkpt>
   <trkpt lat="45.7260930" lon="4.8041940">
    <ele>231.4</ele>
   </trkpt>
   <trkpt lat="45.7260670" lon="4.8042600">
    <ele>230.6</ele>
   </trkpt>
   <trkpt lat="45.7260210" lon="4.8043410">
    <ele>229.8</ele>
   </trkpt>
   <trkpt lat="45.7260060" lon="4.8043650">
    <ele>229.2</ele>
   </trkpt>
   <trkpt lat="45.7259680" lon="4.8043950">
    <ele>228.0</ele>
   </trkpt>
   <trkpt lat="45.7259260" lon="4.8044100">
    <ele>227.4</ele>
   </trkpt>
   <trkpt lat="45.7258940" lon="4.8044250">
    <ele>227.2</ele>
   </trkpt>
   <trkpt lat="45.7258720" lon="4.8044430">
    <ele>226.8</ele>
   </trkpt>
   <trkpt lat="45.7258720" lon="4.8044430">
    <ele>226.0</ele>
   </trkpt>
   <trkpt lat="45.7258960" lon="4.8045210">
    <ele>226.0</ele>
   </trkpt>
   <trkpt lat="45.7259070" lon="4.8045480">
    <ele>224.8</ele>
   </trkpt>
   <trkpt lat="45.7259360" lon="4.8046130">
    <ele>224.2</ele>
   </trkpt>
   <trkpt lat="45.7259650" lon="4.8046750">
    <ele>224.2</ele>
   </trkpt>
   <trkpt lat="45.7259870" lon="4.8047330">
    <ele>224.2</ele>
   </trkpt>
   <trkpt lat="45.7260060" lon="4.8047980">
    <ele>224.2</ele>
   </trkpt>
   <trkpt lat="45.7260220" lon="4.8048600">
    <ele>224.2</ele>
   </trkpt>
   <trkpt lat="45.7260260" lon="4.8049250">
    <ele>224.2</ele>
   </trkpt>
   <trkpt lat="45.7260260" lon="4.8049900">
    <ele>224.0</ele>
   </trkpt>
   <trkpt lat="45.7260220" lon="4.8050530">
    <ele>224.0</ele>
   </trkpt>
   <trkpt lat="45.7260160" lon="4.8051200">
    <ele>223.8</ele>
   </trkpt>
   <trkpt lat="45.7260130" lon="4.8051820">
    <ele>223.8</ele>
   </trkpt>
   <trkpt lat="45.7260100" lon="4.8052440">
    <ele>223.4</ele>
   </trkpt>
   <trkpt lat="45.7260130" lon="4.8052980">
    <ele>223.4</ele>
   </trkpt>
   <trkpt lat="45.7260290" lon="4.8053400">
    <ele>223.4</ele>
   </trkpt>
   <trkpt lat="45.7260640" lon="4.8053830">
    <ele>223.4</ele>
   </trkpt>
   <trkpt lat="45.7260770" lon="4.8053950">
    <ele>223.6</ele>
   </trkpt>
   <trkpt lat="45.7261020" lon="4.8054200">
    <ele>223.8</ele>
   </trkpt>
   <trkpt lat="45.7261310" lon="4.8054450">
    <ele>223.8</ele>
   </trkpt>
   <trkpt lat="45.7261660" lon="4.8054700">
    <ele>224.0</ele>
   </trkpt>
   <trkpt lat="45.7262020" lon="4.8054950">
    <ele>224.6</ele>
   </trkpt>
   <trkpt lat="45.7262270" lon="4.8055250">
    <ele>224.8</ele>
   </trkpt>
   <trkpt lat="45.7262560" lon="4.8055670">
    <ele>225.0</ele>
   </trkpt>
   <trkpt lat="45.7262720" lon="4.8056100">
    <ele>225.6</ele>
   </trkpt>
   <trkpt lat="45.7262820" lon="4.8056620">
    <ele>225.8</ele>
   </trkpt>
   <trkpt lat="45.7262820" lon="4.8057100">
    <ele>226.0</ele>
   </trkpt>
   <trkpt lat="45.7262720" lon="4.8057580">
    <ele>226.0</ele>
   </trkpt>
   <trkpt lat="45.7262660" lon="4.8058050">
    <ele>226.6</ele>
   </trkpt>
   <trkpt lat="45.7262530" lon="4.8058520">
    <ele>227.2</ele>
   </trkpt>
   <trkpt lat="45.7262530" lon="4.8058980">
    <ele>227.4</ele>
   </trkpt>
   <trkpt lat="45.7262500" lon="4.8059420">
    <ele>228.0</ele>
   </trkpt>
   <trkpt lat="45.7262530" lon="4.8059840">
    <ele>228.4</ele>
   </trkpt>
   <trkpt lat="45.7262620" lon="4.8060300">
    <ele>228.8</ele>
   </trkpt>
   <trkpt lat="45.7262720" lon="4.8060730">
    <ele>229.2</ele>
   </trkpt>
   <trkpt lat="45.7262820" lon="4.8061130">
    <ele>229.6</ele>
   </trkpt>
   <trkpt lat="45.7262820" lon="4.8061530">
    <ele>230.2</ele>
   </trkpt>
   <trkpt lat="45.7262880" lon="4.8061930">
    <ele>230.6</ele>
   </trkpt>
   <trkpt lat="45.7262880" lon="4.8062530">
    <ele>231.0</ele>
   </trkpt>
   <trkpt lat="45.7262880" lon="4.8062740">
    <ele>231.2</ele>
   </trkpt>
   <trkpt lat="45.7262880" lon="4.8062740">
    <ele>231.8</ele>
   </trkpt>
   <trkpt lat="45.7262900" lon="4.8063410">
    <ele>232.2</ele>
   </trkpt>
   <trkpt lat="45.7262880" lon="4.8063550">
    <ele>232.8</ele>
   </trkpt>
   <trkpt lat="45.7262690" lon="4.8063830">
    <ele>233.0</ele>
   </trkpt>
   <trkpt lat="45.7262430" lon="4.8064080">
    <ele>233.4</ele>
   </trkpt>
   <trkpt lat="45.7262050" lon="4.8064300">
    <ele>233.4</ele>
   </trkpt>
   <trkpt lat="45.7261660" lon="4.8064550">
    <ele>233.2</ele>
   </trkpt>
   <trkpt lat="45.7261280" lon="4.8064830">
    <ele>233.2</ele>
   </trkpt>
   <trkpt lat="45.7260900" lon="4.8065080">
    <ele>233.4</ele>
   </trkpt>
   <trkpt lat="45.7260510" lon="4.8065380">
    <ele>233.6</ele>
   </trkpt>
   <trkpt lat="45.7260130" lon="4.8065680">
    <ele>233.6</ele>
   </trkpt>
   <trkpt lat="45.7259740" lon="4.8065980">
    <ele>233.8</ele>
   </trkpt>
   <trkpt lat="45.7259360" lon="4.8066220">
    <ele>233.6</ele>
   </trkpt>
   <trkpt lat="45.7258940" lon="4.8066450">
    <ele>233.6</ele>
   </trkpt>
   <trkpt lat="45.7258560" lon="4.8066720">
    <ele>233.2</ele>
   </trkpt>
   <trkpt lat="45.7258140" lon="4.8066970">
    <ele>233.2</ele>
   </trkpt>
   <trkpt lat="45.7257760" lon="4.8067150">
    <ele>233.4</ele>
   </trkpt>
   <trkpt lat="45.7257380" lon="4.8067300">
    <ele>233.6</ele>
   </trkpt>
   <trkpt lat="45.7256960" lon="4.8067460">
    <ele>233.6</ele>
   </trkpt>
   <trkpt lat="45.7256540" lon="4.8067700">
    <ele>233.6</ele>
   </trkpt>
   <trkpt lat="45.7256130" lon="4.8067950">
    <ele>233.4</ele>
   </trkpt>
   <trkpt lat="45.7255740" lon="4.8068220">
    <ele>233.4</ele>
   </trkpt>
   <trkpt lat="45.7255390" lon="4.8068420">
    <ele>233.0</ele>
   </trkpt>
   <trkpt lat="45.7254980" lon="4.8068650">
    <ele>233.0</ele>
   </trkpt>
   <trkpt lat="45.7254590" lon="4.8068830">
    <ele>233.0</ele>
   </trkpt>
   <trkpt lat="45.7254180" lon="4.8069050">
    <ele>233.0</ele>
   </trkpt>
   <trkpt lat="45.7253790" lon="4.8069300">
    <ele>233.2</ele>
   </trkpt>
   <trkpt lat="45.7253220" lon="4.8069650">
    <ele>233.2</ele>
   </trkpt>
   <trkpt lat="45.7253020" lon="4.8069750">
    <ele>233.2</ele>
   </trkpt>
   <trkpt lat="45.7252610" lon="4.8069970">
    <ele>233.2</ele>
   </trkpt>
   <trkpt lat="45.7252220" lon="4.8070240">
    <ele>233.0</ele>
   </trkpt>
   <trkpt lat="45.7251840" lon="4.8070500">
    <ele>233.2</ele>
   </trkpt>
   <trkpt lat="45.7251520" lon="4.8070780">
    <ele>233.2</ele>
   </trkpt>
   <trkpt lat="45.7251140" lon="4.8071120">
    <ele>233.2</ele>
   </trkpt>
   <trkpt lat="45.7250780" lon="4.8071430">
    <ele>233.2</ele>
   </trkpt>
   <trkpt lat="45.7250530" lon="4.8071900">
    <ele>233.2</ele>
   </trkpt>
   <trkpt lat="45.7250430" lon="4.8072380">
    <ele>233.0</ele>
   </trkpt>
   <trkpt lat="45.7250530" lon="4.8072820">
    <ele>232.8</ele>
   </trkpt>
   <trkpt lat="45.7250660" lon="4.8073250">
    <ele>232.8</ele>
   </trkpt>
   <trkpt lat="45.7250940" lon="4.8073650">
    <ele>232.6</ele>
   </trkpt>
   <trkpt lat="45.7251230" lon="4.8073970">
    <ele>232.6</ele>
   </trkpt>
   <trkpt lat="45.7251580" lon="4.8074130">
    <ele>232.2</ele>
   </trkpt>
   <trkpt lat="45.7251940" lon="4.8074320">
    <ele>231.8</ele>
   </trkpt>
   <trkpt lat="45.7252290" lon="4.8074550">
    <ele>231.8</ele>
   </trkpt>
   <trkpt lat="45.7252610" lon="4.8074860">
    <ele>232.0</ele>
   </trkpt>
   <trkpt lat="45.7252930" lon="4.8075180">
    <ele>232.2</ele>
   </trkpt>
   <trkpt lat="45.7253280" lon="4.8075520">
    <ele>232.4</ele>
   </trkpt>
   <trkpt lat="45.7253600" lon="4.8075830">
    <ele>232.8</ele>
   </trkpt>
   <trkpt lat="45.7253950" lon="4.8076170">
    <ele>233.2</ele>
   </trkpt>
   <trkpt lat="45.7254300" lon="4.8076470">
    <ele>233.4</ele>
   </trkpt>
   <trkpt lat="45.7254560" lon="4.8076800">
    <ele>233.8</ele>
   </trkpt>
   <trkpt lat="45.7254880" lon="4.8077100">
    <ele>234.2</ele>
   </trkpt>
   <trkpt lat="45.7255140" lon="4.8077430">
    <ele>234.4</ele>
   </trkpt>
   <trkpt lat="45.7255520" lon="4.8077700">
    <ele>234.8</ele>
   </trkpt>
   <trkpt lat="45.7255780" lon="4.8077980">
    <ele>235.0</ele>
   </trkpt>
   <trkpt lat="45.7256100" lon="4.8078330">
    <ele>235.4</ele>
   </trkpt>
   <trkpt lat="45.7256350" lon="4.8078680">
    <ele>235.6</ele>
   </trkpt>
   <trkpt lat="45.7256670" lon="4.8079020">
    <ele>236.0</ele>
   </trkpt>
   <trkpt lat="45.7256860" lon="4.8079370">
    <ele>236.4</ele>
   </trkpt>
   <trkpt lat="45.7257120" lon="4.8079680">
    <ele>236.8</ele>
   </trkpt>
   <trkpt lat="45.7257310" lon="4.8080020">
    <ele>236.8</ele>
   </trkpt>
   <trkpt lat="45.7257500" lon="4.8080320">
    <ele>237.4</ele>
   </trkpt>
   <trkpt lat="45.7257700" lon="4.8080680">
    <ele>237.8</ele>
   </trkpt>
   <trkpt lat="45.7257920" lon="4.8081130">
    <ele>238.2</ele>
   </trkpt>
   <trkpt lat="45.7258270" lon="4.8081760">
    <ele>238.4</ele>
   </trkpt>
   <trkpt lat="45.7258400" lon="4.8081980">
    <ele>238.8</ele>
   </trkpt>
   <trkpt lat="45.7258780" lon="4.8082360">
    <ele>239.2</ele>
   </trkpt>
   <trkpt lat="45.7259330" lon="4.8082650">
    <ele>239.4</ele>
   </trkpt>
   <trkpt lat="45.7259580" lon="4.8082970">
    <ele>240.0</ele>
   </trkpt>
   <trkpt lat="45.7259900" lon="4.8083320">
    <ele>240.0</ele>
   </trkpt>
   <trkpt lat="45.7260260" lon="4.8083580">
    <ele>240.0</ele>
   </trkpt>
   <trkpt lat="45.7260510" lon="4.8083940">
    <ele>240.0</ele>
   </trkpt>
   <trkpt lat="45.7260770" lon="4.8084300">
    <ele>240.2</ele>
   </trkpt>
   <trkpt lat="45.7261060" lon="4.8084720">
    <ele>240.2</ele>
   </trkpt>
   <trkpt lat="45.7261340" lon="4.8085130">
    <ele>240.2</ele>
   </trkpt>
   <trkpt lat="45.7261570" lon="4.8085530">
    <ele>240.4</ele>
   </trkpt>
   <trkpt lat="45.7261890" lon="4.8085950">
    <ele>240.4</ele>
   </trkpt>
   <trkpt lat="45.7262140" lon="4.8086380">
    <ele>240.4</ele>
   </trkpt>
   <trkpt lat="45.7262430" lon="4.8086880">
    <ele>240.4</ele>
   </trkpt>
   <trkpt lat="45.7262660" lon="4.8087420">
    <ele>240.4</ele>
   </trkpt>
   <trkpt lat="45.7262850" lon="4.8087970">
    <ele>240.2</ele>
   </trkpt>
   <trkpt lat="45.7263040" lon="4.8088460">
    <ele>240.2</ele>
   </trkpt>
   <trkpt lat="45.7263300" lon="4.8088950">
    <ele>240.0</ele>
   </trkpt>
   <trkpt lat="45.7263550" lon="4.8089420">
    <ele>239.8</ele>
   </trkpt>
   <trkpt lat="45.7263870" lon="4.8089870">
    <ele>239.8</ele>
   </trkpt>
   <trkpt lat="45.7264160" lon="4.8090330">
    <ele>239.4</ele>
   </trkpt>
   <trkpt lat="45.7264510" lon="4.8090740">
    <ele>239.0</ele>
   </trkpt>
   <trkpt lat="45.7264830" lon="4.8091150">
    <ele>238.4</ele>
   </trkpt>
   <trkpt lat="45.7265120" lon="4.8091540">
    <ele>238.0</ele>
   </trkpt>
   <trkpt lat="45.7265500" lon="4.8091920">
    <ele>237.4</ele>
   </trkpt>
   <trkpt lat="45.7265860" lon="4.8092280">
    <ele>237.2</ele>
   </trkpt>
   <trkpt lat="45.7266240" lon="4.8092560">
    <ele>237.0</ele>
   </trkpt>
   <trkpt lat="45.7266620" lon="4.8092780">
    <ele>236.8</ele>
   </trkpt>
   <trkpt lat="45.7267230" lon="4.8093040">
    <ele>236.6</ele>
   </trkpt>
   <trkpt lat="45.7267420" lon="4.8093080">
    <ele>236.2</ele>
   </trkpt>
   <trkpt lat="45.7267810" lon="4.8093220">
    <ele>236.2</ele>
   </trkpt>
   <trkpt lat="45.7268190" lon="4.8093370">
    <ele>235.6</ele>
   </trkpt>
   <trkpt lat="45.7268480" lon="4.8093370">
    <ele>235.6</ele>
   </trkpt>
   <trkpt lat="45.7268860" lon="4.8093430">
    <ele>235.6</ele>
   </trkpt>
   <trkpt lat="45.7269220" lon="4.8093500">
    <ele>235.6</ele>
   </trkpt>
   <trkpt lat="45.7269570" lon="4.8093570">
    <ele>235.8</ele>
   </trkpt>
   <trkpt lat="45.7269980" lon="4.8093600">
    <ele>236.4</ele>
   </trkpt>
   <trkpt lat="45.7270300" lon="4.8093630">
    <ele>236.8</ele>
   </trkpt>
   <trkpt lat="45.7270660" lon="4.8093550">
    <ele>237.0</ele>
   </trkpt>
   <trkpt lat="45.7271010" lon="4.8093420">
    <ele>237.6</ele>
   </trkpt>
   <trkpt lat="45.7271300" lon="4.8093320">
    <ele>238.0</ele>
   </trkpt>
   <trkpt lat="45.7271620" lon="4.8093180">
    <ele>238.4</ele>
   </trkpt>
   <trkpt lat="45.7271900" lon="4.8093100">
    <ele>238.6</ele>
   </trkpt>
   <trkpt lat="45.7272290" lon="4.8093020">
    <ele>239.0</ele>
   </trkpt>
   <trkpt lat="45.7272610" lon="4.8092930">
    <ele>239.6</ele>
   </trkpt>
   <trkpt lat="45.7272900" lon="4.8092830">
    <ele>239.8</ele>
   </trkpt>
   <trkpt lat="45.7273280" lon="4.8092660">
    <ele>240.4</ele>
   </trkpt>
   <trkpt lat="45.7273760" lon="4.8092350">
    <ele>240.8</ele>
   </trkpt>
   <trkpt lat="45.7274050" lon="4.8092430">
    <ele>241.0</ele>
   </trkpt>
   <trkpt lat="45.7274270" lon="4.8092620">
    <ele>241.6</ele>
   </trkpt>
   <trkpt lat="45.7274560" lon="4.8092530">
    <ele>242.0</ele>
   </trkpt>
   <trkpt lat="45.7274980" lon="4.8092420">
    <ele>242.2</ele>
   </trkpt>
   <trkpt lat="45.7275360" lon="4.8092460">
    <ele>242.4</ele>
   </trkpt>
   <trkpt lat="45.7275740" lon="4.8092620">
    <ele>242.4</ele>
   </trkpt>
   <trkpt lat="45.7276130" lon="4.8092900">
    <ele>242.4</ele>
   </trkpt>
   <trkpt lat="45.7276510" lon="4.8093180">
    <ele>242.2</ele>
   </trkpt>
   <trkpt lat="45.7276800" lon="4.8093480">
    <ele>242.2</ele>
   </trkpt>
   <trkpt lat="45.7277180" lon="4.8093900">
    <ele>242.2</ele>
   </trkpt>
   <trkpt lat="45.7277500" lon="4.8094220">
    <ele>242.8</ele>
   </trkpt>
   <trkpt lat="45.7277950" lon="4.8094470">
    <ele>242.8</ele>
   </trkpt>
   <trkpt lat="45.7278340" lon="4.8094640">
    <ele>242.8</ele>
   </trkpt>
   <trkpt lat="45.7278720" lon="4.8094900">
    <ele>242.8</ele>
   </trkpt>
   <trkpt lat="45.7279230" lon="4.8095300">
    <ele>242.4</ele>
   </trkpt>
   <trkpt lat="45.7279420" lon="4.8095450">
    <ele>242.2</ele>
   </trkpt>
   <trkpt lat="45.7279840" lon="4.8095760">
    <ele>241.6</ele>
   </trkpt>
   <trkpt lat="45.7280290" lon="4.8096100">
    <ele>241.4</ele>
   </trkpt>
   <trkpt lat="45.7280740" lon="4.8096470">
    <ele>241.2</ele>
   </trkpt>
   <trkpt lat="45.7281150" lon="4.8096870">
    <ele>240.8</ele>
   </trkpt>
   <trkpt lat="45.7281540" lon="4.8097330">
    <ele>240.2</ele>
   </trkpt>
   <trkpt lat="45.7281890" lon="4.8097770">
    <ele>240.0</ele>
   </trkpt>
   <trkpt lat="45.7282210" lon="4.8098270">
    <ele>240.0</ele>
   </trkpt>
   <trkpt lat="45.7282530" lon="4.8098760">
    <ele>239.8</ele>
   </trkpt>
   <trkpt lat="45.7282780" lon="4.8099250">
    <ele>239.8</ele>
   </trkpt>
   <trkpt lat="45.7283070" lon="4.8099730">
    <ele>239.6</ele>
   </trkpt>
   <trkpt lat="45.7283330" lon="4.8100250">
    <ele>239.2</ele>
   </trkpt>
   <trkpt lat="45.7283580" lon="4.8100730">
    <ele>238.8</ele>
   </trkpt>
   <trkpt lat="45.7283900" lon="4.8101200">
    <ele>238.8</ele>
   </trkpt>
   <trkpt lat="45.7284160" lon="4.8101620">
    <ele>238.8</ele>
   </trkpt>
   <trkpt lat="45.7284510" lon="4.8102020">
    <ele>239.0</ele>
   </trkpt>
   <trkpt lat="45.7284800" lon="4.8102380">
    <ele>239.0</ele>
   </trkpt>
   <trkpt lat="45.7285150" lon="4.8102680">
    <ele>239.2</ele>
   </trkpt>
   <trkpt lat="45.7285500" lon="4.8102920">
    <ele>239.2</ele>
   </trkpt>
   <trkpt lat="45.7286000" lon="4.8103060">
    <ele>239.2</ele>
   </trkpt>
   <trkpt lat="45.7286140" lon="4.8103100">
    <ele>239.4</ele>
   </trkpt>
   <trkpt lat="45.7286530" lon="4.8103150">
    <ele>239.6</ele>
   </trkpt>
   <trkpt lat="45.7286850" lon="4.8103220">
    <ele>240.2</ele>
   </trkpt>
   <trkpt lat="45.7287170" lon="4.8103320">
    <ele>240.4</ele>
   </trkpt>
   <trkpt lat="45.7287550" lon="4.8103360">
    <ele>240.4</ele>
   </trkpt>
   <trkpt lat="45.7287870" lon="4.8103420">
    <ele>240.6</ele>
   </trkpt>
   <trkpt lat="45.7288290" lon="4.8103470">
    <ele>241.0</ele>
   </trkpt>
   <trkpt lat="45.7288640" lon="4.8103500">
    <ele>241.4</ele>
   </trkpt>
   <trkpt lat="45.7289020" lon="4.8103580">
    <ele>241.6</ele>
   </trkpt>
   <trkpt lat="45.7289440" lon="4.8103710">
    <ele>242.0</ele>
   </trkpt>
   <trkpt lat="45.7289860" lon="4.8103880">
    <ele>242.2</ele>
   </trkpt>
   <trkpt lat="45.7290240" lon="4.8104130">
    <ele>242.4</ele>
   </trkpt>
   <trkpt lat="45.7290620" lon="4.8104440">
    <ele>242.4</ele>
   </trkpt>
   <trkpt lat="45.7290910" lon="4.8104870">
    <ele>243.0</ele>
   </trkpt>
   <trkpt lat="45.7291230" lon="4.8105280">
    <ele>243.2</ele>
   </trkpt>
   <trkpt lat="45.7291460" lon="4.8105780">
    <ele>243.2</ele>
   </trkpt>
   <trkpt lat="45.7291710" lon="4.8106280">
    <ele>243.2</ele>
   </trkpt>
   <trkpt lat="45.7292000" lon="4.8106800">
    <ele>243.2</ele>
   </trkpt>
   <trkpt lat="45.7292260" lon="4.8107300">
    <ele>243.2</ele>
   </trkpt>
   <trkpt lat="45.7292450" lon="4.8107820">
    <ele>243.2</ele>
   </trkpt>
   <trkpt lat="45.7292640" lon="4.8108320">
    <ele>243.0</ele>
   </trkpt>
   <trkpt lat="45.7292830" lon="4.8108850">
    <ele>243.0</ele>
   </trkpt>
   <trkpt lat="45.7293060" lon="4.8109420">
    <ele>243.0</ele>
   </trkpt>
   <trkpt lat="45.7293250" lon="4.8109980">
    <ele>243.2</ele>
   </trkpt>
   <trkpt lat="45.7293470" lon="4.8110520">
    <ele>243.2</ele>
   </trkpt>
   <trkpt lat="45.7293700" lon="4.8111020">
    <ele>242.4</ele>
   </trkpt>
   <trkpt lat="45.7293980" lon="4.8111480">
    <ele>242.2</ele>
   </trkpt>
   <trkpt lat="45.7294240" lon="4.8111970">
    <ele>242.0</ele>
   </trkpt>
   <trkpt lat="45.7294640" lon="4.8112750">
    <ele>242.0</ele>
   </trkpt>
   <trkpt lat="45.7294780" lon="4.8113000">
    <ele>242.0</ele>
   </trkpt>
   <trkpt lat="45.7295010" lon="4.8113580">
    <ele>241.4</ele>
   </trkpt>
   <trkpt lat="45.7295260" lon="4.8114120">
    <ele>241.2</ele>
   </trkpt>
   <trkpt lat="45.7295490" lon="4.8114650">
    <ele>241.0</ele>
   </trkpt>
   <trkpt lat="45.7295710" lon="4.8115240">
    <ele>240.4</ele>
   </trkpt>
   <trkpt lat="45.7295900" lon="4.8115800">
    <ele>240.2</ele>
   </trkpt>
   <trkpt lat="45.7296100" lon="4.8116370">
    <ele>239.8</ele>
   </trkpt>
   <trkpt lat="45.7296320" lon="4.8116920">
    <ele>239.2</ele>
   </trkpt>
   <trkpt lat="45.7296610" lon="4.8117480">
    <ele>238.4</ele>
   </trkpt>
   <trkpt lat="45.7296830" lon="4.8118080">
    <ele>237.6</ele>
   </trkpt>
   <trkpt lat="45.7297090" lon="4.8118700">
    <ele>237.0</ele>
   </trkpt>
   <trkpt lat="45.7297380" lon="4.8119220">
    <ele>236.2</ele>
   </trkpt>
   <trkpt lat="45.7297630" lon="4.8119820">
    <ele>235.6</ele>
   </trkpt>
   <trkpt lat="45.7297920" lon="4.8120430">
    <ele>234.8</ele>
   </trkpt>
   <trkpt lat="45.7298240" lon="4.8120980">
    <ele>233.8</ele>
   </trkpt>
   <trkpt lat="45.7298560" lon="4.8121530">
    <ele>233.2</ele>
   </trkpt>
   <trkpt lat="45.7298780" lon="4.8122120">
    <ele>231.8</ele>
   </trkpt>
   <trkpt lat="45.7299010" lon="4.8122650">
    <ele>231.0</ele>
   </trkpt>
   <trkpt lat="45.7299230" lon="4.8123100">
    <ele>229.8</ele>
   </trkpt>
   <trkpt lat="45.7299420" lon="4.8123530">
    <ele>228.8</ele>
   </trkpt>
   <trkpt lat="45.7299550" lon="4.8123860">
    <ele>227.6</ele>
   </trkpt>
   <trkpt lat="45.7299650" lon="4.8124160">
    <ele>226.6</ele>
   </trkpt>
   <trkpt lat="45.7299650" lon="4.8124430">
    <ele>225.8</ele>
   </trkpt>
   <trkpt lat="45.7299780" lon="4.8124700">
    <ele>225.0</ele>
   </trkpt>
   <trkpt lat="45.7299810" lon="4.8125000">
    <ele>225.0</ele>
   </trkpt>
   <trkpt lat="45.7299870" lon="4.8125250">
    <ele>224.0</ele>
   </trkpt>
   <trkpt lat="45.7299970" lon="4.8125620">
    <ele>222.8</ele>
   </trkpt>
   <trkpt lat="45.7299900" lon="4.8126140">
    <ele>221.8</ele>
   </trkpt>
   <trkpt lat="45.7299840" lon="4.8126630">
    <ele>221.0</ele>
   </trkpt>
   <trkpt lat="45.7299780" lon="4.8127150">
    <ele>220.4</ele>
   </trkpt>
   <trkpt lat="45.7299650" lon="4.8127680">
    <ele>220.4</ele>
   </trkpt>
   <trkpt lat="45.7299620" lon="4.8128200">
    <ele>220.4</ele>
   </trkpt>
   <trkpt lat="45.7299620" lon="4.8128750">
    <ele>220.4</ele>
   </trkpt>
   <trkpt lat="45.7299740" lon="4.8129340">
    <ele>219.8</ele>
   </trkpt>
   <trkpt lat="45.7299870" lon="4.8129980">
    <ele>218.6</ele>
   </trkpt>
   <trkpt lat="45.7300030" lon="4.8130620">
    <ele>217.6</ele>
   </trkpt>
   <trkpt lat="45.7300220" lon="4.8131250">
    <ele>216.4</ele>
   </trkpt>
   <trkpt lat="45.7300350" lon="4.8131870">
    <ele>215.2</ele>
   </trkpt>
   <trkpt lat="45.7300480" lon="4.8132520">
    <ele>214.4</ele>
   </trkpt>
   <trkpt lat="45.7300640" lon="4.8133220">
    <ele>213.4</ele>
   </trkpt>
   <trkpt lat="45.7300860" lon="4.8133880">
    <ele>212.2</ele>
   </trkpt>
   <trkpt lat="45.7301150" lon="4.8134500">
    <ele>211.2</ele>
   </trkpt>
   <trkpt lat="45.7301540" lon="4.8135070">
    <ele>210.6</ele>
   </trkpt>
   <trkpt lat="45.7301950" lon="4.8135520">
    <ele>209.6</ele>
   </trkpt>
   <trkpt lat="45.7302400" lon="4.8135880">
    <ele>208.4</ele>
   </trkpt>
   <trkpt lat="45.7302820" lon="4.8136240">
    <ele>207.6</ele>
   </trkpt>
   <trkpt lat="45.7303170" lon="4.8136480">
    <ele>206.6</ele>
   </trkpt>
   <trkpt lat="45.7303360" lon="4.8136700">
    <ele>205.4</ele>
   </trkpt>
   <trkpt lat="45.7303520" lon="4.8136900">
    <ele>204.8</ele>
   </trkpt>
   <trkpt lat="45.7303680" lon="4.8137170">
    <ele>204.0</ele>
   </trkpt>
   <trkpt lat="45.7303880" lon="4.8137520">
    <ele>202.8</ele>
   </trkpt>
   <trkpt lat="45.7303940" lon="4.8137650">
    <ele>201.8</ele>
   </trkpt>
   <trkpt lat="45.7304060" lon="4.8137960">
    <ele>200.8</ele>
   </trkpt>
   <trkpt lat="45.7304190" lon="4.8138280">
    <ele>200.2</ele>
   </trkpt>
   <trkpt lat="45.7304320" lon="4.8138570">
    <ele>199.4</ele>
   </trkpt>
   <trkpt lat="45.7304420" lon="4.8138880">
    <ele>198.8</ele>
   </trkpt>
   <trkpt lat="45.7304580" lon="4.8139180">
    <ele>198.0</ele>
   </trkpt>
   <trkpt lat="45.7304740" lon="4.8139450">
    <ele>197.2</ele>
   </trkpt>
   <trkpt lat="45.7304800" lon="4.8139700">
    <ele>196.6</ele>
   </trkpt>
   <trkpt lat="45.7304930" lon="4.8139950">
    <ele>196.0</ele>
   </trkpt>
   <trkpt lat="45.7305060" lon="4.8140220">
    <ele>195.0</ele>
   </trkpt>
   <trkpt lat="45.7305060" lon="4.8140220">
    <ele>194.0</ele>
   </trkpt>
   <trkpt lat="45.7305150" lon="4.8140720">
    <ele>193.2</ele>
   </trkpt>
   <trkpt lat="45.7305250" lon="4.8141000">
    <ele>192.2</ele>
   </trkpt>
   <trkpt lat="45.7305380" lon="4.8141220">
    <ele>191.4</ele>
   </trkpt>
   <trkpt lat="45.7305500" lon="4.8141450">
    <ele>190.6</ele>
   </trkpt>
   <trkpt lat="45.7305660" lon="4.8141680">
    <ele>189.8</ele>
   </trkpt>
   <trkpt lat="45.7305860" lon="4.8141950">
    <ele>188.8</ele>
   </trkpt>
   <trkpt lat="45.7306020" lon="4.8142200">
    <ele>187.8</ele>
   </trkpt>
   <trkpt lat="45.7306180" lon="4.8142450">
    <ele>186.8</ele>
   </trkpt>
   <trkpt lat="45.7306300" lon="4.8142720">
    <ele>185.6</ele>
   </trkpt>
   <trkpt lat="45.7306300" lon="4.8142720">
    <ele>184.8</ele>
   </trkpt>
   <trkpt lat="45.7306300" lon="4.8142720">
    <ele>184.2</ele>
   </trkpt>
   <trkpt lat="45.7306300" lon="4.8142720">
    <ele>183.4</ele>
   </trkpt>
   <trkpt lat="45.7306620" lon="4.8142830">
    <ele>182.2</ele>
   </trkpt>
   <trkpt lat="45.7306620" lon="4.8142830">
    <ele>181.4</ele>
   </trkpt>
   <trkpt lat="45.7306980" lon="4.8143080">
    <ele>180.6</ele>
   </trkpt>
   <trkpt lat="45.7307140" lon="4.8143300">
    <ele>179.6</ele>
   </trkpt>
   <trkpt lat="45.7307330" lon="4.8143480">
    <ele>178.8</ele>
   </trkpt>
   <trkpt lat="45.7307490" lon="4.8143750">
    <ele>178.2</ele>
   </trkpt>
   <trkpt lat="45.7307740" lon="4.8144080">
    <ele>177.2</ele>
   </trkpt>
   <trkpt lat="45.7308000" lon="4.8144480">
    <ele>175.8</ele>
   </trkpt>
   <trkpt lat="45.7308160" lon="4.8144700">
    <ele>175.2</ele>
   </trkpt>
   <trkpt lat="45.7308350" lon="4.8144720">
    <ele>174.0</ele>
   </trkpt>
   <trkpt lat="45.7308580" lon="4.8144440">
    <ele>173.6</ele>
   </trkpt>
   <trkpt lat="45.7308800" lon="4.8143780">
    <ele>173.6</ele>
   </trkpt>
   <trkpt lat="45.7309220" lon="4.8143020">
    <ele>173.6</ele>
   </trkpt>
   <trkpt lat="45.7309600" lon="4.8142270">
    <ele>173.2</ele>
   </trkpt>
   <trkpt lat="45.7309950" lon="4.8141660">
    <ele>173.0</ele>
   </trkpt>
   <trkpt lat="45.7310340" lon="4.8141150">
    <ele>172.6</ele>
   </trkpt>
   <trkpt lat="45.7310720" lon="4.8140670">
    <ele>172.6</ele>
   </trkpt>
   <trkpt lat="45.7311100" lon="4.8140250">
    <ele>172.6</ele>
   </trkpt>
   <trkpt lat="45.7311390" lon="4.8139870">
    <ele>172.4</ele>
   </trkpt>
   <trkpt lat="45.7311740" lon="4.8139370">
    <ele>172.4</ele>
   </trkpt>
   <trkpt lat="45.7312100" lon="4.8138870">
    <ele>171.8</ele>
   </trkpt>
   <trkpt lat="45.7312420" lon="4.8138360">
    <ele>171.4</ele>
   </trkpt>
   <trkpt lat="45.7312700" lon="4.8137850">
    <ele>171.2</ele>
   </trkpt>
   <trkpt lat="45.7312990" lon="4.8137330">
    <ele>170.8</ele>
   </trkpt>
   <trkpt lat="45.7313340" lon="4.8136820">
    <ele>170.4</ele>
   </trkpt>
   <trkpt lat="45.7313700" lon="4.8136320">
    <ele>170.4</ele>
   </trkpt>
   <trkpt lat="45.7314050" lon="4.8135920">
    <ele>170.2</ele>
   </trkpt>
   <trkpt lat="45.7314500" lon="4.8135530">
    <ele>170.2</ele>
   </trkpt>
   <trkpt lat="45.7314910" lon="4.8135230">
    <ele>170.0</ele>
   </trkpt>
   <trkpt lat="45.7315360" lon="4.8134960">
    <ele>169.8</ele>
   </trkpt>
   <trkpt lat="45.7315870" lon="4.8134730">
    <ele>169.4</ele>
   </trkpt>
   <trkpt lat="45.7316190" lon="4.8134500">
    <ele>169.4</ele>
   </trkpt>
   <trkpt lat="45.7316670" lon="4.8134320">
    <ele>169.2</ele>
   </trkpt>
   <trkpt lat="45.7317330" lon="4.8134020">
    <ele>168.6</ele>
   </trkpt>
   <trkpt lat="45.7317540" lon="4.8133900">
    <ele>168.6</ele>
   </trkpt>
   <trkpt lat="45.7318020" lon="4.8133720">
    <ele>168.4</ele>
   </trkpt>
   <trkpt lat="45.7318500" lon="4.8133560">
    <ele>168.2</ele>
   </trkpt>
   <trkpt lat="45.7318910" lon="4.8133420">
    <ele>168.2</ele>
   </trkpt>
   <trkpt lat="45.7319300" lon="4.8133220">
    <ele>168.2</ele>
   </trkpt>
   <trkpt lat="45.7319680" lon="4.8133020">
    <ele>167.8</ele>
   </trkpt>
   <trkpt lat="45.7320100" lon="4.8132820">
    <ele>167.8</ele>
   </trkpt>
   <trkpt lat="45.7320480" lon="4.8132620">
    <ele>167.6</ele>
   </trkpt>
   <trkpt lat="45.7320900" lon="4.8132420">
    <ele>167.4</ele>
   </trkpt>
   <trkpt lat="45.7321280" lon="4.8132220">
    <ele>167.2</ele>
   </trkpt>
   <trkpt lat="45.7321660" lon="4.8131920">
    <ele>167.2</ele>
   </trkpt>
   <trkpt lat="45.7322020" lon="4.8131680">
    <ele>167.2</ele>
   </trkpt>
   <trkpt lat="45.7322400" lon="4.8131530">
    <ele>167.0</ele>
   </trkpt>
   <trkpt lat="45.7322780" lon="4.8131400">
    <ele>166.6</ele>
   </trkpt>
   <trkpt lat="45.7323140" lon="4.8131300">
    <ele>166.4</ele>
   </trkpt>
   <trkpt lat="45.7323580" lon="4.8131570">
    <ele>166.2</ele>
   </trkpt>
   <trkpt lat="45.7323810" lon="4.8131820">
    <ele>166.2</ele>
   </trkpt>
   <trkpt lat="45.7323710" lon="4.8132050">
    <ele>165.6</ele>
   </trkpt>
   <trkpt lat="45.7323420" lon="4.8132370">
    <ele>165.2</ele>
   </trkpt>
   <trkpt lat="45.7323040" lon="4.8132700">
    <ele>164.8</ele>
   </trkpt>
   <trkpt lat="45.7322620" lon="4.8132950">
    <ele>164.2</ele>
   </trkpt>
   <trkpt lat="45.7322050" lon="4.8133240">
    <ele>164.2</ele>
   </trkpt>
   <trkpt lat="45.7321250" lon="4.8133710">
    <ele>164.0</ele>
   </trkpt>
   <trkpt lat="45.7321010" lon="4.8133870">
    <ele>163.8</ele>
   </trkpt>
   <trkpt lat="45.7320510" lon="4.8134180">
    <ele>163.8</ele>
   </trkpt>
   <trkpt lat="45.7320030" lon="4.8134520">
    <ele>163.6</ele>
   </trkpt>
   <trkpt lat="45.7319620" lon="4.8134830">
    <ele>163.6</ele>
   </trkpt>
   <trkpt lat="45.7319170" lon="4.8135120">
    <ele>163.6</ele>
   </trkpt>
   <trkpt lat="45.7318720" lon="4.8135380">
    <ele>163.0</ele>
   </trkpt>
   <trkpt lat="45.7318300" lon="4.8135620">
    <ele>163.0</ele>
   </trkpt>
   <trkpt lat="45.7317860" lon="4.8135820">
    <ele>162.8</ele>
   </trkpt>
   <trkpt lat="45.7317470" lon="4.8136120">
    <ele>162.6</ele>
   </trkpt>
   <trkpt lat="45.7317060" lon="4.8136440">
    <ele>162.6</ele>
   </trkpt>
   <trkpt lat="45.7316580" lon="4.8136700">
    <ele>162.4</ele>
   </trkpt>
   <trkpt lat="45.7316130" lon="4.8136980">
    <ele>162.0</ele>
   </trkpt>
   <trkpt lat="45.7315740" lon="4.8137260">
    <ele>161.8</ele>
   </trkpt>
   <trkpt lat="45.7315300" lon="4.8137550">
    <ele>161.6</ele>
   </trkpt>
   <trkpt lat="45.7314850" lon="4.8137800">
    <ele>161.2</ele>
   </trkpt>
   <trkpt lat="45.7314400" lon="4.8138000">
    <ele>160.8</ele>
   </trkpt>
   <trkpt lat="45.7313980" lon="4.8138200">
    <ele>160.8</ele>
   </trkpt>
   <trkpt lat="45.7313600" lon="4.8138500">
    <ele>160.8</ele>
   </trkpt>
   <trkpt lat="45.7313310" lon="4.8138900">
    <ele>160.8</ele>
   </trkpt>
   <trkpt lat="45.7312960" lon="4.8139250">
    <ele>160.6</ele>
   </trkpt>
   <trkpt lat="45.7312610" lon="4.8139680">
    <ele>160.4</ele>
   </trkpt>
   <trkpt lat="45.7312320" lon="4.8140120">
    <ele>160.4</ele>
   </trkpt>
   <trkpt lat="45.7311870" lon="4.8140820">
    <ele>160.4</ele>
   </trkpt>
   <trkpt lat="45.7311740" lon="4.8141050">
    <ele>160.4</ele>
   </trkpt>
   <trkpt lat="45.7311490" lon="4.8141530">
    <ele>160.4</ele>
   </trkpt>
   <trkpt lat="45.7311260" lon="4.8142020">
    <ele>160.2</ele>
   </trkpt>
   <trkpt lat="45.7310980" lon="4.8142480">
    <ele>160.0</ele>
   </trkpt>
   <trkpt lat="45.7310750" lon="4.8142970">
    <ele>160.0</ele>
   </trkpt>
   <trkpt lat="45.7310500" lon="4.8143440">
    <ele>160.0</ele>
   </trkpt>
   <trkpt lat="45.7310270" lon="4.8143880">
    <ele>160.0</ele>
   </trkpt>
   <trkpt lat="45.7309950" lon="4.8144370">
    <ele>160.2</ele>
   </trkpt>
   <trkpt lat="45.7309700" lon="4.8144850">
    <ele>160.2</ele>
   </trkpt>
   <trkpt lat="45.7309440" lon="4.8145320">
    <ele>160.0</ele>
   </trkpt>
   <trkpt lat="45.7309220" lon="4.8145800">
    <ele>160.0</ele>
   </trkpt>
   <trkpt lat="45.7308990" lon="4.8146300">
    <ele>160.0</ele>
   </trkpt>
   <trkpt lat="45.7308740" lon="4.8146870">
    <ele>160.4</ele>
   </trkpt>
   <trkpt lat="45.7308540" lon="4.8147420">
    <ele>160.4</ele>
   </trkpt>
   <trkpt lat="45.7308290" lon="4.8147920">
    <ele>160.2</ele>
   </trkpt>
   <trkpt lat="45.7308030" lon="4.8148400">
    <ele>160.2</ele>
   </trkpt>
   <trkpt lat="45.7307810" lon="4.8148930">
    <ele>160.0</ele>
   </trkpt>
   <trkpt lat="45.7307620" lon="4.8149480">
    <ele>160.0</ele>
   </trkpt>
   <trkpt lat="45.7307330" lon="4.8149800">
    <ele>160.0</ele>
   </trkpt>
   <trkpt lat="45.7307100" lon="4.8150220">
    <ele>160.0</ele>
   </trkpt>
   <trkpt lat="45.7306910" lon="4.8150670">
    <ele>159.8</ele>
   </trkpt>
   <trkpt lat="45.7306660" lon="4.8151100">
    <ele>159.8</ele>
   </trkpt>
   <trkpt lat="45.7306420" lon="4.8151690">
    <ele>159.8</ele>
   </trkpt>
   <trkpt lat="45.7306300" lon="4.8151820">
    <ele>159.8</ele>
   </trkpt>
   <trkpt lat="45.7306020" lon="4.8151980">
    <ele>159.8</ele>
   </trkpt>
   <trkpt lat="45.7305760" lon="4.8152150">
    <ele>159.8</ele>
   </trkpt>
   <trkpt lat="45.7305570" lon="4.8152480">
    <ele>159.8</ele>
   </trkpt>
   <trkpt lat="45.7305440" lon="4.8152830">
    <ele>159.8</ele>
   </trkpt>
   <trkpt lat="45.7305250" lon="4.8153280">
    <ele>159.8</ele>
   </trkpt>
   <trkpt lat="45.7304990" lon="4.8153720">
    <ele>159.8</ele>
   </trkpt>
   <trkpt lat="45.7304800" lon="4.8154280">
    <ele>159.8</ele>
   </trkpt>
   <trkpt lat="45.7304450" lon="4.8154750">
    <ele>159.8</ele>
   </trkpt>
   <trkpt lat="45.7304190" lon="4.8155200">
    <ele>159.8</ele>
   </trkpt>
   <trkpt lat="45.7303740" lon="4.8155760">
    <ele>159.8</ele>
   </trkpt>
   <trkpt lat="45.7303330" lon="4.8156180">
    <ele>159.8</ele>
   </trkpt>
   <trkpt lat="45.7302940" lon="4.8156520">
    <ele>159.8</ele>
   </trkpt>
   <trkpt lat="45.7302620" lon="4.8156820">
    <ele>159.8</ele>
   </trkpt>
   <trkpt lat="45.7302370" lon="4.8157070">
    <ele>159.8</ele>
   </trkpt>
   <trkpt lat="45.7302140" lon="4.8157280">
    <ele>159.8</ele>
   </trkpt>
   <trkpt lat="45.7301980" lon="4.8157420">
    <ele>160.0</ele>
   </trkpt>
   <trkpt lat="45.7301980" lon="4.8157420">
    <ele>160.2</ele>
   </trkpt>
   <trkpt lat="45.7301980" lon="4.8157420">
    <ele>160.4</ele>
   </trkpt>
   <trkpt lat="45.7301980" lon="4.8157420">
    <ele>161.2</ele>
   </trkpt>
   <trkpt lat="45.7301980" lon="4.8157420">
    <ele>161.4</ele>
   </trkpt>
   <trkpt lat="45.7301980" lon="4.8157420">
    <ele>162.0</ele>
   </trkpt>
   <trkpt lat="45.7301980" lon="4.8157420">
    <ele>162.6</ele>
   </trkpt>
   <trkpt lat="45.7301980" lon="4.8157420">
    <ele>163.4</ele>
   </trkpt>
   <trkpt lat="45.7301980" lon="4.8157420">
    <ele>164.0</ele>
   </trkpt>
   <trkpt lat="45.7301980" lon="4.8157420">
    <ele>164.2</ele>
   </trkpt>
   <trkpt lat="45.7301730" lon="4.8157440">
    <ele>165.0</ele>
   </trkpt>
   <trkpt lat="45.7301470" lon="4.8157450">
    <ele>165.4</ele>
   </trkpt>
   <trkpt lat="45.7301470" lon="4.8157450">
    <ele>165.8</ele>
   </trkpt>
   <trkpt lat="45.7301470" lon="4.8157170">
    <ele>166.2</ele>
   </trkpt>
   <trkpt lat="45.7301660" lon="4.8157000">
    <ele>167.2</ele>
   </trkpt>
   <trkpt lat="45.7302020" lon="4.8156820">
    <ele>167.6</ele>
   </trkpt>
   <trkpt lat="45.7302400" lon="4.8156630">
    <ele>167.6</ele>
   </trkpt>
   <trkpt lat="45.7302820" lon="4.8156420">
    <ele>167.6</ele>
   </trkpt>
   <trkpt lat="45.7303200" lon="4.8156230">
    <ele>167.6</ele>
   </trkpt>
   <trkpt lat="45.7303580" lon="4.8156170">
    <ele>167.6</ele>
   </trkpt>
   <trkpt lat="45.7304000" lon="4.8156180">
    <ele>167.8</ele>
   </trkpt>
   <trkpt lat="45.7304420" lon="4.8156220">
    <ele>167.8</ele>
   </trkpt>
   <trkpt lat="45.7304800" lon="4.8156250">
    <ele>167.8</ele>
   </trkpt>
   <trkpt lat="45.7305220" lon="4.8156330">
    <ele>168.0</ele>
   </trkpt>
   <trkpt lat="45.7305630" lon="4.8156450">
    <ele>168.4</ele>
   </trkpt>
   <trkpt lat="45.7306050" lon="4.8156600">
    <ele>168.4</ele>
   </trkpt>
   <trkpt lat="45.7306500" lon="4.8156750">
    <ele>168.4</ele>
   </trkpt>
   <trkpt lat="45.7306850" lon="4.8156970">
    <ele>168.6</ele>
   </trkpt>
   <trkpt lat="45.7307230" lon="4.8157240">
    <ele>169.0</ele>
   </trkpt>
   <trkpt lat="45.7307650" lon="4.8157480">
    <ele>169.2</ele>
   </trkpt>
   <trkpt lat="45.7308030" lon="4.8157780">
    <ele>169.2</ele>
   </trkpt>
   <trkpt lat="45.7308380" lon="4.8158080">
    <ele>169.2</ele>
   </trkpt>
   <trkpt lat="45.7308960" lon="4.8158560">
    <ele>169.2</ele>
   </trkpt>
   <trkpt lat="45.7309150" lon="4.8158700">
    <ele>169.6</ele>
   </trkpt>
   <trkpt lat="45.7309540" lon="4.8159020">
    <ele>169.8</ele>
   </trkpt>
   <trkpt lat="45.7309950" lon="4.8159300">
    <ele>169.8</ele>
   </trkpt>
   <trkpt lat="45.7310300" lon="4.8159600">
    <ele>169.8</ele>
   </trkpt>
   <trkpt lat="45.7310620" lon="4.8159880">
    <ele>169.8</ele>
   </trkpt>
   <trkpt lat="45.7310980" lon="4.8160200">
    <ele>170.0</ele>
   </trkpt>
   <trkpt lat="45.7311300" lon="4.8160570">
    <ele>170.0</ele>
   </trkpt>
   <trkpt lat="45.7311620" lon="4.8160880">
    <ele>170.2</ele>
   </trkpt>
   <trkpt lat="45.7311970" lon="4.8161180">
    <ele>170.2</ele>
   </trkpt>
   <trkpt lat="45.7312320" lon="4.8161450">
    <ele>170.4</ele>
   </trkpt>
   <trkpt lat="45.7312670" lon="4.8161760">
    <ele>170.4</ele>
   </trkpt>
   <trkpt lat="45.7312990" lon="4.8162080">
    <ele>170.4</ele>
   </trkpt>
   <trkpt lat="45.7313340" lon="4.8162420">
    <ele>170.4</ele>
   </trkpt>
   <trkpt lat="45.7313730" lon="4.8162720">
    <ele>170.6</ele>
   </trkpt>
   <trkpt lat="45.7314110" lon="4.8163050">
    <ele>170.6</ele>
   </trkpt>
   <trkpt lat="45.7314530" lon="4.8163370">
    <ele>170.6</ele>
   </trkpt>
   <trkpt lat="45.7314910" lon="4.8163720">
    <ele>170.6</ele>
   </trkpt>
   <trkpt lat="45.7315260" lon="4.8164020">
    <ele>170.8</ele>
   </trkpt>
   <trkpt lat="45.7315580" lon="4.8164350">
    <ele>170.6</ele>
   </trkpt>
   <trkpt lat="45.7316160" lon="4.8164810">
    <ele>170.4</ele>
   </trkpt>
   <trkpt lat="45.7316350" lon="4.8164970">
    <ele>170.4</ele>
   </trkpt>
   <trkpt lat="45.7316740" lon="4.8165260">
    <ele>170.0</ele>
   </trkpt>
   <trkpt lat="45.7317120" lon="4.8165620">
    <ele>170.0</ele>
   </trkpt>
   <trkpt lat="45.7317570" lon="4.8165930">
    <ele>170.0</ele>
   </trkpt>
   <trkpt lat="45.7318050" lon="4.8166250">
    <ele>170.0</ele>
   </trkpt>
   <trkpt lat="45.7318460" lon="4.8166560">
    <ele>169.8</ele>
   </trkpt>
   <trkpt lat="45.7318880" lon="4.8166900">
    <ele>169.8</ele>
   </trkpt>
   <trkpt lat="45.7319230" lon="4.8167280">
    <ele>169.8</ele>
   </trkpt>
   <trkpt lat="45.7319550" lon="4.8167680">
    <ele>169.8</ele>
   </trkpt>
   <trkpt lat="45.7319940" lon="4.8168100">
    <ele>169.6</ele>
   </trkpt>
   <trkpt lat="45.7320290" lon="4.8168440">
    <ele>169.0</ele>
   </trkpt>
   <trkpt lat="45.7320670" lon="4.8168820">
    <ele>169.0</ele>
   </trkpt>
   <trkpt lat="45.7321020" lon="4.8169160">
    <ele>168.8</ele>
   </trkpt>
   <trkpt lat="45.7321410" lon="4.8169580">
    <ele>168.6</ele>
   </trkpt>
   <trkpt lat="45.7321700" lon="4.8169960">
    <ele>168.4</ele>
   </trkpt>
   <trkpt lat="45.7322050" lon="4.8170370">
    <ele>168.0</ele>
   </trkpt>
   <trkpt lat="45.7322400" lon="4.8170750">
    <ele>167.8</ele>
   </trkpt>
   <trkpt lat="45.7322690" lon="4.8171200">
    <ele>167.6</ele>
   </trkpt>
   <trkpt lat="45.7322940" lon="4.8171700">
    <ele>167.6</ele>
   </trkpt>
   <trkpt lat="45.7323260" lon="4.8172140">
    <ele>167.6</ele>
   </trkpt>
   <trkpt lat="45.7323620" lon="4.8172550">
    <ele>167.6</ele>
   </trkpt>
   <trkpt lat="45.7323940" lon="4.8172900">
    <ele>167.6</ele>
   </trkpt>
   <trkpt lat="45.7324320" lon="4.8173320">
    <ele>167.6</ele>
   </trkpt>
   <trkpt lat="45.7324640" lon="4.8173680">
    <ele>167.6</ele>
   </trkpt>
   <trkpt lat="45.7325020" lon="4.8174100">
    <ele>167.4</ele>
   </trkpt>
   <trkpt lat="45.7325380" lon="4.8174480">
    <ele>167.4</ele>
   </trkpt>
   <trkpt lat="45.7325660" lon="4.8174900">
    <ele>167.4</ele>
   </trkpt>
   <trkpt lat="45.7326050" lon="4.8175280">
    <ele>167.2</ele>
   </trkpt>
   <trkpt lat="45.7326630" lon="4.8175810">
    <ele>167.0</ele>
   </trkpt>
   <trkpt lat="45.7326820" lon="4.8175980">
    <ele>167.0</ele>
   </trkpt>
   <trkpt lat="45.7327200" lon="4.8176300">
    <ele>167.0</ele>
   </trkpt>
   <trkpt lat="45.7327620" lon="4.8176660">
    <ele>167.0</ele>
   </trkpt>
   <trkpt lat="45.7328000" lon="4.8176980">
    <ele>166.6</ele>
   </trkpt>
   <trkpt lat="45.7328420" lon="4.8177330">
    <ele>166.4</ele>
   </trkpt>
   <trkpt lat="45.7328800" lon="4.8177670">
    <ele>166.4</ele>
   </trkpt>
   <trkpt lat="45.7329220" lon="4.8177980">
    <ele>166.4</ele>
   </trkpt>
   <trkpt lat="45.7329630" lon="4.8178340">
    <ele>166.4</ele>
   </trkpt>
   <trkpt lat="45.7330020" lon="4.8178670">
    <ele>166.6</ele>
   </trkpt>
   <trkpt lat="45.7330430" lon="4.8179070">
    <ele>166.6</ele>
   </trkpt>
   <trkpt lat="45.7330850" lon="4.8179400">
    <ele>166.4</ele>
   </trkpt>
   <trkpt lat="45.7331330" lon="4.8179750">
    <ele>166.4</ele>
   </trkpt>
   <trkpt lat="45.7331740" lon="4.8180060">
    <ele>166.4</ele>
   </trkpt>
   <trkpt lat="45.7332130" lon="4.8180400">
    <ele>166.4</ele>
   </trkpt>
   <trkpt lat="45.7332510" lon="4.8180700">
    <ele>166.4</ele>
   </trkpt>
   <trkpt lat="45.7332830" lon="4.8181050">
    <ele>166.2</ele>
   </trkpt>
   <trkpt lat="45.7333180" lon="4.8181500">
    <ele>166.2</ele>
   </trkpt>
   <trkpt lat="45.7333500" lon="4.8181950">
    <ele>166.2</ele>
   </trkpt>
   <trkpt lat="45.7333760" lon="4.8182440">
    <ele>166.4</ele>
   </trkpt>
   <trkpt lat="45.7333980" lon="4.8182880">
    <ele>166.4</ele>
   </trkpt>
   <trkpt lat="45.7334300" lon="4.8183300">
    <ele>166.4</ele>
   </trkpt>
   <trkpt lat="45.7334560" lon="4.8183720">
    <ele>166.4</ele>
   </trkpt>
   <trkpt lat="45.7334750" lon="4.8184230">
    <ele>166.4</ele>
   </trkpt>
   <trkpt lat="45.7334910" lon="4.8184770">
    <ele>166.6</ele>
   </trkpt>
   <trkpt lat="45.7335040" lon="4.8185350">
    <ele>167.0</ele>
   </trkpt>
   <trkpt lat="45.7335170" lon="4.8185940">
    <ele>167.0</ele>
   </trkpt>
   <trkpt lat="45.7335300" lon="4.8186530">
    <ele>167.2</ele>
   </trkpt>
   <trkpt lat="45.7335300" lon="4.8187150">
    <ele>167.2</ele>
   </trkpt>
   <trkpt lat="45.7335300" lon="4.8187780">
    <ele>167.4</ele>
   </trkpt>
   <trkpt lat="45.7335230" lon="4.8188400">
    <ele>167.4</ele>
   </trkpt>
   <trkpt lat="45.7335170" lon="4.8188980">
    <ele>167.4</ele>
   </trkpt>
   <trkpt lat="45.7335100" lon="4.8189600">
    <ele>167.4</ele>
   </trkpt>
   <trkpt lat="45.7334980" lon="4.8190200">
    <ele>167.6</ele>
   </trkpt>
   <trkpt lat="45.7334820" lon="4.8190820">
    <ele>167.4</ele>
   </trkpt>
   <trkpt lat="45.7334660" lon="4.8191380">
    <ele>167.4</ele>
   </trkpt>
   <trkpt lat="45.7334530" lon="4.8191970">
    <ele>167.4</ele>
   </trkpt>
   <trkpt lat="45.7334370" lon="4.8192520">
    <ele>167.4</ele>
   </trkpt>
   <trkpt lat="45.7334210" lon="4.8193100">
    <ele>167.6</ele>
   </trkpt>
   <trkpt lat="45.7334110" lon="4.8193680">
    <ele>167.6</ele>
   </trkpt>
   <trkpt lat="45.7333980" lon="4.8194250">
    <ele>167.4</ele>
   </trkpt>
   <trkpt lat="45.7333820" lon="4.8194870">
    <ele>167.4</ele>
   </trkpt>
   <trkpt lat="45.7333630" lon="4.8195380">
    <ele>167.6</ele>
   </trkpt>
   <trkpt lat="45.7333250" lon="4.8196060">
    <ele>167.8</ele>
   </trkpt>
   <trkpt lat="45.7333120" lon="4.8196270">
    <ele>167.8</ele>
   </trkpt>
   <trkpt lat="45.7332800" lon="4.8196680">
    <ele>167.8</ele>
   </trkpt>
   <trkpt lat="45.7332510" lon="4.8197070">
    <ele>168.0</ele>
   </trkpt>
   <trkpt lat="45.7332190" lon="4.8197430">
    <ele>168.0</ele>
   </trkpt>
   <trkpt lat="45.7331840" lon="4.8197830">
    <ele>168.0</ele>
   </trkpt>
   <trkpt lat="45.7331550" lon="4.8198220">
    <ele>168.2</ele>
   </trkpt>
   <trkpt lat="45.7331200" lon="4.8198600">
    <ele>168.4</ele>
   </trkpt>
   <trkpt lat="45.7330940" lon="4.8198930">
    <ele>169.0</ele>
   </trkpt>
   <trkpt lat="45.7330590" lon="4.8199320">
    <ele>169.0</ele>
   </trkpt>
   <trkpt lat="45.7330340" lon="4.8199680">
    <ele>169.2</ele>
   </trkpt>
   <trkpt lat="45.7330020" lon="4.8199940">
    <ele>169.8</ele>
   </trkpt>
   <trkpt lat="45.7329760" lon="4.8200280">
    <ele>169.8</ele>
   </trkpt>
   <trkpt lat="45.7329470" lon="4.8200640">
    <ele>169.8</ele>
   </trkpt>
   <trkpt lat="45.7329180" lon="4.8201020">
    <ele>170.0</ele>
   </trkpt>
   <trkpt lat="45.7328860" lon="4.8201460">
    <ele>170.0</ele>
   </trkpt>
   <trkpt lat="45.7328540" lon="4.8201850">
    <ele>170.2</ele>
   </trkpt>
   <trkpt lat="45.7328220" lon="4.8202220">
    <ele>170.2</ele>
   </trkpt>
   <trkpt lat="45.7327900" lon="4.8202600">
    <ele>170.2</ele>
   </trkpt>
   <trkpt lat="45.7327680" lon="4.8202970">
    <ele>171.0</ele>
   </trkpt>
   <trkpt lat="45.7327390" lon="4.8203370">
    <ele>171.0</ele>
   </trkpt>
   <trkpt lat="45.7327100" lon="4.8203740">
    <ele>171.0</ele>
   </trkpt>
   <trkpt lat="45.7326820" lon="4.8204150">
    <ele>171.0</ele>
   </trkpt>
   <trkpt lat="45.7326500" lon="4.8204550">
    <ele>171.2</ele>
   </trkpt>
   <trkpt lat="45.7326210" lon="4.8204930">
    <ele>171.2</ele>
   </trkpt>
   <trkpt lat="45.7325860" lon="4.8205300">
    <ele>171.0</ele>
   </trkpt>
   <trkpt lat="45.7325310" lon="4.8205840">
    <ele>171.0</ele>
   </trkpt>
   <trkpt lat="45.7325120" lon="4.8206020">
    <ele>171.0</ele>
   </trkpt>
   <trkpt lat="45.7324800" lon="4.8206420">
    <ele>171.2</ele>
   </trkpt>
   <trkpt lat="45.7324450" lon="4.8206870">
    <ele>171.2</ele>
   </trkpt>
   <trkpt lat="45.7324130" lon="4.8207300">
    <ele>171.2</ele>
   </trkpt>
   <trkpt lat="45.7323840" lon="4.8207720">
    <ele>171.4</ele>
   </trkpt>
   <trkpt lat="45.7323520" lon="4.8208130">
    <ele>171.4</ele>
   </trkpt>
   <trkpt lat="45.7323200" lon="4.8208560">
    <ele>171.4</ele>
   </trkpt>
   <trkpt lat="45.7322880" lon="4.8208980">
    <ele>171.2</ele>
   </trkpt>
   <trkpt lat="45.7322530" lon="4.8209430">
    <ele>171.2</ele>
   </trkpt>
   <trkpt lat="45.7322270" lon="4.8209970">
    <ele>171.2</ele>
   </trkpt>
   <trkpt lat="45.7321980" lon="4.8210450">
    <ele>171.2</ele>
   </trkpt>
   <trkpt lat="45.7321630" lon="4.8210880">
    <ele>170.6</ele>
   </trkpt>
   <trkpt lat="45.7321250" lon="4.8211350">
    <ele>170.6</ele>
   </trkpt>
   <trkpt lat="45.7320900" lon="4.8211820">
    <ele>170.2</ele>
   </trkpt>
   <trkpt lat="45.7320510" lon="4.8212250">
    <ele>170.0</ele>
   </trkpt>
   <trkpt lat="45.7320160" lon="4.8212670">
    <ele>170.0</ele>
   </trkpt>
   <trkpt lat="45.7319870" lon="4.8213070">
    <ele>170.0</ele>
   </trkpt>
   <trkpt lat="45.7319550" lon="4.8213500">
    <ele>170.0</ele>
   </trkpt>
   <trkpt lat="45.7319330" lon="4.8213950">
    <ele>169.8</ele>
   </trkpt>
   <trkpt lat="45.7319070" lon="4.8214460">
    <ele>169.2</ele>
   </trkpt>
   <trkpt lat="45.7318850" lon="4.8215000">
    <ele>168.8</ele>
   </trkpt>
   <trkpt lat="45.7318560" lon="4.8215550">
    <ele>168.8</ele>
   </trkpt>
   <trkpt lat="45.7318300" lon="4.8215980">
    <ele>168.4</ele>
   </trkpt>
   <trkpt lat="45.7318020" lon="4.8216270">
    <ele>168.4</ele>
   </trkpt>
   <trkpt lat="45.7317730" lon="4.8216400">
    <ele>168.0</ele>
   </trkpt>
   <trkpt lat="45.7317410" lon="4.8216530">
    <ele>168.0</ele>
   </trkpt>
   <trkpt lat="45.7317280" lon="4.8216550">
    <ele>167.8</ele>
   </trkpt>
   <trkpt lat="45.7316930" lon="4.8216300">
    <ele>167.6</ele>
   </trkpt>
   <trkpt lat="45.7316640" lon="4.8215930">
    <ele>167.0</ele>
   </trkpt>
   <trkpt lat="45.7316190" lon="4.8215550">
    <ele>166.0</ele>
   </trkpt>
   <trkpt lat="45.7315870" lon="4.8215160">
    <ele>165.0</ele>
   </trkpt>
   <trkpt lat="45.7315490" lon="4.8214720">
    <ele>165.0</ele>
   </trkpt>
   <trkpt lat="45.7315100" lon="4.8214350">
    <ele>165.2</ele>
   </trkpt>
   <trkpt lat="45.7314690" lon="4.8214050">
    <ele>165.2</ele>
   </trkpt>
   <trkpt lat="45.7314300" lon="4.8213750">
    <ele>165.2</ele>
   </trkpt>
   <trkpt lat="45.7313890" lon="4.8213520">
    <ele>164.8</ele>
   </trkpt>
   <trkpt lat="45.7313410" lon="4.8213340">
    <ele>164.8</ele>
   </trkpt>
   <trkpt lat="45.7312960" lon="4.8213170">
    <ele>164.4</ele>
   </trkpt>
   <trkpt lat="45.7312510" lon="4.8213000">
    <ele>164.4</ele>
   </trkpt>
   <trkpt lat="45.7312000" lon="4.8212870">
    <ele>163.8</ele>
   </trkpt>
   <trkpt lat="45.7311550" lon="4.8212750">
    <ele>163.8</ele>
   </trkpt>
   <trkpt lat="45.7311100" lon="4.8212750">
    <ele>163.4</ele>
   </trkpt>
   <trkpt lat="45.7310690" lon="4.8212800">
    <ele>163.0</ele>
   </trkpt>
   <trkpt lat="45.7310210" lon="4.8212920">
    <ele>162.6</ele>
   </trkpt>
   <trkpt lat="45.7309890" lon="4.8213030">
    <ele>162.6</ele>
   </trkpt>
   <trkpt lat="45.7309500" lon="4.8213180">
    <ele>162.4</ele>
   </trkpt>
   <trkpt lat="45.7309150" lon="4.8213300">
    <ele>162.2</ele>
   </trkpt>
   <trkpt lat="45.7308770" lon="4.8213480">
    <ele>162.2</ele>
   </trkpt>
   <trkpt lat="45.7308420" lon="4.8213670">
    <ele>162.2</ele>
   </trkpt>
   <trkpt lat="45.7308100" lon="4.8213800">
    <ele>162.6</ele>
   </trkpt>
   <trkpt lat="45.7307510" lon="4.8214070">
    <ele>162.8</ele>
   </trkpt>
   <trkpt lat="45.7307300" lon="4.8214150">
    <ele>163.0</ele>
   </trkpt>
   <trkpt lat="45.7306850" lon="4.8214320">
    <ele>163.2</ele>
   </trkpt>
   <trkpt lat="45.7306530" lon="4.8214480">
    <ele>163.4</ele>
   </trkpt>
   <trkpt lat="45.7306110" lon="4.8214660">
    <ele>163.6</ele>
   </trkpt>
   <trkpt lat="45.7305760" lon="4.8214830">
    <ele>163.6</ele>
   </trkpt>
   <trkpt lat="45.7305380" lon="4.8215060">
    <ele>163.8</ele>
   </trkpt>
   <trkpt lat="45.7305060" lon="4.8215300">
    <ele>164.0</ele>
   </trkpt>
   <trkpt lat="45.7304670" lon="4.8215500">
    <ele>164.2</ele>
   </trkpt>
   <trkpt lat="45.7304320" lon="4.8215720">
    <ele>164.4</ele>
   </trkpt>
   <trkpt lat="45.7303940" lon="4.8215850">
    <ele>164.6</ele>
   </trkpt>
   <trkpt lat="45.7303520" lon="4.8216000">
    <ele>164.8</ele>
   </trkpt>
   <trkpt lat="45.7303040" lon="4.8216170">
    <ele>164.8</ele>
   </trkpt>
   <trkpt lat="45.7302590" lon="4.8216350">
    <ele>164.8</ele>
   </trkpt>
   <trkpt lat="45.7302210" lon="4.8216500">
    <ele>164.8</ele>
   </trkpt>
   <trkpt lat="45.7301760" lon="4.8216670">
    <ele>165.0</ele>
   </trkpt>
   <trkpt lat="45.7301380" lon="4.8216780">
    <ele>165.0</ele>
   </trkpt>
   <trkpt lat="45.7300900" lon="4.8216880">
    <ele>165.0</ele>
   </trkpt>
   <trkpt lat="45.7300480" lon="4.8216980">
    <ele>165.0</ele>
   </trkpt>
   <trkpt lat="45.7300030" lon="4.8216980">
    <ele>164.8</ele>
   </trkpt>
   <trkpt lat="45.7299620" lon="4.8216980">
    <ele>164.8</ele>
   </trkpt>
   <trkpt lat="45.7299200" lon="4.8216940">
    <ele>164.6</ele>
   </trkpt>
   <trkpt lat="45.7298750" lon="4.8216900">
    <ele>164.6</ele>
   </trkpt>
   <trkpt lat="45.7298300" lon="4.8216780">
    <ele>164.6</ele>
   </trkpt>
   <trkpt lat="45.7297920" lon="4.8216600">
    <ele>164.6</ele>
   </trkpt>
   <trkpt lat="45.7297500" lon="4.8216380">
    <ele>164.6</ele>
   </trkpt>
   <trkpt lat="45.7297090" lon="4.8216220">
    <ele>164.6</ele>
   </trkpt>
   <trkpt lat="45.7296670" lon="4.8215980">
    <ele>164.4</ele>
   </trkpt>
   <trkpt lat="45.7296290" lon="4.8215730">
    <ele>164.2</ele>
   </trkpt>
   <trkpt lat="45.7295900" lon="4.8215460">
    <ele>164.0</ele>
   </trkpt>
   <trkpt lat="45.7295580" lon="4.8215150">
    <ele>164.2</ele>
   </trkpt>
   <trkpt lat="45.7295200" lon="4.8214860">
    <ele>163.8</ele>
   </trkpt>
   <trkpt lat="45.7294850" lon="4.8214530">
    <ele>163.8</ele>
   </trkpt>
   <trkpt lat="45.7294460" lon="4.8214240">
    <ele>163.8</ele>
   </trkpt>
   <trkpt lat="45.7294080" lon="4.8213970">
    <ele>163.8</ele>
   </trkpt>
   <trkpt lat="45.7293510" lon="4.8213530">
    <ele>163.6</ele>
   </trkpt>
   <trkpt lat="45.7293310" lon="4.8213370">
    <ele>163.8</ele>
   </trkpt>
   <trkpt lat="45.7292930" lon="4.8213100">
    <ele>163.6</ele>
   </trkpt>
   <trkpt lat="45.7292540" lon="4.8212980">
    <ele>163.6</ele>
   </trkpt>
   <trkpt lat="45.7292220" lon="4.8213080">
    <ele>164.0</ele>
   </trkpt>
   <trkpt lat="45.7291940" lon="4.8213350">
    <ele>164.0</ele>
   </trkpt>
   <trkpt lat="45.7291650" lon="4.8213800">
    <ele>164.0</ele>
   </trkpt>
   <trkpt lat="45.7291330" lon="4.8214200">
    <ele>164.0</ele>
   </trkpt>
   <trkpt lat="45.7291040" lon="4.8214640">
    <ele>164.4</ele>
   </trkpt>
   <trkpt lat="45.7290820" lon="4.8215060">
    <ele>164.6</ele>
   </trkpt>
   <trkpt lat="45.7290530" lon="4.8215630">
    <ele>164.6</ele>
   </trkpt>
   <trkpt lat="45.7290370" lon="4.8216050">
    <ele>164.6</ele>
   </trkpt>
   <trkpt lat="45.7290240" lon="4.8216780">
    <ele>164.6</ele>
   </trkpt>
   <trkpt lat="45.7290240" lon="4.8217350">
    <ele>164.8</ele>
   </trkpt>
   <trkpt lat="45.7290180" lon="4.8218020">
    <ele>164.8</ele>
   </trkpt>
   <trkpt lat="45.7290180" lon="4.8218620">
    <ele>164.8</ele>
   </trkpt>
   <trkpt lat="45.7290180" lon="4.8219280">
    <ele>165.0</ele>
   </trkpt>
   <trkpt lat="45.7290180" lon="4.8219920">
    <ele>165.2</ele>
   </trkpt>
   <trkpt lat="45.7290240" lon="4.8220580">
    <ele>165.2</ele>
   </trkpt>
   <trkpt lat="45.7290270" lon="4.8221220">
    <ele>165.4</ele>
   </trkpt>
   <trkpt lat="45.7290300" lon="4.8221900">
    <ele>165.4</ele>
   </trkpt>
   <trkpt lat="45.7290340" lon="4.8222450">
    <ele>165.2</ele>
   </trkpt>
   <trkpt lat="45.7290300" lon="4.8223070">
    <ele>165.2</ele>
   </trkpt>
   <trkpt lat="45.7290300" lon="4.8223970">
    <ele>164.8</ele>
   </trkpt>
   <trkpt lat="45.7290300" lon="4.8224280">
    <ele>164.8</ele>
   </trkpt>
   <trkpt lat="45.7290300" lon="4.8224850">
    <ele>164.8</ele>
   </trkpt>
   <trkpt lat="45.7290300" lon="4.8225480">
    <ele>165.0</ele>
   </trkpt>
   <trkpt lat="45.7290270" lon="4.8226050">
    <ele>165.0</ele>
   </trkpt>
   <trkpt lat="45.7290300" lon="4.8226650">
    <ele>165.0</ele>
   </trkpt>
   <trkpt lat="45.7290270" lon="4.8227270">
    <ele>165.2</ele>
   </trkpt>
   <trkpt lat="45.7290300" lon="4.8227900">
    <ele>165.2</ele>
   </trkpt>
   <trkpt lat="45.7290240" lon="4.8228520">
    <ele>165.2</ele>
   </trkpt>
   <trkpt lat="45.7290110" lon="4.8229080">
    <ele>165.2</ele>
   </trkpt>
   <trkpt lat="45.7289920" lon="4.8229560">
    <ele>165.2</ele>
   </trkpt>
   <trkpt lat="45.7289700" lon="4.8229880">
    <ele>165.2</ele>
   </trkpt>
   <trkpt lat="45.7289470" lon="4.8230350">
    <ele>165.2</ele>
   </trkpt>
   <trkpt lat="45.7289180" lon="4.8230880">
    <ele>165.2</ele>
   </trkpt>
   <trkpt lat="45.7289090" lon="4.8231420">
    <ele>164.8</ele>
   </trkpt>
   <trkpt lat="45.7289090" lon="4.8231960">
    <ele>164.8</ele>
   </trkpt>
   <trkpt lat="45.7289090" lon="4.8232530">
    <ele>164.8</ele>
   </trkpt>
   <trkpt lat="45.7289060" lon="4.8233100">
    <ele>165.0</ele>
   </trkpt>
   <trkpt lat="45.7289060" lon="4.8233720">
    <ele>165.0</ele>
   </trkpt>
   <trkpt lat="45.7289020" lon="4.8234320">
    <ele>164.6</ele>
   </trkpt>
   <trkpt lat="45.7288960" lon="4.8234870">
    <ele>164.6</ele>
   </trkpt>
   <trkpt lat="45.7288930" lon="4.8235450">
    <ele>164.6</ele>
   </trkpt>
   <trkpt lat="45.7288740" lon="4.8236000">
    <ele>164.6</ele>
   </trkpt>
   <trkpt lat="45.7288770" lon="4.8236520">
    <ele>164.6</ele>
   </trkpt>
   <trkpt lat="45.7288860" lon="4.8236930">
    <ele>164.6</ele>
   </trkpt>
   <trkpt lat="45.7289150" lon="4.8237170">
    <ele>164.6</ele>
   </trkpt>
   <trkpt lat="45.7289540" lon="4.8237230">
    <ele>164.6</ele>
   </trkpt>
   <trkpt lat="45.7289950" lon="4.8237220">
    <ele>164.4</ele>
   </trkpt>
   <trkpt lat="45.7290430" lon="4.8237220">
    <ele>164.4</ele>
   </trkpt>
   <trkpt lat="45.7290880" lon="4.8237180">
    <ele>164.8</ele>
   </trkpt>
   <trkpt lat="45.7291300" lon="4.8237180">
    <ele>164.8</ele>
   </trkpt>
   <trkpt lat="45.7291810" lon="4.8237120">
    <ele>164.8</ele>
   </trkpt>
   <trkpt lat="45.7292220" lon="4.8237180">
    <ele>164.8</ele>
   </trkpt>
   <trkpt lat="45.7292640" lon="4.8237150">
    <ele>164.8</ele>
   </trkpt>
   <trkpt lat="45.7292990" lon="4.8237180">
    <ele>164.6</ele>
   </trkpt>
   <trkpt lat="45.7293440" lon="4.8237120">
    <ele>164.6</ele>
   </trkpt>
   <trkpt lat="45.7294160" lon="4.8237070">
    <ele>164.8</ele>
   </trkpt>
   <trkpt lat="45.7294400" lon="4.8237050">
    <ele>164.8</ele>
   </trkpt>
   <trkpt lat="45.7294880" lon="4.8237020">
    <ele>164.4</ele>
   </trkpt>
   <trkpt lat="45.7295260" lon="4.8237050">
    <ele>164.4</ele>
   </trkpt>
   <trkpt lat="45.7295680" lon="4.8236950">
    <ele>164.8</ele>
   </trkpt>
   <trkpt lat="45.7296130" lon="4.8236900">
    <ele>164.8</ele>
   </trkpt>
   <trkpt lat="45.7296700" lon="4.8236980">
    <ele>164.4</ele>
   </trkpt>
   <trkpt lat="45.7297120" lon="4.8237270">
    <ele>164.4</ele>
   </trkpt>
   <trkpt lat="45.7297440" lon="4.8237750">
    <ele>164.8</ele>
   </trkpt>
   <trkpt lat="45.7297570" lon="4.8238570">
    <ele>164.8</ele>
   </trkpt>
   <trkpt lat="45.7297600" lon="4.8239230">
    <ele>164.6</ele>
   </trkpt>
   <trkpt lat="45.7297500" lon="4.8239950">
    <ele>164.6</ele>
   </trkpt>
   <trkpt lat="45.7297500" lon="4.8240620">
    <ele>164.6</ele>
   </trkpt>
   <trkpt lat="45.7297440" lon="4.8241380">
    <ele>164.8</ele>
   </trkpt>
   <trkpt lat="45.7297570" lon="4.8241970">
    <ele>165.0</ele>
   </trkpt>
   <trkpt lat="45.7297660" lon="4.8242450">
    <ele>165.2</ele>
   </trkpt>
   <trkpt lat="45.7297890" lon="4.8242660">
    <ele>165.4</ele>
   </trkpt>
   <trkpt lat="45.7298210" lon="4.8242660">
    <ele>165.4</ele>
   </trkpt>
   <trkpt lat="45.7298560" lon="4.8242660">
    <ele>165.2</ele>
   </trkpt>
   <trkpt lat="45.7298980" lon="4.8242850">
    <ele>165.0</ele>
   </trkpt>
   <trkpt lat="45.7299260" lon="4.8243180">
    <ele>165.0</ele>
   </trkpt>
   <trkpt lat="45.7299490" lon="4.8243580">
    <ele>165.0</ele>
   </trkpt>
   <trkpt lat="45.7299650" lon="4.8244120">
    <ele>165.0</ele>
   </trkpt>
   <trkpt lat="45.7299830" lon="4.8244860">
    <ele>165.0</ele>
   </trkpt>
   <trkpt lat="45.7299870" lon="4.8245100">
    <ele>164.8</ele>
   </trkpt>
   <trkpt lat="45.7299840" lon="4.8245570">
    <ele>164.8</ele>
   </trkpt>
   <trkpt lat="45.7299780" lon="4.8246100">
    <ele>164.8</ele>
   </trkpt>
   <trkpt lat="45.7299780" lon="4.8246560">
    <ele>165.0</ele>
   </trkpt>
   <trkpt lat="45.7299810" lon="4.8247030">
    <ele>165.4</ele>
   </trkpt>
   <trkpt lat="45.7299840" lon="4.8247530">
    <ele>165.6</ele>
   </trkpt>
   <trkpt lat="45.7299680" lon="4.8248230">
    <ele>165.6</ele>
   </trkpt>
   <trkpt lat="45.7299620" lon="4.8248820">
    <ele>165.6</ele>
   </trkpt>
   <trkpt lat="45.7299620" lon="4.8248820">
    <ele>165.6</ele>
   </trkpt>
  </trkseg>
 </trk>
</gpx>
